call_id,opp_id,owner_id,call_date,duration_minutes,direction,call_type,disposition,num_participants,talk_ratio_rep,longest_monologue_sec,question_count,next_steps_mentioned
1,4361,6,2023-07-31T12:45:00,26,Outbound,Discovery,Completed,6,0.64,218,2,False
2,2615,15,2024-12-19T15:15:00,58,Outbound,Technical Deep Dive,Rescheduled,1,,,0,False
3,42,9,2023-08-14T15:00:00,23,Outbound,Technical Deep Dive,Completed,2,0.42,210,11,False
4,1962,8,2023-08-24T15:15:00,47,Outbound,Technical Deep Dive,Completed,7,0.6,205,6,True
5,143,11,2024-10-05T13:15:00,0,Outbound,Technical Deep Dive,No Show,1,,,0,False
6,1491,9,2024-12-31T13:15:00,-38,Outbound,QBR,Completed,6,0.64,63,18,True
7,4804,14,2024-08-08T13:15:00,29,Inbound,Follow-Up,Completed,8,0.61,79,4,True
8,4421,4,2024-09-03T14:00:00,2,Inbound,Demo,Voicemail,1,,,0,False
9,2497,11,2023-11-01T14:45:00,15,Inbound,Demo,Completed,8,0.66,68,9,False
10,1931,1,2021-11-05T16:15:00,,Outbound,Discovery,Completed,3,0.42,91,15,True
11,49,1,2024-09-11T17:45:00,32,Inbound,Discovery,Completed,2,0.61,240,12,True
12,2343,4,2022-10-11T14:30:00,,Outbound,QBR,Completed,6,0.46,44,23,True
13,3796,10,2023-08-09T15:00:00,40,Inbound,Demo,Rescheduled,1,,,0,False
14,133,4,2024-05-20T09:15:00,36,Outbound,Check-In,Completed,5,0.55,206,12,True
15,3349,16,2024-03-22T15:00:00,45,Outbound,Discovery,Rescheduled,1,,,0,False
16,3634,16,2024-12-29T13:30:00,39,Outbound,Follow-Up,Completed,6,0.57,227,16,False
17,4608,8,2024-12-07T12:15:00,60,Inbound,QBR,Completed,5,0.34,89,20,True
18,3971,7,2024-04-10T10:15:00,34,Outbound,Check-In,Rescheduled,1,,,0,False
19,4872,13,2024-09-15T14:00:00,37,Outbound,Check-In,Completed,8,0.47,213,10,True
20,1419,2,2024-12-26T13:30:00,23,Outbound,Demo,Completed,2,0.32,233,22,True
21,4174,14,2024-02-11T13:00:00,41,Inbound,Negotiation,Rescheduled,1,,,0,False
22,3290,10,2024-06-02T15:45:00,28,Outbound,Negotiation,Completed,5,0.5,89,13,False
23,856,6,2024-08-19T14:15:00,56,Inbound,Check-In,Completed,8,0.43,169,9,False
24,2725,13,2024-12-27T13:15:00,57,Inbound,Follow-Up,Completed,2,1.31,102,13,False
25,168,8,2024-10-18T13:30:00,0,Outbound,QBR,No Show,1,,,0,False
26,4253,15,2022-08-24T08:15:00,42,Inbound,Technical Deep Dive,Rescheduled,1,,,0,False
27,4255,5,2024-08-07T13:00:00,15,Outbound,Demo,Completed,8,0.66,37,3,False
28,1856,7,2024-12-13T12:45:00,16,Inbound,Follow-Up,Completed,5,0.68,202,6,False
29,3015,10,2024-04-21T09:45:00,58,Outbound,Negotiation,Completed,2,0.62,74,7,False
30,4497,8,2024-08-18T11:30:00,34,Inbound,Follow-Up,Completed,7,0.34,50,22,False
31,955,7,2024-01-05T17:45:00,28,Inbound,Technical Deep Dive,Completed,8,0.44,204,5,True
32,2096,11,2024-12-17T09:00:00,20,Outbound,Demo,Completed,6,0.62,136,11,False
33,2288,4,2023-10-02T13:15:00,39,Outbound,Demo,Completed,6,0.77,58,14,False
34,280,8,2024-07-26T12:30:00,25,Outbound,Technical Deep Dive,Completed,5,0.45,209,8,False
35,1900,16,2024-12-12T13:15:00,53,Outbound,Demo,Completed,2,0.74,113,9,False
36,2389,1,2024-12-14T14:45:00,48,Inbound,Negotiation,Completed,4,0.36,172,18,True
37,547,10,2024-10-04T16:00:00,37,Inbound,Follow-Up,Completed,3,0.39,111,14,True
38,2199,3,2022-04-06T13:30:00,18,Outbound,Follow-Up,Completed,7,1.48,104,24,True
39,3769,8,2024-12-15T16:00:00,25,Outbound,Discovery,Rescheduled,1,,,0,False
40,2728,12,2024-09-16T12:00:00,2,Inbound,Check-In,Voicemail,1,,,0,False
41,1434,8,2024-12-12T13:45:00,0,Outbound,Technical Deep Dive,No Show,1,,,0,False
42,1124,2,2024-10-11T11:15:00,45,Outbound,Check-In,Completed,6,0.49,111,20,False
43,3644,3,2024-12-12T13:00:00,55,Outbound,Discovery,Completed,2,0.39,171,14,True
44,1683,11,2021-04-02T17:30:00,24,Inbound,Follow-Up,Completed,8,0.53,141,18,True
45,1257,4,2023-03-04T12:15:00,57,Outbound,Check-In,Completed,8,0.37,79,8,True
46,118,9,2023-12-13T10:00:00,,Inbound,Discovery,Rescheduled,1,,,0,False
47,3820,7,2023-06-14T10:00:00,46,Outbound,Technical Deep Dive,Completed,8,0.38,115,4,True
48,3641,10,2024-12-05T12:15:00,54,Outbound,Technical Deep Dive,Completed,5,0.43,114,13,False
49,4299,4,2024-12-19T14:30:00,15,Outbound,Negotiation,Completed,5,0.68,47,13,False
50,1023,9,2024-11-02T15:15:00,0,Outbound,Check-In,No Show,1,,,0,False
51,257,13,2022-07-25T14:30:00,50,Outbound,Negotiation,Completed,6,0.85,279,1,False
52,2170,8,2024-12-04T15:30:00,22,Inbound,QBR,Completed,4,0.46,101,17,False
53,2802,7,2024-07-04T14:45:00,46,Outbound,Technical Deep Dive,Completed,6,0.63,121,17,True
54,3864,4,2024-01-14T12:45:00,54,Outbound,Follow-Up,Completed,8,0.7,129,9,False
55,787,1,2022-03-02T15:15:00,25,Outbound,Technical Deep Dive,Completed,3,0.46,217,24,True
56,3635,15,2024-12-27T13:30:00,0,Outbound,Discovery,No Show,1,,,0,False
57,638,10,2022-04-21T10:45:00,34,Inbound,Demo,Completed,8,0.67,36,14,True
58,2650,2,2023-12-31T15:30:00,,Outbound,Technical Deep Dive,Completed,6,0.76,65,8,False
59,17,9,2022-04-12T15:45:00,17,Inbound,Check-In,Completed,4,0.64,173,3,False
60,3114,1,2024-07-26T13:30:00,26,Inbound,Negotiation,Completed,7,0.58,206,7,False
61,2778,4,2023-03-26T10:45:00,50,Outbound,Technical Deep Dive,Completed,4,1.17,115,20,False
62,440,11,2022-12-13T14:00:00,31,Outbound,Check-In,Completed,8,0.65,30,9,True
63,1736,10,2024-12-16T17:00:00,57,Outbound,Demo,Completed,3,0.45,176,10,True
64,1913,5,2024-12-06T14:00:00,1,Outbound,Discovery,Voicemail,1,,,0,False
65,1330,9,2024-08-27T10:45:00,35,Outbound,Check-In,Completed,8,0.39,226,17,False
66,2560,8,2022-12-07T09:00:00,41,Outbound,Demo,Completed,4,0.64,136,14,False
67,1868,7,2024-02-15T15:45:00,0,Outbound,Check-In,No Show,1,,,0,False
68,1228,8,2024-06-26T09:15:00,35,Outbound,Discovery,Rescheduled,1,,,0,False
69,744,3,2024-12-17T13:15:00,,Outbound,Technical Deep Dive,Completed,4,0.68,220,3,True
70,3502,14,2024-09-17T09:00:00,46,Outbound,Check-In,Completed,7,0.46,140,10,True
71,1226,11,2024-12-23T13:30:00,2,Outbound,Demo,Voicemail,1,,,0,False
72,2255,3,2024-12-09T10:00:00,38,Outbound,Negotiation,Rescheduled,1,,,0,False
73,3148,3,2030-06-15T10:00:00,29,Inbound,Technical Deep Dive,Completed,4,0.54,256,4,False
74,622,13,2024-01-09T12:45:00,28,Outbound,Technical Deep Dive,Completed,2,0.58,43,4,True
75,1594,2,2024-06-22T12:00:00,27,Outbound,Technical Deep Dive,Completed,6,0.48,111,15,True
76,2242,10,2024-12-10T12:15:00,59,Outbound,Discovery,Completed,4,0.63,209,15,True
77,3913,5,2024-10-24T12:00:00,60,Outbound,Check-In,Completed,5,0.47,51,8,False
78,1835,5,2022-10-12T14:15:00,53,Outbound,Check-In,Completed,8,0.5,197,11,True
79,432,13,2022-08-23T09:00:00,19,Outbound,Check-In,Rescheduled,1,,,0,False
80,4971,7,2024-08-22T13:15:00,49,Outbound,Technical Deep Dive,Completed,8,0.59,236,20,True
81,206,5,2024-09-21T12:30:00,43,Outbound,Negotiation,Completed,3,0.52,179,16,True
82,3020,1,2024-04-17T11:00:00,42,Outbound,QBR,Completed,6,0.33,51,4,True
83,4087,4,2023-05-01T09:30:00,60,Outbound,QBR,Completed,8,0.66,124,7,True
84,4390,13,2024-12-28T17:00:00,0,Outbound,Check-In,No Show,1,,,0,False
85,1693,13,2024-12-31T13:15:00,35,Inbound,Follow-Up,Completed,8,0.53,69,5,False
86,1860,16,2024-12-18T10:00:00,15,Outbound,Demo,Completed,8,0.44,182,7,True
87,1072,12,2024-08-02T15:45:00,1,Outbound,Discovery,Voicemail,1,,,0,False
88,240,12,2024-12-12T13:00:00,58,Outbound,Check-In,Completed,3,0.62,237,12,True
89,4164,1,2024-04-09T12:45:00,54,Inbound,Discovery,Rescheduled,1,,,0,False
90,4306,8,2023-10-16T14:15:00,18,Inbound,Negotiation,Completed,4,0.52,73,14,True
91,2902,4,2022-04-19T15:00:00,57,Outbound,Technical Deep Dive,Completed,2,0.43,178,14,True
92,4584,16,2024-12-21T11:15:00,1,Outbound,Negotiation,Voicemail,1,,,0,False
93,4,2,2024-08-05T11:30:00,,Inbound,Negotiation,Completed,6,0.46,54,18,True
94,4951,11,2024-05-02T14:45:00,0,Outbound,Negotiation,No Show,1,,,0,False
95,3293,2,2024-12-29T15:30:00,25,Outbound,Demo,Completed,4,0.32,171,13,False
96,195,6,2024-06-02T16:45:00,47,Outbound,Technical Deep Dive,Completed,5,0.47,218,4,False
97,769,10,2024-12-13T12:00:00,15,Inbound,Follow-Up,Completed,5,0.7,182,6,True
98,1790,1,2023-02-02T08:30:00,,Outbound,Demo,Completed,5,0.33,97,6,False
99,1335,9,2023-04-24T16:30:00,35,Outbound,Negotiation,Completed,7,0.46,107,15,False
100,2261,13,2024-04-19T12:15:00,54,Outbound,Check-In,Completed,8,0.54,240,8,False
101,2716,3,2021-11-20T08:15:00,33,Outbound,QBR,Rescheduled,1,,,0,False
102,2990,10,2024-05-14T14:45:00,-30,Outbound,Negotiation,Completed,4,0.48,130,13,False
103,1831,13,2024-05-11T13:15:00,30,Outbound,Negotiation,Completed,2,0.77,221,11,False
104,4575,8,2020-12-31T11:15:00,22,Outbound,Technical Deep Dive,Completed,5,0.45,172,19,True
105,2029,1,2024-11-09T13:15:00,46,Outbound,Technical Deep Dive,Rescheduled,1,,,0,False
106,756,8,2024-10-17T10:00:00,45,Outbound,Demo,Completed,8,0.55,154,19,False
107,2831,14,2023-02-18T11:15:00,0,Inbound,Demo,No Show,1,,,0,False
108,2969,6,2024-03-18T12:00:00,48,Outbound,QBR,Completed,5,0.68,140,11,False
109,633,16,2024-12-08T13:00:00,0,Outbound,Negotiation,No Show,1,,,0,False
110,3855,12,2023-04-08T14:30:00,52,Inbound,Check-In,Completed,7,0.75,208,4,False
111,2507,12,2022-09-26T12:15:00,43,Outbound,QBR,Completed,6,0.66,110,10,False
112,4627,8,2021-02-13T13:15:00,53,Outbound,QBR,Completed,7,0.75,160,11,True
113,3436,13,2023-02-06T14:00:00,40,Inbound,Demo,Completed,5,1.22,132,4,True
114,1018,14,2023-07-19T12:15:00,0,Inbound,Technical Deep Dive,No Show,1,,,0,False
115,2115,16,2024-12-27T10:45:00,57,Inbound,Follow-Up,Completed,5,0.69,119,10,True
116,3749,1,2023-09-12T13:00:00,53,Outbound,Negotiation,Completed,4,0.34,167,19,False
117,915,15,2023-12-23T12:30:00,3,Outbound,Negotiation,Voicemail,1,,,0,False
118,2182,1,2024-08-24T09:15:00,-20,Inbound,Check-In,Completed,5,0.53,210,24,True
119,1232,16,2024-12-17T12:45:00,15,Outbound,QBR,Completed,4,0.51,41,12,False
120,1362,12,2024-07-21T10:00:00,39,Outbound,QBR,Completed,5,1.05,127,9,True
121,4131,2,2024-12-23T09:30:00,0,Inbound,Discovery,No Show,1,,,0,False
122,1160,8,2024-04-05T12:00:00,0,Outbound,Check-In,No Show,1,,,0,False
123,33,14,2022-12-22T13:30:00,59,Outbound,Check-In,Completed,4,0.49,80,15,False
124,4121,12,2024-09-03T17:00:00,19,Inbound,Check-In,Completed,8,0.74,34,10,False
125,2913,8,2024-09-05T11:45:00,34,Outbound,Discovery,Completed,6,0.44,193,12,False
126,3113,5,2023-05-09T09:30:00,47,Outbound,Discovery,Completed,8,0.45,127,20,False
127,3468,3,2024-12-26T12:45:00,49,Outbound,Negotiation,Completed,6,0.38,37,14,False
128,588,6,2021-11-03T15:45:00,31,Outbound,Technical Deep Dive,Completed,3,0.35,103,15,True
129,4966,16,2024-05-18T15:00:00,56,Outbound,Negotiation,Completed,7,0.73,188,7,False
130,1017,12,2023-07-28T14:30:00,22,Outbound,Negotiation,Completed,6,0.48,115,8,True
131,3568,6,2024-12-18T10:00:00,55,Inbound,Discovery,Completed,7,0.59,96,7,False
132,3086,9,2024-12-01T12:00:00,,Inbound,Follow-Up,Rescheduled,1,,,0,False
133,4633,16,2024-09-13T10:45:00,34,Outbound,Follow-Up,Rescheduled,1,,,0,False
134,3599,2,2024-04-09T15:30:00,32,Outbound,Negotiation,Completed,7,1.16,39,19,True
135,994,1,2024-03-03T12:30:00,33,Inbound,Negotiation,Completed,5,0.31,88,20,True
136,2091,7,2024-07-16T09:00:00,27,Inbound,Follow-Up,Completed,2,0.58,31,5,True
137,1938,6,2024-10-27T16:15:00,29,Outbound,QBR,Completed,6,0.68,286,7,False
138,3774,7,2024-04-14T13:15:00,0,Outbound,Follow-Up,No Show,1,,,0,False
139,362,9,2023-12-14T14:15:00,29,Inbound,Follow-Up,Completed,8,0.46,226,9,True
140,2731,3,2024-11-20T10:45:00,0,Inbound,Demo,No Show,1,,,0,False
141,3656,10,2024-04-18T14:15:00,33,Outbound,Follow-Up,Completed,3,0.67,151,9,True
142,438,6,2030-06-15T10:00:00,20,Outbound,Negotiation,Completed,8,0.47,189,15,True
143,4605,6,2024-11-29T09:00:00,48,Inbound,QBR,Completed,7,0.48,134,20,True
144,808,1,2024-04-24T12:30:00,44,Outbound,Negotiation,Completed,8,0.46,75,10,True
145,201,7,2023-12-06T13:30:00,49,Inbound,Technical Deep Dive,Completed,2,0.6,83,9,False
146,4367,8,2024-09-15T15:45:00,46,Outbound,Technical Deep Dive,Completed,3,0.69,100,14,False
147,4030,7,2024-01-06T09:45:00,41,Outbound,Follow-Up,Completed,5,0.43,119,14,False
148,1320,6,2023-11-01T09:30:00,45,Inbound,QBR,Rescheduled,1,,,0,False
149,2231,15,2023-07-26T14:00:00,-31,Outbound,Follow-Up,Completed,4,0.66,145,4,False
150,890,3,2024-04-10T11:45:00,45,Outbound,Check-In,Completed,4,0.28,105,27,True
151,4973,14,2024-12-21T13:30:00,47,Inbound,QBR,Completed,5,0.64,94,8,True
152,60,10,2024-12-03T09:00:00,0,Outbound,Negotiation,No Show,1,,,0,False
153,432,13,2022-09-04T16:00:00,2,Outbound,QBR,Voicemail,1,,,0,False
154,3498,16,2024-12-17T11:00:00,18,Outbound,Demo,Completed,8,0.56,246,5,False
155,2821,9,2024-12-15T16:15:00,44,Outbound,Demo,Completed,5,0.53,110,12,True
156,1538,13,2024-02-07T16:45:00,39,Inbound,Negotiation,Rescheduled,1,,,0,False
157,3876,6,2024-12-23T14:00:00,49,Outbound,Follow-Up,Completed,8,0.4,223,6,False
158,406,2,2023-08-25T11:15:00,24,Outbound,Demo,Completed,3,0.64,68,13,False
159,360,3,2024-06-28T10:15:00,56,Outbound,Technical Deep Dive,Completed,4,0.47,68,4,True
160,3488,3,2024-03-18T13:30:00,42,Outbound,QBR,Completed,2,0.48,41,16,True
161,599,14,2024-08-12T13:15:00,34,Outbound,Negotiation,Completed,6,0.53,62,12,True
162,3373,8,2022-09-21T14:00:00,22,Outbound,Technical Deep Dive,Completed,8,0.64,168,4,True
163,1991,11,2024-03-12T12:15:00,,Outbound,Technical Deep Dive,Completed,7,0.5,39,12,True
164,4171,12,2024-12-04T15:15:00,2,Outbound,Check-In,Voicemail,1,,,0,False
165,2816,14,2024-10-12T13:30:00,45,Outbound,Technical Deep Dive,Completed,7,0.59,84,7,True
166,4597,5,2020-09-24T13:45:00,51,Inbound,Discovery,Completed,4,0.66,240,9,True
167,944,10,2024-12-04T15:45:00,0,Outbound,Follow-Up,No Show,1,,,0,False
168,2788,6,2024-01-24T10:15:00,0,Outbound,Negotiation,No Show,1,,,0,False
169,3280,1,2024-12-09T16:00:00,60,Inbound,Technical Deep Dive,Completed,8,0.63,171,15,True
170,4326,5,2024-10-15T12:45:00,57,Outbound,Follow-Up,Rescheduled,1,,,0,False
171,342,4,2023-08-09T15:15:00,51,Outbound,Discovery,Completed,2,0.5,192,16,False
172,4202,2,2024-12-13T12:00:00,37,Inbound,QBR,Rescheduled,1,,,0,False
173,4860,6,2022-12-13T15:00:00,29,Outbound,Discovery,Completed,7,0.59,194,18,True
174,259,12,2022-09-07T14:00:00,43,Outbound,Discovery,Completed,6,0.55,89,3,False
175,612,1,2022-03-24T09:00:00,31,Inbound,Technical Deep Dive,Rescheduled,1,,,0,False
176,4015,16,2024-12-05T14:45:00,39,Outbound,Demo,Completed,2,0.43,36,15,False
177,265,7,2024-08-01T11:30:00,31,Inbound,Discovery,Completed,4,0.56,37,20,True
178,1362,12,2024-08-26T10:00:00,46,Outbound,Technical Deep Dive,Completed,8,0.69,90,14,False
179,1745,9,2024-12-29T11:00:00,37,Outbound,Technical Deep Dive,Completed,2,0.78,88,1,False
180,1599,7,2023-12-15T14:45:00,17,Outbound,Technical Deep Dive,Completed,4,0.7,73,9,True
181,1020,2,2022-08-02T12:00:00,-19,Outbound,QBR,Completed,7,0.53,111,15,False
182,2044,12,2024-04-23T10:45:00,28,Outbound,Follow-Up,Rescheduled,1,,,0,False
183,3708,8,2023-03-04T15:15:00,55,Inbound,Negotiation,Completed,5,0.7,213,10,False
184,125,3,2024-12-21T10:45:00,38,Inbound,Demo,Rescheduled,1,,,0,False
185,1505,9,2024-12-10T11:45:00,50,Outbound,Technical Deep Dive,Completed,7,0.49,138,18,True
186,3497,14,2024-09-18T10:45:00,16,Outbound,Negotiation,Completed,7,0.46,54,9,False
187,4144,16,2024-12-10T16:00:00,53,Inbound,Technical Deep Dive,Completed,2,0.88,166,6,False
188,1524,5,2024-05-26T11:45:00,29,Inbound,Negotiation,Completed,3,0.62,168,18,True
189,2752,3,2022-12-01T14:15:00,58,Outbound,Follow-Up,Completed,4,0.68,58,3,False
190,342,4,2023-06-07T15:45:00,59,Outbound,Negotiation,Completed,7,0.55,204,18,True
191,2564,12,2023-04-07T10:15:00,35,Outbound,Check-In,Completed,3,0.52,219,5,False
192,4816,16,2024-12-08T12:15:00,40,Outbound,Negotiation,Completed,4,0.56,105,20,True
193,3991,16,2023-06-13T09:15:00,28,Inbound,QBR,Completed,2,0.42,51,9,False
194,2252,13,2030-06-15T10:00:00,57,Outbound,Check-In,Completed,4,0.56,50,7,False
195,2082,2,2024-12-22T14:45:00,20,Outbound,QBR,Completed,5,0.6,152,6,True
196,4005,15,2022-07-30T12:45:00,0,Outbound,Follow-Up,No Show,1,,,0,False
197,1944,16,2024-11-30T09:30:00,51,Outbound,Discovery,Completed,4,0.58,79,4,False
198,4726,2,2023-03-12T14:00:00,58,Inbound,QBR,Rescheduled,1,,,0,False
199,2686,3,2024-10-16T12:45:00,33,Inbound,QBR,Completed,2,0.51,93,20,False
200,4139,8,2023-06-16T10:00:00,40,Outbound,Discovery,Rescheduled,1,,,0,False
201,2337,4,2024-12-09T10:45:00,54,Outbound,Follow-Up,Completed,4,1.05,30,9,False
202,2037,1,2024-06-28T09:30:00,16,Outbound,QBR,Completed,2,0.32,184,8,True
203,2242,10,2024-11-03T17:15:00,53,Outbound,Negotiation,Completed,3,0.51,74,3,False
204,4778,5,2024-03-24T16:30:00,-38,Inbound,Discovery,Completed,5,0.46,136,6,True
205,149,16,2024-11-30T16:45:00,44,Outbound,Discovery,Rescheduled,1,,,0,False
206,1491,9,2024-12-26T10:45:00,51,Inbound,Negotiation,Completed,4,0.46,54,18,False
207,273,2,2024-12-15T13:30:00,18,Outbound,Negotiation,Rescheduled,1,,,0,False
208,3821,9,2023-03-03T10:45:00,0,Outbound,Follow-Up,No Show,1,,,0,False
209,3407,8,2024-12-16T13:00:00,40,Outbound,Negotiation,Completed,2,0.65,157,8,False
210,4922,16,2024-04-02T11:15:00,15,Outbound,Technical Deep Dive,Completed,2,0.53,76,16,False
211,1752,2,2023-04-04T12:30:00,-36,Outbound,Technical Deep Dive,Completed,6,1.28,205,4,True
212,515,14,2022-05-18T10:30:00,38,Inbound,Discovery,Completed,6,0.76,35,7,False
213,1471,8,2023-12-02T09:15:00,58,Outbound,Technical Deep Dive,Completed,5,0.72,169,12,False
214,2596,4,2024-10-23T11:15:00,,Outbound,QBR,Completed,6,0.37,81,19,False
215,1935,3,2024-10-22T10:30:00,2,Inbound,Demo,Voicemail,1,,,0,False
216,1060,1,2024-12-04T11:00:00,,Inbound,Negotiation,Completed,4,0.32,208,8,False
217,4266,16,2021-01-09T11:45:00,31,Outbound,Demo,Completed,5,0.59,210,15,True
218,1965,13,2024-10-19T10:00:00,36,Outbound,Technical Deep Dive,Completed,2,0.6,218,13,True
219,24,12,2022-09-12T10:45:00,2,Inbound,Discovery,Voicemail,1,,,0,False
220,501,9,2023-07-27T11:15:00,48,Inbound,QBR,Completed,5,0.46,119,11,True
221,2262,1,2020-07-03T14:45:00,45,Outbound,QBR,Completed,8,0.52,188,15,False
222,4065,4,2024-08-31T10:00:00,47,Outbound,Check-In,Completed,7,0.34,33,16,True
223,2034,8,2023-01-18T10:00:00,1,Outbound,Technical Deep Dive,Voicemail,1,,,0,False
224,2709,3,2024-11-22T12:30:00,15,Outbound,Technical Deep Dive,Completed,6,0.48,218,21,True
225,3592,9,2024-07-20T09:45:00,37,Outbound,Check-In,Completed,8,0.41,193,6,True
226,960,12,2024-12-05T16:30:00,46,Outbound,Check-In,Completed,4,0.69,161,16,False
227,773,10,2023-11-29T17:45:00,1,Outbound,Negotiation,Voicemail,1,,,0,False
228,3449,6,2024-12-28T16:00:00,26,Inbound,Discovery,Rescheduled,1,,,0,False
229,4707,5,2023-04-28T14:00:00,34,Outbound,Check-In,Completed,7,0.57,218,15,True
230,4146,1,2024-10-02T12:00:00,43,Inbound,Negotiation,Completed,2,0.59,89,20,False
231,23,8,2020-12-31T14:30:00,35,Inbound,QBR,Completed,2,0.56,235,14,False
232,3012,11,2022-12-16T12:30:00,40,Outbound,QBR,Rescheduled,1,,,0,False
233,92,14,2022-03-01T15:00:00,60,Outbound,Follow-Up,Rescheduled,1,,,0,False
234,2893,7,2024-12-13T13:45:00,47,Inbound,Discovery,Completed,4,0.72,205,9,False
235,2512,3,2024-12-22T15:30:00,55,Outbound,Check-In,Completed,7,0.48,236,16,True
236,2596,4,2024-12-14T14:00:00,0,Outbound,Discovery,No Show,1,,,0,False
237,4242,11,2022-10-04T10:15:00,23,Outbound,QBR,Completed,6,0.66,55,9,True
238,4115,9,2024-03-03T13:00:00,,Inbound,QBR,Completed,5,0.42,102,9,True
239,3483,5,2024-06-24T13:45:00,41,Outbound,Discovery,Completed,5,0.65,107,18,False
240,4008,6,2024-06-09T13:00:00,34,Outbound,QBR,Completed,3,0.5,72,9,False
241,2932,11,2024-12-24T12:30:00,22,Outbound,QBR,Completed,2,0.57,197,15,False
242,2498,3,2024-08-29T11:15:00,55,Outbound,Demo,Completed,5,0.45,170,22,True
243,2601,13,2024-04-03T10:45:00,0,Outbound,Negotiation,No Show,1,,,0,False
244,3247,1,2021-09-16T12:30:00,49,Outbound,Discovery,Completed,2,0.36,49,22,True
245,3732,7,2024-06-18T14:15:00,2,Outbound,Discovery,Voicemail,1,,,0,False
246,620,5,2024-12-23T11:15:00,18,Outbound,Follow-Up,Completed,6,0.54,71,5,False
247,424,1,2024-10-17T14:00:00,58,Outbound,Follow-Up,Completed,3,0.57,92,6,False
248,3652,7,2023-12-27T14:45:00,50,Inbound,Discovery,Completed,5,0.62,122,16,True
249,4721,14,2022-11-05T12:30:00,38,Outbound,Follow-Up,Completed,7,0.64,284,6,False
250,2574,6,2022-12-23T10:45:00,27,Outbound,Demo,Completed,6,0.37,56,17,True
251,3110,6,2024-12-17T11:15:00,38,Inbound,Check-In,Rescheduled,1,,,0,False
252,4786,3,2023-06-15T11:45:00,46,Outbound,QBR,Completed,5,0.35,164,26,True
253,72,10,2021-04-18T15:30:00,59,Outbound,Discovery,Rescheduled,1,,,0,False
254,2630,12,2024-12-16T16:15:00,15,Outbound,Follow-Up,Completed,4,0.41,185,13,True
255,2401,10,2024-12-07T17:45:00,40,Outbound,Demo,Completed,3,0.39,104,6,False
256,3193,15,2024-02-24T14:45:00,0,Outbound,Demo,No Show,1,,,0,False
257,1765,12,2024-11-23T11:30:00,,Outbound,QBR,Completed,7,0.45,234,14,True
258,653,6,2023-09-26T10:00:00,38,Outbound,Technical Deep Dive,Rescheduled,1,,,0,False
259,1156,14,2030-06-15T10:00:00,54,Outbound,Check-In,Completed,4,0.69,187,9,False
260,430,2,2024-12-13T10:30:00,33,Inbound,Negotiation,Completed,6,0.33,232,18,False
261,106,11,2022-06-17T10:15:00,59,Inbound,Technical Deep Dive,Rescheduled,1,,,0,False
262,1113,2,2024-12-01T12:00:00,38,Outbound,Follow-Up,Completed,3,0.3,55,4,False
263,3188,11,2022-07-29T12:15:00,57,Outbound,QBR,Completed,2,0.84,57,13,False
264,2111,16,2024-08-01T12:45:00,41,Outbound,Technical Deep Dive,Completed,4,0.71,65,2,False
265,4108,16,2023-07-25T08:45:00,47,Inbound,Demo,Completed,2,0.56,194,8,False
266,407,2,2024-12-23T15:00:00,21,Outbound,Check-In,Completed,6,0.35,219,14,False
267,210,8,2024-09-23T13:45:00,17,Inbound,Discovery,Completed,7,0.6,221,14,True
268,4132,11,2024-04-08T12:30:00,31,Outbound,Technical Deep Dive,Completed,5,0.65,71,12,False
269,738,14,2024-11-01T11:15:00,36,Outbound,Technical Deep Dive,Completed,8,0.65,169,13,False
270,1261,16,2024-06-29T15:15:00,45,Inbound,Discovery,Completed,3,0.61,207,4,False
271,2311,6,2022-10-05T11:15:00,42,Inbound,Negotiation,Completed,2,0.37,63,10,False
272,337,2,2024-06-15T09:00:00,47,Outbound,Follow-Up,Completed,6,1.38,127,18,True
273,2812,16,2024-12-05T11:15:00,45,Outbound,Check-In,Completed,6,0.44,35,9,False
274,1941,3,2024-12-23T15:45:00,40,Inbound,QBR,Completed,5,0.31,120,4,True
275,3888,13,2024-12-26T14:45:00,0,Outbound,Check-In,No Show,1,,,0,False
276,4310,6,2024-10-02T13:15:00,45,Outbound,Demo,Completed,7,0.66,98,10,False
277,4815,9,2024-08-12T15:45:00,19,Outbound,Negotiation,Completed,3,0.39,38,10,True
278,4121,12,2024-11-21T14:15:00,51,Inbound,Negotiation,Completed,8,0.75,135,3,False
279,800,12,2024-03-19T15:30:00,36,Outbound,Technical Deep Dive,Rescheduled,1,,,0,False
280,2601,13,2024-03-12T17:15:00,50,Outbound,Discovery,Completed,6,0.44,106,16,True
281,1272,5,2022-10-18T14:15:00,42,Outbound,Check-In,Completed,6,0.5,208,12,False
282,4412,12,2022-08-21T15:00:00,2,Outbound,Negotiation,Voicemail,1,,,0,False
283,1399,5,2024-06-22T13:45:00,15,Inbound,Demo,Completed,2,0.46,158,14,False
284,4797,14,2024-09-27T10:45:00,30,Inbound,Discovery,Completed,2,0.46,130,11,True
285,1674,8,2024-12-15T15:30:00,30,Outbound,Follow-Up,Completed,3,0.32,83,11,True
286,647,9,2022-06-08T09:45:00,49,Outbound,Follow-Up,Completed,4,0.68,94,5,False
287,3454,9,2024-12-11T11:30:00,57,Outbound,QBR,Completed,4,0.6,102,11,False
288,4757,10,2023-07-11T16:15:00,,Inbound,Demo,Completed,8,0.59,147,14,False
289,3582,8,2024-12-25T14:15:00,-24,Outbound,Technical Deep Dive,Completed,8,1.24,154,7,False
290,173,7,2023-08-09T11:15:00,36,Outbound,Demo,Rescheduled,1,,,0,False
291,3046,4,2024-12-03T15:15:00,50,Outbound,QBR,Completed,7,0.41,103,16,True
292,2832,7,2024-01-06T15:45:00,19,Outbound,Check-In,Completed,8,0.65,61,16,False
293,2470,4,2024-07-23T13:15:00,0,Outbound,Negotiation,No Show,1,,,0,False
294,1247,6,2024-12-14T16:00:00,26,Inbound,QBR,Completed,5,0.44,233,16,True
295,1164,7,2024-12-02T12:15:00,1,Outbound,Check-In,Voicemail,1,,,0,False
296,3611,5,2024-09-28T11:30:00,49,Inbound,Check-In,Completed,8,0.66,107,4,False
297,123,14,2024-05-02T09:15:00,15,Outbound,Check-In,Completed,6,0.44,59,11,False
298,2809,4,2024-09-02T14:30:00,40,Outbound,Check-In,Rescheduled,1,,,0,False
299,4007,8,2022-08-11T08:45:00,52,Outbound,Check-In,Completed,7,0.54,203,14,False
300,3317,5,2024-10-29T11:45:00,1,Outbound,Discovery,Voicemail,1,,,0,False
301,4432,7,2024-06-09T12:45:00,-43,Outbound,Negotiation,Rescheduled,1,,,0,False
302,559,1,2024-07-05T10:45:00,31,Outbound,Follow-Up,Completed,7,0.52,51,9,True
303,3464,16,2030-06-15T10:00:00,22,Inbound,Check-In,Rescheduled,1,,,0,False
304,2641,2,2024-12-14T15:45:00,22,Outbound,Negotiation,Completed,3,0.49,88,15,False
305,4062,10,2030-06-15T10:00:00,26,Outbound,Check-In,Completed,8,0.41,121,17,False
306,2096,11,2024-11-07T10:30:00,3,Outbound,Demo,Voicemail,1,,,0,False
307,4425,16,2024-12-28T08:30:00,37,Outbound,QBR,Completed,2,0.83,197,8,False
308,3011,14,2024-12-16T14:45:00,32,Outbound,Negotiation,Completed,4,0.48,188,9,False
309,1619,6,2024-12-25T13:45:00,50,Inbound,Check-In,Completed,2,0.53,141,11,False
310,1935,3,2024-08-14T16:30:00,23,Outbound,Demo,Completed,8,0.35,134,8,True
311,2735,4,2022-01-23T13:45:00,57,Outbound,Discovery,Completed,4,0.43,30,17,True
312,3327,2,2023-11-17T16:45:00,48,Outbound,Check-In,Completed,6,0.3,191,13,True
313,3321,15,2024-12-28T09:15:00,58,Outbound,Discovery,Completed,6,0.74,101,6,False
314,442,12,2024-07-02T13:30:00,25,Inbound,Technical Deep Dive,Completed,5,0.86,120,9,False
315,466,5,2024-04-11T15:00:00,23,Outbound,Discovery,Completed,7,0.63,149,10,True
316,468,12,2023-09-16T14:00:00,37,Outbound,Technical Deep Dive,Completed,7,0.61,188,10,True
317,3151,3,2024-11-13T12:45:00,,Outbound,Check-In,Completed,6,0.61,144,22,True
318,1187,1,2022-06-30T11:45:00,0,Outbound,Check-In,No Show,1,,,0,False
319,4063,14,2024-12-16T13:00:00,60,Outbound,Negotiation,Completed,5,0.83,200,10,False
320,397,2,2024-12-02T16:30:00,40,Outbound,Check-In,Completed,6,1.28,144,6,False
321,2253,14,2024-06-18T15:30:00,48,Outbound,Check-In,Completed,3,0.6,152,8,True
322,1558,4,2024-12-24T14:15:00,25,Outbound,Technical Deep Dive,Completed,4,0.49,166,18,True
323,3552,2,2023-11-04T11:30:00,50,Outbound,Demo,Completed,6,0.49,110,9,True
324,2077,16,2023-09-23T13:15:00,23,Outbound,Discovery,Completed,2,0.66,59,14,True
325,3892,10,2024-11-22T12:30:00,27,Outbound,Follow-Up,Completed,8,0.47,239,7,False
326,2001,5,2024-10-12T15:45:00,18,Outbound,QBR,Rescheduled,1,,,0,False
327,4091,12,2023-09-25T10:15:00,60,Outbound,Follow-Up,Completed,7,0.41,99,16,False
328,836,5,2024-09-18T12:30:00,59,Outbound,Negotiation,Completed,3,0.55,145,14,False
329,3914,10,2023-02-16T16:45:00,29,Outbound,Check-In,Completed,2,0.67,169,8,False
330,2405,3,2024-12-05T15:30:00,45,Outbound,Discovery,Completed,8,0.32,70,21,True
331,2413,2,2024-12-16T12:15:00,27,Outbound,Check-In,Completed,4,0.63,171,19,False
332,1053,5,2023-09-09T14:45:00,26,Outbound,Negotiation,Completed,2,0.66,239,5,False
333,852,9,2024-04-28T11:15:00,50,Inbound,Negotiation,Completed,5,0.66,164,14,True
334,2969,6,2024-03-17T11:00:00,41,Outbound,Follow-Up,Rescheduled,1,,,0,False
335,1569,8,2024-12-14T10:45:00,59,Outbound,QBR,Completed,3,0.52,166,16,False
336,2973,5,2024-07-02T14:15:00,22,Outbound,Discovery,Completed,3,0.38,159,9,False
337,3313,1,2024-04-06T15:30:00,36,Outbound,QBR,Rescheduled,1,,,0,False
338,3846,9,2024-12-03T10:00:00,20,Outbound,Negotiation,Completed,7,0.67,160,1,False
339,3400,4,2023-05-11T13:00:00,40,Outbound,Discovery,Completed,5,0.63,234,7,False
340,4718,6,2024-02-20T09:15:00,1,Inbound,Follow-Up,Voicemail,1,,,0,False
341,1070,16,2022-02-23T15:45:00,33,Inbound,Demo,Rescheduled,1,,,0,False
342,2292,2,2024-05-15T16:45:00,22,Outbound,Check-In,Completed,3,0.6,98,24,True
343,368,13,2024-12-15T13:45:00,26,Inbound,Check-In,Completed,8,0.73,174,4,True
344,145,3,2024-12-07T13:00:00,38,Outbound,Check-In,Rescheduled,1,,,0,False
345,1245,2,2024-11-07T16:00:00,32,Outbound,QBR,Completed,8,0.39,88,8,True
346,377,4,2023-08-25T11:30:00,58,Inbound,Negotiation,Completed,7,0.44,154,21,False
347,3188,11,2022-07-11T13:00:00,53,Inbound,QBR,Completed,6,0.78,47,5,False
348,1976,4,2024-08-10T16:00:00,0,Outbound,Negotiation,No Show,1,,,0,False
349,2862,9,2023-05-05T11:30:00,24,Inbound,Negotiation,Rescheduled,1,,,0,False
350,1668,5,2024-08-26T10:15:00,0,Outbound,QBR,No Show,1,,,0,False
351,424,1,2024-09-12T15:15:00,32,Outbound,QBR,Completed,3,0.55,30,12,True
352,790,10,2024-04-22T16:30:00,20,Inbound,Follow-Up,Completed,2,0.65,214,18,False
353,49,1,2024-07-20T12:15:00,50,Outbound,Check-In,Completed,4,0.61,96,13,True
354,4742,10,2024-04-30T16:15:00,32,Outbound,Discovery,Completed,3,0.42,41,5,True
355,1408,7,2021-07-01T16:00:00,26,Outbound,Follow-Up,Rescheduled,1,,,0,False
356,3964,14,2024-12-04T13:00:00,58,Outbound,Follow-Up,Completed,3,0.7,70,14,True
357,2416,9,2024-10-30T08:30:00,58,Outbound,Discovery,Completed,2,0.42,194,15,True
358,4379,1,2024-12-16T15:15:00,55,Outbound,QBR,Completed,6,0.51,69,18,True
359,1510,16,2024-12-24T14:15:00,47,Outbound,Demo,Completed,4,0.42,153,4,False
360,2300,15,2024-09-18T09:45:00,25,Inbound,Check-In,Completed,2,0.71,164,13,True
361,192,16,2024-07-09T13:30:00,40,Outbound,Demo,Completed,7,0.57,205,11,True
362,1876,7,2024-09-01T10:00:00,17,Inbound,Demo,Completed,3,0.39,68,4,True
363,987,4,2021-05-22T12:15:00,50,Outbound,QBR,Completed,6,0.67,150,4,False
364,3287,9,2024-10-28T14:45:00,0,Outbound,Discovery,No Show,1,,,0,False
365,2183,2,2024-08-25T12:15:00,17,Inbound,Demo,Completed,4,0.64,153,10,False
366,3725,8,2022-01-03T11:00:00,0,Outbound,Discovery,No Show,1,,,0,False
367,3668,1,2024-11-05T08:45:00,18,Inbound,Discovery,Completed,4,0.39,144,18,True
368,1518,10,2024-02-21T11:30:00,34,Inbound,Check-In,Completed,6,0.67,103,5,True
369,2835,15,2024-12-03T09:30:00,34,Inbound,Technical Deep Dive,Completed,8,0.63,91,7,False
370,1354,16,2024-07-10T14:00:00,46,Outbound,QBR,Completed,8,0.64,41,15,False
371,4327,14,2023-10-25T12:45:00,16,Outbound,Follow-Up,Rescheduled,1,,,0,False
372,4584,16,2024-12-02T12:45:00,18,Outbound,Check-In,Completed,4,0.73,65,12,False
373,471,9,2024-12-06T14:15:00,55,Outbound,Demo,Completed,3,0.44,65,3,False
374,761,16,2024-12-15T14:00:00,21,Outbound,Discovery,Completed,6,0.57,123,3,False
375,748,2,2024-10-15T11:30:00,41,Outbound,Check-In,Completed,2,0.43,213,20,True
376,3746,4,2024-11-25T14:45:00,0,Outbound,Check-In,No Show,1,,,0,False
377,860,1,2030-06-15T10:00:00,55,Outbound,Check-In,Completed,4,0.45,113,13,True
378,3634,16,2024-12-13T12:45:00,60,Outbound,Follow-Up,Completed,2,0.63,87,13,False
379,3156,3,2024-06-06T09:30:00,,Outbound,Negotiation,No Show,1,,,0,False
380,118,9,2024-02-29T16:30:00,41,Inbound,Negotiation,Rescheduled,1,,,0,False
381,1615,9,2024-04-13T16:30:00,16,Outbound,Discovery,Completed,2,0.54,129,10,False
382,2637,1,2024-03-05T11:15:00,18,Outbound,Negotiation,Completed,5,0.42,85,15,True
383,622,12,2024-09-10T10:00:00,18,Outbound,Demo,Rescheduled,1,,,0,False
384,3894,3,2024-12-31T15:15:00,35,Outbound,Follow-Up,Completed,7,0.49,31,8,False
385,4975,14,2022-04-12T16:45:00,16,Outbound,Discovery,Completed,3,0.43,35,14,False
386,2692,2,2024-12-08T15:30:00,24,Inbound,QBR,Completed,7,0.45,215,12,False
387,1890,9,2024-10-30T11:30:00,49,Outbound,Negotiation,Completed,2,0.48,92,17,True
388,1830,7,2030-06-15T10:00:00,-20,Outbound,Demo,Completed,2,0.74,272,7,False
389,350,13,2023-10-09T14:30:00,39,Outbound,Negotiation,Completed,8,0.74,207,11,False
390,4404,6,2024-08-22T15:30:00,32,Outbound,Check-In,Completed,6,0.45,101,11,True
391,598,13,2024-12-14T09:30:00,26,Outbound,Demo,Completed,3,0.84,176,5,False
392,1073,10,2022-02-26T13:30:00,47,Outbound,Discovery,Completed,5,0.47,240,10,True
393,1862,16,2024-12-26T11:45:00,47,Outbound,Negotiation,Completed,7,0.68,221,16,False
394,4173,13,2024-06-29T11:00:00,44,Inbound,Check-In,Completed,5,0.71,59,13,False
395,1604,1,2024-05-15T13:30:00,20,Outbound,Negotiation,Completed,6,0.46,38,19,False
396,1330,15,2024-11-18T08:30:00,56,Outbound,Check-In,Completed,8,0.73,51,4,True
397,4362,7,2024-12-16T16:00:00,50,Outbound,Technical Deep Dive,Completed,7,0.61,112,11,False
398,1180,1,2024-10-28T10:45:00,53,Inbound,Demo,Completed,3,0.37,188,8,False
399,3028,5,2024-10-26T11:45:00,33,Outbound,Discovery,Completed,5,0.64,186,6,True
400,2304,12,2024-08-23T16:00:00,49,Outbound,Technical Deep Dive,Completed,2,0.51,115,14,True
401,394,13,2023-05-08T14:45:00,36,Outbound,Technical Deep Dive,Completed,6,0.81,261,4,False
402,1988,16,2024-09-23T14:00:00,17,Outbound,Follow-Up,Completed,5,0.56,84,7,True
403,3271,7,2024-06-09T09:00:00,0,Outbound,Discovery,No Show,1,,,0,False
404,1347,6,2024-07-06T13:30:00,27,Outbound,Follow-Up,Completed,4,0.44,198,4,False
405,2998,2,2022-10-04T11:15:00,44,Inbound,QBR,Completed,6,0.71,82,14,False
406,362,9,2023-12-04T13:30:00,40,Outbound,Technical Deep Dive,Completed,2,0.41,47,3,False
407,720,10,2023-04-11T10:30:00,35,Outbound,QBR,Rescheduled,1,,,0,False
408,4736,15,2024-08-23T17:00:00,28,Outbound,Follow-Up,Completed,7,0.66,240,11,True
409,3499,16,2024-12-30T14:15:00,3,Outbound,Negotiation,Voicemail,1,,,0,False
410,1013,7,2024-12-28T12:15:00,52,Outbound,Discovery,Completed,8,0.67,56,20,False
411,4143,6,2022-10-18T16:15:00,-28,Inbound,Follow-Up,Completed,2,0.36,197,11,False
412,1888,8,2023-12-20T11:30:00,49,Outbound,Negotiation,Rescheduled,1,,,0,False
413,2760,15,2024-12-21T10:30:00,41,Outbound,Negotiation,Completed,2,0.53,240,7,True
414,1412,1,2024-08-30T11:30:00,42,Outbound,Technical Deep Dive,Completed,8,0.51,116,8,False
415,1333,8,2023-03-16T11:45:00,22,Outbound,Check-In,Completed,2,0.57,135,5,True
416,952,7,2024-08-10T16:00:00,21,Outbound,Check-In,Completed,8,0.68,154,8,True
417,1957,13,2021-02-12T16:15:00,29,Inbound,QBR,Completed,5,0.75,220,14,True
418,568,7,2023-05-19T15:30:00,57,Outbound,QBR,Completed,6,0.53,141,23,True
419,4040,1,2022-10-10T11:45:00,32,Outbound,Demo,Completed,5,0.39,148,19,True
420,2931,12,2024-12-30T17:30:00,35,Inbound,Demo,Completed,3,0.65,118,12,False
421,3213,2,2023-08-21T17:00:00,17,Outbound,Check-In,Completed,3,0.61,213,6,True
422,267,6,2023-06-07T15:30:00,34,Outbound,Technical Deep Dive,Completed,5,0.78,191,4,True
423,4459,5,2024-06-20T11:15:00,26,Outbound,Follow-Up,Completed,3,0.68,144,6,False
424,1481,13,2023-09-06T10:30:00,21,Outbound,Check-In,Completed,3,0.51,45,4,False
425,657,12,2024-04-17T14:00:00,0,Outbound,Follow-Up,No Show,1,,,0,False
426,3253,13,2024-12-14T12:30:00,54,Inbound,Technical Deep Dive,Completed,7,0.57,200,5,True
427,436,15,2024-12-20T10:15:00,51,Outbound,Demo,Completed,5,0.7,142,13,False
428,700,4,2024-10-10T11:45:00,54,Inbound,Technical Deep Dive,Completed,5,0.69,66,6,False
429,4475,14,2021-11-13T09:30:00,41,Outbound,QBR,Completed,3,0.5,78,12,False
430,2283,3,2024-11-11T15:00:00,53,Outbound,Negotiation,Completed,3,0.51,150,7,True
431,4498,5,2024-12-12T14:15:00,3,Outbound,Demo,Voicemail,1,,,0,False
432,508,9,2022-02-10T13:30:00,16,Outbound,Negotiation,Completed,4,0.63,211,17,False
433,2734,5,2024-10-31T08:00:00,45,Outbound,Negotiation,Completed,3,1.18,104,11,True
434,3379,5,2023-04-03T13:30:00,49,Outbound,Technical Deep Dive,Completed,6,0.5,126,19,True
435,1285,5,2024-08-19T10:45:00,19,Outbound,Discovery,Completed,8,0.49,42,14,False
436,3458,1,2022-05-04T10:45:00,16,Inbound,Technical Deep Dive,Completed,6,0.51,135,8,False
437,1725,3,2023-03-06T16:45:00,56,Outbound,QBR,Completed,6,0.63,177,18,True
438,499,14,2024-10-07T09:00:00,55,Inbound,Negotiation,Completed,7,0.76,215,11,False
439,2749,7,2021-12-24T12:00:00,56,Outbound,Demo,Completed,5,0.69,128,5,False
440,3373,8,2022-10-21T17:30:00,29,Outbound,Technical Deep Dive,Completed,8,0.48,153,17,True
441,3009,11,2021-09-22T09:15:00,,Outbound,Follow-Up,Completed,4,0.34,131,15,False
442,4600,9,2024-12-25T14:00:00,53,Outbound,Follow-Up,Completed,7,0.77,133,3,False
443,3453,7,2022-07-15T12:00:00,50,Outbound,Negotiation,Completed,4,0.49,153,11,True
444,2728,12,2024-09-23T14:45:00,33,Outbound,Check-In,Completed,3,0.49,67,8,True
445,2772,7,2024-12-14T11:45:00,28,Outbound,Technical Deep Dive,Completed,6,0.65,179,7,False
446,1580,15,2024-08-05T15:15:00,25,Outbound,Check-In,Completed,7,0.6,198,7,False
447,1351,5,2023-11-10T12:45:00,0,Outbound,Technical Deep Dive,No Show,1,,,0,False
448,70,16,2024-12-06T14:15:00,57,Outbound,Negotiation,Completed,7,0.71,152,16,True
449,3980,1,2024-06-23T13:15:00,51,Outbound,Technical Deep Dive,Rescheduled,1,,,0,False
450,2181,12,2024-01-20T11:15:00,55,Outbound,Follow-Up,Completed,2,0.49,208,11,True
451,155,15,2024-12-30T12:15:00,0,Outbound,Follow-Up,No Show,1,,,0,False
452,2262,1,2020-06-05T11:30:00,15,Inbound,Check-In,Completed,2,0.48,218,12,False
453,2537,2,2024-10-11T09:45:00,22,Outbound,Technical Deep Dive,Completed,8,0.6,133,16,True
454,4257,10,2024-09-04T14:45:00,0,Outbound,Follow-Up,No Show,1,,,0,False
455,2674,15,2024-12-07T09:30:00,0,Outbound,Check-In,No Show,1,,,0,False
456,2151,14,2020-12-01T15:00:00,0,Outbound,Discovery,No Show,1,,,0,False
457,2676,10,2024-07-21T14:00:00,27,Inbound,Discovery,Completed,4,0.56,226,12,True
458,1250,3,2024-12-13T10:45:00,18,Inbound,Follow-Up,Completed,6,0.53,61,14,True
459,1772,11,2022-07-24T09:00:00,48,Inbound,QBR,Rescheduled,1,,,0,False
460,698,12,2022-06-25T13:15:00,32,Outbound,Follow-Up,Completed,6,0.69,73,17,False
461,663,15,2024-11-24T15:30:00,42,Outbound,Follow-Up,Completed,7,0.43,158,14,False
462,1660,6,2024-11-09T13:30:00,25,Inbound,Check-In,Completed,3,0.53,123,15,False
463,584,16,2024-12-26T13:30:00,58,Outbound,Demo,Completed,2,0.59,129,12,False
464,1359,12,2024-02-04T10:00:00,1,Outbound,Check-In,Voicemail,1,,,0,False
465,2,15,2024-12-08T09:15:00,0,Outbound,Technical Deep Dive,No Show,1,,,0,False
466,538,7,2024-06-04T08:15:00,32,Outbound,Check-In,Completed,2,0.45,153,7,False
467,1393,13,2024-12-27T11:00:00,34,Outbound,Negotiation,Completed,3,0.66,145,4,False
468,4952,4,2024-11-11T15:45:00,44,Outbound,Follow-Up,Completed,2,0.69,98,13,False
469,2339,7,2023-05-21T16:30:00,,Outbound,Demo,Completed,6,0.5,45,20,True
470,753,6,2024-12-29T14:30:00,2,Outbound,Demo,Voicemail,1,,,0,False
471,1787,1,2024-11-07T10:15:00,41,Outbound,Demo,Rescheduled,1,,,0,False
472,1542,13,2023-01-30T12:00:00,26,Outbound,Discovery,Completed,5,0.66,187,2,False
473,108,7,2024-10-14T16:30:00,42,Inbound,Discovery,Completed,7,0.5,210,13,False
474,1569,8,2024-12-20T09:00:00,38,Inbound,Demo,Rescheduled,1,,,0,False
475,4688,16,2024-12-29T15:45:00,34,Outbound,Technical Deep Dive,Completed,3,0.36,180,12,False
476,2493,12,2024-11-04T10:30:00,35,Outbound,Discovery,Completed,4,0.73,98,12,False
477,560,9,2024-12-28T15:45:00,40,Outbound,Follow-Up,Completed,5,0.58,289,6,True
478,2305,12,2023-06-22T11:15:00,57,Outbound,Technical Deep Dive,Completed,2,0.73,46,3,True
479,3992,7,2023-11-01T09:15:00,49,Outbound,Check-In,Rescheduled,1,,,0,False
480,4169,4,2022-03-07T14:00:00,46,Outbound,Technical Deep Dive,Completed,3,0.75,235,7,True
481,1934,14,2023-09-20T15:15:00,51,Inbound,Demo,Completed,5,0.8,139,9,False
482,3451,2,2021-08-16T11:00:00,0,Outbound,Follow-Up,No Show,1,,,0,False
483,4777,5,2024-12-30T12:45:00,36,Inbound,Demo,Completed,3,0.68,133,8,False
484,2628,13,2022-09-09T12:45:00,26,Inbound,Check-In,Completed,5,1.2,36,9,True
485,4209,8,2024-12-09T13:15:00,20,Outbound,Negotiation,Completed,8,0.66,177,19,True
486,571,5,2023-07-18T11:45:00,41,Outbound,Follow-Up,Rescheduled,1,,,0,False
487,4444,5,2024-12-07T08:45:00,32,Outbound,Demo,Completed,8,0.64,221,15,True
488,489,2,2023-07-06T13:30:00,39,Outbound,Demo,Completed,7,0.64,232,12,True
489,4581,1,2024-11-16T11:45:00,19,Inbound,Negotiation,Completed,4,0.41,103,8,False
490,3766,12,2022-06-14T12:00:00,50,Outbound,Discovery,Completed,7,0.57,130,20,True
491,3165,12,2024-11-06T11:00:00,15,Outbound,Discovery,Completed,7,0.67,35,12,False
492,559,1,2024-04-06T11:45:00,45,Inbound,Check-In,Rescheduled,1,,,0,False
493,813,5,2024-06-09T15:45:00,54,Outbound,Follow-Up,Completed,3,0.49,90,7,True
494,2211,12,2024-12-01T14:15:00,0,Outbound,Technical Deep Dive,No Show,1,,,0,False
495,3445,10,2022-05-02T11:45:00,47,Inbound,Follow-Up,Completed,8,0.7,170,14,False
496,4202,2,2024-12-07T13:30:00,19,Outbound,QBR,Completed,6,0.45,144,19,False
497,4933,1,2023-06-11T12:00:00,55,Inbound,Demo,Completed,7,0.54,176,7,False
498,4188,15,2024-12-10T13:15:00,,Inbound,Negotiation,No Show,1,,,0,False
499,759,12,2024-06-11T10:15:00,48,Inbound,Technical Deep Dive,Completed,6,0.48,177,15,False
500,255,4,2023-04-17T12:45:00,51,Outbound,QBR,Rescheduled,1,,,0,False
501,1599,7,2023-10-14T15:00:00,35,Outbound,Follow-Up,Completed,4,0.5,171,7,False
502,4408,8,2023-10-07T11:30:00,60,Outbound,Check-In,Completed,5,0.37,87,12,False
503,3530,8,2022-11-11T13:00:00,,Outbound,Check-In,Completed,6,0.55,184,8,False
504,1108,7,2024-10-03T11:00:00,52,Outbound,Negotiation,Completed,4,0.57,121,8,True
505,4643,7,2024-02-23T15:45:00,41,Inbound,Technical Deep Dive,Completed,2,0.42,63,17,False
506,233,11,2024-12-29T14:30:00,51,Outbound,Check-In,Completed,5,0.44,47,10,False
507,862,2,2024-09-03T16:30:00,41,Outbound,Negotiation,Completed,3,0.57,35,13,False
508,650,9,2022-11-24T10:00:00,18,Outbound,QBR,Completed,8,0.73,34,11,False
509,177,8,2023-06-21T14:15:00,46,Outbound,Check-In,Completed,6,0.45,81,17,True
510,1811,12,2024-06-09T14:15:00,59,Outbound,QBR,Rescheduled,1,,,0,False
511,4611,13,2024-10-17T14:15:00,0,Outbound,QBR,No Show,1,,,0,False
512,588,6,2021-10-28T15:30:00,0,Outbound,Follow-Up,No Show,1,,,0,False
513,2001,5,2024-12-20T10:00:00,0,Outbound,Check-In,No Show,1,,,0,False
514,4051,14,2023-09-08T15:45:00,0,Outbound,Technical Deep Dive,No Show,1,,,0,False
515,2751,7,2024-12-13T08:30:00,40,Outbound,Check-In,Completed,4,0.51,163,9,False
516,2163,4,2024-12-02T17:00:00,26,Outbound,Negotiation,Completed,3,0.45,209,9,True
517,349,4,2024-03-16T15:00:00,50,Inbound,QBR,Completed,4,0.51,223,17,False
518,1744,16,2024-11-05T15:45:00,49,Outbound,Follow-Up,Completed,2,0.36,47,12,True
519,2667,3,2023-03-20T17:00:00,20,Outbound,Negotiation,Completed,6,0.61,66,18,False
520,1118,10,2024-01-17T15:30:00,42,Outbound,Negotiation,Completed,5,0.55,146,12,True
521,3213,2,2023-08-06T09:45:00,39,Outbound,Check-In,Completed,5,0.65,196,19,False
522,1018,14,2023-09-01T14:00:00,-30,Outbound,QBR,Completed,8,0.56,223,4,True
523,2202,1,2024-07-20T14:30:00,26,Outbound,Demo,Rescheduled,1,,,0,False
524,123,15,2024-11-02T14:00:00,39,Inbound,Check-In,Completed,7,0.5,89,15,False
525,1529,9,2023-06-23T11:30:00,25,Outbound,Discovery,Completed,6,0.58,210,3,False
526,418,14,2023-10-13T16:00:00,46,Outbound,Demo,Completed,6,0.64,76,5,False
527,909,11,2024-11-07T12:15:00,1,Inbound,Technical Deep Dive,Voicemail,1,,,0,False
528,571,5,2023-06-22T13:15:00,38,Inbound,QBR,Rescheduled,1,,,0,False
529,1369,16,2030-06-15T10:00:00,20,Inbound,Discovery,Rescheduled,1,,,0,False
530,4846,5,2023-07-28T09:45:00,45,Inbound,Technical Deep Dive,Completed,6,0.41,146,12,False
531,105,1,2023-09-24T10:00:00,30,Inbound,Follow-Up,Completed,2,0.58,86,14,False
532,1215,2,2024-06-02T12:45:00,42,Outbound,Discovery,Rescheduled,1,,,0,False
533,936,4,2023-07-25T11:00:00,50,Inbound,Technical Deep Dive,Completed,2,0.75,72,9,False
534,879,8,2023-09-11T15:15:00,36,Outbound,Demo,Completed,3,0.62,141,15,True
535,565,9,2023-04-03T10:30:00,20,Outbound,Discovery,Completed,7,0.55,113,11,False
536,2906,13,2024-12-06T13:00:00,37,Outbound,Follow-Up,Rescheduled,1,,,0,False
537,2185,16,2021-02-26T15:15:00,26,Inbound,Follow-Up,Completed,8,0.51,176,11,True
538,3214,7,2024-12-29T14:15:00,0,Outbound,Check-In,No Show,1,,,0,False
539,302,4,2021-09-10T09:00:00,,Outbound,QBR,Completed,6,0.37,233,4,False
540,3752,10,2024-12-27T13:30:00,-58,Outbound,Technical Deep Dive,Completed,7,0.65,161,4,False
541,1630,5,2024-09-08T12:45:00,41,Outbound,Negotiation,Completed,4,0.6,164,16,True
542,2319,16,2024-12-29T09:30:00,22,Inbound,Demo,Completed,4,0.77,233,8,True
543,2892,12,2023-11-03T17:30:00,49,Outbound,Follow-Up,Completed,2,0.56,127,1,False
544,1951,12,2023-08-11T12:30:00,47,Outbound,Follow-Up,Completed,2,0.64,44,16,False
545,3146,5,2022-10-29T15:30:00,0,Inbound,Check-In,No Show,1,,,0,False
546,416,15,2024-12-23T09:00:00,24,Inbound,QBR,Completed,4,0.52,111,12,True
547,2835,15,2024-09-23T12:15:00,30,Outbound,Demo,Completed,2,0.56,52,12,True
548,3353,10,2021-11-11T11:45:00,52,Outbound,Follow-Up,Rescheduled,1,,,0,False
549,3435,12,2024-12-04T11:30:00,53,Outbound,Demo,Completed,2,0.5,151,10,True
550,574,12,2024-05-15T10:00:00,44,Inbound,Follow-Up,Completed,3,0.69,152,3,False
551,2414,16,2024-05-29T15:45:00,35,Outbound,Demo,Completed,6,0.51,64,3,False
552,2563,1,2024-04-16T13:45:00,20,Outbound,Follow-Up,Completed,5,0.77,219,2,False
553,3913,5,2024-08-03T12:45:00,41,Inbound,Negotiation,Completed,7,0.4,207,13,True
554,3401,13,2024-09-19T13:30:00,32,Outbound,Technical Deep Dive,Rescheduled,1,,,0,False
555,566,13,2021-06-21T09:15:00,30,Inbound,Check-In,Rescheduled,1,,,0,False
556,3720,12,2022-11-16T13:00:00,53,Outbound,QBR,Rescheduled,1,,,0,False
557,2448,4,2023-11-14T09:15:00,47,Outbound,QBR,Completed,6,0.48,146,4,True
558,4014,14,2024-06-11T12:15:00,45,Inbound,Technical Deep Dive,Completed,8,0.65,206,7,False
559,3060,3,2024-07-23T13:45:00,25,Outbound,Negotiation,Completed,8,0.54,175,10,False
560,1242,1,2024-12-23T14:00:00,0,Outbound,QBR,No Show,1,,,0,False
561,414,6,2023-10-04T13:15:00,24,Outbound,Follow-Up,Completed,5,0.63,169,6,False
562,2875,1,2023-04-29T12:00:00,46,Inbound,Negotiation,Completed,8,0.6,127,16,False
563,4793,4,2024-09-19T11:15:00,52,Outbound,Technical Deep Dive,Rescheduled,1,,,0,False
564,2109,11,2024-01-11T12:00:00,27,Inbound,Follow-Up,Completed,4,0.65,160,8,False
565,2200,12,2024-11-16T10:15:00,44,Outbound,Discovery,Completed,5,0.34,122,11,True
566,804,16,2023-11-15T11:30:00,17,Outbound,Discovery,Completed,6,0.63,211,12,True
567,1833,11,2024-02-09T12:30:00,37,Outbound,QBR,Rescheduled,1,,,0,False
568,3866,8,2024-12-27T12:00:00,55,Outbound,Demo,Completed,4,0.6,79,14,True
569,2900,1,2030-06-15T10:00:00,44,Inbound,QBR,Rescheduled,1,,,0,False
570,1105,12,2023-11-06T11:45:00,0,Inbound,Follow-Up,No Show,1,,,0,False
571,2071,5,2022-10-18T12:15:00,16,Outbound,Technical Deep Dive,Completed,7,0.53,267,7,True
572,2301,16,2024-11-16T13:15:00,21,Inbound,Negotiation,Completed,4,0.59,162,8,True
573,3885,13,2023-10-06T13:45:00,0,Inbound,Negotiation,No Show,1,,,0,False
574,1101,5,2024-12-05T17:30:00,35,Inbound,Check-In,Completed,5,0.58,208,4,True
575,1473,6,2024-12-08T13:15:00,16,Outbound,Technical Deep Dive,Completed,6,0.43,75,16,False
576,3517,6,2024-03-22T15:45:00,43,Outbound,Check-In,Completed,6,0.4,148,10,False
577,2783,11,2024-03-07T12:30:00,40,Outbound,Negotiation,Completed,6,0.52,233,13,True
578,3033,12,2024-07-13T10:00:00,0,Inbound,Demo,No Show,1,,,0,False
579,2329,5,2021-07-19T09:15:00,,Outbound,Demo,Completed,5,0.64,112,5,True
580,2084,15,2024-08-23T14:15:00,1,Outbound,Follow-Up,Voicemail,1,,,0,False
581,4252,10,2024-05-17T09:45:00,0,Outbound,Technical Deep Dive,No Show,1,,,0,False
582,3218,15,2024-12-18T11:15:00,2,Inbound,Demo,Voicemail,1,,,0,False
583,4758,6,2024-12-19T10:45:00,,Outbound,Follow-Up,Rescheduled,1,,,0,False
584,2361,2,2024-10-31T15:45:00,46,Outbound,Follow-Up,Completed,3,0.41,235,13,True
585,2729,9,2023-01-15T11:00:00,59,Outbound,Technical Deep Dive,Completed,4,0.41,138,9,True
586,483,7,2021-09-10T10:15:00,40,Outbound,Demo,Completed,4,0.65,143,8,True
587,3780,3,2024-12-29T10:00:00,44,Inbound,Demo,Completed,7,0.75,216,9,False
588,631,3,2023-09-19T14:00:00,41,Inbound,Follow-Up,Completed,2,0.67,107,15,True
589,1497,11,2022-11-26T11:45:00,32,Inbound,QBR,Rescheduled,1,,,0,False
590,3669,6,2024-08-06T14:00:00,,Outbound,Demo,Completed,8,0.69,193,17,False
591,3597,13,2023-04-06T14:00:00,49,Outbound,Demo,Completed,7,0.51,142,9,True
592,1368,3,2024-07-09T14:30:00,33,Inbound,QBR,Completed,5,0.64,275,18,False
593,3668,1,2024-12-17T11:45:00,39,Outbound,Technical Deep Dive,Completed,4,0.3,45,6,True
594,4738,11,2021-10-26T13:30:00,40,Inbound,Check-In,Completed,8,0.53,222,12,False
595,680,16,2024-12-19T10:00:00,45,Outbound,Demo,Completed,6,0.73,160,14,True
596,2059,13,2024-02-12T10:30:00,21,Outbound,Demo,Completed,8,0.67,33,10,False
597,1590,1,2024-11-11T13:45:00,37,Outbound,Follow-Up,Completed,4,0.57,35,13,True
598,653,6,2023-11-01T13:30:00,,Outbound,Follow-Up,Completed,6,0.43,74,5,True
599,3791,5,2024-02-16T10:45:00,36,Outbound,Discovery,Completed,5,0.37,69,4,False
600,141,5,2023-11-19T13:45:00,53,Outbound,Discovery,Completed,2,0.45,82,20,False
601,1833,11,2024-03-11T09:30:00,,Outbound,QBR,Completed,8,0.45,153,5,False
602,626,2,2024-06-11T16:30:00,,Outbound,Check-In,Completed,4,0.62,113,14,False
603,1372,3,2024-12-12T14:15:00,59,Outbound,Negotiation,Completed,7,0.36,55,9,True
604,222,16,2024-12-22T14:15:00,31,Inbound,Check-In,Completed,6,0.42,135,8,False
605,3108,16,2024-12-07T10:15:00,30,Inbound,Discovery,Completed,6,0.61,104,3,True
606,2525,15,2024-07-27T14:45:00,29,Inbound,Check-In,Completed,6,0.69,87,8,False
607,2857,14,2024-12-02T14:15:00,53,Outbound,Follow-Up,Completed,5,0.86,90,1,False
608,969,10,2024-05-15T13:30:00,44,Outbound,Technical Deep Dive,Completed,4,0.71,51,4,False
609,4685,1,2021-10-15T14:15:00,26,Inbound,Discovery,Completed,8,0.59,183,13,True
610,1981,13,2022-05-19T10:15:00,38,Outbound,Check-In,Completed,8,0.56,120,4,False
611,53,6,2022-12-24T11:15:00,1,Outbound,Check-In,Voicemail,1,,,0,False
612,4176,6,2021-01-22T12:15:00,44,Inbound,Technical Deep Dive,Rescheduled,1,,,0,False
613,1494,14,2023-07-25T17:45:00,33,Outbound,QBR,Completed,3,0.46,131,13,False
614,2047,15,2024-12-16T14:45:00,21,Outbound,Check-In,Completed,4,0.42,229,14,False
615,2680,5,2023-01-07T15:00:00,17,Outbound,Demo,Completed,2,0.59,71,13,True
616,1931,1,2022-01-09T10:00:00,36,Outbound,Technical Deep Dive,Completed,5,0.31,108,7,True
617,4262,9,2024-12-09T10:15:00,17,Inbound,Demo,Rescheduled,1,,,0,False
618,4001,11,2024-04-13T16:15:00,58,Outbound,Discovery,Completed,7,0.46,85,17,False
619,305,15,2024-12-24T12:30:00,52,Outbound,Check-In,Completed,6,0.62,279,9,False
620,473,2,2024-11-03T14:00:00,0,Outbound,Discovery,No Show,1,,,0,False
621,370,7,2021-04-04T14:00:00,55,Outbound,Discovery,Rescheduled,1,,,0,False
622,4852,13,2024-08-24T10:30:00,3,Outbound,Technical Deep Dive,Voicemail,1,,,0,False
623,2005,16,2022-12-24T10:15:00,21,Inbound,Demo,Completed,4,0.41,120,7,False
624,345,9,2024-03-14T11:30:00,60,Outbound,Technical Deep Dive,Completed,5,0.63,161,5,False
625,4980,14,2023-04-30T15:45:00,0,Outbound,Demo,No Show,1,,,0,False
626,3810,16,2024-12-04T11:00:00,40,Outbound,Technical Deep Dive,Completed,6,0.45,54,8,False
627,1736,10,2024-10-25T16:15:00,-38,Outbound,Negotiation,Completed,6,0.61,148,4,True
628,3413,4,2024-12-14T15:30:00,0,Outbound,Discovery,No Show,1,,,0,False
629,4113,6,2024-12-01T16:15:00,26,Outbound,Technical Deep Dive,Completed,7,0.55,125,11,True
630,2952,16,2024-12-23T12:00:00,37,Outbound,Check-In,Completed,8,0.78,62,2,False
631,4056,6,2023-09-22T10:45:00,18,Outbound,Technical Deep Dive,Completed,3,0.5,80,16,True
632,4737,16,2024-12-31T09:15:00,48,Outbound,Discovery,Completed,3,0.7,258,6,False
633,3085,5,2030-06-15T10:00:00,29,Outbound,Discovery,Completed,8,0.82,44,7,True
634,2797,13,2022-09-03T15:30:00,24,Outbound,QBR,Completed,3,0.6,89,7,False
635,3652,7,2023-11-27T16:15:00,39,Inbound,Demo,Completed,6,0.42,39,20,True
636,815,16,2024-12-15T16:30:00,48,Outbound,Negotiation,Completed,4,0.46,60,12,True
637,1133,3,2024-12-19T14:00:00,27,Outbound,Discovery,Completed,4,0.41,146,15,True
638,2535,14,2024-06-06T11:00:00,32,Outbound,Demo,Completed,8,0.72,162,5,False
639,3841,5,2022-10-25T11:30:00,55,Inbound,Negotiation,Completed,4,0.52,82,7,True
640,2827,12,2023-08-16T09:00:00,51,Outbound,Demo,Rescheduled,1,,,0,False
641,3503,14,2023-11-06T16:45:00,31,Outbound,Technical Deep Dive,Completed,2,0.7,133,12,False
642,200,6,2024-02-13T14:00:00,15,Outbound,Discovery,Completed,8,0.41,145,12,True
643,209,12,2023-06-07T13:30:00,48,Inbound,Demo,Completed,6,0.5,150,6,False
644,399,12,2024-12-29T10:15:00,41,Outbound,Negotiation,Completed,5,0.57,216,6,False
645,1248,3,2023-03-21T15:15:00,0,Outbound,Follow-Up,No Show,1,,,0,False
646,3921,16,2024-12-20T15:00:00,41,Outbound,Follow-Up,Completed,6,1.46,85,13,True
647,385,2,2024-12-11T16:00:00,26,Outbound,Follow-Up,Completed,4,0.46,104,21,True
648,1317,1,2024-11-21T13:45:00,31,Inbound,Follow-Up,Completed,5,0.44,68,13,True
649,1004,11,2030-06-15T10:00:00,0,Outbound,QBR,No Show,1,,,0,False
650,2817,13,2024-12-03T12:45:00,30,Outbound,QBR,Completed,3,0.76,56,9,False
651,553,8,2021-03-12T08:15:00,58,Inbound,Demo,Completed,7,0.65,103,19,False
652,3180,5,2023-07-24T09:30:00,43,Inbound,Check-In,Completed,4,0.67,128,4,False
653,3654,13,2023-09-25T10:00:00,59,Inbound,Follow-Up,Completed,3,0.6,233,3,False
654,1384,13,2023-05-11T14:15:00,40,Outbound,QBR,Completed,7,0.8,128,2,False
655,1527,14,2030-06-15T10:00:00,41,Inbound,QBR,Completed,4,0.77,43,7,True
656,2054,3,2024-08-13T09:00:00,0,Outbound,Technical Deep Dive,No Show,1,,,0,False
657,3472,1,2024-10-18T11:30:00,39,Inbound,Discovery,Completed,4,0.5,113,15,True
658,3300,5,2024-11-20T16:00:00,36,Outbound,Discovery,Completed,5,0.62,167,18,False
659,4602,16,2024-12-07T16:30:00,52,Inbound,Discovery,Completed,3,0.55,212,6,True
660,4837,13,2024-08-24T13:15:00,2,Outbound,Discovery,Voicemail,1,,,0,False
661,644,10,2020-12-15T10:15:00,20,Outbound,Demo,Completed,6,0.39,105,13,False
662,90,14,2022-12-22T14:00:00,17,Inbound,Negotiation,Completed,2,0.59,133,10,False
663,4150,3,2024-12-04T16:15:00,39,Outbound,Discovery,Completed,8,0.35,164,21,True
664,3663,12,2023-02-15T11:00:00,52,Outbound,Check-In,Completed,7,0.66,226,17,True
665,612,1,2021-12-15T10:45:00,31,Outbound,Check-In,Completed,6,0.37,171,21,True
666,2720,6,2024-04-12T14:15:00,1,Inbound,QBR,Voicemail,1,,,0,False
667,3630,4,2023-10-04T09:45:00,26,Outbound,Check-In,Completed,7,0.62,95,14,True
668,3013,11,2024-12-28T10:15:00,18,Inbound,Technical Deep Dive,Completed,3,0.57,66,17,True
669,2291,13,2022-03-23T10:45:00,36,Outbound,Discovery,Completed,7,1.39,187,10,False
670,4307,11,2024-04-16T16:45:00,36,Outbound,QBR,Completed,6,0.67,30,7,True
671,3685,13,2024-09-28T11:15:00,18,Outbound,Discovery,Completed,4,0.45,153,5,False
672,459,16,2024-12-01T14:45:00,37,Outbound,QBR,Completed,7,0.66,81,12,True
673,1201,1,2024-11-13T09:00:00,0,Outbound,Discovery,No Show,1,,,0,False
674,3501,3,2023-12-06T13:30:00,49,Inbound,Follow-Up,Completed,6,0.78,99,4,False
675,4139,8,2023-06-19T13:45:00,,Outbound,Demo,Completed,2,0.51,185,15,False
676,2387,5,2024-11-14T16:15:00,-46,Outbound,QBR,Completed,3,0.41,113,8,True
677,4792,14,2023-02-07T15:30:00,49,Outbound,Check-In,Completed,4,0.66,98,7,True
678,1652,4,2024-08-11T10:30:00,22,Inbound,Technical Deep Dive,Completed,5,0.45,240,6,True
679,4917,9,2024-01-21T14:30:00,1,Inbound,Technical Deep Dive,Voicemail,1,,,0,False
680,2468,16,2024-10-27T11:30:00,3,Outbound,Technical Deep Dive,Voicemail,1,,,0,False
681,675,1,2024-03-19T13:00:00,28,Outbound,QBR,Completed,5,0.44,81,18,True
682,3997,11,2024-11-29T13:30:00,28,Inbound,QBR,Completed,5,0.64,91,9,True
683,4232,11,2023-09-12T11:30:00,34,Outbound,Discovery,Rescheduled,1,,,0,False
684,3314,4,2024-09-19T15:00:00,59,Inbound,Technical Deep Dive,Completed,7,0.35,206,20,True
685,4660,7,2023-07-19T17:00:00,37,Outbound,Technical Deep Dive,Completed,7,0.46,210,16,True
686,567,16,2023-02-19T16:15:00,15,Outbound,Discovery,Completed,5,0.47,191,4,False
687,358,15,2022-09-15T10:00:00,44,Outbound,QBR,Completed,4,0.71,211,6,True
688,1704,16,2024-12-02T14:45:00,0,Outbound,Technical Deep Dive,No Show,1,,,0,False
689,3890,13,2024-07-04T11:15:00,48,Inbound,Demo,Completed,3,0.55,223,8,True
690,1122,6,2024-01-31T17:45:00,41,Inbound,Technical Deep Dive,Completed,8,0.59,82,11,False
691,2441,7,2023-07-27T12:15:00,35,Outbound,Negotiation,Completed,4,0.7,161,7,True
692,2325,16,2024-02-26T12:45:00,46,Outbound,Negotiation,Completed,7,0.67,137,12,False
693,2343,4,2022-10-06T16:30:00,32,Inbound,Follow-Up,Rescheduled,1,,,0,False
694,2268,12,2024-12-06T10:15:00,52,Inbound,Technical Deep Dive,Completed,8,0.57,200,4,True
695,2864,7,2024-12-09T10:00:00,56,Outbound,QBR,Completed,4,0.5,231,16,False
696,4630,13,2024-11-07T16:45:00,31,Outbound,Follow-Up,Completed,4,0.61,229,11,False
697,3760,12,2024-07-09T09:15:00,33,Outbound,QBR,Completed,4,0.67,53,12,False
698,4224,6,2024-01-11T13:30:00,35,Outbound,Follow-Up,Completed,3,0.38,82,9,True
699,4591,16,2024-12-26T11:30:00,60,Outbound,Discovery,Completed,4,0.67,33,3,True
700,1649,10,2024-04-21T12:45:00,53,Outbound,Follow-Up,Completed,3,0.53,146,9,False
701,2760,15,2024-11-07T12:00:00,29,Inbound,Follow-Up,Completed,3,0.69,230,9,True
702,2219,10,2024-12-01T12:45:00,25,Inbound,QBR,Completed,4,0.69,116,17,False
703,2923,2,2023-05-13T13:00:00,23,Inbound,Discovery,Completed,6,0.27,38,25,True
704,392,1,2024-05-29T10:45:00,36,Outbound,Check-In,Rescheduled,1,,,0,False
705,4485,10,2024-12-09T09:15:00,20,Inbound,Discovery,Completed,8,0.41,178,9,False
706,1455,7,2024-10-31T14:45:00,37,Outbound,Technical Deep Dive,Completed,3,0.36,202,19,True
707,4233,16,2024-12-30T14:30:00,49,Outbound,Discovery,Completed,7,0.57,273,7,True
708,2771,16,2024-09-18T11:45:00,46,Outbound,QBR,Completed,7,0.57,184,12,True
709,3054,1,2023-11-27T14:30:00,50,Outbound,Demo,Completed,3,0.4,38,21,True
710,4391,15,2024-12-21T14:30:00,32,Outbound,Demo,Completed,8,0.63,149,4,False
711,2398,7,2024-01-30T09:30:00,42,Outbound,QBR,Completed,6,0.74,238,8,False
712,1772,7,2024-12-18T14:00:00,37,Outbound,Follow-Up,Completed,4,0.35,47,22,True
713,2279,9,2024-06-24T09:45:00,0,Outbound,Negotiation,No Show,1,,,0,False
714,73,13,2024-09-29T17:45:00,17,Outbound,Technical Deep Dive,Completed,5,0.92,83,8,False
715,4719,16,2024-12-09T15:00:00,57,Outbound,Demo,Completed,3,0.6,233,12,True
716,347,9,2023-06-27T13:15:00,56,Outbound,Demo,Completed,7,0.47,187,9,True
717,4267,5,2024-03-18T11:00:00,30,Outbound,Demo,Completed,2,0.42,149,18,False
718,3045,15,2024-12-20T10:45:00,34,Outbound,Negotiation,Completed,7,0.75,52,12,True
719,4340,4,2021-07-11T13:00:00,50,Outbound,Follow-Up,Completed,4,0.5,74,14,False
720,892,5,2024-12-09T11:45:00,60,Outbound,Technical Deep Dive,Completed,6,0.42,155,11,True
721,3109,6,2024-08-13T12:45:00,33,Outbound,Technical Deep Dive,Completed,7,0.6,234,7,False
722,3118,11,2024-03-02T14:45:00,25,Outbound,Discovery,Completed,3,0.43,66,12,False
723,4329,11,2024-11-06T13:30:00,30,Outbound,QBR,Completed,2,0.67,160,9,False
724,359,8,2021-05-15T14:00:00,31,Outbound,QBR,Completed,5,0.48,234,17,False
725,4603,5,2024-07-09T09:45:00,0,Outbound,Negotiation,No Show,1,,,0,False
726,612,1,2021-12-06T16:00:00,57,Outbound,Follow-Up,Completed,4,0.48,129,8,True
727,1325,13,2024-09-06T16:15:00,0,Outbound,Check-In,No Show,1,,,0,False
728,4794,6,2022-03-08T13:00:00,44,Inbound,Negotiation,Rescheduled,1,,,0,False
729,857,15,2024-12-13T16:30:00,0,Outbound,Discovery,No Show,1,,,0,False
730,3153,8,2022-11-18T16:00:00,53,Outbound,Follow-Up,Completed,4,0.35,63,19,False
731,4779,6,2024-12-23T12:45:00,44,Outbound,Technical Deep Dive,Rescheduled,1,,,0,False
732,1154,15,2024-12-07T14:30:00,52,Inbound,Negotiation,Completed,4,0.53,34,14,False
733,1658,16,2024-12-19T17:15:00,18,Outbound,Technical Deep Dive,Completed,8,0.61,226,4,False
734,3189,13,2024-12-19T09:30:00,56,Outbound,QBR,Completed,6,0.68,141,4,False
735,1874,7,2021-08-22T14:15:00,27,Outbound,Negotiation,Completed,6,0.82,208,6,True
736,4103,1,2024-12-21T11:15:00,2,Outbound,Demo,Voicemail,1,,,0,False
737,762,13,2023-01-12T10:30:00,42,Inbound,Negotiation,Completed,4,0.59,238,8,True
738,1075,11,2021-01-12T13:30:00,48,Outbound,Follow-Up,Completed,7,0.81,219,9,False
739,46,3,2024-10-22T10:15:00,,Outbound,Demo,Voicemail,1,,,0,False
740,3082,8,2024-10-25T15:45:00,23,Outbound,Technical Deep Dive,Completed,3,0.48,49,13,True
741,1449,14,2023-08-04T14:45:00,37,Outbound,Demo,Completed,2,0.86,236,8,True
742,1703,9,2023-10-19T16:15:00,,Outbound,Technical Deep Dive,Completed,2,0.41,83,5,True
743,4748,4,2022-04-17T16:15:00,0,Outbound,QBR,No Show,1,,,0,False
744,3418,10,2023-01-20T15:00:00,19,Inbound,Negotiation,Completed,7,0.4,239,9,True
745,4142,12,2023-02-28T11:15:00,50,Inbound,QBR,Completed,8,0.69,138,3,False
746,2799,10,2024-11-03T13:30:00,60,Outbound,Check-In,Completed,5,1.46,173,7,False
747,4141,3,2023-08-08T13:30:00,29,Outbound,Technical Deep Dive,Rescheduled,1,,,0,False
748,1218,15,2024-12-31T12:30:00,55,Outbound,Negotiation,Completed,4,0.61,48,10,False
749,3149,1,2024-02-09T11:30:00,18,Outbound,Discovery,Completed,4,0.4,112,4,True
750,3980,1,2024-07-31T11:15:00,56,Outbound,Check-In,Rescheduled,1,,,0,False
751,197,7,2024-05-03T16:00:00,2,Outbound,Technical Deep Dive,Voicemail,1,,,0,False
752,4449,2,2023-03-17T10:15:00,57,Outbound,Technical Deep Dive,Completed,3,0.64,124,13,False
753,3109,6,2024-07-18T14:15:00,23,Inbound,Check-In,Rescheduled,1,,,0,False
754,3783,7,2024-12-20T12:15:00,2,Outbound,Follow-Up,Voicemail,1,,,0,False
755,2947,15,2024-12-25T11:45:00,22,Outbound,Demo,Completed,8,0.49,161,7,True
756,1598,12,2024-05-25T11:15:00,27,Outbound,Technical Deep Dive,Completed,2,0.46,221,10,True
757,4664,16,2024-12-02T12:00:00,41,Outbound,Technical Deep Dive,Completed,4,0.47,72,12,True
758,4942,1,2022-10-29T15:15:00,48,Outbound,Demo,Completed,8,0.6,67,14,True
759,135,8,2024-11-24T11:30:00,26,Outbound,Demo,Completed,6,0.4,41,9,True
760,1784,1,2021-10-08T17:30:00,1,Outbound,Check-In,Voicemail,1,,,0,False
761,4269,14,2023-12-14T15:30:00,16,Outbound,QBR,Completed,4,0.61,72,6,False
762,4640,1,2021-10-03T12:45:00,28,Inbound,Negotiation,Completed,8,0.62,108,15,True
763,3843,1,2024-12-07T10:15:00,25,Outbound,Technical Deep Dive,Completed,8,0.59,224,21,False
764,3837,6,2024-04-25T13:30:00,20,Inbound,QBR,Completed,3,0.59,156,5,True
765,2372,7,2021-02-12T12:30:00,55,Outbound,Follow-Up,Completed,2,0.67,50,16,False
766,1451,9,2023-10-13T12:45:00,49,Outbound,Discovery,Completed,2,0.74,167,10,False
767,3519,6,2023-12-25T15:30:00,29,Inbound,Negotiation,Completed,4,0.75,168,7,False
768,4196,5,2024-11-30T16:00:00,17,Outbound,Negotiation,Completed,7,0.44,183,6,True
769,3861,1,2022-06-04T14:00:00,19,Outbound,Demo,Completed,4,0.51,88,21,True
770,1630,5,2024-11-08T10:15:00,47,Inbound,Check-In,Completed,2,0.58,44,14,False
771,1231,1,2024-12-01T14:15:00,32,Outbound,Check-In,Completed,6,0.52,88,20,True
772,1278,15,2024-12-07T12:30:00,24,Inbound,Discovery,Completed,5,0.61,141,13,True
773,4046,2,2023-07-22T16:30:00,38,Inbound,Negotiation,Completed,8,0.33,128,19,True
774,3333,12,2024-10-26T13:45:00,0,Outbound,Discovery,No Show,1,,,0,False
775,1463,13,2024-05-04T15:30:00,15,Inbound,Technical Deep Dive,Completed,8,0.45,138,11,False
776,2344,2,2024-12-31T14:15:00,0,Inbound,QBR,No Show,1,,,0,False
777,1916,13,2024-05-06T12:30:00,58,Outbound,Check-In,Completed,7,0.89,223,7,False
778,3672,14,2023-06-01T14:00:00,29,Outbound,Technical Deep Dive,Completed,6,0.46,40,10,False
779,1817,11,2030-06-15T10:00:00,-60,Outbound,Demo,Rescheduled,1,,,0,False
780,3515,5,2023-05-05T11:15:00,19,Outbound,Negotiation,Completed,6,0.48,92,10,False
781,3523,6,2024-11-30T15:15:00,0,Outbound,Demo,No Show,1,,,0,False
782,4952,4,2024-08-03T10:30:00,48,Inbound,Check-In,Completed,5,0.64,42,20,True
783,3183,14,2024-12-24T16:00:00,27,Outbound,Demo,Completed,6,0.68,69,8,True
784,197,7,2024-05-03T12:15:00,29,Outbound,Follow-Up,Completed,4,0.61,211,13,False
785,3789,13,2021-04-17T12:45:00,54,Outbound,QBR,Completed,2,0.58,101,6,False
786,2697,10,2024-12-06T15:00:00,56,Outbound,QBR,Completed,7,0.49,32,9,True
787,1671,3,2022-08-28T14:45:00,24,Outbound,Negotiation,Completed,3,0.6,222,14,False
788,451,5,2023-10-20T14:15:00,15,Outbound,Negotiation,Completed,4,0.64,214,12,False
789,3824,11,2021-06-10T15:00:00,47,Inbound,Negotiation,Completed,4,0.39,73,17,False
790,4890,5,2023-12-27T08:00:00,36,Outbound,QBR,Completed,5,0.45,36,19,False
791,3264,16,2024-12-02T11:00:00,40,Outbound,Follow-Up,Completed,8,1.1,47,14,False
792,2488,12,2024-05-24T10:15:00,22,Inbound,Demo,Completed,4,0.44,116,3,True
793,2569,6,2024-03-26T12:45:00,39,Outbound,Follow-Up,Completed,4,0.52,197,6,True
794,2339,7,2023-04-16T10:30:00,60,Outbound,QBR,Completed,7,0.54,105,13,True
795,2453,8,2024-03-27T16:45:00,21,Inbound,Follow-Up,Completed,3,0.52,220,7,False
796,649,12,2024-12-13T13:15:00,37,Outbound,Negotiation,Completed,7,0.81,64,4,False
797,4855,10,2024-03-16T11:15:00,19,Inbound,Technical Deep Dive,Completed,4,0.68,129,8,False
798,2942,3,2024-12-20T12:45:00,54,Outbound,Follow-Up,Completed,7,0.41,66,20,True
799,3675,10,2030-06-15T10:00:00,2,Inbound,Negotiation,Voicemail,1,,,0,False
800,4896,10,2024-08-03T11:00:00,56,Outbound,QBR,Completed,3,0.51,74,11,True
801,4428,12,2022-11-22T12:15:00,25,Inbound,Check-In,Completed,5,0.66,217,12,True
802,3759,12,2023-12-10T09:30:00,0,Outbound,Demo,No Show,1,,,0,False
803,4468,10,2024-05-08T11:30:00,35,Outbound,Discovery,Completed,6,0.47,69,10,True
804,4150,3,2024-12-11T16:00:00,-17,Inbound,Demo,Completed,3,0.43,59,25,True
805,138,16,2024-05-22T09:15:00,16,Outbound,Discovery,Completed,5,0.49,114,15,True
806,2811,3,2024-12-31T11:15:00,60,Outbound,QBR,Completed,6,0.64,224,6,True
807,352,12,2021-12-01T09:15:00,38,Outbound,QBR,Completed,8,0.41,178,10,True
808,4482,15,2024-10-13T10:15:00,60,Outbound,Technical Deep Dive,Completed,2,0.66,234,7,False
809,605,9,2024-10-13T14:45:00,20,Outbound,Check-In,Completed,6,0.72,202,11,False
810,4441,2,2024-09-04T15:45:00,47,Inbound,Check-In,Completed,3,0.45,62,13,True
811,4178,6,2030-06-15T10:00:00,28,Inbound,Technical Deep Dive,Completed,8,0.41,129,5,False
812,4604,3,2023-04-24T15:45:00,15,Outbound,Demo,Completed,8,0.61,152,12,True
813,4280,9,2023-09-19T10:15:00,34,Outbound,Negotiation,Completed,5,0.58,213,18,False
814,3907,16,2024-08-18T16:45:00,40,Inbound,Negotiation,Completed,8,0.7,159,4,False
815,3597,13,2023-06-14T12:30:00,53,Outbound,Technical Deep Dive,Completed,3,0.55,109,11,False
816,943,16,2024-05-13T14:00:00,24,Outbound,Negotiation,Completed,5,0.56,86,14,True
817,1439,9,2022-02-21T13:45:00,31,Inbound,Demo,Completed,3,0.63,142,14,True
818,1675,11,2023-09-20T09:30:00,,Outbound,Discovery,Completed,4,1.2,80,9,True
819,2062,7,2024-08-20T11:45:00,3,Outbound,Discovery,Voicemail,1,,,0,False
820,4532,14,2023-10-05T13:30:00,59,Outbound,Follow-Up,Completed,8,0.62,183,10,False
821,5000,7,2024-08-28T15:00:00,28,Outbound,Discovery,Completed,6,0.41,70,13,True
822,46,3,2024-10-16T15:45:00,52,Outbound,Negotiation,Completed,2,0.41,189,15,True
823,2853,10,2024-06-30T10:00:00,28,Outbound,Discovery,Completed,3,0.85,138,9,False
824,4424,7,2021-08-30T10:15:00,23,Outbound,Check-In,Rescheduled,1,,,0,False
825,4389,7,2024-11-05T10:15:00,41,Outbound,Technical Deep Dive,Completed,2,0.55,174,20,False
826,2958,1,2024-12-02T14:30:00,55,Outbound,Demo,Completed,7,0.47,110,4,False
827,26,2,2022-01-11T16:15:00,29,Inbound,Demo,Completed,8,0.45,65,16,True
828,237,4,2024-07-05T11:15:00,46,Outbound,QBR,Completed,4,0.4,218,10,False
829,4765,16,2024-06-19T12:00:00,26,Outbound,Demo,Completed,4,0.61,218,12,False
830,1980,9,2024-06-04T10:00:00,48,Inbound,Technical Deep Dive,Completed,7,0.43,217,6,False
831,3778,2,2024-12-06T11:00:00,31,Inbound,Check-In,Completed,3,0.35,180,14,True
832,4267,5,2024-05-02T16:15:00,15,Inbound,Negotiation,Completed,6,0.45,141,19,False
833,2374,13,2024-10-02T14:00:00,0,Outbound,Demo,No Show,1,,,0,False
834,4191,11,2030-06-15T10:00:00,57,Inbound,Negotiation,Rescheduled,1,,,0,False
835,2411,15,2024-08-17T15:45:00,46,Inbound,Negotiation,Completed,5,0.77,277,1,False
836,3334,4,2024-12-15T15:15:00,20,Outbound,Negotiation,Completed,3,0.5,86,8,False
837,1531,13,2024-08-27T13:30:00,56,Outbound,Check-In,Completed,8,0.43,43,9,False
838,1210,3,2024-12-22T15:15:00,58,Outbound,Follow-Up,Completed,5,0.63,89,8,False
839,968,14,2023-08-25T14:15:00,15,Outbound,Follow-Up,Completed,7,0.61,158,11,False
840,2298,12,2023-08-09T11:30:00,24,Inbound,QBR,Completed,6,0.5,183,10,False
841,1905,13,2024-12-16T12:15:00,52,Outbound,Demo,Completed,4,0.76,165,11,True
842,1615,9,2024-04-11T14:45:00,0,Inbound,Negotiation,No Show,1,,,0,False
843,2207,13,2024-11-24T09:15:00,46,Outbound,Technical Deep Dive,Rescheduled,1,,,0,False
844,226,8,2024-05-26T13:15:00,43,Outbound,Technical Deep Dive,Completed,6,0.66,231,9,True
845,1055,14,2024-12-25T14:00:00,27,Outbound,Demo,Completed,5,0.58,41,16,False
846,3154,1,2024-09-10T17:00:00,36,Inbound,Discovery,Completed,6,0.45,117,18,True
847,2971,14,2021-03-10T15:30:00,53,Inbound,Discovery,Completed,5,0.53,204,12,True
848,1570,2,2023-11-16T09:45:00,0,Outbound,Follow-Up,No Show,1,,,0,False
849,268,11,2022-03-30T12:15:00,0,Outbound,Follow-Up,No Show,1,,,0,False
850,4018,15,2024-01-02T14:15:00,29,Inbound,QBR,Rescheduled,1,,,0,False
851,2753,4,2020-12-10T10:30:00,0,Outbound,Technical Deep Dive,No Show,1,,,0,False
852,714,7,2022-10-12T13:15:00,0,Outbound,Technical Deep Dive,No Show,1,,,0,False
853,1429,12,2023-07-27T10:15:00,52,Outbound,Negotiation,Completed,7,0.72,193,13,False
854,3105,9,2023-07-01T09:00:00,56,Outbound,Demo,Completed,8,0.72,173,16,True
855,3962,1,2024-12-07T10:15:00,25,Inbound,Discovery,Completed,4,0.42,65,14,True
856,2901,2,2024-12-05T15:15:00,15,Outbound,Check-In,Completed,4,0.62,189,15,True
857,3688,1,2024-09-04T12:15:00,3,Inbound,Check-In,Voicemail,1,,,0,False
858,1151,16,2024-12-07T12:30:00,19,Outbound,Discovery,Completed,7,0.67,132,4,False
859,3529,15,2024-12-31T11:45:00,25,Outbound,Negotiation,Completed,6,0.71,191,4,True
860,4616,14,2030-06-15T10:00:00,21,Outbound,QBR,Completed,5,0.77,109,7,False
861,2982,8,2022-02-16T14:45:00,46,Outbound,Follow-Up,Completed,7,0.53,156,15,False
862,1353,9,2020-05-20T09:15:00,45,Outbound,QBR,Completed,7,0.45,213,15,True
863,621,13,2024-12-25T11:00:00,34,Outbound,QBR,Completed,5,0.71,97,9,False
864,1714,5,2022-12-12T14:00:00,-25,Inbound,Technical Deep Dive,Completed,2,0.69,153,8,True
865,3486,8,2024-12-30T13:30:00,2,Outbound,Technical Deep Dive,Voicemail,1,,,0,False
866,4120,10,2023-02-16T15:45:00,,Outbound,QBR,Rescheduled,1,,,0,False
867,571,6,2021-08-14T09:15:00,43,Outbound,QBR,Completed,3,0.48,224,18,False
868,2218,3,2023-04-08T15:30:00,3,Outbound,Demo,Voicemail,1,,,0,False
869,2991,3,2024-09-18T14:45:00,46,Outbound,Negotiation,Completed,4,0.51,74,8,False
870,1075,11,2021-01-16T11:30:00,59,Outbound,Follow-Up,Completed,5,0.63,93,6,True
871,118,9,2023-12-14T12:15:00,38,Outbound,Technical Deep Dive,Completed,5,0.49,80,18,True
872,803,13,2024-11-14T14:30:00,50,Inbound,Discovery,Completed,4,0.44,127,3,False
873,3926,16,2024-12-23T11:30:00,34,Inbound,Negotiation,Completed,7,0.52,100,15,True
874,3094,13,2022-02-24T11:45:00,52,Inbound,Demo,Completed,6,0.73,284,5,False
875,3913,5,2030-06-15T10:00:00,37,Outbound,Follow-Up,Completed,5,0.45,204,19,False
876,1437,16,2024-12-09T14:45:00,27,Outbound,Negotiation,Completed,7,0.88,235,1,False
877,237,4,2024-05-20T16:15:00,57,Inbound,Discovery,Completed,7,0.37,108,19,True
878,3625,5,2022-09-06T11:45:00,60,Inbound,Technical Deep Dive,Rescheduled,1,,,0,False
879,2392,16,2024-12-09T11:45:00,54,Outbound,Follow-Up,Completed,7,1.28,50,12,False
880,1207,8,2023-10-22T14:00:00,33,Outbound,Technical Deep Dive,Completed,2,0.49,186,9,True
881,662,3,2024-08-07T12:30:00,32,Outbound,Discovery,Completed,4,0.53,77,12,True
882,1444,13,2024-09-07T16:30:00,15,Outbound,Check-In,Completed,6,0.69,138,4,False
883,4287,3,2023-10-25T11:30:00,55,Inbound,Discovery,Rescheduled,1,,,0,False
884,1181,4,2023-08-21T13:15:00,0,Outbound,Discovery,No Show,1,,,0,False
885,3587,10,2022-12-13T10:15:00,37,Outbound,Discovery,Completed,2,0.56,116,4,False
886,2556,7,2022-05-10T16:30:00,42,Inbound,Follow-Up,Completed,6,0.76,246,14,True
887,95,1,2024-12-27T14:45:00,27,Outbound,Follow-Up,Completed,3,0.73,72,10,False
888,3479,5,2024-12-05T15:30:00,50,Outbound,Check-In,Completed,8,0.38,222,9,True
889,3255,9,2023-12-13T13:00:00,49,Outbound,Negotiation,Completed,7,0.81,277,12,False
890,944,10,2024-11-15T12:00:00,0,Outbound,QBR,No Show,1,,,0,False
891,3404,4,2024-12-26T16:00:00,22,Outbound,Negotiation,Completed,3,0.53,80,17,False
892,2178,12,2022-08-06T13:30:00,19,Outbound,Check-In,Completed,7,0.62,218,17,True
893,2852,6,2024-09-20T13:45:00,52,Inbound,QBR,Completed,5,0.63,149,8,True
894,1660,6,2024-09-22T11:45:00,0,Outbound,Check-In,No Show,1,,,0,False
895,3729,15,2024-10-05T15:45:00,43,Outbound,QBR,Completed,3,0.77,69,6,False
896,3505,14,2024-12-27T11:30:00,29,Outbound,Technical Deep Dive,Completed,7,0.54,209,7,False
897,3056,1,2024-12-05T12:15:00,-51,Inbound,Technical Deep Dive,Completed,2,0.5,153,21,True
898,225,15,2024-09-21T11:30:00,44,Inbound,QBR,Completed,8,0.55,43,5,True
899,4621,7,2024-06-04T13:30:00,0,Outbound,Negotiation,No Show,1,,,0,False
900,2560,8,2022-11-30T11:15:00,33,Outbound,Follow-Up,Completed,4,0.71,285,8,False
901,4207,13,2024-12-14T11:45:00,0,Outbound,Discovery,No Show,1,,,0,False
902,4921,13,2024-08-18T13:00:00,56,Outbound,Follow-Up,Completed,6,0.71,141,7,False
903,4355,14,2023-09-10T12:45:00,54,Inbound,Negotiation,Completed,8,0.56,130,13,False
904,3275,10,2024-07-07T08:45:00,0,Inbound,Negotiation,No Show,1,,,0,False
905,3582,8,2024-12-30T12:45:00,-47,Inbound,Discovery,Completed,5,0.72,193,8,False
906,2792,1,2024-12-05T16:15:00,24,Outbound,Demo,Rescheduled,1,,,0,False
907,336,6,2023-01-29T14:45:00,51,Outbound,Technical Deep Dive,Rescheduled,1,,,0,False
908,3149,1,2024-04-11T11:15:00,56,Outbound,Discovery,Completed,5,0.33,61,15,True
909,2408,9,2024-12-23T13:45:00,0,Outbound,Discovery,No Show,1,,,0,False
910,1466,1,2024-07-27T14:45:00,18,Outbound,QBR,Rescheduled,1,,,0,False
911,1089,9,2024-12-11T12:45:00,60,Outbound,Follow-Up,Completed,4,0.55,129,21,False
912,3977,5,2024-09-17T13:45:00,38,Inbound,Technical Deep Dive,Completed,7,0.4,55,11,False
913,1952,9,2030-06-15T10:00:00,42,Outbound,Demo,Completed,5,0.59,203,10,False
914,4845,15,2023-01-21T14:45:00,1,Outbound,Technical Deep Dive,Voicemail,1,,,0,False
915,3896,15,2024-09-02T09:30:00,44,Outbound,Check-In,Completed,4,0.65,47,1,True
916,4187,13,2024-12-30T15:15:00,56,Outbound,Check-In,Completed,6,0.47,113,4,True
917,1872,12,2024-12-29T13:00:00,50,Outbound,Demo,Completed,8,0.44,179,14,False
918,1017,12,2023-08-17T13:00:00,,Outbound,Discovery,Rescheduled,1,,,0,False
919,2112,12,2023-09-02T09:45:00,39,Outbound,Negotiation,Completed,7,0.69,93,2,True
920,2835,15,2030-06-15T10:00:00,3,Outbound,Negotiation,Voicemail,1,,,0,False
921,295,11,2024-12-07T13:45:00,26,Inbound,Check-In,Completed,8,0.55,43,6,False
922,1431,8,2023-11-20T15:45:00,15,Outbound,Negotiation,Rescheduled,1,,,0,False
923,3920,5,2023-02-04T11:00:00,36,Outbound,Negotiation,Completed,8,0.39,34,8,True
924,2779,5,2024-03-07T12:00:00,22,Outbound,Technical Deep Dive,Completed,2,0.59,188,20,True
925,4548,9,2024-04-14T14:45:00,56,Outbound,Demo,Completed,2,0.57,65,4,False
926,2623,4,2024-05-05T17:00:00,22,Outbound,Technical Deep Dive,Completed,8,0.56,114,11,True
927,2398,7,2024-01-13T10:00:00,16,Inbound,Negotiation,Completed,2,0.7,123,8,False
928,4928,5,2024-12-27T11:00:00,30,Inbound,Check-In,Completed,3,0.65,244,11,False
929,3766,12,2022-04-24T14:00:00,,Outbound,Follow-Up,Completed,6,0.44,171,11,True
930,938,1,2024-03-10T14:00:00,29,Outbound,Demo,Completed,6,0.52,70,18,True
931,478,4,2024-09-21T11:30:00,45,Outbound,QBR,Completed,8,0.4,59,18,False
932,409,14,2024-07-14T13:15:00,49,Outbound,Negotiation,Rescheduled,1,,,0,False
933,3073,9,2024-08-05T10:15:00,54,Outbound,Check-In,Completed,8,0.64,32,6,False
934,4593,10,2023-02-03T14:30:00,30,Inbound,Demo,Completed,3,0.4,127,6,False
935,4804,14,2024-05-22T13:45:00,0,Inbound,QBR,No Show,1,,,0,False
936,4295,5,2022-07-26T13:15:00,51,Outbound,Discovery,Rescheduled,1,,,0,False
937,1190,4,2023-04-23T13:45:00,47,Inbound,Technical Deep Dive,Completed,5,0.39,42,23,False
938,4838,15,2024-10-28T13:45:00,0,Inbound,Discovery,No Show,1,,,0,False
939,1534,13,2024-10-21T15:15:00,20,Outbound,Discovery,Completed,7,0.63,106,9,False
940,4604,3,2023-02-28T10:15:00,46,Outbound,Discovery,Completed,7,0.36,142,24,False
941,3525,11,2024-12-02T12:30:00,51,Outbound,Check-In,Completed,8,0.68,239,5,True
942,3947,5,2023-04-25T12:45:00,41,Outbound,Technical Deep Dive,Completed,2,0.57,168,15,False
943,1885,2,2021-11-04T16:15:00,0,Inbound,Negotiation,No Show,1,,,0,False
944,2217,13,2024-02-20T09:15:00,46,Inbound,Discovery,Rescheduled,1,,,0,False
945,3151,3,2024-12-23T17:45:00,17,Outbound,Demo,Completed,4,1.13,85,8,False
946,1452,5,2024-07-21T13:30:00,40,Inbound,QBR,Completed,8,0.37,55,13,False
947,1420,5,2023-03-02T14:30:00,0,Inbound,Technical Deep Dive,No Show,1,,,0,False
948,1473,6,2024-12-05T13:00:00,21,Outbound,Negotiation,Completed,2,0.46,42,14,True
949,4287,3,2023-10-05T10:15:00,44,Outbound,Technical Deep Dive,Completed,5,0.5,38,3,False
950,1890,9,2024-11-26T13:45:00,60,Outbound,Negotiation,Completed,6,0.38,153,10,True
951,2496,11,2024-10-26T11:00:00,38,Outbound,Negotiation,Completed,8,0.5,220,8,True
952,233,11,2024-12-29T13:30:00,44,Outbound,Discovery,Completed,6,0.73,110,5,True
953,3758,11,2023-11-23T14:15:00,,Outbound,Demo,Completed,5,0.65,45,3,True
954,1807,5,2024-11-17T17:45:00,50,Outbound,Demo,Completed,2,0.55,193,13,True
955,27,16,2024-12-13T12:30:00,19,Outbound,Follow-Up,Completed,2,0.87,31,4,False
956,181,15,2024-12-14T10:15:00,44,Outbound,Technical Deep Dive,Completed,7,0.52,149,12,True
957,3463,7,2023-09-28T16:30:00,46,Outbound,QBR,Completed,5,0.44,233,15,True
958,3646,13,2023-07-26T15:00:00,30,Outbound,Negotiation,Completed,7,0.67,291,4,False
959,869,16,2022-09-23T12:45:00,57,Inbound,Follow-Up,Completed,8,0.89,54,6,False
960,1483,15,2024-10-08T14:30:00,45,Outbound,QBR,Completed,4,0.75,130,13,False
961,1243,7,2024-10-03T09:45:00,33,Inbound,QBR,Completed,3,0.54,38,9,True
962,3874,9,2024-11-04T16:00:00,25,Outbound,Demo,Completed,6,1.05,81,10,False
963,4414,12,2024-01-19T10:00:00,25,Outbound,Technical Deep Dive,Completed,6,0.48,94,20,True
964,1897,11,2022-11-15T15:15:00,0,Inbound,Negotiation,No Show,1,,,0,False
965,1256,6,2024-05-18T12:00:00,1,Inbound,QBR,Voicemail,1,,,0,False
966,3318,13,2024-12-05T10:00:00,3,Inbound,Demo,Voicemail,1,,,0,False
967,2319,16,2024-12-29T13:45:00,36,Outbound,QBR,Completed,7,0.76,73,3,False
968,2110,8,2024-12-06T11:00:00,52,Inbound,Discovery,Completed,6,0.78,156,15,False
969,3882,4,2024-02-01T13:15:00,29,Outbound,QBR,Completed,4,0.41,126,18,True
970,4141,3,2023-07-08T10:15:00,36,Outbound,QBR,Completed,7,0.31,123,22,False
971,1842,12,2024-11-15T11:45:00,33,Outbound,QBR,Rescheduled,1,,,0,False
972,1452,5,2024-07-26T16:00:00,18,Outbound,Check-In,Completed,6,0.65,134,12,True
973,3453,7,2022-06-28T14:00:00,20,Outbound,Discovery,Completed,7,0.36,215,13,False
974,1698,8,2024-12-04T16:00:00,3,Outbound,Demo,Voicemail,1,,,0,False
975,3496,5,2023-06-27T08:00:00,25,Outbound,Check-In,Completed,8,0.69,130,12,True
976,290,7,2024-12-10T14:15:00,0,Inbound,Demo,No Show,1,,,0,False
977,319,12,2023-11-24T15:45:00,31,Outbound,Check-In,Completed,7,0.46,233,18,False
978,1946,15,2024-12-11T12:15:00,3,Outbound,Check-In,Voicemail,1,,,0,False
979,4879,16,2024-11-09T12:00:00,31,Outbound,QBR,Completed,8,0.55,33,11,False
980,3720,12,2022-12-14T10:30:00,29,Outbound,Discovery,Rescheduled,1,,,0,False
981,4816,16,2024-12-28T14:30:00,47,Outbound,Follow-Up,Completed,8,0.5,174,8,False
982,4753,6,2024-12-11T10:15:00,40,Outbound,Demo,Completed,4,0.65,234,5,False
983,1164,7,2024-12-12T13:15:00,23,Outbound,QBR,Completed,7,0.53,80,14,True
984,1363,13,2024-08-06T08:15:00,39,Outbound,QBR,Completed,5,0.56,167,11,True
985,3361,6,2024-12-26T16:30:00,3,Outbound,Technical Deep Dive,Voicemail,1,,,0,False
986,4793,4,2024-12-31T10:30:00,0,Outbound,QBR,No Show,1,,,0,False
987,4038,9,2021-12-14T09:30:00,53,Outbound,Negotiation,Completed,2,0.7,186,8,True
988,4880,2,2024-06-12T09:45:00,0,Outbound,Demo,No Show,1,,,0,False
989,4724,7,2024-10-08T15:15:00,41,Inbound,Negotiation,Rescheduled,1,,,0,False
990,2892,12,2023-08-20T14:30:00,50,Outbound,Negotiation,Completed,2,0.86,262,3,False
991,1595,12,2024-09-06T12:00:00,15,Outbound,Follow-Up,Completed,3,0.71,207,14,True
992,4641,14,2024-05-29T12:30:00,0,Outbound,Check-In,No Show,1,,,0,False
993,4205,9,2024-12-25T09:00:00,36,Outbound,QBR,Completed,3,0.65,248,10,False
994,1115,3,2022-09-09T10:30:00,39,Outbound,Follow-Up,Completed,6,0.55,75,4,True
995,4014,14,2024-07-17T12:45:00,54,Outbound,Demo,Completed,5,0.73,238,5,True
996,1551,14,2023-11-07T13:15:00,21,Outbound,Follow-Up,Completed,7,0.59,104,2,False
997,4898,3,2030-06-15T10:00:00,,Inbound,Technical Deep Dive,Completed,7,0.6,125,9,False
998,1922,12,2023-11-05T15:00:00,48,Inbound,Check-In,Completed,6,0.49,223,8,False
999,3788,16,2024-07-14T15:00:00,55,Outbound,Follow-Up,Completed,4,0.42,159,10,False
1000,2370,5,2024-04-15T13:45:00,57,Outbound,QBR,Completed,6,0.48,46,6,True
1001,4046,2,2023-10-02T09:15:00,,Outbound,QBR,Completed,5,0.6,187,6,True
1002,4002,16,2024-12-13T10:30:00,41,Inbound,Discovery,Completed,6,0.62,52,6,False
1003,3977,5,2024-09-27T14:30:00,0,Inbound,QBR,No Show,1,,,0,False
1004,4210,7,2024-12-04T14:30:00,34,Inbound,Check-In,Completed,6,0.55,53,15,True
1005,555,12,2024-04-03T16:00:00,34,Inbound,Follow-Up,Rescheduled,1,,,0,False
1006,3460,1,2022-05-01T09:30:00,29,Outbound,QBR,Completed,8,0.55,167,8,True
1007,357,5,2024-01-04T13:30:00,24,Outbound,Check-In,Completed,2,0.54,187,4,False
1008,107,14,2024-01-30T16:00:00,-2,Inbound,Technical Deep Dive,Voicemail,1,,,0,False
1009,842,5,2024-04-12T12:45:00,21,Outbound,Technical Deep Dive,Completed,2,0.58,231,11,True
1010,1647,8,2024-02-11T10:00:00,33,Inbound,Discovery,Completed,8,0.35,168,7,False
1011,336,6,2023-02-03T12:45:00,48,Inbound,Check-In,Completed,6,0.68,50,14,True
1012,1320,6,2023-09-13T10:30:00,44,Inbound,Technical Deep Dive,Completed,5,0.52,114,16,False
1013,949,9,2024-05-22T12:45:00,16,Outbound,Check-In,Completed,7,0.64,42,14,True
1014,4487,7,2024-07-30T13:00:00,37,Outbound,QBR,Completed,4,0.54,133,12,True
1015,63,4,2030-06-15T10:00:00,48,Outbound,Demo,Rescheduled,1,,,0,False
1016,102,10,2024-08-06T11:30:00,0,Outbound,QBR,No Show,1,,,0,False
1017,1481,13,2023-08-18T10:45:00,15,Inbound,Technical Deep Dive,Completed,7,0.51,83,6,False
1018,4078,13,2024-12-12T11:45:00,31,Outbound,Discovery,Completed,5,0.9,76,1,True
1019,3003,14,2022-05-06T17:30:00,1,Inbound,Discovery,Voicemail,1,,,0,False
1020,286,8,2023-09-01T12:45:00,20,Inbound,Demo,Completed,8,0.6,187,18,True
1021,25,13,2024-10-11T10:45:00,17,Outbound,Negotiation,Completed,2,0.77,71,8,False
1022,1784,1,2021-08-25T10:30:00,22,Outbound,Check-In,Completed,2,0.56,205,4,True
1023,62,8,2024-12-12T13:45:00,3,Inbound,Demo,Voicemail,1,,,0,False
1024,4212,3,2024-09-14T11:45:00,55,Outbound,Follow-Up,Rescheduled,1,,,0,False
1025,2745,4,2024-12-08T10:45:00,26,Outbound,Demo,Completed,8,0.44,103,16,False
1026,950,2,2023-10-16T10:15:00,29,Outbound,Discovery,Rescheduled,1,,,0,False
1027,4246,14,2024-01-10T12:45:00,53,Inbound,Demo,Completed,2,0.51,106,7,False
1028,3156,3,2024-07-12T14:00:00,51,Inbound,Demo,Completed,6,0.53,218,7,False
1029,408,14,2024-12-06T12:30:00,30,Inbound,Check-In,Completed,2,0.64,65,4,False
1030,3605,8,2024-07-01T13:45:00,57,Outbound,Check-In,Completed,5,0.85,254,4,False
1031,2602,12,2024-04-05T14:45:00,-22,Inbound,QBR,Completed,3,0.38,187,9,False
1032,3369,12,2024-12-01T13:00:00,34,Outbound,Check-In,Completed,7,0.52,48,20,True
1033,406,2,2023-07-16T11:15:00,45,Outbound,Negotiation,Completed,4,0.4,81,22,False
1034,64,7,2021-02-12T10:30:00,23,Outbound,Discovery,Rescheduled,1,,,0,False
1035,3547,2,2024-11-02T15:00:00,60,Outbound,Check-In,Completed,5,0.35,123,7,True
1036,4984,16,2024-12-14T12:00:00,45,Outbound,Check-In,Completed,7,0.66,178,11,False
1037,1080,14,2023-08-28T16:00:00,41,Inbound,Follow-Up,Completed,7,0.77,198,10,False
1038,3541,3,2024-12-16T16:45:00,17,Inbound,QBR,Completed,6,0.45,105,4,True
1039,1927,2,2024-02-10T12:15:00,35,Outbound,Demo,Completed,4,0.52,207,16,True
1040,303,15,2024-12-19T14:45:00,29,Outbound,QBR,Rescheduled,1,,,0,False
1041,524,7,2022-12-09T13:15:00,33,Outbound,Discovery,Rescheduled,1,,,0,False
1042,2399,4,2023-08-19T17:00:00,22,Outbound,Check-In,Completed,6,0.84,279,12,False
1043,1026,4,2023-12-17T17:30:00,45,Outbound,Check-In,Completed,2,0.46,115,18,False
1044,4191,11,2021-11-15T16:15:00,29,Outbound,Check-In,Completed,3,0.69,135,5,False
1045,4223,6,2024-06-04T09:30:00,58,Outbound,QBR,Completed,4,0.45,225,5,False
1046,2499,8,2023-10-30T14:30:00,0,Outbound,Technical Deep Dive,No Show,1,,,0,False
1047,2617,9,2023-06-26T13:15:00,37,Inbound,Discovery,Completed,7,0.71,143,18,False
1048,4032,14,2024-09-14T14:45:00,2,Outbound,Demo,Voicemail,1,,,0,False
1049,385,2,2030-06-15T10:00:00,33,Inbound,Follow-Up,Completed,5,0.45,227,7,True
1050,1331,9,2024-01-23T13:00:00,27,Outbound,Negotiation,Completed,7,0.61,163,8,False
1051,914,9,2024-08-19T12:15:00,3,Outbound,Follow-Up,Voicemail,1,,,0,False
1052,4561,5,2024-12-26T10:45:00,21,Outbound,Check-In,Completed,6,0.43,173,19,False
1053,4650,15,2024-12-13T12:45:00,25,Inbound,Negotiation,Completed,2,0.44,173,15,False
1054,45,7,2024-07-27T10:45:00,24,Outbound,Demo,Completed,2,0.53,89,11,False
1055,192,16,2024-06-05T12:45:00,56,Outbound,Demo,Completed,4,0.44,56,12,True
1056,3638,9,2024-04-03T16:00:00,31,Outbound,QBR,Completed,4,0.58,149,11,True
1057,945,2,2024-09-05T13:30:00,59,Outbound,Technical Deep Dive,Rescheduled,1,,,0,False
1058,716,6,2024-11-02T16:15:00,0,Outbound,QBR,No Show,1,,,0,False
1059,2493,12,2030-06-15T10:00:00,59,Inbound,QBR,Completed,5,0.59,140,3,True
1060,3882,4,2024-03-01T15:45:00,45,Outbound,Check-In,Rescheduled,1,,,0,False
1061,3306,6,2030-06-15T10:00:00,47,Outbound,Demo,Completed,2,0.54,102,5,False
1062,4440,16,2024-12-31T10:00:00,34,Outbound,QBR,Completed,4,0.62,70,14,True
1063,125,3,2024-12-15T15:15:00,31,Outbound,Demo,Completed,2,0.4,195,7,False
1064,1202,10,2024-07-01T10:00:00,18,Inbound,Technical Deep Dive,Completed,8,0.69,46,4,True
1065,1124,2,2024-09-30T14:15:00,52,Inbound,Demo,Completed,6,0.56,216,14,True
1066,4346,13,2024-11-06T15:15:00,28,Outbound,QBR,Completed,8,0.59,141,11,False
1067,1203,12,2024-12-06T12:15:00,45,Inbound,Technical Deep Dive,Completed,5,0.55,81,14,True
1068,4113,6,2024-11-19T14:30:00,36,Outbound,Negotiation,Completed,5,0.59,189,16,True
1069,3872,11,2024-06-14T15:15:00,29,Outbound,Technical Deep Dive,Completed,2,0.47,147,8,True
1070,2697,10,2024-12-27T13:45:00,27,Outbound,Check-In,Completed,2,0.5,115,7,True
1071,4140,13,2024-07-18T16:30:00,41,Inbound,Follow-Up,Completed,4,0.59,180,9,False
1072,3250,2,2022-04-15T14:30:00,30,Outbound,Demo,Completed,5,0.56,121,9,True
1073,3346,6,2024-10-29T12:00:00,29,Outbound,Check-In,Completed,5,0.54,72,5,True
1074,4994,7,2022-01-05T11:30:00,3,Outbound,Follow-Up,Voicemail,1,,,0,False
1075,570,16,2024-11-29T11:00:00,29,Outbound,Follow-Up,Completed,4,0.44,101,4,True
1076,644,10,2020-08-25T11:30:00,31,Outbound,Check-In,Completed,4,0.47,230,11,False
1077,4322,9,2024-01-08T11:45:00,38,Outbound,Discovery,Completed,3,0.44,186,10,True
1078,3787,8,2024-12-04T12:00:00,32,Outbound,Demo,Completed,7,0.54,230,12,True
1079,3544,16,2023-05-20T10:30:00,32,Outbound,Technical Deep Dive,Rescheduled,1,,,0,False
1080,4044,7,2024-04-27T10:30:00,58,Inbound,Discovery,Completed,6,0.49,54,17,True
1081,2794,14,2023-09-10T10:30:00,0,Outbound,Check-In,No Show,1,,,0,False
1082,4237,6,2024-09-24T12:00:00,34,Inbound,Check-In,Completed,5,0.63,176,13,False
1083,4530,7,2024-03-02T10:00:00,39,Inbound,Follow-Up,Completed,4,0.43,162,20,False
1084,2769,8,2023-03-06T12:45:00,42,Outbound,Technical Deep Dive,Completed,7,1.39,183,19,True
1085,1211,9,2024-06-24T16:45:00,1,Inbound,Check-In,Voicemail,1,,,0,False
1086,1990,15,2024-12-24T11:30:00,20,Outbound,Discovery,Completed,5,0.71,60,13,True
1087,1147,7,2024-12-04T10:00:00,20,Outbound,Check-In,Completed,2,0.54,209,6,False
1088,1451,11,2023-09-06T13:15:00,1,Outbound,Follow-Up,Voicemail,1,,,0,False
1089,4888,13,2023-12-10T16:45:00,17,Outbound,Follow-Up,Completed,6,0.73,139,8,False
1090,3633,11,2024-12-10T15:30:00,32,Inbound,Follow-Up,Completed,4,0.65,222,3,False
1091,2428,11,2023-12-14T10:15:00,55,Outbound,Discovery,Rescheduled,1,,,0,False
1092,3360,11,2024-12-15T12:45:00,,Outbound,Technical Deep Dive,Completed,8,0.69,110,12,True
1093,520,11,2024-01-12T11:30:00,39,Outbound,Negotiation,Completed,4,0.68,93,7,False
1094,2163,4,2024-11-13T15:45:00,47,Inbound,Check-In,Rescheduled,1,,,0,False
1095,1603,16,2024-12-22T10:00:00,57,Inbound,Discovery,Completed,5,0.53,65,8,False
1096,2167,3,2020-10-28T13:45:00,15,Outbound,Technical Deep Dive,Completed,8,0.49,158,13,True
1097,792,9,2023-05-23T14:00:00,38,Inbound,Check-In,Completed,7,0.58,171,3,False
1098,4904,4,2024-05-03T11:45:00,59,Outbound,Negotiation,Completed,8,0.36,174,10,True
1099,3917,8,2024-05-11T10:45:00,57,Outbound,Demo,Completed,5,0.4,225,16,False
1100,528,16,2024-12-26T13:30:00,21,Outbound,Demo,Completed,3,0.54,71,4,True
1101,536,16,2024-10-31T10:30:00,53,Outbound,Follow-Up,Completed,5,0.66,49,8,False
1102,2842,5,2024-08-16T11:30:00,38,Inbound,Demo,Completed,3,0.39,152,6,True
1103,1880,11,2024-12-30T11:00:00,19,Outbound,Demo,Completed,8,0.55,65,9,False
1104,2935,4,2024-10-02T10:30:00,16,Outbound,Follow-Up,Completed,3,0.36,237,19,True
1105,523,8,2022-03-09T15:45:00,26,Outbound,Check-In,Completed,6,0.76,102,5,False
1106,786,7,2022-12-19T12:00:00,21,Inbound,Demo,Completed,7,0.52,218,5,True
1107,4501,14,2024-12-31T09:45:00,0,Outbound,Technical Deep Dive,No Show,1,,,0,False
1108,1481,15,2024-10-03T11:30:00,47,Inbound,Discovery,Completed,3,0.65,76,6,True
1109,3774,7,2024-04-27T14:30:00,46,Inbound,Negotiation,Completed,6,0.39,77,6,True
1110,4310,6,2024-11-04T10:30:00,-37,Inbound,QBR,Rescheduled,1,,,0,False
1111,3862,1,2021-05-28T14:45:00,39,Outbound,Discovery,Completed,2,0.34,119,27,True
1112,3295,16,2024-12-26T13:15:00,57,Outbound,Discovery,Completed,6,0.69,41,4,False
1113,4507,15,2024-12-31T13:45:00,34,Outbound,Negotiation,Completed,4,0.74,186,8,True
1114,3548,12,2024-12-20T13:00:00,55,Outbound,QBR,Completed,8,0.53,151,7,True
1115,3845,8,2024-06-10T10:30:00,16,Outbound,Technical Deep Dive,Completed,2,0.43,172,18,False
1116,4956,6,2024-12-07T12:15:00,37,Outbound,Check-In,Completed,4,0.82,87,13,False
1117,4394,16,2024-12-12T14:15:00,42,Outbound,Technical Deep Dive,Completed,6,0.74,101,12,True
1118,4186,16,2024-04-20T11:00:00,33,Outbound,QBR,Completed,2,0.67,159,4,False
1119,1337,9,2030-06-15T10:00:00,50,Outbound,Demo,Completed,6,0.75,30,7,True
1120,4402,16,2024-12-25T13:30:00,21,Outbound,Check-In,Completed,6,0.47,213,5,True
1121,2413,2,2024-12-25T15:30:00,0,Outbound,Negotiation,No Show,1,,,0,False
1122,1031,15,2024-09-21T11:45:00,38,Outbound,QBR,Completed,8,0.59,205,4,False
1123,1347,6,2024-07-25T10:15:00,57,Outbound,QBR,Completed,8,0.35,115,11,True
1124,1586,16,2024-12-07T13:15:00,56,Outbound,Check-In,Completed,4,0.69,153,8,True
1125,1067,8,2024-05-30T14:45:00,60,Inbound,Follow-Up,Completed,8,0.61,116,15,False
1126,1767,7,2024-11-14T11:30:00,,Outbound,QBR,No Show,1,,,0,False
1127,4981,15,2023-07-18T11:00:00,34,Outbound,Technical Deep Dive,Completed,8,0.52,116,12,True
1128,612,1,2022-02-26T11:30:00,,Outbound,QBR,Completed,7,0.53,175,18,True
1129,380,9,2021-01-13T09:15:00,39,Outbound,Demo,Completed,7,0.61,96,8,True
1130,4755,9,2023-05-08T09:00:00,32,Inbound,Negotiation,Completed,2,0.7,69,14,True
1131,1051,13,2021-11-02T10:00:00,18,Inbound,QBR,Completed,5,0.71,197,5,False
1132,948,10,2022-08-10T16:45:00,58,Outbound,Negotiation,Completed,6,0.47,37,18,False
1133,3037,4,2023-05-24T14:00:00,23,Outbound,Negotiation,Completed,4,0.35,201,17,False
1134,2734,5,2024-11-20T15:00:00,50,Inbound,Technical Deep Dive,Completed,3,0.34,30,9,True
1135,2971,14,2021-03-10T09:15:00,50,Inbound,QBR,Rescheduled,1,,,0,False
1136,1210,9,2024-10-27T11:45:00,-20,Outbound,Follow-Up,Completed,2,0.74,233,13,False
1137,2705,12,2021-11-27T13:00:00,26,Outbound,Demo,Completed,6,0.75,282,1,False
1138,363,8,2024-02-14T11:30:00,47,Outbound,Follow-Up,Completed,5,0.51,94,15,False
1139,3208,16,2024-10-06T16:15:00,53,Outbound,Negotiation,Completed,5,0.52,150,12,False
1140,683,8,2024-12-20T14:30:00,18,Inbound,QBR,Completed,6,1.28,86,15,True
1141,1159,3,2024-10-04T15:00:00,27,Outbound,Check-In,Completed,4,0.36,153,14,False
1142,1723,15,2024-12-04T13:15:00,2,Outbound,Demo,Voicemail,1,,,0,False
1143,2326,6,2021-11-17T14:30:00,60,Outbound,QBR,Completed,3,0.52,156,10,False
1144,2546,6,2020-11-11T16:00:00,59,Inbound,Demo,Completed,6,0.59,39,9,True
1145,1958,9,2022-01-02T15:30:00,57,Outbound,Technical Deep Dive,Completed,3,0.68,203,12,True
1146,1101,5,2024-12-20T09:15:00,0,Inbound,Negotiation,No Show,1,,,0,False
1147,4165,1,2024-08-17T15:15:00,33,Outbound,Follow-Up,Rescheduled,1,,,0,False
1148,2816,14,2024-12-18T16:45:00,50,Outbound,Follow-Up,Completed,3,0.76,55,7,False
1149,989,4,2022-08-16T17:30:00,0,Outbound,Technical Deep Dive,No Show,1,,,0,False
1150,2400,10,2023-06-07T14:30:00,59,Inbound,Discovery,Completed,8,0.48,114,21,True
1151,2181,12,2024-03-04T12:45:00,27,Outbound,Check-In,Rescheduled,1,,,0,False
1152,2870,6,2024-06-13T17:15:00,45,Inbound,Technical Deep Dive,Completed,4,0.58,60,5,False
1153,3268,11,2024-06-12T12:30:00,24,Outbound,Technical Deep Dive,Rescheduled,1,,,0,False
1154,3907,16,2024-11-19T15:15:00,54,Outbound,Technical Deep Dive,Completed,2,0.55,233,5,False
1155,57,8,2024-10-01T12:45:00,0,Inbound,Negotiation,No Show,1,,,0,False
1156,324,9,2024-02-03T09:30:00,41,Outbound,Discovery,Completed,5,0.56,57,10,True
1157,932,1,2021-06-02T10:00:00,50,Inbound,Negotiation,Completed,2,0.48,294,7,False
1158,132,16,2024-12-19T13:00:00,51,Outbound,Negotiation,Completed,8,0.77,195,4,False
1159,1839,15,2024-04-18T13:30:00,49,Outbound,Check-In,Completed,4,0.52,161,8,True
1160,3571,14,2021-12-14T13:45:00,58,Outbound,Check-In,Rescheduled,1,,,0,False
1161,1543,13,2024-12-09T13:45:00,30,Inbound,Check-In,Completed,3,0.77,162,2,False
1162,4626,16,2024-01-24T15:30:00,51,Outbound,Technical Deep Dive,Completed,3,0.58,92,9,False
1163,1159,3,2030-06-15T10:00:00,36,Outbound,Check-In,Completed,7,0.45,174,28,True
1164,3601,12,2024-12-30T10:15:00,,Outbound,Technical Deep Dive,Rescheduled,1,,,0,False
1165,1801,3,2024-12-31T13:45:00,0,Inbound,Discovery,No Show,1,,,0,False
1166,1953,7,2024-07-22T10:00:00,,Inbound,Technical Deep Dive,No Show,1,,,0,False
1167,3924,12,2024-06-01T11:00:00,-38,Outbound,Check-In,Completed,5,0.38,153,21,True
1168,1349,7,2024-04-04T09:45:00,51,Inbound,Follow-Up,Completed,6,0.53,208,6,False
1169,2412,13,2021-07-19T09:15:00,30,Outbound,Technical Deep Dive,Completed,2,1.22,74,5,False
1170,4834,16,2024-12-05T08:00:00,44,Outbound,Demo,Completed,4,0.54,104,12,True
1171,3680,4,2024-03-24T12:15:00,18,Outbound,Follow-Up,Completed,2,0.37,128,6,True
1172,4666,10,2022-06-22T16:30:00,1,Outbound,Discovery,Voicemail,1,,,0,False
1173,317,12,2022-08-30T16:15:00,45,Outbound,Discovery,Completed,8,0.44,144,15,False
1174,1819,13,2023-03-08T10:30:00,48,Outbound,Check-In,Rescheduled,1,,,0,False
1175,3374,9,2023-04-08T17:00:00,24,Inbound,Negotiation,Completed,5,0.51,156,10,False
1176,66,16,2024-12-26T13:45:00,38,Inbound,Discovery,Completed,4,0.74,164,12,True
1177,2441,7,2023-05-28T15:15:00,20,Outbound,Check-In,Completed,2,0.44,50,18,False
1178,1197,4,2021-10-01T10:30:00,26,Outbound,Technical Deep Dive,Rescheduled,1,,,0,False
1179,3927,15,2024-10-13T10:15:00,19,Inbound,Negotiation,Completed,4,0.68,188,12,False
1180,1761,9,2022-02-08T11:30:00,0,Outbound,Follow-Up,No Show,1,,,0,False
1181,509,7,2024-07-27T13:45:00,43,Outbound,Discovery,Completed,6,0.46,232,20,True
1182,3840,11,2024-12-25T09:00:00,55,Inbound,QBR,Completed,3,0.62,164,16,True
1183,648,4,2024-05-14T15:45:00,35,Outbound,Negotiation,Completed,7,0.4,84,16,False
1184,3949,12,2024-12-27T10:30:00,50,Inbound,QBR,Completed,5,0.34,60,15,True
1185,3054,1,2023-11-27T12:30:00,18,Outbound,Demo,Completed,3,0.6,30,20,True
1186,3702,9,2022-09-11T12:45:00,39,Outbound,Technical Deep Dive,Completed,8,0.51,34,18,False
1187,1146,6,2024-12-19T11:15:00,19,Inbound,QBR,Completed,3,0.67,114,3,False
1188,2219,10,2024-12-03T12:15:00,2,Outbound,Demo,Voicemail,1,,,0,False
1189,1108,7,2024-08-13T14:30:00,33,Outbound,Check-In,Completed,5,0.41,234,4,True
1190,4747,2,2024-04-12T10:30:00,0,Inbound,Check-In,No Show,1,,,0,False
1191,4230,4,2024-09-28T12:15:00,36,Inbound,Technical Deep Dive,Completed,4,0.44,190,6,False
1192,2964,9,2030-06-15T10:00:00,57,Outbound,Technical Deep Dive,Completed,7,0.57,75,10,False
1193,3949,12,2024-12-28T10:30:00,,Outbound,Follow-Up,Completed,3,0.42,157,16,False
1194,1869,5,2024-08-19T15:30:00,22,Outbound,Negotiation,Completed,7,0.39,114,16,False
1195,4952,4,2024-10-03T13:00:00,0,Outbound,Discovery,No Show,1,,,0,False
1196,3114,1,2024-07-17T15:45:00,44,Inbound,Follow-Up,Completed,8,0.64,107,24,True
1197,2832,7,2024-03-04T13:45:00,55,Outbound,Follow-Up,Completed,6,0.67,135,19,False
1198,1065,7,2023-09-15T13:30:00,15,Inbound,QBR,Completed,7,0.57,150,12,False
1199,3077,8,2024-11-14T13:15:00,60,Outbound,Discovery,Completed,7,0.48,189,19,False
1200,647,9,2022-05-19T13:00:00,37,Inbound,QBR,Completed,6,0.53,60,15,True
1201,4137,7,2024-05-19T11:45:00,3,Outbound,Check-In,Voicemail,1,,,0,False
1202,1017,12,2023-08-23T12:00:00,0,Outbound,Check-In,No Show,1,,,0,False
1203,1609,4,2023-05-22T12:15:00,56,Outbound,Discovery,Completed,8,0.6,147,17,False
1204,2851,15,2024-08-31T08:15:00,30,Outbound,Discovery,Completed,5,0.58,211,10,False
1205,1336,14,2024-09-30T13:15:00,21,Inbound,Technical Deep Dive,Completed,5,0.64,76,12,False
1206,1993,13,2023-07-29T13:45:00,23,Outbound,Follow-Up,Completed,8,0.44,194,4,False
1207,2558,2,2024-11-21T11:45:00,49,Inbound,Check-In,Completed,6,0.58,124,3,False
1208,819,7,2022-01-27T14:30:00,46,Outbound,Technical Deep Dive,Completed,7,0.5,31,25,False
1209,1406,7,2023-03-11T13:45:00,51,Outbound,Negotiation,Completed,4,0.39,89,12,True
1210,2113,3,2022-11-01T13:30:00,3,Outbound,Technical Deep Dive,Voicemail,1,,,0,False
1211,4766,7,2024-12-20T13:15:00,17,Outbound,Follow-Up,Completed,4,0.65,172,7,True
1212,2087,7,2024-07-16T11:00:00,0,Inbound,Check-In,No Show,1,,,0,False
1213,2316,6,2023-03-23T14:00:00,22,Outbound,Follow-Up,Completed,3,0.63,144,10,False
1214,2237,7,2021-11-13T10:45:00,32,Inbound,QBR,Completed,8,0.67,96,7,False
1215,4953,15,2024-10-03T15:00:00,20,Outbound,Check-In,Completed,2,0.45,67,15,False
1216,2597,2,2024-12-17T15:15:00,-39,Inbound,QBR,Completed,2,0.48,143,10,True
1217,4632,4,2024-12-17T17:45:00,19,Outbound,Demo,Completed,3,0.68,65,10,False
1218,500,9,2023-10-13T11:00:00,42,Outbound,Check-In,Completed,3,0.75,205,2,True
1219,1714,5,2023-01-16T10:15:00,54,Outbound,Check-In,Completed,5,0.62,232,12,True
1220,2431,10,2024-12-07T11:45:00,0,Inbound,Technical Deep Dive,No Show,1,,,0,False
1221,971,1,2024-08-10T13:00:00,36,Inbound,QBR,Completed,4,0.57,58,10,False
1222,4907,5,2024-12-26T17:00:00,56,Outbound,Negotiation,Rescheduled,1,,,0,False
1223,3209,3,2024-02-17T08:15:00,38,Outbound,Check-In,Completed,7,0.39,107,10,False
1224,3559,7,2024-05-04T16:00:00,45,Outbound,Discovery,Completed,3,0.65,124,7,True
1225,3139,4,2024-12-28T14:30:00,37,Outbound,Discovery,Completed,5,0.44,163,19,False
1226,275,13,2022-03-21T09:00:00,58,Outbound,QBR,Completed,6,0.69,43,2,True
1227,505,9,2024-12-13T13:15:00,31,Outbound,Technical Deep Dive,Completed,2,0.61,130,9,False
1228,4184,2,2023-02-11T09:15:00,37,Outbound,Check-In,Completed,8,0.39,63,8,False
1229,297,14,2024-12-07T15:30:00,39,Inbound,Follow-Up,Completed,7,0.67,129,7,False
1230,2970,5,2023-04-10T14:45:00,26,Outbound,Follow-Up,Completed,3,0.38,169,16,False
1231,2869,11,2030-06-15T10:00:00,52,Inbound,Demo,Completed,7,0.57,98,13,False
1232,4928,5,2024-11-05T12:00:00,20,Outbound,Discovery,Completed,2,0.57,212,4,False
1233,727,7,2024-05-20T13:00:00,60,Outbound,Demo,Completed,2,0.36,51,16,True
1234,546,5,2024-12-16T09:30:00,31,Outbound,Technical Deep Dive,Completed,4,0.45,170,11,False
1235,2467,8,2024-12-13T10:15:00,33,Outbound,Discovery,Completed,6,0.41,141,10,True
1236,4788,10,2024-11-01T10:15:00,38,Outbound,Demo,Completed,2,0.6,198,18,False
1237,88,15,2024-06-19T15:30:00,17,Outbound,Follow-Up,Completed,8,0.63,181,7,False
1238,2064,16,2024-10-12T15:45:00,2,Outbound,Technical Deep Dive,Voicemail,1,,,0,False
1239,1211,9,2024-05-01T10:30:00,29,Outbound,Check-In,Completed,7,0.34,105,12,True
1240,1467,11,2023-05-25T14:30:00,15,Outbound,Technical Deep Dive,Completed,7,0.49,164,7,False
1241,3011,14,2024-12-04T16:15:00,46,Inbound,Negotiation,Completed,7,0.67,149,11,True
1242,2537,2,2024-09-01T11:15:00,57,Outbound,Technical Deep Dive,Rescheduled,1,,,0,False
1243,571,6,2021-07-14T10:30:00,47,Outbound,Technical Deep Dive,Rescheduled,1,,,0,False
1244,3136,15,2024-12-08T10:00:00,17,Outbound,Negotiation,Completed,8,1.03,60,7,True
1245,3581,9,2020-12-02T13:30:00,0,Inbound,Negotiation,No Show,1,,,0,False
1246,4737,16,2024-12-24T16:00:00,21,Inbound,Follow-Up,Completed,7,0.9,243,4,False
1247,1792,12,2024-02-17T10:45:00,19,Outbound,Discovery,Rescheduled,1,,,0,False
1248,2459,14,2022-01-31T14:15:00,41,Outbound,Technical Deep Dive,Completed,8,0.55,43,7,False
1249,2553,5,2024-12-31T10:45:00,16,Outbound,Discovery,Completed,2,0.46,222,16,True
1250,207,8,2024-12-09T14:30:00,41,Outbound,Discovery,Completed,3,0.4,162,7,False
1251,2182,1,2024-07-10T16:45:00,18,Inbound,Technical Deep Dive,Rescheduled,1,,,0,False
1252,519,11,2024-08-02T11:00:00,54,Inbound,Demo,Completed,3,0.51,187,4,False
1253,2409,9,2024-12-03T17:15:00,1,Outbound,Follow-Up,Voicemail,1,,,0,False
1254,559,1,2024-05-03T13:00:00,25,Outbound,Demo,Completed,7,0.38,153,8,True
1255,3103,6,2024-08-18T14:45:00,30,Inbound,Discovery,Completed,4,0.55,191,15,False
1256,2958,1,2024-12-04T11:30:00,32,Outbound,Discovery,Completed,8,0.62,201,7,True
1257,3256,1,2024-11-17T15:30:00,57,Outbound,Discovery,Completed,5,0.63,208,4,True
1258,4024,14,2023-02-01T13:30:00,0,Inbound,Follow-Up,No Show,1,,,0,False
1259,1972,11,2023-09-29T15:15:00,44,Outbound,Demo,Completed,8,0.56,207,7,False
1260,4564,1,2024-12-17T11:00:00,27,Inbound,QBR,Completed,8,0.49,104,8,True
1261,4174,14,2030-06-15T10:00:00,19,Outbound,Demo,Completed,6,0.71,138,14,False
1262,3097,5,2024-03-25T13:15:00,46,Outbound,Follow-Up,Completed,4,0.43,146,4,False
1263,369,16,2024-12-13T12:00:00,52,Outbound,Check-In,Completed,4,0.6,46,12,False
1264,2406,13,2024-12-18T11:15:00,23,Outbound,Follow-Up,Completed,6,0.7,116,11,False
1265,2779,5,2024-01-21T14:15:00,52,Inbound,Technical Deep Dive,Completed,8,0.36,35,9,True
1266,1020,2,2022-08-05T13:00:00,17,Outbound,Technical Deep Dive,Completed,5,0.58,236,9,False
1267,919,3,2022-09-11T14:15:00,24,Outbound,Check-In,Completed,3,0.66,183,6,False
1268,4314,13,2023-01-31T13:30:00,-24,Outbound,Negotiation,Completed,8,0.49,52,11,False
1269,1415,12,2023-10-28T16:45:00,0,Outbound,Follow-Up,No Show,1,,,0,False
1270,1404,6,2024-11-04T10:15:00,19,Inbound,Discovery,Completed,7,0.37,99,17,False
1271,4035,15,2024-12-11T16:45:00,3,Outbound,Check-In,Voicemail,1,,,0,False
1272,3283,8,2023-01-30T11:45:00,0,Outbound,Technical Deep Dive,No Show,1,,,0,False
1273,539,8,2024-04-16T14:30:00,26,Outbound,Negotiation,Completed,3,0.64,170,4,True
1274,1954,16,2024-11-18T14:00:00,2,Outbound,Demo,Voicemail,1,,,0,False
1275,766,16,2024-12-19T14:30:00,25,Inbound,Discovery,Completed,8,0.6,231,12,True
1276,3486,8,2024-12-25T14:15:00,18,Outbound,Technical Deep Dive,Completed,2,0.56,106,4,False
1277,2101,14,2023-12-08T14:00:00,3,Outbound,Demo,Voicemail,1,,,0,False
1278,367,16,2024-12-15T11:30:00,51,Inbound,Negotiation,Completed,3,0.43,205,5,True
1279,168,8,2024-12-22T11:30:00,1,Inbound,QBR,Voicemail,1,,,0,False
1280,3192,13,2024-12-30T12:45:00,0,Inbound,QBR,No Show,1,,,0,False
1281,681,5,2023-01-11T11:45:00,36,Outbound,Follow-Up,Completed,2,0.44,141,9,True
1282,4943,6,2024-11-15T10:30:00,28,Outbound,Demo,Rescheduled,1,,,0,False
1283,4435,12,2024-09-29T12:00:00,43,Outbound,Negotiation,Rescheduled,1,,,0,False
1284,3572,6,2024-10-02T15:30:00,53,Outbound,Follow-Up,Completed,5,0.54,77,18,False
1285,3480,1,2030-06-15T10:00:00,44,Outbound,Follow-Up,Completed,3,0.52,74,2,False
1286,4980,14,2023-07-29T12:15:00,28,Inbound,Check-In,Completed,5,0.5,83,4,False
1287,2342,9,2024-12-20T15:00:00,55,Inbound,Check-In,Rescheduled,1,,,0,False
1288,524,15,2024-10-08T09:45:00,29,Outbound,Negotiation,Completed,7,0.9,298,1,True
1289,1567,5,2020-12-22T15:45:00,39,Outbound,Negotiation,Completed,2,0.67,134,7,False
1290,1806,12,2024-09-05T15:30:00,43,Outbound,Technical Deep Dive,Completed,7,0.43,193,7,True
1291,4738,11,2021-09-15T10:30:00,0,Outbound,Discovery,No Show,1,,,0,False
1292,3547,2,2024-08-14T14:00:00,24,Outbound,Demo,Completed,4,0.49,145,9,True
1293,1788,9,2023-06-24T13:00:00,44,Inbound,Follow-Up,Completed,7,0.64,85,4,False
1294,1102,4,2021-10-19T14:45:00,41,Inbound,Technical Deep Dive,Completed,6,0.65,87,10,False
1295,14,4,2024-12-07T13:15:00,57,Outbound,Demo,Rescheduled,1,,,0,False
1296,2128,1,2023-08-27T09:00:00,31,Outbound,Technical Deep Dive,Completed,2,0.58,61,19,True
1297,1143,13,2023-03-11T09:15:00,30,Inbound,Negotiation,Completed,5,0.56,46,7,False
1298,619,5,2024-03-05T15:15:00,3,Outbound,Demo,Voicemail,1,,,0,False
1299,4195,1,2023-11-12T16:30:00,45,Inbound,Discovery,Completed,2,0.62,221,3,False
1300,665,7,2024-11-21T09:45:00,56,Outbound,Negotiation,Completed,5,0.55,202,7,True
1301,4289,3,2030-06-15T10:00:00,41,Outbound,QBR,Completed,8,0.55,149,24,True
1302,2798,14,2024-11-03T11:15:00,24,Outbound,Demo,Completed,7,0.89,204,4,False
1303,2466,2,2024-05-13T12:15:00,30,Outbound,Follow-Up,Completed,6,0.45,149,14,False
1304,4252,10,2024-05-05T15:30:00,42,Inbound,Technical Deep Dive,Completed,6,0.46,96,17,True
1305,2517,7,2024-11-24T11:45:00,0,Inbound,Check-In,No Show,1,,,0,False
1306,1073,10,2022-01-24T15:15:00,57,Outbound,Follow-Up,Completed,4,0.54,152,17,False
1307,2589,4,2024-11-23T10:00:00,44,Outbound,Follow-Up,Completed,3,0.37,110,8,False
1308,2918,4,2024-01-04T14:45:00,46,Outbound,Discovery,Completed,4,0.56,271,13,True
1309,3668,1,2024-11-10T10:30:00,48,Outbound,Follow-Up,Completed,7,0.58,121,7,False
1310,3590,4,2023-07-14T14:30:00,36,Outbound,Demo,Completed,8,0.62,32,11,False
1311,297,14,2024-12-20T16:15:00,41,Inbound,Demo,Completed,7,0.73,54,6,False
1312,4929,2,2024-09-30T09:15:00,42,Outbound,Discovery,Completed,6,0.38,110,28,True
1313,102,10,2024-08-23T12:45:00,3,Inbound,QBR,Voicemail,1,,,0,False
1314,1857,1,2023-04-06T10:15:00,29,Inbound,Check-In,Completed,4,0.31,112,16,True
1315,2818,16,2024-11-27T10:30:00,54,Inbound,Negotiation,Completed,6,0.77,267,12,False
1316,4963,12,2020-11-23T15:30:00,48,Outbound,Negotiation,Completed,2,0.47,47,17,False
1317,2478,7,2024-12-31T08:00:00,18,Inbound,Follow-Up,Completed,7,0.68,76,11,True
1318,620,5,2024-12-11T09:00:00,48,Outbound,Check-In,Completed,3,0.53,112,12,False
1319,2076,13,2023-07-16T16:00:00,29,Outbound,Follow-Up,Completed,8,0.72,283,9,False
1320,3868,9,2021-05-31T15:00:00,18,Outbound,Negotiation,Completed,7,0.65,139,8,True
1321,4096,16,2024-12-03T15:30:00,48,Outbound,Negotiation,Completed,3,0.6,178,10,False
1322,124,3,2023-11-18T09:15:00,0,Outbound,Check-In,No Show,1,,,0,False
1323,3,16,2024-12-25T09:45:00,54,Inbound,Discovery,Completed,2,0.54,192,14,False
1324,4484,10,2023-04-05T08:45:00,26,Outbound,Negotiation,Completed,2,0.68,149,11,False
1325,296,4,2022-07-01T11:00:00,51,Outbound,Check-In,Completed,8,0.47,229,5,True
1326,346,9,2023-04-18T12:00:00,20,Outbound,Demo,Completed,4,0.88,199,12,True
1327,4455,6,2024-02-01T09:45:00,42,Outbound,QBR,Completed,4,0.67,83,17,False
1328,929,5,2023-05-05T13:00:00,53,Inbound,QBR,Rescheduled,1,,,0,False
1329,1477,15,2024-10-03T12:00:00,33,Outbound,Negotiation,Completed,8,0.44,76,8,True
1330,2006,11,2023-08-08T09:00:00,2,Outbound,Negotiation,Voicemail,1,,,0,False
1331,2579,4,2023-03-10T10:45:00,21,Outbound,Check-In,Completed,4,0.69,200,20,True
1332,2657,6,2024-12-31T10:45:00,25,Outbound,Technical Deep Dive,Rescheduled,1,,,0,False
1333,4754,15,2024-10-25T15:00:00,26,Inbound,Discovery,Completed,8,0.63,208,5,False
1334,2130,10,2022-12-21T11:30:00,49,Inbound,Negotiation,Completed,7,0.76,205,1,True
1335,304,14,2023-09-06T14:45:00,42,Outbound,Negotiation,Completed,2,0.75,159,4,False
1336,3976,15,2022-06-13T12:45:00,16,Outbound,Follow-Up,Completed,4,0.58,78,5,False
1337,3869,13,2024-01-31T08:45:00,41,Inbound,Discovery,Completed,7,0.79,271,6,False
1338,2911,16,2024-07-28T16:30:00,17,Outbound,Technical Deep Dive,Completed,3,0.58,42,5,True
1339,3890,13,2024-06-15T12:00:00,43,Inbound,Technical Deep Dive,Completed,7,0.77,183,13,False
1340,2280,13,2021-12-22T13:30:00,17,Outbound,Discovery,Completed,5,0.69,196,11,False
1341,528,16,2024-12-15T12:30:00,0,Outbound,Demo,No Show,1,,,0,False
1342,2291,13,2022-03-04T14:45:00,19,Outbound,QBR,Completed,5,0.7,153,5,False
1343,4559,1,2024-11-27T14:45:00,26,Inbound,Follow-Up,Rescheduled,1,,,0,False
1344,3642,2,2023-04-29T11:00:00,3,Outbound,QBR,Voicemail,1,,,0,False
1345,156,4,2024-12-16T13:30:00,,Outbound,Negotiation,Completed,3,0.52,54,15,True
1346,1504,11,2022-11-28T15:15:00,18,Inbound,QBR,Completed,2,0.63,52,9,False
1347,982,3,2024-12-04T13:30:00,52,Outbound,Demo,Completed,5,0.79,181,18,True
1348,3830,6,2022-08-06T15:30:00,39,Inbound,Discovery,Completed,7,0.38,210,10,True
1349,4181,9,2023-02-17T11:15:00,44,Inbound,Follow-Up,Completed,8,0.72,191,3,False
1350,2414,16,2024-07-11T11:00:00,34,Inbound,Check-In,Completed,7,0.71,90,11,True
1351,3552,2,2023-08-22T08:45:00,33,Outbound,QBR,Completed,4,0.7,81,9,True
1352,157,3,2024-03-15T09:30:00,44,Outbound,Technical Deep Dive,Completed,2,0.52,101,19,True
1353,2735,4,2021-12-14T15:15:00,37,Inbound,Demo,Completed,3,0.59,121,11,True
1354,1684,5,2024-12-25T11:30:00,1,Outbound,Negotiation,Voicemail,1,,,0,False
1355,4560,7,2024-07-29T10:30:00,35,Inbound,Demo,Completed,2,0.67,93,9,False
1356,210,8,2024-10-16T13:30:00,,Outbound,Check-In,Completed,4,0.58,160,12,True
1357,2891,7,2024-03-21T12:45:00,41,Outbound,QBR,Completed,5,0.38,174,16,False
1358,809,1,2024-12-17T09:30:00,23,Inbound,QBR,Completed,3,0.32,143,8,True
1359,2809,4,2024-07-14T15:45:00,29,Inbound,Check-In,Completed,2,1.25,40,25,True
1360,192,16,2024-06-04T15:45:00,,Outbound,Check-In,Completed,2,0.46,141,12,True
1361,1858,9,2022-01-15T12:00:00,29,Outbound,Discovery,Completed,6,0.39,57,9,False
1362,4250,9,2023-09-19T12:45:00,20,Outbound,Discovery,Completed,7,0.69,235,12,True
1363,1360,3,2024-02-02T08:45:00,53,Outbound,Follow-Up,Completed,4,0.46,172,24,True
1364,77,13,2024-05-15T14:30:00,20,Inbound,Follow-Up,Completed,3,0.76,209,4,False
1365,2068,1,2022-09-10T15:45:00,52,Inbound,Follow-Up,Completed,5,0.53,233,6,True
1366,2255,3,2024-09-24T16:30:00,33,Outbound,Follow-Up,Completed,3,0.6,87,10,False
1367,75,6,2024-10-12T14:30:00,59,Inbound,Discovery,Completed,7,0.66,78,2,False
1368,4526,14,2023-10-06T13:30:00,40,Outbound,Follow-Up,Completed,8,0.5,36,7,True
1369,252,15,2030-06-15T10:00:00,15,Inbound,Negotiation,Completed,3,0.57,175,7,True
1370,2960,10,2024-12-27T12:15:00,45,Outbound,Discovery,Completed,6,0.61,208,9,False
1371,2704,7,2024-03-20T14:00:00,33,Outbound,Discovery,Completed,2,0.42,112,19,False
1372,526,2,2024-10-21T13:30:00,15,Outbound,Demo,Completed,8,0.3,154,27,True
1373,1250,3,2024-12-14T11:15:00,36,Outbound,QBR,Completed,6,0.48,195,20,True
1374,4860,6,2022-12-15T13:30:00,37,Outbound,Check-In,Completed,8,0.7,47,20,True
1375,2898,13,2024-12-16T16:15:00,45,Inbound,Discovery,Completed,2,0.6,185,9,True
1376,4657,2,2023-03-08T14:15:00,52,Inbound,QBR,Completed,5,0.41,34,13,False
1377,125,3,2024-12-21T08:15:00,36,Inbound,Demo,Rescheduled,1,,,0,False
1378,2509,6,2023-03-23T14:00:00,50,Inbound,Follow-Up,Completed,3,0.65,69,15,True
1379,4506,7,2024-06-28T15:00:00,50,Outbound,Technical Deep Dive,Completed,5,0.78,53,8,True
1380,4721,14,2022-09-14T09:30:00,35,Outbound,QBR,Completed,8,0.7,59,10,False
1381,4834,16,2024-12-15T12:45:00,48,Outbound,Demo,Completed,8,0.6,160,5,True
1382,2772,7,2024-12-19T12:30:00,44,Inbound,Discovery,Rescheduled,1,,,0,False
1383,3473,13,2024-03-20T12:45:00,-44,Inbound,Check-In,Rescheduled,1,,,0,False
1384,2210,5,2024-12-04T16:15:00,31,Inbound,Negotiation,Completed,3,0.85,229,3,True
1385,3016,11,2023-07-18T09:45:00,42,Outbound,QBR,Completed,3,0.6,235,12,True
1386,2267,13,2020-06-24T08:00:00,30,Outbound,QBR,Completed,7,0.57,170,7,False
1387,299,14,2023-12-26T12:45:00,41,Outbound,Follow-Up,Completed,6,0.77,209,5,True
1388,2229,7,2024-12-28T15:00:00,27,Inbound,Negotiation,Completed,6,0.61,60,11,False
1389,646,6,2024-12-07T15:00:00,3,Inbound,Follow-Up,Voicemail,1,,,0,False
1390,4493,7,2024-12-20T14:15:00,56,Inbound,Demo,Completed,5,0.69,77,9,True
1391,2698,16,2024-06-24T14:30:00,59,Outbound,Negotiation,Completed,6,1.5,84,12,False
1392,4612,3,2021-08-16T14:45:00,0,Outbound,Negotiation,No Show,1,,,0,False
1393,1058,1,2024-12-18T09:45:00,27,Outbound,Check-In,Completed,5,0.42,178,9,True
1394,1135,3,2024-03-29T10:15:00,60,Inbound,Demo,Completed,8,0.64,128,16,True
1395,2347,6,2024-12-02T15:15:00,57,Inbound,Discovery,Completed,3,0.52,169,16,False
1396,3974,1,2024-08-13T10:30:00,39,Outbound,Follow-Up,Rescheduled,1,,,0,False
1397,2797,13,2022-08-03T13:45:00,0,Outbound,Discovery,No Show,1,,,0,False
1398,2154,9,2024-12-13T14:00:00,21,Inbound,QBR,Completed,6,0.49,143,11,False
1399,3268,11,2024-05-13T10:00:00,43,Outbound,Demo,Completed,3,0.55,162,11,True
1400,2531,4,2024-02-26T13:15:00,0,Outbound,QBR,No Show,1,,,0,False
1401,4936,13,2022-07-17T16:45:00,-58,Inbound,Check-In,Completed,8,0.48,69,9,False
1402,411,12,2024-01-07T15:45:00,23,Inbound,Follow-Up,Completed,5,0.73,88,14,True
1403,2719,8,2030-06-15T10:00:00,,Outbound,Discovery,Completed,7,0.53,56,17,True
1404,1645,15,2024-12-26T16:15:00,31,Inbound,Check-In,Completed,3,0.59,150,8,False
1405,1513,11,2022-05-08T08:15:00,23,Outbound,Check-In,Completed,8,0.47,95,17,False
1406,1729,2,2022-07-21T12:15:00,2,Outbound,Follow-Up,Voicemail,1,,,0,False
1407,759,12,2024-05-04T09:45:00,39,Outbound,Follow-Up,Completed,3,0.41,115,17,False
1408,2093,2,2024-01-13T16:15:00,-26,Outbound,Demo,Completed,6,1.13,262,12,False
1409,3719,3,2024-12-18T15:45:00,35,Inbound,Follow-Up,Completed,6,0.32,222,21,False
1410,4684,6,2022-12-12T12:00:00,22,Outbound,Demo,Completed,5,1.12,77,19,False
1411,4613,2,2022-09-26T09:45:00,17,Outbound,QBR,Completed,6,0.46,49,20,True
1412,197,7,2024-01-26T08:30:00,0,Outbound,Demo,No Show,1,,,0,False
1413,1326,11,2024-10-27T08:00:00,36,Outbound,Follow-Up,Completed,3,0.65,143,11,False
1414,2995,12,2024-06-20T16:15:00,37,Outbound,Follow-Up,Completed,3,0.73,102,10,True
1415,1498,6,2024-01-09T14:45:00,43,Inbound,Technical Deep Dive,Completed,3,0.35,90,12,False
1416,351,8,2024-10-08T08:30:00,53,Outbound,Follow-Up,Completed,4,0.67,230,6,True
1417,2968,4,2024-12-26T13:45:00,30,Outbound,Check-In,Completed,8,0.42,159,22,False
1418,994,1,2024-01-05T10:15:00,43,Outbound,Check-In,Completed,5,0.4,152,21,False
1419,1909,11,2022-07-21T10:30:00,35,Outbound,Follow-Up,Completed,4,0.51,115,12,False
1420,2138,6,2024-12-04T14:30:00,0,Outbound,Discovery,No Show,1,,,0,False
1421,569,7,2024-03-09T10:00:00,3,Inbound,Follow-Up,Voicemail,1,,,0,False
1422,4169,4,2022-04-24T13:15:00,25,Outbound,Check-In,Completed,4,0.8,244,14,False
1423,4498,5,2024-12-16T09:00:00,59,Inbound,Follow-Up,Completed,4,0.65,195,4,False
1424,3899,2,2024-12-08T15:00:00,0,Outbound,Discovery,No Show,1,,,0,False
1425,3189,13,2024-12-11T11:15:00,31,Outbound,Demo,Completed,4,0.81,103,1,False
1426,106,11,2022-06-03T12:15:00,47,Outbound,QBR,Completed,5,0.44,153,9,False
1427,2817,13,2024-12-06T12:45:00,16,Inbound,Technical Deep Dive,Completed,3,0.63,51,2,False
1428,2446,8,2024-11-19T09:30:00,31,Outbound,Check-In,Completed,3,0.43,96,12,False
1429,4489,4,2024-12-08T13:15:00,33,Outbound,QBR,Completed,4,0.66,50,12,False
1430,346,14,2023-11-14T13:30:00,46,Outbound,QBR,Completed,6,0.77,59,14,False
1431,1930,12,2023-12-09T13:00:00,23,Outbound,Follow-Up,Completed,4,0.58,240,10,False
1432,537,16,2024-12-30T08:30:00,44,Outbound,Check-In,Completed,4,0.42,112,19,True
1433,1657,1,2021-05-20T17:00:00,60,Inbound,Demo,Completed,6,0.49,175,24,True
1434,1450,5,2024-12-07T08:00:00,0,Outbound,QBR,No Show,1,,,0,False
1435,1927,2,2024-02-08T14:15:00,47,Outbound,Negotiation,Completed,7,0.5,214,19,False
1436,2795,3,2024-12-10T10:15:00,54,Inbound,Discovery,Completed,8,1.34,287,15,True
1437,2553,5,2024-12-15T12:45:00,47,Outbound,Check-In,Completed,5,0.37,139,9,False
1438,606,14,2024-06-16T10:30:00,15,Outbound,Technical Deep Dive,Completed,8,0.62,240,12,False
1439,866,9,2024-12-29T14:15:00,24,Outbound,QBR,Rescheduled,1,,,0,False
1440,131,3,2024-07-19T11:15:00,3,Inbound,Discovery,Voicemail,1,,,0,False
1441,3723,1,2024-02-05T09:15:00,36,Outbound,QBR,Completed,4,0.27,81,24,True
1442,53,6,2022-10-31T16:00:00,35,Outbound,Demo,Completed,3,0.68,132,19,True
1443,1575,12,2024-04-30T13:30:00,42,Inbound,Negotiation,Completed,3,0.62,50,18,True
1444,1980,9,2024-06-11T16:45:00,22,Outbound,QBR,Completed,3,0.45,181,15,True
1445,967,7,2024-08-07T10:00:00,27,Outbound,Check-In,Completed,8,0.55,56,15,True
1446,4019,4,2024-04-19T16:15:00,23,Outbound,Check-In,Rescheduled,1,,,0,False
1447,1775,3,2022-12-05T13:00:00,51,Inbound,Technical Deep Dive,Rescheduled,1,,,0,False
1448,2134,3,2024-09-01T10:45:00,22,Inbound,Follow-Up,Completed,5,0.58,205,4,False
1449,599,14,2024-08-26T14:15:00,49,Outbound,Check-In,Completed,4,0.46,179,4,True
1450,1178,11,2023-02-02T14:00:00,0,Outbound,Demo,No Show,1,,,0,False
1451,953,13,2024-06-15T12:45:00,31,Outbound,QBR,Rescheduled,1,,,0,False
1452,3816,8,2024-12-19T09:00:00,0,Outbound,Discovery,No Show,1,,,0,False
1453,4544,9,2022-06-21T16:45:00,60,Inbound,QBR,Rescheduled,1,,,0,False
1454,598,13,2030-06-15T10:00:00,18,Outbound,Technical Deep Dive,Completed,6,0.64,41,2,True
1455,2672,9,2022-02-21T16:15:00,60,Outbound,Follow-Up,Completed,2,0.42,157,11,False
1456,3999,13,2022-02-05T13:30:00,0,Outbound,Technical Deep Dive,No Show,1,,,0,False
1457,3802,11,2023-11-29T10:45:00,46,Outbound,Check-In,Completed,8,0.68,111,17,True
1458,262,5,2024-11-24T16:45:00,3,Outbound,Discovery,Voicemail,1,,,0,False
1459,3697,15,2024-10-05T10:15:00,18,Outbound,QBR,Rescheduled,1,,,0,False
1460,3193,15,2024-05-23T12:00:00,34,Inbound,Check-In,Completed,2,0.61,219,8,False
1461,785,14,2023-03-28T11:45:00,34,Outbound,Technical Deep Dive,Completed,3,0.65,78,5,False
1462,661,10,2023-10-13T14:45:00,56,Inbound,Check-In,Completed,3,0.55,90,12,False
1463,705,12,2024-02-02T14:45:00,30,Outbound,Negotiation,Completed,3,0.58,235,10,True
1464,4587,15,2024-12-01T08:30:00,55,Outbound,Demo,Rescheduled,1,,,0,False
1465,4319,1,2021-08-21T16:45:00,34,Outbound,Technical Deep Dive,Completed,3,0.48,109,6,True
1466,2082,2,2024-12-29T14:30:00,49,Outbound,Technical Deep Dive,Completed,7,0.64,198,10,False
1467,1966,14,2023-12-19T13:45:00,,Inbound,Check-In,Voicemail,1,,,0,False
1468,4873,10,2023-06-07T14:15:00,30,Outbound,Negotiation,Completed,6,0.7,60,6,True
1469,1066,16,2024-05-30T08:30:00,19,Outbound,Technical Deep Dive,Completed,7,0.79,133,8,False
1470,2407,16,2020-05-27T14:00:00,36,Inbound,Technical Deep Dive,Completed,4,0.65,81,5,False
1471,2211,12,2024-12-25T14:30:00,0,Inbound,Follow-Up,No Show,1,,,0,False
1472,576,9,2022-10-17T16:15:00,59,Outbound,Technical Deep Dive,Completed,6,0.71,81,2,False
1473,1666,16,2024-06-05T10:00:00,29,Outbound,QBR,Completed,8,0.64,80,5,True
1474,4467,9,2021-08-12T15:00:00,38,Outbound,QBR,Rescheduled,1,,,0,False
1475,365,13,2024-04-10T12:00:00,34,Inbound,Negotiation,Completed,8,0.8,172,8,False
1476,4251,8,2024-03-01T15:45:00,42,Outbound,QBR,Rescheduled,1,,,0,False
1477,4925,2,2024-07-13T12:00:00,3,Outbound,Check-In,Voicemail,1,,,0,False
1478,697,4,2024-01-24T15:00:00,38,Inbound,Check-In,Completed,4,0.65,192,12,True
1479,29,15,2024-12-28T10:15:00,37,Inbound,Check-In,Rescheduled,1,,,0,False
1480,574,12,2024-04-01T11:30:00,24,Outbound,Demo,Completed,5,0.87,235,9,False
1481,3067,16,2024-09-02T15:45:00,35,Outbound,Check-In,Completed,2,0.62,149,4,False
1482,4799,2,2020-10-08T14:45:00,0,Outbound,Discovery,No Show,1,,,0,False
1483,2535,14,2024-06-08T11:15:00,20,Outbound,Follow-Up,Rescheduled,1,,,0,False
1484,1189,1,2024-09-15T16:00:00,58,Inbound,Negotiation,Completed,6,0.51,176,8,True
1485,4682,3,2024-05-16T13:15:00,21,Outbound,Check-In,Completed,7,0.46,219,13,False
1486,2528,11,2022-07-14T14:45:00,18,Outbound,Technical Deep Dive,Completed,2,0.66,45,8,False
1487,4994,7,2021-12-28T13:45:00,32,Outbound,Demo,Completed,5,0.45,85,24,True
1488,1559,14,2022-05-03T17:45:00,48,Inbound,Follow-Up,Completed,4,0.53,221,5,False
1489,3156,3,2024-06-28T13:00:00,20,Outbound,Demo,Completed,2,0.45,93,8,False
1490,4044,7,2024-07-07T13:30:00,51,Outbound,Demo,Completed,3,0.61,225,9,True
1491,596,2,2024-07-10T13:45:00,31,Outbound,Check-In,Rescheduled,1,,,0,False
1492,2337,4,2024-12-31T14:00:00,28,Inbound,Negotiation,Completed,3,0.47,133,14,False
1493,1898,16,2024-11-20T12:45:00,27,Inbound,Follow-Up,Completed,7,0.79,36,12,True
1494,1073,10,2022-01-15T10:15:00,48,Outbound,Demo,Completed,4,0.58,196,7,False
1495,1772,7,2024-12-16T10:30:00,22,Outbound,Negotiation,Completed,5,0.3,106,9,True
1496,1769,9,2024-07-22T15:30:00,23,Outbound,Check-In,Completed,3,0.65,179,9,False
1497,2128,1,2023-07-19T12:30:00,16,Outbound,Demo,Rescheduled,1,,,0,False
1498,2505,11,2024-04-10T09:00:00,23,Inbound,Check-In,Rescheduled,1,,,0,False
1499,1897,11,2023-01-09T09:45:00,1,Inbound,Follow-Up,Voicemail,1,,,0,False
1500,2743,14,2024-08-05T15:30:00,0,Inbound,Negotiation,No Show,1,,,0,False
1501,1961,12,2024-06-02T09:00:00,0,Outbound,QBR,No Show,1,,,0,False
1502,1664,8,2023-04-22T10:45:00,52,Outbound,Demo,Completed,8,0.56,136,15,False
1503,2111,16,2024-06-30T10:30:00,19,Inbound,Demo,Completed,8,0.73,88,1,False
1504,2185,16,2021-01-21T17:15:00,46,Outbound,Technical Deep Dive,Completed,2,0.53,207,4,True
1505,2062,7,2024-10-21T14:00:00,31,Inbound,Follow-Up,Completed,8,0.6,218,7,True
1506,4778,5,2024-02-11T15:30:00,58,Outbound,Negotiation,Rescheduled,1,,,0,False
1507,1715,10,2024-03-08T14:45:00,43,Inbound,Discovery,Completed,8,0.45,232,7,True
1508,4160,3,2022-04-14T15:30:00,57,Inbound,Check-In,Completed,6,0.44,54,12,True
1509,2355,10,2024-09-01T12:00:00,36,Inbound,Follow-Up,Completed,5,0.65,225,8,False
1510,4493,7,2024-12-13T12:00:00,17,Outbound,Negotiation,Completed,6,0.7,85,20,True
1511,432,13,2022-08-17T13:45:00,29,Outbound,Follow-Up,Completed,2,0.57,168,6,False
1512,4839,7,2023-12-22T14:15:00,43,Inbound,Check-In,Completed,4,0.66,115,8,False
1513,4375,3,2022-05-24T14:00:00,-49,Inbound,Negotiation,Completed,4,0.41,81,10,False
1514,4244,2,2024-05-05T13:45:00,25,Outbound,Discovery,Completed,2,0.35,223,24,True
1515,160,5,2023-03-12T15:00:00,44,Outbound,Discovery,Completed,6,0.52,156,8,True
1516,984,15,2024-09-18T13:15:00,55,Inbound,Check-In,Completed,2,0.74,64,11,True
1517,4154,12,2023-04-27T10:00:00,3,Inbound,Negotiation,Voicemail,1,,,0,False
1518,4057,3,2021-01-24T15:15:00,21,Outbound,Check-In,Completed,5,0.46,84,16,False
1519,3026,7,2023-08-21T09:30:00,23,Inbound,Check-In,Completed,8,0.47,78,13,True
1520,2794,14,2023-12-23T10:45:00,51,Outbound,Demo,Completed,5,0.56,228,2,False
1521,4669,5,2024-06-20T10:00:00,3,Outbound,Follow-Up,Voicemail,1,,,0,False
1522,3060,3,2024-04-26T11:45:00,32,Outbound,Follow-Up,Completed,5,0.6,68,20,True
1523,928,7,2024-09-09T15:15:00,30,Inbound,Technical Deep Dive,Completed,5,0.49,102,17,False
1524,1986,7,2024-08-09T08:15:00,41,Outbound,Negotiation,Completed,4,0.51,72,11,True
1525,994,9,2023-09-08T13:45:00,33,Outbound,Negotiation,Completed,5,0.54,151,8,True
1526,4005,15,2022-07-04T12:15:00,34,Inbound,Negotiation,Completed,6,1.48,102,12,False
1527,4573,14,2030-06-15T10:00:00,15,Outbound,Check-In,Completed,2,0.75,207,1,False
1528,4993,9,2022-08-26T17:00:00,30,Inbound,Negotiation,Completed,3,1.24,263,8,True
1529,3198,12,2024-02-24T11:30:00,0,Inbound,Technical Deep Dive,No Show,1,,,0,False
1530,970,2,2023-03-12T12:15:00,0,Inbound,Demo,No Show,1,,,0,False
1531,450,12,2024-10-10T11:30:00,31,Outbound,Technical Deep Dive,Completed,7,0.61,63,12,False
1532,1443,1,2024-08-18T13:30:00,15,Outbound,Negotiation,Rescheduled,1,,,0,False
1533,472,8,2024-10-12T15:15:00,2,Outbound,Technical Deep Dive,Voicemail,1,,,0,False
1534,2984,14,2030-06-15T10:00:00,37,Outbound,Negotiation,Completed,2,0.57,171,12,False
1535,745,6,2023-03-13T13:15:00,-22,Inbound,Check-In,Completed,2,0.41,65,16,False
1536,2461,12,2023-08-12T08:15:00,45,Inbound,QBR,Completed,4,0.54,235,17,False
1537,4914,5,2024-07-01T12:30:00,20,Outbound,Technical Deep Dive,Completed,5,0.53,176,10,False
1538,2696,7,2023-11-27T13:30:00,24,Outbound,Discovery,Completed,6,0.46,151,10,True
1539,1729,2,2022-09-06T12:30:00,37,Outbound,Demo,Completed,6,0.39,198,13,False
1540,4260,6,2024-10-05T14:45:00,16,Outbound,Check-In,Completed,7,0.65,40,20,True
1541,553,8,2020-12-29T16:30:00,29,Outbound,Demo,Completed,2,0.48,159,17,False
1542,1013,7,2024-11-04T09:00:00,32,Outbound,Discovery,Completed,5,0.41,221,6,True
1543,2209,1,2024-02-28T09:30:00,28,Outbound,Technical Deep Dive,Rescheduled,1,,,0,False
1544,2968,4,2024-12-21T08:15:00,0,Inbound,QBR,No Show,1,,,0,False
1545,1474,6,2023-11-29T17:15:00,46,Outbound,Check-In,Rescheduled,1,,,0,False
1546,1712,14,2024-05-06T10:15:00,50,Outbound,Discovery,Completed,8,0.49,49,11,True
1547,3027,14,2022-03-24T15:30:00,39,Inbound,Negotiation,Rescheduled,1,,,0,False
1548,2192,16,2030-06-15T10:00:00,42,Inbound,Technical Deep Dive,Completed,7,0.7,68,14,False
1549,132,16,2024-11-04T10:30:00,34,Outbound,Follow-Up,Completed,7,0.85,40,10,False
1550,2080,16,2024-12-02T13:30:00,31,Inbound,QBR,Completed,5,0.61,68,4,True
1551,2997,9,2024-12-29T15:00:00,18,Outbound,Discovery,Completed,4,0.6,67,6,False
1552,4070,3,2023-07-02T09:30:00,33,Inbound,QBR,Completed,4,0.48,174,21,False
1553,4684,6,2023-02-09T12:45:00,43,Outbound,QBR,Completed,7,0.5,80,7,False
1554,821,4,2024-12-10T09:45:00,41,Inbound,Follow-Up,Completed,7,0.43,52,17,True
1555,2426,5,2021-05-30T15:00:00,0,Outbound,Technical Deep Dive,No Show,1,,,0,False
1556,4546,14,2024-10-18T12:00:00,15,Outbound,Discovery,Completed,3,0.67,197,4,False
1557,3371,7,2021-05-06T10:30:00,23,Inbound,QBR,Completed,4,0.5,263,8,False
1558,1960,13,2023-08-04T13:30:00,33,Outbound,Demo,Completed,6,0.73,233,5,False
1559,118,9,2024-02-11T15:45:00,24,Outbound,QBR,Completed,8,0.44,40,11,True
1560,3563,10,2024-12-04T11:30:00,16,Outbound,Check-In,Completed,8,0.54,103,9,True
1561,884,2,2024-11-06T10:45:00,25,Outbound,Demo,Completed,4,0.3,213,24,True
1562,3602,12,2024-12-02T13:30:00,55,Outbound,Technical Deep Dive,Completed,6,0.6,119,2,False
1563,3044,11,2023-07-29T14:15:00,26,Outbound,Follow-Up,Completed,7,0.56,67,9,False
1564,3787,8,2024-12-21T13:15:00,0,Outbound,Check-In,No Show,1,,,0,False
1565,2682,6,2022-01-16T15:15:00,46,Outbound,Technical Deep Dive,Completed,8,0.7,149,4,True
1566,1972,11,2023-12-18T11:15:00,0,Outbound,Technical Deep Dive,No Show,1,,,0,False
1567,4903,2,2022-10-26T14:45:00,3,Inbound,Discovery,Voicemail,1,,,0,False
1568,4077,11,2022-09-22T12:45:00,18,Inbound,Technical Deep Dive,Completed,4,0.66,40,13,True
1569,1342,7,2024-06-02T13:45:00,47,Outbound,Demo,Completed,5,0.68,134,2,False
1570,3256,1,2024-08-21T13:15:00,43,Outbound,Technical Deep Dive,Rescheduled,1,,,0,False
1571,517,9,2023-05-08T16:00:00,32,Outbound,Negotiation,Completed,2,0.6,294,10,False
1572,4980,14,2030-06-15T10:00:00,,Outbound,Check-In,Completed,6,0.48,136,2,False
1573,1749,16,2024-07-26T11:15:00,41,Outbound,Negotiation,Completed,2,0.57,69,13,False
1574,3937,16,2024-12-19T12:00:00,51,Inbound,Check-In,Completed,5,0.48,96,4,False
1575,1865,5,2024-12-14T11:30:00,26,Inbound,Check-In,Completed,7,0.71,196,6,False
1576,225,15,2030-06-15T10:00:00,55,Outbound,Discovery,Completed,2,0.61,151,4,False
1577,1026,4,2023-12-20T12:00:00,33,Outbound,QBR,Completed,7,0.59,101,4,False
1578,2174,10,2024-12-28T16:15:00,46,Outbound,Check-In,Completed,5,0.42,213,11,True
1579,3717,7,2024-05-16T14:15:00,0,Outbound,QBR,No Show,1,,,0,False
1580,3126,7,2024-09-23T14:15:00,17,Outbound,Check-In,Completed,7,0.63,249,8,False
1581,2659,6,2024-11-30T11:30:00,59,Outbound,Check-In,Completed,8,0.52,52,14,True
1582,3578,4,2022-02-23T12:30:00,-42,Inbound,Negotiation,Completed,8,0.63,140,7,True
1583,4671,7,2020-12-26T11:00:00,18,Outbound,Negotiation,Completed,6,0.69,133,5,True
1584,604,16,2030-06-15T10:00:00,3,Outbound,QBR,Voicemail,1,,,0,False
1585,5000,7,2024-07-30T12:00:00,43,Inbound,Follow-Up,Rescheduled,1,,,0,False
1586,284,3,2021-03-09T12:45:00,55,Outbound,QBR,Rescheduled,1,,,0,False
1587,4801,4,2023-07-09T10:00:00,0,Inbound,Discovery,No Show,1,,,0,False
1588,4653,6,2023-10-03T10:00:00,0,Outbound,Technical Deep Dive,No Show,1,,,0,False
1589,2782,16,2024-12-21T13:15:00,35,Outbound,Follow-Up,Completed,5,0.7,201,14,True
1590,1534,13,2024-10-06T15:00:00,55,Inbound,Negotiation,Completed,5,0.51,80,11,False
1591,1194,2,2023-04-03T11:15:00,45,Inbound,Negotiation,Completed,5,0.55,78,4,True
1592,1375,9,2024-12-20T11:15:00,0,Outbound,Technical Deep Dive,No Show,1,,,0,False
1593,3344,5,2024-11-30T09:45:00,59,Outbound,Negotiation,Completed,4,0.44,34,15,False
1594,983,16,2024-09-18T12:15:00,,Outbound,Demo,Completed,2,0.57,69,8,False
1595,2625,14,2023-09-05T16:15:00,54,Outbound,Technical Deep Dive,Completed,3,1.33,296,9,False
1596,4172,16,2023-08-30T14:00:00,24,Inbound,Technical Deep Dive,Rescheduled,1,,,0,False
1597,3083,3,2023-11-25T14:45:00,0,Outbound,QBR,No Show,1,,,0,False
1598,3629,9,2024-06-16T10:15:00,40,Outbound,Negotiation,Completed,2,0.63,134,17,True
1599,642,5,2023-02-17T15:00:00,56,Outbound,QBR,Completed,6,0.81,59,15,True
1600,3400,4,2023-08-01T11:30:00,49,Inbound,Demo,Completed,6,0.53,143,7,False
1601,842,5,2024-04-03T10:30:00,,Inbound,Check-In,Completed,4,0.7,299,5,False
1602,3304,3,2024-10-22T14:45:00,46,Outbound,Negotiation,Completed,8,0.56,74,4,False
1603,3401,13,2024-08-21T14:45:00,31,Outbound,Negotiation,Completed,8,0.75,227,5,False
1604,4443,15,2024-12-29T14:00:00,46,Inbound,QBR,Completed,5,0.51,102,4,True
1605,280,2,2024-12-06T15:45:00,49,Outbound,Follow-Up,Completed,8,0.66,38,3,False
1606,3601,12,2024-12-31T15:00:00,30,Inbound,Follow-Up,Completed,7,0.79,217,9,False
1607,763,13,2021-06-10T12:30:00,18,Outbound,Check-In,Completed,4,0.61,211,4,True
1608,2085,12,2024-04-19T12:30:00,53,Outbound,Discovery,Completed,6,0.54,155,9,False
1609,4054,11,2022-04-26T17:45:00,43,Inbound,Demo,Completed,6,0.62,161,5,True
1610,627,4,2024-12-31T11:45:00,36,Outbound,Follow-Up,Completed,3,0.66,115,9,True
1611,2463,12,2022-11-15T14:45:00,15,Outbound,Technical Deep Dive,Completed,3,0.45,133,18,False
1612,280,8,2024-06-22T16:30:00,20,Inbound,Demo,Rescheduled,1,,,0,False
1613,3104,11,2024-12-29T13:30:00,34,Outbound,Technical Deep Dive,Completed,3,0.4,113,9,False
1614,1233,10,2022-10-23T16:45:00,25,Outbound,Technical Deep Dive,Completed,8,0.74,191,9,False
1615,3536,2,2024-11-24T17:30:00,2,Outbound,Negotiation,Voicemail,1,,,0,False
1616,168,8,2024-12-08T14:30:00,40,Outbound,Negotiation,Completed,4,0.36,40,19,True
1617,282,3,2024-12-03T10:30:00,15,Inbound,Check-In,Completed,7,0.62,32,8,True
1618,2612,13,2024-12-28T13:45:00,50,Inbound,Check-In,Rescheduled,1,,,0,False
1619,125,11,2023-06-12T11:15:00,,Outbound,Technical Deep Dive,Completed,8,0.88,69,9,False
1620,2800,3,2024-07-09T17:45:00,35,Inbound,Follow-Up,Completed,4,0.39,91,4,False
1621,4217,4,2024-07-29T13:30:00,38,Inbound,Follow-Up,Completed,3,0.41,221,8,True
1622,1170,10,2023-05-12T11:30:00,0,Inbound,Discovery,No Show,1,,,0,False
1623,3873,1,2023-02-24T09:45:00,45,Outbound,Check-In,Completed,4,0.35,79,15,True
1624,3603,5,2024-12-31T12:00:00,41,Outbound,Demo,Completed,8,0.56,105,2,True
1625,3020,1,2024-04-09T16:45:00,37,Inbound,Discovery,Completed,8,0.33,149,24,False
1626,73,13,2024-10-31T10:30:00,46,Outbound,Check-In,Completed,4,0.85,266,10,False
1627,4965,3,2023-09-21T16:45:00,21,Inbound,Negotiation,Rescheduled,1,,,0,False
1628,1999,16,2024-10-19T09:30:00,60,Inbound,Technical Deep Dive,Completed,3,0.42,228,9,False
1629,4496,12,2024-10-16T12:30:00,17,Outbound,Follow-Up,Rescheduled,1,,,0,False
1630,251,1,2024-05-10T16:00:00,57,Outbound,Technical Deep Dive,Completed,8,0.39,121,19,True
1631,3581,9,2020-11-21T14:15:00,34,Inbound,Check-In,Completed,5,0.59,193,17,True
1632,2099,11,2022-12-10T10:30:00,18,Outbound,Follow-Up,Completed,7,0.56,225,3,False
1633,4702,9,2022-04-02T08:45:00,41,Outbound,Demo,Rescheduled,1,,,0,False
1634,1201,1,2024-11-15T10:00:00,31,Inbound,Check-In,Completed,6,0.39,87,4,False
1635,2345,16,2024-12-15T13:15:00,51,Inbound,Follow-Up,Completed,6,0.45,132,13,True
1636,3304,3,2024-12-19T08:00:00,34,Outbound,Demo,Completed,5,0.57,270,3,True
1637,4227,9,2024-05-31T12:30:00,20,Inbound,Technical Deep Dive,Completed,6,0.59,91,3,False
1638,1063,3,2024-10-10T13:15:00,57,Outbound,Follow-Up,Completed,2,0.6,62,13,True
1639,1913,5,2024-12-31T09:15:00,58,Inbound,Check-In,Completed,3,1.22,121,5,False
1640,4009,6,2024-12-03T16:15:00,23,Outbound,Demo,Completed,8,0.4,232,4,True
1641,2728,12,2024-11-11T14:45:00,0,Inbound,QBR,No Show,1,,,0,False
1642,984,15,2024-07-15T13:15:00,43,Outbound,Technical Deep Dive,Completed,2,0.45,87,7,False
1643,4001,11,2024-06-12T14:15:00,16,Outbound,Discovery,Completed,6,0.47,35,12,False
1644,3497,14,2024-11-19T15:45:00,52,Inbound,Negotiation,Completed,2,0.5,56,14,False
1645,4352,13,2023-08-30T13:00:00,33,Outbound,Negotiation,Completed,2,0.6,175,11,False
1646,2135,4,2024-11-14T14:45:00,52,Outbound,Discovery,Completed,6,0.55,47,12,True
1647,321,8,2024-12-10T14:45:00,35,Inbound,Negotiation,Completed,3,0.51,100,16,True
1648,4778,5,2024-02-07T13:00:00,43,Outbound,Technical Deep Dive,Completed,3,0.53,158,12,True
1649,1310,4,2024-12-05T13:30:00,44,Inbound,Technical Deep Dive,Completed,8,0.52,193,19,True
1650,151,8,2024-12-12T16:00:00,24,Outbound,Follow-Up,Completed,3,0.38,35,15,False
1651,1617,14,2022-11-07T12:30:00,19,Outbound,QBR,Completed,4,0.68,138,12,False
1652,2548,3,2024-12-13T11:45:00,15,Outbound,Check-In,Completed,4,0.52,223,24,True
1653,2546,6,2020-10-16T14:15:00,17,Outbound,Negotiation,Rescheduled,1,,,0,False
1654,2440,14,2022-12-21T13:30:00,54,Outbound,Discovery,Rescheduled,1,,,0,False
1655,3376,6,2024-03-02T13:45:00,27,Inbound,Negotiation,Completed,8,0.54,106,18,False
1656,4000,14,2022-08-16T15:30:00,43,Inbound,Negotiation,Completed,4,0.66,238,7,True
1657,725,2,2023-04-28T11:30:00,38,Outbound,Follow-Up,Completed,7,0.31,227,16,True
1658,3369,12,2024-12-16T17:15:00,55,Outbound,Demo,Rescheduled,1,,,0,False
1659,1494,14,2023-07-13T11:00:00,41,Outbound,Discovery,Completed,5,0.51,42,14,False
1660,2502,16,2024-12-24T12:30:00,37,Outbound,Check-In,Completed,7,0.41,69,10,False
1661,2788,6,2024-03-07T15:00:00,47,Inbound,Demo,Completed,7,0.52,221,13,False
1662,4350,16,2024-12-31T13:15:00,-27,Inbound,Negotiation,Completed,3,0.5,41,6,True
1663,3033,12,2024-07-22T16:45:00,33,Outbound,Demo,Completed,5,0.49,37,17,False
1664,2517,7,2024-12-15T16:45:00,39,Outbound,Discovery,Completed,6,0.81,65,7,True
1665,330,1,2024-04-09T09:00:00,29,Outbound,Discovery,Completed,7,0.47,158,9,True
1666,2037,1,2024-05-16T14:15:00,50,Outbound,Demo,Completed,7,0.44,125,21,False
1667,4007,8,2022-07-10T15:30:00,57,Outbound,Negotiation,Completed,5,0.53,139,8,False
1668,4567,9,2024-07-03T16:00:00,42,Inbound,Negotiation,Rescheduled,1,,,0,False
1669,3540,6,2022-09-19T14:30:00,58,Inbound,Demo,Completed,4,0.63,140,18,True
1670,1368,3,2024-07-03T12:45:00,0,Outbound,Demo,No Show,1,,,0,False
1671,2288,4,2023-11-06T09:45:00,57,Outbound,Check-In,Rescheduled,1,,,0,False
1672,3085,5,2024-12-06T12:45:00,0,Outbound,Negotiation,No Show,1,,,0,False
1673,454,11,2024-10-23T13:00:00,16,Inbound,Discovery,Completed,7,0.67,198,9,True
1674,2144,12,2024-10-22T14:15:00,45,Outbound,Follow-Up,Completed,2,1.17,168,16,True
1675,3342,1,2022-11-13T15:30:00,51,Outbound,Discovery,Completed,2,0.59,135,16,False
1676,2097,11,2023-12-30T11:00:00,0,Inbound,Discovery,No Show,1,,,0,False
1677,1997,5,2024-07-25T12:00:00,57,Outbound,Follow-Up,Completed,3,0.6,44,11,True
1678,2483,6,2024-11-06T10:45:00,52,Inbound,QBR,Completed,8,0.34,44,13,False
1679,214,10,2024-11-03T14:30:00,32,Inbound,Negotiation,Completed,4,0.53,103,11,False
1680,3604,16,2024-11-14T08:45:00,2,Outbound,Discovery,Voicemail,1,,,0,False
1681,4564,1,2024-11-22T11:30:00,-23,Outbound,Negotiation,Completed,4,0.53,80,18,True
1682,3934,14,2030-06-15T10:00:00,20,Outbound,Demo,Completed,7,0.63,54,10,True
1683,2431,10,2024-12-02T13:30:00,32,Outbound,Negotiation,Completed,8,0.66,279,4,False
1684,2134,3,2024-09-12T11:45:00,19,Inbound,Follow-Up,Rescheduled,1,,,0,False
1685,3870,16,2024-12-15T12:45:00,51,Outbound,Negotiation,Completed,6,0.57,78,3,True
1686,984,15,2024-06-04T11:15:00,56,Outbound,Check-In,Completed,5,0.62,52,10,True
1687,3727,1,2030-06-15T10:00:00,49,Outbound,QBR,Completed,5,0.47,93,9,True
1688,2796,11,2024-02-17T14:00:00,24,Outbound,Discovery,Completed,7,0.71,157,11,True
1689,4912,9,2024-10-27T14:15:00,16,Outbound,Demo,Rescheduled,1,,,0,False
1690,1413,8,2024-10-21T12:30:00,33,Inbound,Negotiation,Completed,8,0.78,80,13,False
1691,2659,6,2024-11-08T14:30:00,0,Inbound,Negotiation,No Show,1,,,0,False
1692,2878,12,2021-04-23T10:30:00,36,Outbound,Check-In,Completed,2,0.62,223,5,False
1693,3951,13,2024-08-09T13:00:00,56,Outbound,QBR,Completed,7,0.76,114,9,False
1694,4068,2,2023-11-14T16:30:00,49,Inbound,Discovery,Completed,2,0.63,147,10,True
1695,4602,16,2024-12-19T15:30:00,35,Outbound,Follow-Up,Completed,4,0.6,200,10,False
1696,3971,7,2024-05-12T10:45:00,50,Outbound,QBR,Rescheduled,1,,,0,False
1697,4346,13,2024-12-15T09:30:00,18,Outbound,Discovery,Completed,2,0.43,185,4,True
1698,768,10,2024-04-19T14:30:00,0,Outbound,Check-In,No Show,1,,,0,False
1699,2646,9,2022-07-14T10:00:00,20,Outbound,Check-In,Completed,8,0.65,39,7,False
1700,3999,13,2021-11-25T11:15:00,2,Outbound,QBR,Voicemail,1,,,0,False
1701,4186,16,2024-03-27T10:00:00,55,Inbound,Negotiation,Completed,3,0.48,99,8,False
1702,4925,2,2024-05-28T13:15:00,21,Outbound,Discovery,Completed,3,0.49,56,18,False
1703,3676,15,2024-09-11T11:00:00,51,Inbound,Negotiation,Completed,7,0.88,113,1,False
1704,1256,6,2024-05-05T10:00:00,41,Outbound,Technical Deep Dive,Completed,4,0.67,71,12,True
1705,3356,9,2024-04-30T14:00:00,,Inbound,Follow-Up,Completed,7,0.5,117,14,True
1706,3260,3,2023-02-12T10:15:00,33,Outbound,Discovery,Completed,7,0.45,201,9,False
1707,4137,7,2024-05-16T08:30:00,0,Outbound,QBR,No Show,1,,,0,False
1708,4687,13,2024-06-12T11:30:00,58,Outbound,Technical Deep Dive,Completed,3,0.68,181,9,False
1709,811,3,2024-12-03T11:45:00,26,Outbound,Technical Deep Dive,Completed,2,0.58,117,10,True
1710,2578,6,2024-06-16T08:15:00,0,Inbound,Check-In,No Show,1,,,0,False
1711,52,9,2024-05-20T12:45:00,35,Inbound,QBR,Completed,8,0.62,236,9,True
1712,2362,7,2030-06-15T10:00:00,40,Outbound,Negotiation,Rescheduled,1,,,0,False
1713,4328,5,2024-11-17T15:15:00,42,Inbound,Discovery,Completed,7,0.37,88,11,True
1714,571,5,2023-03-26T09:00:00,16,Outbound,QBR,Rescheduled,1,,,0,False
1715,2753,4,2021-01-18T16:00:00,39,Outbound,Demo,Completed,4,1.47,47,11,False
1716,4576,9,2024-11-14T17:15:00,33,Outbound,Follow-Up,Completed,8,0.75,129,1,False
1717,1532,13,2024-07-01T13:30:00,57,Outbound,Demo,Completed,7,0.45,237,3,False
1718,1694,5,2023-02-17T15:45:00,52,Outbound,QBR,Completed,5,0.81,261,14,False
1719,965,5,2023-08-13T14:00:00,44,Outbound,QBR,Completed,3,0.5,224,5,False
1720,1459,9,2024-04-04T13:45:00,37,Inbound,Demo,Completed,2,0.73,232,4,False
1721,560,9,2024-12-28T10:15:00,34,Inbound,Check-In,Completed,7,0.66,124,12,False
1722,3897,7,2030-06-15T10:00:00,0,Outbound,Demo,No Show,1,,,0,False
1723,1223,8,2024-09-04T13:45:00,51,Outbound,Negotiation,Completed,4,0.5,200,7,False
1724,1878,4,2024-12-26T11:00:00,35,Outbound,Negotiation,Completed,5,0.84,293,3,True
1725,2186,5,2024-12-01T13:30:00,16,Outbound,Technical Deep Dive,Completed,4,0.54,199,19,True
1726,2283,3,2024-12-13T12:00:00,24,Outbound,Discovery,Completed,6,0.52,52,13,True
1727,1589,5,2024-02-09T13:45:00,34,Inbound,Check-In,Completed,5,0.63,217,11,True
1728,1858,9,2022-02-10T14:15:00,54,Outbound,Demo,Completed,8,0.66,88,3,False
1729,3213,2,2023-09-07T10:15:00,54,Inbound,Demo,Rescheduled,1,,,0,False
1730,3902,9,2024-10-21T12:15:00,47,Outbound,Check-In,Completed,3,0.5,168,10,True
1731,3616,5,2022-02-20T17:00:00,29,Inbound,Follow-Up,Completed,5,0.59,128,11,True
1732,4581,1,2030-06-15T10:00:00,21,Outbound,Check-In,Completed,4,0.48,86,22,True
1733,4959,15,2024-12-28T08:45:00,0,Outbound,QBR,No Show,1,,,0,False
1734,3136,15,2024-12-20T09:00:00,-55,Outbound,Discovery,Completed,8,0.53,63,10,True
1735,4840,9,2023-01-17T10:45:00,48,Inbound,QBR,Completed,2,0.54,162,5,True
1736,3661,16,2020-11-20T13:00:00,3,Outbound,Check-In,Voicemail,1,,,0,False
1737,3672,14,2023-04-10T13:00:00,28,Outbound,Technical Deep Dive,Completed,4,0.5,206,4,True
1738,2612,13,2024-11-27T14:00:00,28,Outbound,Technical Deep Dive,Completed,5,0.54,117,7,False
1739,4632,4,2024-12-04T13:00:00,58,Inbound,QBR,Completed,8,0.48,114,17,False
1740,2729,9,2023-01-13T09:00:00,33,Outbound,Negotiation,Completed,4,0.64,198,14,False
1741,399,12,2024-12-31T12:15:00,23,Outbound,Demo,Completed,8,0.39,158,7,True
1742,4991,3,2023-03-20T17:30:00,20,Outbound,Demo,Completed,6,0.35,40,12,True
1743,927,1,2024-12-16T14:45:00,55,Outbound,QBR,Completed,2,0.37,130,28,True
1744,2629,3,2023-09-23T08:15:00,51,Outbound,Negotiation,Completed,6,0.46,36,9,False
1745,4818,4,2023-02-08T14:00:00,2,Outbound,Check-In,Voicemail,1,,,0,False
1746,3789,13,2021-06-05T10:45:00,-59,Outbound,Technical Deep Dive,Completed,2,0.81,125,2,True
1747,60,10,2024-09-27T14:15:00,34,Inbound,Discovery,Rescheduled,1,,,0,False
1748,3229,5,2023-11-09T14:45:00,50,Outbound,Discovery,Completed,5,0.41,190,10,True
1749,121,1,2024-11-10T15:45:00,52,Outbound,Check-In,Completed,4,0.31,166,20,True
1750,3931,10,2024-12-13T10:45:00,42,Outbound,Check-In,Completed,7,0.52,46,16,True
1751,410,6,2022-01-21T12:15:00,16,Outbound,Negotiation,Completed,2,0.59,164,10,True
1752,4006,4,2024-07-28T11:00:00,38,Outbound,Negotiation,Completed,5,0.8,67,10,False
1753,628,8,2023-01-16T16:15:00,49,Inbound,Discovery,Completed,4,0.55,133,21,False
1754,2418,3,2024-07-25T17:45:00,28,Inbound,Follow-Up,Completed,2,0.51,54,6,True
1755,2050,14,2024-05-25T15:30:00,31,Outbound,Negotiation,Completed,6,0.71,36,6,True
1756,2148,4,2024-05-18T09:15:00,35,Outbound,Check-In,Completed,2,0.46,156,15,True
1757,2698,16,2024-07-31T14:00:00,58,Outbound,Follow-Up,Completed,5,0.69,150,12,False
1758,4750,3,2030-06-15T10:00:00,2,Inbound,Discovery,Voicemail,1,,,0,False
1759,4537,9,2023-04-04T13:30:00,59,Outbound,Negotiation,Completed,6,0.79,107,6,True
1760,3924,12,2024-06-21T16:00:00,59,Inbound,Follow-Up,Completed,2,0.39,44,9,True
1761,4758,6,2024-12-24T14:45:00,,Inbound,Negotiation,Completed,5,0.62,200,4,True
1762,2861,1,2024-04-01T16:30:00,42,Outbound,Negotiation,Completed,7,0.48,176,6,True
1763,2412,13,2021-06-13T08:15:00,35,Inbound,Check-In,Completed,2,0.72,112,12,False
1764,768,16,2024-06-04T11:00:00,40,Outbound,Discovery,Completed,2,0.69,92,10,False
1765,212,5,2023-01-28T15:30:00,54,Outbound,Discovery,Completed,3,0.39,104,6,False
1766,3886,14,2023-11-20T10:00:00,0,Inbound,Check-In,No Show,1,,,0,False
1767,4109,12,2021-10-02T11:45:00,15,Outbound,Negotiation,Completed,3,0.86,144,4,False
1768,2731,3,2024-12-14T15:00:00,44,Outbound,QBR,Completed,6,0.61,57,6,True
1769,1829,15,2024-11-19T14:45:00,53,Outbound,Discovery,Completed,7,0.47,207,12,True
1770,223,9,2024-12-02T09:15:00,-43,Inbound,Negotiation,Completed,7,0.53,95,14,True
1771,2901,2,2024-10-06T13:30:00,22,Outbound,Check-In,Completed,6,0.53,136,7,False
1772,1104,15,2022-11-13T08:00:00,21,Outbound,Negotiation,Completed,5,0.44,58,13,False
1773,258,10,2022-05-22T16:00:00,21,Outbound,Demo,Completed,2,0.47,138,7,False
1774,808,1,2024-02-25T11:00:00,26,Outbound,QBR,Completed,4,0.7,77,2,True
1775,2468,16,2024-12-10T16:15:00,21,Inbound,Check-In,Completed,5,0.62,42,10,False
1776,1116,10,2022-07-20T13:15:00,1,Outbound,Follow-Up,Voicemail,1,,,0,False
1777,1188,10,2022-10-27T10:30:00,45,Outbound,Demo,Completed,6,0.52,132,6,False
1778,1974,5,2023-04-25T13:30:00,0,Inbound,Demo,No Show,1,,,0,False
1779,1598,12,2024-03-24T16:00:00,3,Outbound,Negotiation,Voicemail,1,,,0,False
1780,2119,10,2030-06-15T10:00:00,23,Outbound,Demo,Completed,3,0.52,43,6,True
1781,2318,12,2024-12-04T09:45:00,36,Outbound,Follow-Up,Completed,3,0.44,219,5,True
1782,4313,4,2024-02-18T14:45:00,21,Outbound,Discovery,Completed,7,0.78,221,8,True
1783,79,9,2024-08-11T12:15:00,43,Outbound,Technical Deep Dive,Completed,7,0.67,71,5,False
1784,842,5,2024-03-31T13:45:00,44,Outbound,Demo,Completed,7,0.53,141,9,False
1785,4954,8,2024-05-18T15:00:00,16,Inbound,Demo,Completed,3,0.54,63,11,False
1786,1582,14,2024-08-14T08:30:00,45,Outbound,Negotiation,Completed,6,0.55,211,5,False
1787,3488,3,2024-06-20T12:30:00,22,Inbound,Discovery,Completed,5,0.45,64,15,True
1788,1387,14,2023-05-22T11:45:00,48,Outbound,Negotiation,Completed,5,0.66,150,10,True
1789,4123,9,2024-07-24T10:45:00,-46,Outbound,QBR,Completed,6,0.4,45,5,False
1790,62,8,2024-12-29T17:45:00,48,Outbound,Discovery,Completed,6,0.37,194,17,True
1791,4880,2,2024-05-10T09:45:00,40,Outbound,Check-In,Completed,4,0.61,78,8,True
1792,385,2,2024-12-17T15:30:00,36,Inbound,Demo,Completed,6,0.55,209,24,False
1793,1443,1,2024-11-13T10:00:00,60,Outbound,QBR,Completed,7,0.42,183,14,False
1794,3868,9,2021-05-04T10:45:00,26,Outbound,Technical Deep Dive,Completed,7,0.49,47,17,True
1795,1465,1,2024-06-17T16:30:00,,Outbound,Negotiation,Completed,8,0.6,179,10,True
1796,1174,7,2024-12-10T16:00:00,47,Outbound,QBR,Completed,6,0.46,109,8,False
1797,194,1,2023-06-01T13:15:00,25,Outbound,Demo,Completed,2,0.6,234,19,False
1798,648,4,2024-06-22T12:45:00,16,Inbound,Discovery,Completed,8,0.41,49,18,True
1799,608,13,2024-12-20T15:45:00,49,Outbound,Technical Deep Dive,Completed,5,0.69,175,12,False
1800,1748,3,2024-12-23T13:15:00,19,Inbound,Demo,Completed,4,0.44,169,7,False
1801,2325,16,2024-03-03T11:45:00,53,Outbound,Check-In,Completed,7,0.49,30,11,True
1802,3152,7,2024-05-07T15:15:00,36,Outbound,Discovery,Rescheduled,1,,,0,False
1803,3963,6,2024-11-24T09:30:00,52,Outbound,Discovery,Completed,3,0.43,146,9,False
1804,4019,4,2024-03-09T10:30:00,32,Inbound,Negotiation,Completed,5,0.48,114,15,True
1805,1699,4,2023-02-17T16:30:00,48,Outbound,Demo,Completed,5,0.67,148,9,False
1806,2892,12,2023-09-09T16:00:00,1,Outbound,Demo,Voicemail,1,,,0,False
1807,3545,2,2022-06-26T14:15:00,15,Inbound,Check-In,Completed,4,0.64,187,18,False
1808,1317,1,2024-12-11T11:45:00,0,Outbound,Discovery,No Show,1,,,0,False
1809,3196,13,2023-08-13T10:15:00,44,Outbound,Discovery,Rescheduled,1,,,0,False
1810,2888,7,2021-05-16T15:45:00,34,Outbound,Check-In,Completed,7,0.73,172,4,False
1811,4915,1,2024-12-06T10:30:00,60,Outbound,QBR,Completed,6,0.59,170,14,True
1812,3914,10,2023-03-30T13:00:00,23,Inbound,Check-In,Rescheduled,1,,,0,False
1813,1076,16,2024-11-24T14:00:00,31,Outbound,Negotiation,Completed,3,0.69,97,14,True
1814,2350,1,2020-08-08T09:45:00,49,Outbound,Discovery,Completed,7,0.52,199,21,False
1815,867,15,2023-02-24T11:15:00,42,Outbound,Negotiation,Completed,4,0.73,92,14,False
1816,645,9,2022-04-03T09:15:00,58,Outbound,Technical Deep Dive,Completed,7,0.69,50,10,True
1817,2266,1,2022-10-04T09:00:00,20,Outbound,QBR,Completed,5,0.54,221,18,True
1818,4178,6,2024-06-24T11:15:00,33,Outbound,Discovery,Completed,4,0.66,212,13,True
1819,3821,9,2023-04-25T11:00:00,53,Outbound,QBR,Completed,7,0.55,109,10,False
1820,1417,5,2024-10-15T09:00:00,16,Inbound,Technical Deep Dive,Completed,7,0.66,240,13,False
1821,4172,16,2023-08-30T10:30:00,32,Outbound,Technical Deep Dive,Completed,8,0.87,70,8,False
1822,1548,15,2024-12-02T12:15:00,59,Outbound,Negotiation,Completed,6,0.4,220,16,False
1823,4418,16,2024-12-22T10:30:00,17,Inbound,Negotiation,Completed,7,0.43,101,11,True
1824,1153,5,2024-12-28T11:15:00,0,Outbound,Negotiation,No Show,1,,,0,False
1825,3450,2,2024-08-07T09:15:00,18,Outbound,Check-In,Completed,7,0.54,44,20,False
1826,1351,5,2023-11-18T09:15:00,27,Inbound,Check-In,Completed,7,0.55,112,15,False
1827,1080,14,2023-08-25T12:15:00,46,Outbound,Demo,Rescheduled,1,,,0,False
1828,3464,16,2024-12-07T10:30:00,60,Outbound,Demo,Completed,8,0.65,55,16,True
1829,1004,12,2022-05-07T11:30:00,42,Inbound,QBR,Completed,8,0.47,74,11,True
1830,3492,11,2024-05-02T12:30:00,50,Outbound,Technical Deep Dive,Completed,8,0.66,197,10,False
1831,4162,2,2024-09-27T08:15:00,29,Inbound,Demo,Completed,3,0.44,62,4,False
1832,2168,2,2024-11-17T08:15:00,0,Outbound,Follow-Up,No Show,1,,,0,False
1833,2232,4,2023-12-20T13:15:00,51,Outbound,Technical Deep Dive,Rescheduled,1,,,0,False
1834,2150,7,2023-12-09T10:30:00,0,Inbound,Check-In,No Show,1,,,0,False
1835,1816,9,2023-04-21T16:15:00,21,Outbound,Negotiation,Rescheduled,1,,,0,False
1836,689,2,2024-12-18T10:30:00,56,Outbound,Demo,Rescheduled,1,,,0,False
1837,2642,9,2023-10-02T11:15:00,,Outbound,QBR,Completed,7,0.61,260,7,False
1838,1797,15,2024-06-24T14:15:00,33,Outbound,QBR,Rescheduled,1,,,0,False
1839,1115,3,2022-09-25T08:45:00,20,Inbound,Negotiation,Completed,2,0.5,106,4,False
1840,300,3,2023-08-21T14:15:00,,Outbound,Demo,No Show,1,,,0,False
1841,2515,6,2024-09-22T11:45:00,,Outbound,Demo,Completed,6,0.52,179,20,False
1842,614,5,2022-11-24T15:15:00,42,Outbound,Follow-Up,Completed,8,0.65,58,5,False
1843,161,16,2024-12-15T14:00:00,16,Outbound,Follow-Up,Completed,3,0.54,111,12,False
1844,4911,13,2024-02-20T15:30:00,23,Inbound,Demo,Completed,8,0.63,202,8,False
1845,4238,10,2023-07-27T12:45:00,40,Outbound,Discovery,Completed,7,0.74,246,10,False
1846,3367,6,2024-09-08T15:15:00,52,Outbound,Negotiation,Completed,7,0.84,250,15,True
1847,1823,2,2023-03-31T08:30:00,0,Inbound,Negotiation,No Show,1,,,0,False
1848,57,8,2024-10-01T12:30:00,1,Inbound,QBR,Voicemail,1,,,0,False
1849,4267,5,2024-05-02T10:45:00,,Outbound,Check-In,Rescheduled,1,,,0,False
1850,3781,16,2023-09-01T15:15:00,21,Outbound,Technical Deep Dive,Completed,5,0.68,109,4,True
1851,4318,4,2024-07-03T15:15:00,48,Outbound,Negotiation,Completed,4,0.36,94,16,True
1852,432,13,2022-05-21T14:45:00,2,Outbound,Technical Deep Dive,Voicemail,1,,,0,False
1853,1204,5,2024-06-18T14:30:00,53,Outbound,Discovery,Rescheduled,1,,,0,False
1854,122,14,2024-12-31T10:30:00,3,Inbound,Follow-Up,Voicemail,1,,,0,False
1855,2864,7,2024-12-07T15:15:00,59,Outbound,Follow-Up,Completed,2,0.63,150,10,False
1856,1380,7,2024-12-22T13:00:00,0,Outbound,Follow-Up,No Show,1,,,0,False
1857,2812,16,2024-12-08T11:15:00,54,Outbound,Discovery,Rescheduled,1,,,0,False
1858,4423,8,2024-04-07T16:15:00,-44,Inbound,Discovery,Completed,5,0.52,175,3,False
1859,3058,16,2030-06-15T10:00:00,43,Outbound,Demo,Completed,7,0.65,219,7,False
1860,816,1,2024-08-22T16:30:00,,Inbound,Negotiation,Completed,7,0.61,225,6,True
1861,1480,5,2024-12-09T17:15:00,31,Outbound,Discovery,Completed,5,0.49,35,7,True
1862,3332,8,2023-05-08T14:15:00,1,Outbound,Follow-Up,Voicemail,1,,,0,False
1863,2458,3,2024-10-20T13:15:00,,Inbound,QBR,Completed,5,0.43,92,22,True
1864,1441,8,2024-03-13T08:00:00,35,Outbound,QBR,Completed,3,0.79,191,10,False
1865,418,14,2023-11-14T15:00:00,21,Outbound,Negotiation,Completed,2,0.64,178,4,False
1866,2059,13,2024-02-13T13:15:00,19,Outbound,Demo,Completed,2,0.77,168,7,False
1867,704,13,2024-09-04T10:30:00,29,Outbound,Technical Deep Dive,Completed,7,0.71,82,11,False
1868,2323,8,2024-12-20T14:30:00,59,Outbound,Check-In,Completed,3,0.46,114,19,False
1869,4971,7,2024-09-21T14:30:00,42,Inbound,Follow-Up,Completed,5,0.47,180,14,False
1870,428,10,2024-12-02T14:45:00,38,Inbound,Technical Deep Dive,Completed,4,0.84,66,13,False
1871,1641,13,2022-04-24T11:15:00,42,Outbound,Demo,Completed,6,0.51,208,7,False
1872,2913,8,2024-11-13T11:45:00,24,Outbound,Discovery,Completed,6,0.53,187,4,True
1873,1359,12,2023-11-04T10:00:00,38,Inbound,Check-In,Completed,6,0.7,208,15,True
1874,1353,9,2020-06-21T11:45:00,0,Outbound,Technical Deep Dive,No Show,1,,,0,False
1875,1256,6,2024-05-01T15:00:00,26,Inbound,Check-In,Completed,8,0.79,54,4,False
1876,3991,16,2023-03-22T12:45:00,34,Inbound,Demo,Completed,6,0.46,90,4,True
1877,4260,6,2024-09-05T15:30:00,59,Outbound,Check-In,Completed,8,0.52,45,15,False
1878,534,11,2022-11-24T15:45:00,48,Outbound,Negotiation,Completed,4,0.48,240,13,True
1879,3190,13,2022-08-14T16:45:00,16,Outbound,Negotiation,Completed,2,0.59,229,3,False
1880,4516,13,2023-06-09T13:00:00,50,Outbound,Demo,Rescheduled,1,,,0,False
1881,4217,4,2024-06-10T13:00:00,3,Outbound,Technical Deep Dive,Voicemail,1,,,0,False
1882,4222,3,2030-06-15T10:00:00,32,Outbound,Technical Deep Dive,Completed,6,0.54,130,21,False
1883,2085,12,2024-05-21T15:00:00,53,Outbound,Follow-Up,Completed,2,0.56,165,13,True
1884,1435,4,2023-08-19T09:30:00,1,Inbound,QBR,Voicemail,1,,,0,False
1885,3296,8,2024-12-14T12:45:00,32,Outbound,Check-In,Completed,7,0.57,173,10,False
1886,1655,6,2023-03-05T10:00:00,60,Outbound,Technical Deep Dive,Completed,8,0.41,120,8,True
1887,3305,5,2024-08-07T17:00:00,57,Outbound,Check-In,Completed,3,0.64,297,12,False
1888,252,16,2024-12-01T09:15:00,35,Outbound,Demo,Completed,7,0.54,219,5,True
1889,1953,7,2024-05-21T09:45:00,36,Inbound,Follow-Up,Completed,8,1.37,67,17,True
1890,157,3,2024-05-21T14:15:00,,Outbound,Check-In,No Show,1,,,0,False
1891,2770,4,2024-05-09T12:45:00,37,Inbound,Demo,Completed,8,0.35,239,13,True
1892,204,14,2024-04-18T16:45:00,27,Inbound,Technical Deep Dive,Completed,4,0.74,181,3,True
1893,3111,8,2024-12-28T09:15:00,32,Outbound,Negotiation,Completed,2,0.52,180,6,False
1894,926,5,2024-07-20T11:45:00,44,Outbound,Technical Deep Dive,Completed,5,0.48,192,4,False
1895,238,5,2023-11-30T15:45:00,29,Inbound,Demo,Completed,2,0.48,177,11,False
1896,4745,2,2024-02-10T10:00:00,41,Outbound,Negotiation,Completed,2,0.48,123,10,True
1897,4000,14,2022-06-27T16:00:00,18,Outbound,Check-In,Completed,3,0.63,174,9,True
1898,2623,4,2024-07-04T15:30:00,46,Outbound,Demo,Completed,6,0.49,83,16,True
1899,46,3,2024-10-25T10:45:00,49,Outbound,Negotiation,Completed,8,0.4,205,13,False
1900,4437,6,2024-03-30T14:15:00,54,Inbound,QBR,Completed,7,0.62,98,5,True
1901,1816,9,2023-06-25T09:30:00,29,Outbound,Check-In,Completed,5,0.77,113,9,True
1902,750,8,2024-12-31T16:00:00,46,Outbound,Technical Deep Dive,Completed,6,0.7,235,14,False
1903,4553,4,2024-01-21T11:45:00,32,Outbound,Technical Deep Dive,Completed,6,0.38,175,11,False
1904,4970,4,2023-05-25T14:30:00,50,Outbound,Follow-Up,Completed,7,0.7,128,13,True
1905,4639,3,2024-12-23T15:30:00,17,Outbound,Follow-Up,Completed,5,0.46,189,19,False
1906,4226,9,2021-08-19T13:00:00,23,Outbound,Discovery,Completed,8,0.85,177,6,False
1907,2886,3,2024-08-01T14:45:00,26,Outbound,Technical Deep Dive,Completed,5,0.45,53,12,True
1908,1276,1,2022-04-10T10:00:00,30,Outbound,Demo,Completed,4,0.42,64,15,True
1909,2700,6,2021-02-20T14:30:00,,Inbound,Discovery,Completed,7,0.44,199,17,False
1910,466,5,2030-06-15T10:00:00,43,Outbound,Demo,Completed,6,0.36,164,11,False
1911,523,8,2022-02-07T13:45:00,42,Outbound,Negotiation,Rescheduled,1,,,0,False
1912,2484,1,2024-12-17T12:15:00,55,Outbound,Demo,Completed,5,0.32,172,15,False
1913,2018,3,2030-06-15T10:00:00,0,Outbound,Follow-Up,No Show,1,,,0,False
1914,653,6,2023-09-26T15:45:00,56,Inbound,Check-In,Completed,8,0.44,194,20,False
1915,1263,10,2024-06-09T10:30:00,32,Outbound,Check-In,Completed,3,0.7,30,3,False
1916,377,4,2023-10-17T16:45:00,22,Outbound,QBR,Completed,2,0.41,128,25,True
1917,648,4,2024-04-19T08:30:00,58,Inbound,QBR,Completed,4,0.47,144,13,True
1918,1324,7,2024-12-12T15:45:00,25,Outbound,QBR,Completed,5,0.64,196,5,True
1919,315,6,2023-09-22T12:45:00,29,Outbound,Technical Deep Dive,Completed,6,0.47,152,18,False
1920,1126,13,2024-02-01T15:30:00,0,Outbound,Discovery,No Show,1,,,0,False
1921,1021,13,2024-04-02T09:30:00,30,Outbound,QBR,Completed,3,0.5,95,16,False
1922,3964,14,2024-11-14T16:15:00,50,Outbound,Demo,Completed,8,0.45,160,4,False
1923,531,9,2024-12-19T15:15:00,16,Outbound,Demo,Rescheduled,1,,,0,False
1924,1626,15,2024-12-08T09:15:00,,Outbound,Discovery,Completed,8,1.45,128,12,True
1925,1348,9,2023-01-07T10:00:00,0,Outbound,Negotiation,No Show,1,,,0,False
1926,3128,2,2024-10-02T16:00:00,54,Inbound,Negotiation,Completed,8,0.62,33,18,True
1927,555,12,2024-03-16T13:15:00,0,Outbound,Demo,No Show,1,,,0,False
1928,1535,4,2024-12-06T11:45:00,35,Inbound,Demo,Completed,6,0.46,151,13,True
1929,2603,16,2023-05-27T15:00:00,16,Outbound,QBR,Completed,5,0.48,97,3,False
1930,2133,9,2023-05-28T10:45:00,0,Outbound,Negotiation,No Show,1,,,0,False
1931,3067,16,2024-10-14T11:00:00,17,Outbound,Follow-Up,Completed,7,0.78,222,9,True
1932,1920,9,2023-07-09T14:30:00,40,Inbound,Discovery,Completed,5,0.82,47,2,True
1933,3547,2,2024-10-13T14:00:00,40,Outbound,Check-In,Completed,4,0.53,49,7,True
1934,4370,3,2023-06-18T10:15:00,41,Outbound,Technical Deep Dive,Completed,5,0.41,54,13,True
1935,3116,1,2023-04-19T14:30:00,41,Outbound,Check-In,Rescheduled,1,,,0,False
1936,667,2,2024-12-31T09:15:00,55,Outbound,Discovery,Completed,3,0.5,209,8,True
1937,744,3,2024-10-20T13:00:00,42,Outbound,QBR,Completed,7,0.45,80,9,False
1938,4174,14,2024-05-24T10:15:00,46,Inbound,Discovery,Completed,4,0.58,162,9,False
1939,936,4,2023-11-11T08:30:00,54,Outbound,Discovery,Completed,7,0.5,231,4,False
1940,3149,1,2024-02-14T13:00:00,25,Outbound,Check-In,Completed,5,0.56,186,22,True
1941,2139,10,2023-07-20T17:30:00,-45,Outbound,Check-In,Completed,6,0.64,46,13,False
1942,2808,1,2024-05-28T12:00:00,,Outbound,QBR,No Show,1,,,0,False
1943,10,8,2022-11-14T16:00:00,28,Inbound,Follow-Up,Completed,6,0.59,219,6,False
1944,2823,13,2024-11-30T14:15:00,23,Outbound,Check-In,Rescheduled,1,,,0,False
1945,2441,7,2023-06-28T15:30:00,27,Inbound,Negotiation,Completed,4,0.59,48,11,True
1946,1189,1,2024-07-25T16:15:00,1,Outbound,QBR,Voicemail,1,,,0,False
1947,1693,13,2024-11-12T16:15:00,53,Outbound,QBR,Completed,7,0.71,174,9,True
1948,3468,3,2024-12-11T14:15:00,53,Outbound,Follow-Up,Completed,4,0.48,214,9,False
1949,3088,1,2022-10-09T11:30:00,22,Inbound,Check-In,Completed,7,1.08,214,24,True
1950,4861,3,2023-10-04T14:45:00,60,Outbound,Check-In,Completed,5,0.48,222,12,True
1951,120,15,2023-11-13T13:15:00,18,Outbound,Technical Deep Dive,Completed,3,0.56,170,6,False
1952,4876,9,2023-01-23T14:00:00,19,Outbound,Demo,Completed,3,0.56,124,18,True
1953,1102,4,2030-06-15T10:00:00,18,Outbound,Follow-Up,Completed,8,0.36,128,6,False
1954,4374,16,2024-09-14T12:15:00,19,Inbound,Check-In,Rescheduled,1,,,0,False
1955,216,9,2024-12-29T08:00:00,0,Outbound,Discovery,No Show,1,,,0,False
1956,587,7,2024-06-30T12:30:00,57,Outbound,Negotiation,Rescheduled,1,,,0,False
1957,2027,11,2024-12-17T10:30:00,59,Inbound,Check-In,Completed,7,0.57,98,12,True
1958,716,6,2024-08-08T13:15:00,42,Inbound,Negotiation,Completed,5,0.44,44,25,True
1959,1789,14,2020-08-22T11:45:00,,Inbound,Negotiation,Completed,8,0.78,195,5,True
1960,2323,8,2024-12-15T15:45:00,0,Outbound,Negotiation,No Show,1,,,0,False
1961,4824,4,2024-12-05T09:15:00,39,Inbound,Technical Deep Dive,Completed,8,0.6,69,18,True
1962,1070,16,2022-02-25T10:30:00,52,Outbound,Technical Deep Dive,Completed,5,0.47,179,12,True
1963,1702,1,2024-12-05T11:45:00,15,Outbound,QBR,Completed,6,0.54,96,6,False
1964,273,2,2030-06-15T10:00:00,16,Inbound,Demo,Completed,6,0.38,165,9,False
1965,3121,14,2024-06-18T11:45:00,34,Inbound,Technical Deep Dive,Rescheduled,1,,,0,False
1966,2827,12,2023-10-13T09:45:00,45,Inbound,Technical Deep Dive,Rescheduled,1,,,0,False
1967,2225,9,2021-12-30T13:30:00,37,Outbound,Check-In,Completed,4,0.48,196,4,True
1968,4166,2,2024-06-20T11:30:00,28,Outbound,Follow-Up,Completed,4,0.55,200,21,False
1969,1057,5,2024-11-18T15:30:00,0,Inbound,Follow-Up,No Show,1,,,0,False
1970,173,7,2023-08-02T12:30:00,,Inbound,Technical Deep Dive,Completed,6,0.62,107,15,True
1971,2572,7,2024-09-20T09:15:00,17,Outbound,Demo,Rescheduled,1,,,0,False
1972,4632,4,2024-12-19T11:30:00,42,Inbound,Demo,Completed,6,0.61,151,12,False
1973,1211,9,2024-04-23T16:00:00,54,Outbound,Demo,Completed,3,0.52,79,17,True
1974,368,13,2030-06-15T10:00:00,52,Outbound,Follow-Up,Completed,8,0.51,134,4,False
1975,1350,15,2022-10-06T10:45:00,54,Outbound,Follow-Up,Completed,4,0.68,149,4,False
1976,3705,16,2024-10-17T13:15:00,,Outbound,QBR,Completed,2,0.43,170,14,True
1977,3120,12,2024-01-20T12:00:00,57,Outbound,Check-In,Rescheduled,1,,,0,False
1978,3519,6,2024-01-22T16:45:00,0,Outbound,Technical Deep Dive,No Show,1,,,0,False
1979,1686,4,2023-07-05T13:30:00,,Outbound,Check-In,Completed,7,0.69,35,10,False
1980,1875,15,2024-12-30T10:00:00,44,Inbound,Discovery,Completed,3,0.41,168,9,False
1981,3189,13,2024-12-02T14:15:00,56,Outbound,Demo,Completed,5,0.91,300,9,False
1982,4436,7,2030-06-15T10:00:00,55,Inbound,QBR,Completed,5,0.35,167,21,True
1983,507,6,2024-09-28T16:00:00,47,Outbound,Check-In,Completed,7,0.48,86,8,True
1984,1343,3,2024-07-16T13:45:00,37,Outbound,Check-In,Completed,5,0.49,232,16,False
1985,7,1,2024-04-25T14:45:00,0,Outbound,Negotiation,No Show,1,,,0,False
1986,4698,2,2021-08-03T09:30:00,46,Inbound,Follow-Up,Completed,7,0.36,183,19,True
1987,3098,4,2024-12-15T13:45:00,51,Inbound,Check-In,Completed,5,0.52,152,12,False
1988,1385,8,2024-06-12T16:45:00,25,Inbound,Technical Deep Dive,Completed,7,0.69,176,14,True
1989,1271,16,2023-02-21T16:45:00,28,Outbound,Follow-Up,Completed,4,0.65,198,11,True
1990,810,15,2024-12-22T13:30:00,0,Outbound,Technical Deep Dive,No Show,1,,,0,False
1991,4788,10,2024-12-12T14:45:00,44,Outbound,Follow-Up,Completed,6,0.72,222,7,False
1992,3574,13,2024-04-27T13:15:00,56,Inbound,Demo,Completed,6,0.77,112,10,False
1993,3958,9,2024-12-01T10:00:00,57,Inbound,QBR,Completed,6,0.72,210,13,False
1994,2977,2,2024-11-27T13:00:00,27,Inbound,Follow-Up,Completed,5,0.61,69,19,True
1995,3659,9,2020-07-18T12:30:00,30,Outbound,Follow-Up,Completed,7,0.6,39,8,True
1996,1445,10,2022-10-05T09:00:00,34,Outbound,Negotiation,Completed,2,0.72,207,4,True
1997,1041,16,2024-07-07T15:45:00,39,Outbound,Discovery,Completed,7,0.7,52,14,False
1998,791,13,2030-06-15T10:00:00,39,Outbound,QBR,Completed,4,1.12,165,12,True
1999,4282,4,2024-06-12T15:30:00,37,Outbound,Demo,Rescheduled,1,,,0,False
2000,2463,12,2022-10-13T14:45:00,34,Inbound,Follow-Up,Completed,8,0.61,54,11,False
2001,3645,2,2024-07-13T16:45:00,31,Outbound,Discovery,Completed,8,0.49,84,9,False
2002,1895,2,2030-06-15T10:00:00,52,Inbound,Negotiation,Completed,2,0.59,197,20,False
2003,4145,15,2024-10-22T17:15:00,40,Outbound,Technical Deep Dive,Completed,2,0.57,152,8,False
2004,3727,1,2022-08-31T13:00:00,35,Inbound,Demo,Completed,7,0.57,167,14,False
2005,3902,9,2030-06-15T10:00:00,27,Outbound,Technical Deep Dive,Completed,2,0.4,206,5,False
2006,4721,14,2022-10-11T14:45:00,37,Inbound,QBR,Completed,8,0.71,236,9,True
2007,8,14,2030-06-15T10:00:00,42,Outbound,QBR,Completed,6,0.72,210,7,False
2008,2896,5,2023-10-09T11:15:00,60,Outbound,Follow-Up,Completed,8,0.85,226,13,False
2009,3454,9,2024-11-15T11:45:00,23,Inbound,Check-In,Completed,6,0.68,79,16,False
2010,1810,6,2022-06-30T09:15:00,25,Outbound,Follow-Up,Completed,3,0.76,64,10,False
2011,3818,9,2024-12-24T15:15:00,24,Outbound,Negotiation,Completed,6,0.59,135,11,True
2012,2446,8,2024-12-14T11:15:00,24,Inbound,Negotiation,Completed,2,0.57,32,19,False
2013,4052,1,2024-12-04T12:00:00,45,Outbound,Check-In,Completed,7,0.46,147,10,True
2014,2980,6,2024-08-20T12:15:00,26,Outbound,Discovery,Completed,8,0.53,70,4,False
2015,1077,9,2024-04-11T13:00:00,49,Outbound,Negotiation,Completed,7,0.37,45,15,True
2016,788,6,2030-06-15T10:00:00,31,Inbound,QBR,Completed,5,0.83,51,12,False
2017,3263,5,2024-07-07T09:30:00,57,Outbound,Demo,Rescheduled,1,,,0,False
2018,2283,3,2024-11-11T09:15:00,32,Inbound,QBR,Completed,2,0.35,152,13,False
2019,1352,14,2024-12-28T11:45:00,29,Outbound,Technical Deep Dive,Completed,8,0.6,99,9,True
2020,2750,9,2024-12-08T09:45:00,28,Outbound,Check-In,Completed,3,0.58,142,13,False
2021,1413,8,2024-08-29T13:45:00,23,Outbound,Discovery,Completed,7,0.78,276,6,False
2022,4265,6,2023-12-05T16:00:00,27,Outbound,Demo,Completed,4,0.49,185,16,True
2023,3776,14,2024-12-04T13:30:00,41,Outbound,Negotiation,Rescheduled,1,,,0,False
2024,4353,1,2023-07-18T08:30:00,55,Outbound,Technical Deep Dive,Completed,4,0.32,110,24,True
2025,658,13,2024-12-06T11:45:00,0,Inbound,Discovery,No Show,1,,,0,False
2026,3733,9,2024-02-29T09:15:00,20,Outbound,Check-In,Completed,5,0.66,183,12,True
2027,3115,12,2023-02-11T09:30:00,33,Outbound,QBR,Completed,6,0.71,136,4,True
2028,2673,15,2024-12-16T13:45:00,17,Outbound,Check-In,Completed,3,0.74,238,4,True
2029,4048,4,2024-09-04T11:15:00,60,Outbound,QBR,Rescheduled,1,,,0,False
2030,518,13,2024-12-29T14:30:00,28,Outbound,Demo,Completed,2,0.68,39,9,False
2031,1290,4,2024-08-21T14:00:00,37,Outbound,Negotiation,Completed,5,0.38,55,11,False
2032,82,16,2024-12-20T17:15:00,15,Outbound,Technical Deep Dive,Completed,8,0.54,178,3,True
2033,1618,1,2023-04-30T12:45:00,59,Outbound,QBR,Completed,3,0.31,80,12,False
2034,2761,12,2024-02-18T10:00:00,20,Inbound,QBR,Completed,5,0.66,216,1,False
2035,3219,10,2024-01-19T15:00:00,32,Outbound,Negotiation,Completed,7,0.41,240,11,False
2036,998,2,2021-08-15T16:15:00,55,Outbound,Negotiation,Completed,3,0.4,93,16,True
2037,1690,5,2024-12-05T16:15:00,0,Outbound,Negotiation,No Show,1,,,0,False
2038,102,10,2024-06-14T13:30:00,,Inbound,Demo,Rescheduled,1,,,0,False
2039,904,2,2020-08-15T10:15:00,3,Inbound,Discovery,Voicemail,1,,,0,False
2040,95,1,2024-12-24T09:45:00,17,Inbound,Negotiation,Completed,2,0.63,240,4,False
2041,64,7,2020-12-30T14:00:00,37,Inbound,Demo,Completed,2,0.54,144,20,True
2042,3930,12,2022-07-26T15:00:00,55,Outbound,Discovery,Rescheduled,1,,,0,False
2043,881,11,2021-04-27T14:45:00,44,Inbound,Discovery,Rescheduled,1,,,0,False
2044,4312,5,2024-04-28T17:15:00,25,Outbound,Follow-Up,Completed,7,0.83,129,14,False
2045,4356,7,2022-12-01T12:45:00,52,Outbound,Discovery,Completed,4,0.59,137,13,False
2046,976,2,2024-12-26T08:00:00,44,Outbound,Negotiation,Completed,4,0.35,57,7,False
2047,1042,7,2022-06-13T09:00:00,41,Outbound,Check-In,Completed,6,0.85,86,8,True
2048,4834,16,2024-12-07T15:30:00,52,Outbound,Technical Deep Dive,Completed,7,0.45,100,6,False
2049,3745,1,2024-12-04T08:45:00,40,Inbound,Check-In,Completed,3,1.33,130,13,True
2050,4658,7,2021-06-13T12:00:00,57,Inbound,Negotiation,Completed,5,0.84,208,14,False
2051,3533,13,2024-08-09T15:30:00,53,Outbound,Follow-Up,Completed,7,0.46,87,14,False
2052,2163,4,2024-10-03T12:30:00,57,Outbound,Follow-Up,Completed,4,0.44,213,15,True
2053,3967,9,2023-03-29T13:00:00,41,Outbound,Discovery,Completed,6,0.61,39,16,False
2054,4367,8,2024-09-14T10:30:00,,Outbound,Demo,Completed,4,0.51,164,16,True
2055,1384,13,2023-08-02T09:30:00,34,Outbound,Check-In,Completed,3,0.86,88,5,False
2056,3868,9,2021-04-02T13:00:00,32,Outbound,Demo,Completed,4,0.46,238,9,False
2057,960,12,2024-08-15T11:45:00,31,Inbound,QBR,Completed,2,0.55,142,11,True
2058,2864,7,2024-12-02T11:45:00,54,Outbound,Demo,Completed,6,0.52,36,5,False
2059,3646,13,2023-09-05T13:30:00,37,Outbound,Check-In,Completed,5,0.67,50,10,False
2060,467,10,2023-04-21T14:45:00,2,Inbound,Check-In,Voicemail,1,,,0,False
2061,424,1,2024-09-12T12:00:00,57,Inbound,Follow-Up,Completed,3,0.61,76,14,False
2062,4746,4,2024-12-02T15:30:00,39,Outbound,Follow-Up,Rescheduled,1,,,0,False
2063,3004,6,2024-03-13T17:30:00,1,Inbound,Negotiation,Voicemail,1,,,0,False
2064,1854,3,2024-08-19T12:00:00,23,Outbound,Technical Deep Dive,Rescheduled,1,,,0,False
2065,2893,7,2024-12-14T10:15:00,30,Outbound,Technical Deep Dive,Completed,8,1.27,38,9,False
2066,4680,7,2024-10-16T11:45:00,59,Outbound,Follow-Up,Completed,3,0.46,126,11,False
2067,1769,16,2024-12-01T14:15:00,18,Outbound,Technical Deep Dive,Completed,5,0.73,215,15,True
2068,831,3,2024-12-25T14:45:00,37,Inbound,Discovery,Completed,5,0.37,203,7,True
2069,4714,16,2024-09-11T11:45:00,0,Inbound,Technical Deep Dive,No Show,1,,,0,False
2070,4425,16,2024-12-14T16:00:00,22,Outbound,Technical Deep Dive,Completed,3,0.85,88,4,False
2071,2556,7,2022-05-03T10:00:00,48,Outbound,Check-In,Completed,3,0.72,65,6,False
2072,1086,15,2024-10-10T13:15:00,42,Outbound,Demo,Completed,8,0.58,98,4,False
2073,127,10,2024-05-18T14:00:00,26,Outbound,QBR,Completed,2,0.48,164,9,True
2074,1160,8,2024-05-10T11:00:00,45,Outbound,QBR,Completed,5,0.62,240,19,True
2075,3447,3,2024-05-13T10:30:00,0,Inbound,Check-In,No Show,1,,,0,False
2076,2279,9,2024-05-06T11:45:00,56,Outbound,Demo,Rescheduled,1,,,0,False
2077,3083,3,2023-11-19T13:30:00,40,Outbound,Negotiation,Completed,7,0.41,160,19,False
2078,4988,9,2024-07-17T10:15:00,35,Outbound,Discovery,Completed,3,0.52,162,14,True
2079,3545,2,2022-05-08T09:45:00,55,Inbound,Check-In,Rescheduled,1,,,0,False
2080,4312,5,2024-04-02T16:15:00,50,Inbound,Negotiation,Completed,5,0.85,95,14,True
2081,550,5,2024-02-11T15:15:00,16,Outbound,QBR,Completed,7,0.54,36,15,True
2082,4384,14,2022-05-10T12:00:00,42,Outbound,Discovery,Rescheduled,1,,,0,False
2083,1053,5,2023-09-13T13:00:00,43,Outbound,Check-In,Completed,2,0.36,235,16,True
2084,1362,12,2024-08-16T13:45:00,42,Outbound,Follow-Up,Completed,5,0.44,61,7,False
2085,3210,16,2024-12-11T14:00:00,31,Outbound,Check-In,Completed,6,0.64,43,3,True
2086,4969,8,2024-05-10T13:45:00,2,Outbound,Negotiation,Voicemail,1,,,0,False
2087,1936,3,2020-09-20T12:30:00,52,Outbound,Follow-Up,Completed,8,0.46,235,20,False
2088,3003,14,2022-07-17T13:45:00,31,Outbound,Discovery,Completed,3,0.47,135,9,True
2089,836,5,2024-08-24T15:45:00,0,Inbound,Technical Deep Dive,No Show,1,,,0,False
2090,1108,7,2024-08-26T14:00:00,50,Outbound,Demo,Completed,6,0.68,225,7,True
2091,295,11,2024-12-18T15:45:00,41,Outbound,QBR,Completed,3,0.71,49,12,True
2092,1732,16,2024-12-20T11:15:00,27,Outbound,Negotiation,Completed,6,0.54,132,8,False
2093,619,5,2024-04-10T12:00:00,54,Inbound,Check-In,Completed,6,0.5,225,14,False
2094,2125,8,2024-12-30T11:45:00,59,Outbound,QBR,Rescheduled,1,,,0,False
2095,2548,3,2024-10-28T10:45:00,32,Outbound,Discovery,Completed,5,0.31,124,22,False
2096,4195,1,2023-12-16T12:30:00,45,Outbound,Technical Deep Dive,Completed,5,0.54,267,18,True
2097,2537,2,2024-09-19T13:00:00,50,Outbound,Discovery,Completed,6,0.63,75,18,True
2098,3064,5,2024-01-10T11:30:00,17,Outbound,QBR,Rescheduled,1,,,0,False
2099,4212,3,2024-07-13T11:00:00,25,Outbound,Negotiation,Completed,4,0.48,111,7,False
2100,2832,7,2024-01-08T14:15:00,28,Outbound,Demo,Completed,4,0.69,120,14,False
2101,3375,10,2024-05-31T15:00:00,30,Outbound,QBR,Completed,5,0.74,286,9,True
2102,3453,7,2022-04-29T12:00:00,,Outbound,Negotiation,No Show,1,,,0,False
2103,179,6,2023-06-20T10:30:00,39,Inbound,Negotiation,Completed,8,0.76,98,8,False
2104,126,15,2024-11-16T10:45:00,31,Outbound,Demo,Completed,5,0.73,89,3,False
2105,3140,8,2022-12-13T12:30:00,54,Outbound,Demo,Completed,5,0.63,63,19,True
2106,3054,1,2023-12-17T11:45:00,19,Outbound,Discovery,Rescheduled,1,,,0,False
2107,64,7,2020-12-10T10:00:00,57,Outbound,Technical Deep Dive,Completed,5,0.43,120,16,False
2108,3987,16,2024-01-12T14:45:00,20,Inbound,QBR,Completed,2,0.65,82,16,False
2109,1481,13,2023-10-16T16:00:00,3,Inbound,Technical Deep Dive,Voicemail,1,,,0,False
2110,2599,13,2024-08-02T10:30:00,57,Outbound,Demo,Completed,8,0.66,183,4,False
2111,989,4,2022-10-10T13:00:00,17,Inbound,Demo,Completed,2,0.54,207,20,False
2112,139,8,2024-12-19T15:30:00,30,Outbound,Discovery,Completed,5,0.39,113,16,True
2113,3251,14,2024-12-18T10:30:00,38,Inbound,Follow-Up,Completed,4,0.62,252,7,False
2114,534,11,2023-01-08T15:00:00,38,Outbound,Negotiation,Completed,7,0.66,111,16,False
2115,2356,12,2024-02-15T15:45:00,18,Inbound,Check-In,Rescheduled,1,,,0,False
2116,2479,16,2023-04-30T14:45:00,21,Inbound,Discovery,Completed,3,0.48,33,3,False
2117,809,1,2024-12-14T14:30:00,0,Outbound,Follow-Up,No Show,1,,,0,False
2118,2033,10,2024-12-01T12:15:00,2,Outbound,QBR,Voicemail,1,,,0,False
2119,2910,3,2023-09-30T14:45:00,19,Inbound,Technical Deep Dive,Rescheduled,1,,,0,False
2120,3765,1,2023-10-19T11:30:00,0,Inbound,Negotiation,No Show,1,,,0,False
2121,2826,8,2022-11-07T10:15:00,16,Inbound,Follow-Up,Completed,6,0.44,143,15,True
2122,454,11,2024-12-08T15:45:00,53,Inbound,Negotiation,Completed,7,0.73,118,9,True
2123,3919,3,2023-12-24T14:15:00,60,Outbound,Negotiation,Completed,4,1.02,113,16,True
2124,3127,12,2023-12-16T15:00:00,41,Outbound,Follow-Up,Completed,7,0.72,231,9,False
2125,4784,7,2022-05-13T13:30:00,29,Outbound,Discovery,Completed,4,0.63,83,18,False
2126,911,16,2030-06-15T10:00:00,20,Outbound,Technical Deep Dive,Completed,3,0.45,190,8,True
2127,2950,13,2024-05-16T12:15:00,39,Outbound,Negotiation,Rescheduled,1,,,0,False
2128,1317,1,2024-12-26T11:45:00,48,Outbound,Negotiation,Completed,8,0.35,230,12,False
2129,1319,8,2024-05-15T16:15:00,41,Outbound,Discovery,Completed,4,0.35,131,4,True
2130,475,14,2024-12-02T13:30:00,39,Outbound,Discovery,Completed,5,0.74,94,6,True
2131,2989,11,2024-12-10T10:30:00,29,Outbound,QBR,Completed,8,0.6,184,7,True
2132,4314,13,2030-06-15T10:00:00,47,Outbound,Discovery,Completed,8,0.61,140,5,False
2133,3497,14,2024-11-06T12:00:00,0,Outbound,Follow-Up,No Show,1,,,0,False
2134,2749,7,2022-02-10T10:45:00,59,Inbound,Technical Deep Dive,Completed,8,0.63,211,16,True
2135,4006,4,2024-07-12T09:00:00,16,Inbound,Demo,Completed,4,0.51,32,8,True
2136,3918,10,2024-10-11T09:30:00,44,Outbound,QBR,Completed,3,0.64,108,9,True
2137,2650,2,2023-11-06T17:30:00,52,Outbound,QBR,Completed,6,0.48,86,2,True
2138,1900,16,2030-06-15T10:00:00,59,Inbound,Technical Deep Dive,Rescheduled,1,,,0,False
2139,923,1,2024-12-25T14:00:00,16,Inbound,Negotiation,Completed,2,0.44,128,14,False
2140,3558,10,2024-07-18T10:30:00,20,Outbound,Follow-Up,Rescheduled,1,,,0,False
2141,746,5,2024-07-25T10:00:00,3,Outbound,Discovery,Voicemail,1,,,0,False
2142,4988,9,2024-06-28T09:00:00,19,Outbound,Technical Deep Dive,Completed,2,0.5,170,4,True
2143,1081,10,2024-08-12T11:00:00,34,Outbound,Check-In,Completed,8,0.48,53,18,True
2144,71,7,2023-07-06T13:45:00,49,Outbound,Discovery,Completed,7,0.69,116,15,True
2145,3257,6,2024-12-09T16:15:00,31,Outbound,QBR,Completed,3,0.5,35,11,True
2146,1245,2,2024-12-30T13:15:00,28,Inbound,Negotiation,Completed,3,0.47,151,15,True
2147,4583,2,2022-04-12T17:15:00,37,Inbound,Discovery,Completed,2,0.37,124,8,True
2148,3346,6,2024-09-16T14:30:00,50,Outbound,Check-In,Completed,2,0.43,174,4,True
2149,3311,15,2024-12-14T09:30:00,54,Outbound,QBR,Completed,5,0.62,77,8,True
2150,3740,1,2022-06-13T15:30:00,17,Outbound,Demo,Completed,7,0.47,58,6,False
2151,1125,12,2024-12-02T16:00:00,23,Outbound,Negotiation,Completed,8,0.46,147,8,False
2152,1020,2,2022-10-30T12:30:00,3,Outbound,Demo,Voicemail,1,,,0,False
2153,372,12,2021-10-01T09:15:00,31,Outbound,Check-In,Rescheduled,1,,,0,False
2154,1248,3,2023-05-05T12:30:00,32,Outbound,Discovery,Completed,2,0.47,194,13,True
2155,742,3,2023-11-20T08:15:00,,Outbound,Discovery,Completed,5,0.52,185,8,True
2156,3994,14,2024-12-05T09:45:00,37,Outbound,QBR,Completed,5,0.59,62,8,False
2157,3399,8,2024-12-04T17:15:00,2,Outbound,QBR,Voicemail,1,,,0,False
2158,4798,9,2023-04-12T09:15:00,21,Inbound,QBR,Completed,7,0.46,68,17,True
2159,2750,9,2024-12-07T13:15:00,2,Outbound,Check-In,Voicemail,1,,,0,False
2160,3049,16,2024-12-04T13:15:00,57,Inbound,Follow-Up,Completed,5,0.52,72,11,False
2161,3203,7,2023-01-13T08:00:00,41,Outbound,Discovery,Completed,8,0.64,109,3,True
2162,1004,3,2024-12-13T13:45:00,0,Outbound,Negotiation,No Show,1,,,0,False
2163,313,13,2024-12-13T12:30:00,54,Outbound,QBR,Rescheduled,1,,,0,False
2164,3503,14,2023-10-22T09:15:00,1,Inbound,Follow-Up,Voicemail,1,,,0,False
2165,4121,12,2024-09-27T16:45:00,3,Outbound,Demo,Voicemail,1,,,0,False
2166,2080,16,2024-08-09T15:15:00,49,Inbound,Follow-Up,Rescheduled,1,,,0,False
2167,3296,8,2024-12-17T15:15:00,54,Outbound,Negotiation,Completed,8,0.46,67,5,True
2168,3489,7,2024-12-06T14:15:00,24,Outbound,Demo,Completed,7,0.51,95,11,True
2169,2950,13,2024-06-30T16:00:00,29,Outbound,Demo,Completed,4,0.63,142,7,False
2170,268,11,2022-03-10T16:15:00,,Inbound,Check-In,No Show,1,,,0,False
2171,136,8,2023-03-17T11:00:00,30,Outbound,QBR,Completed,7,0.43,196,5,False
2172,3804,4,2023-10-28T11:15:00,27,Inbound,Follow-Up,Completed,5,0.52,104,4,False
2173,3408,9,2024-12-08T11:30:00,57,Outbound,Technical Deep Dive,Completed,6,0.47,125,18,False
2174,3881,6,2023-12-02T14:15:00,0,Outbound,Demo,No Show,1,,,0,False
2175,4406,13,2022-12-11T14:45:00,3,Outbound,Follow-Up,Voicemail,1,,,0,False
2176,4286,10,2024-08-28T13:00:00,54,Inbound,Negotiation,Completed,7,0.54,227,13,False
2177,1723,15,2024-12-21T09:00:00,0,Outbound,Negotiation,No Show,1,,,0,False
2178,845,12,2023-05-04T13:00:00,0,Outbound,QBR,No Show,1,,,0,False
2179,4267,5,2024-05-06T12:00:00,23,Outbound,Negotiation,Completed,7,0.66,159,18,True
2180,2292,2,2024-06-11T14:00:00,-25,Outbound,Discovery,Completed,7,0.64,205,13,True
2181,3259,1,2021-08-30T10:15:00,56,Outbound,Follow-Up,Completed,7,0.31,137,20,True
2182,1755,3,2022-07-27T11:15:00,47,Inbound,Negotiation,Completed,7,0.4,76,10,True
2183,3461,1,2022-06-04T13:30:00,21,Inbound,Discovery,Completed,7,0.35,36,18,False
2184,1769,9,2024-09-29T10:00:00,48,Outbound,Demo,Completed,3,0.71,67,8,False
2185,1244,7,2024-12-01T12:30:00,39,Inbound,Follow-Up,Completed,4,0.64,77,6,True
2186,3524,4,2022-06-09T15:00:00,42,Outbound,Demo,Completed,2,0.53,219,3,True
2187,3678,16,2024-12-17T12:15:00,26,Outbound,Discovery,Completed,2,0.5,198,9,True
2188,1345,4,2021-08-01T09:00:00,0,Outbound,QBR,No Show,1,,,0,False
2189,3275,10,2024-06-06T17:30:00,17,Inbound,Check-In,Completed,5,0.49,160,18,True
2190,2649,2,2030-06-15T10:00:00,0,Outbound,Negotiation,No Show,1,,,0,False
2191,3902,9,2024-12-14T10:15:00,0,Outbound,Technical Deep Dive,No Show,1,,,0,False
2192,3125,15,2024-08-21T15:00:00,48,Inbound,Demo,Rescheduled,1,,,0,False
2193,2721,14,2021-08-17T13:45:00,34,Inbound,Negotiation,Completed,6,0.76,61,7,False
2194,4956,6,2024-12-09T15:00:00,46,Inbound,Demo,Completed,5,0.8,286,9,False
2195,29,15,2024-12-15T12:15:00,60,Outbound,Technical Deep Dive,Completed,7,0.6,165,4,False
2196,239,13,2022-11-05T14:15:00,0,Outbound,Check-In,No Show,1,,,0,False
2197,2026,10,2024-11-08T17:00:00,31,Outbound,QBR,Completed,5,0.47,143,3,False
2198,3005,11,2024-12-31T11:30:00,35,Outbound,Negotiation,Completed,5,0.48,48,21,True
2199,1518,10,2024-02-09T09:45:00,58,Outbound,Follow-Up,Completed,4,0.73,92,13,False
2200,3503,14,2023-08-19T13:00:00,36,Outbound,Follow-Up,Completed,4,0.47,78,3,False
2201,860,1,2024-10-22T10:45:00,38,Inbound,Check-In,Completed,8,0.32,224,9,False
2202,4241,14,2024-10-05T09:00:00,19,Outbound,Negotiation,Completed,8,0.59,44,14,True
2203,4674,4,2020-06-28T12:15:00,24,Outbound,Discovery,Completed,2,0.66,74,15,True
2204,2230,9,2024-11-28T10:45:00,52,Outbound,Check-In,Completed,7,0.49,67,12,True
2205,4424,7,2021-07-26T11:45:00,44,Outbound,Negotiation,Completed,8,1.23,135,12,True
2206,810,15,2024-12-01T09:30:00,44,Outbound,Negotiation,Completed,7,0.68,143,13,False
2207,1457,2,2021-04-03T14:00:00,39,Outbound,Discovery,Completed,2,0.49,218,18,False
2208,837,9,2024-12-20T10:15:00,23,Inbound,Discovery,Completed,7,0.39,166,17,True
2209,2895,1,2024-12-31T08:15:00,25,Outbound,Discovery,Completed,5,1.1,129,7,False
2210,2664,12,2024-04-14T11:15:00,16,Outbound,Negotiation,Completed,6,0.68,35,4,False
2211,3796,10,2023-08-11T10:30:00,28,Outbound,Check-In,Rescheduled,1,,,0,False
2212,3886,14,2023-08-10T13:30:00,0,Outbound,Demo,No Show,1,,,0,False
2213,252,16,2024-12-14T11:00:00,29,Outbound,Check-In,Completed,2,0.67,160,6,True
2214,2834,2,2024-05-31T14:00:00,53,Outbound,Negotiation,Rescheduled,1,,,0,False
2215,2735,4,2022-01-24T14:00:00,34,Outbound,Technical Deep Dive,Completed,4,0.63,230,6,True
2216,2070,1,2024-07-19T12:45:00,56,Outbound,Technical Deep Dive,Rescheduled,1,,,0,False
2217,1212,9,2024-12-12T13:45:00,0,Outbound,QBR,No Show,1,,,0,False
2218,4222,3,2024-12-16T10:30:00,46,Outbound,Demo,Completed,5,0.64,220,21,True
2219,3216,5,2024-12-08T13:45:00,42,Outbound,Follow-Up,Completed,3,0.38,149,7,False
2220,3584,7,2024-11-05T09:15:00,20,Inbound,Check-In,Completed,6,0.44,68,8,True
2221,1343,3,2024-07-11T14:00:00,0,Inbound,Demo,No Show,1,,,0,False
2222,1119,13,2023-03-21T13:30:00,34,Outbound,Discovery,Completed,8,0.77,81,3,False
2223,4517,8,2023-12-29T15:45:00,3,Inbound,Demo,Voicemail,1,,,0,False
2224,616,11,2024-09-08T14:15:00,30,Inbound,Check-In,Completed,5,0.65,120,13,False
2225,3966,4,2023-04-27T15:30:00,,Outbound,Follow-Up,Completed,2,0.51,161,7,False
2226,3263,5,2024-05-17T10:30:00,34,Outbound,Technical Deep Dive,Completed,3,0.46,30,17,False
2227,1463,13,2024-05-08T14:30:00,39,Outbound,Demo,Completed,4,0.57,232,13,True
2228,3145,11,2024-03-31T15:15:00,41,Inbound,Check-In,Completed,2,0.51,149,8,True
2229,4798,9,2023-06-20T11:45:00,46,Inbound,Demo,Completed,6,0.47,190,14,False
2230,2829,9,2023-07-18T08:15:00,41,Outbound,QBR,Completed,6,0.65,62,4,False
2231,1616,13,2024-05-23T09:00:00,39,Outbound,Check-In,Completed,7,0.68,64,10,False
2232,3249,4,2024-07-10T08:15:00,0,Outbound,Discovery,No Show,1,,,0,False
2233,2395,9,2023-07-02T13:15:00,28,Inbound,Check-In,Completed,4,0.69,171,12,False
2234,951,12,2022-04-05T12:15:00,,Inbound,Discovery,Completed,3,0.42,156,17,True
2235,26,2,2022-01-19T13:00:00,0,Outbound,Demo,No Show,1,,,0,False
2236,1552,9,2024-08-26T15:15:00,37,Inbound,Discovery,Completed,5,0.65,151,9,True
2237,4440,16,2024-12-22T10:15:00,20,Outbound,Check-In,Rescheduled,1,,,0,False
2238,4831,4,2023-09-04T12:45:00,45,Inbound,Check-In,Completed,6,0.55,179,13,False
2239,4883,1,2021-11-29T15:30:00,38,Outbound,Discovery,Completed,4,0.64,79,6,True
2240,156,4,2024-10-12T14:15:00,19,Outbound,Technical Deep Dive,Completed,6,0.7,128,4,False
2241,4853,3,2024-11-07T11:15:00,48,Inbound,Negotiation,Completed,4,0.48,109,12,True
2242,4317,14,2024-07-27T10:00:00,54,Outbound,Follow-Up,Rescheduled,1,,,0,False
2243,3069,2,2021-07-20T15:45:00,48,Outbound,Check-In,Completed,7,0.38,133,9,True
2244,3072,14,2024-04-23T09:15:00,38,Outbound,Discovery,Completed,6,0.58,167,11,False
2245,497,6,2024-11-19T15:15:00,28,Inbound,Negotiation,Completed,7,0.66,75,20,False
2246,981,6,2022-01-27T13:15:00,48,Inbound,Technical Deep Dive,Completed,6,0.57,91,18,True
2247,2490,12,2024-07-02T16:30:00,0,Outbound,Technical Deep Dive,No Show,1,,,0,False
2248,519,11,2024-05-28T11:30:00,41,Inbound,QBR,Completed,3,0.41,130,5,False
2249,3645,2,2024-07-18T13:45:00,0,Outbound,Negotiation,No Show,1,,,0,False
2250,1351,5,2023-12-01T09:45:00,44,Inbound,QBR,Completed,8,0.42,42,20,True
2251,2010,16,2024-12-26T13:00:00,44,Inbound,Demo,Completed,7,0.52,37,16,True
2252,73,13,2024-12-24T15:30:00,39,Outbound,Technical Deep Dive,Completed,5,0.83,93,6,False
2253,4512,7,2024-11-11T13:45:00,23,Inbound,Check-In,Completed,3,0.64,110,10,True
2254,3546,13,2024-02-11T11:00:00,15,Outbound,QBR,Completed,5,0.59,203,9,False
2255,3197,2,2024-07-24T11:45:00,16,Outbound,Negotiation,Completed,2,0.67,236,7,True
2256,4194,10,2024-12-20T10:15:00,47,Outbound,Discovery,Completed,6,0.54,76,11,True
2257,1983,9,2020-11-12T12:45:00,1,Outbound,Demo,Voicemail,1,,,0,False
2258,3626,5,2023-02-02T14:00:00,0,Outbound,Discovery,No Show,1,,,0,False
2259,3699,16,2024-12-11T14:30:00,43,Outbound,Demo,Completed,7,0.43,37,3,False
2260,1525,6,2024-08-16T11:30:00,54,Outbound,QBR,Completed,6,0.69,176,12,False
2261,2779,5,2023-12-20T10:45:00,48,Inbound,Follow-Up,Completed,5,0.45,174,4,True
2262,1162,5,2024-12-09T11:30:00,32,Inbound,Check-In,Completed,7,0.53,123,19,True
2263,3581,9,2020-08-22T11:45:00,0,Inbound,Technical Deep Dive,No Show,1,,,0,False
2264,3526,11,2024-09-19T12:30:00,,Outbound,Negotiation,No Show,1,,,0,False
2265,2530,5,2022-04-01T13:45:00,24,Outbound,Check-In,Completed,8,0.48,117,19,False
2266,1295,14,2024-06-18T15:30:00,0,Outbound,Technical Deep Dive,No Show,1,,,0,False
2267,562,10,2023-08-26T15:00:00,29,Inbound,QBR,Completed,7,0.72,176,12,False
2268,4640,1,2021-08-12T11:00:00,49,Outbound,Demo,Completed,5,0.36,200,10,True
2269,871,12,2024-03-09T15:15:00,3,Outbound,Follow-Up,Voicemail,1,,,0,False
2270,1838,6,2020-10-22T14:00:00,0,Outbound,Follow-Up,No Show,1,,,0,False
2271,872,7,2024-10-17T13:15:00,48,Outbound,Technical Deep Dive,Completed,2,0.55,172,20,False
2272,2714,10,2023-01-16T14:15:00,58,Outbound,Demo,Completed,8,0.51,147,18,False
2273,520,11,2030-06-15T10:00:00,24,Outbound,Discovery,Completed,2,0.65,70,11,True
2274,4184,2,2022-11-25T13:15:00,24,Inbound,Technical Deep Dive,Rescheduled,1,,,0,False
2275,4607,9,2024-11-25T11:45:00,18,Outbound,Discovery,Completed,7,0.39,130,11,True
2276,2117,9,2023-07-20T15:30:00,48,Inbound,Demo,Completed,4,0.78,58,6,False
2277,1258,12,2024-01-05T12:45:00,28,Outbound,Follow-Up,Rescheduled,1,,,0,False
2278,4925,2,2024-08-04T13:30:00,15,Outbound,Demo,Completed,6,0.55,224,9,True
2279,2161,12,2022-10-28T12:45:00,46,Outbound,Discovery,Rescheduled,1,,,0,False
2280,1807,5,2024-12-15T14:15:00,31,Outbound,Check-In,Completed,4,0.64,115,6,False
2281,1127,1,2024-12-10T10:00:00,58,Inbound,Demo,Completed,7,0.53,231,14,True
2282,960,12,2030-06-15T10:00:00,0,Outbound,Discovery,No Show,1,,,0,False
2283,4480,4,2022-11-02T13:15:00,60,Inbound,Demo,Completed,5,0.42,54,16,False
2284,2432,5,2024-07-22T12:00:00,18,Outbound,Demo,Completed,7,0.63,126,7,True
2285,2916,7,2024-12-02T16:30:00,19,Outbound,Negotiation,Completed,3,0.64,35,16,False
2286,571,6,2021-06-08T11:45:00,40,Inbound,Discovery,Completed,6,0.36,141,13,True
2287,8,12,2024-10-16T09:45:00,33,Outbound,Negotiation,Completed,3,0.78,298,2,True
2288,4329,11,2024-09-16T12:45:00,,Outbound,Follow-Up,Completed,3,0.56,217,9,True
2289,3748,11,2023-02-16T16:15:00,19,Outbound,Technical Deep Dive,Completed,4,0.51,159,16,False
2290,2858,16,2024-05-27T11:30:00,0,Outbound,Follow-Up,No Show,1,,,0,False
2291,342,4,2023-06-24T10:15:00,51,Inbound,Negotiation,Completed,8,0.39,46,19,False
2292,1919,6,2022-12-27T09:30:00,45,Inbound,Discovery,Completed,8,0.64,217,16,True
2293,3879,7,2024-07-01T13:00:00,53,Outbound,Check-In,Completed,7,0.45,58,18,True
2294,2806,1,2024-12-05T14:30:00,,Outbound,Demo,Completed,3,0.66,191,7,True
2295,3582,8,2030-06-15T10:00:00,16,Outbound,QBR,Completed,3,0.55,128,8,False
2296,4433,7,2024-12-10T11:15:00,31,Inbound,Technical Deep Dive,Completed,2,0.69,100,12,False
2297,3674,2,2024-12-10T15:00:00,2,Inbound,Follow-Up,Voicemail,1,,,0,False
2298,281,5,2024-09-24T13:45:00,55,Outbound,Discovery,Completed,6,0.47,160,17,True
2299,3104,11,2024-12-18T13:15:00,0,Outbound,QBR,No Show,1,,,0,False
2300,3781,16,2023-10-25T13:00:00,22,Outbound,QBR,Completed,8,0.41,68,8,True
2301,1328,7,2024-06-17T10:30:00,52,Outbound,Technical Deep Dive,Completed,7,0.35,240,18,True
2302,3783,7,2024-12-17T09:15:00,57,Outbound,Follow-Up,Completed,7,0.66,213,8,True
2303,4794,6,2022-04-29T10:45:00,,Outbound,Follow-Up,Completed,7,0.64,201,9,False
2304,2436,2,2023-03-28T11:30:00,26,Outbound,Demo,Completed,4,0.55,48,12,False
2305,4314,13,2023-01-19T12:45:00,26,Outbound,QBR,Completed,2,0.61,194,9,False
2306,374,11,2024-05-18T10:00:00,37,Outbound,Check-In,Completed,2,0.64,208,9,False
2307,1530,16,2024-12-03T15:30:00,,Outbound,Negotiation,Completed,5,0.61,210,4,False
2308,1531,13,2024-09-30T14:45:00,52,Inbound,QBR,Completed,5,0.66,154,4,False
2309,4918,7,2024-04-11T16:45:00,-43,Outbound,Follow-Up,Completed,6,0.49,48,23,True
2310,1595,12,2024-09-13T08:45:00,33,Inbound,Check-In,Completed,3,0.38,157,3,False
2311,829,16,2024-06-28T11:45:00,26,Inbound,Technical Deep Dive,Completed,8,0.49,153,8,False
2312,1775,3,2022-12-24T14:30:00,0,Inbound,Technical Deep Dive,No Show,1,,,0,False
2313,3773,9,2024-03-21T16:45:00,42,Inbound,Demo,Completed,4,0.67,149,17,True
2314,4449,2,2023-06-04T14:00:00,20,Outbound,Negotiation,Completed,3,0.52,283,16,True
2315,3278,16,2024-12-22T10:30:00,2,Outbound,Demo,Voicemail,1,,,0,False
2316,1206,14,2024-04-17T14:00:00,46,Inbound,Negotiation,Completed,6,0.75,94,8,False
2317,839,5,2024-12-31T16:00:00,33,Outbound,Discovery,Completed,2,0.75,244,8,False
2318,4430,11,2024-08-15T16:00:00,56,Outbound,Check-In,Completed,2,0.6,98,10,False
2319,2570,4,2024-10-05T14:45:00,0,Outbound,Negotiation,No Show,1,,,0,False
2320,3902,9,2024-12-22T15:00:00,45,Inbound,Demo,Completed,8,0.57,122,8,True
2321,132,16,2024-12-21T15:45:00,,Inbound,Check-In,Completed,6,0.62,135,11,False
2322,2897,10,2024-12-12T15:15:00,41,Outbound,Follow-Up,Completed,4,0.66,209,7,False
2323,3448,13,2021-10-30T13:00:00,42,Inbound,Check-In,Completed,5,0.65,266,6,False
2324,4520,12,2023-04-16T14:15:00,50,Outbound,Technical Deep Dive,Completed,4,0.43,93,9,False
2325,2443,2,2024-01-19T13:30:00,0,Outbound,Technical Deep Dive,No Show,1,,,0,False
2326,2494,13,2024-09-09T16:30:00,42,Outbound,Negotiation,Completed,4,0.59,68,10,False
2327,3884,2,2024-12-25T10:30:00,0,Outbound,Discovery,No Show,1,,,0,False
2328,89,14,2022-12-05T09:30:00,0,Outbound,Follow-Up,No Show,1,,,0,False
2329,4563,3,2024-12-09T17:45:00,18,Outbound,Negotiation,Rescheduled,1,,,0,False
2330,4670,6,2024-12-28T11:45:00,26,Outbound,Discovery,Completed,2,0.57,53,16,True
2331,3523,6,2024-11-12T11:30:00,43,Outbound,Negotiation,Rescheduled,1,,,0,False
2332,3018,16,2024-12-16T14:15:00,33,Outbound,Follow-Up,Completed,7,0.67,180,14,True
2333,2933,2,2024-12-20T14:15:00,57,Outbound,Follow-Up,Completed,4,0.62,89,12,True
2334,4828,16,2024-12-23T10:15:00,34,Inbound,Follow-Up,Completed,3,0.79,122,4,False
2335,1285,5,2024-11-05T09:45:00,0,Outbound,Follow-Up,No Show,1,,,0,False
2336,3472,1,2024-10-31T15:15:00,36,Outbound,Check-In,Completed,3,0.56,162,10,True
2337,3213,2,2023-08-01T12:00:00,60,Outbound,QBR,Completed,5,0.55,34,22,True
2338,2165,2,2024-05-29T15:00:00,0,Outbound,Technical Deep Dive,No Show,1,,,0,False
2339,2212,3,2024-11-25T09:15:00,47,Outbound,QBR,Completed,5,1.45,75,19,False
2340,1187,1,2022-08-24T16:15:00,28,Outbound,QBR,Completed,2,0.33,108,13,True
2341,4614,8,2022-03-22T14:30:00,-43,Outbound,QBR,Completed,5,0.5,236,7,True
2342,2128,1,2023-06-21T12:00:00,0,Inbound,Check-In,No Show,1,,,0,False
2343,826,6,2022-05-12T15:00:00,20,Inbound,Demo,Rescheduled,1,,,0,False
2344,1535,4,2024-12-01T10:00:00,47,Outbound,Discovery,Completed,7,0.45,194,20,True
2345,2478,7,2030-06-15T10:00:00,32,Outbound,Follow-Up,Completed,6,0.4,78,11,True
2346,2012,14,2022-08-25T11:15:00,56,Outbound,Check-In,Completed,8,0.55,148,7,False
2347,4549,8,2024-12-14T13:15:00,23,Outbound,Follow-Up,Rescheduled,1,,,0,False
2348,769,10,2024-12-26T14:15:00,39,Inbound,Check-In,Rescheduled,1,,,0,False
2349,2154,9,2030-06-15T10:00:00,1,Inbound,Discovery,Voicemail,1,,,0,False
2350,677,14,2024-11-07T15:15:00,56,Outbound,Negotiation,Completed,8,0.7,209,11,True
2351,150,5,2023-05-12T09:45:00,38,Inbound,Technical Deep Dive,Completed,6,0.49,124,11,True
2352,4532,14,2023-10-27T13:30:00,21,Outbound,Discovery,Completed,7,0.84,53,8,False
2353,637,12,2024-12-06T15:30:00,28,Inbound,Negotiation,Completed,8,0.62,217,8,True
2354,450,12,2024-10-11T10:15:00,29,Inbound,Demo,Completed,4,0.56,161,11,False
2355,688,1,2024-04-02T10:30:00,32,Inbound,Follow-Up,Completed,6,0.58,230,6,False
2356,388,8,2023-04-27T13:45:00,3,Outbound,Discovery,Voicemail,1,,,0,False
2357,930,4,2022-10-31T13:45:00,46,Outbound,Discovery,Completed,3,0.63,180,11,False
2358,1579,15,2023-05-01T15:30:00,55,Outbound,Technical Deep Dive,Completed,2,0.64,110,6,False
2359,277,6,2022-11-26T10:15:00,32,Outbound,QBR,Completed,4,0.6,262,10,True
2360,3956,11,2022-06-28T10:30:00,33,Outbound,Check-In,Completed,6,0.59,167,7,True
2361,792,9,2023-05-16T13:30:00,48,Outbound,Follow-Up,Completed,7,0.73,266,5,False
2362,2820,7,2024-07-29T16:45:00,16,Inbound,Technical Deep Dive,Completed,6,0.61,136,13,False
2363,4863,15,2024-08-29T15:15:00,,Outbound,Follow-Up,Completed,6,1.21,210,8,False
2364,4556,5,2022-11-20T12:45:00,30,Outbound,Demo,Completed,8,0.38,125,7,False
2365,2233,15,2024-12-11T10:30:00,19,Outbound,Negotiation,Completed,4,0.74,205,9,True
2366,3005,11,2024-12-02T10:30:00,50,Outbound,Demo,Completed,3,0.52,80,21,False
2367,2470,4,2024-05-01T11:00:00,19,Outbound,Technical Deep Dive,Completed,7,0.41,67,14,True
2368,1461,6,2024-12-14T14:30:00,27,Inbound,Check-In,Completed,8,0.43,92,6,False
2369,1448,7,2023-04-12T12:00:00,1,Outbound,Negotiation,Voicemail,1,,,0,False
2370,2250,15,2024-12-21T10:30:00,21,Inbound,Check-In,Completed,3,0.48,70,4,True
2371,714,7,2022-08-27T11:30:00,36,Outbound,Follow-Up,Completed,6,0.55,119,12,False
2372,4603,5,2024-07-03T13:30:00,29,Outbound,Check-In,Completed,6,1.5,199,17,True
2373,1400,13,2024-12-24T14:30:00,27,Outbound,Discovery,Completed,7,0.85,191,2,False
2374,3023,11,2021-12-14T13:30:00,15,Inbound,Demo,Completed,6,0.58,70,11,False
2375,239,13,2022-12-01T17:30:00,52,Inbound,Check-In,Completed,5,0.47,57,11,True
2376,1055,14,2024-12-23T12:15:00,50,Inbound,Technical Deep Dive,Completed,7,0.54,158,14,True
2377,3970,14,2030-06-15T10:00:00,-58,Outbound,Demo,Completed,8,0.71,93,12,True
2378,2356,12,2024-03-09T11:15:00,50,Inbound,Demo,Completed,5,0.59,228,7,False
2379,2374,13,2024-12-31T12:15:00,33,Outbound,QBR,Completed,8,0.48,189,4,True
2380,2531,4,2024-04-23T10:00:00,2,Outbound,Discovery,Voicemail,1,,,0,False
2381,116,1,2024-01-15T12:45:00,32,Inbound,Technical Deep Dive,Rescheduled,1,,,0,False
2382,1932,13,2030-06-15T10:00:00,21,Outbound,Demo,Completed,4,0.65,207,4,False
2383,636,5,2024-06-14T14:45:00,53,Outbound,Check-In,Completed,8,0.69,56,12,False
2384,2361,2,2024-12-21T12:45:00,0,Outbound,Technical Deep Dive,No Show,1,,,0,False
2385,3201,3,2024-10-07T10:15:00,53,Outbound,Discovery,Completed,6,0.48,296,8,True
2386,337,2,2024-05-22T11:15:00,49,Inbound,Negotiation,Completed,2,0.39,76,30,True
2387,1498,6,2024-02-03T10:30:00,23,Outbound,QBR,Rescheduled,1,,,0,False
2388,2425,6,2024-12-12T14:45:00,58,Outbound,Demo,Rescheduled,1,,,0,False
2389,2680,5,2023-03-06T15:15:00,59,Outbound,Technical Deep Dive,Completed,4,0.48,50,15,True
2390,1,13,2024-04-09T10:00:00,23,Outbound,Technical Deep Dive,Completed,8,0.62,41,2,False
2391,4788,10,2024-10-29T15:45:00,54,Outbound,Technical Deep Dive,Completed,5,0.47,215,3,True
2392,2102,4,2024-11-09T09:30:00,0,Outbound,Negotiation,No Show,1,,,0,False
2393,2849,10,2024-12-07T13:15:00,32,Outbound,Technical Deep Dive,Completed,8,0.52,77,8,False
2394,4538,10,2024-07-05T16:15:00,60,Outbound,QBR,Completed,7,0.39,59,11,False
2395,3075,10,2024-09-04T09:15:00,0,Outbound,Negotiation,No Show,1,,,0,False
2396,1903,11,2024-09-17T12:30:00,60,Outbound,Technical Deep Dive,Completed,4,0.55,245,8,False
2397,3820,7,2023-07-14T14:45:00,17,Outbound,Demo,Completed,5,0.58,126,7,True
2398,3450,2,2024-06-24T15:30:00,0,Outbound,Discovery,No Show,1,,,0,False
2399,2332,7,2021-10-02T11:15:00,1,Inbound,Technical Deep Dive,Voicemail,1,,,0,False
2400,889,3,2023-09-02T13:15:00,24,Outbound,Technical Deep Dive,Completed,3,0.6,149,18,True
2401,1155,12,2024-12-02T15:00:00,40,Outbound,Technical Deep Dive,Completed,2,0.39,81,15,True
2402,2811,3,2024-12-09T15:00:00,31,Outbound,Negotiation,Completed,3,0.79,32,4,False
2403,2215,6,2024-12-02T10:00:00,50,Outbound,Check-In,Completed,3,1.4,31,13,False
2404,420,16,2023-01-24T15:45:00,0,Inbound,Demo,No Show,1,,,0,False
2405,859,10,2022-12-19T11:00:00,28,Outbound,Check-In,Completed,6,0.44,81,20,True
2406,4923,9,2022-11-10T11:15:00,52,Outbound,Discovery,Completed,7,0.61,161,17,False
2407,2177,12,2024-04-03T13:45:00,59,Outbound,Discovery,Completed,7,0.44,162,7,True
2408,2978,12,2024-07-12T08:15:00,22,Outbound,QBR,Completed,7,0.61,84,7,True
2409,1231,1,2024-11-08T13:00:00,15,Outbound,Check-In,Completed,5,0.45,182,18,True
2410,4120,10,2022-11-18T08:30:00,43,Inbound,QBR,Completed,5,0.79,244,6,False
2411,4601,11,2024-05-11T10:30:00,28,Outbound,Technical Deep Dive,Rescheduled,1,,,0,False
2412,145,3,2024-11-29T16:30:00,52,Outbound,Follow-Up,Completed,8,1.49,43,21,False
2413,4543,11,2024-12-31T09:15:00,16,Outbound,QBR,Completed,4,0.56,88,15,False
2414,1453,9,2022-07-05T13:00:00,24,Outbound,Demo,Completed,7,0.57,272,7,False
2415,1891,8,2024-07-11T09:15:00,44,Outbound,Negotiation,Completed,5,0.39,204,15,False
2416,4761,16,2024-12-08T15:00:00,50,Outbound,Follow-Up,Completed,3,0.71,225,12,True
2417,2794,14,2023-10-16T15:45:00,18,Inbound,Discovery,Completed,8,0.56,47,14,False
2418,4950,2,2024-12-17T11:00:00,20,Outbound,Negotiation,Completed,4,0.45,102,21,False
2419,2050,14,2024-04-19T14:15:00,23,Outbound,Technical Deep Dive,Completed,8,0.64,154,10,False
2420,2174,10,2024-12-12T11:00:00,37,Outbound,Technical Deep Dive,Completed,6,0.57,222,10,False
2421,779,14,2022-11-30T12:00:00,51,Inbound,Discovery,Completed,3,0.51,190,9,False
2422,2636,3,2022-12-13T10:00:00,17,Outbound,Check-In,Completed,2,0.64,43,12,False
2423,4695,11,2024-07-05T15:30:00,-21,Outbound,QBR,Completed,7,0.58,237,8,False
2424,2741,6,2024-12-24T09:45:00,48,Outbound,Demo,Rescheduled,1,,,0,False
2425,3020,1,2024-04-05T10:30:00,47,Outbound,Follow-Up,Completed,8,0.31,178,13,False
2426,1839,15,2024-04-11T10:30:00,31,Outbound,Check-In,Completed,4,0.61,139,10,True
2427,3746,4,2024-11-02T13:15:00,37,Outbound,Follow-Up,Completed,7,0.41,217,13,True
2428,2013,11,2024-04-09T14:45:00,23,Outbound,Follow-Up,Completed,5,0.72,30,12,False
2429,4949,1,2024-06-03T12:30:00,55,Inbound,Follow-Up,Completed,4,0.33,116,19,False
2430,4081,7,2022-11-03T13:00:00,1,Outbound,Check-In,Voicemail,1,,,0,False
2431,536,16,2024-11-30T15:00:00,58,Outbound,Check-In,Completed,3,0.82,153,10,True
2432,2497,11,2023-12-26T17:00:00,32,Outbound,Technical Deep Dive,Rescheduled,1,,,0,False
2433,2960,10,2030-06-15T10:00:00,40,Outbound,Check-In,Completed,7,0.61,182,13,False
2434,2352,12,2023-12-06T10:45:00,44,Outbound,Follow-Up,Completed,7,0.64,85,10,False
2435,1146,6,2024-12-27T12:15:00,33,Inbound,Follow-Up,Rescheduled,1,,,0,False
2436,1931,1,2021-11-28T11:00:00,18,Outbound,Follow-Up,Completed,6,0.58,194,4,False
2437,2374,13,2024-12-23T10:30:00,32,Outbound,Follow-Up,Rescheduled,1,,,0,False
2438,4709,8,2022-05-15T13:15:00,,Outbound,Check-In,Completed,2,0.42,99,6,True
2439,300,3,2023-10-21T10:45:00,-56,Outbound,QBR,Rescheduled,1,,,0,False
2440,4007,8,2022-06-28T14:45:00,56,Outbound,Follow-Up,Rescheduled,1,,,0,False
2441,92,14,2022-02-03T15:00:00,26,Outbound,Check-In,Completed,3,0.68,54,9,False
2442,3072,14,2024-06-22T15:45:00,22,Outbound,Check-In,Completed,2,0.48,99,9,True
2443,1464,15,2024-05-05T10:00:00,0,Inbound,Negotiation,No Show,1,,,0,False
2444,2311,6,2022-11-03T17:00:00,52,Inbound,QBR,Completed,4,1.28,180,18,False
2445,3667,1,2022-08-26T15:30:00,31,Outbound,Technical Deep Dive,Completed,8,0.43,222,15,False
2446,3898,11,2024-11-01T10:30:00,49,Outbound,Check-In,Completed,3,0.6,87,5,False
2447,1845,5,2023-01-04T14:15:00,33,Outbound,Technical Deep Dive,Completed,5,0.52,130,15,True
2448,3052,8,2020-12-13T13:45:00,-26,Outbound,Demo,Completed,4,0.58,38,6,True
2449,239,9,2024-11-02T10:45:00,27,Inbound,Discovery,Completed,3,0.65,41,3,False
2450,3403,13,2023-07-02T09:45:00,60,Outbound,Follow-Up,Completed,2,0.59,189,5,False
2451,4185,10,2024-12-08T11:00:00,56,Inbound,QBR,Rescheduled,1,,,0,False
2452,2049,1,2024-12-07T10:45:00,1,Outbound,Negotiation,Voicemail,1,,,0,False
2453,3160,15,2024-12-01T12:45:00,0,Outbound,Check-In,No Show,1,,,0,False
2454,1599,7,2023-11-01T10:00:00,56,Outbound,Technical Deep Dive,Completed,6,0.62,166,4,True
2455,326,11,2022-07-24T10:45:00,39,Inbound,Demo,Completed,3,0.72,89,10,False
2456,4699,7,2023-11-06T13:30:00,44,Outbound,Technical Deep Dive,Completed,3,0.73,142,4,False
2457,509,7,2030-06-15T10:00:00,58,Outbound,Check-In,Completed,8,0.68,183,14,False
2458,1807,5,2024-12-13T13:00:00,1,Outbound,Follow-Up,Voicemail,1,,,0,False
2459,287,3,2024-08-13T10:45:00,0,Outbound,Technical Deep Dive,No Show,1,,,0,False
2460,2629,3,2023-10-19T15:15:00,49,Inbound,Negotiation,Rescheduled,1,,,0,False
2461,2830,7,2022-01-30T16:45:00,60,Outbound,QBR,Completed,8,0.47,131,12,True
2462,865,4,2023-12-23T11:45:00,23,Inbound,QBR,Rescheduled,1,,,0,False
2463,4046,2,2023-09-03T13:45:00,60,Outbound,Discovery,Completed,8,0.47,93,24,True
2464,2426,5,2021-06-28T10:30:00,47,Inbound,Negotiation,Completed,2,0.58,32,14,False
2465,816,1,2024-10-01T11:45:00,0,Outbound,Discovery,No Show,1,,,0,False
2466,2512,3,2024-12-17T16:00:00,15,Inbound,Negotiation,Completed,8,0.59,108,9,False
2467,3817,7,2021-09-10T15:00:00,1,Outbound,QBR,Voicemail,1,,,0,False
2468,1082,7,2024-04-16T10:30:00,45,Outbound,QBR,Completed,2,0.59,31,20,True
2469,2604,1,2023-08-28T13:15:00,58,Outbound,Discovery,Completed,4,0.31,142,7,False
2470,287,3,2024-09-07T10:15:00,33,Outbound,QBR,Completed,8,0.46,108,14,True
2471,4683,13,2022-08-08T14:00:00,43,Outbound,Follow-Up,Completed,3,0.62,89,14,True
2472,1154,15,2024-12-31T13:45:00,-24,Outbound,Negotiation,Completed,5,0.58,128,15,True
2473,1573,13,2024-10-11T10:15:00,40,Outbound,Demo,Rescheduled,1,,,0,False
2474,4303,12,2024-12-24T12:15:00,20,Outbound,Follow-Up,Completed,5,0.71,51,14,True
2475,719,16,2024-12-30T16:30:00,35,Outbound,Discovery,Completed,2,0.69,72,14,True
2476,3780,3,2030-06-15T10:00:00,49,Outbound,Discovery,Completed,4,0.63,239,15,False
2477,1978,5,2024-12-16T14:45:00,1,Inbound,Technical Deep Dive,Voicemail,1,,,0,False
2478,4619,11,2024-11-22T12:00:00,30,Inbound,Demo,Completed,6,0.82,245,8,True
2479,320,3,2023-09-03T13:15:00,48,Outbound,Discovery,Completed,3,0.28,107,24,True
2480,1451,9,2023-12-09T13:00:00,59,Outbound,Check-In,Completed,3,0.83,258,6,False
2481,2157,15,2024-12-08T12:15:00,2,Outbound,Demo,Voicemail,1,,,0,False
2482,2534,15,2024-07-21T13:00:00,34,Outbound,Discovery,Completed,4,0.46,139,15,True
2483,4408,8,2023-10-27T15:45:00,58,Inbound,QBR,Completed,5,0.38,194,13,True
2484,2604,1,2023-10-18T09:15:00,57,Inbound,Negotiation,Completed,2,0.64,54,22,False
2485,4169,4,2022-06-29T12:30:00,40,Outbound,Technical Deep Dive,Completed,2,0.75,202,13,False
2486,8,12,2024-11-05T11:45:00,33,Inbound,Technical Deep Dive,Completed,6,0.78,197,10,False
2487,3102,13,2022-03-21T14:45:00,15,Outbound,Check-In,Completed,7,0.64,71,11,True
2488,3877,16,2024-12-31T12:45:00,22,Outbound,Demo,Completed,4,0.65,176,4,False
2489,1394,13,2022-04-12T14:45:00,29,Outbound,Demo,Completed,7,0.49,157,2,False
2490,3844,15,2024-12-23T13:15:00,-3,Inbound,Negotiation,Voicemail,1,,,0,False
2491,75,6,2024-12-04T10:00:00,50,Inbound,Follow-Up,Completed,2,0.71,204,5,False
2492,3828,9,2024-11-18T15:00:00,43,Outbound,Technical Deep Dive,Completed,2,0.71,203,14,False
2493,2721,14,2021-11-03T17:30:00,34,Outbound,Negotiation,Completed,3,0.48,157,8,False
2494,3935,7,2024-07-23T11:00:00,56,Outbound,Discovery,Completed,5,0.48,199,10,False
2495,1556,9,2024-09-29T10:00:00,40,Outbound,Check-In,Completed,3,0.46,79,17,False
2496,2928,8,2024-12-16T13:30:00,23,Outbound,Follow-Up,Rescheduled,1,,,0,False
2497,2277,13,2024-02-23T12:00:00,56,Outbound,Check-In,Completed,6,0.62,135,4,True
2498,1333,8,2023-02-05T14:45:00,41,Outbound,Demo,Completed,8,0.58,45,14,True
2499,2730,16,2024-10-09T13:15:00,24,Outbound,Check-In,Rescheduled,1,,,0,False
2500,2804,15,2023-08-05T09:00:00,47,Outbound,Follow-Up,Completed,3,0.39,140,14,False
2501,3308,9,2023-01-11T14:30:00,21,Outbound,Discovery,Completed,4,0.66,214,12,False
2502,828,1,2023-12-26T10:30:00,1,Outbound,Check-In,Voicemail,1,,,0,False
2503,406,2,2023-09-22T15:00:00,56,Inbound,Demo,Completed,4,0.64,107,14,False
2504,3063,3,2024-12-26T14:00:00,60,Inbound,Discovery,Completed,2,0.45,184,12,False
2505,2956,6,2024-12-29T10:00:00,45,Inbound,Check-In,Completed,2,0.51,45,11,False
2506,4408,8,2023-11-02T14:15:00,56,Outbound,Discovery,Completed,3,0.47,127,15,True
2507,3866,8,2024-12-07T13:00:00,,Outbound,QBR,Completed,4,0.65,112,15,False
2508,2242,10,2024-11-23T16:30:00,17,Outbound,Negotiation,Rescheduled,1,,,0,False
2509,205,9,2024-03-28T13:30:00,60,Outbound,Discovery,Completed,8,0.59,93,6,False
2510,975,10,2024-07-12T15:00:00,15,Outbound,Discovery,Rescheduled,1,,,0,False
2511,4827,5,2024-11-25T16:45:00,0,Outbound,Demo,No Show,1,,,0,False
2512,3644,3,2030-06-15T10:00:00,54,Inbound,Technical Deep Dive,Completed,8,0.46,55,4,True
2513,1564,9,2024-10-22T15:00:00,0,Inbound,Discovery,No Show,1,,,0,False
2514,4746,4,2024-12-24T12:30:00,25,Outbound,Follow-Up,Completed,6,0.5,178,10,True
2515,1736,10,2024-11-15T14:30:00,43,Outbound,Follow-Up,Completed,8,0.45,82,14,True
2516,553,8,2020-12-30T09:30:00,47,Outbound,Demo,Completed,5,0.54,234,13,True
2517,2385,4,2023-12-02T11:15:00,20,Inbound,Discovery,Completed,6,0.41,43,18,False
2518,285,8,2024-03-25T17:45:00,53,Inbound,Technical Deep Dive,Rescheduled,1,,,0,False
2519,2960,10,2024-12-24T13:45:00,31,Inbound,Demo,Completed,4,0.65,186,14,False
2520,1242,1,2024-12-02T14:30:00,0,Outbound,QBR,No Show,1,,,0,False
2521,2179,13,2024-04-21T16:15:00,58,Outbound,Follow-Up,Completed,6,0.54,151,2,True
2522,3711,11,2024-12-24T09:30:00,0,Outbound,Follow-Up,No Show,1,,,0,False
2523,1922,12,2023-11-24T11:00:00,0,Outbound,Follow-Up,No Show,1,,,0,False
2524,3422,2,2024-08-05T14:15:00,44,Outbound,Follow-Up,Completed,4,0.37,76,12,True
2525,37,16,2024-09-19T12:30:00,27,Outbound,Follow-Up,Completed,5,0.62,204,4,False
2526,4786,3,2023-05-04T13:45:00,53,Outbound,Discovery,Completed,2,0.45,72,30,True
2527,1736,10,2024-12-24T13:15:00,17,Inbound,Check-In,Completed,8,0.65,41,18,True
2528,3079,4,2024-12-09T16:15:00,51,Inbound,Technical Deep Dive,Completed,2,0.84,86,9,False
2529,2785,9,2023-03-17T16:45:00,19,Outbound,Follow-Up,Completed,2,0.69,187,9,False
2530,4775,2,2024-12-31T13:45:00,51,Inbound,Negotiation,Completed,6,0.64,76,15,False
2531,3933,7,2023-01-06T15:15:00,0,Outbound,Technical Deep Dive,No Show,1,,,0,False
2532,2502,16,2024-12-11T08:30:00,34,Outbound,Check-In,Completed,3,0.51,46,9,False
2533,3321,15,2024-12-27T10:00:00,51,Inbound,Technical Deep Dive,Rescheduled,1,,,0,False
2534,1307,5,2020-11-22T14:45:00,32,Outbound,Discovery,Completed,7,0.55,47,16,False
2535,3194,11,2024-10-17T10:45:00,50,Outbound,Demo,Completed,2,0.62,219,11,False
2536,671,7,2024-12-12T14:45:00,52,Outbound,Technical Deep Dive,Completed,3,0.67,116,5,True
2537,297,14,2024-12-31T09:00:00,35,Outbound,Follow-Up,Completed,7,0.43,154,7,True
2538,3592,9,2024-09-16T14:45:00,20,Outbound,Discovery,Completed,8,0.6,34,16,False
2539,4042,3,2024-02-12T11:00:00,42,Inbound,Discovery,Completed,5,0.35,207,7,False
2540,3612,3,2024-12-22T15:00:00,45,Inbound,Follow-Up,Completed,2,0.47,159,14,False
2541,3975,11,2024-11-10T08:00:00,16,Outbound,Demo,Completed,7,0.49,240,7,False
2542,4859,9,2024-12-10T15:15:00,28,Outbound,Follow-Up,Completed,8,0.65,54,9,True
2543,3633,11,2024-12-25T10:15:00,0,Inbound,Discovery,No Show,1,,,0,False
2544,4520,12,2023-04-25T15:00:00,0,Outbound,Check-In,No Show,1,,,0,False
2545,1846,5,2024-12-16T15:00:00,0,Outbound,Check-In,No Show,1,,,0,False
2546,1653,9,2022-11-14T13:15:00,51,Outbound,Technical Deep Dive,Completed,3,0.5,200,11,True
2547,1496,15,2024-12-09T16:15:00,-41,Outbound,Technical Deep Dive,Completed,4,0.45,68,17,True
2548,29,15,2024-12-25T12:30:00,21,Inbound,Follow-Up,Completed,5,0.74,72,11,True
2549,1331,9,2024-01-02T13:15:00,52,Outbound,QBR,Completed,2,0.54,41,16,True
2550,760,1,2024-12-31T14:00:00,15,Outbound,Technical Deep Dive,Completed,4,0.6,224,9,True
2551,2668,12,2022-03-07T13:45:00,28,Inbound,Negotiation,Completed,4,0.39,127,17,False
2552,15,1,2024-08-16T10:30:00,16,Outbound,Check-In,Completed,8,0.34,126,8,True
2553,509,7,2024-09-17T15:15:00,52,Outbound,Demo,Completed,3,0.67,223,9,True
2554,3494,10,2024-03-05T16:45:00,39,Inbound,QBR,Completed,3,0.58,68,1,True
2555,3013,11,2024-11-29T13:30:00,3,Outbound,Demo,Voicemail,1,,,0,False
2556,401,8,2024-12-06T17:45:00,36,Inbound,QBR,Completed,3,0.72,206,14,False
2557,2902,4,2022-04-30T17:30:00,33,Outbound,Discovery,Completed,2,0.67,154,14,False
2558,4972,14,2022-05-14T10:00:00,46,Outbound,QBR,Completed,6,0.75,121,4,False
2559,698,12,2022-05-03T12:30:00,57,Inbound,Technical Deep Dive,Completed,5,0.48,59,11,True
2560,3334,4,2030-06-15T10:00:00,30,Inbound,Check-In,Completed,6,0.47,59,17,False
2561,4737,16,2024-11-13T16:45:00,45,Inbound,Technical Deep Dive,Rescheduled,1,,,0,False
2562,3645,2,2024-05-01T12:00:00,15,Outbound,Follow-Up,Completed,3,0.44,238,14,False
2563,2420,8,2024-12-09T11:30:00,27,Inbound,Technical Deep Dive,Rescheduled,1,,,0,False
2564,642,5,2023-04-20T13:30:00,33,Outbound,Demo,Completed,2,0.85,161,5,False
2565,136,8,2030-06-15T10:00:00,40,Inbound,Demo,Completed,8,0.65,154,12,False
2566,3177,9,2023-07-27T14:15:00,49,Inbound,QBR,Completed,3,0.61,136,4,False
2567,2682,6,2021-12-31T15:30:00,20,Outbound,Demo,Completed,4,0.77,246,13,True
2568,4278,15,2024-12-30T15:30:00,60,Outbound,QBR,Completed,8,0.53,148,14,True
2569,2431,10,2024-12-31T12:15:00,15,Inbound,Technical Deep Dive,Completed,7,0.85,111,7,True
2570,2488,12,2024-05-08T13:00:00,59,Outbound,Demo,Completed,7,0.61,213,16,False
2571,1769,9,2024-08-26T13:00:00,41,Outbound,QBR,Rescheduled,1,,,0,False
2572,2813,5,2023-08-22T13:00:00,50,Inbound,Discovery,Completed,5,0.39,54,13,False
2573,4122,3,2023-07-18T11:30:00,19,Outbound,Demo,Rescheduled,1,,,0,False
2574,2807,11,2024-01-10T12:45:00,41,Outbound,Technical Deep Dive,Completed,4,0.71,180,14,False
2575,2975,12,2024-12-10T14:00:00,30,Outbound,Demo,Rescheduled,1,,,0,False
2576,2789,11,2023-09-14T14:00:00,35,Outbound,Technical Deep Dive,Completed,7,0.62,84,16,False
2577,4196,5,2024-11-02T10:15:00,27,Inbound,Negotiation,Completed,6,0.52,145,9,True
2578,4223,6,2024-06-26T14:45:00,43,Inbound,Technical Deep Dive,Completed,2,0.6,47,17,False
2579,1630,5,2024-10-24T10:30:00,52,Outbound,Negotiation,Completed,3,0.61,128,9,False
2580,2394,7,2021-09-10T11:30:00,-15,Outbound,Demo,Completed,6,0.42,50,6,True
2581,1688,4,2024-03-11T10:15:00,1,Outbound,Check-In,Voicemail,1,,,0,False
2582,1281,6,2024-10-28T10:30:00,24,Outbound,QBR,Completed,3,0.54,152,20,True
2583,289,5,2024-03-18T12:30:00,52,Outbound,Negotiation,Completed,4,0.48,128,14,False
2584,514,2,2021-12-01T10:45:00,51,Outbound,Technical Deep Dive,Completed,6,0.56,211,14,False
2585,4971,7,2024-10-07T13:45:00,35,Outbound,QBR,Completed,8,0.56,115,15,False
2586,3077,8,2024-12-04T15:00:00,0,Outbound,QBR,No Show,1,,,0,False
2587,846,11,2024-12-20T11:45:00,57,Outbound,Negotiation,Completed,8,0.56,228,12,True
2588,3508,12,2024-07-11T13:45:00,0,Outbound,QBR,No Show,1,,,0,False
2589,2292,2,2024-04-14T10:45:00,,Outbound,Discovery,Completed,5,0.53,214,14,False
2590,511,14,2022-10-21T13:15:00,25,Outbound,Discovery,Completed,5,0.67,102,2,False
2591,2557,4,2024-12-15T11:30:00,41,Inbound,Check-In,Completed,8,0.7,234,11,True
2592,4125,5,2024-12-18T13:45:00,30,Outbound,Follow-Up,Completed,3,0.65,190,7,False
2593,464,14,2022-09-05T15:30:00,,Inbound,Follow-Up,Completed,4,0.46,98,14,False
2594,1219,6,2030-06-15T10:00:00,54,Outbound,Check-In,Completed,2,0.48,57,16,False
2595,672,8,2024-02-08T11:15:00,27,Outbound,Technical Deep Dive,Completed,4,0.39,109,9,False
2596,905,5,2024-12-29T14:00:00,47,Outbound,Technical Deep Dive,Completed,6,0.6,112,7,False
2597,237,4,2024-09-03T12:15:00,1,Outbound,Demo,Voicemail,1,,,0,False
2598,1039,12,2024-12-31T14:45:00,26,Inbound,Discovery,Completed,2,0.54,82,12,False
2599,1197,4,2021-07-10T10:00:00,36,Inbound,QBR,Completed,5,0.44,206,9,True
2600,4232,11,2023-06-29T16:15:00,45,Outbound,Technical Deep Dive,Rescheduled,1,,,0,False
2601,2773,15,2023-06-22T14:45:00,24,Outbound,Follow-Up,Completed,5,0.73,235,15,False
2602,2524,15,2024-12-04T10:15:00,28,Inbound,Demo,Completed,7,0.73,202,9,False
2603,2401,10,2024-12-06T09:30:00,35,Outbound,Technical Deep Dive,Rescheduled,1,,,0,False
2604,4885,1,2024-12-07T10:45:00,41,Inbound,Negotiation,Completed,3,0.52,270,8,False
2605,4753,6,2024-12-01T11:15:00,33,Inbound,QBR,Rescheduled,1,,,0,False
2606,1600,7,2022-04-20T09:15:00,28,Outbound,Negotiation,Completed,4,0.43,134,20,False
2607,115,13,2024-06-30T09:15:00,46,Outbound,Negotiation,Completed,6,0.77,180,7,False
2608,2177,12,2024-03-20T12:45:00,0,Inbound,Check-In,No Show,1,,,0,False
2609,3974,1,2024-06-12T14:30:00,32,Outbound,Check-In,Rescheduled,1,,,0,False
2610,3887,5,2024-12-16T12:00:00,37,Outbound,Check-In,Completed,6,0.52,66,3,True
2611,2409,9,2024-12-15T16:45:00,49,Outbound,Technical Deep Dive,Completed,7,0.58,191,7,False
2612,3467,10,2023-09-11T10:45:00,51,Outbound,QBR,Completed,3,0.4,97,12,False
2613,1462,8,2023-12-05T16:45:00,0,Inbound,Technical Deep Dive,No Show,1,,,0,False
2614,364,2,2024-02-01T11:45:00,32,Inbound,Discovery,Completed,4,0.65,221,21,True
2615,1778,15,2024-04-01T11:30:00,34,Outbound,QBR,Completed,7,0.45,104,10,False
2616,1490,16,2024-08-25T12:30:00,38,Inbound,Check-In,Completed,7,0.9,30,3,True
2617,32,15,2024-12-07T10:30:00,24,Inbound,Check-In,Completed,3,0.54,153,13,False
2618,1206,14,2024-06-27T11:30:00,53,Outbound,Technical Deep Dive,Completed,4,0.7,43,6,False
2619,2998,2,2022-09-07T14:15:00,39,Outbound,QBR,Completed,6,0.62,125,13,True
2620,2599,13,2024-06-21T13:30:00,33,Inbound,Follow-Up,Completed,3,0.71,34,9,False
2621,1978,5,2024-12-05T14:15:00,-28,Outbound,Follow-Up,Completed,2,0.67,42,6,False
2622,3864,4,2024-03-07T15:00:00,16,Outbound,Technical Deep Dive,Completed,5,0.73,150,6,False
2623,3318,13,2024-12-17T13:30:00,-59,Outbound,Check-In,Completed,5,0.56,182,4,False
2624,1483,15,2024-10-26T10:30:00,35,Inbound,Discovery,Completed,5,0.49,104,4,False
2625,2016,5,2024-10-31T16:00:00,3,Outbound,Demo,Voicemail,1,,,0,False
2626,4572,1,2024-05-27T09:15:00,26,Outbound,Negotiation,Completed,8,0.44,47,22,False
2627,1935,3,2024-09-28T13:30:00,39,Outbound,Check-In,Completed,3,0.57,217,4,False
2628,1822,8,2024-12-10T08:00:00,52,Inbound,Negotiation,Completed,3,0.37,126,10,True
2629,3478,7,2024-12-25T11:30:00,25,Outbound,Technical Deep Dive,Completed,5,0.43,107,22,True
2630,1201,1,2024-12-10T09:45:00,0,Outbound,Check-In,No Show,1,,,0,False
2631,837,9,2024-12-14T12:30:00,0,Outbound,Technical Deep Dive,No Show,1,,,0,False
2632,4383,13,2024-10-06T15:15:00,33,Outbound,QBR,Completed,8,0.77,213,14,True
2633,3216,5,2024-12-29T10:00:00,46,Outbound,Demo,Completed,3,0.63,32,4,True
2634,272,7,2024-01-18T15:00:00,22,Outbound,Negotiation,Completed,8,0.62,46,14,False
2635,4775,2,2024-12-02T16:00:00,18,Outbound,Negotiation,Completed,6,0.54,52,24,True
2636,4848,9,2024-12-05T11:15:00,23,Outbound,Demo,Completed,7,0.66,213,17,True
2637,3827,9,2022-08-29T10:30:00,47,Inbound,Demo,Completed,5,0.4,57,3,False
2638,2605,16,2024-12-18T11:45:00,19,Outbound,QBR,Rescheduled,1,,,0,False
2639,4527,3,2023-04-26T12:45:00,31,Outbound,Check-In,Completed,3,0.31,33,20,True
2640,4806,6,2024-06-05T13:15:00,18,Outbound,Follow-Up,Completed,6,0.8,77,12,True
2641,592,12,2021-08-12T11:45:00,46,Outbound,Discovery,Completed,7,0.86,127,6,False
2642,2053,6,2024-10-27T13:45:00,48,Inbound,Discovery,Completed,8,0.61,38,13,False
2643,2484,1,2024-12-17T12:00:00,16,Outbound,Check-In,Completed,6,0.47,78,21,True
2644,1886,15,2024-10-26T10:00:00,50,Outbound,Follow-Up,Completed,2,0.65,106,3,False
2645,2757,13,2024-12-03T13:45:00,28,Outbound,Check-In,Completed,8,0.62,198,7,False
2646,1564,9,2024-11-15T09:00:00,0,Outbound,Negotiation,No Show,1,,,0,False
2647,3094,13,2022-03-03T13:30:00,41,Outbound,Discovery,Rescheduled,1,,,0,False
2648,1563,2,2024-05-03T15:15:00,-34,Outbound,Demo,Completed,5,0.39,113,7,True
2649,755,8,2024-12-08T10:15:00,54,Outbound,Demo,Completed,2,0.65,188,19,False
2650,4843,13,2024-11-13T15:30:00,22,Outbound,Technical Deep Dive,Completed,3,0.38,42,7,True
2651,1210,3,2024-11-07T12:00:00,31,Outbound,Negotiation,Completed,5,0.44,210,4,True
2652,524,15,2024-08-09T13:15:00,60,Outbound,Technical Deep Dive,Completed,7,0.69,150,4,False
2653,480,10,2024-09-15T16:15:00,-55,Inbound,QBR,Completed,7,0.47,198,4,True
2654,242,1,2024-07-11T13:00:00,35,Outbound,QBR,Completed,4,1.5,193,10,True
2655,2984,14,2021-11-09T15:45:00,55,Outbound,Discovery,Completed,7,0.57,115,7,True
2656,415,12,2023-06-05T13:00:00,24,Outbound,QBR,Completed,6,0.47,114,10,True
2657,553,8,2020-11-24T13:15:00,51,Outbound,Negotiation,Completed,8,0.65,81,6,False
2658,3102,13,2022-04-21T16:00:00,32,Outbound,Demo,Rescheduled,1,,,0,False
2659,1967,9,2022-03-11T16:00:00,60,Outbound,Technical Deep Dive,Completed,7,0.65,223,8,False
2660,3684,5,2024-09-19T09:00:00,15,Inbound,Negotiation,Completed,8,0.53,69,13,False
2661,1839,15,2024-05-31T08:45:00,30,Outbound,Discovery,Completed,7,0.44,94,3,False
2662,2935,4,2024-07-29T16:45:00,46,Outbound,Negotiation,Rescheduled,1,,,0,False
2663,1094,4,2024-12-15T13:45:00,15,Outbound,Follow-Up,Rescheduled,1,,,0,False
2664,479,3,2024-12-26T10:15:00,58,Outbound,Discovery,Completed,2,0.3,149,6,True
2665,4216,1,2024-02-28T16:45:00,43,Inbound,Negotiation,Completed,2,0.66,218,6,True
2666,4718,6,2024-01-22T11:00:00,18,Outbound,Check-In,Completed,6,0.67,181,20,False
2667,3904,8,2024-11-08T12:30:00,55,Inbound,Demo,Completed,2,0.55,36,14,False
2668,1717,11,2024-11-07T11:15:00,19,Inbound,Demo,Completed,5,0.56,200,10,True
2669,790,10,2024-04-25T15:30:00,26,Outbound,Demo,Completed,5,0.6,150,7,True
2670,1205,13,2024-12-07T12:15:00,42,Inbound,Discovery,Completed,4,0.52,68,14,False
2671,3696,3,2024-12-17T14:45:00,28,Outbound,Follow-Up,Rescheduled,1,,,0,False
2672,2427,13,2024-12-13T16:00:00,20,Outbound,Technical Deep Dive,Completed,3,0.69,285,8,False
2673,2812,16,2024-12-31T10:15:00,15,Outbound,Demo,Completed,7,0.47,190,4,False
2674,2770,4,2024-05-01T15:00:00,50,Outbound,Follow-Up,Completed,2,0.65,61,17,False
2675,1983,9,2020-12-01T10:45:00,19,Inbound,Negotiation,Completed,6,0.56,191,10,True
2676,3806,1,2024-11-04T13:45:00,24,Outbound,Check-In,Completed,6,0.5,107,22,False
2677,775,5,2021-12-16T17:00:00,0,Outbound,Discovery,No Show,1,,,0,False
2678,1792,12,2024-04-17T11:15:00,49,Outbound,Negotiation,Completed,8,0.52,60,14,True
2679,4995,5,2024-08-19T15:00:00,16,Inbound,Demo,Completed,5,0.73,267,12,True
2680,3399,8,2024-10-02T13:30:00,27,Inbound,QBR,Completed,3,0.37,149,9,False
2681,979,10,2030-06-15T10:00:00,45,Outbound,Technical Deep Dive,Completed,6,0.74,171,12,False
2682,142,6,2022-02-22T13:45:00,21,Outbound,Negotiation,Completed,5,0.69,143,19,False
2683,4302,5,2024-11-27T13:15:00,19,Outbound,Negotiation,Completed,7,0.6,233,20,True
2684,4136,3,2024-09-04T15:45:00,52,Outbound,Negotiation,Completed,6,0.65,145,13,True
2685,1821,16,2024-10-03T09:30:00,1,Inbound,Check-In,Voicemail,1,,,0,False
2686,2892,12,2023-08-08T10:15:00,28,Inbound,Discovery,Rescheduled,1,,,0,False
2687,2422,12,2024-12-01T14:15:00,1,Outbound,Demo,Voicemail,1,,,0,False
2688,396,13,2023-12-19T11:45:00,17,Inbound,QBR,Completed,2,0.46,102,8,False
2689,3179,1,2022-09-11T12:15:00,21,Outbound,Discovery,Completed,6,0.37,236,10,False
2690,2841,6,2024-03-17T10:45:00,53,Outbound,QBR,Completed,4,0.7,251,10,False
2691,2163,4,2030-06-15T10:00:00,30,Inbound,Negotiation,Completed,5,0.64,97,9,True
2692,755,8,2024-12-07T09:45:00,2,Outbound,Technical Deep Dive,Voicemail,1,,,0,False
2693,4250,9,2023-10-19T12:00:00,17,Outbound,Discovery,Completed,3,0.55,64,16,False
2694,4949,1,2024-06-06T15:00:00,21,Outbound,Technical Deep Dive,Completed,6,0.32,199,10,False
2695,2869,11,2023-12-13T11:45:00,45,Outbound,Follow-Up,Completed,4,0.4,168,9,False
2696,2641,2,2024-12-03T15:30:00,,Inbound,Discovery,Completed,6,0.52,74,12,True
2697,175,10,2024-02-19T13:30:00,45,Outbound,Discovery,Rescheduled,1,,,0,False
2698,3485,10,2024-07-21T15:45:00,24,Outbound,Demo,Completed,5,0.61,138,5,False
2699,3746,4,2024-09-18T11:15:00,53,Inbound,QBR,Completed,4,0.63,219,10,True
2700,1006,6,2024-12-07T11:00:00,0,Inbound,Follow-Up,No Show,1,,,0,False
2701,1066,16,2024-05-09T14:00:00,39,Inbound,Demo,Completed,6,0.81,153,4,False
2702,2998,2,2022-08-19T12:15:00,36,Outbound,QBR,Completed,6,0.55,148,8,False
2703,4265,6,2023-11-09T12:30:00,20,Outbound,Discovery,Completed,7,0.35,143,8,True
2704,4503,14,2024-10-28T12:30:00,34,Outbound,Negotiation,Completed,2,0.47,195,9,False
2705,4939,5,2023-02-19T11:30:00,28,Outbound,Demo,Completed,8,0.58,114,16,False
2706,4012,11,2022-09-11T14:00:00,19,Outbound,Follow-Up,Completed,7,0.47,82,14,False
2707,4485,10,2024-12-25T12:15:00,25,Outbound,Negotiation,Completed,3,0.67,64,14,False
2708,2787,10,2024-09-22T13:15:00,36,Inbound,QBR,Completed,8,0.68,120,7,False
2709,1879,7,2024-12-25T13:15:00,15,Outbound,Negotiation,Completed,5,0.6,216,14,False
2710,1214,6,2023-10-13T11:00:00,29,Inbound,Discovery,Completed,2,0.57,33,15,True
2711,2303,6,2023-06-04T15:45:00,34,Outbound,Demo,Completed,8,0.53,57,19,False
2712,4677,4,2023-06-30T11:30:00,38,Inbound,Technical Deep Dive,Completed,6,0.33,170,14,True
2713,1566,13,2024-09-23T13:30:00,53,Inbound,Discovery,Completed,5,0.71,124,4,False
2714,4722,8,2023-11-13T09:45:00,58,Outbound,Follow-Up,Completed,7,0.45,194,10,True
2715,2278,9,2024-09-27T17:15:00,28,Inbound,QBR,Completed,2,0.5,40,13,True
2716,3461,12,2021-05-07T11:30:00,46,Outbound,Follow-Up,Completed,2,0.49,116,8,False
2717,4255,5,2024-08-18T15:00:00,,Outbound,Negotiation,Completed,7,0.59,269,3,False
2718,2331,2,2023-07-18T12:00:00,3,Outbound,Check-In,Voicemail,1,,,0,False
2719,771,2,2021-12-30T17:45:00,44,Inbound,Negotiation,Completed,6,0.54,166,20,False
2720,54,4,2021-07-17T10:45:00,60,Inbound,Demo,Completed,2,0.54,146,12,True
2721,657,12,2024-05-13T11:00:00,27,Outbound,Follow-Up,Completed,8,0.36,169,16,True
2722,4894,1,2021-03-16T14:00:00,38,Outbound,Technical Deep Dive,Completed,8,0.59,130,16,False
2723,4627,8,2021-01-13T11:15:00,33,Outbound,Negotiation,Rescheduled,1,,,0,False
2724,1156,14,2023-12-14T15:15:00,0,Outbound,Follow-Up,No Show,1,,,0,False
2725,3175,7,2023-02-10T16:15:00,52,Outbound,QBR,Completed,2,0.38,40,19,True
2726,1002,3,2024-12-04T11:15:00,44,Outbound,Discovery,Completed,5,1.13,128,15,True
2727,854,1,2023-07-06T08:45:00,34,Outbound,Follow-Up,Completed,7,0.52,168,18,True
2728,1274,9,2023-07-04T14:00:00,47,Outbound,Technical Deep Dive,Completed,7,0.45,133,7,True
2729,866,9,2030-06-15T10:00:00,0,Inbound,Demo,No Show,1,,,0,False
2730,983,16,2024-12-19T15:00:00,,Outbound,Check-In,Completed,4,0.64,223,11,False
2731,3875,16,2024-12-30T12:45:00,19,Outbound,Check-In,Completed,3,0.49,127,12,False
2732,315,6,2023-09-26T17:45:00,35,Inbound,QBR,Completed,3,0.47,236,14,True
2733,3407,8,2024-12-21T09:45:00,0,Outbound,Check-In,No Show,1,,,0,False
2734,3928,9,2024-06-06T13:45:00,0,Outbound,Negotiation,No Show,1,,,0,False
2735,4747,2,2024-04-10T14:30:00,27,Inbound,Technical Deep Dive,Completed,7,0.48,208,7,False
2736,194,1,2023-08-02T17:30:00,,Outbound,Demo,Completed,4,0.43,133,4,True
2737,491,9,2024-07-20T15:45:00,23,Inbound,QBR,Completed,8,0.52,85,11,True
2738,1617,14,2023-01-05T12:15:00,33,Inbound,Demo,Completed,5,0.47,134,11,True
2739,1578,8,2030-06-15T10:00:00,23,Outbound,Demo,Completed,4,0.39,51,14,False
2740,611,5,2024-02-15T17:45:00,0,Outbound,QBR,No Show,1,,,0,False
2741,2840,1,2023-12-08T16:15:00,27,Outbound,Technical Deep Dive,Completed,5,0.45,88,7,True
2742,4021,7,2024-12-17T11:30:00,-51,Outbound,Follow-Up,Completed,5,0.37,105,12,True
2743,176,13,2024-12-11T10:15:00,16,Inbound,Discovery,Completed,6,0.68,57,11,False
2744,3865,4,2024-10-14T12:15:00,60,Outbound,Negotiation,Completed,6,0.61,36,4,False
2745,3862,1,2021-07-04T12:45:00,33,Inbound,Technical Deep Dive,Completed,3,0.46,89,14,True
2746,1231,1,2024-11-27T14:45:00,48,Outbound,Demo,Completed,7,0.32,182,7,True
2747,4154,12,2023-06-12T10:00:00,18,Outbound,QBR,Completed,8,0.53,119,7,False
2748,2657,6,2024-12-01T16:00:00,0,Inbound,Check-In,No Show,1,,,0,False
2749,1375,9,2024-12-28T10:15:00,50,Outbound,Negotiation,Completed,5,0.45,149,7,False
2750,3845,8,2024-08-04T11:30:00,43,Outbound,Negotiation,Completed,3,0.4,210,18,True
2751,3950,2,2024-11-29T11:30:00,22,Outbound,Follow-Up,Completed,2,0.73,275,18,False
2752,4160,3,2022-04-30T13:15:00,42,Outbound,Discovery,Completed,5,0.48,177,7,True
2753,299,14,2024-01-01T11:15:00,55,Inbound,Check-In,Completed,7,0.71,95,13,True
2754,4806,6,2024-03-16T10:00:00,32,Outbound,Demo,Completed,7,0.78,230,13,False
2755,3631,1,2023-09-28T10:00:00,19,Outbound,Negotiation,Completed,8,0.33,80,12,True
2756,1529,9,2023-06-24T11:45:00,44,Inbound,Discovery,Rescheduled,1,,,0,False
2757,1670,13,2024-12-23T10:45:00,0,Outbound,QBR,No Show,1,,,0,False
2758,4852,13,2024-11-20T15:45:00,46,Inbound,Negotiation,Completed,8,0.54,147,7,False
2759,4515,6,2024-11-29T11:15:00,36,Outbound,Discovery,Completed,6,0.53,166,6,False
2760,2903,5,2023-01-15T15:45:00,1,Inbound,Discovery,Voicemail,1,,,0,False
2761,221,12,2023-03-18T15:30:00,0,Outbound,Demo,No Show,1,,,0,False
2762,3689,13,2021-12-03T11:00:00,0,Inbound,Check-In,No Show,1,,,0,False
2763,2151,14,2020-08-18T12:30:00,,Outbound,QBR,Completed,7,0.73,211,11,False
2764,1887,6,2024-12-15T15:45:00,41,Outbound,Follow-Up,Completed,2,0.66,133,18,False
2765,2991,3,2024-10-05T11:15:00,33,Outbound,Demo,Rescheduled,1,,,0,False
2766,1885,2,2021-10-07T10:15:00,55,Outbound,Follow-Up,Completed,2,0.41,124,16,True
2767,1223,8,2024-07-31T15:30:00,48,Inbound,QBR,Rescheduled,1,,,0,False
2768,2182,1,2024-07-29T08:00:00,3,Outbound,Check-In,Voicemail,1,,,0,False
2769,1553,8,2024-10-29T10:15:00,48,Outbound,Discovery,Completed,7,0.68,92,4,False
2770,3627,6,2024-11-22T15:30:00,54,Outbound,Check-In,Completed,4,0.45,61,5,True
2771,2624,16,2024-10-10T17:00:00,-29,Inbound,QBR,Completed,2,0.38,112,11,True
2772,949,9,2024-05-31T10:30:00,39,Outbound,Demo,Rescheduled,1,,,0,False
2773,2268,12,2024-12-03T12:15:00,0,Inbound,Demo,No Show,1,,,0,False
2774,1533,5,2024-02-01T15:45:00,49,Outbound,Technical Deep Dive,Completed,7,0.66,204,18,False
2775,3873,1,2023-04-10T11:00:00,0,Outbound,Follow-Up,No Show,1,,,0,False
2776,3177,9,2023-05-29T09:00:00,18,Outbound,Follow-Up,Completed,3,0.66,117,6,False
2777,862,2,2024-09-01T13:00:00,47,Inbound,Discovery,Completed,6,0.58,56,6,True
2778,4143,6,2022-11-07T09:15:00,0,Outbound,QBR,No Show,1,,,0,False
2779,991,1,2024-01-16T10:00:00,0,Inbound,Follow-Up,No Show,1,,,0,False
2780,2326,6,2021-10-31T12:30:00,18,Inbound,Negotiation,Rescheduled,1,,,0,False
2781,2267,13,2020-05-15T11:30:00,16,Outbound,Negotiation,Completed,8,0.46,105,2,True
2782,636,5,2024-03-17T11:00:00,41,Inbound,Technical Deep Dive,Completed,6,0.38,222,13,True
2783,3066,15,2024-12-08T11:30:00,56,Inbound,Demo,Rescheduled,1,,,0,False
2784,1671,3,2022-05-21T13:45:00,34,Outbound,QBR,Completed,2,0.62,206,16,True
2785,1093,10,2020-10-05T13:45:00,21,Inbound,Discovery,Completed,5,0.45,156,15,False
2786,3737,16,2024-10-03T13:15:00,16,Outbound,Check-In,Completed,4,0.61,213,8,True
2787,549,12,2024-11-04T09:45:00,15,Outbound,Technical Deep Dive,Completed,7,0.46,192,9,True
2788,1644,13,2022-03-01T11:00:00,56,Outbound,Follow-Up,Completed,3,0.6,84,7,True
2789,4985,4,2024-12-12T09:15:00,,Inbound,Demo,Completed,8,0.36,165,8,True
2790,1105,12,2023-11-26T10:30:00,0,Outbound,Discovery,No Show,1,,,0,False
2791,3140,8,2022-12-11T12:30:00,27,Inbound,Negotiation,Completed,3,0.43,189,14,False
2792,4113,6,2024-12-17T16:00:00,0,Outbound,QBR,No Show,1,,,0,False
2793,3354,1,2024-02-14T09:45:00,60,Outbound,Technical Deep Dive,Completed,8,0.34,216,8,True
2794,1828,3,2024-08-25T09:15:00,0,Outbound,Demo,No Show,1,,,0,False
2795,1888,8,2023-09-25T14:00:00,24,Outbound,Negotiation,Completed,7,0.69,211,20,True
2796,2456,5,2024-12-15T15:00:00,28,Outbound,Negotiation,Completed,4,0.67,84,4,True
2797,4661,16,2024-11-29T10:15:00,54,Outbound,Check-In,Completed,7,0.7,181,11,False
2798,3304,3,2024-12-30T09:45:00,60,Outbound,QBR,Completed,5,0.51,88,3,True
2799,4493,7,2024-11-07T12:45:00,41,Outbound,Check-In,Completed,3,0.58,114,5,True
2800,3664,16,2024-09-06T12:15:00,36,Inbound,Follow-Up,Completed,6,0.44,129,12,False
2801,4777,5,2024-12-01T10:15:00,31,Outbound,Follow-Up,Completed,5,1.24,56,17,True
2802,1404,6,2024-12-16T16:30:00,0,Outbound,Discovery,No Show,1,,,0,False
2803,3622,5,2024-10-06T13:00:00,45,Outbound,Check-In,Completed,5,0.46,64,4,True
2804,1884,12,2024-12-13T11:00:00,46,Outbound,Negotiation,Completed,6,0.52,177,8,False
2805,4046,2,2023-08-01T10:45:00,16,Inbound,QBR,Completed,7,0.48,195,19,True
2806,1788,9,2023-05-13T12:30:00,55,Outbound,QBR,Rescheduled,1,,,0,False
2807,2983,13,2024-06-23T11:30:00,30,Inbound,Negotiation,Completed,4,0.61,111,3,False
2808,2999,7,2024-03-09T15:00:00,33,Inbound,Follow-Up,Completed,5,0.61,153,12,True
2809,2808,1,2024-05-23T09:45:00,58,Outbound,Check-In,Completed,4,0.4,76,4,False
2810,1437,16,2024-12-07T14:30:00,48,Outbound,QBR,Completed,6,0.71,80,8,False
2811,4696,9,2022-07-02T12:15:00,19,Outbound,Check-In,Completed,3,0.85,174,5,True
2812,881,11,2021-05-13T14:00:00,0,Outbound,Demo,No Show,1,,,0,False
2813,860,1,2024-08-28T09:45:00,47,Inbound,Technical Deep Dive,Completed,8,0.63,104,10,True
2814,3815,6,2020-10-17T15:15:00,53,Outbound,Negotiation,Completed,3,0.49,111,8,False
2815,1984,14,2024-12-05T13:00:00,56,Outbound,Demo,Completed,4,0.56,74,13,True
2816,3552,2,2023-09-26T16:00:00,22,Outbound,Negotiation,Completed,2,0.79,86,6,False
2817,1015,3,2024-12-25T13:15:00,0,Inbound,Check-In,No Show,1,,,0,False
2818,3479,5,2030-06-15T10:00:00,60,Outbound,Follow-Up,Completed,3,0.41,109,13,True
2819,4712,13,2024-07-30T12:15:00,31,Outbound,Demo,Completed,2,0.78,282,4,False
2820,4515,6,2024-12-14T13:45:00,23,Outbound,Check-In,Completed,7,0.51,54,13,False
2821,4624,15,2024-12-08T11:45:00,35,Outbound,Negotiation,Rescheduled,1,,,0,False
2822,2570,4,2024-09-28T12:30:00,49,Outbound,Follow-Up,Completed,5,0.56,164,15,False
2823,2288,4,2023-12-03T12:30:00,58,Outbound,Check-In,Completed,2,0.63,129,5,False
2824,1159,3,2024-12-12T10:45:00,57,Outbound,Check-In,Rescheduled,1,,,0,False
2825,1835,5,2022-09-01T13:45:00,48,Outbound,Discovery,Completed,4,0.66,145,9,False
2826,2584,16,2024-12-26T08:45:00,45,Outbound,Negotiation,Completed,7,0.54,143,5,True
2827,2735,4,2022-02-01T12:45:00,31,Inbound,Demo,Completed,4,0.59,164,9,True
2828,3331,15,2024-12-26T12:45:00,54,Outbound,Check-In,Completed,4,0.85,287,8,True
2829,3832,4,2024-12-28T15:45:00,25,Outbound,Negotiation,Completed,7,0.67,220,20,True
2830,110,3,2022-06-11T09:00:00,42,Inbound,Demo,Completed,6,0.5,104,21,True
2831,1300,1,2023-06-16T16:15:00,26,Outbound,Check-In,Completed,2,0.37,52,22,False
2832,1825,14,2024-12-23T11:45:00,0,Outbound,Negotiation,No Show,1,,,0,False
2833,682,8,2024-01-28T12:00:00,47,Outbound,Discovery,Completed,6,0.42,102,4,False
2834,3219,10,2023-11-30T12:15:00,38,Outbound,Technical Deep Dive,Completed,5,0.48,37,16,False
2835,905,5,2024-12-26T09:15:00,52,Inbound,QBR,Completed,8,0.67,190,12,False
2836,3050,15,2024-12-16T15:45:00,49,Outbound,Check-In,Completed,5,0.68,136,10,True
2837,1829,15,2024-12-26T10:45:00,47,Outbound,Negotiation,Completed,3,0.68,219,12,False
2838,2611,1,2023-05-28T14:30:00,35,Inbound,Follow-Up,Completed,8,0.49,207,24,True
2839,802,16,2023-11-03T09:45:00,0,Outbound,Check-In,No Show,1,,,0,False
2840,3385,8,2024-12-28T14:00:00,0,Outbound,Technical Deep Dive,No Show,1,,,0,False
2841,2419,10,2024-12-02T15:00:00,37,Outbound,Discovery,Completed,7,0.73,209,17,True
2842,1127,1,2024-12-09T15:45:00,25,Outbound,QBR,Completed,5,0.67,100,7,False
2843,4795,11,2024-03-18T11:45:00,44,Outbound,Follow-Up,Rescheduled,1,,,0,False
2844,721,9,2023-06-11T08:45:00,35,Inbound,Negotiation,Completed,2,0.58,89,4,False
2845,4538,10,2024-07-16T12:15:00,16,Outbound,Discovery,Completed,7,0.69,94,7,False
2846,1536,16,2024-12-09T09:30:00,17,Outbound,Demo,Completed,3,0.58,136,8,False
2847,2395,9,2023-06-08T10:15:00,52,Outbound,Check-In,Completed,5,0.53,81,17,True
2848,4892,8,2024-12-17T16:00:00,29,Outbound,QBR,Completed,2,0.67,162,10,True
2849,3574,13,2030-06-15T10:00:00,46,Outbound,Demo,Completed,5,0.76,247,7,False
2850,2713,16,2024-12-23T13:15:00,0,Outbound,QBR,No Show,1,,,0,False
2851,3449,6,2024-12-16T15:30:00,0,Outbound,Follow-Up,No Show,1,,,0,False
2852,291,16,2023-12-31T13:45:00,47,Outbound,Demo,Completed,6,0.59,174,16,False
2853,3948,8,2024-04-05T16:15:00,45,Outbound,QBR,Completed,4,0.41,119,18,True
2854,451,5,2023-11-20T12:00:00,41,Outbound,Discovery,Completed,5,0.46,155,4,True
2855,3014,7,2024-12-17T13:00:00,32,Inbound,Check-In,Completed,3,0.53,133,20,False
2856,2291,13,2022-03-26T15:00:00,51,Outbound,Negotiation,Completed,8,0.57,85,4,False
2857,1560,14,2024-12-03T12:15:00,17,Inbound,QBR,Completed,2,0.69,202,7,False
2858,3233,7,2022-09-09T10:45:00,48,Outbound,QBR,Completed,4,0.53,176,11,True
2859,684,8,2030-06-15T10:00:00,26,Outbound,Demo,Completed,3,0.37,228,8,False
2860,3327,2,2023-08-23T14:15:00,0,Outbound,Discovery,No Show,1,,,0,False
2861,4119,6,2024-12-19T15:30:00,51,Outbound,QBR,Completed,6,0.63,195,20,False
2862,3920,5,2023-03-08T11:45:00,15,Outbound,Demo,Completed,7,0.69,239,16,False
2863,2417,1,2024-12-28T08:45:00,45,Outbound,QBR,Rescheduled,1,,,0,False
2864,3541,3,2024-12-01T13:30:00,37,Outbound,Technical Deep Dive,Completed,2,0.36,215,16,False
2865,662,3,2024-08-17T14:45:00,0,Inbound,Discovery,No Show,1,,,0,False
2866,1422,16,2024-12-20T16:15:00,43,Outbound,Follow-Up,Completed,6,0.52,44,16,False
2867,2433,15,2024-12-30T15:45:00,25,Inbound,Negotiation,Completed,7,0.58,142,6,False
2868,2933,2,2024-11-07T10:45:00,26,Inbound,Technical Deep Dive,Completed,2,0.52,237,9,False
2869,330,1,2024-05-08T14:15:00,48,Inbound,Demo,Rescheduled,1,,,0,False
2870,1396,16,2023-09-28T12:45:00,0,Outbound,Discovery,No Show,1,,,0,False
2871,4383,13,2024-10-14T10:30:00,54,Outbound,Discovery,Completed,6,0.64,81,5,False
2872,1625,2,2024-12-25T13:30:00,21,Outbound,QBR,Completed,2,0.47,194,16,False
2873,4002,16,2024-12-26T13:00:00,53,Outbound,Check-In,Completed,2,0.7,59,3,True
2874,3869,13,2024-02-13T15:30:00,23,Outbound,Demo,Completed,2,0.65,126,1,False
2875,2842,5,2024-08-20T12:00:00,25,Inbound,QBR,Completed,7,0.42,221,18,False
2876,4811,9,2023-01-03T16:15:00,29,Inbound,Check-In,Completed,8,0.43,144,9,False
2877,4678,7,2023-12-29T16:15:00,15,Outbound,Check-In,Rescheduled,1,,,0,False
2878,4598,11,2021-11-06T13:30:00,22,Inbound,Follow-Up,Completed,3,0.52,87,20,True
2879,4917,9,2024-01-23T16:15:00,53,Inbound,QBR,Completed,2,0.69,72,17,False
2880,2193,15,2023-03-10T10:15:00,26,Outbound,Check-In,Completed,7,0.6,35,14,False
2881,4107,4,2024-12-28T13:15:00,24,Outbound,Technical Deep Dive,Completed,8,0.65,212,18,True
2882,70,16,2024-12-09T10:15:00,0,Outbound,Demo,No Show,1,,,0,False
2883,1778,15,2024-02-28T14:45:00,0,Inbound,QBR,No Show,1,,,0,False
2884,3171,11,2024-12-10T15:45:00,57,Outbound,QBR,Completed,7,0.59,178,11,True
2885,1269,15,2024-09-25T14:45:00,54,Outbound,Follow-Up,Completed,5,0.47,194,11,True
2886,965,5,2023-09-13T17:45:00,58,Outbound,Follow-Up,Completed,6,0.36,200,12,True
2887,3892,10,2024-08-10T13:00:00,24,Inbound,Demo,Completed,6,0.64,131,11,False
2888,2451,15,2020-12-08T15:45:00,57,Outbound,Demo,Completed,2,0.57,138,9,True
2889,3194,11,2024-09-22T14:00:00,25,Inbound,Follow-Up,Completed,6,0.87,104,5,False
2890,107,14,2024-03-10T15:30:00,17,Inbound,QBR,Completed,7,0.52,77,4,False
2891,3502,14,2024-05-27T09:30:00,29,Inbound,Negotiation,Completed,5,0.51,131,17,True
2892,3105,9,2023-03-22T11:45:00,20,Outbound,QBR,Completed,4,0.45,40,17,True
2893,4446,12,2021-05-04T17:00:00,16,Outbound,Check-In,Completed,7,0.63,117,9,False
2894,3758,11,2024-01-11T11:30:00,22,Outbound,Negotiation,Completed,2,0.4,213,18,True
2895,2796,11,2024-03-24T10:45:00,52,Inbound,QBR,Completed,7,1.46,140,9,False
2896,4206,16,2024-12-14T14:30:00,43,Outbound,Check-In,Completed,4,0.41,189,8,False
2897,2841,6,2024-02-15T16:15:00,37,Inbound,Discovery,Completed,2,0.55,239,12,True
2898,4497,8,2024-09-11T15:00:00,28,Outbound,QBR,Completed,5,1.13,94,10,True
2899,1730,1,2022-11-05T10:45:00,25,Outbound,Check-In,Completed,5,0.35,145,8,False
2900,4080,10,2024-01-03T10:30:00,34,Inbound,Discovery,Completed,3,0.4,130,13,False
2901,2379,14,2024-07-02T10:00:00,59,Inbound,Demo,Completed,3,0.58,182,4,True
2902,2042,12,2030-06-15T10:00:00,0,Inbound,Check-In,No Show,1,,,0,False
2903,597,6,2024-08-29T13:45:00,0,Inbound,Follow-Up,No Show,1,,,0,False
2904,1085,8,2024-12-17T14:45:00,45,Inbound,Demo,Completed,7,0.42,111,7,True
2905,4972,14,2022-07-26T13:00:00,27,Outbound,QBR,Completed,2,0.61,171,3,True
2906,4489,4,2024-12-12T08:00:00,0,Outbound,Technical Deep Dive,No Show,1,,,0,False
2907,4383,13,2024-09-11T10:30:00,17,Outbound,Negotiation,Completed,2,0.77,46,3,False
2908,4763,13,2024-08-17T10:00:00,34,Outbound,Follow-Up,Completed,2,0.75,80,8,False
2909,3481,16,2022-12-16T12:45:00,30,Outbound,QBR,Completed,8,0.44,34,4,False
2910,2995,12,2024-09-02T13:30:00,0,Inbound,Technical Deep Dive,No Show,1,,,0,False
2911,2492,3,2021-02-06T12:45:00,37,Outbound,Discovery,Completed,5,0.38,130,13,True
2912,3646,13,2023-09-10T12:30:00,50,Outbound,Check-In,Rescheduled,1,,,0,False
2913,494,5,2022-08-04T16:15:00,3,Outbound,Technical Deep Dive,Voicemail,1,,,0,False
2914,1420,5,2023-04-01T10:00:00,,Outbound,Check-In,Completed,6,0.67,65,10,False
2915,2226,10,2024-12-07T10:15:00,32,Inbound,Demo,Completed,5,0.5,150,8,True
2916,451,4,2024-12-20T15:30:00,,Inbound,Negotiation,Completed,6,0.73,296,9,True
2917,2975,12,2024-12-21T10:45:00,59,Inbound,Follow-Up,Completed,8,1.16,68,6,False
2918,2128,1,2023-08-11T15:30:00,22,Inbound,Discovery,Completed,4,0.52,229,19,True
2919,3114,1,2024-07-21T13:45:00,20,Outbound,Demo,Completed,2,0.65,186,22,False
2920,1276,1,2022-03-01T15:45:00,19,Outbound,Check-In,Completed,2,0.44,132,10,True
2921,174,5,2023-08-31T12:30:00,54,Outbound,Technical Deep Dive,Completed,3,0.69,92,17,True
2922,2961,12,2022-07-14T14:45:00,56,Outbound,Check-In,Rescheduled,1,,,0,False
2923,3185,4,2023-10-13T16:45:00,31,Outbound,Technical Deep Dive,Rescheduled,1,,,0,False
2924,1358,15,2024-12-13T11:30:00,38,Outbound,Check-In,Completed,8,0.58,84,14,False
2925,4940,14,2023-12-02T13:30:00,38,Outbound,Check-In,Completed,2,0.62,232,10,False
2926,923,1,2024-12-25T11:45:00,22,Outbound,Discovery,Completed,5,0.61,227,21,True
2927,2097,11,2024-01-21T09:30:00,40,Outbound,Follow-Up,Completed,5,0.59,79,16,False
2928,1790,1,2023-02-05T13:00:00,0,Outbound,Demo,No Show,1,,,0,False
2929,4611,13,2024-12-26T11:00:00,,Outbound,Check-In,Completed,7,0.75,210,10,False
2930,2007,10,2024-12-22T13:45:00,35,Inbound,QBR,Completed,4,0.52,159,7,True
2931,3709,11,2024-07-28T13:00:00,32,Outbound,Check-In,Completed,5,1.21,133,13,True
2932,3413,4,2024-12-21T14:15:00,24,Inbound,Check-In,Completed,4,0.56,171,6,True
2933,4133,12,2021-05-16T09:15:00,35,Inbound,Follow-Up,Completed,2,0.47,66,11,False
2934,4911,13,2023-12-13T11:15:00,42,Outbound,Follow-Up,Completed,3,0.69,179,7,True
2935,244,10,2024-11-09T09:30:00,16,Outbound,Demo,Completed,8,0.48,213,14,False
2936,4416,10,2022-11-24T11:15:00,42,Outbound,Demo,Completed,4,0.66,81,18,False
2937,1101,5,2024-12-23T11:30:00,46,Outbound,Technical Deep Dive,Completed,2,0.66,49,15,False
2938,4273,9,2021-08-27T10:00:00,30,Outbound,QBR,Completed,2,0.66,149,15,True
2939,4438,14,2024-12-11T16:15:00,47,Inbound,Discovery,Completed,7,0.4,123,11,True
2940,3981,3,2024-07-04T15:30:00,1,Inbound,Follow-Up,Voicemail,1,,,0,False
2941,3509,15,2024-10-29T13:15:00,55,Outbound,Demo,Completed,2,0.73,38,12,False
2942,1718,14,2023-06-11T14:45:00,2,Outbound,Follow-Up,Voicemail,1,,,0,False
2943,1543,13,2024-11-29T16:00:00,39,Outbound,Negotiation,Completed,7,0.68,148,3,True
2944,2037,1,2024-07-13T14:15:00,50,Outbound,Demo,Completed,2,0.56,221,20,False
2945,178,14,2023-10-22T10:45:00,44,Outbound,Technical Deep Dive,Completed,2,0.63,39,4,True
2946,3339,6,2021-01-16T14:15:00,39,Outbound,Follow-Up,Rescheduled,1,,,0,False
2947,4613,2,2022-11-09T15:45:00,50,Outbound,Discovery,Completed,7,0.64,197,10,True
2948,4535,5,2023-09-07T16:15:00,51,Outbound,Negotiation,Completed,5,0.57,63,7,True
2949,3717,9,2024-03-21T14:45:00,21,Outbound,Negotiation,Completed,8,0.41,83,10,False
2950,3385,8,2024-12-15T11:00:00,32,Outbound,Discovery,Completed,2,0.61,136,14,True
2951,4325,1,2024-09-08T10:45:00,0,Outbound,Negotiation,No Show,1,,,0,False
2952,1451,9,2023-12-10T08:15:00,,Inbound,Check-In,Completed,7,0.65,192,9,False
2953,943,16,2024-02-11T09:00:00,0,Outbound,Negotiation,No Show,1,,,0,False
2954,2200,12,2024-10-20T11:00:00,51,Inbound,Follow-Up,Completed,6,0.48,146,9,True
2955,2980,6,2024-10-07T09:30:00,33,Outbound,Follow-Up,Rescheduled,1,,,0,False
2956,4584,16,2024-12-11T10:00:00,31,Outbound,Discovery,Rescheduled,1,,,0,False
2957,2989,11,2024-11-11T13:30:00,43,Inbound,Negotiation,Completed,3,0.41,199,12,False
2958,1262,7,2023-05-24T11:15:00,24,Outbound,Check-In,Completed,2,0.73,33,14,True
2959,1905,13,2024-11-30T09:45:00,50,Outbound,Negotiation,Completed,3,0.64,162,9,False
2960,676,7,2024-12-09T11:30:00,33,Inbound,Negotiation,Completed,5,0.61,208,8,True
2961,1907,15,2024-12-25T10:45:00,3,Outbound,Negotiation,Voicemail,1,,,0,False
2962,2391,5,2023-12-13T14:00:00,52,Outbound,Negotiation,Completed,6,0.51,146,14,False
2963,4987,5,2024-11-17T09:15:00,37,Outbound,Demo,Completed,5,0.45,104,21,False
2964,814,15,2024-12-01T15:30:00,45,Inbound,QBR,Completed,2,0.56,140,13,False
2965,1145,6,2022-04-21T16:15:00,21,Outbound,Follow-Up,Completed,7,0.6,45,15,True
2966,2905,14,2024-01-28T14:15:00,33,Inbound,Follow-Up,Completed,5,0.52,169,4,True
2967,274,9,2022-12-07T09:00:00,33,Inbound,Discovery,Completed,2,0.64,182,16,True
2968,104,4,2024-12-03T13:45:00,16,Outbound,QBR,Completed,7,1.43,176,9,True
2969,4762,13,2024-12-16T09:30:00,18,Outbound,Check-In,Completed,2,0.89,133,4,False
2970,4291,9,2024-05-21T12:45:00,33,Outbound,Discovery,Completed,2,0.69,134,18,True
2971,1849,8,2024-09-30T17:45:00,57,Outbound,Demo,Completed,8,0.69,84,15,False
2972,2418,3,2024-09-29T10:30:00,43,Inbound,QBR,Completed,4,0.59,226,24,True
2973,1636,5,2023-10-01T09:00:00,47,Outbound,Discovery,Completed,5,0.68,91,10,True
2974,4005,15,2022-07-02T11:45:00,52,Inbound,QBR,Completed,5,0.71,193,9,True
2975,2485,9,2024-12-08T12:45:00,32,Outbound,Follow-Up,Completed,3,0.58,33,5,False
2976,3664,16,2024-11-21T16:30:00,44,Outbound,QBR,Completed,8,0.73,232,8,False
2977,2793,8,2024-03-08T15:45:00,0,Inbound,Discovery,No Show,1,,,0,False
2978,1679,13,2024-12-15T11:45:00,0,Inbound,Demo,No Show,1,,,0,False
2979,459,16,2024-12-03T16:30:00,51,Inbound,Check-In,Completed,2,0.63,188,13,False
2980,4524,13,2023-12-02T13:45:00,35,Outbound,Follow-Up,Completed,8,0.88,280,3,False
2981,193,2,2024-11-04T15:00:00,51,Inbound,Demo,Rescheduled,1,,,0,False
2982,1936,3,2020-09-27T08:15:00,41,Inbound,Demo,Completed,4,0.62,143,19,False
2983,2203,15,2024-12-12T10:30:00,3,Outbound,QBR,Voicemail,1,,,0,False
2984,382,9,2024-11-15T11:45:00,18,Outbound,Check-In,Completed,5,0.48,193,8,False
2985,2885,10,2024-12-04T13:45:00,47,Outbound,Discovery,Completed,6,0.71,282,8,False
2986,858,16,2023-05-22T16:45:00,35,Outbound,QBR,Completed,4,0.56,131,2,True
2987,2530,5,2022-06-30T11:15:00,50,Outbound,QBR,Completed,3,0.3,95,21,True
2988,3061,2,2023-04-15T11:15:00,18,Outbound,Follow-Up,Completed,2,0.36,114,15,False
2989,2347,6,2024-12-24T13:45:00,28,Outbound,Check-In,Completed,6,0.45,105,9,True
2990,721,9,2023-06-27T13:30:00,35,Inbound,Technical Deep Dive,Completed,4,1.26,119,9,False
2991,2196,5,2024-11-15T10:30:00,31,Inbound,Demo,Completed,2,0.47,178,13,True
2992,4313,4,2024-12-19T17:15:00,41,Inbound,Discovery,Completed,3,0.59,188,13,False
2993,2828,3,2024-10-26T12:00:00,0,Outbound,QBR,No Show,1,,,0,False
2994,2417,1,2024-12-21T10:30:00,56,Inbound,QBR,Completed,2,0.6,112,15,True
2995,735,4,2021-08-17T10:15:00,3,Outbound,Follow-Up,Voicemail,1,,,0,False
2996,2777,10,2030-06-15T10:00:00,42,Inbound,Demo,Completed,4,0.48,173,12,True
2997,3107,16,2024-10-11T10:00:00,48,Outbound,Check-In,Completed,4,0.63,118,1,False
2998,1711,9,2022-07-22T15:30:00,15,Inbound,Negotiation,Completed,2,0.72,147,13,True
2999,4634,9,2024-12-23T11:15:00,58,Outbound,Demo,Completed,8,0.78,140,9,False
3000,1086,15,2024-09-23T16:45:00,18,Inbound,Negotiation,Completed,4,0.9,207,4,True
3001,3222,13,2024-09-18T14:15:00,36,Outbound,Negotiation,Completed,8,0.49,140,5,False
3002,3262,16,2024-12-31T11:30:00,25,Outbound,Follow-Up,Completed,6,0.72,182,10,True
3003,4914,5,2024-06-02T10:45:00,0,Inbound,Follow-Up,No Show,1,,,0,False
3004,4262,9,2024-12-06T14:00:00,15,Outbound,Check-In,Completed,4,0.72,111,17,False
3005,4167,5,2024-06-25T16:00:00,59,Inbound,Technical Deep Dive,Completed,3,0.71,263,12,True
3006,3820,7,2023-06-04T12:15:00,38,Outbound,Follow-Up,Completed,6,0.46,227,14,False
3007,2838,12,2023-09-25T14:30:00,,Inbound,QBR,Completed,8,0.54,203,3,False
3008,877,10,2024-12-23T09:15:00,49,Outbound,QBR,Completed,2,0.56,222,16,False
3009,1767,7,2024-11-26T16:30:00,55,Outbound,QBR,Completed,6,0.77,56,3,False
3010,558,16,2024-10-27T10:30:00,24,Outbound,Check-In,Completed,3,0.45,83,4,False
3011,2433,15,2024-12-15T09:15:00,23,Outbound,Technical Deep Dive,Completed,8,0.72,49,5,False
3012,690,16,2024-12-14T15:00:00,16,Inbound,Demo,Rescheduled,1,,,0,False
3013,736,16,2024-12-16T14:15:00,22,Outbound,Demo,Completed,7,0.7,207,8,False
3014,3780,3,2024-12-26T10:30:00,58,Outbound,Demo,Completed,8,0.74,266,14,True
3015,2293,10,2024-12-25T15:00:00,,Inbound,Check-In,Completed,3,0.6,237,9,False
3016,4299,4,2024-12-22T16:15:00,59,Outbound,Negotiation,Completed,8,0.53,37,16,True
3017,1617,14,2022-09-23T10:30:00,0,Inbound,Discovery,No Show,1,,,0,False
3018,1388,7,2021-07-03T11:45:00,36,Outbound,Negotiation,Completed,6,0.6,160,7,False
3019,622,12,2024-11-11T13:45:00,2,Inbound,Technical Deep Dive,Voicemail,1,,,0,False
3020,2551,2,2024-11-22T11:30:00,17,Outbound,Technical Deep Dive,Completed,4,0.56,140,12,True
3021,4992,12,2022-06-14T10:00:00,31,Outbound,Discovery,Completed,2,0.55,162,5,True
3022,56,6,2024-08-02T17:30:00,0,Inbound,Check-In,No Show,1,,,0,False
3023,3334,4,2024-10-22T12:30:00,-34,Inbound,QBR,Completed,2,0.66,113,15,True
3024,3958,9,2024-12-24T17:45:00,27,Outbound,Discovery,Completed,8,0.64,154,9,False
3025,2862,9,2023-05-13T13:00:00,22,Outbound,Technical Deep Dive,Completed,7,0.56,101,7,False
3026,2293,10,2024-10-30T14:00:00,40,Outbound,Demo,Completed,8,0.63,80,12,False
3027,3000,8,2021-06-17T13:15:00,40,Outbound,Negotiation,Completed,8,0.78,133,9,False
3028,2479,16,2023-07-12T12:15:00,21,Outbound,QBR,Completed,8,0.49,156,14,True
3029,1296,2,2024-10-21T09:00:00,-15,Outbound,Negotiation,Completed,3,0.42,54,9,False
3030,2987,5,2024-12-18T09:00:00,20,Outbound,QBR,Completed,4,0.64,115,20,False
3031,3735,13,2024-12-30T15:00:00,,Outbound,Demo,Rescheduled,1,,,0,False
3032,3202,8,2024-12-24T08:15:00,37,Outbound,QBR,Completed,8,0.66,166,16,False
3033,1855,16,2020-06-06T11:15:00,48,Outbound,Follow-Up,Completed,4,0.68,117,12,False
3034,891,12,2023-10-15T10:30:00,37,Outbound,Check-In,Completed,7,0.67,100,9,False
3035,591,10,2024-04-25T17:45:00,54,Outbound,Negotiation,Completed,5,0.56,191,11,True
3036,217,12,2023-03-14T14:15:00,24,Inbound,Technical Deep Dive,Rescheduled,1,,,0,False
3037,1604,1,2024-07-14T14:15:00,35,Inbound,Follow-Up,Completed,2,0.31,122,9,False
3038,1351,5,2023-10-02T12:15:00,36,Outbound,Check-In,Rescheduled,1,,,0,False
3039,2541,8,2024-12-16T14:15:00,1,Inbound,Demo,Voicemail,1,,,0,False
3040,3555,8,2024-12-03T11:15:00,17,Outbound,QBR,Completed,7,0.63,276,5,True
3041,3617,9,2023-10-14T15:30:00,60,Inbound,Check-In,Completed,2,0.84,215,10,False
3042,3206,1,2024-09-17T14:30:00,33,Inbound,Discovery,Completed,6,0.64,188,12,True
3043,612,1,2022-03-18T09:00:00,0,Inbound,Discovery,No Show,1,,,0,False
3044,483,16,2024-12-16T11:30:00,60,Outbound,Demo,Completed,7,0.77,196,8,False
3045,3683,9,2024-12-15T14:45:00,32,Inbound,Discovery,Completed,6,0.7,43,9,True
3046,305,15,2024-12-14T14:00:00,56,Inbound,Demo,Completed,5,0.79,208,10,False
3047,4224,6,2023-12-28T15:45:00,46,Outbound,Demo,Completed,6,0.53,220,19,False
3048,2516,16,2024-12-20T15:15:00,45,Outbound,Demo,Completed,5,0.66,126,3,False
3049,4404,6,2024-07-25T15:15:00,48,Outbound,QBR,Completed,8,0.52,206,6,True
3050,3570,1,2024-12-19T14:30:00,52,Inbound,Negotiation,Completed,4,0.56,197,8,False
3051,4059,2,2023-08-06T10:30:00,33,Outbound,QBR,Rescheduled,1,,,0,False
3052,4406,13,2023-01-25T12:45:00,0,Outbound,Technical Deep Dive,No Show,1,,,0,False
3053,3179,1,2022-10-18T11:45:00,17,Inbound,Technical Deep Dive,Completed,2,0.44,124,21,False
3054,876,3,2023-04-07T14:00:00,18,Outbound,Discovery,Completed,4,0.46,151,7,True
3055,3038,2,2024-12-03T15:45:00,38,Outbound,Check-In,Completed,4,0.61,153,22,True
3056,4327,14,2023-12-14T11:30:00,42,Inbound,Technical Deep Dive,Completed,8,0.72,152,9,False
3057,4027,11,2024-03-27T12:45:00,30,Outbound,Follow-Up,Completed,3,0.52,42,16,True
3058,204,14,2024-04-07T15:00:00,34,Outbound,Technical Deep Dive,Rescheduled,1,,,0,False
3059,70,16,2024-12-21T14:00:00,,Outbound,Demo,Completed,2,1.49,118,15,False
3060,3971,7,2024-05-09T11:00:00,34,Inbound,Discovery,Completed,8,0.43,118,11,False
3061,3172,5,2024-05-15T15:30:00,47,Outbound,Demo,Rescheduled,1,,,0,False
3062,2564,12,2023-05-04T11:30:00,42,Outbound,Negotiation,Rescheduled,1,,,0,False
3063,1239,5,2021-03-24T15:45:00,45,Inbound,Follow-Up,Completed,8,0.43,71,7,False
3064,479,3,2024-12-30T11:30:00,52,Outbound,QBR,Completed,5,0.52,221,9,True
3065,305,15,2024-12-18T12:30:00,39,Inbound,Check-In,Completed,6,0.74,217,4,True
3066,4876,9,2022-12-28T14:15:00,59,Inbound,Discovery,Rescheduled,1,,,0,False
3067,3897,7,2024-08-02T11:00:00,50,Outbound,Technical Deep Dive,Rescheduled,1,,,0,False
3068,587,7,2024-10-17T15:15:00,42,Inbound,Technical Deep Dive,Completed,2,0.7,131,8,True
3069,1043,8,2024-09-19T10:00:00,19,Outbound,Demo,Completed,7,0.44,55,4,True
3070,2541,8,2024-12-13T15:15:00,24,Outbound,Check-In,Completed,4,0.57,106,2,False
3071,350,13,2030-06-15T10:00:00,48,Inbound,Check-In,Completed,3,0.45,226,10,True
3072,4308,12,2023-11-23T12:15:00,0,Outbound,Demo,No Show,1,,,0,False
3073,3709,11,2024-06-24T11:00:00,0,Inbound,Technical Deep Dive,No Show,1,,,0,False
3074,4888,13,2023-12-24T12:45:00,49,Inbound,Follow-Up,Completed,4,0.86,143,9,False
3075,4654,3,2024-08-02T15:45:00,0,Outbound,Discovery,No Show,1,,,0,False
3076,3126,7,2024-09-30T15:15:00,33,Outbound,Technical Deep Dive,Completed,8,0.82,69,11,False
3077,1609,4,2023-07-01T10:15:00,41,Outbound,Discovery,Completed,2,0.69,165,5,True
3078,1684,5,2024-12-10T10:00:00,43,Inbound,Follow-Up,Completed,3,0.54,164,12,False
3079,4666,10,2022-06-25T15:45:00,49,Inbound,Demo,Completed,5,0.69,76,17,True
3080,4587,15,2024-12-31T12:30:00,53,Outbound,Demo,Completed,6,0.5,100,7,False
3081,1210,9,2024-12-21T10:45:00,60,Outbound,Follow-Up,Completed,2,0.78,267,10,False
3082,2053,6,2024-12-06T09:45:00,18,Outbound,Demo,Rescheduled,1,,,0,False
3083,1437,16,2024-12-30T14:30:00,0,Outbound,Follow-Up,No Show,1,,,0,False
3084,693,5,2021-07-01T15:00:00,34,Outbound,Discovery,Completed,5,0.69,219,17,True
3085,3468,3,2024-12-31T16:45:00,57,Outbound,Negotiation,Completed,7,0.6,34,22,True
3086,221,12,2023-02-27T12:15:00,59,Inbound,Check-In,Completed,2,0.46,209,13,False
3087,4982,5,2024-04-29T12:00:00,40,Outbound,Follow-Up,Completed,7,0.51,197,5,True
3088,619,5,2024-06-19T09:45:00,49,Outbound,Negotiation,Completed,4,0.57,287,15,False
3089,1341,16,2024-11-27T14:30:00,24,Outbound,Negotiation,Rescheduled,1,,,0,False
3090,888,16,2024-05-04T12:15:00,42,Outbound,QBR,Completed,4,0.42,162,8,False
3091,3933,7,2023-01-12T15:15:00,21,Outbound,Discovery,Completed,6,0.41,199,11,True
3092,1010,4,2024-12-24T13:00:00,34,Outbound,Demo,Completed,5,0.46,86,16,False
3093,3133,4,2023-06-06T13:00:00,31,Outbound,Discovery,Completed,3,0.41,82,8,True
3094,3515,5,2023-01-24T12:00:00,19,Outbound,QBR,Completed,8,0.47,47,4,False
3095,3634,16,2024-12-16T09:45:00,2,Inbound,Check-In,Voicemail,1,,,0,False
3096,917,16,2024-07-18T14:45:00,39,Outbound,Check-In,Completed,8,0.46,74,6,False
3097,445,1,2024-10-03T14:30:00,59,Outbound,Follow-Up,Completed,3,0.61,216,6,False
3098,4882,13,2024-05-05T15:15:00,39,Outbound,Negotiation,Completed,3,0.83,115,9,False
3099,2108,14,2024-12-15T11:00:00,56,Outbound,Technical Deep Dive,Completed,6,0.57,194,7,True
3100,2752,3,2022-12-01T11:00:00,3,Outbound,Discovery,Voicemail,1,,,0,False
3101,3692,2,2024-12-16T15:45:00,60,Inbound,Check-In,Completed,8,0.63,196,16,False
3102,3431,11,2021-05-01T16:30:00,51,Outbound,Negotiation,Completed,2,0.61,217,16,True
3103,3369,12,2024-12-08T14:30:00,26,Outbound,Demo,Completed,8,0.51,42,19,True
3104,4467,9,2021-08-15T08:15:00,19,Outbound,Follow-Up,Completed,6,0.57,123,5,True
3105,2715,13,2024-05-01T12:00:00,59,Outbound,Check-In,Completed,6,0.64,96,5,False
3106,4291,9,2024-06-27T12:45:00,15,Inbound,Follow-Up,Completed,6,0.44,184,4,False
3107,4454,15,2024-12-05T11:45:00,0,Outbound,Negotiation,No Show,1,,,0,False
3108,410,6,2022-01-28T17:30:00,0,Outbound,Demo,No Show,1,,,0,False
3109,2043,13,2020-11-28T16:00:00,0,Outbound,Technical Deep Dive,No Show,1,,,0,False
3110,28,16,2024-11-25T14:30:00,45,Outbound,Demo,Rescheduled,1,,,0,False
3111,2013,11,2024-02-22T17:15:00,24,Outbound,Negotiation,Completed,2,0.66,211,8,True
3112,2018,3,2024-12-26T09:15:00,25,Outbound,Demo,Completed,4,0.35,137,14,False
3113,4325,1,2024-10-28T16:45:00,0,Outbound,Demo,No Show,1,,,0,False
3114,1454,5,2024-04-24T13:30:00,30,Outbound,Demo,Completed,5,0.66,45,6,True
3115,2718,5,2023-12-19T10:45:00,49,Outbound,Follow-Up,Completed,3,0.55,153,14,True
3116,1096,12,2022-08-23T11:45:00,54,Outbound,QBR,Completed,2,0.46,130,7,False
3117,1906,1,2024-10-31T12:45:00,46,Inbound,Negotiation,Completed,6,0.33,157,15,True
3118,4420,5,2024-12-25T13:15:00,0,Outbound,QBR,No Show,1,,,0,False
3119,1186,2,2024-12-21T11:45:00,16,Outbound,Negotiation,Completed,2,0.67,200,8,True
3120,4207,13,2024-12-19T14:45:00,29,Outbound,Check-In,Completed,8,0.67,43,9,False
3121,1140,7,2024-12-10T17:30:00,22,Outbound,Demo,Completed,2,0.37,140,19,False
3122,9,11,2024-07-08T15:30:00,27,Outbound,Negotiation,Completed,7,0.69,57,9,True
3123,834,12,2021-04-21T09:45:00,-55,Outbound,Technical Deep Dive,Completed,4,0.63,229,17,True
3124,4666,10,2022-06-19T11:45:00,50,Inbound,Discovery,Completed,2,0.39,151,4,False
3125,3282,7,2023-10-31T10:15:00,35,Outbound,Follow-Up,Completed,3,0.41,140,4,False
3126,1830,7,2022-06-24T15:00:00,16,Outbound,Follow-Up,Completed,2,0.65,104,5,False
3127,3037,4,2023-05-05T15:00:00,28,Outbound,Negotiation,Completed,7,0.47,113,8,True
3128,2017,11,2024-08-19T11:00:00,52,Outbound,Technical Deep Dive,Completed,5,0.53,88,9,False
3129,1582,14,2024-09-21T17:30:00,39,Inbound,Discovery,Completed,6,0.5,153,9,False
3130,1381,7,2024-08-17T15:00:00,47,Outbound,Demo,Completed,6,1.18,201,6,True
3131,4705,16,2024-12-23T15:00:00,27,Outbound,Discovery,Completed,2,0.56,58,11,False
3132,4907,5,2024-12-18T11:30:00,43,Inbound,Discovery,Completed,7,0.67,185,15,False
3133,4154,12,2023-03-02T15:15:00,23,Outbound,Demo,Completed,2,0.49,65,15,False
3134,967,7,2024-05-25T11:45:00,,Outbound,Follow-Up,Rescheduled,1,,,0,False
3135,3592,9,2030-06-15T10:00:00,33,Outbound,Technical Deep Dive,Rescheduled,1,,,0,False
3136,2917,14,2021-09-21T10:45:00,0,Outbound,Technical Deep Dive,No Show,1,,,0,False
3137,1436,10,2021-03-11T13:30:00,25,Outbound,Negotiation,Completed,5,0.73,171,8,True
3138,1189,1,2024-08-13T15:00:00,58,Outbound,QBR,Completed,5,0.79,77,18,False
3139,667,9,2024-12-06T12:45:00,50,Outbound,Discovery,Completed,5,0.66,54,10,True
3140,2221,5,2024-09-22T13:45:00,37,Outbound,Negotiation,Completed,2,1.33,194,10,False
3141,427,9,2024-12-11T12:30:00,34,Inbound,QBR,Completed,5,0.67,163,10,True
3142,3444,7,2024-11-19T08:15:00,35,Inbound,Discovery,Completed,5,0.5,136,13,True
3143,146,2,2024-09-02T15:00:00,32,Outbound,Technical Deep Dive,Completed,2,0.47,72,27,True
3144,2060,16,2024-12-22T16:45:00,35,Outbound,Discovery,Completed,6,0.51,129,4,True
3145,1798,16,2024-12-16T13:00:00,0,Outbound,Follow-Up,No Show,1,,,0,False
3146,632,14,2024-06-18T09:15:00,19,Outbound,Demo,Rescheduled,1,,,0,False
3147,1787,1,2024-10-25T15:30:00,27,Outbound,Follow-Up,Completed,4,0.61,57,10,True
3148,2115,16,2024-12-01T13:45:00,37,Outbound,Discovery,Completed,6,0.53,222,4,False
3149,1217,6,2023-10-30T10:00:00,-36,Inbound,QBR,Completed,4,0.82,273,6,True
3150,149,13,2024-02-16T16:30:00,17,Outbound,Discovery,Completed,5,0.75,67,2,True
3151,3733,9,2023-12-04T10:30:00,33,Inbound,Technical Deep Dive,Completed,7,0.51,114,9,False
3152,3930,12,2022-05-23T15:15:00,,Outbound,Check-In,Completed,2,0.72,240,16,True
3153,1994,3,2023-12-09T11:15:00,46,Outbound,QBR,Completed,5,0.48,89,22,True
3154,631,3,2023-10-24T15:15:00,30,Outbound,Discovery,Rescheduled,1,,,0,False
3155,1935,3,2024-10-09T16:00:00,,Outbound,Discovery,Completed,3,0.55,31,14,True
3156,4339,4,2023-03-17T12:30:00,56,Inbound,Technical Deep Dive,Completed,7,0.36,222,20,False
3157,2238,6,2024-05-29T15:00:00,21,Inbound,QBR,Rescheduled,1,,,0,False
3158,1955,15,2023-05-02T13:30:00,20,Inbound,QBR,Completed,5,1.04,126,2,False
3159,2344,2,2024-12-04T10:45:00,34,Outbound,Discovery,Completed,5,0.69,57,8,False
3160,3229,5,2023-10-02T09:30:00,54,Outbound,Follow-Up,Rescheduled,1,,,0,False
3161,644,10,2020-09-02T10:45:00,48,Inbound,Check-In,Completed,3,0.5,78,11,True
3162,788,6,2024-02-28T12:30:00,3,Outbound,Demo,Voicemail,1,,,0,False
3163,2059,13,2024-05-29T12:30:00,17,Inbound,Demo,Completed,8,0.87,70,8,False
3164,1070,16,2022-01-29T16:30:00,,Outbound,Demo,Completed,6,0.38,104,11,True
3165,62,8,2024-12-19T11:45:00,17,Outbound,Negotiation,Completed,8,0.54,61,14,False
3166,14,4,2024-12-28T12:30:00,35,Outbound,Demo,Completed,5,0.5,167,19,False
3167,1857,1,2023-02-14T16:15:00,37,Outbound,Technical Deep Dive,Rescheduled,1,,,0,False
3168,3648,8,2024-12-08T09:30:00,41,Outbound,Technical Deep Dive,Completed,3,0.59,228,17,True
3169,1162,5,2024-12-18T11:45:00,20,Outbound,Negotiation,Rescheduled,1,,,0,False
3170,1283,9,2024-11-11T13:30:00,49,Inbound,Negotiation,Completed,3,0.73,144,3,True
3171,3511,7,2023-04-23T09:45:00,48,Outbound,Discovery,Completed,6,0.37,188,7,True
3172,1362,12,2024-08-28T14:00:00,56,Inbound,Technical Deep Dive,Completed,7,0.6,82,18,True
3173,249,5,2024-06-03T15:15:00,56,Inbound,Negotiation,Completed,7,0.44,40,15,False
3174,3331,15,2024-12-27T10:30:00,0,Inbound,Negotiation,No Show,1,,,0,False
3175,453,5,2024-11-10T11:15:00,26,Outbound,QBR,Completed,3,0.71,108,13,False
3176,3887,5,2024-11-20T17:15:00,28,Inbound,Demo,Rescheduled,1,,,0,False
3177,2470,4,2030-06-15T10:00:00,41,Inbound,Technical Deep Dive,Completed,6,0.59,228,9,True
3178,1533,5,2024-05-04T13:00:00,60,Outbound,Technical Deep Dive,Completed,6,0.37,82,7,True
3179,2318,12,2024-11-30T14:15:00,1,Outbound,Technical Deep Dive,Voicemail,1,,,0,False
3180,1984,14,2030-06-15T10:00:00,23,Outbound,Check-In,Completed,5,0.45,94,14,False
3181,3335,7,2024-12-20T12:00:00,18,Outbound,Discovery,Completed,6,0.37,230,17,False
3182,2988,2,2024-10-01T12:30:00,0,Outbound,Follow-Up,No Show,1,,,0,False
3183,1466,1,2024-11-17T08:00:00,,Outbound,Follow-Up,No Show,1,,,0,False
3184,2881,3,2024-07-15T13:00:00,0,Outbound,Follow-Up,No Show,1,,,0,False
3185,866,9,2024-12-06T14:00:00,58,Outbound,Discovery,Rescheduled,1,,,0,False
3186,3072,14,2024-05-08T15:00:00,55,Outbound,Check-In,Completed,3,0.61,138,6,False
3187,2560,8,2022-10-24T14:30:00,36,Outbound,QBR,Completed,8,0.69,97,12,True
3188,4179,2,2023-10-29T10:45:00,25,Outbound,QBR,Completed,4,0.33,167,14,True
3189,4607,9,2024-12-18T16:30:00,54,Inbound,Discovery,Completed,8,0.69,119,4,False
3190,4922,16,2024-06-05T16:00:00,42,Outbound,Technical Deep Dive,Completed,7,0.62,139,13,True
3191,2933,2,2024-12-08T09:30:00,-56,Inbound,QBR,Completed,6,0.73,191,4,False
3192,4411,7,2023-08-24T12:15:00,47,Outbound,Discovery,Completed,5,0.74,212,12,False
3193,854,1,2023-06-21T16:00:00,53,Outbound,Discovery,Completed,7,0.44,64,12,True
3194,4337,15,2024-12-09T15:00:00,17,Outbound,Check-In,Rescheduled,1,,,0,False
3195,1632,15,2024-09-07T13:00:00,32,Outbound,Discovery,Completed,3,1.49,219,8,False
3196,1228,8,2024-06-08T14:00:00,1,Outbound,Follow-Up,Voicemail,1,,,0,False
3197,3018,16,2024-12-05T12:15:00,54,Outbound,Check-In,Completed,5,0.56,40,8,False
3198,3311,15,2024-11-15T15:15:00,44,Outbound,Technical Deep Dive,Completed,3,0.42,220,3,False
3199,1524,5,2024-04-21T10:15:00,22,Outbound,Discovery,Rescheduled,1,,,0,False
3200,3836,7,2023-10-19T16:15:00,27,Outbound,Follow-Up,Completed,3,0.49,140,14,False
3201,2358,11,2024-09-01T11:15:00,23,Inbound,Check-In,Completed,6,0.4,119,3,False
3202,490,4,2024-10-31T15:00:00,24,Outbound,Check-In,Completed,2,0.67,174,7,False
3203,2210,5,2024-11-13T09:30:00,15,Outbound,Technical Deep Dive,Completed,6,0.65,206,12,True
3204,1485,4,2024-12-19T15:15:00,30,Inbound,Technical Deep Dive,Completed,6,0.75,241,3,False
3205,2662,4,2024-12-23T14:45:00,51,Inbound,Discovery,Completed,2,0.68,133,16,False
3206,1184,2,2024-10-19T10:15:00,30,Outbound,Discovery,Completed,3,0.39,159,10,True
3207,1477,15,2024-09-21T09:30:00,39,Outbound,Negotiation,Completed,4,0.65,88,10,True
3208,4953,15,2024-11-15T14:00:00,26,Outbound,Demo,Completed,6,0.64,208,7,True
3209,274,9,2022-11-22T12:30:00,20,Outbound,Demo,Completed,3,0.72,76,10,False
3210,2795,3,2024-12-02T16:30:00,21,Outbound,Technical Deep Dive,Completed,2,0.71,211,18,False
3211,2689,13,2024-10-22T14:45:00,55,Outbound,Negotiation,Completed,5,0.51,152,5,True
3212,4179,2,2023-10-10T11:15:00,33,Inbound,Demo,Completed,8,0.42,118,24,False
3213,417,10,2024-02-15T09:45:00,52,Inbound,QBR,Completed,6,0.7,294,8,False
3214,1192,4,2024-12-12T11:15:00,17,Inbound,QBR,Completed,8,0.63,185,11,False
3215,2896,5,2023-08-08T12:00:00,0,Inbound,Follow-Up,No Show,1,,,0,False
3216,1647,8,2024-02-04T11:30:00,45,Outbound,Discovery,Completed,6,0.62,122,16,False
3217,1620,16,2024-09-29T14:00:00,51,Inbound,Technical Deep Dive,Completed,4,0.66,210,8,False
3218,2581,1,2024-11-13T11:45:00,17,Outbound,QBR,Rescheduled,1,,,0,False
3219,4117,5,2023-10-31T14:00:00,15,Inbound,Negotiation,Completed,2,0.63,84,20,False
3220,2581,1,2024-11-30T11:45:00,1,Outbound,Discovery,Voicemail,1,,,0,False
3221,2460,8,2022-10-10T11:30:00,3,Outbound,Follow-Up,Voicemail,1,,,0,False
3222,1474,6,2023-10-15T13:00:00,19,Outbound,Demo,Rescheduled,1,,,0,False
3223,2667,3,2023-02-04T15:45:00,34,Inbound,Follow-Up,Completed,4,0.47,134,6,True
3224,4997,7,2024-12-14T13:00:00,29,Outbound,Negotiation,Completed,3,0.4,105,19,True
3225,3751,6,2024-07-20T09:00:00,47,Inbound,Follow-Up,Completed,6,0.63,220,14,False
3226,1327,6,2021-11-20T10:00:00,22,Outbound,Technical Deep Dive,Completed,2,0.64,128,17,False
3227,3510,8,2024-12-02T14:15:00,45,Outbound,QBR,Rescheduled,1,,,0,False
3228,2021,16,2024-12-14T12:45:00,59,Outbound,Check-In,Completed,8,0.71,176,5,True
3229,1281,6,2024-10-29T11:45:00,55,Outbound,Follow-Up,Completed,3,0.68,94,15,False
3230,1514,15,2024-03-31T13:15:00,33,Outbound,Demo,Completed,5,0.55,38,15,False
3231,3861,1,2022-03-30T12:30:00,0,Inbound,QBR,No Show,1,,,0,False
3232,3090,2,2023-03-29T11:45:00,,Inbound,Check-In,Completed,5,0.59,271,18,False
3233,4943,6,2024-11-23T13:45:00,2,Inbound,Negotiation,Voicemail,1,,,0,False
3234,3629,9,2024-07-14T09:30:00,0,Outbound,Discovery,No Show,1,,,0,False
3235,3663,12,2023-03-14T13:30:00,31,Outbound,Check-In,Completed,5,0.62,207,17,False
3236,3974,1,2024-08-30T15:15:00,16,Inbound,Discovery,Completed,3,0.42,159,9,True
3237,1330,15,2024-10-03T12:45:00,32,Outbound,Follow-Up,Completed,7,0.71,84,14,False
3238,66,16,2024-11-04T13:45:00,59,Inbound,Demo,Completed,4,0.71,218,11,True
3239,2627,14,2024-07-14T13:15:00,0,Outbound,Negotiation,No Show,1,,,0,False
3240,1919,6,2022-09-27T12:00:00,55,Outbound,Negotiation,Completed,2,0.61,228,9,False
3241,84,6,2022-02-21T10:30:00,42,Inbound,Demo,Rescheduled,1,,,0,False
3242,3928,9,2024-05-11T12:00:00,50,Inbound,Check-In,Completed,7,0.49,35,15,True
3243,2343,4,2022-11-28T11:15:00,38,Outbound,Discovery,Completed,2,0.36,85,16,True
3244,4710,1,2024-03-14T14:30:00,48,Outbound,Technical Deep Dive,Completed,4,0.58,55,6,False
3245,3489,7,2024-12-01T11:45:00,26,Outbound,Negotiation,Completed,6,0.41,61,5,True
3246,1648,12,2022-03-30T12:45:00,27,Inbound,QBR,Completed,5,0.67,80,4,False
3247,3027,14,2022-03-06T11:00:00,0,Outbound,QBR,No Show,1,,,0,False
3248,1384,13,2023-05-06T11:45:00,26,Inbound,Check-In,Completed,8,0.63,263,3,True
3249,3816,8,2030-06-15T10:00:00,50,Outbound,Follow-Up,Rescheduled,1,,,0,False
3250,112,15,2024-12-12T12:30:00,30,Outbound,Technical Deep Dive,Completed,6,0.57,84,16,True
3251,1989,2,2024-12-08T13:45:00,32,Inbound,Demo,Completed,5,0.29,115,24,True
3252,4298,13,2024-11-02T15:30:00,17,Outbound,Follow-Up,Completed,7,0.64,143,9,False
3253,4037,7,2021-10-25T12:45:00,25,Outbound,Discovery,Completed,4,0.63,54,10,True
3254,1982,4,2024-12-02T09:45:00,39,Inbound,Discovery,Completed,2,0.35,223,20,True
3255,1154,15,2024-12-23T10:45:00,0,Outbound,Demo,No Show,1,,,0,False
3256,1621,16,2024-12-26T15:00:00,3,Outbound,Check-In,Voicemail,1,,,0,False
3257,2707,16,2024-11-02T11:30:00,31,Outbound,Follow-Up,Completed,6,0.57,213,15,True
3258,3507,7,2023-06-02T11:45:00,39,Inbound,Check-In,Completed,8,0.68,162,4,False
3259,4313,4,2024-05-08T13:45:00,16,Inbound,Negotiation,Completed,8,0.56,249,14,False
3260,4724,7,2030-06-15T10:00:00,27,Outbound,Negotiation,Completed,3,0.52,196,13,True
3261,2008,11,2021-11-24T11:30:00,31,Outbound,QBR,Completed,3,0.67,198,10,True
3262,4254,2,2024-04-07T10:00:00,24,Outbound,Negotiation,Completed,7,0.45,211,7,True
3263,78,16,2024-05-28T12:15:00,0,Inbound,QBR,No Show,1,,,0,False
3264,1938,6,2024-08-19T15:45:00,35,Inbound,Negotiation,Completed,2,0.51,138,3,False
3265,3596,11,2024-06-30T16:15:00,0,Outbound,Discovery,No Show,1,,,0,False
3266,4338,7,2024-06-29T09:30:00,15,Outbound,Discovery,Completed,3,0.51,138,4,False
3267,1793,3,2030-06-15T10:00:00,0,Outbound,Check-In,No Show,1,,,0,False
3268,2139,10,2023-05-23T14:00:00,33,Inbound,QBR,Completed,4,0.85,38,1,False
3269,4442,12,2024-12-02T17:45:00,0,Outbound,Technical Deep Dive,No Show,1,,,0,False
3270,1389,16,2023-11-12T13:15:00,30,Inbound,Technical Deep Dive,Completed,3,0.55,127,14,False
3271,115,13,2024-07-06T12:00:00,16,Inbound,Technical Deep Dive,Completed,6,0.48,136,5,True
3272,1507,3,2023-04-24T14:15:00,34,Outbound,Technical Deep Dive,Completed,7,0.54,71,4,True
3273,1687,16,2024-10-11T16:00:00,0,Inbound,Check-In,No Show,1,,,0,False
3274,339,9,2024-12-02T12:00:00,52,Outbound,Negotiation,Completed,5,0.46,223,13,True
3275,3473,13,2024-01-07T13:30:00,41,Outbound,Demo,Completed,7,0.78,179,11,True
3276,214,10,2024-08-04T12:45:00,19,Outbound,Demo,Completed,8,0.57,154,11,False
3277,3311,15,2024-12-06T15:45:00,3,Outbound,QBR,Voicemail,1,,,0,False
3278,4272,6,2022-07-07T11:45:00,1,Outbound,Follow-Up,Voicemail,1,,,0,False
3279,4169,4,2022-06-07T14:15:00,45,Outbound,Negotiation,Rescheduled,1,,,0,False
3280,302,4,2021-08-27T12:30:00,,Outbound,Technical Deep Dive,Rescheduled,1,,,0,False
3281,2661,12,2024-03-04T16:30:00,21,Outbound,Demo,Completed,7,0.58,58,7,False
3282,476,12,2023-03-17T12:00:00,45,Inbound,Demo,Completed,2,0.44,68,15,True
3283,1083,10,2023-06-23T10:00:00,28,Outbound,Discovery,Completed,2,0.55,132,16,False
3284,2048,16,2024-11-23T12:45:00,47,Outbound,Check-In,Completed,8,0.68,113,12,False
3285,2991,3,2024-09-25T09:45:00,20,Outbound,Follow-Up,Completed,2,0.39,150,16,False
3286,1186,2,2024-12-16T15:00:00,49,Inbound,Follow-Up,Completed,8,0.79,51,3,False
3287,215,4,2024-05-28T10:30:00,46,Inbound,Check-In,Rescheduled,1,,,0,False
3288,2914,7,2022-03-03T16:15:00,30,Outbound,Negotiation,Completed,5,0.61,68,9,False
3289,3105,9,2023-04-13T13:00:00,0,Inbound,Discovery,No Show,1,,,0,False
3290,904,2,2020-06-24T10:00:00,0,Outbound,QBR,No Show,1,,,0,False
3291,3373,8,2022-11-26T08:15:00,22,Outbound,Check-In,Completed,7,0.52,77,15,False
3292,428,10,2024-11-04T13:15:00,-25,Outbound,Check-In,Completed,3,0.6,51,6,False
3293,4813,16,2024-12-26T13:15:00,1,Outbound,Negotiation,Voicemail,1,,,0,False
3294,4213,14,2023-07-27T10:00:00,60,Outbound,QBR,Rescheduled,1,,,0,False
3295,1909,11,2022-04-29T13:30:00,43,Outbound,Demo,Rescheduled,1,,,0,False
3296,187,9,2024-09-28T12:00:00,1,Outbound,Technical Deep Dive,Voicemail,1,,,0,False
3297,1421,16,2024-04-29T15:45:00,-48,Outbound,Follow-Up,Completed,2,0.7,208,10,True
3298,532,2,2023-12-27T15:45:00,,Outbound,Negotiation,Completed,8,0.27,98,30,True
3299,2535,14,2024-06-14T13:30:00,34,Outbound,Demo,Completed,2,0.7,236,11,False
3300,4776,16,2024-12-06T10:00:00,21,Inbound,Discovery,Rescheduled,1,,,0,False
3301,3931,10,2030-06-15T10:00:00,21,Inbound,QBR,Completed,8,0.45,85,14,True
3302,4295,5,2022-09-02T17:00:00,42,Inbound,Discovery,Completed,5,0.4,58,13,True
3303,1158,14,2024-07-05T14:00:00,,Outbound,Discovery,Completed,2,0.84,38,9,False
3304,2277,13,2024-02-08T12:30:00,53,Outbound,Follow-Up,Completed,8,0.56,227,2,True
3305,3738,3,2024-08-18T15:30:00,49,Inbound,Demo,Completed,7,0.57,153,7,False
3306,4773,5,2024-12-08T11:00:00,16,Outbound,Discovery,Completed,3,0.48,170,18,True
3307,3491,4,2021-06-01T15:00:00,0,Inbound,Technical Deep Dive,No Show,1,,,0,False
3308,1306,12,2024-09-05T11:30:00,41,Outbound,Discovery,Completed,6,0.49,38,13,False
3309,74,12,2024-10-11T16:00:00,37,Inbound,QBR,Rescheduled,1,,,0,False
3310,1778,15,2024-03-18T14:15:00,53,Outbound,Follow-Up,Completed,3,1.41,238,4,False
3311,4464,12,2024-10-13T10:45:00,47,Inbound,Negotiation,Completed,3,0.59,74,6,True
3312,4227,9,2024-08-04T12:45:00,50,Outbound,Technical Deep Dive,Completed,4,0.49,78,15,False
3313,4631,4,2021-07-12T16:30:00,22,Outbound,Negotiation,Completed,3,0.7,38,11,False
3314,465,10,2024-12-03T12:30:00,,Inbound,Check-In,No Show,1,,,0,False
3315,662,3,2024-05-31T11:15:00,21,Outbound,Discovery,Completed,2,0.48,161,22,True
3316,3484,11,2023-05-26T12:15:00,20,Outbound,Follow-Up,Completed,5,0.67,190,5,False
3317,4599,16,2021-05-28T17:30:00,0,Outbound,Discovery,No Show,1,,,0,False
3318,911,8,2024-07-16T14:30:00,49,Inbound,Technical Deep Dive,Completed,5,0.66,80,5,False
3319,1129,4,2023-10-08T13:15:00,16,Inbound,QBR,Rescheduled,1,,,0,False
3320,4747,2,2024-05-14T13:45:00,60,Outbound,Technical Deep Dive,Completed,2,0.48,145,19,False
3321,4619,11,2024-12-03T11:00:00,50,Outbound,Negotiation,Completed,5,0.64,146,12,False
3322,88,15,2024-08-19T12:30:00,56,Outbound,Negotiation,Completed,5,0.72,98,9,False
3323,3842,16,2024-12-04T14:45:00,37,Outbound,Discovery,Completed,7,0.44,150,4,True
3324,2969,6,2024-05-08T09:45:00,48,Inbound,Check-In,Completed,6,0.46,208,12,True
3325,3606,5,2024-01-25T15:00:00,1,Outbound,Discovery,Voicemail,1,,,0,False
3326,2753,4,2021-03-16T15:15:00,15,Outbound,Demo,Completed,3,0.61,49,7,False
3327,4842,3,2023-11-16T13:45:00,49,Outbound,Follow-Up,Completed,4,0.42,39,15,True
3328,2756,5,2021-06-04T12:15:00,20,Outbound,Discovery,Completed,8,0.68,111,2,False
3329,3444,7,2024-12-09T11:30:00,52,Outbound,Demo,Completed,7,0.48,102,9,True
3330,4052,1,2024-11-06T14:30:00,39,Outbound,Negotiation,Completed,4,0.44,193,21,True
3331,1037,2,2024-12-14T15:15:00,58,Outbound,Demo,Completed,3,0.26,118,30,True
3332,3933,7,2023-03-16T10:15:00,16,Inbound,Check-In,Completed,5,0.65,197,15,True
3333,2493,12,2024-10-26T15:15:00,41,Outbound,Technical Deep Dive,Completed,7,0.57,95,9,True
3334,2171,9,2024-12-03T15:45:00,24,Outbound,Negotiation,Completed,2,0.59,170,8,True
3335,2120,11,2024-03-11T12:45:00,34,Outbound,Negotiation,Completed,6,0.63,152,5,False
3336,4303,12,2024-11-26T10:00:00,48,Inbound,Negotiation,Completed,5,0.39,216,16,False
3337,4332,15,2024-03-07T15:45:00,0,Outbound,Follow-Up,No Show,1,,,0,False
3338,4561,5,2024-12-03T17:45:00,57,Outbound,Negotiation,Completed,2,0.68,166,8,True
3339,3837,6,2024-08-08T09:15:00,42,Outbound,Technical Deep Dive,Completed,5,0.58,214,18,False
3340,2878,12,2021-03-08T10:00:00,43,Outbound,Follow-Up,Completed,6,0.45,47,8,False
3341,4619,11,2024-12-19T13:00:00,59,Outbound,Discovery,Completed,5,0.77,121,3,True
3342,2874,13,2023-10-12T16:15:00,30,Outbound,Negotiation,Completed,3,0.73,119,5,False
3343,2257,14,2024-12-07T11:15:00,16,Outbound,QBR,Completed,3,0.52,119,9,False
3344,2366,10,2022-04-20T15:00:00,0,Outbound,Negotiation,No Show,1,,,0,False
3345,2490,12,2024-07-05T10:15:00,57,Outbound,Negotiation,Completed,3,0.64,188,6,True
3346,4287,3,2023-10-14T12:30:00,21,Outbound,Discovery,Completed,8,0.53,235,7,False
3347,3634,16,2024-12-25T10:00:00,36,Outbound,Technical Deep Dive,Completed,5,0.75,236,4,False
3348,3748,11,2022-12-04T10:45:00,41,Outbound,Follow-Up,Completed,7,0.4,114,8,True
3349,2348,9,2022-03-07T12:00:00,16,Outbound,QBR,Completed,8,0.59,130,4,True
3350,740,2,2024-02-19T15:00:00,25,Inbound,Negotiation,Completed,8,0.37,126,18,True
3351,4259,3,2024-04-23T14:15:00,17,Outbound,Follow-Up,Completed,7,0.53,39,9,True
3352,1999,16,2024-12-25T15:45:00,34,Outbound,Negotiation,Completed,2,0.62,155,14,True
3353,1427,14,2024-11-09T10:30:00,53,Outbound,Demo,Completed,7,0.57,165,15,True
3354,2220,11,2024-04-07T16:15:00,20,Outbound,Discovery,Completed,8,0.73,130,7,False
3355,304,14,2023-07-15T17:30:00,44,Outbound,QBR,Completed,2,0.78,228,9,True
3356,183,9,2023-06-04T11:30:00,47,Inbound,Negotiation,Completed,5,0.81,145,11,False
3357,1593,5,2024-04-19T17:45:00,-48,Inbound,Follow-Up,Completed,3,0.55,126,3,True
3358,28,16,2024-11-02T13:30:00,40,Outbound,QBR,Rescheduled,1,,,0,False
3359,4209,8,2024-11-17T12:45:00,16,Outbound,Follow-Up,Rescheduled,1,,,0,False
3360,3388,11,2021-02-19T16:00:00,18,Outbound,Discovery,Completed,3,0.62,216,5,False
3361,437,12,2021-06-25T13:00:00,28,Outbound,Negotiation,Completed,6,0.56,124,6,True
3362,2584,16,2024-12-17T11:15:00,34,Inbound,Technical Deep Dive,Completed,6,0.6,197,6,False
3363,3012,11,2023-03-09T15:00:00,38,Inbound,Technical Deep Dive,Rescheduled,1,,,0,False
3364,2534,15,2024-08-01T10:15:00,20,Outbound,Technical Deep Dive,Completed,8,0.37,116,14,True
3365,3686,5,2021-11-04T14:15:00,-35,Outbound,Demo,Rescheduled,1,,,0,False
3366,1511,16,2024-08-30T12:00:00,30,Outbound,Discovery,Completed,7,0.57,69,8,False
3367,4589,16,2024-11-27T13:00:00,29,Outbound,Technical Deep Dive,Rescheduled,1,,,0,False
3368,3254,8,2024-12-14T16:00:00,31,Outbound,Technical Deep Dive,Completed,6,1.44,219,15,False
3369,4372,2,2024-12-16T11:30:00,60,Outbound,Check-In,Rescheduled,1,,,0,False
3370,3107,16,2024-11-07T11:15:00,31,Outbound,Check-In,Completed,6,1.34,199,12,False
3371,2821,9,2024-12-30T16:15:00,49,Outbound,Negotiation,Completed,6,0.46,215,9,True
3372,4936,13,2022-06-10T14:00:00,37,Inbound,QBR,Completed,3,0.56,140,2,True
3373,494,5,2022-10-16T10:15:00,26,Outbound,Technical Deep Dive,Completed,6,0.72,176,15,False
3374,2896,5,2023-08-23T10:00:00,18,Inbound,Check-In,Completed,3,0.57,80,12,False
3375,3104,11,2024-12-30T09:45:00,15,Inbound,QBR,Completed,3,0.49,126,13,True
3376,3574,13,2024-06-09T09:45:00,25,Outbound,Follow-Up,Completed,7,0.59,242,4,False
3377,2082,2,2024-12-29T11:15:00,16,Outbound,Demo,Completed,4,0.42,72,19,False
3378,1754,1,2024-10-17T08:45:00,47,Outbound,Technical Deep Dive,Completed,8,0.63,97,8,True
3379,3762,2,2024-02-29T13:45:00,49,Outbound,Negotiation,Rescheduled,1,,,0,False
3380,3347,2,2024-01-23T13:30:00,47,Outbound,Negotiation,Completed,2,0.49,126,24,False
3381,3692,2,2024-12-31T15:15:00,51,Outbound,Discovery,Completed,8,0.46,83,14,False
3382,3571,14,2021-12-16T16:30:00,21,Inbound,Technical Deep Dive,Completed,3,0.67,218,13,False
3383,1499,12,2024-10-12T12:45:00,54,Outbound,QBR,Completed,6,0.38,179,15,True
3384,1240,13,2024-04-09T11:00:00,42,Inbound,Discovery,Completed,3,0.59,260,6,False
3385,3099,9,2024-12-13T11:15:00,48,Outbound,Check-In,Completed,5,0.45,98,4,True
3386,853,9,2023-04-24T13:45:00,31,Outbound,Negotiation,Completed,8,0.5,59,8,True
3387,1538,13,2024-01-02T09:15:00,,Outbound,Follow-Up,Completed,6,0.72,186,7,False
3388,1931,1,2022-01-06T11:45:00,,Outbound,Follow-Up,Completed,3,0.56,65,22,True
3389,4654,3,2024-06-22T09:00:00,27,Inbound,Technical Deep Dive,Completed,4,0.48,92,9,True
3390,165,16,2024-10-22T15:15:00,34,Outbound,Follow-Up,Completed,3,0.43,55,5,False
3391,3109,6,2024-09-01T10:30:00,0,Outbound,QBR,No Show,1,,,0,False
3392,1648,12,2022-06-11T13:45:00,18,Inbound,Demo,Completed,3,0.66,126,9,True
3393,1150,2,2023-04-01T15:30:00,0,Outbound,Technical Deep Dive,No Show,1,,,0,False
3394,4663,16,2024-12-17T12:15:00,42,Inbound,Discovery,Completed,4,0.42,74,6,False
3395,221,12,2023-01-06T11:45:00,55,Inbound,Follow-Up,Completed,7,0.4,149,16,False
3396,3025,13,2022-07-06T13:00:00,38,Outbound,Check-In,Completed,6,0.48,80,5,False
3397,2201,12,2024-12-25T14:15:00,0,Inbound,Check-In,No Show,1,,,0,False
3398,1177,13,2023-10-07T16:00:00,3,Outbound,Follow-Up,Voicemail,1,,,0,False
3399,1481,13,2023-10-16T15:30:00,30,Outbound,Discovery,Completed,4,0.64,33,2,False
3400,3085,5,2024-12-04T11:00:00,59,Outbound,Demo,Rescheduled,1,,,0,False
3401,4248,9,2024-05-20T09:15:00,60,Inbound,Demo,Completed,7,0.62,78,6,False
3402,85,5,2022-02-25T16:30:00,20,Outbound,Follow-Up,Completed,8,0.54,76,5,True
3403,177,3,2024-11-09T12:30:00,16,Outbound,Technical Deep Dive,Completed,6,0.78,142,16,False
3404,1655,6,2023-03-07T14:30:00,-35,Inbound,Check-In,Completed,3,1.12,63,9,False
3405,492,1,2023-04-07T16:15:00,44,Inbound,Discovery,Completed,6,1.21,108,20,True
3406,2678,15,2024-12-16T13:30:00,25,Inbound,Discovery,Completed,2,0.74,284,6,False
3407,2391,5,2024-02-09T11:15:00,58,Inbound,Check-In,Rescheduled,1,,,0,False
3408,4673,14,2024-07-26T15:45:00,16,Inbound,Check-In,Completed,3,0.75,53,9,False
3409,802,16,2023-10-09T15:45:00,18,Outbound,QBR,Completed,7,0.72,278,6,True
3410,1491,9,2024-12-27T11:15:00,1,Inbound,Check-In,Voicemail,1,,,0,False
3411,3989,11,2022-05-16T16:45:00,29,Outbound,Demo,Completed,4,0.55,137,3,True
3412,2858,16,2024-04-18T09:00:00,38,Outbound,Discovery,Completed,4,0.44,192,8,False
3413,1422,16,2024-12-25T16:15:00,2,Inbound,Check-In,Voicemail,1,,,0,False
3414,1014,13,2023-10-20T13:00:00,51,Outbound,QBR,Completed,4,0.68,120,4,False
3415,1086,15,2024-06-28T11:30:00,0,Outbound,Discovery,No Show,1,,,0,False
3416,1233,10,2022-11-13T17:00:00,35,Outbound,Technical Deep Dive,Completed,7,0.77,33,13,True
3417,3984,13,2030-06-15T10:00:00,41,Outbound,Discovery,Completed,6,0.76,120,2,True
3418,4404,6,2024-09-25T12:15:00,52,Outbound,Follow-Up,Completed,2,0.41,117,7,False
3419,508,9,2022-02-05T14:45:00,18,Outbound,Negotiation,Completed,5,0.7,61,12,True
3420,1001,4,2024-12-03T12:15:00,46,Outbound,Technical Deep Dive,Completed,2,0.71,262,12,False
3421,405,14,2024-01-31T11:00:00,38,Outbound,Check-In,Completed,4,0.46,74,4,False
3422,3527,5,2023-10-01T11:00:00,0,Outbound,Demo,No Show,1,,,0,False
3423,2378,6,2021-08-10T13:00:00,20,Outbound,Demo,Completed,5,0.54,211,14,False
3424,375,6,2023-01-25T13:15:00,15,Outbound,Follow-Up,Completed,8,0.42,131,10,True
3425,3371,7,2021-05-24T15:30:00,,Outbound,Follow-Up,Completed,7,1.26,140,12,False
3426,3817,7,2021-12-04T10:30:00,24,Outbound,Demo,Completed,8,0.68,113,16,False
3427,3348,13,2024-12-15T13:30:00,19,Outbound,Follow-Up,Rescheduled,1,,,0,False
3428,712,9,2023-02-17T14:30:00,2,Outbound,Demo,Voicemail,1,,,0,False
3429,2139,10,2023-07-06T13:00:00,,Outbound,Demo,Completed,3,0.68,197,10,False
3430,3461,12,2021-06-02T12:45:00,26,Outbound,Demo,Rescheduled,1,,,0,False
3431,2135,4,2024-12-01T13:45:00,0,Outbound,QBR,No Show,1,,,0,False
3432,3945,10,2023-02-11T14:00:00,59,Outbound,Check-In,Rescheduled,1,,,0,False
3433,3293,2,2024-12-08T14:30:00,40,Outbound,Negotiation,Completed,3,0.52,204,19,False
3434,4859,9,2024-12-07T13:45:00,35,Outbound,Negotiation,Completed,3,0.58,148,11,True
3435,2278,9,2030-06-15T10:00:00,15,Inbound,Follow-Up,Completed,6,0.57,98,7,True
3436,853,9,2023-05-05T09:15:00,45,Outbound,Discovery,Completed,8,0.41,51,15,True
3437,3224,13,2024-12-17T14:30:00,0,Outbound,Negotiation,No Show,1,,,0,False
3438,2846,15,2024-12-14T10:30:00,17,Inbound,Check-In,Completed,3,0.55,98,6,False
3439,1642,13,2024-04-29T12:45:00,22,Outbound,Technical Deep Dive,Completed,5,0.82,292,9,False
3440,352,16,2024-11-03T08:00:00,31,Outbound,Check-In,Completed,5,0.74,236,12,True
3441,2275,8,2023-04-22T15:30:00,2,Outbound,Technical Deep Dive,Voicemail,1,,,0,False
3442,4198,14,2023-09-24T13:15:00,0,Outbound,Check-In,No Show,1,,,0,False
3443,1427,14,2024-10-13T13:45:00,20,Inbound,Check-In,Rescheduled,1,,,0,False
3444,3886,14,2023-09-16T16:30:00,29,Inbound,Follow-Up,Completed,4,0.92,243,2,False
3445,3843,1,2024-12-12T14:00:00,36,Outbound,QBR,Completed,3,0.64,84,22,True
3446,2593,6,2024-12-06T16:30:00,21,Outbound,Technical Deep Dive,Completed,7,0.35,143,7,True
3447,458,8,2023-11-06T16:30:00,0,Inbound,Discovery,No Show,1,,,0,False
3448,3572,6,2024-11-15T14:15:00,22,Inbound,Discovery,Completed,4,0.46,83,18,True
3449,3278,16,2024-12-13T08:30:00,40,Outbound,Follow-Up,Completed,2,0.63,141,5,False
3450,1446,13,2022-11-18T09:45:00,0,Inbound,Follow-Up,No Show,1,,,0,False
3451,3487,12,2024-05-20T10:15:00,0,Outbound,Check-In,No Show,1,,,0,False
3452,28,16,2030-06-15T10:00:00,60,Outbound,Follow-Up,Completed,3,0.71,51,12,True
3453,495,7,2024-10-20T16:30:00,32,Outbound,Follow-Up,Completed,7,0.36,71,12,False
3454,1197,4,2021-08-25T09:30:00,19,Inbound,QBR,Completed,5,0.56,233,20,False
3455,4938,3,2024-11-03T12:00:00,39,Inbound,Demo,Completed,2,0.79,216,10,True
3456,365,13,2024-04-03T13:00:00,23,Inbound,Check-In,Rescheduled,1,,,0,False
3457,746,11,2023-07-12T12:00:00,0,Inbound,Check-In,No Show,1,,,0,False
3458,719,16,2024-12-18T13:30:00,,Outbound,Technical Deep Dive,Completed,7,0.52,73,10,False
3459,176,13,2024-12-21T15:30:00,51,Outbound,Check-In,Completed,7,0.77,126,8,False
3460,4521,7,2023-03-23T11:15:00,40,Inbound,Check-In,Completed,4,0.53,43,15,False
3461,771,2,2022-01-13T09:30:00,28,Outbound,Check-In,Completed,6,0.55,145,9,True
3462,24,12,2022-09-12T09:00:00,44,Outbound,Negotiation,Completed,2,0.45,147,12,True
3463,4150,3,2024-12-06T11:45:00,29,Outbound,Check-In,Completed,6,0.32,165,18,True
3464,3533,13,2024-09-23T08:15:00,57,Outbound,Check-In,Completed,3,0.63,142,6,False
3465,1340,4,2021-01-31T08:45:00,60,Inbound,Check-In,Completed,5,0.37,161,5,False
3466,610,7,2023-11-05T13:30:00,45,Outbound,Follow-Up,Completed,8,1.35,124,10,True
3467,1652,4,2024-09-26T09:00:00,23,Outbound,Follow-Up,Completed,6,0.64,54,11,True
3468,225,15,2030-06-15T10:00:00,0,Outbound,Discovery,No Show,1,,,0,False
3469,4256,4,2024-12-29T14:00:00,39,Inbound,QBR,Completed,8,0.53,189,12,True
3470,548,7,2023-07-25T13:45:00,32,Outbound,Follow-Up,Completed,7,0.46,75,19,True
3471,4557,4,2024-09-03T15:45:00,40,Outbound,Follow-Up,Completed,3,0.35,227,13,True
3472,3785,6,2022-08-11T13:45:00,21,Inbound,Technical Deep Dive,Completed,3,0.47,146,18,True
3473,3421,7,2022-09-07T09:30:00,38,Outbound,QBR,Completed,4,0.6,173,10,True
3474,3696,3,2024-12-25T11:30:00,27,Outbound,Demo,Completed,7,0.63,64,19,False
3475,2875,1,2023-06-09T08:30:00,0,Outbound,QBR,No Show,1,,,0,False
3476,1661,13,2024-10-16T10:15:00,42,Inbound,Technical Deep Dive,Completed,7,0.91,75,3,False
3477,2175,1,2022-07-20T10:00:00,-26,Outbound,Follow-Up,Completed,5,0.66,99,13,False
3478,2920,2,2024-05-04T15:00:00,33,Outbound,Discovery,Completed,7,0.66,279,4,False
3479,467,10,2023-02-28T14:45:00,27,Outbound,Follow-Up,Completed,2,0.42,233,5,False
3480,11,2,2024-03-19T12:30:00,32,Outbound,Follow-Up,Completed,3,0.62,135,4,False
3481,4225,16,2022-10-15T13:30:00,49,Outbound,Technical Deep Dive,Completed,2,0.56,128,9,False
3482,4580,9,2022-04-20T16:00:00,37,Outbound,Check-In,Rescheduled,1,,,0,False
3483,3851,12,2020-09-16T11:30:00,0,Inbound,Negotiation,No Show,1,,,0,False
3484,3985,3,2023-10-09T12:15:00,52,Outbound,Technical Deep Dive,Completed,4,0.63,220,4,True
3485,3643,4,2023-08-19T14:00:00,60,Inbound,Negotiation,Completed,2,0.51,221,16,True
3486,14,4,2024-12-10T11:15:00,-56,Outbound,Negotiation,Rescheduled,1,,,0,False
3487,2256,1,2022-09-14T10:00:00,16,Outbound,Check-In,Completed,5,0.41,64,16,False
3488,3370,6,2022-09-03T16:00:00,29,Outbound,Negotiation,Completed,7,0.49,62,16,True
3489,3296,8,2024-12-04T15:45:00,0,Inbound,Negotiation,No Show,1,,,0,False
3490,2997,9,2024-12-19T10:45:00,24,Inbound,Follow-Up,Completed,6,0.43,206,9,True
3491,1991,11,2024-05-27T16:15:00,1,Outbound,Negotiation,Voicemail,1,,,0,False
3492,4724,7,2024-10-05T15:00:00,18,Outbound,Check-In,Rescheduled,1,,,0,False
3493,4456,15,2024-12-24T09:15:00,53,Inbound,Demo,Completed,6,0.69,169,1,False
3494,4594,10,2024-03-04T14:30:00,25,Inbound,Check-In,Completed,3,0.65,38,12,True
3495,1430,5,2030-06-15T10:00:00,47,Outbound,Technical Deep Dive,Completed,2,0.45,68,17,True
3496,739,14,2024-12-13T16:15:00,58,Outbound,Technical Deep Dive,Completed,7,0.66,181,9,False
3497,449,6,2024-02-05T14:15:00,39,Inbound,Discovery,Rescheduled,1,,,0,False
3498,2801,13,2024-12-05T15:45:00,0,Outbound,QBR,No Show,1,,,0,False
3499,357,5,2024-02-15T16:00:00,37,Outbound,Follow-Up,Completed,3,0.63,211,6,False
3500,3273,3,2024-12-01T14:15:00,50,Outbound,Follow-Up,Completed,3,0.32,206,8,False
3501,1487,14,2023-08-23T09:15:00,0,Outbound,Technical Deep Dive,No Show,1,,,0,False
3502,3042,5,2024-06-17T09:30:00,0,Outbound,QBR,No Show,1,,,0,False
3503,1349,7,2024-04-10T10:15:00,0,Outbound,QBR,No Show,1,,,0,False
3504,1581,2,2023-01-31T11:00:00,,Outbound,QBR,Completed,2,0.41,88,24,False
3505,4547,16,2024-10-27T09:30:00,0,Inbound,QBR,No Show,1,,,0,False
3506,3121,14,2024-07-07T16:30:00,52,Outbound,Discovery,Completed,6,0.55,36,7,False
3507,711,9,2030-06-15T10:00:00,41,Outbound,Demo,Rescheduled,1,,,0,False
3508,4612,3,2021-10-16T11:15:00,29,Outbound,Check-In,Completed,2,0.4,39,16,True
3509,2689,13,2024-12-02T12:30:00,26,Outbound,Check-In,Completed,3,0.66,121,11,True
3510,713,12,2022-03-17T12:00:00,59,Inbound,Check-In,Rescheduled,1,,,0,False
3511,389,16,2024-10-19T13:30:00,18,Outbound,Follow-Up,Completed,8,0.47,236,6,False
3512,3704,8,2024-12-31T11:00:00,40,Outbound,Check-In,Completed,2,0.4,145,12,False
3513,868,10,2021-01-31T11:15:00,60,Inbound,Demo,Completed,5,0.41,93,3,True
3514,881,11,2021-02-27T12:00:00,36,Outbound,QBR,Completed,6,0.56,93,5,False
3515,4851,10,2023-07-04T09:30:00,49,Inbound,Negotiation,Completed,7,0.49,97,15,False
3516,4728,12,2024-10-15T14:45:00,0,Outbound,Negotiation,No Show,1,,,0,False
3517,1533,5,2024-03-23T14:00:00,0,Inbound,Follow-Up,No Show,1,,,0,False
3518,4319,1,2021-10-27T10:00:00,36,Outbound,Demo,Completed,7,0.49,69,7,False
3519,716,6,2024-08-08T09:00:00,50,Inbound,Demo,Completed,4,0.45,80,18,True
3520,1408,7,2021-03-31T09:15:00,31,Outbound,Technical Deep Dive,Completed,6,0.64,146,6,True
3521,56,6,2024-07-24T13:45:00,17,Inbound,QBR,Completed,4,0.49,200,8,True
3522,212,5,2022-12-21T14:15:00,46,Outbound,Technical Deep Dive,Completed,4,0.45,217,8,True
3523,4726,2,2023-04-28T12:15:00,38,Inbound,Technical Deep Dive,Completed,6,0.78,95,10,True
3524,1738,4,2024-12-03T11:00:00,0,Inbound,Negotiation,No Show,1,,,0,False
3525,3966,4,2023-04-30T13:30:00,27,Outbound,Check-In,Completed,3,0.56,117,20,True
3526,1853,4,2024-12-02T11:45:00,52,Outbound,Demo,Completed,3,0.63,125,16,True
3527,4836,10,2024-09-25T10:15:00,0,Outbound,Check-In,No Show,1,,,0,False
3528,1230,7,2021-11-05T14:15:00,49,Inbound,Negotiation,Completed,7,0.77,245,14,False
3529,4214,15,2024-04-08T12:00:00,20,Outbound,Technical Deep Dive,Completed,6,0.68,297,8,False
3530,798,6,2022-03-29T12:15:00,44,Inbound,Technical Deep Dive,Completed,4,0.63,126,11,False
3531,256,5,2024-07-30T17:30:00,,Inbound,Negotiation,Rescheduled,1,,,0,False
3532,422,7,2023-05-30T09:15:00,33,Inbound,Demo,Completed,2,1.41,103,12,True
3533,2393,12,2030-06-15T10:00:00,2,Inbound,Follow-Up,Voicemail,1,,,0,False
3534,4947,1,2024-09-09T16:30:00,17,Outbound,Discovery,Rescheduled,1,,,0,False
3535,1022,6,2024-12-13T13:45:00,19,Outbound,QBR,Completed,6,0.66,226,15,True
3536,3837,6,2024-05-19T09:30:00,34,Inbound,Technical Deep Dive,Completed,4,0.47,181,10,True
3537,3536,2,2024-08-19T14:15:00,25,Outbound,Check-In,Completed,6,0.37,138,28,True
3538,3673,16,2024-12-07T13:15:00,,Inbound,Negotiation,Completed,8,0.5,132,8,True
3539,921,1,2024-12-04T11:30:00,0,Outbound,Discovery,No Show,1,,,0,False
3540,3263,5,2030-06-15T10:00:00,45,Inbound,Demo,Completed,4,0.4,98,18,False
3541,3358,12,2023-02-18T11:15:00,,Outbound,Check-In,Completed,5,0.43,52,9,True
3542,1149,10,2022-11-12T13:15:00,56,Inbound,Negotiation,Completed,4,0.72,191,9,False
3543,133,4,2030-06-15T10:00:00,43,Outbound,Demo,Completed,7,0.37,199,12,False
3544,1191,11,2024-04-03T14:30:00,-26,Outbound,Negotiation,Completed,7,0.66,95,6,True
3545,1323,11,2024-03-20T14:45:00,34,Outbound,QBR,Completed,8,0.4,120,18,False
3546,408,14,2024-12-05T10:15:00,3,Outbound,QBR,Voicemail,1,,,0,False
3547,1506,4,2024-10-30T10:15:00,29,Inbound,Discovery,Completed,8,0.66,78,16,False
3548,1211,9,2024-06-30T10:15:00,24,Outbound,Discovery,Completed,5,0.35,127,14,True
3549,256,5,2024-09-24T13:00:00,45,Inbound,Discovery,Completed,8,0.42,115,14,True
3550,4562,12,2021-08-15T12:15:00,23,Outbound,Check-In,Completed,6,0.48,163,15,False
3551,572,15,2024-09-28T10:00:00,26,Outbound,Technical Deep Dive,Completed,6,0.84,197,5,False
3552,3194,11,2024-10-05T15:30:00,23,Inbound,Demo,Completed,5,0.85,134,8,False
3553,1782,5,2024-01-13T11:45:00,51,Outbound,QBR,Completed,7,0.4,199,17,False
3554,4694,6,2022-01-08T11:15:00,23,Outbound,Discovery,Completed,3,0.35,143,10,True
3555,154,3,2022-05-21T13:30:00,50,Outbound,QBR,Completed,4,0.52,221,18,False
3556,984,15,2024-08-29T14:00:00,28,Outbound,QBR,Completed,8,0.69,164,4,False
3557,964,14,2024-05-24T10:15:00,,Outbound,Technical Deep Dive,Completed,4,0.84,120,2,False
3558,3098,4,2024-12-23T16:00:00,17,Inbound,Demo,Completed,5,0.65,53,9,False
3559,2796,11,2024-01-12T09:15:00,0,Outbound,Check-In,No Show,1,,,0,False
3560,1761,9,2022-02-17T12:30:00,59,Outbound,Technical Deep Dive,Completed,6,0.58,61,11,False
3561,3467,10,2023-12-20T13:45:00,22,Outbound,Demo,Completed,8,0.71,74,7,True
3562,1301,4,2023-08-11T12:30:00,23,Inbound,QBR,Completed,3,0.48,90,7,False
3563,1348,9,2022-10-11T16:45:00,35,Outbound,Demo,Completed,4,0.81,36,9,True
3564,394,13,2023-02-14T12:00:00,27,Outbound,Follow-Up,Completed,5,0.9,240,9,False
3565,2095,11,2024-12-18T11:00:00,0,Inbound,Technical Deep Dive,No Show,1,,,0,False
3566,4968,2,2023-01-03T11:30:00,60,Outbound,Negotiation,Completed,7,0.42,160,26,False
3567,3888,13,2024-11-10T13:30:00,49,Outbound,Demo,Completed,4,0.65,200,11,False
3568,1513,11,2022-04-26T12:00:00,-40,Inbound,Discovery,Completed,6,0.61,196,8,True
3569,3379,5,2022-12-22T10:15:00,52,Inbound,QBR,Completed,4,0.34,146,11,True
3570,2323,8,2023-12-09T13:15:00,31,Inbound,Demo,Completed,3,0.5,170,12,False
3571,3905,13,2023-08-04T11:15:00,52,Outbound,Technical Deep Dive,Completed,6,0.7,166,2,False
3572,4784,7,2022-07-16T15:45:00,16,Outbound,Follow-Up,Rescheduled,1,,,0,False
3573,2872,10,2024-09-28T14:15:00,0,Outbound,Technical Deep Dive,No Show,1,,,0,False
3574,4986,14,2024-12-08T12:30:00,34,Outbound,Check-In,Completed,4,0.51,75,7,True
3575,2858,16,2024-03-12T15:00:00,47,Outbound,Discovery,Completed,7,0.44,148,12,False
3576,2121,10,2024-12-05T14:30:00,42,Inbound,Demo,Completed,8,0.69,223,2,False
3577,3596,11,2024-05-24T11:00:00,45,Inbound,Demo,Completed,5,0.44,208,11,False
3578,473,2,2024-10-14T13:15:00,45,Outbound,Negotiation,Rescheduled,1,,,0,False
3579,614,5,2022-12-24T15:00:00,27,Inbound,Discovery,Rescheduled,1,,,0,False
3580,801,7,2024-12-07T15:30:00,20,Outbound,Negotiation,Completed,7,0.58,167,11,True
3581,2253,14,2024-07-04T10:45:00,21,Outbound,QBR,Completed,4,0.69,122,8,False
3582,1861,15,2024-12-02T12:30:00,17,Outbound,Discovery,Completed,8,0.55,187,5,False
3583,3294,6,2024-04-15T10:45:00,32,Inbound,Check-In,Completed,4,0.51,118,17,False
3584,4768,2,2024-04-01T16:45:00,26,Outbound,QBR,Completed,4,0.44,240,9,True
3585,4437,6,2024-05-29T15:45:00,32,Outbound,QBR,Completed,7,0.62,296,2,False
3586,882,15,2024-12-08T15:45:00,32,Inbound,Check-In,Rescheduled,1,,,0,False
3587,2924,11,2022-09-06T11:00:00,23,Inbound,Check-In,Completed,2,0.39,115,9,True
3588,4693,4,2024-04-02T13:00:00,28,Inbound,QBR,Completed,4,0.45,157,5,True
3589,3118,11,2024-01-27T17:00:00,3,Outbound,Check-In,Voicemail,1,,,0,False
3590,201,7,2023-10-06T14:00:00,39,Inbound,Check-In,Completed,3,0.36,107,9,False
3591,1519,4,2024-12-08T15:15:00,58,Outbound,Demo,Completed,7,0.46,65,13,False
3592,1372,3,2024-12-01T12:00:00,42,Outbound,Technical Deep Dive,Completed,5,0.41,104,26,True
3593,3281,15,2024-12-20T13:15:00,24,Outbound,Negotiation,Completed,2,0.5,138,4,True
3594,4217,4,2024-07-15T08:45:00,,Outbound,Follow-Up,Completed,4,0.45,223,9,True
3595,4110,3,2023-04-13T13:45:00,24,Outbound,QBR,Completed,3,0.59,111,22,True
3596,36,4,2022-02-11T15:30:00,57,Outbound,Negotiation,Completed,5,0.69,102,17,False
3597,4496,12,2024-11-05T10:15:00,16,Outbound,Check-In,Completed,3,0.55,232,14,False
3598,1597,8,2030-06-15T10:00:00,32,Inbound,Discovery,Completed,8,0.57,210,12,True
3599,2841,6,2024-05-09T15:30:00,22,Outbound,Discovery,Completed,3,0.51,54,2,True
3600,3321,15,2024-12-27T10:45:00,34,Outbound,Negotiation,Completed,8,0.69,115,11,False
3601,2827,12,2023-08-29T11:45:00,3,Outbound,Discovery,Voicemail,1,,,0,False
3602,3655,1,2030-06-15T10:00:00,17,Outbound,Discovery,Completed,6,0.49,132,4,True
3603,358,15,2022-07-04T11:00:00,0,Outbound,QBR,No Show,1,,,0,False
3604,417,10,2024-02-26T14:00:00,53,Outbound,Demo,Completed,3,0.55,84,2,False
3605,740,2,2024-04-21T16:30:00,2,Outbound,Negotiation,Voicemail,1,,,0,False
3606,1139,6,2024-06-03T11:00:00,38,Outbound,Check-In,Completed,5,0.67,35,18,False
3607,1912,13,2024-02-26T10:45:00,1,Outbound,Check-In,Voicemail,1,,,0,False
3608,3698,2,2024-10-20T16:30:00,59,Inbound,Technical Deep Dive,Rescheduled,1,,,0,False
3609,3639,16,2024-12-11T16:00:00,44,Inbound,Demo,Completed,8,0.45,225,8,False
3610,874,11,2023-09-16T09:00:00,0,Outbound,Technical Deep Dive,No Show,1,,,0,False
3611,4653,6,2023-09-27T14:30:00,38,Inbound,Technical Deep Dive,Rescheduled,1,,,0,False
3612,3984,13,2021-07-17T12:30:00,27,Outbound,Discovery,Completed,3,1.48,49,9,False
3613,4443,15,2030-06-15T10:00:00,18,Outbound,Negotiation,Completed,6,0.48,170,16,True
3614,2445,16,2023-12-18T14:15:00,0,Outbound,Technical Deep Dive,No Show,1,,,0,False
3615,1256,6,2024-05-22T15:45:00,17,Outbound,Check-In,Completed,2,0.73,59,12,False
3616,1474,6,2023-11-27T16:00:00,59,Outbound,Demo,Completed,2,0.74,288,13,False
3617,2028,3,2024-09-14T14:00:00,0,Inbound,Negotiation,No Show,1,,,0,False
3618,4238,10,2023-05-22T10:15:00,22,Outbound,Technical Deep Dive,Completed,3,0.67,125,5,False
3619,1221,9,2024-01-15T12:45:00,41,Inbound,Demo,Completed,8,0.55,65,21,True
3620,3503,14,2030-06-15T10:00:00,59,Outbound,Discovery,Completed,7,0.55,81,13,False
3621,94,15,2024-12-14T14:45:00,22,Outbound,Follow-Up,Completed,2,0.89,199,9,False
3622,2136,6,2021-08-30T10:45:00,57,Outbound,QBR,Completed,7,0.65,115,16,False
3623,891,12,2023-12-30T10:00:00,45,Outbound,Technical Deep Dive,Completed,2,0.52,44,12,False
3624,2390,6,2024-10-28T11:00:00,0,Inbound,Follow-Up,No Show,1,,,0,False
3625,4707,5,2023-04-20T09:30:00,16,Inbound,Technical Deep Dive,Rescheduled,1,,,0,False
3626,352,16,2024-12-23T10:00:00,0,Outbound,Demo,No Show,1,,,0,False
3627,4577,9,2024-12-01T16:15:00,60,Outbound,Discovery,Completed,3,0.42,82,7,True
3628,3827,9,2022-10-24T12:15:00,34,Outbound,QBR,Completed,5,0.5,156,10,True
3629,4442,12,2024-11-28T16:15:00,16,Outbound,Demo,Completed,5,0.6,293,5,False
3630,2644,15,2023-09-16T10:15:00,35,Outbound,Technical Deep Dive,Completed,2,0.87,116,6,True
3631,1330,9,2024-08-11T11:45:00,40,Outbound,Follow-Up,Completed,4,0.61,168,16,True
3632,4681,10,2023-07-02T14:15:00,22,Outbound,QBR,Completed,8,0.63,67,7,False
3633,1127,1,2024-12-03T15:00:00,50,Inbound,Negotiation,Completed,7,0.6,139,14,False
3634,631,3,2023-08-14T14:30:00,57,Outbound,Technical Deep Dive,Completed,7,0.54,264,3,True
3635,495,7,2024-08-29T12:15:00,40,Outbound,Negotiation,Completed,7,0.43,195,15,True
3636,1247,6,2024-12-02T16:00:00,0,Inbound,Technical Deep Dive,No Show,1,,,0,False
3637,531,9,2024-12-17T13:30:00,2,Outbound,Technical Deep Dive,Voicemail,1,,,0,False
3638,1245,2,2024-12-04T15:00:00,0,Outbound,Demo,No Show,1,,,0,False
3639,729,15,2024-06-11T14:00:00,53,Outbound,Technical Deep Dive,Rescheduled,1,,,0,False
3640,597,6,2024-08-29T15:15:00,27,Inbound,Technical Deep Dive,Completed,4,0.51,158,14,False
3641,1634,13,2021-09-15T15:15:00,38,Inbound,Demo,Completed,5,0.75,61,4,True
3642,3709,11,2024-04-21T14:30:00,56,Outbound,Check-In,Rescheduled,1,,,0,False
3643,2000,9,2022-12-13T12:15:00,59,Inbound,Demo,Completed,6,0.53,144,15,True
3644,2464,14,2030-06-15T10:00:00,51,Outbound,Negotiation,Completed,8,0.51,209,10,False
3645,1429,12,2023-08-30T11:00:00,27,Inbound,QBR,Completed,7,0.7,132,16,True
3646,820,13,2023-10-16T11:15:00,19,Outbound,Discovery,Completed,8,0.47,91,12,True
3647,736,16,2024-11-08T12:15:00,-37,Outbound,Check-In,Completed,5,0.44,145,8,True
3648,1644,13,2022-02-08T11:00:00,18,Outbound,QBR,Completed,2,1.18,237,4,False
3649,4329,11,2024-07-17T13:45:00,0,Outbound,Follow-Up,No Show,1,,,0,False
3650,3163,6,2024-10-13T14:45:00,40,Outbound,Technical Deep Dive,Completed,6,0.55,154,16,False
3651,149,16,2024-11-16T15:30:00,3,Outbound,Discovery,Voicemail,1,,,0,False
3652,4259,3,2024-04-18T14:45:00,20,Outbound,Demo,Completed,3,0.51,149,19,True
3653,1574,3,2024-09-07T12:15:00,48,Outbound,QBR,Completed,4,0.45,53,24,True
3654,3646,13,2023-07-18T11:15:00,32,Outbound,Check-In,Completed,4,0.62,52,8,False
3655,496,5,2024-12-06T14:45:00,,Inbound,QBR,Completed,3,0.45,49,6,True
3656,4024,14,2023-02-02T15:45:00,20,Outbound,Technical Deep Dive,Rescheduled,1,,,0,False
3657,4601,11,2024-02-23T15:45:00,40,Inbound,Demo,Rescheduled,1,,,0,False
3658,4123,9,2024-05-30T13:15:00,0,Inbound,Check-In,No Show,1,,,0,False
3659,3456,5,2024-02-18T13:00:00,1,Outbound,Negotiation,Voicemail,1,,,0,False
3660,1972,11,2023-09-25T10:00:00,0,Outbound,Technical Deep Dive,No Show,1,,,0,False
3661,1004,11,2024-02-23T14:30:00,27,Outbound,Check-In,Completed,5,0.49,142,14,False
3662,793,1,2024-10-24T09:45:00,-45,Outbound,Discovery,Completed,5,0.58,219,4,False
3663,118,9,2024-04-09T14:45:00,16,Inbound,Discovery,Rescheduled,1,,,0,False
3664,3304,3,2024-12-28T12:00:00,33,Outbound,Negotiation,Completed,2,0.48,59,7,False
3665,709,16,2024-08-27T15:45:00,44,Outbound,QBR,Completed,5,0.46,81,9,False
3666,4149,16,2024-10-20T13:30:00,24,Outbound,Check-In,Completed,5,0.68,86,8,False
3667,2840,1,2023-09-20T12:00:00,16,Inbound,Check-In,Completed,2,0.35,65,4,True
3668,746,5,2024-07-31T12:45:00,24,Outbound,Follow-Up,Completed,8,0.71,219,4,False
3669,3870,16,2024-12-19T10:15:00,28,Outbound,Demo,Completed,7,0.54,226,9,True
3670,917,16,2024-09-29T09:45:00,50,Outbound,Negotiation,Rescheduled,1,,,0,False
3671,128,3,2024-12-22T14:00:00,0,Outbound,Discovery,No Show,1,,,0,False
3672,774,7,2023-05-19T14:00:00,30,Inbound,Technical Deep Dive,Completed,2,0.65,158,13,True
3673,4524,13,2030-06-15T10:00:00,45,Inbound,Discovery,Completed,8,0.67,161,7,False
3674,2385,4,2030-06-15T10:00:00,45,Outbound,Discovery,Rescheduled,1,,,0,False
3675,4999,13,2024-07-16T13:15:00,39,Outbound,Discovery,Completed,4,0.7,282,6,False
3676,697,4,2024-01-13T10:30:00,53,Outbound,Discovery,Completed,7,0.51,182,7,False
3677,3288,9,2024-02-29T16:15:00,20,Inbound,Discovery,Completed,4,0.69,220,10,False
3678,1765,12,2024-11-13T12:15:00,52,Outbound,Negotiation,Completed,5,0.73,91,12,False
3679,136,8,2023-06-04T11:00:00,0,Outbound,Negotiation,No Show,1,,,0,False
3680,716,6,2024-09-14T09:00:00,51,Outbound,QBR,Completed,6,0.37,93,14,False
3681,3456,5,2024-01-20T08:15:00,41,Inbound,Follow-Up,Completed,2,0.58,217,4,False
3682,2700,6,2020-12-27T15:30:00,57,Outbound,Technical Deep Dive,Completed,8,0.38,135,6,True
3683,3593,12,2022-07-02T15:45:00,21,Outbound,Discovery,Completed,7,0.61,213,6,False
3684,3311,15,2024-12-10T11:30:00,,Outbound,Demo,Completed,2,0.53,152,12,False
3685,4197,13,2024-12-16T11:00:00,57,Outbound,Check-In,Completed,8,0.58,107,7,False
3686,933,7,2022-12-05T14:00:00,31,Outbound,Check-In,Completed,4,0.78,282,12,False
3687,1508,13,2022-05-23T12:15:00,54,Outbound,Discovery,Completed,3,0.7,58,3,False
3688,4090,1,2024-12-07T12:15:00,57,Outbound,Negotiation,Completed,5,0.43,214,13,True
3689,963,11,2021-12-18T16:00:00,0,Outbound,Negotiation,No Show,1,,,0,False
3690,3429,9,2024-06-22T16:30:00,40,Outbound,Demo,Completed,8,0.41,57,16,True
3691,3881,6,2023-10-26T15:30:00,43,Outbound,Discovery,Completed,7,0.62,113,7,True
3692,1471,8,2023-08-17T14:00:00,56,Outbound,QBR,Rescheduled,1,,,0,False
3693,3666,3,2024-12-09T15:30:00,0,Outbound,Demo,No Show,1,,,0,False
3694,1491,9,2024-12-19T12:45:00,20,Outbound,Check-In,Completed,6,0.58,128,11,False
3695,3103,6,2024-06-30T10:30:00,36,Outbound,Negotiation,Completed,7,0.58,204,19,True
3696,919,3,2022-10-08T10:30:00,0,Inbound,Technical Deep Dive,No Show,1,,,0,False
3697,1596,11,2022-04-22T12:00:00,0,Outbound,Negotiation,No Show,1,,,0,False
3698,4654,3,2024-08-06T12:45:00,21,Outbound,QBR,Completed,3,1.1,42,21,False
3699,2631,9,2024-03-01T12:15:00,16,Outbound,Discovery,Rescheduled,1,,,0,False
3700,4454,15,2024-12-12T11:15:00,23,Outbound,QBR,Completed,8,0.82,291,11,False
3701,2410,13,2024-08-21T13:15:00,59,Outbound,QBR,Rescheduled,1,,,0,False
3702,3693,15,2024-08-06T16:15:00,46,Outbound,Demo,Completed,7,0.66,76,8,True
3703,272,7,2030-06-15T10:00:00,20,Inbound,Demo,Completed,7,0.61,165,7,True
3704,4205,9,2024-12-20T11:15:00,49,Outbound,Demo,Completed,2,0.58,97,7,False
3705,1973,9,2023-10-21T14:00:00,18,Outbound,Check-In,Completed,2,0.5,119,6,False
3706,4584,16,2024-12-15T10:30:00,29,Outbound,Check-In,Completed,4,0.42,165,8,False
3707,4724,7,2024-11-17T11:30:00,16,Inbound,Check-In,Completed,3,0.6,196,8,False
3708,3056,1,2024-12-23T14:45:00,43,Inbound,Discovery,Completed,5,0.49,121,20,False
3709,2225,9,2022-01-04T15:15:00,42,Inbound,QBR,Completed,5,0.68,157,5,True
3710,2225,9,2022-02-13T13:00:00,22,Outbound,QBR,Rescheduled,1,,,0,False
3711,1970,9,2023-09-19T10:00:00,34,Outbound,Demo,Completed,5,0.5,150,12,True
3712,1704,11,2024-12-03T11:45:00,32,Outbound,Demo,Completed,8,0.64,38,12,False
3713,1367,8,2023-07-03T14:45:00,0,Outbound,Follow-Up,No Show,1,,,0,False
3714,3362,2,2022-06-18T10:30:00,38,Inbound,Check-In,Completed,2,0.59,191,18,True
3715,2200,12,2024-09-07T10:00:00,31,Outbound,Negotiation,Completed,8,0.49,158,16,True
3716,2863,8,2024-06-10T16:15:00,0,Outbound,QBR,No Show,1,,,0,False
3717,2226,10,2024-12-25T11:00:00,57,Outbound,Demo,Completed,2,0.64,132,7,False
3718,1312,13,2024-12-04T10:00:00,41,Outbound,Technical Deep Dive,Rescheduled,1,,,0,False
3719,3333,12,2024-10-18T10:45:00,39,Outbound,Demo,Completed,5,1.07,139,10,True
3720,4374,16,2024-08-04T14:45:00,28,Outbound,Negotiation,Completed,8,1.1,64,13,False
3721,537,16,2024-12-15T15:15:00,0,Outbound,QBR,No Show,1,,,0,False
3722,2245,13,2024-09-21T12:00:00,39,Outbound,Technical Deep Dive,Completed,2,0.48,214,3,True
3723,2497,11,2024-01-15T11:30:00,33,Inbound,Negotiation,Completed,7,0.46,119,8,False
3724,428,10,2024-12-04T11:15:00,28,Outbound,Demo,Completed,5,0.61,79,5,False
3725,681,5,2022-10-26T13:30:00,17,Outbound,QBR,Completed,4,0.66,103,18,True
3726,1297,4,2024-07-06T14:00:00,45,Outbound,Technical Deep Dive,Completed,3,0.52,236,10,False
3727,804,16,2023-12-29T15:45:00,39,Outbound,Demo,Completed,7,0.5,63,11,True
3728,3869,13,2024-03-16T11:45:00,-35,Outbound,Demo,Completed,5,0.63,292,7,False
3729,1387,14,2023-06-08T16:45:00,28,Outbound,Negotiation,Completed,3,0.63,58,12,False
3730,4751,4,2023-08-05T09:45:00,32,Outbound,Check-In,Completed,3,0.56,192,12,True
3731,732,5,2024-06-30T11:15:00,0,Outbound,Check-In,No Show,1,,,0,False
3732,118,9,2024-02-15T17:30:00,21,Outbound,Negotiation,Completed,2,1.46,102,9,True
3733,2667,3,2023-03-21T11:00:00,41,Outbound,Follow-Up,Completed,5,0.63,108,14,False
3734,2216,11,2024-08-06T17:45:00,43,Inbound,Discovery,Completed,3,0.57,90,8,True
3735,4793,4,2024-09-16T11:00:00,0,Outbound,Demo,No Show,1,,,0,False
3736,4105,14,2024-12-31T14:15:00,50,Inbound,Technical Deep Dive,Completed,8,0.48,102,8,False
3737,4533,5,2024-08-30T16:45:00,16,Outbound,Discovery,Completed,6,0.46,161,13,True
3738,594,15,2024-12-03T10:45:00,0,Outbound,Demo,No Show,1,,,0,False
3739,4605,6,2024-12-17T14:15:00,34,Outbound,Follow-Up,Completed,3,0.62,53,8,False
3740,2760,15,2024-12-24T14:00:00,17,Inbound,Demo,Completed,4,0.61,67,8,False
3741,3665,15,2024-12-04T14:00:00,59,Outbound,Technical Deep Dive,Completed,7,0.43,41,16,False
3742,2697,10,2024-12-20T09:15:00,30,Inbound,QBR,Completed,2,0.4,124,22,False
3743,4674,4,2020-08-10T13:15:00,57,Inbound,Negotiation,Completed,6,1.39,204,19,True
3744,3225,2,2024-12-23T14:45:00,31,Outbound,Follow-Up,Completed,7,0.64,110,7,False
3745,162,9,2023-02-02T16:15:00,49,Outbound,Follow-Up,Completed,7,0.4,58,4,False
3746,124,4,2024-07-07T11:30:00,25,Outbound,Discovery,Completed,2,0.4,78,20,False
3747,2634,5,2024-12-24T12:15:00,1,Inbound,Negotiation,Voicemail,1,,,0,False
3748,1328,7,2024-06-23T15:15:00,33,Outbound,Technical Deep Dive,Completed,4,0.66,206,20,False
3749,4400,16,2024-04-13T13:45:00,22,Outbound,Discovery,Completed,5,0.35,84,8,False
3750,4154,12,2023-02-28T14:30:00,2,Outbound,QBR,Voicemail,1,,,0,False
3751,880,13,2023-12-18T15:45:00,41,Inbound,QBR,Completed,2,0.89,161,3,False
3752,2180,5,2024-12-13T13:30:00,56,Outbound,QBR,Completed,3,0.33,74,9,False
3753,4056,6,2023-07-04T10:00:00,59,Inbound,QBR,Completed,3,0.54,195,20,False
3754,1139,6,2024-07-17T17:15:00,60,Inbound,Check-In,Completed,8,0.64,85,9,False
3755,4016,12,2024-12-25T15:45:00,1,Outbound,Check-In,Voicemail,1,,,0,False
3756,2813,5,2023-09-27T09:00:00,54,Inbound,Follow-Up,Completed,5,0.43,52,14,True
3757,4992,12,2030-06-15T10:00:00,42,Outbound,Negotiation,Rescheduled,1,,,0,False
3758,2326,6,2021-10-02T10:00:00,56,Outbound,Follow-Up,Rescheduled,1,,,0,False
3759,1316,1,2023-10-27T13:15:00,48,Outbound,Negotiation,Completed,6,0.58,189,6,True
3760,3645,2,2024-07-02T12:45:00,0,Outbound,Check-In,No Show,1,,,0,False
3761,2721,14,2021-10-25T14:15:00,32,Inbound,Negotiation,Completed,3,0.76,49,9,True
3762,4421,4,2024-06-04T15:30:00,56,Outbound,Negotiation,Completed,2,0.49,210,9,True
3763,2723,1,2022-01-28T12:15:00,19,Outbound,Discovery,Completed,4,0.29,121,25,True
3764,2148,4,2024-02-25T12:45:00,2,Outbound,Follow-Up,Voicemail,1,,,0,False
3765,2962,16,2024-09-29T14:30:00,26,Outbound,Discovery,Completed,7,0.58,121,11,True
3766,1353,9,2020-07-21T14:00:00,0,Outbound,QBR,No Show,1,,,0,False
3767,4619,11,2024-11-11T11:45:00,27,Inbound,Check-In,Completed,3,0.72,49,13,False
3768,2388,4,2024-12-08T10:00:00,56,Outbound,Discovery,Completed,5,0.79,187,12,True
3769,3580,12,2024-12-07T14:30:00,55,Outbound,Follow-Up,Completed,7,0.64,235,6,False
3770,637,12,2024-12-26T13:30:00,15,Inbound,Follow-Up,Completed,2,0.69,67,3,False
3771,1658,16,2024-12-03T15:00:00,21,Outbound,Technical Deep Dive,Completed,5,0.55,217,8,True
3772,642,5,2023-05-04T09:00:00,41,Inbound,Demo,Completed,8,0.83,204,13,True
3773,2421,7,2024-05-27T15:45:00,0,Outbound,Technical Deep Dive,No Show,1,,,0,False
3774,4133,12,2021-06-18T11:45:00,27,Inbound,Negotiation,Completed,3,0.6,110,17,True
3775,4791,16,2024-12-25T14:45:00,54,Outbound,Discovery,Completed,3,0.59,192,3,False
3776,3629,9,2024-07-26T16:45:00,3,Outbound,Check-In,Voicemail,1,,,0,False
3777,4792,14,2023-02-11T15:30:00,34,Inbound,Discovery,Completed,8,0.51,92,4,False
3778,330,1,2030-06-15T10:00:00,36,Outbound,QBR,Rescheduled,1,,,0,False
3779,3985,3,2030-06-15T10:00:00,-15,Inbound,Negotiation,Completed,8,0.53,83,24,False
3780,4580,9,2022-02-24T12:15:00,21,Outbound,Negotiation,Completed,7,0.8,233,11,False
3781,3095,16,2024-10-11T13:00:00,0,Outbound,Negotiation,No Show,1,,,0,False
3782,3916,4,2023-04-04T13:30:00,23,Outbound,Discovery,Completed,5,0.44,203,18,True
3783,3121,14,2024-04-27T12:45:00,26,Outbound,QBR,Completed,6,0.63,87,6,False
3784,2564,12,2023-04-22T10:15:00,0,Outbound,Demo,No Show,1,,,0,False
3785,779,14,2023-02-22T13:00:00,0,Outbound,Technical Deep Dive,No Show,1,,,0,False
3786,4348,3,2020-10-27T09:30:00,56,Outbound,QBR,Completed,4,0.58,229,19,True
3787,4947,1,2024-09-06T15:00:00,16,Outbound,QBR,Completed,4,0.63,141,16,True
3788,4404,6,2024-08-05T13:30:00,0,Inbound,QBR,No Show,1,,,0,False
3789,767,12,2024-04-04T11:45:00,49,Inbound,Negotiation,Completed,5,1.42,71,13,False
3790,1609,4,2023-08-15T13:15:00,16,Outbound,Demo,Completed,7,0.67,228,14,False
3791,3279,1,2024-06-17T10:30:00,36,Inbound,Discovery,Completed,3,0.31,34,20,True
3792,3170,8,2024-08-25T15:15:00,48,Inbound,Follow-Up,Completed,6,0.42,126,18,True
3793,3222,13,2024-09-22T10:00:00,44,Outbound,Demo,Completed,2,0.6,88,7,True
3794,4657,2,2023-01-14T11:00:00,54,Outbound,Negotiation,Completed,7,0.4,120,24,True
3795,876,3,2023-03-16T12:30:00,-24,Inbound,Discovery,Completed,3,0.52,151,16,False
3796,4157,11,2024-12-27T17:00:00,29,Outbound,Follow-Up,Completed,3,0.47,228,16,True
3797,941,3,2024-04-07T16:15:00,52,Inbound,Technical Deep Dive,Completed,2,0.38,89,22,True
3798,2047,15,2024-12-21T12:00:00,54,Inbound,QBR,Completed,6,0.5,203,3,False
3799,3318,13,2024-12-30T13:30:00,17,Inbound,Demo,Completed,8,0.76,96,7,False
3800,1149,10,2022-12-02T15:00:00,50,Outbound,Technical Deep Dive,Completed,2,0.66,203,17,False
3801,4228,16,2024-12-31T17:45:00,29,Outbound,Check-In,Completed,8,0.57,125,8,True
3802,4432,7,2024-08-18T15:00:00,20,Outbound,Check-In,Completed,6,0.85,59,4,True
3803,821,4,2024-12-07T15:30:00,2,Outbound,Negotiation,Voicemail,1,,,0,False
3804,984,15,2024-08-02T13:45:00,44,Inbound,Follow-Up,Completed,2,0.66,31,8,True
3805,518,13,2024-12-21T15:45:00,24,Inbound,Negotiation,Completed,6,0.62,37,3,False
3806,3991,16,2023-06-26T13:45:00,39,Outbound,Negotiation,Completed,8,0.62,111,4,False
3807,3735,13,2024-12-09T16:15:00,0,Inbound,Follow-Up,No Show,1,,,0,False
3808,1865,5,2024-11-24T15:45:00,26,Outbound,QBR,Completed,5,0.72,293,10,True
3809,4679,2,2024-12-29T10:15:00,54,Outbound,Technical Deep Dive,Completed,7,0.58,193,21,False
3810,3083,3,2023-12-05T17:00:00,56,Outbound,Technical Deep Dive,Completed,3,0.26,131,24,True
3811,2912,9,2024-12-30T12:00:00,0,Inbound,Negotiation,No Show,1,,,0,False
3812,1090,5,2023-03-23T13:00:00,43,Outbound,Technical Deep Dive,Rescheduled,1,,,0,False
3813,3903,16,2024-10-30T15:00:00,42,Inbound,Technical Deep Dive,Completed,3,0.67,191,12,False
3814,26,7,2023-12-16T14:30:00,26,Inbound,Check-In,Completed,3,0.72,72,5,False
3815,4604,3,2023-01-24T13:00:00,15,Outbound,Check-In,Completed,3,1.41,215,12,False
3816,3349,16,2024-03-31T15:45:00,20,Outbound,QBR,Completed,8,0.77,143,4,False
3817,2489,10,2024-10-25T17:45:00,58,Outbound,Check-In,Completed,8,0.69,66,9,True
3818,4995,5,2024-05-23T12:30:00,53,Outbound,Check-In,Completed,3,0.7,103,9,False
3819,1412,1,2024-08-24T17:30:00,1,Outbound,Follow-Up,Voicemail,1,,,0,False
3820,2621,16,2024-09-10T14:30:00,46,Outbound,QBR,Completed,4,0.66,198,8,True
3821,2633,14,2024-12-20T15:00:00,0,Outbound,Technical Deep Dive,No Show,1,,,0,False
3822,1223,8,2024-10-20T11:15:00,46,Inbound,Discovery,Completed,8,0.43,211,10,True
3823,4032,14,2024-11-15T16:00:00,59,Outbound,QBR,Completed,8,0.49,109,9,True
3824,4875,11,2024-12-15T12:45:00,39,Outbound,QBR,Completed,6,0.55,231,9,True
3825,3201,3,2024-12-30T12:45:00,17,Outbound,QBR,Completed,7,0.52,291,10,True
3826,1489,4,2024-12-05T10:00:00,15,Inbound,Technical Deep Dive,Completed,3,0.62,74,5,False
3827,558,16,2024-11-08T09:30:00,51,Inbound,Discovery,Rescheduled,1,,,0,False
3828,3728,2,2021-05-11T11:30:00,0,Outbound,Demo,No Show,1,,,0,False
3829,3040,15,2024-08-22T11:15:00,0,Outbound,Technical Deep Dive,No Show,1,,,0,False
3830,3393,2,2023-11-18T17:15:00,,Inbound,Demo,Rescheduled,1,,,0,False
3831,2568,16,2024-09-15T10:45:00,37,Outbound,Technical Deep Dive,Completed,2,0.53,184,4,False
3832,2027,11,2030-06-15T10:00:00,51,Outbound,Negotiation,Completed,4,0.44,177,19,True
3833,24,12,2022-12-26T12:00:00,0,Outbound,Discovery,No Show,1,,,0,False
3834,2528,11,2022-05-27T12:00:00,16,Inbound,Demo,Completed,7,0.49,123,7,False
3835,600,15,2024-08-26T13:30:00,23,Outbound,Demo,Completed,8,0.69,181,4,False
3836,1570,2,2023-11-28T12:15:00,0,Inbound,Follow-Up,No Show,1,,,0,False
3837,3052,8,2020-12-08T12:30:00,44,Inbound,Demo,Rescheduled,1,,,0,False
3838,1074,1,2024-12-02T14:00:00,46,Inbound,Follow-Up,Completed,8,0.35,204,13,False
3839,1982,4,2024-12-18T14:45:00,2,Outbound,Demo,Voicemail,1,,,0,False
3840,1530,16,2024-12-29T16:00:00,60,Inbound,Discovery,Completed,3,1.39,46,10,True
3841,549,12,2024-12-03T10:15:00,60,Outbound,Technical Deep Dive,Completed,8,0.68,40,5,False
3842,4533,5,2024-05-16T15:30:00,2,Inbound,Demo,Voicemail,1,,,0,False
3843,4851,10,2023-08-13T12:30:00,26,Inbound,Follow-Up,Completed,3,0.39,78,17,False
3844,3410,4,2024-08-14T14:00:00,23,Outbound,Negotiation,Completed,6,0.42,172,19,True
3845,1930,12,2023-11-04T11:15:00,0,Outbound,Demo,No Show,1,,,0,False
3846,2050,14,2024-03-28T14:00:00,21,Outbound,Demo,Completed,6,0.59,122,11,False
3847,2930,14,2024-11-18T12:30:00,43,Inbound,Check-In,Completed,2,0.5,45,11,False
3848,1597,8,2024-02-24T08:15:00,59,Outbound,Check-In,Rescheduled,1,,,0,False
3849,3039,14,2024-05-04T15:00:00,0,Outbound,Check-In,No Show,1,,,0,False
3850,3921,16,2024-12-31T15:00:00,29,Outbound,Demo,Completed,6,0.57,81,4,True
3851,2356,12,2023-12-16T10:45:00,0,Outbound,QBR,No Show,1,,,0,False
3852,2964,9,2024-08-31T16:00:00,40,Outbound,Negotiation,Rescheduled,1,,,0,False
3853,3137,9,2024-12-06T14:00:00,57,Inbound,Negotiation,Completed,5,0.39,214,3,True
3854,3637,9,2024-01-10T14:15:00,39,Outbound,Follow-Up,Completed,4,0.67,53,3,False
3855,1141,2,2024-03-06T16:15:00,57,Inbound,Discovery,Completed,3,0.38,51,13,True
3856,720,8,2024-04-21T14:15:00,46,Outbound,Technical Deep Dive,Completed,2,0.46,189,12,False
3857,551,13,2023-11-11T11:30:00,0,Inbound,QBR,No Show,1,,,0,False
3858,2600,1,2022-01-15T10:00:00,22,Outbound,Negotiation,Completed,4,0.49,41,16,True
3859,2618,5,2021-07-06T13:00:00,2,Outbound,Check-In,Voicemail,1,,,0,False
3860,233,11,2024-12-31T14:30:00,0,Outbound,Negotiation,No Show,1,,,0,False
3861,2466,2,2024-06-13T11:15:00,33,Outbound,Demo,Completed,3,0.51,157,15,True
3862,2376,1,2023-06-02T13:00:00,54,Outbound,Technical Deep Dive,Completed,5,0.47,61,15,False
3863,3445,10,2022-03-29T10:30:00,,Inbound,QBR,Completed,4,0.57,37,8,False
3864,1427,14,2024-12-24T12:30:00,23,Outbound,Discovery,Completed,4,1.34,177,14,True
3865,1050,15,2021-02-04T12:00:00,55,Outbound,Check-In,Completed,2,0.65,123,4,False
3866,908,5,2023-10-25T09:00:00,48,Outbound,Check-In,Completed,6,0.52,92,10,False
3867,165,10,2024-12-16T11:30:00,46,Outbound,Check-In,Completed,3,0.68,94,8,False
3868,4762,13,2024-12-26T14:15:00,25,Inbound,Check-In,Completed,6,0.61,182,1,False
3869,793,1,2024-12-04T16:45:00,21,Outbound,Technical Deep Dive,Completed,4,0.59,169,15,True
3870,4697,6,2024-10-20T16:30:00,1,Inbound,QBR,Voicemail,1,,,0,False
3871,2524,15,2024-09-30T11:15:00,46,Outbound,Technical Deep Dive,Completed,2,0.67,150,12,False
3872,2232,4,2023-11-27T09:30:00,36,Inbound,Demo,Completed,5,0.43,183,4,False
3873,3932,2,2022-01-15T10:15:00,46,Outbound,Check-In,Completed,4,0.34,90,21,False
3874,3933,7,2023-03-01T13:15:00,50,Outbound,Negotiation,Completed,2,0.36,174,18,False
3875,3037,4,2030-06-15T10:00:00,32,Outbound,Demo,Completed,6,0.61,47,12,False
3876,3047,13,2024-06-19T09:00:00,53,Inbound,Demo,Completed,8,0.56,64,5,False
3877,586,16,2024-11-29T11:45:00,22,Inbound,Check-In,Completed,4,1.31,129,11,True
3878,1892,5,2020-06-03T12:45:00,26,Inbound,QBR,Completed,7,0.61,231,10,False
3879,1721,4,2023-01-21T16:15:00,58,Outbound,QBR,Rescheduled,1,,,0,False
3880,2656,5,2024-05-14T16:30:00,22,Outbound,Check-In,Completed,7,0.63,96,9,False
3881,1047,2,2024-12-17T10:00:00,35,Inbound,Discovery,Completed,3,0.37,234,19,True
3882,3098,4,2024-12-21T09:45:00,43,Inbound,Check-In,Completed,5,0.47,232,5,False
3883,3569,7,2024-01-30T15:30:00,28,Outbound,Check-In,Completed,7,0.55,230,15,False
3884,3665,15,2024-12-21T12:15:00,32,Inbound,Follow-Up,Completed,8,0.37,104,13,False
3885,908,5,2024-01-06T14:30:00,36,Outbound,Demo,Completed,8,0.66,125,6,True
3886,4028,11,2021-12-22T09:00:00,2,Outbound,Demo,Voicemail,1,,,0,False
3887,1912,13,2024-04-30T16:45:00,,Outbound,Technical Deep Dive,Completed,2,0.51,103,12,False
3888,3331,15,2024-12-10T10:15:00,22,Outbound,Negotiation,Completed,3,0.59,296,1,False
3889,3702,9,2022-09-24T09:15:00,50,Outbound,Check-In,Completed,5,0.41,45,9,False
3890,1799,14,2024-10-16T14:45:00,55,Outbound,QBR,Rescheduled,1,,,0,False
3891,1846,5,2024-12-07T11:30:00,0,Inbound,Negotiation,No Show,1,,,0,False
3892,633,16,2024-12-06T14:15:00,17,Outbound,Check-In,Completed,2,0.42,196,8,False
3893,363,8,2024-02-20T15:30:00,49,Outbound,Technical Deep Dive,Rescheduled,1,,,0,False
3894,3162,11,2023-07-25T16:45:00,28,Inbound,QBR,Completed,5,0.59,44,10,True
3895,598,13,2024-11-19T11:45:00,0,Inbound,Follow-Up,No Show,1,,,0,False
3896,923,1,2024-12-22T12:45:00,34,Inbound,Negotiation,Completed,6,0.42,124,4,True
3897,795,16,2023-06-29T13:45:00,17,Inbound,Check-In,Completed,7,0.77,93,10,False
3898,4198,14,2023-08-28T13:45:00,58,Outbound,Follow-Up,Completed,8,0.5,127,8,False
3899,2810,10,2024-07-30T16:00:00,29,Inbound,Check-In,Completed,5,0.64,68,18,False
3900,3541,3,2024-12-23T11:30:00,46,Outbound,Discovery,Completed,8,0.57,69,12,True
3901,286,8,2023-06-02T14:15:00,56,Outbound,Follow-Up,Completed,3,0.57,158,16,True
3902,1682,2,2023-09-28T15:15:00,28,Outbound,Demo,Rescheduled,1,,,0,False
3903,1729,2,2022-06-04T13:30:00,2,Outbound,Check-In,Voicemail,1,,,0,False
3904,4045,13,2024-12-17T11:45:00,59,Outbound,Check-In,Completed,4,0.49,141,11,False
3905,2087,7,2024-06-26T15:00:00,60,Inbound,Discovery,Completed,3,0.6,171,20,False
3906,1412,1,2024-11-20T15:30:00,,Outbound,Discovery,Completed,6,0.51,44,22,True
3907,669,15,2024-12-21T15:00:00,3,Outbound,Technical Deep Dive,Voicemail,1,,,0,False
3908,4130,3,2023-12-26T11:00:00,20,Inbound,Technical Deep Dive,Completed,2,0.53,171,21,True
3909,3986,14,2024-06-02T11:00:00,41,Outbound,Check-In,Completed,7,0.74,133,14,False
3910,4965,3,2023-10-14T12:45:00,26,Inbound,Follow-Up,Completed,8,0.44,39,4,True
3911,4565,10,2024-09-25T13:30:00,18,Outbound,Check-In,Completed,6,0.57,224,11,True
3912,2391,5,2024-02-10T15:00:00,52,Outbound,Demo,Completed,5,0.8,108,4,False
3913,4359,8,2024-08-18T13:15:00,22,Outbound,Technical Deep Dive,Completed,6,0.6,40,15,True
3914,395,7,2024-02-17T14:45:00,17,Outbound,QBR,Completed,6,0.69,268,12,False
3915,1857,1,2023-02-21T09:45:00,42,Outbound,QBR,Completed,4,0.3,44,20,False
3916,1492,3,2023-03-12T11:30:00,23,Outbound,Follow-Up,Rescheduled,1,,,0,False
3917,4565,10,2024-10-10T11:45:00,0,Inbound,Technical Deep Dive,No Show,1,,,0,False
3918,2640,4,2024-12-09T14:00:00,3,Inbound,Follow-Up,Voicemail,1,,,0,False
3919,1929,8,2024-12-02T12:15:00,-42,Inbound,Follow-Up,Completed,2,0.43,153,4,True
3920,949,9,2024-03-31T12:15:00,56,Inbound,Technical Deep Dive,Rescheduled,1,,,0,False
3921,4960,2,2023-08-05T15:00:00,0,Outbound,QBR,No Show,1,,,0,False
3922,3885,13,2023-11-25T12:30:00,16,Inbound,Discovery,Completed,7,0.54,45,14,False
3923,4681,10,2023-07-13T11:30:00,21,Outbound,Demo,Completed,4,0.75,45,11,False
3924,1667,6,2024-12-16T16:30:00,37,Inbound,QBR,Completed,2,0.56,164,20,False
3925,4226,9,2021-09-14T15:15:00,30,Outbound,Technical Deep Dive,Completed,6,0.81,270,2,False
3926,3841,5,2022-11-03T10:45:00,0,Outbound,Follow-Up,No Show,1,,,0,False
3927,1165,16,2024-05-10T11:45:00,19,Inbound,Negotiation,Completed,3,0.59,174,12,False
3928,4733,2,2024-08-09T13:00:00,3,Outbound,Check-In,Voicemail,1,,,0,False
3929,2942,3,2024-12-28T13:00:00,34,Outbound,Follow-Up,Completed,6,0.36,173,18,True
3930,4528,11,2024-10-19T14:45:00,26,Outbound,Check-In,Completed,7,0.65,130,4,False
3931,3645,2,2024-05-22T16:45:00,58,Outbound,Technical Deep Dive,Completed,6,0.63,31,6,True
3932,3871,3,2024-12-23T10:45:00,21,Inbound,Demo,Completed,5,0.42,140,25,True
3933,2941,8,2024-12-03T10:15:00,41,Inbound,Check-In,Completed,7,0.37,128,15,False
3934,729,15,2024-07-26T16:30:00,32,Inbound,Check-In,Completed,6,0.6,108,3,False
3935,2583,6,2024-11-08T12:15:00,-23,Outbound,QBR,Completed,2,0.49,174,8,False
3936,1209,12,2020-11-14T15:15:00,59,Outbound,QBR,Completed,8,0.56,89,12,True
3937,2438,10,2024-12-07T09:00:00,56,Outbound,Discovery,Completed,8,0.72,178,3,True
3938,723,13,2024-06-17T10:45:00,37,Outbound,Technical Deep Dive,Completed,7,0.55,230,11,False
3939,4397,6,2024-05-14T09:30:00,17,Outbound,Follow-Up,Completed,3,0.54,177,20,True
3940,4789,1,2021-09-06T13:30:00,25,Inbound,QBR,Completed,5,0.39,161,4,False
3941,3705,16,2024-12-29T12:30:00,,Inbound,Check-In,Completed,3,0.51,44,7,True
3942,2220,11,2024-06-14T08:45:00,3,Outbound,Follow-Up,Voicemail,1,,,0,False
3943,234,2,2024-12-20T15:45:00,1,Outbound,Discovery,Voicemail,1,,,0,False
3944,3123,15,2023-08-30T10:15:00,36,Inbound,Check-In,Completed,5,0.49,182,3,False
3945,2262,1,2020-07-21T15:15:00,19,Outbound,Technical Deep Dive,Completed,8,0.4,150,6,True
3946,3142,11,2024-10-23T11:00:00,0,Outbound,Follow-Up,No Show,1,,,0,False
3947,1827,13,2020-10-07T11:30:00,,Outbound,Check-In,Completed,2,0.6,177,14,False
3948,1739,5,2024-09-15T10:00:00,41,Outbound,Discovery,Rescheduled,1,,,0,False
3949,128,3,2024-12-26T11:00:00,22,Outbound,Demo,Completed,6,0.38,194,20,True
3950,193,16,2024-10-28T13:15:00,35,Outbound,Negotiation,Completed,8,0.45,197,16,True
3951,1040,2,2024-12-18T12:00:00,40,Outbound,Negotiation,Completed,3,0.53,143,14,False
3952,2111,16,2024-09-20T12:15:00,20,Outbound,Demo,Completed,7,0.6,70,7,False
3953,4787,4,2024-12-10T16:15:00,42,Inbound,Follow-Up,Completed,6,0.68,151,11,True
3954,1747,5,2024-12-27T16:45:00,29,Outbound,Discovery,Completed,5,0.39,127,8,True
3955,385,2,2024-12-30T16:15:00,15,Inbound,Negotiation,Completed,3,0.43,100,19,True
3956,2329,5,2021-05-15T13:30:00,18,Inbound,Negotiation,Completed,2,0.76,263,8,False
3957,391,1,2024-12-12T15:00:00,0,Inbound,Follow-Up,No Show,1,,,0,False
3958,1537,11,2024-04-15T11:45:00,-44,Outbound,Technical Deep Dive,Rescheduled,1,,,0,False
3959,3380,14,2024-01-12T08:15:00,60,Outbound,Negotiation,Completed,5,0.74,33,11,False
3960,4470,16,2024-12-05T09:30:00,42,Outbound,Discovery,Completed,4,0.65,105,15,True
3961,887,4,2024-07-17T09:15:00,43,Outbound,Discovery,Completed,6,0.41,82,15,True
3962,1902,4,2021-04-02T10:45:00,50,Inbound,QBR,Completed,5,0.48,189,5,True
3963,3938,11,2024-12-12T10:15:00,21,Outbound,QBR,Rescheduled,1,,,0,False
3964,137,9,2024-06-05T10:00:00,55,Outbound,Follow-Up,Completed,7,0.57,113,14,True
3965,1063,3,2024-10-17T13:30:00,21,Outbound,Follow-Up,Completed,5,0.64,179,21,False
3966,1659,2,2024-11-25T09:30:00,48,Inbound,Demo,Completed,5,0.59,149,6,False
3967,3293,2,2024-12-19T14:15:00,30,Outbound,Check-In,Completed,4,0.48,202,16,True
3968,364,9,2024-06-28T09:15:00,45,Outbound,Follow-Up,Completed,6,0.7,221,15,True
3969,4964,10,2023-11-30T10:15:00,21,Outbound,Follow-Up,Completed,8,0.64,165,8,True
3970,1669,2,2024-07-10T08:00:00,1,Outbound,Follow-Up,Voicemail,1,,,0,False
3971,1407,12,2022-09-07T12:15:00,38,Inbound,Follow-Up,Completed,4,0.6,196,9,False
3972,2121,10,2024-12-03T15:45:00,59,Outbound,Demo,Completed,8,0.86,80,2,False
3973,4112,9,2023-12-18T17:00:00,31,Inbound,QBR,Completed,6,0.58,131,16,False
3974,2431,15,2024-11-15T12:00:00,40,Inbound,Discovery,Completed,7,1.47,34,9,False
3975,2824,2,2022-07-19T08:45:00,40,Outbound,Check-In,Completed,3,0.51,129,20,True
3976,1310,4,2024-12-20T15:30:00,55,Outbound,Negotiation,Completed,2,0.68,138,19,False
3977,3967,9,2023-02-24T11:30:00,0,Inbound,Check-In,No Show,1,,,0,False
3978,4310,6,2024-10-23T11:45:00,32,Outbound,Check-In,Completed,8,0.37,86,20,False
3979,1043,8,2024-06-23T12:30:00,33,Outbound,Demo,Completed,3,0.65,200,13,False
3980,4132,11,2024-03-01T15:15:00,56,Outbound,Follow-Up,Completed,5,0.56,96,8,False
3981,2649,2,2024-10-19T09:45:00,25,Outbound,QBR,Completed,8,0.74,137,2,True
3982,603,14,2024-12-22T14:30:00,47,Outbound,Technical Deep Dive,Completed,3,0.78,145,9,False
3983,3556,7,2024-12-28T15:00:00,43,Inbound,Technical Deep Dive,Completed,2,0.62,90,20,True
3984,3955,10,2023-11-10T15:15:00,28,Inbound,Follow-Up,Completed,3,0.4,195,15,True
3985,1529,9,2023-07-17T12:30:00,43,Outbound,Technical Deep Dive,Completed,2,0.55,151,10,False
3986,692,5,2024-12-09T11:30:00,56,Outbound,Discovery,Completed,5,0.56,148,18,False
3987,94,15,2024-09-13T10:15:00,38,Outbound,QBR,Rescheduled,1,,,0,False
3988,724,5,2024-11-05T15:30:00,50,Outbound,Negotiation,Completed,8,0.51,106,17,False
3989,1802,11,2024-11-30T10:15:00,41,Outbound,Demo,Completed,7,0.45,45,13,True
3990,3152,7,2024-06-06T12:30:00,0,Outbound,Check-In,No Show,1,,,0,False
3991,2322,6,2023-08-13T13:45:00,51,Outbound,Check-In,Rescheduled,1,,,0,False
3992,1101,5,2030-06-15T10:00:00,0,Inbound,Follow-Up,No Show,1,,,0,False
3993,3129,6,2024-08-08T16:45:00,28,Outbound,QBR,Completed,3,0.38,212,5,False
3994,435,16,2024-12-31T11:15:00,59,Outbound,Technical Deep Dive,Completed,5,0.69,237,8,False
3995,2293,8,2024-12-14T12:00:00,56,Inbound,Check-In,Completed,3,0.44,60,5,False
3996,4657,2,2023-01-27T12:45:00,0,Inbound,Demo,No Show,1,,,0,False
3997,1565,14,2024-12-23T08:15:00,29,Outbound,Check-In,Completed,8,0.76,217,2,False
3998,1521,9,2023-02-05T09:15:00,58,Outbound,Negotiation,Completed,7,0.54,224,9,False
3999,491,9,2024-08-13T10:45:00,,Outbound,Follow-Up,Completed,3,0.57,157,7,True
4000,649,12,2030-06-15T10:00:00,53,Inbound,Technical Deep Dive,Completed,6,0.64,270,5,False
4001,4712,13,2024-08-25T10:15:00,42,Inbound,Technical Deep Dive,Completed,8,0.68,256,8,False
4002,4817,1,2023-12-03T16:15:00,56,Outbound,Demo,Completed,4,0.32,78,13,True
4003,383,11,2024-05-27T10:45:00,16,Inbound,Negotiation,Completed,6,0.45,205,14,True
4004,2341,10,2024-11-18T10:45:00,58,Inbound,Technical Deep Dive,Completed,3,0.38,123,6,True
4005,3216,5,2024-12-26T15:30:00,40,Outbound,Demo,Completed,3,0.39,55,15,False
4006,739,14,2024-12-21T15:00:00,2,Outbound,Demo,Voicemail,1,,,0,False
4007,4518,14,2022-11-14T10:00:00,,Inbound,Demo,Rescheduled,1,,,0,False
4008,4071,5,2024-06-21T15:45:00,23,Outbound,Technical Deep Dive,Completed,4,0.61,240,16,False
4009,2842,5,2024-08-12T08:15:00,48,Outbound,Technical Deep Dive,Completed,4,0.36,93,9,True
4010,4287,3,2023-10-13T16:00:00,16,Outbound,QBR,Completed,2,0.6,147,14,False
4011,4758,6,2024-11-22T10:45:00,0,Outbound,Technical Deep Dive,No Show,1,,,0,False
4012,3925,7,2024-12-21T15:30:00,0,Outbound,QBR,No Show,1,,,0,False
4013,1859,15,2020-10-31T11:30:00,24,Inbound,Discovery,Rescheduled,1,,,0,False
4014,3352,6,2024-09-26T11:30:00,27,Outbound,Negotiation,Completed,3,0.49,140,6,False
4015,266,4,2024-12-06T15:15:00,23,Outbound,QBR,Rescheduled,1,,,0,False
4016,1054,14,2023-02-11T11:15:00,30,Outbound,Technical Deep Dive,Completed,4,0.53,132,7,False
4017,4990,8,2023-11-15T13:15:00,41,Inbound,QBR,Rescheduled,1,,,0,False
4018,4670,6,2024-12-18T09:15:00,-51,Inbound,Discovery,Completed,8,0.49,221,15,False
4019,677,14,2024-12-27T13:00:00,0,Outbound,Follow-Up,No Show,1,,,0,False
4020,456,9,2024-07-13T11:45:00,47,Outbound,QBR,Completed,6,0.61,146,10,False
4021,2556,7,2022-04-06T15:45:00,48,Outbound,Negotiation,Rescheduled,1,,,0,False
4022,785,14,2023-05-18T12:15:00,47,Inbound,Technical Deep Dive,Completed,3,0.69,33,3,False
4023,1269,15,2024-07-11T11:00:00,51,Inbound,Technical Deep Dive,Completed,8,0.63,71,9,True
4024,2169,11,2024-06-10T12:00:00,52,Outbound,QBR,Completed,3,0.68,130,4,True
4025,1635,9,2023-10-02T10:00:00,25,Inbound,Discovery,Rescheduled,1,,,0,False
4026,908,5,2023-10-31T12:00:00,26,Inbound,Demo,Completed,8,0.57,178,2,False
4027,3082,8,2024-09-17T11:00:00,29,Outbound,Check-In,Completed,4,0.34,165,17,False
4028,3043,7,2021-01-27T12:00:00,53,Inbound,Technical Deep Dive,Completed,3,0.55,172,15,False
4029,2393,12,2022-04-24T16:15:00,42,Outbound,Discovery,Completed,8,1.14,31,17,True
4030,1602,4,2024-12-12T15:45:00,3,Outbound,Demo,Voicemail,1,,,0,False
4031,4322,9,2024-01-17T10:30:00,30,Outbound,Discovery,Completed,7,0.67,203,17,False
4032,1219,6,2024-12-11T14:15:00,23,Outbound,QBR,Completed,8,0.41,53,18,False
4033,3555,8,2024-12-14T14:15:00,15,Outbound,QBR,Completed,3,0.51,184,2,True
4034,2304,12,2024-11-18T11:30:00,19,Outbound,Demo,Completed,6,0.7,124,15,False
4035,4991,3,2023-02-04T15:15:00,54,Outbound,Discovery,Completed,2,0.3,123,10,True
4036,4079,4,2024-09-10T15:30:00,23,Outbound,Negotiation,Completed,3,0.7,212,17,True
4037,3439,12,2023-06-16T13:00:00,34,Outbound,Technical Deep Dive,Completed,2,0.49,41,16,False
4038,151,8,2024-10-22T10:45:00,2,Outbound,Negotiation,Voicemail,1,,,0,False
4039,1843,1,2023-08-12T13:00:00,27,Outbound,QBR,Completed,5,0.5,226,13,True
4040,2301,16,2024-12-19T17:30:00,0,Outbound,Discovery,No Show,1,,,0,False
4041,738,14,2024-12-25T13:15:00,35,Outbound,QBR,Completed,2,0.58,199,12,False
4042,3786,14,2022-06-02T15:00:00,1,Outbound,Follow-Up,Voicemail,1,,,0,False
4043,4073,5,2024-11-05T11:15:00,20,Outbound,Check-In,Completed,3,0.47,128,4,False
4044,2312,10,2024-07-26T09:00:00,24,Inbound,Follow-Up,Completed,4,0.52,200,11,False
4045,2972,3,2024-08-08T11:15:00,25,Outbound,Demo,Completed,6,0.52,49,4,True
4046,4389,7,2024-12-06T15:30:00,37,Outbound,Follow-Up,Completed,7,0.56,228,8,True
4047,245,6,2024-04-19T13:45:00,32,Outbound,Discovery,Completed,4,0.59,125,7,False
4048,570,16,2024-12-07T08:00:00,33,Outbound,Demo,Completed,3,0.64,127,11,True
4049,3047,13,2024-03-26T12:30:00,59,Outbound,Demo,Completed,6,0.46,133,7,True
4050,336,6,2022-10-25T12:00:00,0,Outbound,Technical Deep Dive,No Show,1,,,0,False
4051,1860,16,2024-12-26T15:30:00,17,Outbound,Technical Deep Dive,Completed,7,0.59,198,6,True
4052,2437,1,2024-12-09T15:00:00,25,Outbound,Technical Deep Dive,Rescheduled,1,,,0,False
4053,3720,12,2022-09-18T11:30:00,24,Outbound,Discovery,Completed,6,0.49,118,7,False
4054,1842,12,2024-11-26T08:45:00,53,Outbound,Follow-Up,Completed,6,0.55,147,3,False
4055,1260,3,2024-11-09T13:45:00,0,Outbound,Check-In,No Show,1,,,0,False
4056,1636,5,2023-12-16T08:30:00,28,Outbound,Discovery,Completed,5,0.43,63,13,False
4057,3457,7,2022-11-27T10:15:00,37,Outbound,Demo,Completed,5,0.39,160,21,True
4058,111,8,2024-10-25T15:30:00,44,Outbound,Check-In,Completed,3,0.74,130,7,False
4059,3685,13,2024-09-06T12:00:00,47,Inbound,Demo,Completed,6,0.7,129,9,True
4060,911,16,2024-12-03T10:45:00,1,Inbound,Technical Deep Dive,Voicemail,1,,,0,False
4061,1929,8,2024-12-09T12:45:00,47,Outbound,Negotiation,Completed,4,0.54,111,12,True
4062,2071,5,2022-08-26T09:30:00,22,Outbound,Check-In,Completed,8,0.75,138,3,False
4063,3468,3,2024-12-04T10:45:00,55,Inbound,Technical Deep Dive,Completed,3,0.39,153,22,True
4064,3000,8,2021-05-26T14:45:00,49,Outbound,QBR,Completed,4,0.67,248,11,False
4065,499,14,2024-09-10T15:15:00,34,Outbound,Follow-Up,Completed,8,0.58,170,9,False
4066,818,11,2024-06-12T13:45:00,53,Outbound,Follow-Up,Completed,4,0.65,120,10,True
4067,550,5,2024-02-13T09:15:00,38,Outbound,QBR,Completed,5,0.53,70,17,False
4068,493,3,2024-09-19T13:30:00,0,Inbound,Demo,No Show,1,,,0,False
4069,1904,4,2024-09-01T14:00:00,39,Outbound,QBR,Completed,7,0.51,42,14,False
4070,2843,1,2022-06-19T14:00:00,1,Outbound,Technical Deep Dive,Voicemail,1,,,0,False
4071,1241,7,2030-06-15T10:00:00,0,Inbound,Check-In,No Show,1,,,0,False
4072,1364,16,2024-12-17T12:00:00,30,Outbound,Demo,Completed,7,0.63,31,3,True
4073,1251,9,2024-12-13T15:15:00,23,Inbound,Negotiation,Completed,3,0.54,57,4,True
4074,1918,1,2024-07-31T13:30:00,41,Outbound,Check-In,Completed,5,0.42,197,18,False
4075,1274,9,2023-05-08T16:45:00,39,Inbound,Follow-Up,Completed,7,0.69,66,13,True
4076,2758,11,2020-06-16T09:30:00,0,Outbound,Check-In,No Show,1,,,0,False
4077,4767,4,2024-09-23T10:00:00,25,Outbound,Demo,Completed,7,0.54,106,18,True
4078,3391,3,2024-06-04T14:45:00,-48,Outbound,Technical Deep Dive,Completed,4,0.53,174,19,True
4079,1322,1,2024-02-27T15:00:00,25,Inbound,Check-In,Completed,8,0.45,141,15,True
4080,1636,5,2023-11-28T09:15:00,0,Inbound,Negotiation,No Show,1,,,0,False
4081,4075,11,2023-03-30T14:15:00,16,Inbound,Negotiation,Completed,2,0.71,156,9,True
4082,756,8,2024-11-25T13:15:00,31,Outbound,QBR,Completed,3,0.51,63,15,False
4083,3805,15,2024-12-31T10:45:00,27,Outbound,Technical Deep Dive,Completed,5,0.65,192,6,False
4084,405,14,2024-02-09T08:00:00,37,Inbound,Technical Deep Dive,Completed,6,0.67,67,4,True
4085,215,4,2024-03-10T13:45:00,58,Outbound,Discovery,Rescheduled,1,,,0,False
4086,900,2,2021-12-22T10:15:00,15,Outbound,Negotiation,Completed,7,0.3,235,22,False
4087,4672,16,2024-08-05T11:00:00,16,Outbound,Follow-Up,Rescheduled,1,,,0,False
4088,3558,10,2024-06-12T17:45:00,29,Outbound,Negotiation,Completed,5,0.63,81,5,False
4089,1280,1,2024-09-29T10:00:00,36,Outbound,QBR,Completed,7,0.33,176,8,False
4090,1547,1,2024-12-30T16:30:00,28,Inbound,QBR,Rescheduled,1,,,0,False
4091,2068,1,2022-08-09T09:15:00,43,Outbound,Technical Deep Dive,Completed,2,0.39,50,7,True
4092,1284,14,2021-09-17T12:45:00,58,Outbound,Demo,Completed,6,0.75,80,13,True
4093,3798,10,2024-12-08T13:15:00,20,Outbound,Follow-Up,Completed,7,0.6,67,1,True
4094,655,16,2024-11-28T12:30:00,34,Inbound,Discovery,Completed,2,0.52,193,12,True
4095,2914,7,2022-05-03T15:15:00,21,Inbound,Follow-Up,Completed,7,0.65,193,15,True
4096,1141,2,2024-04-06T14:45:00,26,Outbound,QBR,Completed,2,0.35,209,20,True
4097,1347,6,2030-06-15T10:00:00,45,Outbound,Follow-Up,Completed,7,0.6,200,18,False
4098,318,8,2023-07-18T15:15:00,22,Outbound,Follow-Up,Completed,3,0.33,134,8,True
4099,2619,10,2022-11-18T12:30:00,58,Outbound,Demo,Completed,2,0.59,90,5,False
4100,3282,7,2023-11-14T14:30:00,21,Outbound,Demo,Completed,6,0.6,66,8,True
4101,707,4,2024-10-02T16:15:00,52,Inbound,Technical Deep Dive,Rescheduled,1,,,0,False
4102,2689,13,2024-08-04T10:45:00,32,Inbound,QBR,Completed,6,0.6,227,7,True
4103,1693,13,2024-11-02T17:30:00,0,Outbound,Negotiation,No Show,1,,,0,False
4104,2508,16,2024-10-22T12:30:00,32,Outbound,Discovery,Completed,8,0.61,65,4,True
4105,3683,9,2024-12-26T14:00:00,38,Outbound,QBR,Completed,4,0.46,150,18,True
4106,1523,2,2030-06-15T10:00:00,15,Outbound,Negotiation,Completed,4,0.35,211,10,True
4107,1302,16,2024-11-08T16:15:00,,Outbound,Follow-Up,Completed,4,0.4,182,12,True
4108,772,5,2024-12-22T12:00:00,53,Outbound,QBR,Completed,4,0.37,131,8,True
4109,3285,3,2024-09-24T14:45:00,27,Outbound,QBR,Completed,6,0.5,221,6,True
4110,3349,16,2024-06-18T11:00:00,29,Inbound,Negotiation,Completed,5,0.79,174,8,False
4111,2231,15,2023-08-26T14:45:00,51,Outbound,Check-In,Rescheduled,1,,,0,False
4112,3247,1,2021-06-23T13:00:00,,Outbound,Discovery,Completed,6,0.53,134,13,False
4113,3816,8,2024-12-21T14:15:00,30,Inbound,Technical Deep Dive,Completed,2,0.4,82,7,False
4114,1670,13,2030-06-15T10:00:00,51,Inbound,QBR,Completed,2,0.59,225,11,True
4115,1894,3,2021-11-07T11:15:00,30,Outbound,Check-In,Completed,6,0.34,117,10,True
4116,2218,3,2023-05-09T12:15:00,0,Outbound,Discovery,No Show,1,,,0,False
4117,3597,13,2023-07-25T10:45:00,57,Outbound,Discovery,Rescheduled,1,,,0,False
4118,4368,5,2024-08-06T08:00:00,40,Outbound,Demo,Completed,8,0.43,177,17,True
4119,737,9,2030-06-15T10:00:00,18,Outbound,Discovery,Completed,6,0.5,181,13,False
4120,3483,5,2024-08-02T13:00:00,47,Inbound,Check-In,Completed,3,0.61,218,18,True
4121,3527,5,2023-08-23T09:45:00,36,Outbound,Follow-Up,Completed,6,0.63,70,7,False
4122,1185,6,2024-08-05T15:15:00,45,Inbound,Discovery,Completed,4,0.61,55,11,False
4123,57,8,2024-11-27T14:45:00,44,Outbound,QBR,Completed,2,0.45,114,15,False
4124,3097,5,2024-04-26T11:15:00,55,Outbound,Check-In,Completed,3,0.55,136,14,True
4125,3022,14,2024-12-11T16:00:00,46,Outbound,Discovery,Rescheduled,1,,,0,False
4126,3137,9,2024-12-06T14:30:00,18,Inbound,QBR,Completed,3,0.62,197,7,False
4127,1537,11,2024-06-08T09:30:00,44,Outbound,Negotiation,Rescheduled,1,,,0,False
4128,568,7,2023-02-20T13:45:00,20,Outbound,Demo,Completed,4,0.36,42,24,True
4129,2971,14,2021-04-26T11:30:00,49,Outbound,Check-In,Completed,5,0.57,69,4,False
4130,1499,12,2024-09-12T13:45:00,0,Outbound,QBR,No Show,1,,,0,False
4131,3139,4,2024-12-27T14:30:00,51,Inbound,Negotiation,Completed,5,1.46,57,7,False
4132,2571,5,2023-07-06T11:45:00,55,Outbound,Follow-Up,Completed,5,0.55,210,12,False
4133,4289,3,2024-10-08T11:45:00,19,Outbound,Follow-Up,Completed,4,0.43,134,4,True
4134,1100,15,2024-12-20T16:45:00,18,Outbound,Negotiation,Completed,3,0.49,222,5,False
4135,3634,16,2024-12-01T16:00:00,49,Outbound,Discovery,Completed,7,0.57,189,13,True
4136,3547,2,2024-11-13T14:45:00,3,Inbound,Follow-Up,Voicemail,1,,,0,False
4137,1729,2,2022-09-03T11:15:00,46,Outbound,Negotiation,Rescheduled,1,,,0,False
4138,1930,12,2023-12-18T15:15:00,59,Outbound,Follow-Up,Completed,5,0.71,110,9,True
4139,1488,13,2023-11-22T15:45:00,,Inbound,Discovery,Rescheduled,1,,,0,False
4140,3662,5,2023-05-01T09:45:00,56,Inbound,Demo,Completed,7,0.42,107,19,True
4141,1059,1,2024-06-10T13:30:00,48,Outbound,Technical Deep Dive,Completed,4,0.42,187,22,False
4142,3735,13,2024-12-07T12:45:00,41,Outbound,Negotiation,Rescheduled,1,,,0,False
4143,4043,2,2023-11-16T11:15:00,2,Outbound,Follow-Up,Voicemail,1,,,0,False
4144,440,11,2022-12-02T11:45:00,0,Outbound,Demo,No Show,1,,,0,False
4145,4714,16,2024-06-20T16:15:00,42,Inbound,Discovery,Completed,5,0.69,186,7,False
4146,2522,2,2023-05-14T17:45:00,44,Outbound,Demo,Completed,2,0.6,164,15,True
4147,906,13,2023-12-17T15:00:00,42,Inbound,Follow-Up,Completed,6,0.64,79,7,False
4148,3165,12,2024-12-21T11:15:00,-18,Outbound,Discovery,Completed,6,0.71,106,11,True
4149,862,2,2024-11-05T13:15:00,33,Inbound,Follow-Up,Completed,8,0.4,142,9,False
4150,2172,16,2024-12-23T14:30:00,37,Outbound,Demo,Completed,5,0.72,51,4,False
4151,57,8,2030-06-15T10:00:00,56,Outbound,Check-In,Completed,8,0.41,174,4,False
4152,3751,6,2024-09-05T10:30:00,47,Outbound,Discovery,Rescheduled,1,,,0,False
4153,2312,10,2024-07-13T14:45:00,39,Inbound,Follow-Up,Rescheduled,1,,,0,False
4154,2227,14,2023-05-01T12:45:00,0,Outbound,Demo,No Show,1,,,0,False
4155,1625,13,2023-08-14T15:45:00,57,Outbound,Negotiation,Completed,6,0.68,145,3,True
4156,2759,1,2024-10-10T11:15:00,35,Outbound,Follow-Up,Completed,4,0.36,156,10,True
4157,2901,2,2024-10-07T11:00:00,58,Outbound,Follow-Up,Rescheduled,1,,,0,False
4158,4713,13,2020-10-14T14:15:00,27,Inbound,Discovery,Completed,6,0.63,217,13,False
4159,455,16,2030-06-15T10:00:00,23,Outbound,Demo,Completed,5,0.88,203,1,True
4160,3898,11,2024-08-16T12:15:00,45,Outbound,Check-In,Completed,6,0.56,84,10,True
4161,668,1,2023-04-21T12:45:00,42,Outbound,Demo,Completed,6,0.66,248,7,False
4162,4244,2,2024-04-08T13:15:00,47,Outbound,Follow-Up,Rescheduled,1,,,0,False
4163,1456,1,2024-01-31T16:00:00,0,Outbound,Demo,No Show,1,,,0,False
4164,1105,12,2023-11-18T13:45:00,20,Inbound,Technical Deep Dive,Completed,4,0.73,143,9,False
4165,1581,2,2023-02-19T10:30:00,20,Outbound,Follow-Up,Rescheduled,1,,,0,False
4166,4157,11,2024-12-17T16:00:00,36,Outbound,Follow-Up,Completed,8,0.6,44,4,True
4167,383,11,2024-07-06T12:00:00,33,Outbound,Check-In,Completed,7,1.28,172,16,False
4168,1655,6,2023-01-03T14:00:00,41,Outbound,Discovery,Completed,5,0.6,201,12,False
4169,404,3,2024-12-21T11:45:00,58,Inbound,Discovery,Completed,2,0.55,39,21,True
4170,131,3,2024-07-21T16:30:00,26,Outbound,Check-In,Rescheduled,1,,,0,False
4171,3083,3,2023-11-01T10:45:00,18,Outbound,Follow-Up,Rescheduled,1,,,0,False
4172,849,6,2024-03-22T16:15:00,0,Outbound,Technical Deep Dive,No Show,1,,,0,False
4173,2655,6,2022-08-22T14:00:00,31,Outbound,Discovery,Completed,4,1.36,211,17,True
4174,3461,12,2021-05-14T17:00:00,59,Outbound,Discovery,Completed,7,0.55,142,16,False
4175,3545,2,2022-03-26T16:45:00,20,Outbound,QBR,Completed,3,0.62,296,6,True
4176,565,9,2023-06-24T09:15:00,56,Outbound,Demo,Completed,6,0.67,209,16,True
4177,509,7,2024-08-20T09:30:00,49,Outbound,Discovery,Completed,2,0.43,139,15,True
4178,2479,16,2023-05-12T15:30:00,1,Outbound,Discovery,Voicemail,1,,,0,False
4179,3171,11,2024-12-13T12:45:00,28,Outbound,Discovery,Completed,5,0.56,220,9,False
4180,2662,4,2024-12-15T09:45:00,16,Outbound,Follow-Up,Completed,6,0.47,132,14,True
4181,430,2,2024-12-15T08:15:00,48,Inbound,Discovery,Completed,5,0.56,131,18,False
4182,1138,2,2024-12-17T09:45:00,21,Inbound,Discovery,Completed,5,0.5,39,8,True
4183,1270,1,2024-12-29T10:30:00,40,Inbound,Follow-Up,Completed,5,0.46,36,22,True
4184,2104,1,2024-07-12T09:00:00,28,Inbound,Technical Deep Dive,Completed,3,0.76,282,8,False
4185,3293,2,2024-12-28T13:15:00,42,Outbound,Negotiation,Completed,4,0.62,36,16,True
4186,3782,14,2024-01-13T11:30:00,32,Outbound,Follow-Up,Rescheduled,1,,,0,False
4187,4903,2,2022-12-20T11:45:00,20,Inbound,QBR,Completed,7,0.56,140,22,False
4188,1258,12,2023-11-01T09:30:00,54,Outbound,Demo,Rescheduled,1,,,0,False
4189,1328,7,2024-05-24T10:45:00,0,Inbound,Demo,No Show,1,,,0,False
4190,772,5,2030-06-15T10:00:00,39,Outbound,Follow-Up,Completed,4,0.45,31,6,False
4191,2463,12,2022-10-23T14:30:00,47,Outbound,Technical Deep Dive,Completed,7,0.63,133,9,False
4192,1318,4,2024-11-24T10:15:00,23,Outbound,Negotiation,Completed,3,0.51,127,11,True
4193,865,4,2023-11-15T09:15:00,47,Outbound,Demo,Completed,4,1.43,153,5,True
4194,2724,5,2024-12-24T14:30:00,35,Inbound,Negotiation,Completed,4,0.42,207,7,False
4195,4224,6,2024-01-30T16:45:00,42,Outbound,Negotiation,Completed,4,0.37,176,4,False
4196,4345,11,2024-12-24T16:30:00,23,Outbound,Follow-Up,Completed,7,0.4,52,10,True
4197,3224,13,2024-12-02T15:00:00,42,Outbound,Technical Deep Dive,Completed,7,0.74,169,14,False
4198,2467,8,2024-12-09T13:00:00,22,Outbound,Negotiation,Completed,5,0.63,56,9,False
4199,4783,6,2024-11-11T10:30:00,56,Outbound,Check-In,Completed,6,0.67,172,11,False
4200,3129,6,2024-07-04T09:45:00,35,Inbound,Negotiation,Completed,4,0.65,35,5,True
4201,1587,1,2022-04-11T11:15:00,0,Inbound,Follow-Up,No Show,1,,,0,False
4202,4258,9,2024-12-03T12:45:00,18,Outbound,Follow-Up,Completed,6,0.41,157,3,False
4203,1474,6,2023-11-24T10:00:00,42,Inbound,Demo,Completed,8,0.8,204,4,False
4204,3291,9,2023-09-14T09:30:00,51,Inbound,Check-In,Completed,6,0.69,155,9,True
4205,4358,15,2024-12-21T12:00:00,42,Inbound,Check-In,Completed,4,0.55,162,6,False
4206,524,7,2023-03-09T10:30:00,20,Inbound,Technical Deep Dive,Rescheduled,1,,,0,False
4207,4723,14,2023-07-08T13:30:00,18,Outbound,Negotiation,Completed,3,0.73,180,7,True
4208,1635,9,2023-07-13T12:45:00,41,Outbound,Check-In,Rescheduled,1,,,0,False
4209,2341,10,2024-12-03T15:00:00,0,Outbound,Discovery,No Show,1,,,0,False
4210,4243,10,2024-08-09T15:45:00,25,Outbound,Technical Deep Dive,Completed,8,0.68,115,5,True
4211,1903,11,2024-09-11T17:45:00,26,Outbound,Technical Deep Dive,Completed,3,0.72,161,7,True
4212,3388,11,2021-06-05T15:00:00,40,Outbound,Negotiation,Completed,7,0.75,113,11,False
4213,588,6,2021-09-04T15:30:00,3,Outbound,Discovery,Voicemail,1,,,0,False
4214,212,5,2023-02-15T17:30:00,30,Outbound,Check-In,Completed,7,0.48,57,13,True
4215,4357,9,2023-08-12T15:45:00,38,Outbound,QBR,Completed,8,0.51,62,3,True
4216,532,2,2023-10-31T14:15:00,42,Inbound,Discovery,Completed,6,0.35,49,12,True
4217,3576,2,2024-11-29T12:00:00,27,Inbound,Negotiation,Completed,6,0.41,78,12,True
4218,4862,3,2024-02-12T13:45:00,35,Outbound,Check-In,Completed,2,0.52,76,13,True
4219,2,2,2024-05-05T15:00:00,0,Outbound,QBR,No Show,1,,,0,False
4220,802,16,2023-10-29T13:00:00,31,Outbound,QBR,Completed,5,0.68,234,11,True
4221,4816,16,2024-12-08T15:45:00,-21,Outbound,Check-In,Completed,8,0.37,169,19,True
4222,726,7,2024-07-21T15:45:00,3,Inbound,Technical Deep Dive,Voicemail,1,,,0,False
4223,1715,10,2024-05-19T13:45:00,0,Inbound,Technical Deep Dive,No Show,1,,,0,False
4224,3270,5,2022-08-22T12:15:00,44,Outbound,Discovery,Completed,8,0.38,91,16,True
4225,1937,10,2024-12-17T11:30:00,0,Inbound,QBR,No Show,1,,,0,False
4226,1600,7,2022-02-22T14:00:00,23,Inbound,Follow-Up,Completed,3,0.39,49,11,True
4227,646,6,2024-12-29T15:00:00,39,Outbound,Follow-Up,Completed,8,0.61,39,4,False
4228,3461,12,2021-03-16T16:45:00,0,Inbound,Check-In,No Show,1,,,0,False
4229,576,9,2022-07-24T10:30:00,40,Outbound,Technical Deep Dive,Rescheduled,1,,,0,False
4230,2650,2,2023-10-18T10:00:00,32,Outbound,QBR,Completed,7,0.56,258,6,True
4231,159,8,2024-02-24T12:15:00,16,Outbound,Technical Deep Dive,Completed,5,0.5,171,16,False
4232,4489,4,2024-12-08T13:30:00,,Outbound,QBR,Completed,6,0.42,232,11,False
4233,3900,14,2024-12-06T13:45:00,43,Outbound,Demo,Completed,6,0.61,155,9,False
4234,3706,6,2022-04-12T08:30:00,52,Inbound,Discovery,Completed,4,0.46,118,12,False
4235,4568,3,2024-10-12T15:45:00,36,Outbound,QBR,Completed,6,0.38,213,12,False
4236,40,6,2024-05-28T14:45:00,59,Inbound,Technical Deep Dive,Completed,8,0.43,215,10,False
4237,3687,15,2024-09-15T09:15:00,36,Outbound,Check-In,Completed,6,0.78,88,8,False
4238,2096,11,2024-11-13T12:45:00,2,Outbound,Demo,Voicemail,1,,,0,False
4239,2571,3,2024-11-13T12:00:00,37,Outbound,Discovery,Completed,2,0.57,116,14,False
4240,1201,1,2024-10-29T17:15:00,0,Outbound,Technical Deep Dive,No Show,1,,,0,False
4241,1937,10,2024-12-05T11:30:00,36,Outbound,Demo,Completed,3,0.85,235,13,False
4242,1266,8,2024-12-29T11:45:00,57,Outbound,Demo,Completed,5,0.62,94,20,False
4243,3075,10,2024-09-25T15:15:00,60,Outbound,Technical Deep Dive,Completed,3,0.48,91,20,True
4244,31,1,2024-12-10T10:15:00,23,Outbound,QBR,Completed,8,0.41,110,10,True
4245,889,3,2023-10-12T09:00:00,22,Outbound,Demo,Completed,3,0.64,107,16,True
4246,12,6,2024-01-22T10:00:00,1,Inbound,Discovery,Voicemail,1,,,0,False
4247,2429,16,2024-12-25T17:15:00,55,Outbound,Negotiation,Completed,3,0.73,127,4,False
4248,3667,1,2022-08-02T13:30:00,57,Outbound,Technical Deep Dive,Completed,5,0.41,69,6,True
4249,2141,16,2024-12-13T12:30:00,0,Outbound,Demo,No Show,1,,,0,False
4250,714,7,2022-09-09T15:00:00,52,Outbound,Demo,Rescheduled,1,,,0,False
4251,752,3,2023-05-15T13:15:00,58,Inbound,Discovery,Completed,8,0.53,183,7,False
4252,3452,16,2024-12-26T15:15:00,59,Inbound,Demo,Completed,8,0.72,213,6,False
4253,2282,2,2024-05-06T11:15:00,37,Inbound,Follow-Up,Completed,5,0.71,160,12,True
4254,3699,16,2024-10-07T15:15:00,15,Outbound,Demo,Completed,7,0.58,73,4,True
4255,4790,1,2024-07-03T12:15:00,0,Outbound,QBR,No Show,1,,,0,False
4256,1253,16,2024-12-10T13:00:00,59,Outbound,Negotiation,Rescheduled,1,,,0,False
4257,672,8,2024-03-05T08:00:00,41,Outbound,Negotiation,Completed,5,0.36,104,17,True
4258,2968,4,2024-12-20T10:15:00,21,Outbound,Check-In,Completed,3,0.37,58,20,True
4259,4554,9,2024-05-31T13:45:00,33,Outbound,Follow-Up,Completed,2,0.57,93,8,True
4260,154,3,2022-06-11T14:30:00,60,Inbound,Demo,Completed,8,0.59,103,8,False
4261,4804,14,2024-06-20T14:30:00,0,Inbound,Technical Deep Dive,No Show,1,,,0,False
4262,1951,12,2023-10-23T11:30:00,38,Outbound,Discovery,Completed,4,0.4,147,13,False
4263,241,9,2024-10-13T09:15:00,41,Outbound,Technical Deep Dive,Completed,3,0.57,233,8,False
4264,1759,16,2024-12-05T10:30:00,3,Outbound,Technical Deep Dive,Voicemail,1,,,0,False
4265,1042,7,2022-03-14T11:15:00,29,Outbound,Follow-Up,Rescheduled,1,,,0,False
4266,2718,5,2030-06-15T10:00:00,60,Outbound,Technical Deep Dive,Completed,2,1.19,182,17,False
4267,4738,11,2021-10-12T11:45:00,0,Outbound,QBR,No Show,1,,,0,False
4268,4529,13,2022-10-28T10:45:00,36,Outbound,QBR,Completed,3,0.61,120,13,False
4269,2009,13,2024-12-05T14:30:00,3,Outbound,Follow-Up,Voicemail,1,,,0,False
4270,1709,15,2024-12-10T12:30:00,48,Outbound,Follow-Up,Completed,5,0.61,139,4,False
4271,154,3,2022-06-03T16:00:00,19,Outbound,Demo,Completed,7,0.36,131,9,True
4272,1231,1,2024-10-04T13:00:00,45,Outbound,Demo,Completed,8,0.37,130,9,True
4273,3014,7,2024-12-13T10:00:00,41,Inbound,Technical Deep Dive,Completed,5,0.47,88,19,False
4274,810,15,2024-12-23T12:30:00,25,Outbound,Technical Deep Dive,Completed,4,0.49,191,16,True
4275,321,8,2024-12-31T09:15:00,22,Outbound,Follow-Up,Completed,6,0.41,48,7,True
4276,4596,2,2024-12-29T15:45:00,42,Outbound,Demo,Completed,7,0.55,54,7,True
4277,1559,14,2022-06-18T08:45:00,26,Outbound,QBR,Completed,2,0.72,136,5,True
4278,3563,10,2024-12-02T14:30:00,60,Outbound,Demo,Rescheduled,1,,,0,False
4279,1828,3,2024-10-16T11:45:00,0,Inbound,Negotiation,No Show,1,,,0,False
4280,3208,16,2024-12-14T12:15:00,,Outbound,Demo,Completed,5,0.6,227,4,True
4281,3594,7,2023-06-26T14:30:00,59,Outbound,Check-In,Completed,2,0.57,97,18,False
4282,2664,12,2024-01-05T14:00:00,29,Outbound,Negotiation,Completed,3,0.48,78,18,False
4283,4110,3,2023-05-30T10:30:00,30,Inbound,Negotiation,Completed,5,0.51,39,6,True
4284,1797,15,2024-06-03T13:15:00,51,Outbound,Check-In,Rescheduled,1,,,0,False
4285,585,13,2023-03-11T13:00:00,43,Inbound,Technical Deep Dive,Rescheduled,1,,,0,False
4286,2837,8,2024-03-22T11:30:00,33,Outbound,Technical Deep Dive,Completed,4,0.52,91,6,True
4287,1074,1,2030-06-15T10:00:00,41,Outbound,Follow-Up,Completed,7,1.46,73,22,True
4288,4770,12,2023-08-21T15:45:00,29,Outbound,Technical Deep Dive,Completed,2,0.41,43,18,True
4289,4586,10,2023-04-25T14:00:00,30,Outbound,Follow-Up,Rescheduled,1,,,0,False
4290,1625,2,2024-12-16T13:30:00,3,Inbound,Discovery,Voicemail,1,,,0,False
4291,3835,5,2023-12-12T17:15:00,43,Outbound,Discovery,Rescheduled,1,,,0,False
4292,791,10,2024-04-20T11:00:00,16,Outbound,QBR,Completed,2,0.7,123,18,False
4293,4482,15,2024-12-06T10:30:00,15,Inbound,Demo,Completed,5,0.68,209,3,True
4294,2905,14,2023-10-15T08:15:00,22,Outbound,Check-In,Completed,6,0.51,176,13,False
4295,3325,13,2024-11-12T12:45:00,28,Outbound,Technical Deep Dive,Rescheduled,1,,,0,False
4296,674,8,2023-03-10T12:00:00,56,Outbound,Follow-Up,Completed,4,0.74,83,3,False
4297,4030,7,2024-02-03T14:00:00,40,Inbound,Discovery,Completed,6,0.58,173,18,True
4298,421,13,2023-11-05T09:45:00,57,Outbound,Check-In,Completed,7,0.72,34,1,False
4299,1665,13,2024-12-28T10:00:00,29,Inbound,Demo,Completed,5,0.55,87,13,True
4300,1129,4,2023-10-08T12:45:00,2,Outbound,QBR,Voicemail,1,,,0,False
4301,4470,16,2030-06-15T10:00:00,37,Outbound,Discovery,Completed,4,0.47,145,9,False
4302,887,4,2024-06-24T16:00:00,0,Outbound,Technical Deep Dive,No Show,1,,,0,False
4303,2603,16,2023-05-12T16:30:00,32,Outbound,Check-In,Completed,4,0.49,140,10,False
4304,4728,12,2024-07-28T14:30:00,55,Inbound,Technical Deep Dive,Completed,5,0.66,196,12,True
4305,2008,11,2021-10-21T14:30:00,60,Outbound,Demo,Completed,7,0.51,50,14,True
4306,4459,5,2024-06-20T15:00:00,38,Outbound,Discovery,Completed,5,0.54,150,10,True
4307,4530,7,2024-04-25T09:45:00,38,Outbound,Discovery,Completed,2,0.39,103,12,False
4308,4213,14,2023-04-25T12:30:00,54,Outbound,Technical Deep Dive,Completed,5,0.68,53,5,True
4309,3708,8,2030-06-15T10:00:00,25,Outbound,Demo,Completed,5,0.64,51,8,False
4310,1054,14,2023-03-31T11:30:00,25,Outbound,Technical Deep Dive,Completed,6,0.66,54,9,False
4311,2284,9,2022-06-04T09:45:00,59,Outbound,Negotiation,Completed,8,0.44,63,10,True
4312,1622,6,2024-09-08T12:15:00,21,Inbound,Discovery,Completed,7,0.4,104,17,True
4313,4620,1,2022-10-26T15:30:00,43,Outbound,Negotiation,Completed,2,0.58,240,18,True
4314,401,8,2024-12-16T16:45:00,30,Outbound,Discovery,Rescheduled,1,,,0,False
4315,2718,5,2023-12-23T10:15:00,0,Outbound,Demo,No Show,1,,,0,False
4316,249,5,2024-04-10T11:30:00,56,Inbound,Negotiation,Completed,6,0.54,129,17,True
4317,116,1,2024-02-10T11:45:00,46,Inbound,Negotiation,Rescheduled,1,,,0,False
4318,2477,1,2024-01-04T15:30:00,16,Inbound,Follow-Up,Completed,2,0.61,93,22,True
4319,2779,5,2024-04-09T15:30:00,-36,Inbound,Technical Deep Dive,Rescheduled,1,,,0,False
4320,435,16,2024-09-02T15:00:00,32,Outbound,Check-In,Completed,8,0.63,162,4,False
4321,4756,4,2023-11-09T14:30:00,0,Outbound,QBR,No Show,1,,,0,False
4322,2897,10,2024-12-11T11:15:00,36,Outbound,Demo,Completed,2,0.4,203,11,False
4323,995,11,2022-06-03T11:15:00,38,Inbound,Negotiation,Completed,2,0.66,102,4,False
4324,3167,15,2024-12-25T12:00:00,42,Outbound,Demo,Completed,5,0.45,185,6,False
4325,705,12,2024-02-02T14:00:00,24,Outbound,Discovery,Completed,3,0.63,197,5,False
4326,3137,9,2024-12-11T10:00:00,34,Outbound,Demo,Completed,4,0.43,227,3,False
4327,3011,14,2024-12-17T11:30:00,39,Outbound,Follow-Up,Completed,6,0.6,213,10,False
4328,226,8,2024-06-02T10:15:00,29,Outbound,Negotiation,Completed,8,0.78,36,4,False
4329,4016,12,2024-12-14T11:00:00,49,Outbound,Technical Deep Dive,Rescheduled,1,,,0,False
4330,2738,14,2023-07-15T15:45:00,19,Outbound,Check-In,Completed,3,0.44,61,4,False
4331,4488,13,2022-05-21T13:00:00,44,Inbound,Negotiation,Completed,4,0.72,56,14,True
4332,3295,16,2024-11-22T11:15:00,2,Outbound,Negotiation,Voicemail,1,,,0,False
4333,2192,16,2024-12-04T14:15:00,30,Outbound,Demo,Completed,2,0.64,122,9,False
4334,328,1,2020-08-24T15:00:00,40,Outbound,Demo,Completed,7,0.56,104,3,True
4335,4166,2,2024-06-19T14:15:00,45,Outbound,QBR,Completed,3,0.59,55,18,False
4336,4858,14,2022-10-25T15:00:00,35,Inbound,Negotiation,Completed,3,0.72,195,3,True
4337,3731,11,2024-12-30T13:45:00,38,Outbound,QBR,Completed,6,1.24,52,8,True
4338,3629,9,2030-06-15T10:00:00,51,Inbound,Demo,Completed,7,0.58,174,6,True
4339,1410,1,2024-10-25T14:15:00,27,Outbound,Technical Deep Dive,Completed,5,0.68,300,2,True
4340,3716,4,2024-10-29T12:15:00,22,Outbound,QBR,Rescheduled,1,,,0,False
4341,4555,15,2030-06-15T10:00:00,60,Outbound,Demo,Completed,7,0.7,64,16,False
4342,4560,7,2024-09-07T11:45:00,48,Outbound,Demo,Completed,3,0.58,186,20,False
4343,977,12,2024-01-04T09:45:00,54,Outbound,Check-In,Completed,4,0.66,118,9,False
4344,3926,16,2024-12-21T12:45:00,2,Outbound,QBR,Voicemail,1,,,0,False
4345,2720,6,2024-05-07T12:45:00,46,Outbound,Check-In,Rescheduled,1,,,0,False
4346,581,8,2024-03-04T10:30:00,53,Outbound,Follow-Up,Completed,3,0.47,61,15,False
4347,994,1,2024-02-07T10:15:00,24,Outbound,QBR,Completed,4,0.33,108,20,True
4348,4557,4,2024-11-24T09:15:00,55,Inbound,Demo,Completed,2,0.42,172,8,False
4349,3798,10,2024-12-20T15:00:00,0,Outbound,Technical Deep Dive,No Show,1,,,0,False
4350,3664,16,2024-09-28T13:45:00,20,Outbound,Discovery,Completed,4,1.12,112,5,True
4351,1241,7,2023-06-22T11:45:00,23,Outbound,Negotiation,Completed,7,0.53,205,5,False
4352,54,4,2021-07-19T15:45:00,0,Outbound,QBR,No Show,1,,,0,False
4353,4885,1,2024-12-07T13:00:00,18,Outbound,Negotiation,Completed,2,0.7,180,13,True
4354,4998,6,2024-07-17T11:45:00,34,Inbound,Follow-Up,Completed,6,0.64,34,17,False
4355,3762,2,2024-01-30T13:00:00,54,Inbound,Demo,Completed,5,0.43,166,19,True
4356,2290,12,2023-08-06T09:30:00,27,Inbound,Follow-Up,Completed,3,0.62,249,3,True
4357,1946,16,2024-12-08T10:30:00,45,Outbound,Technical Deep Dive,Completed,3,0.74,229,11,True
4358,2387,5,2024-12-05T13:00:00,36,Outbound,Demo,Completed,7,0.48,230,16,False
4359,3087,11,2024-12-19T11:00:00,-40,Outbound,Demo,Completed,8,0.46,133,9,True
4360,1386,16,2024-05-26T12:15:00,58,Inbound,Negotiation,Completed,2,0.49,231,16,True
4361,3959,9,2024-12-16T09:15:00,19,Outbound,Negotiation,Completed,6,0.65,156,12,False
4362,956,15,2024-12-22T11:30:00,34,Outbound,Discovery,Completed,7,0.72,95,9,True
4363,26,7,2023-12-17T15:45:00,47,Outbound,Demo,Completed,4,0.82,129,5,True
4364,3348,13,2024-11-13T15:30:00,2,Outbound,Negotiation,Voicemail,1,,,0,False
4365,868,10,2021-02-08T14:15:00,18,Inbound,Check-In,Completed,5,0.62,31,7,True
4366,4118,1,2022-01-12T09:45:00,36,Inbound,QBR,Completed,3,0.51,243,7,False
4367,2058,8,2023-11-11T15:15:00,51,Outbound,Technical Deep Dive,Completed,2,1.02,228,4,False
4368,1158,14,2024-04-28T11:15:00,3,Inbound,QBR,Voicemail,1,,,0,False
4369,609,7,2022-02-04T08:30:00,57,Inbound,Demo,Rescheduled,1,,,0,False
4370,3273,3,2024-12-19T13:45:00,29,Inbound,Discovery,Completed,7,0.63,134,10,True
4371,4100,3,2023-09-06T13:15:00,,Outbound,Check-In,Completed,7,0.49,63,15,True
4372,385,2,2024-12-05T15:15:00,18,Inbound,QBR,Completed,7,0.37,193,10,True
4373,3802,11,2023-10-04T14:30:00,,Outbound,Demo,Completed,3,0.56,187,11,True
4374,3046,4,2024-12-03T11:45:00,18,Inbound,Follow-Up,Completed,6,0.5,95,10,True
4375,4597,5,2020-12-03T14:45:00,1,Outbound,Negotiation,Voicemail,1,,,0,False
4376,3660,14,2023-11-10T13:15:00,16,Inbound,Negotiation,Completed,4,0.49,216,5,False
4377,95,1,2024-12-20T12:45:00,48,Outbound,Discovery,Completed,5,0.58,207,8,False
4378,1875,15,2024-11-16T13:00:00,48,Inbound,Demo,Completed,6,0.71,186,11,True
4379,1373,1,2022-03-14T10:00:00,56,Outbound,Demo,Completed,4,0.47,122,15,False
4380,2065,10,2024-08-14T10:00:00,1,Inbound,Negotiation,Voicemail,1,,,0,False
4381,337,2,2024-07-21T15:45:00,48,Inbound,Discovery,Completed,2,0.28,120,27,True
4382,2502,16,2024-12-16T13:45:00,3,Inbound,Demo,Voicemail,1,,,0,False
4383,1426,12,2022-01-19T17:45:00,37,Outbound,Follow-Up,Completed,5,0.72,234,9,True
4384,2596,4,2024-12-24T11:15:00,40,Outbound,Follow-Up,Completed,5,0.4,77,14,True
4385,4745,2,2024-03-19T16:00:00,,Outbound,Demo,Completed,7,0.52,126,8,True
4386,660,1,2024-11-02T12:45:00,55,Outbound,Technical Deep Dive,Completed,6,0.47,154,8,True
4387,2531,4,2024-03-19T08:15:00,0,Outbound,Discovery,No Show,1,,,0,False
4388,1094,4,2024-12-27T10:45:00,36,Inbound,Negotiation,Rescheduled,1,,,0,False
4389,2316,6,2023-01-16T15:30:00,55,Inbound,Demo,Completed,6,0.38,192,5,False
4390,861,16,2024-12-05T14:30:00,23,Outbound,Check-In,Completed,4,0.59,130,14,False
4391,596,2,2024-08-05T13:15:00,0,Outbound,Demo,No Show,1,,,0,False
4392,877,10,2024-12-01T12:45:00,32,Inbound,Negotiation,Completed,5,0.45,195,15,False
4393,4429,15,2024-12-13T12:15:00,27,Outbound,Technical Deep Dive,Completed,4,0.68,44,2,False
4394,4261,12,2024-12-05T12:45:00,52,Inbound,Technical Deep Dive,Completed,8,0.47,81,12,True
4395,3022,14,2024-12-29T08:45:00,37,Inbound,Demo,Completed,4,0.67,37,4,True
4396,4504,15,2024-12-30T14:30:00,2,Outbound,Technical Deep Dive,Voicemail,1,,,0,False
4397,1027,9,2023-02-14T10:15:00,43,Outbound,Discovery,Completed,7,0.5,197,13,False
4398,4839,7,2023-12-16T11:15:00,36,Outbound,Follow-Up,Completed,2,0.41,77,12,False
4399,63,4,2024-01-28T12:30:00,41,Outbound,Check-In,Completed,6,0.5,113,20,True
4400,4038,9,2021-08-29T11:30:00,0,Outbound,Follow-Up,No Show,1,,,0,False
4401,195,6,2024-05-02T09:00:00,27,Outbound,Demo,Completed,6,0.7,233,5,True
4402,1023,6,2024-12-07T09:15:00,36,Outbound,QBR,Completed,6,0.36,58,14,True
4403,258,10,2022-08-16T16:30:00,34,Outbound,Check-In,Completed,8,0.6,237,15,True
4404,4503,14,2024-10-16T15:15:00,28,Outbound,Follow-Up,Completed,4,0.65,151,6,False
4405,3802,11,2023-10-24T14:00:00,54,Outbound,QBR,Completed,8,0.49,120,17,False
4406,4774,14,2024-07-22T10:30:00,27,Inbound,Demo,Completed,3,0.62,131,7,True
4407,3081,16,2021-06-09T12:45:00,26,Inbound,QBR,Completed,2,0.47,56,4,True
4408,1420,5,2023-04-26T14:30:00,0,Outbound,Negotiation,No Show,1,,,0,False
4409,104,4,2024-12-07T10:15:00,43,Inbound,Discovery,Completed,8,0.53,45,12,False
4410,2284,9,2022-05-10T10:00:00,32,Inbound,Demo,Completed,7,0.54,231,8,False
4411,3872,11,2024-06-04T14:00:00,53,Outbound,Demo,Completed,6,0.42,68,11,False
4412,546,5,2024-12-19T11:45:00,0,Outbound,Discovery,No Show,1,,,0,False
4413,2512,3,2024-12-31T11:00:00,45,Outbound,Follow-Up,Completed,3,0.35,136,8,False
4414,3547,2,2024-09-04T14:45:00,17,Outbound,Demo,Completed,6,0.31,230,19,False
4415,4385,13,2022-11-03T11:45:00,18,Inbound,QBR,Completed,5,0.61,148,11,False
4416,4531,10,2024-07-20T12:15:00,35,Inbound,Negotiation,Completed,5,1.28,106,4,False
4417,2616,5,2024-07-27T16:45:00,35,Outbound,Technical Deep Dive,Completed,5,0.68,140,15,False
4418,517,9,2023-02-25T15:15:00,45,Outbound,Demo,Completed,3,0.84,108,9,False
4419,590,11,2024-09-20T10:00:00,21,Outbound,Follow-Up,Completed,3,0.58,66,16,True
4420,3292,8,2024-10-20T14:15:00,1,Inbound,QBR,Voicemail,1,,,0,False
4421,1952,9,2024-05-20T13:30:00,31,Inbound,QBR,Completed,2,0.72,179,9,True
4422,4348,3,2020-08-13T14:15:00,28,Outbound,Discovery,Rescheduled,1,,,0,False
4423,1115,3,2022-12-15T10:15:00,26,Outbound,Follow-Up,Completed,2,0.63,212,16,True
4424,3688,1,2030-06-15T10:00:00,54,Outbound,Discovery,Completed,4,0.42,217,9,True
4425,4177,12,2023-03-29T16:30:00,33,Outbound,Follow-Up,Completed,5,0.57,31,17,True
4426,1688,4,2024-02-09T12:15:00,3,Inbound,Discovery,Voicemail,1,,,0,False
4427,2333,5,2024-10-02T17:45:00,55,Outbound,Follow-Up,Completed,3,0.61,151,11,False
4428,2565,10,2030-06-15T10:00:00,26,Inbound,QBR,Completed,6,0.62,118,4,False
4429,1870,1,2022-12-19T13:45:00,22,Outbound,Technical Deep Dive,Completed,4,0.6,217,18,False
4430,134,7,2024-04-25T15:30:00,29,Inbound,Follow-Up,Completed,5,0.35,60,10,False
4431,3944,13,2024-12-15T11:15:00,20,Outbound,Technical Deep Dive,Completed,3,0.48,62,7,True
4432,359,8,2021-07-11T15:15:00,0,Inbound,Technical Deep Dive,No Show,1,,,0,False
4433,3853,3,2024-12-25T15:45:00,57,Outbound,Technical Deep Dive,Completed,4,0.38,126,15,True
4434,1885,2,2030-06-15T10:00:00,41,Inbound,Follow-Up,Completed,7,0.45,96,8,False
4435,3788,16,2024-09-03T11:45:00,27,Outbound,Follow-Up,Completed,7,0.61,43,11,False
4436,707,4,2024-08-02T12:45:00,57,Outbound,Negotiation,Completed,6,0.73,114,13,False
4437,1330,15,2030-06-15T10:00:00,0,Outbound,Follow-Up,No Show,1,,,0,False
4438,1587,1,2022-02-19T12:30:00,-42,Outbound,Discovery,Completed,2,0.37,68,6,True
4439,2969,6,2024-05-22T15:15:00,59,Inbound,Technical Deep Dive,Completed,6,0.58,205,9,True
4440,1925,1,2024-09-13T14:45:00,31,Outbound,Check-In,Completed,6,0.72,202,2,False
4441,3583,9,2024-12-11T10:15:00,43,Outbound,Demo,Completed,2,0.71,60,16,True
4442,640,13,2024-02-27T11:30:00,0,Inbound,Follow-Up,No Show,1,,,0,False
4443,4307,11,2024-04-05T12:15:00,54,Inbound,Discovery,Completed,4,0.56,74,9,False
4444,3869,13,2024-02-07T11:15:00,35,Outbound,Discovery,Completed,3,0.69,279,1,False
4445,1724,1,2021-11-25T12:30:00,25,Outbound,QBR,Completed,3,0.54,246,13,False
4446,4988,9,2024-05-23T16:15:00,28,Outbound,Negotiation,Completed,7,0.43,139,10,False
4447,3780,3,2024-12-04T10:30:00,38,Outbound,Demo,Completed,6,0.61,79,2,False
4448,2226,10,2024-12-06T12:15:00,34,Outbound,Demo,Completed,3,0.64,209,10,False
4449,3181,15,2024-12-30T14:00:00,0,Outbound,Follow-Up,No Show,1,,,0,False
4450,358,15,2022-06-01T15:30:00,53,Outbound,Follow-Up,Completed,5,0.58,111,9,False
4451,4481,7,2021-02-09T16:00:00,56,Outbound,Check-In,Rescheduled,1,,,0,False
4452,675,1,2024-04-23T15:45:00,21,Inbound,Negotiation,Rescheduled,1,,,0,False
4453,3308,9,2023-03-11T16:00:00,27,Outbound,Follow-Up,Completed,3,0.65,75,3,False
4454,768,15,2022-09-29T11:15:00,0,Outbound,QBR,No Show,1,,,0,False
4455,3191,14,2024-12-09T15:30:00,39,Outbound,Discovery,Completed,6,0.53,110,4,False
4456,1778,15,2024-02-19T09:00:00,46,Outbound,Discovery,Completed,2,0.63,85,13,False
4457,86,15,2024-12-20T16:15:00,45,Outbound,Discovery,Completed,2,0.46,231,11,False
4458,3941,5,2024-06-18T14:15:00,45,Inbound,Demo,Rescheduled,1,,,0,False
4459,2825,15,2024-12-15T12:45:00,54,Inbound,Technical Deep Dive,Completed,5,0.69,164,10,False
4460,1848,7,2024-08-06T12:15:00,43,Inbound,QBR,Completed,4,0.43,221,10,False
4461,1501,15,2024-10-30T10:30:00,49,Inbound,Negotiation,Completed,6,0.75,32,6,True
4462,3087,11,2024-12-01T11:45:00,37,Inbound,Check-In,Completed,5,0.72,204,18,False
4463,4545,15,2030-06-15T10:00:00,25,Outbound,Check-In,Completed,2,0.44,165,11,False
4464,4325,1,2024-09-22T12:00:00,57,Inbound,Negotiation,Rescheduled,1,,,0,False
4465,1559,14,2022-05-05T11:15:00,1,Outbound,Demo,Voicemail,1,,,0,False
4466,3534,14,2022-06-19T15:00:00,32,Outbound,Check-In,Completed,5,0.92,247,4,False
4467,4728,12,2024-09-04T15:15:00,0,Outbound,Discovery,No Show,1,,,0,False
4468,4330,5,2023-01-19T12:15:00,16,Outbound,QBR,Completed,4,0.69,78,16,True
4469,3223,5,2024-11-23T15:00:00,60,Outbound,Check-In,Rescheduled,1,,,0,False
4470,1709,15,2024-11-21T11:45:00,,Outbound,Check-In,Completed,8,0.49,235,3,False
4471,2251,7,2024-02-23T17:00:00,49,Outbound,Technical Deep Dive,Rescheduled,1,,,0,False
4472,4706,8,2024-07-04T12:30:00,19,Inbound,Discovery,Completed,8,0.47,132,19,True
4473,2271,10,2024-11-11T13:00:00,43,Outbound,Negotiation,Completed,5,0.72,189,3,True
4474,3630,4,2023-10-16T09:15:00,27,Outbound,Technical Deep Dive,Completed,8,0.45,237,13,True
4475,942,2,2024-09-15T14:30:00,22,Outbound,Negotiation,Completed,3,0.34,111,24,True
4476,293,1,2024-12-04T14:15:00,28,Outbound,Demo,Completed,7,0.44,163,19,False
4477,2413,2,2024-12-29T16:30:00,41,Inbound,Technical Deep Dive,Completed,4,0.48,119,20,False
4478,2993,3,2023-01-27T15:15:00,42,Outbound,Check-In,Completed,3,0.46,132,10,False
4479,779,14,2022-12-25T17:30:00,31,Outbound,QBR,Completed,3,0.74,104,7,True
4480,1580,15,2024-09-20T13:00:00,26,Outbound,QBR,Completed,6,0.61,203,6,True
4481,550,5,2024-04-30T11:45:00,51,Outbound,Demo,Completed,4,0.35,175,14,True
4482,353,10,2024-06-26T11:45:00,27,Outbound,Check-In,Completed,6,0.55,138,13,False
4483,736,16,2024-10-05T09:30:00,59,Inbound,Check-In,Completed,6,0.67,201,8,False
4484,1014,13,2023-11-01T10:15:00,39,Outbound,Negotiation,Completed,7,0.45,122,13,False
4485,2389,1,2024-12-26T12:30:00,35,Inbound,Negotiation,Completed,3,0.57,70,8,True
4486,4414,12,2023-10-31T14:15:00,,Inbound,QBR,Voicemail,1,,,0,False
4487,2542,3,2024-09-20T15:00:00,58,Outbound,Check-In,Rescheduled,1,,,0,False
4488,1516,13,2024-11-19T13:15:00,31,Outbound,Demo,Completed,6,0.65,199,13,True
4489,2036,10,2030-06-15T10:00:00,3,Outbound,Follow-Up,Voicemail,1,,,0,False
4490,275,13,2030-06-15T10:00:00,59,Inbound,QBR,Completed,4,0.47,92,8,False
4491,504,2,2023-01-15T09:45:00,47,Inbound,Check-In,Completed,4,0.64,145,19,True
4492,4821,7,2024-04-22T13:45:00,18,Outbound,Technical Deep Dive,Completed,4,0.36,209,10,False
4493,1497,11,2022-11-12T16:15:00,27,Inbound,QBR,Completed,3,0.72,242,6,False
4494,3184,9,2024-04-02T12:15:00,31,Outbound,Discovery,Completed,3,0.52,103,10,True
4495,434,3,2024-10-09T12:15:00,58,Outbound,Follow-Up,Completed,5,0.59,153,19,True
4496,708,15,2024-12-28T17:45:00,59,Outbound,Negotiation,Completed,8,0.57,166,4,True
4497,1172,9,2024-10-07T16:00:00,47,Inbound,QBR,Completed,3,0.63,134,14,False
4498,2918,4,2024-03-23T11:45:00,0,Outbound,Technical Deep Dive,No Show,1,,,0,False
4499,4752,13,2023-11-08T13:15:00,21,Outbound,Technical Deep Dive,Completed,5,0.71,163,6,False
4500,2269,6,2024-12-01T14:00:00,39,Outbound,QBR,Completed,6,0.55,157,17,True
4501,2930,14,2024-11-23T09:15:00,58,Inbound,Demo,Completed,6,0.49,117,17,True
4502,3379,5,2023-01-03T15:15:00,0,Outbound,Technical Deep Dive,No Show,1,,,0,False
4503,2252,9,2024-09-28T15:30:00,24,Outbound,QBR,Completed,5,0.63,281,9,True
4504,606,14,2024-05-07T12:00:00,49,Inbound,Follow-Up,Completed,2,0.72,237,13,True
4505,4644,14,2024-08-21T13:00:00,,Inbound,Negotiation,Completed,3,0.57,164,5,True
4506,1578,8,2023-06-08T13:30:00,55,Inbound,Discovery,Completed,7,0.58,226,12,False
4507,2068,1,2022-06-25T14:15:00,38,Outbound,QBR,Completed,4,0.46,206,7,True
4508,898,6,2023-06-25T15:30:00,54,Outbound,Follow-Up,Rescheduled,1,,,0,False
4509,1166,5,2024-12-18T09:00:00,54,Outbound,Discovery,Completed,2,0.51,90,10,True
4510,3312,8,2022-10-19T16:15:00,24,Outbound,Negotiation,Completed,6,0.49,209,18,True
4511,376,3,2024-10-15T14:30:00,50,Outbound,Negotiation,Completed,3,0.33,149,21,False
4512,1431,8,2023-09-19T10:30:00,50,Outbound,Demo,Completed,2,0.65,226,19,False
4513,4274,15,2024-12-16T17:45:00,48,Outbound,Demo,Completed,8,0.49,86,3,False
4514,2553,5,2024-12-28T08:45:00,16,Inbound,Follow-Up,Completed,8,0.59,220,13,True
4515,53,6,2022-11-17T11:45:00,24,Outbound,Follow-Up,Completed,2,0.62,163,6,True
4516,4625,13,2024-12-14T14:15:00,18,Inbound,QBR,Completed,5,0.65,89,2,True
4517,8,14,2024-12-28T10:15:00,24,Outbound,Technical Deep Dive,Completed,2,0.52,95,10,False
4518,893,16,2024-11-14T11:45:00,32,Inbound,Follow-Up,Completed,3,0.63,39,9,False
4519,438,6,2024-12-10T12:15:00,16,Outbound,QBR,Completed,2,0.39,53,5,True
4520,1771,7,2021-04-01T16:00:00,45,Outbound,Discovery,Completed,2,0.58,220,4,True
4521,4410,4,2024-10-25T14:15:00,41,Inbound,Follow-Up,Rescheduled,1,,,0,False
4522,287,4,2024-10-20T09:15:00,19,Outbound,Negotiation,Completed,8,0.6,231,7,True
4523,964,14,2024-04-01T10:30:00,52,Inbound,Demo,Completed,7,0.67,299,9,True
4524,115,13,2024-05-23T17:30:00,42,Outbound,Demo,Completed,5,0.56,220,9,False
4525,3587,10,2022-11-06T09:45:00,51,Outbound,Demo,Completed,2,0.47,154,7,True
4526,2404,16,2024-12-07T15:00:00,45,Outbound,Discovery,Completed,4,0.54,174,8,True
4527,512,3,2023-10-06T10:15:00,41,Outbound,Discovery,Completed,4,0.44,70,13,True
4528,3871,3,2024-12-21T13:15:00,43,Outbound,QBR,Completed,3,0.3,83,21,True
4529,2746,13,2023-08-23T15:45:00,22,Inbound,Check-In,Completed,5,0.7,282,2,False
4530,2733,6,2023-09-16T11:45:00,39,Outbound,Follow-Up,Rescheduled,1,,,0,False
4531,907,11,2024-12-02T13:45:00,1,Outbound,QBR,Voicemail,1,,,0,False
4532,1474,6,2023-10-02T10:30:00,57,Outbound,Technical Deep Dive,Completed,6,0.75,158,11,True
4533,3215,3,2024-09-13T10:45:00,36,Outbound,Check-In,Completed,7,0.46,182,9,True
4534,4937,2,2023-06-27T12:00:00,60,Outbound,QBR,Completed,4,0.52,116,15,False
4535,2541,8,2024-12-09T12:30:00,31,Inbound,QBR,Completed,4,0.81,52,11,True
4536,1489,4,2024-10-14T12:45:00,0,Outbound,Demo,No Show,1,,,0,False
4537,2640,4,2024-12-11T14:15:00,2,Outbound,QBR,Voicemail,1,,,0,False
4538,1860,16,2024-12-27T15:30:00,23,Outbound,Discovery,Completed,6,0.6,32,10,False
4539,1584,13,2024-12-15T14:00:00,24,Outbound,Check-In,Completed,4,0.47,95,7,False
4540,2101,14,2024-01-19T16:00:00,47,Outbound,Negotiation,Completed,6,0.85,247,3,False
4541,3551,15,2024-12-17T10:30:00,24,Outbound,QBR,Rescheduled,1,,,0,False
4542,216,9,2030-06-15T10:00:00,26,Outbound,QBR,Rescheduled,1,,,0,False
4543,4075,11,2023-02-04T11:00:00,42,Outbound,Technical Deep Dive,Completed,2,0.56,148,9,False
4544,1668,5,2024-09-09T16:45:00,50,Inbound,Technical Deep Dive,Completed,2,0.5,221,5,False
4545,3934,14,2023-03-23T11:30:00,41,Inbound,Check-In,Completed,2,1.16,282,9,False
4546,2713,16,2024-12-27T11:45:00,44,Outbound,Technical Deep Dive,Completed,6,0.65,181,12,False
4547,2617,9,2023-07-26T09:45:00,42,Outbound,QBR,Completed,3,1.32,159,11,True
4548,694,3,2023-09-04T15:00:00,17,Outbound,QBR,Completed,4,0.56,218,10,True
4549,1732,16,2024-12-19T13:45:00,29,Outbound,QBR,Completed,8,0.67,103,11,False
4550,3648,8,2024-12-23T14:30:00,,Inbound,Negotiation,Completed,5,0.47,176,11,False
4551,2310,10,2024-08-17T14:45:00,15,Outbound,Negotiation,Rescheduled,1,,,0,False
4552,3191,14,2024-12-25T15:30:00,43,Outbound,Discovery,Completed,8,0.54,197,3,False
4553,1036,6,2024-12-21T14:30:00,22,Inbound,Technical Deep Dive,Completed,2,0.43,166,7,True
4554,2571,5,2023-09-28T13:45:00,47,Outbound,Discovery,Completed,3,0.74,293,10,False
4555,2560,8,2023-02-03T15:15:00,22,Outbound,Check-In,Completed,7,0.79,59,13,False
4556,4421,4,2024-07-11T15:30:00,49,Outbound,Demo,Completed,4,0.67,233,20,True
4557,1860,16,2024-12-04T09:45:00,27,Inbound,Technical Deep Dive,Completed,6,0.67,74,8,False
4558,1963,13,2024-12-14T12:15:00,0,Outbound,Follow-Up,No Show,1,,,0,False
4559,3420,2,2024-12-12T14:30:00,0,Inbound,Negotiation,No Show,1,,,0,False
4560,2716,3,2022-01-14T09:00:00,24,Outbound,Technical Deep Dive,Rescheduled,1,,,0,False
4561,3121,14,2024-06-29T11:30:00,0,Inbound,QBR,No Show,1,,,0,False
4562,3048,8,2022-06-07T15:00:00,33,Outbound,QBR,Completed,6,0.37,47,8,False
4563,1406,7,2023-01-17T15:00:00,,Outbound,Discovery,Completed,2,0.53,175,4,True
4564,3023,11,2021-11-17T14:45:00,39,Outbound,Follow-Up,Completed,3,0.69,122,4,True
4565,3923,11,2024-11-17T13:15:00,54,Inbound,Technical Deep Dive,Completed,6,0.56,82,9,False
4566,2378,6,2021-07-03T16:30:00,60,Outbound,Follow-Up,Rescheduled,1,,,0,False
4567,3492,11,2024-05-17T10:30:00,23,Outbound,Demo,Completed,2,0.62,115,4,False
4568,2056,12,2024-12-11T14:15:00,0,Outbound,Demo,No Show,1,,,0,False
4569,1848,7,2024-09-25T13:15:00,28,Inbound,Follow-Up,Completed,7,0.56,71,5,True
4570,4645,5,2022-10-13T15:00:00,0,Outbound,Demo,No Show,1,,,0,False
4571,4221,2,2024-04-12T15:15:00,29,Outbound,Check-In,Completed,4,0.49,104,28,True
4572,3337,16,2024-12-29T12:00:00,16,Inbound,Check-In,Completed,5,0.43,186,12,True
4573,3588,3,2024-12-25T09:45:00,27,Outbound,Check-In,Completed,7,0.49,82,7,False
4574,1553,8,2024-11-16T11:45:00,22,Outbound,Technical Deep Dive,Completed,5,0.56,37,5,True
4575,265,7,2024-07-16T10:00:00,38,Inbound,Discovery,Completed,6,0.59,101,11,False
4576,58,8,2023-08-15T08:30:00,32,Outbound,Negotiation,Rescheduled,1,,,0,False
4577,3038,2,2024-12-29T17:30:00,35,Outbound,Check-In,Completed,2,0.55,206,7,True
4578,4662,5,2022-04-04T15:45:00,17,Inbound,Discovery,Completed,5,0.39,121,11,True
4579,4982,5,2024-02-17T14:15:00,20,Outbound,Technical Deep Dive,Completed,8,0.35,223,15,False
4580,1259,10,2023-02-07T10:45:00,60,Inbound,Technical Deep Dive,Completed,4,0.53,208,7,True
4581,579,12,2022-01-05T13:30:00,53,Outbound,Check-In,Completed,2,0.68,94,14,False
4582,3399,8,2024-11-11T16:45:00,16,Outbound,Follow-Up,Completed,4,0.61,108,7,False
4583,4145,15,2024-09-25T13:00:00,57,Inbound,QBR,Completed,5,0.68,108,5,False
4584,2080,16,2024-08-07T10:30:00,50,Outbound,Discovery,Completed,7,0.57,205,1,False
4585,3513,5,2024-07-20T14:30:00,0,Outbound,Follow-Up,No Show,1,,,0,False
4586,3800,11,2024-07-18T12:00:00,54,Inbound,Demo,Completed,2,0.76,212,8,False
4587,2177,12,2024-06-08T11:00:00,15,Outbound,Negotiation,Completed,6,0.7,32,17,True
4588,3242,7,2024-12-06T13:30:00,40,Outbound,QBR,Completed,3,0.61,280,3,False
4589,1451,9,2023-11-28T13:45:00,0,Outbound,Follow-Up,No Show,1,,,0,False
4590,1890,9,2024-11-26T12:00:00,-37,Outbound,QBR,Rescheduled,1,,,0,False
4591,2715,13,2024-05-19T11:45:00,32,Inbound,Check-In,Completed,4,0.72,212,10,False
4592,3205,14,2024-09-08T10:45:00,49,Outbound,Discovery,Completed,3,0.88,185,9,False
4593,3349,16,2024-03-08T10:15:00,2,Outbound,Negotiation,Voicemail,1,,,0,False
4594,3696,3,2024-12-16T14:45:00,0,Outbound,QBR,No Show,1,,,0,False
4595,2129,1,2030-06-15T10:00:00,52,Outbound,Negotiation,Completed,6,0.61,177,18,False
4596,4846,5,2030-06-15T10:00:00,58,Outbound,QBR,Completed,6,0.57,157,11,False
4597,4042,3,2024-01-07T10:30:00,43,Outbound,Technical Deep Dive,Completed,5,0.32,201,9,False
4598,1070,16,2021-12-20T10:15:00,48,Inbound,Discovery,Completed,2,0.5,70,11,True
4599,3250,2,2022-04-16T13:00:00,25,Outbound,Follow-Up,Completed,8,0.37,127,6,True
4600,1666,16,2024-05-29T14:45:00,21,Outbound,Demo,Completed,7,0.6,231,10,True
4601,2160,14,2024-09-14T08:45:00,23,Outbound,Demo,Rescheduled,1,,,0,False
4602,1374,13,2024-12-16T16:15:00,29,Outbound,Demo,Completed,7,0.67,203,2,False
4603,2648,10,2024-05-22T11:45:00,54,Outbound,Demo,Completed,6,0.55,189,8,False
4604,2512,3,2030-06-15T10:00:00,60,Outbound,Check-In,Completed,8,0.32,102,7,True
4605,4295,5,2022-10-20T15:30:00,47,Outbound,Check-In,Completed,5,0.39,164,13,False
4606,2392,16,2024-12-06T14:45:00,21,Outbound,QBR,Completed,5,0.5,201,4,True
4607,4912,9,2024-12-26T11:15:00,59,Inbound,Technical Deep Dive,Completed,6,0.62,154,3,False
4608,4068,2,2024-02-10T15:30:00,27,Inbound,Follow-Up,Completed,6,0.55,180,21,True
4609,2493,12,2024-08-27T15:00:00,60,Outbound,Discovery,Completed,8,0.4,203,7,False
4610,4346,13,2024-10-19T10:30:00,17,Outbound,Negotiation,Completed,3,0.68,164,10,True
4611,4283,16,2024-10-11T10:15:00,43,Outbound,Demo,Completed,2,0.49,36,6,False
4612,3806,1,2024-12-19T14:30:00,43,Outbound,Technical Deep Dive,Completed,5,0.54,38,10,True
4613,1192,4,2024-12-10T16:00:00,22,Outbound,Negotiation,Completed,7,0.74,152,12,False
4614,1133,3,2024-11-04T11:30:00,55,Inbound,Discovery,Completed,8,0.44,64,27,True
4615,1242,1,2024-12-20T12:30:00,36,Outbound,QBR,Completed,8,0.57,278,10,False
4616,1209,12,2020-10-05T10:45:00,39,Outbound,Negotiation,Completed,4,0.44,170,9,True
4617,4655,8,2024-07-20T10:30:00,50,Outbound,QBR,Rescheduled,1,,,0,False
4618,581,8,2024-02-01T10:00:00,37,Inbound,Technical Deep Dive,Completed,7,0.48,227,20,True
4619,700,4,2024-11-29T09:15:00,58,Outbound,Discovery,Completed,3,0.79,230,9,True
4620,315,6,2023-07-18T15:15:00,19,Outbound,Follow-Up,Completed,2,0.47,197,9,False
4621,2612,13,2024-12-24T14:45:00,0,Outbound,Negotiation,No Show,1,,,0,False
4622,1327,6,2021-11-20T11:45:00,0,Outbound,Follow-Up,No Show,1,,,0,False
4623,2410,13,2024-06-25T09:30:00,53,Inbound,QBR,Completed,4,0.68,141,11,False
4624,3903,16,2024-11-17T08:00:00,1,Outbound,Follow-Up,Voicemail,1,,,0,False
4625,564,1,2021-09-11T10:30:00,34,Outbound,Negotiation,Completed,7,0.31,227,14,True
4626,3419,9,2023-03-22T13:00:00,19,Inbound,QBR,Completed,5,0.52,95,11,False
4627,4882,13,2024-05-08T14:15:00,41,Outbound,QBR,Completed,3,0.84,255,2,False
4628,2106,3,2023-11-10T14:45:00,33,Outbound,Check-In,Completed,4,0.33,150,10,True
4629,4587,15,2024-12-20T09:00:00,56,Outbound,Demo,Rescheduled,1,,,0,False
4630,2747,9,2023-06-18T15:45:00,31,Outbound,Follow-Up,Rescheduled,1,,,0,False
4631,4307,11,2024-04-30T13:00:00,31,Outbound,Demo,Completed,7,0.58,79,3,False
4632,3151,3,2024-12-11T14:00:00,49,Outbound,QBR,Rescheduled,1,,,0,False
4633,867,15,2023-05-19T17:30:00,28,Outbound,Check-In,Completed,4,0.51,220,3,True
4634,677,14,2024-12-23T16:30:00,38,Outbound,QBR,Completed,8,0.66,148,8,True
4635,4885,1,2024-12-07T16:45:00,43,Inbound,QBR,Completed,7,0.47,167,7,True
4636,414,6,2023-11-17T16:30:00,50,Inbound,Discovery,Rescheduled,1,,,0,False
4637,2606,2,2024-11-30T10:00:00,49,Outbound,Discovery,Completed,6,0.56,153,9,True
4638,2285,6,2024-10-17T13:30:00,60,Inbound,QBR,Completed,5,0.42,129,14,True
4639,879,8,2023-08-05T15:00:00,3,Outbound,Follow-Up,Voicemail,1,,,0,False
4640,2474,10,2024-12-28T12:00:00,15,Outbound,Demo,Completed,3,0.42,41,9,False
4641,4060,1,2023-09-19T11:45:00,20,Outbound,Check-In,Completed,8,0.32,175,4,True
4642,3118,11,2024-01-03T10:30:00,53,Outbound,Check-In,Completed,6,0.72,210,9,False
4643,141,5,2023-10-12T11:30:00,15,Inbound,Technical Deep Dive,Completed,8,0.38,45,12,False
4644,3093,14,2024-10-19T10:45:00,,Outbound,Negotiation,Completed,4,0.64,82,6,True
4645,629,16,2024-12-04T12:15:00,48,Outbound,Negotiation,Completed,2,0.43,31,4,False
4646,758,8,2024-12-14T15:15:00,41,Outbound,Check-In,Completed,5,0.66,47,14,True
4647,4174,14,2024-05-25T09:45:00,42,Inbound,Technical Deep Dive,Completed,5,0.69,213,8,False
4648,3629,9,2024-06-27T14:15:00,15,Outbound,QBR,Completed,7,0.56,174,7,False
4649,2406,13,2024-12-27T15:00:00,43,Outbound,Demo,Completed,4,0.77,60,7,False
4650,538,7,2024-06-16T14:00:00,48,Inbound,Discovery,Completed,7,0.37,164,15,True
4651,1092,15,2024-12-30T14:00:00,15,Outbound,Discovery,Completed,8,0.57,33,11,False
4652,3006,1,2023-11-03T15:15:00,29,Inbound,Check-In,Completed,5,1.47,94,14,True
4653,1426,12,2022-04-10T16:30:00,35,Outbound,Check-In,Completed,4,0.5,127,16,False
4654,259,12,2022-09-19T11:00:00,58,Outbound,Negotiation,Completed,7,0.4,102,6,False
4655,1822,8,2024-12-22T14:15:00,23,Inbound,Follow-Up,Completed,7,0.61,35,15,False
4656,58,8,2023-05-20T16:00:00,26,Outbound,Technical Deep Dive,Completed,8,0.68,133,11,False
4657,797,9,2023-11-22T15:15:00,29,Outbound,Follow-Up,Completed,6,0.57,199,8,True
4658,1937,10,2024-11-17T12:15:00,31,Outbound,Technical Deep Dive,Completed,2,0.81,236,5,False
4659,2408,9,2024-11-21T11:30:00,46,Outbound,Negotiation,Completed,4,1.43,278,8,True
4660,367,16,2024-12-11T15:30:00,49,Outbound,QBR,Completed,6,0.61,76,6,False
4661,2383,11,2024-04-14T17:15:00,58,Outbound,Demo,Completed,2,0.49,39,16,False
4662,2067,13,2024-12-22T17:45:00,,Inbound,Discovery,Completed,3,0.46,93,10,False
4663,1123,1,2023-01-30T15:15:00,27,Inbound,Discovery,Completed,5,0.33,223,10,True
4664,358,15,2022-07-14T14:45:00,46,Outbound,Follow-Up,Rescheduled,1,,,0,False
4665,3409,7,2022-12-12T11:00:00,50,Inbound,Negotiation,Completed,8,0.37,141,19,True
4666,2911,16,2024-09-07T10:30:00,0,Outbound,Negotiation,No Show,1,,,0,False
4667,1703,9,2023-10-10T12:45:00,46,Inbound,QBR,Completed,5,0.67,62,5,True
4668,4363,2,2022-11-19T10:30:00,42,Outbound,Technical Deep Dive,Completed,3,0.33,133,21,True
4669,216,9,2024-12-15T10:15:00,25,Outbound,Technical Deep Dive,Completed,7,0.5,132,21,True
4670,3642,2,2023-07-28T11:30:00,29,Outbound,Check-In,Rescheduled,1,,,0,False
4671,4905,15,2024-12-05T12:30:00,24,Outbound,Discovery,Rescheduled,1,,,0,False
4672,4733,2,2024-07-14T16:30:00,44,Outbound,Check-In,Completed,5,0.76,169,2,True
4673,1165,16,2030-06-15T10:00:00,33,Outbound,Check-In,Completed,5,0.74,179,12,True
4674,4421,4,2024-06-09T14:00:00,28,Outbound,QBR,Completed,4,1.17,109,10,False
4675,4726,2,2023-02-05T11:15:00,39,Outbound,Technical Deep Dive,Completed,7,0.73,108,6,False
4676,2621,16,2024-09-17T12:45:00,23,Outbound,Negotiation,Completed,8,0.69,196,9,False
4677,280,8,2024-07-25T15:15:00,60,Outbound,Follow-Up,Completed,7,0.57,74,17,False
4678,3630,4,2023-10-27T13:45:00,46,Outbound,Demo,Completed,3,0.37,76,7,True
4679,495,7,2024-08-06T15:45:00,27,Outbound,Demo,Completed,6,0.36,167,18,True
4680,3220,8,2024-03-21T12:30:00,58,Outbound,Discovery,Completed,2,0.38,200,4,True
4681,3472,1,2024-11-13T11:30:00,39,Inbound,Technical Deep Dive,Completed,2,0.56,31,6,False
4682,3772,5,2024-03-21T09:00:00,44,Outbound,Negotiation,Completed,6,0.42,149,15,True
4683,567,16,2023-03-26T15:45:00,42,Outbound,QBR,Completed,3,0.73,155,8,False
4684,3406,9,2024-04-22T13:45:00,57,Inbound,Check-In,Completed,8,0.46,43,8,True
4685,4770,12,2023-06-13T10:30:00,44,Outbound,Technical Deep Dive,Completed,7,0.42,119,10,True
4686,2431,15,2024-11-21T13:45:00,45,Outbound,QBR,Completed,8,0.5,234,7,False
4687,1983,9,2020-11-06T10:30:00,15,Outbound,Discovery,Completed,6,0.41,125,11,False
4688,841,1,2023-07-14T15:30:00,31,Outbound,Discovery,Completed,8,0.63,167,6,False
4689,2895,1,2024-12-20T15:30:00,41,Outbound,Check-In,Completed,6,0.46,211,19,True
4690,4829,16,2024-12-18T14:30:00,40,Inbound,Check-In,Completed,2,0.61,148,5,False
4691,2803,12,2024-12-25T11:15:00,59,Inbound,Discovery,Completed,8,0.59,154,9,True
4692,1080,14,2023-09-15T10:00:00,27,Inbound,Check-In,Completed,5,0.66,217,7,False
4693,3721,11,2023-11-23T09:30:00,2,Outbound,Check-In,Voicemail,1,,,0,False
4694,4812,4,2024-08-25T11:15:00,20,Outbound,Check-In,Completed,8,0.8,106,7,False
4695,4459,5,2024-05-28T13:45:00,54,Outbound,Discovery,Completed,2,0.58,140,11,True
4696,911,8,2024-08-23T16:00:00,54,Inbound,Check-In,Completed,6,0.72,60,14,False
4697,2705,12,2021-11-26T10:45:00,0,Outbound,Check-In,No Show,1,,,0,False
4698,3863,9,2024-11-03T16:15:00,50,Outbound,Negotiation,Completed,2,0.51,219,8,True
4699,486,13,2024-11-30T13:45:00,42,Outbound,Demo,Completed,5,0.7,84,3,False
4700,33,14,2023-02-10T10:45:00,16,Inbound,Technical Deep Dive,Completed,8,0.61,39,8,True
4701,2656,5,2024-07-12T10:00:00,25,Outbound,QBR,Completed,6,0.74,62,14,False
4702,550,5,2024-01-30T13:00:00,0,Inbound,QBR,No Show,1,,,0,False
4703,4546,14,2024-12-18T14:15:00,33,Outbound,Check-In,Completed,3,0.54,123,6,True
4704,3186,14,2024-12-26T11:45:00,15,Outbound,Discovery,Completed,5,0.72,183,6,False
4705,934,15,2024-08-16T09:00:00,36,Outbound,Check-In,Completed,8,0.59,74,13,True
4706,1471,8,2023-08-29T10:45:00,20,Inbound,Discovery,Completed,8,0.64,156,6,False
4707,1248,3,2023-04-16T09:45:00,23,Outbound,Technical Deep Dive,Completed,5,0.36,166,24,True
4708,1500,13,2023-08-07T15:00:00,0,Outbound,Discovery,No Show,1,,,0,False
4709,2935,4,2030-06-15T10:00:00,25,Outbound,Discovery,Completed,3,0.57,43,17,False
4710,3235,9,2024-10-26T13:30:00,33,Outbound,Follow-Up,Rescheduled,1,,,0,False
4711,322,12,2024-10-24T13:00:00,41,Outbound,Negotiation,Completed,5,0.66,92,11,False
4712,2564,12,2023-05-08T16:45:00,18,Inbound,Technical Deep Dive,Completed,2,0.56,92,9,False
4713,540,16,2024-11-22T16:15:00,44,Inbound,Follow-Up,Completed,8,0.88,99,1,False
4714,4977,14,2024-07-29T10:30:00,27,Outbound,Discovery,Completed,4,0.48,54,7,False
4715,3041,14,2023-11-18T16:30:00,17,Outbound,Check-In,Completed,5,0.54,184,11,True
4716,4139,8,2030-06-15T10:00:00,45,Outbound,Check-In,Completed,2,0.47,233,5,False
4717,3149,1,2024-05-06T17:45:00,37,Outbound,Negotiation,Completed,3,1.19,160,13,False
4718,4879,16,2024-12-02T11:15:00,51,Inbound,Discovery,Completed,7,0.55,210,12,True
4719,2569,6,2024-07-09T10:45:00,0,Inbound,Discovery,No Show,1,,,0,False
4720,100,3,2024-11-24T13:45:00,50,Outbound,Discovery,Completed,2,0.56,33,14,False
4721,2574,6,2023-03-15T14:30:00,34,Inbound,Check-In,Completed,5,0.51,96,12,True
4722,4902,10,2023-12-05T14:15:00,-20,Outbound,Discovery,Completed,2,0.61,95,14,True
4723,3367,6,2024-06-05T15:30:00,29,Inbound,Negotiation,Completed,2,0.67,288,14,False
4724,4436,7,2024-12-29T15:30:00,29,Inbound,QBR,Completed,4,0.45,30,13,True
4725,1840,16,2024-12-09T14:00:00,26,Outbound,QBR,Completed,3,0.66,162,12,False
4726,995,11,2030-06-15T10:00:00,36,Inbound,Follow-Up,Completed,6,0.59,195,10,False
4727,1297,4,2024-05-01T14:15:00,53,Inbound,Follow-Up,Completed,8,0.51,105,15,True
4728,777,11,2024-12-24T14:45:00,42,Outbound,Check-In,Completed,5,0.4,133,7,False
4729,2744,6,2024-12-19T09:15:00,-16,Outbound,Technical Deep Dive,Completed,4,0.61,81,9,False
4730,1428,4,2024-10-26T14:00:00,36,Inbound,Discovery,Completed,7,0.63,119,3,False
4731,1210,9,2024-12-09T16:45:00,40,Outbound,Follow-Up,Completed,4,1.14,218,9,False
4732,3630,4,2023-08-22T09:00:00,48,Outbound,Negotiation,Completed,8,0.53,101,20,True
4733,4223,6,2024-05-06T12:30:00,55,Outbound,Discovery,Completed,4,0.54,64,19,True
4734,1824,8,2023-05-27T13:45:00,49,Inbound,Demo,Rescheduled,1,,,0,False
4735,1986,7,2024-07-28T14:15:00,51,Outbound,Follow-Up,Completed,8,0.36,35,21,True
4736,2163,4,2024-11-13T10:30:00,53,Outbound,QBR,Completed,6,0.52,49,9,True
4737,723,13,2024-07-24T09:30:00,58,Inbound,Discovery,Rescheduled,1,,,0,False
4738,4385,13,2022-10-23T17:45:00,52,Inbound,Discovery,Completed,2,0.46,51,9,True
4739,391,1,2024-12-29T09:45:00,23,Outbound,Demo,Completed,6,0.37,221,6,False
4740,47,2,2024-05-11T13:45:00,0,Inbound,Discovery,No Show,1,,,0,False
4741,165,16,2024-11-18T12:45:00,54,Outbound,Negotiation,Completed,7,0.46,139,7,False
4742,3142,11,2024-09-10T10:30:00,30,Outbound,Follow-Up,Completed,7,0.56,35,3,False
4743,2810,10,2024-07-21T13:00:00,22,Outbound,Demo,Completed,7,0.49,185,15,True
4744,1835,5,2022-06-22T13:45:00,30,Outbound,Follow-Up,Completed,8,0.61,207,5,False
4745,813,5,2024-07-09T12:15:00,44,Inbound,Negotiation,Completed,3,0.58,72,14,True
4746,2743,14,2024-05-31T10:45:00,3,Outbound,QBR,Voicemail,1,,,0,False
4747,3115,12,2023-01-08T09:30:00,27,Outbound,Negotiation,Completed,3,0.42,52,9,False
4748,2271,10,2024-12-03T16:00:00,42,Outbound,Discovery,Completed,7,0.49,128,11,True
4749,72,10,2021-05-04T10:15:00,34,Inbound,Follow-Up,Completed,2,0.67,159,11,True
4750,2137,13,2024-04-23T13:30:00,33,Inbound,Technical Deep Dive,Completed,3,0.63,68,11,True
4751,4915,1,2024-12-09T13:45:00,19,Outbound,Follow-Up,Completed,2,0.6,142,18,False
4752,125,3,2024-12-27T16:00:00,29,Outbound,Technical Deep Dive,Completed,4,0.39,99,18,False
4753,3150,16,2030-06-15T10:00:00,60,Inbound,Discovery,Completed,7,0.66,216,6,True
4754,3615,7,2023-12-26T10:45:00,55,Outbound,QBR,Completed,3,0.44,54,7,True
4755,25,13,2030-06-15T10:00:00,,Outbound,QBR,Completed,2,0.75,91,6,False
4756,1598,12,2024-03-15T17:30:00,23,Outbound,QBR,Completed,8,0.57,97,5,False
4757,1030,9,2024-12-05T13:15:00,15,Outbound,Discovery,Completed,2,0.69,229,14,True
4758,569,7,2024-03-30T16:30:00,50,Outbound,Technical Deep Dive,Rescheduled,1,,,0,False
4759,3067,16,2024-11-24T15:00:00,17,Outbound,Follow-Up,Completed,5,1.3,85,5,False
4760,124,4,2024-09-28T10:45:00,30,Inbound,QBR,Completed,4,0.6,232,17,True
4761,1190,4,2023-05-02T15:15:00,29,Outbound,Negotiation,Completed,6,0.33,80,23,False
4762,4952,4,2024-08-04T11:00:00,46,Outbound,Follow-Up,Rescheduled,1,,,0,False
4763,1596,11,2022-06-01T12:15:00,35,Outbound,Demo,Completed,5,0.69,222,16,False
4764,1055,14,2024-12-29T15:15:00,0,Outbound,Negotiation,No Show,1,,,0,False
4765,1708,12,2024-11-04T14:45:00,28,Outbound,Discovery,Completed,4,0.61,198,8,True
4766,2675,11,2021-12-16T15:30:00,24,Outbound,Follow-Up,Rescheduled,1,,,0,False
4767,3708,8,2023-04-04T08:00:00,20,Inbound,QBR,Completed,6,0.51,49,14,False
4768,3674,2,2024-12-19T11:45:00,,Outbound,QBR,Completed,7,0.37,137,10,True
4769,972,4,2023-10-27T14:45:00,41,Outbound,Demo,Rescheduled,1,,,0,False
4770,2371,4,2024-01-22T13:30:00,,Outbound,Discovery,Completed,6,0.65,221,19,True
4771,3569,7,2024-04-19T12:00:00,19,Outbound,Discovery,Completed,3,0.76,41,14,True
4772,2845,14,2022-05-11T15:15:00,24,Outbound,Follow-Up,Completed,6,0.55,83,4,False
4773,1744,16,2024-12-25T17:15:00,27,Outbound,Demo,Completed,3,0.36,68,8,True
4774,738,14,2024-10-16T15:45:00,33,Outbound,Technical Deep Dive,Completed,5,0.56,62,13,False
4775,2372,7,2020-12-10T14:30:00,56,Inbound,Follow-Up,Completed,6,0.56,216,18,True
4776,435,16,2024-12-08T09:15:00,24,Inbound,Negotiation,Completed,8,0.73,41,5,False
4777,2192,16,2024-10-31T08:15:00,59,Inbound,Discovery,Rescheduled,1,,,0,False
4778,3865,4,2024-12-10T16:00:00,-51,Outbound,Follow-Up,Completed,6,0.67,71,13,True
4779,3609,9,2021-05-15T15:15:00,36,Outbound,Discovery,Completed,2,0.76,181,8,False
4780,2377,16,2024-12-18T12:00:00,27,Inbound,Demo,Completed,6,0.72,54,9,False
4781,1364,16,2024-12-30T10:45:00,38,Inbound,Negotiation,Completed,2,0.41,108,9,True
4782,2046,10,2023-02-12T13:00:00,25,Inbound,Discovery,Rescheduled,1,,,0,False
4783,2021,16,2024-11-01T13:15:00,0,Outbound,Check-In,No Show,1,,,0,False
4784,4315,13,2024-09-25T15:00:00,0,Outbound,Negotiation,No Show,1,,,0,False
4785,366,14,2024-06-17T13:00:00,43,Outbound,Check-In,Completed,8,0.61,77,12,True
4786,2582,10,2024-01-01T13:45:00,60,Inbound,Discovery,Completed,2,0.46,50,9,True
4787,883,4,2024-09-12T10:15:00,60,Outbound,Discovery,Rescheduled,1,,,0,False
4788,3706,6,2022-03-20T11:15:00,,Outbound,Technical Deep Dive,Completed,2,0.44,93,8,True
4789,345,9,2024-04-18T15:00:00,53,Outbound,Technical Deep Dive,Completed,5,0.53,169,17,True
4790,4149,16,2024-10-18T10:00:00,0,Outbound,Discovery,No Show,1,,,0,False
4791,748,2,2024-07-26T11:30:00,0,Outbound,Demo,No Show,1,,,0,False
4792,337,2,2024-05-20T14:15:00,0,Outbound,Check-In,No Show,1,,,0,False
4793,1307,5,2021-02-26T11:45:00,58,Outbound,Negotiation,Completed,4,0.47,128,5,False
4794,3649,9,2024-06-24T13:00:00,52,Outbound,Technical Deep Dive,Completed,2,0.51,143,17,True
4795,4089,16,2024-11-16T14:45:00,38,Inbound,Demo,Rescheduled,1,,,0,False
4796,2889,3,2024-12-05T13:45:00,59,Outbound,Negotiation,Completed,6,0.56,73,3,True
4797,2453,8,2024-03-20T14:30:00,48,Outbound,Negotiation,Completed,5,0.65,142,11,False
4798,2295,7,2022-02-19T09:00:00,55,Outbound,Discovery,Rescheduled,1,,,0,False
4799,2034,8,2022-11-24T16:15:00,60,Outbound,Check-In,Completed,4,0.61,60,4,False
4800,2141,16,2024-12-10T15:45:00,40,Outbound,Demo,Completed,8,0.49,55,8,False
4801,76,9,2024-12-02T10:45:00,31,Outbound,Follow-Up,Completed,8,0.39,222,8,False
4802,831,3,2024-12-04T13:00:00,31,Inbound,QBR,Completed,5,1.13,36,16,True
4803,564,1,2021-08-16T11:15:00,46,Inbound,Demo,Completed,7,0.62,175,21,True
4804,3607,7,2023-10-08T14:15:00,17,Outbound,Negotiation,Completed,8,0.36,59,4,True
4805,815,16,2024-12-14T11:30:00,3,Outbound,QBR,Voicemail,1,,,0,False
4806,3339,8,2020-12-16T16:30:00,45,Inbound,Negotiation,Completed,7,0.69,141,11,False
4807,2179,13,2024-06-02T14:30:00,29,Outbound,Demo,Completed,5,0.75,111,12,False
4808,1312,13,2024-12-16T12:15:00,0,Inbound,Negotiation,No Show,1,,,0,False
4809,965,5,2023-08-29T16:30:00,16,Outbound,Follow-Up,Completed,6,0.68,86,11,True
4810,3992,7,2023-09-19T13:15:00,,Outbound,Negotiation,Completed,5,0.66,111,8,True
4811,2390,6,2024-11-05T14:00:00,36,Outbound,Check-In,Completed,4,0.79,256,11,False
4812,947,13,2024-11-11T14:30:00,19,Outbound,Negotiation,Completed,8,0.75,70,11,False
4813,128,3,2024-12-21T12:00:00,24,Inbound,Technical Deep Dive,Completed,7,0.46,88,19,True
4814,4763,13,2024-11-21T12:45:00,36,Inbound,Follow-Up,Completed,2,0.47,154,10,False
4815,2131,6,2024-12-25T13:00:00,51,Inbound,Follow-Up,Completed,6,0.6,56,3,False
4816,2796,11,2024-03-30T11:00:00,31,Inbound,Demo,Completed,8,0.46,186,4,False
4817,4206,16,2024-12-30T11:15:00,31,Outbound,Follow-Up,Rescheduled,1,,,0,False
4818,922,10,2030-06-15T10:00:00,34,Inbound,QBR,Completed,5,0.71,96,6,False
4819,1330,15,2024-09-14T11:45:00,49,Outbound,Follow-Up,Completed,3,0.57,186,13,True
4820,2387,5,2024-12-11T11:15:00,26,Outbound,Negotiation,Completed,3,0.42,105,20,False
4821,4853,3,2024-08-18T13:00:00,53,Outbound,Discovery,Completed,3,0.44,87,18,False
4822,2034,8,2022-11-30T14:45:00,19,Outbound,Negotiation,Completed,5,0.64,146,17,False
4823,3929,9,2024-04-17T16:45:00,0,Inbound,QBR,No Show,1,,,0,False
4824,195,6,2024-05-31T11:15:00,56,Outbound,QBR,Completed,4,1.22,63,18,True
4825,4233,16,2024-12-23T12:30:00,31,Inbound,Check-In,Completed,3,0.85,136,5,False
4826,1219,6,2024-11-23T14:15:00,56,Outbound,QBR,Completed,4,0.47,206,5,True
4827,3231,14,2024-11-03T14:15:00,45,Inbound,Negotiation,Completed,7,0.76,75,4,False
4828,4424,7,2021-07-15T12:30:00,42,Outbound,QBR,Rescheduled,1,,,0,False
4829,3130,16,2022-04-27T12:00:00,59,Outbound,Technical Deep Dive,Completed,3,0.54,93,9,False
4830,1870,1,2022-10-05T08:00:00,46,Inbound,QBR,Completed,5,0.6,211,9,False
4831,4393,13,2022-10-12T15:15:00,35,Inbound,Discovery,Rescheduled,1,,,0,False
4832,1667,6,2024-12-03T13:00:00,43,Inbound,Demo,Rescheduled,1,,,0,False
4833,4084,16,2024-06-07T16:45:00,16,Inbound,Negotiation,Completed,5,0.5,206,4,False
4834,1707,12,2023-02-17T09:45:00,52,Outbound,Demo,Completed,7,0.54,46,11,True
4835,3724,6,2024-12-22T13:30:00,32,Outbound,Demo,Completed,5,0.35,138,17,True
4836,4311,8,2024-09-28T13:15:00,22,Outbound,Negotiation,Completed,5,0.55,127,6,False
4837,4885,1,2024-12-01T13:15:00,41,Outbound,Follow-Up,Rescheduled,1,,,0,False
4838,3951,13,2024-05-19T08:45:00,-60,Outbound,Follow-Up,Completed,2,0.72,139,11,False
4839,674,8,2023-02-11T13:15:00,-36,Outbound,Discovery,Completed,2,0.81,231,14,False
4840,2868,1,2023-05-15T17:00:00,2,Outbound,Check-In,Voicemail,1,,,0,False
4841,4293,7,2024-04-04T16:30:00,44,Outbound,Check-In,Completed,4,1.47,104,14,False
4842,4849,11,2024-08-17T11:45:00,28,Outbound,Technical Deep Dive,Completed,4,0.5,231,18,True
4843,2976,7,2022-10-17T11:30:00,0,Outbound,Negotiation,No Show,1,,,0,False
4844,4806,6,2024-04-05T10:15:00,59,Outbound,QBR,Completed,8,0.83,207,10,True
4845,244,10,2024-10-03T14:30:00,15,Inbound,Demo,Completed,2,0.61,217,7,False
4846,965,5,2023-07-17T08:15:00,,Outbound,Technical Deep Dive,Completed,4,0.37,97,4,True
4847,2150,7,2023-09-12T16:00:00,56,Outbound,Check-In,Completed,6,0.62,168,10,False
4848,3150,16,2024-12-28T15:15:00,56,Outbound,QBR,Completed,3,0.53,134,12,False
4849,1090,5,2023-01-07T14:00:00,47,Inbound,Technical Deep Dive,Rescheduled,1,,,0,False
4850,3086,9,2024-10-21T14:30:00,32,Outbound,Follow-Up,Rescheduled,1,,,0,False
4851,4734,16,2024-10-29T14:00:00,41,Outbound,QBR,Completed,8,0.72,117,3,True
4852,1750,7,2024-12-20T15:45:00,26,Outbound,Negotiation,Completed,3,0.38,193,6,False
4853,1560,14,2024-11-20T14:15:00,16,Outbound,Technical Deep Dive,Completed,5,0.61,233,4,False
4854,3506,15,2024-05-26T13:15:00,0,Outbound,Check-In,No Show,1,,,0,False
4855,4168,13,2022-04-07T09:00:00,50,Outbound,Negotiation,Completed,6,0.63,224,1,False
4856,3510,8,2024-12-19T10:45:00,38,Inbound,Discovery,Completed,4,1.35,163,12,False
4857,3945,10,2023-04-21T16:15:00,59,Outbound,Check-In,Completed,4,0.42,154,12,True
4858,9,11,2030-06-15T10:00:00,0,Outbound,Check-In,No Show,1,,,0,False
4859,406,2,2023-07-10T10:30:00,1,Outbound,Negotiation,Voicemail,1,,,0,False
4860,3485,10,2024-09-15T14:00:00,27,Outbound,Negotiation,Completed,5,0.56,96,13,True
4861,3628,4,2024-09-19T10:30:00,20,Inbound,Technical Deep Dive,Completed,8,0.46,40,5,True
4862,1934,14,2023-09-13T10:45:00,41,Outbound,Technical Deep Dive,Rescheduled,1,,,0,False
4863,4822,8,2024-12-05T13:45:00,17,Outbound,Negotiation,Completed,6,0.65,47,5,True
4864,1078,16,2024-06-11T14:30:00,26,Outbound,Negotiation,Rescheduled,1,,,0,False
4865,1209,12,2020-09-05T09:15:00,19,Outbound,Technical Deep Dive,Completed,2,0.62,76,5,False
4866,3217,12,2020-09-06T13:00:00,29,Outbound,Check-In,Completed,4,0.66,87,10,False
4867,932,1,2021-05-24T15:30:00,0,Outbound,Technical Deep Dive,No Show,1,,,0,False
4868,976,2,2024-12-29T10:30:00,49,Outbound,Negotiation,Rescheduled,1,,,0,False
4869,2833,10,2024-01-09T15:15:00,25,Outbound,QBR,Rescheduled,1,,,0,False
4870,3093,14,2024-10-26T17:15:00,25,Outbound,Check-In,Completed,8,0.65,44,2,True
4871,1589,5,2024-03-06T10:30:00,35,Outbound,QBR,Completed,4,0.84,299,12,False
4872,264,5,2023-11-10T14:15:00,0,Outbound,Follow-Up,No Show,1,,,0,False
4873,849,6,2024-05-10T15:45:00,-53,Outbound,Demo,Completed,5,0.4,199,11,False
4874,1872,12,2024-12-13T12:45:00,20,Outbound,Discovery,Completed,3,0.49,103,8,True
4875,978,6,2024-04-28T12:30:00,51,Outbound,Follow-Up,Completed,2,0.68,161,13,True
4876,260,11,2022-10-18T12:30:00,35,Outbound,Discovery,Completed,6,0.58,216,11,False
4877,862,2,2024-09-12T14:15:00,,Outbound,QBR,No Show,1,,,0,False
4878,2239,4,2024-11-27T08:45:00,18,Outbound,Demo,Completed,4,0.43,63,6,False
4879,4009,6,2024-12-21T11:30:00,2,Outbound,Check-In,Voicemail,1,,,0,False
4880,3195,4,2023-02-19T17:15:00,43,Inbound,QBR,Completed,8,0.38,235,11,True
4881,2421,7,2024-05-23T15:00:00,48,Inbound,Negotiation,Rescheduled,1,,,0,False
4882,1759,16,2024-12-21T10:00:00,18,Outbound,Demo,Completed,8,0.69,136,6,False
4883,4059,2,2023-08-22T17:00:00,44,Inbound,Technical Deep Dive,Completed,5,0.46,229,16,True
4884,1098,13,2022-08-17T10:00:00,51,Inbound,Follow-Up,Completed,5,0.46,208,11,False
4885,625,6,2024-12-10T13:15:00,41,Outbound,Technical Deep Dive,Completed,4,0.48,146,17,True
4886,2702,10,2024-09-29T12:15:00,34,Inbound,Demo,Completed,7,0.42,83,3,False
4887,1512,9,2024-12-16T11:45:00,0,Inbound,QBR,No Show,1,,,0,False
4888,4644,14,2024-08-20T11:30:00,3,Inbound,Negotiation,Voicemail,1,,,0,False
4889,4543,11,2024-12-12T09:00:00,36,Outbound,Demo,Completed,6,0.63,63,4,True
4890,4202,2,2024-12-24T10:00:00,51,Inbound,Negotiation,Completed,7,1.36,49,9,True
4891,4594,10,2024-03-29T13:00:00,,Outbound,Negotiation,Completed,4,0.59,185,3,False
4892,3283,8,2023-03-09T12:30:00,29,Outbound,Follow-Up,Completed,4,1.16,186,8,False
4893,2022,4,2024-12-10T10:15:00,29,Inbound,Demo,Rescheduled,1,,,0,False
4894,2493,12,2024-09-07T08:00:00,32,Inbound,Technical Deep Dive,Completed,6,0.45,41,3,True
4895,301,14,2022-04-14T14:00:00,33,Outbound,QBR,Completed,3,0.59,39,4,False
4896,982,3,2024-12-24T13:45:00,20,Outbound,Demo,Rescheduled,1,,,0,False
4897,2396,13,2020-12-24T15:00:00,25,Inbound,Check-In,Completed,4,0.47,39,6,True
4898,1210,9,2024-12-07T15:30:00,58,Outbound,Negotiation,Completed,2,0.8,168,8,False
4899,828,1,2024-04-05T11:00:00,21,Outbound,Check-In,Completed,5,0.59,54,13,True
4900,4601,11,2024-03-04T13:15:00,21,Outbound,Follow-Up,Completed,7,0.73,158,12,True
4901,4072,14,2024-12-05T11:30:00,41,Inbound,Negotiation,Completed,5,0.68,218,4,True
4902,106,11,2022-06-06T13:15:00,36,Outbound,Check-In,Completed,8,0.45,208,11,True
4903,2381,12,2024-11-24T15:45:00,23,Outbound,Technical Deep Dive,Rescheduled,1,,,0,False
4904,691,5,2023-06-14T14:15:00,47,Outbound,Negotiation,Completed,5,0.51,31,9,False
4905,3503,14,2023-11-22T14:15:00,,Outbound,Check-In,Completed,6,0.44,54,3,False
4906,1795,14,2024-06-28T10:30:00,18,Inbound,Negotiation,Completed,3,0.52,179,5,True
4907,3823,7,2023-03-27T12:00:00,28,Outbound,Technical Deep Dive,Completed,6,0.44,229,6,True
4908,3464,16,2024-12-17T15:15:00,0,Outbound,Demo,No Show,1,,,0,False
4909,1493,5,2023-08-22T09:15:00,37,Inbound,QBR,Completed,3,0.45,164,9,False
4910,3510,8,2024-12-04T10:30:00,50,Outbound,QBR,Completed,6,0.68,171,15,True
4911,3177,9,2023-09-21T15:30:00,21,Inbound,Discovery,Completed,7,0.44,63,3,True
4912,1876,7,2024-08-21T14:00:00,0,Outbound,Negotiation,No Show,1,,,0,False
4913,4106,1,2024-07-29T12:00:00,53,Outbound,Follow-Up,Completed,3,0.51,60,13,True
4914,4090,1,2024-12-19T10:45:00,17,Outbound,QBR,Completed,6,0.59,189,18,True
4915,698,12,2022-06-21T15:15:00,25,Outbound,Technical Deep Dive,Completed,5,0.49,184,18,True
4916,1672,13,2024-02-24T13:15:00,-27,Outbound,Follow-Up,Completed,7,0.69,178,10,True
4917,2232,4,2024-01-26T14:15:00,23,Outbound,Demo,Completed,3,0.65,192,7,False
4918,4045,13,2024-12-27T08:00:00,37,Outbound,Discovery,Completed,3,0.47,78,11,False
4919,3899,2,2024-12-27T12:00:00,2,Inbound,Technical Deep Dive,Voicemail,1,,,0,False
4920,1713,3,2024-12-10T11:15:00,28,Outbound,Check-In,Completed,5,0.32,141,4,False
4921,121,1,2024-12-22T15:45:00,55,Outbound,Follow-Up,Completed,2,1.42,104,28,True
4922,2238,6,2024-02-18T16:30:00,49,Outbound,Technical Deep Dive,Completed,4,0.58,208,17,False
4923,3033,12,2024-05-30T14:45:00,59,Outbound,Demo,Completed,7,0.62,222,15,False
4924,1079,7,2024-12-15T11:30:00,1,Outbound,Discovery,Voicemail,1,,,0,False
4925,4369,15,2024-08-21T16:45:00,58,Outbound,Technical Deep Dive,Completed,6,0.57,93,2,False
4926,2277,13,2023-11-21T12:30:00,-43,Outbound,QBR,Completed,3,0.62,59,10,False
4927,710,5,2022-06-10T13:45:00,34,Outbound,Follow-Up,Rescheduled,1,,,0,False
4928,3929,9,2024-04-21T09:15:00,2,Outbound,Follow-Up,Voicemail,1,,,0,False
4929,4571,5,2023-06-21T13:45:00,0,Outbound,Technical Deep Dive,No Show,1,,,0,False
4930,3305,5,2024-09-12T10:00:00,2,Outbound,Check-In,Voicemail,1,,,0,False
4931,4314,13,2023-02-24T10:00:00,47,Outbound,Demo,Completed,8,0.57,146,12,True
4932,3097,5,2024-04-13T17:45:00,22,Outbound,Technical Deep Dive,Rescheduled,1,,,0,False
4933,1233,10,2022-12-07T14:30:00,34,Outbound,Demo,Completed,5,0.8,105,8,False
4934,1731,1,2023-07-09T15:15:00,29,Outbound,Check-In,Rescheduled,1,,,0,False
4935,3136,15,2024-12-13T12:30:00,40,Outbound,Check-In,Rescheduled,1,,,0,False
4936,4997,7,2024-12-25T14:00:00,51,Outbound,QBR,Completed,8,0.7,131,5,False
4937,3462,2,2024-10-03T09:15:00,58,Outbound,Technical Deep Dive,Completed,8,0.37,70,9,False
4938,4195,1,2030-06-15T10:00:00,58,Inbound,Negotiation,Rescheduled,1,,,0,False
4939,1088,7,2024-12-25T14:30:00,46,Outbound,Negotiation,Completed,3,0.69,192,7,False
4940,2946,10,2024-12-16T12:00:00,30,Outbound,Negotiation,Completed,8,0.5,83,18,False
4941,794,15,2024-11-25T14:15:00,34,Outbound,Demo,Completed,8,0.83,116,8,True
4942,4885,1,2024-12-04T16:45:00,-44,Outbound,Follow-Up,Completed,6,1.45,217,18,True
4943,4059,2,2023-10-07T11:15:00,60,Outbound,QBR,Completed,5,1.12,69,8,True
4944,569,7,2024-06-12T13:00:00,55,Outbound,QBR,Completed,3,0.6,133,15,False
4945,2405,3,2024-12-09T11:45:00,53,Outbound,Discovery,Completed,6,0.47,37,24,False
4946,1020,2,2022-09-26T14:15:00,51,Outbound,Demo,Completed,3,0.38,231,9,True
4947,2223,13,2024-06-11T16:15:00,37,Outbound,Technical Deep Dive,Completed,5,0.59,183,7,False
4948,4217,4,2024-07-29T08:00:00,36,Outbound,Technical Deep Dive,Completed,3,0.53,124,17,False
4949,439,10,2024-12-31T14:00:00,50,Inbound,Demo,Completed,5,0.61,106,13,False
4950,3305,5,2030-06-15T10:00:00,52,Inbound,Follow-Up,Completed,2,0.62,293,4,False
4951,4454,15,2024-12-06T11:00:00,40,Outbound,Discovery,Completed,4,0.62,270,4,True
4952,3838,5,2024-08-05T13:45:00,46,Inbound,Discovery,Completed,2,0.73,179,5,False
4953,485,15,2024-03-10T16:00:00,54,Outbound,Follow-Up,Completed,4,0.48,69,9,True
4954,359,8,2030-06-15T10:00:00,0,Outbound,Negotiation,No Show,1,,,0,False
4955,4607,9,2024-12-22T15:30:00,51,Outbound,Negotiation,Completed,4,0.64,94,5,False
4956,2671,14,2022-10-25T11:15:00,52,Outbound,Check-In,Completed,6,0.79,256,4,False
4957,4384,14,2022-05-07T15:15:00,18,Outbound,Discovery,Rescheduled,1,,,0,False
4958,2029,1,2024-10-27T16:30:00,41,Outbound,Negotiation,Completed,7,1.25,216,7,False
4959,4186,16,2024-05-13T14:15:00,17,Inbound,Discovery,Completed,3,0.69,104,6,False
4960,1445,10,2022-08-06T14:00:00,31,Inbound,Discovery,Completed,7,0.41,159,7,False
4961,292,14,2023-07-31T10:00:00,3,Outbound,QBR,Voicemail,1,,,0,False
4962,405,14,2024-03-03T09:30:00,47,Outbound,Demo,Completed,8,1.12,39,11,True
4963,3703,16,2024-12-25T15:15:00,59,Outbound,Negotiation,Completed,4,0.72,91,15,True
4964,3437,2,2024-07-13T10:00:00,41,Outbound,Technical Deep Dive,Completed,5,0.43,214,19,True
4965,4970,4,2023-06-21T14:45:00,51,Outbound,Technical Deep Dive,Rescheduled,1,,,0,False
4966,1296,2,2024-12-23T12:45:00,25,Outbound,Follow-Up,Completed,4,0.54,158,13,False
4967,1463,13,2024-04-15T15:15:00,59,Outbound,Technical Deep Dive,Completed,7,0.64,230,13,True
4968,4884,3,2024-05-01T14:45:00,56,Outbound,Follow-Up,Completed,8,0.58,40,8,True
4969,435,16,2024-05-21T12:15:00,55,Outbound,Follow-Up,Completed,6,0.55,148,11,False
4970,2755,13,2022-05-23T13:00:00,44,Outbound,Check-In,Completed,7,0.62,131,4,False
4971,471,9,2024-12-10T10:30:00,0,Outbound,Discovery,No Show,1,,,0,False
4972,2186,5,2030-06-15T10:00:00,23,Outbound,QBR,Completed,2,0.48,57,12,False
4973,4424,7,2021-09-01T16:30:00,16,Outbound,Demo,Completed,4,0.69,37,17,False
4974,3334,4,2024-12-04T11:45:00,51,Outbound,Check-In,Completed,4,0.39,221,18,False
4975,2696,7,2023-11-10T10:00:00,17,Outbound,Follow-Up,Completed,6,0.34,135,24,True
4976,2589,4,2024-11-08T16:00:00,-45,Outbound,Negotiation,Rescheduled,1,,,0,False
4977,4330,5,2022-11-01T12:15:00,33,Inbound,Demo,Completed,4,0.6,190,14,False
4978,2800,3,2024-08-05T11:30:00,52,Outbound,Check-In,Completed,8,0.4,47,14,True
4979,135,8,2024-11-14T12:45:00,56,Outbound,QBR,Rescheduled,1,,,0,False
4980,2179,13,2024-05-07T17:45:00,54,Outbound,Discovery,Rescheduled,1,,,0,False
4981,911,16,2030-06-15T10:00:00,27,Outbound,Discovery,Rescheduled,1,,,0,False
4982,3775,2,2024-06-30T14:30:00,51,Inbound,Demo,Completed,3,0.43,46,10,False
4983,1928,7,2024-05-07T13:00:00,0,Outbound,Negotiation,No Show,1,,,0,False
4984,4620,1,2022-12-28T10:15:00,,Outbound,Check-In,Completed,6,0.62,139,19,False
4985,4973,14,2024-12-24T15:15:00,36,Inbound,Discovery,Completed,6,0.54,112,14,False
4986,3412,12,2023-08-27T14:45:00,17,Inbound,Check-In,Completed,6,0.76,241,9,False
4987,4066,3,2022-10-24T11:15:00,15,Outbound,Negotiation,Completed,8,0.45,101,9,False
4988,4671,7,2021-01-23T12:00:00,46,Inbound,Check-In,Completed,7,0.65,155,11,True
4989,3519,6,2024-01-17T13:45:00,15,Outbound,QBR,Completed,2,0.53,74,13,False
4990,1597,8,2024-02-28T15:15:00,26,Inbound,QBR,Completed,3,0.56,232,16,True
4991,303,15,2024-12-26T10:00:00,21,Outbound,Discovery,Completed,3,0.81,135,12,True
4992,4391,15,2024-11-07T13:45:00,48,Outbound,QBR,Completed,4,0.46,171,12,False
4993,3515,5,2023-04-23T11:30:00,0,Inbound,QBR,No Show,1,,,0,False
4994,1676,1,2024-12-24T13:45:00,20,Outbound,Technical Deep Dive,Completed,4,0.45,86,18,True
4995,1685,13,2021-10-03T16:15:00,56,Inbound,Demo,Rescheduled,1,,,0,False
4996,3649,9,2024-06-20T15:45:00,0,Outbound,Check-In,No Show,1,,,0,False
4997,1703,9,2023-09-09T10:45:00,-58,Outbound,Check-In,Completed,8,0.65,106,5,True
4998,3901,2,2024-12-27T15:00:00,27,Inbound,Follow-Up,Completed,3,0.66,100,8,False
4999,2982,8,2022-02-06T14:45:00,0,Outbound,QBR,No Show,1,,,0,False
5000,4127,3,2023-07-29T12:45:00,17,Outbound,Follow-Up,Completed,3,0.45,125,16,True
5001,251,1,2024-01-15T09:00:00,16,Inbound,Negotiation,Completed,5,0.29,138,28,True
5002,3228,5,2024-03-11T12:30:00,21,Inbound,Demo,Completed,8,0.58,166,7,False
5003,126,15,2024-11-04T14:45:00,50,Outbound,Follow-Up,Rescheduled,1,,,0,False
5004,2445,16,2023-10-03T11:30:00,34,Outbound,Follow-Up,Completed,3,0.56,146,9,False
5005,3825,6,2023-10-01T09:15:00,51,Outbound,Demo,Completed,7,0.72,255,15,False
5006,2717,3,2030-06-15T10:00:00,30,Inbound,Discovery,Rescheduled,1,,,0,False
5007,4979,11,2022-08-23T13:00:00,40,Outbound,Discovery,Completed,3,0.45,90,12,False
5008,1824,8,2023-06-07T15:30:00,50,Inbound,Negotiation,Completed,4,1.07,76,5,False
5009,3460,2,2024-05-06T15:00:00,0,Outbound,QBR,No Show,1,,,0,False
5010,1800,3,2024-10-01T16:00:00,45,Outbound,Follow-Up,Completed,2,0.42,235,7,False
5011,724,5,2024-12-13T11:15:00,60,Outbound,QBR,Completed,6,0.55,78,16,False
5012,4743,10,2024-12-31T11:00:00,3,Outbound,QBR,Voicemail,1,,,0,False
5013,1130,12,2024-10-22T10:15:00,27,Outbound,Technical Deep Dive,Completed,8,0.44,50,8,False
5014,1958,9,2021-10-20T10:45:00,48,Outbound,QBR,Completed,6,0.68,62,4,False
5015,1706,9,2023-11-19T16:00:00,52,Outbound,Demo,Completed,7,0.4,170,9,True
5016,4813,16,2024-12-22T14:45:00,59,Inbound,Demo,Completed,5,0.69,103,10,True
5017,4459,5,2024-05-18T17:00:00,56,Outbound,Check-In,Rescheduled,1,,,0,False
5018,681,5,2023-01-05T10:00:00,45,Inbound,Check-In,Completed,2,0.57,205,15,False
5019,4008,6,2024-09-16T15:45:00,41,Outbound,Negotiation,Rescheduled,1,,,0,False
5020,246,11,2024-08-24T11:45:00,49,Outbound,Negotiation,Rescheduled,1,,,0,False
5021,1207,8,2023-09-21T15:00:00,39,Inbound,Discovery,Completed,7,0.39,118,15,False
5022,1117,4,2023-11-12T15:30:00,37,Outbound,Negotiation,Completed,7,0.59,65,13,True
5023,2051,5,2024-12-29T16:30:00,40,Outbound,QBR,Completed,8,0.55,193,17,True
5024,4999,13,2024-09-05T15:45:00,46,Outbound,QBR,Completed,4,0.77,264,4,False
5025,400,11,2024-12-10T11:45:00,15,Inbound,Demo,Completed,4,0.55,102,8,False
5026,35,2,2024-03-07T10:15:00,38,Outbound,Discovery,Completed,6,0.36,192,24,False
5027,375,6,2022-10-14T09:15:00,41,Outbound,Follow-Up,Completed,5,0.63,156,8,True
5028,3927,15,2024-09-17T10:30:00,42,Outbound,Technical Deep Dive,Completed,3,0.72,54,1,False
5029,3200,14,2023-10-20T16:45:00,3,Outbound,Follow-Up,Voicemail,1,,,0,False
5030,414,6,2023-09-10T09:00:00,17,Inbound,Follow-Up,Completed,8,0.41,191,12,True
5031,1891,8,2024-05-27T15:00:00,0,Outbound,Check-In,No Show,1,,,0,False
5032,1352,14,2024-12-06T09:00:00,26,Outbound,Technical Deep Dive,Completed,4,0.59,135,12,False
5033,1418,16,2024-12-19T14:45:00,16,Outbound,Check-In,Completed,7,0.75,196,11,False
5034,4637,15,2024-10-09T11:30:00,60,Inbound,Discovery,Completed,2,0.69,107,8,True
5035,1924,12,2024-08-17T12:00:00,16,Inbound,Discovery,Completed,8,0.68,65,17,False
5036,834,12,2021-08-01T10:15:00,44,Outbound,QBR,Completed,7,0.65,112,13,False
5037,4629,8,2023-09-28T16:30:00,43,Outbound,Demo,Completed,7,0.61,152,18,False
5038,2969,6,2024-03-16T09:45:00,50,Outbound,Check-In,Completed,6,0.45,149,17,True
5039,3976,15,2022-08-15T14:00:00,,Outbound,Negotiation,Completed,7,0.73,129,6,True
5040,3742,11,2024-10-08T11:30:00,17,Outbound,Follow-Up,Completed,7,0.5,197,9,False
5041,1959,10,2024-01-22T14:15:00,18,Inbound,Discovery,Completed,2,0.59,78,9,False
5042,2402,16,2024-12-23T16:30:00,51,Inbound,Technical Deep Dive,Completed,2,0.44,195,9,False
5043,3575,14,2024-08-19T14:15:00,22,Outbound,Negotiation,Completed,2,0.58,175,4,False
5044,3405,15,2023-10-29T13:00:00,35,Inbound,Negotiation,Completed,7,0.81,53,3,False
5045,1562,9,2024-12-24T12:15:00,0,Outbound,Check-In,No Show,1,,,0,False
5046,2015,14,2024-12-21T10:45:00,43,Outbound,Demo,Completed,6,0.62,167,12,True
5047,1757,3,2024-08-02T14:15:00,23,Outbound,QBR,Rescheduled,1,,,0,False
5048,505,9,2024-12-07T11:15:00,,Inbound,Negotiation,Completed,4,0.87,260,8,False
5049,696,5,2024-06-14T10:15:00,32,Outbound,Follow-Up,Completed,2,0.56,131,11,False
5050,2932,11,2024-12-06T11:00:00,50,Outbound,Negotiation,Completed,4,0.58,187,16,True
5051,4149,16,2024-10-05T10:15:00,59,Outbound,Check-In,Completed,5,0.69,56,11,True
5052,2968,4,2024-12-20T15:00:00,44,Outbound,Follow-Up,Completed,2,0.55,124,12,True
5053,2837,8,2024-05-09T15:30:00,34,Outbound,Follow-Up,Completed,5,0.57,89,18,True
5054,4498,5,2024-12-22T14:30:00,47,Inbound,Check-In,Completed,3,0.37,138,12,True
5055,663,15,2024-10-02T15:00:00,17,Outbound,Demo,Completed,2,0.55,149,11,True
5056,2780,1,2024-09-03T10:30:00,56,Outbound,Technical Deep Dive,Completed,7,0.49,188,16,False
5057,1895,2,2020-09-02T13:45:00,18,Inbound,Technical Deep Dive,Completed,3,0.63,32,19,True
5058,3881,6,2023-11-21T10:45:00,0,Inbound,Follow-Up,No Show,1,,,0,False
5059,1785,11,2024-12-09T15:00:00,47,Inbound,Check-In,Rescheduled,1,,,0,False
5060,3011,14,2024-12-12T12:45:00,43,Inbound,Follow-Up,Completed,6,0.58,138,11,False
5061,3267,1,2024-12-09T12:30:00,59,Inbound,Negotiation,Completed,4,0.35,135,9,True
5062,881,11,2021-02-24T13:45:00,22,Inbound,Technical Deep Dive,Completed,2,0.65,166,9,True
5063,1712,14,2024-05-12T16:15:00,18,Outbound,Negotiation,Completed,4,0.45,216,9,False
5064,4550,1,2023-10-25T12:30:00,29,Outbound,Discovery,Rescheduled,1,,,0,False
5065,1288,11,2024-12-09T10:00:00,49,Outbound,Check-In,Completed,7,0.5,37,13,True
5066,1360,3,2024-03-08T10:00:00,58,Inbound,Check-In,Rescheduled,1,,,0,False
5067,4529,13,2022-12-26T13:30:00,58,Outbound,QBR,Completed,4,1.31,240,5,False
5068,4816,16,2024-12-10T12:00:00,19,Outbound,Follow-Up,Completed,6,0.51,33,13,False
5069,4250,9,2023-09-29T11:15:00,18,Inbound,QBR,Rescheduled,1,,,0,False
5070,1961,12,2024-06-20T11:30:00,30,Inbound,Discovery,Completed,4,0.44,146,11,False
5071,3882,4,2024-01-05T16:15:00,39,Outbound,QBR,Rescheduled,1,,,0,False
5072,2734,5,2024-09-28T13:15:00,54,Outbound,QBR,Completed,5,0.52,78,15,True
5073,4513,6,2024-12-09T11:45:00,16,Inbound,Check-In,Completed,5,0.5,141,6,False
5074,355,9,2023-10-30T12:45:00,27,Inbound,Discovery,Completed,4,0.69,112,12,True
5075,3053,10,2024-12-30T09:00:00,38,Inbound,Follow-Up,Completed,8,0.59,48,4,True
5076,3802,11,2023-12-01T15:45:00,17,Outbound,Follow-Up,Rescheduled,1,,,0,False
5077,4128,6,2024-08-11T12:30:00,31,Inbound,QBR,Completed,7,0.41,98,13,False
5078,2195,6,2024-11-10T16:30:00,48,Outbound,Negotiation,Completed,3,0.55,59,4,True
5079,4807,8,2023-11-08T16:45:00,53,Inbound,QBR,Completed,3,0.57,164,12,False
5080,1476,5,2024-12-31T11:30:00,27,Inbound,QBR,Completed,4,0.67,147,11,True
5081,3474,2,2024-09-06T11:00:00,0,Outbound,Follow-Up,No Show,1,,,0,False
5082,3081,16,2021-05-29T17:00:00,27,Outbound,Follow-Up,Completed,4,0.57,147,3,True
5083,3006,1,2023-10-03T12:45:00,33,Outbound,Follow-Up,Completed,2,0.37,188,14,True
5084,4649,10,2022-08-02T13:15:00,1,Outbound,Demo,Voicemail,1,,,0,False
5085,4498,5,2024-12-28T11:30:00,0,Outbound,Negotiation,No Show,1,,,0,False
5086,1065,7,2023-09-16T09:30:00,56,Outbound,QBR,Completed,2,0.41,179,9,True
5087,3772,5,2024-06-18T12:30:00,16,Outbound,Technical Deep Dive,Completed,2,0.48,211,17,True
5088,4516,13,2023-07-20T14:15:00,0,Outbound,QBR,No Show,1,,,0,False
5089,3057,3,2024-04-22T11:15:00,31,Outbound,Technical Deep Dive,Completed,6,0.68,135,18,False
5090,646,6,2024-12-14T14:30:00,20,Outbound,Negotiation,Completed,2,0.67,189,14,False
5091,1943,13,2022-08-06T10:30:00,40,Inbound,Demo,Completed,8,0.63,138,4,True
5092,3552,2,2023-10-27T10:45:00,48,Outbound,Discovery,Completed,6,0.5,195,16,False
5093,1428,4,2024-11-30T14:45:00,23,Inbound,Demo,Completed,5,0.81,116,9,False
5094,609,7,2021-12-31T15:30:00,3,Outbound,Check-In,Voicemail,1,,,0,False
5095,1893,13,2024-12-14T16:00:00,3,Outbound,Follow-Up,Voicemail,1,,,0,False
5096,2561,13,2022-02-15T16:45:00,58,Outbound,Check-In,Completed,7,0.67,72,12,False
5097,1109,10,2023-10-16T13:45:00,59,Outbound,Negotiation,Completed,7,1.39,130,6,False
5098,2039,5,2021-06-23T16:30:00,43,Outbound,Discovery,Rescheduled,1,,,0,False
5099,1406,7,2023-01-24T15:15:00,59,Outbound,Follow-Up,Completed,2,0.44,215,7,False
5100,4009,6,2024-12-28T14:15:00,25,Outbound,Discovery,Completed,4,0.42,143,15,True
5101,3128,2,2024-09-23T13:30:00,37,Outbound,Check-In,Completed,3,0.5,153,22,True
5102,3104,11,2024-12-27T09:15:00,55,Inbound,Follow-Up,Completed,6,0.47,216,15,True
5103,352,16,2024-12-13T17:15:00,29,Inbound,Demo,Completed,4,0.42,236,7,True
5104,4962,3,2024-04-01T12:45:00,32,Outbound,Technical Deep Dive,Completed,7,0.52,142,3,True
5105,3409,7,2023-01-02T10:30:00,56,Outbound,Check-In,Completed,6,0.56,144,20,False
5106,3424,5,2024-10-13T13:00:00,22,Outbound,Discovery,Completed,4,0.72,207,13,True
5107,1149,10,2022-12-15T11:30:00,47,Outbound,Demo,Completed,7,0.4,218,18,False
5108,25,13,2024-10-15T10:45:00,16,Outbound,Technical Deep Dive,Completed,2,0.61,78,1,False
5109,4006,4,2024-08-06T15:15:00,44,Outbound,Technical Deep Dive,Completed,8,0.79,61,14,False
5110,3846,9,2024-10-25T13:30:00,55,Outbound,Follow-Up,Completed,8,0.65,122,6,False
5111,3203,7,2023-03-26T12:30:00,49,Outbound,Demo,Completed,3,0.82,256,8,True
5112,706,1,2022-08-20T12:30:00,0,Inbound,Follow-Up,No Show,1,,,0,False
5113,2193,15,2022-12-09T13:45:00,35,Outbound,Technical Deep Dive,Completed,2,0.74,138,10,False
5114,252,16,2024-12-14T12:30:00,19,Inbound,Negotiation,Completed,2,0.59,99,8,True
5115,1179,7,2024-12-21T11:00:00,0,Outbound,Follow-Up,No Show,1,,,0,False
5116,1118,10,2024-01-01T13:15:00,-54,Outbound,Check-In,Completed,5,0.52,173,12,True
5117,3880,4,2023-09-06T13:00:00,60,Outbound,Follow-Up,Rescheduled,1,,,0,False
5118,1765,12,2024-12-31T11:30:00,28,Outbound,Check-In,Completed,3,0.68,200,11,True
5119,3011,14,2030-06-15T10:00:00,55,Outbound,QBR,Completed,8,0.45,160,11,True
5120,4575,8,2021-02-01T14:15:00,0,Outbound,Discovery,No Show,1,,,0,False
5121,2377,16,2024-12-23T13:45:00,21,Outbound,Discovery,Completed,2,0.85,38,3,True
5122,3330,15,2024-11-10T11:15:00,56,Outbound,Demo,Completed,2,0.72,66,8,False
5123,2300,15,2024-11-29T13:00:00,0,Outbound,Demo,No Show,1,,,0,False
5124,3859,12,2022-03-26T09:00:00,17,Inbound,Negotiation,Completed,4,0.72,37,18,True
5125,635,4,2024-06-16T14:30:00,0,Inbound,Check-In,No Show,1,,,0,False
5126,586,16,2024-11-16T15:15:00,46,Outbound,Demo,Rescheduled,1,,,0,False
5127,2758,11,2020-07-27T11:45:00,24,Inbound,Check-In,Completed,2,0.4,120,3,True
5128,2748,11,2024-12-07T13:45:00,19,Outbound,Discovery,Completed,5,0.35,124,15,False
5129,1559,14,2022-04-25T16:15:00,26,Inbound,Discovery,Completed,5,0.7,182,11,True
5130,1047,2,2024-12-31T12:15:00,47,Outbound,Discovery,Completed,5,0.49,35,9,True
5131,97,13,2023-06-27T15:45:00,53,Outbound,Demo,Completed,8,0.54,206,7,False
5132,2165,2,2024-08-19T15:00:00,36,Outbound,QBR,Completed,4,0.58,113,7,True
5133,4715,13,2024-10-13T16:15:00,19,Inbound,Check-In,Completed,8,0.42,167,16,True
5134,4497,8,2024-08-14T10:45:00,46,Outbound,QBR,Completed,5,0.5,127,10,True
5135,221,12,2023-01-25T09:15:00,20,Outbound,Demo,Completed,3,0.66,238,12,True
5136,3141,7,2023-05-01T15:00:00,19,Inbound,Check-In,Completed,7,0.69,177,9,True
5137,4027,11,2024-04-27T13:45:00,23,Inbound,Discovery,Completed,5,0.41,170,11,False
5138,678,4,2024-12-25T14:30:00,27,Outbound,QBR,Completed,4,0.51,211,10,True
5139,804,16,2023-10-12T13:30:00,23,Inbound,Follow-Up,Completed,8,0.59,181,4,True
5140,1853,4,2024-12-18T12:30:00,30,Outbound,Negotiation,Completed,6,0.51,74,11,False
5141,1698,8,2024-12-31T17:15:00,16,Outbound,QBR,Completed,8,0.73,187,11,False
5142,3279,1,2024-09-29T10:30:00,38,Outbound,Check-In,Completed,2,0.44,32,12,False
5143,133,4,2030-06-15T10:00:00,,Outbound,Follow-Up,Completed,4,0.62,151,11,False
5144,4634,9,2030-06-15T10:00:00,2,Outbound,QBR,Voicemail,1,,,0,False
5145,587,1,2024-07-19T13:45:00,41,Outbound,Discovery,Completed,6,0.54,41,13,True
5146,2130,10,2023-03-02T10:45:00,34,Outbound,Technical Deep Dive,Rescheduled,1,,,0,False
5147,4590,11,2021-04-13T17:15:00,51,Inbound,QBR,Completed,8,0.87,170,12,False
5148,906,13,2023-12-06T14:15:00,50,Outbound,QBR,Completed,4,0.6,51,7,False
5149,2829,9,2023-10-21T13:15:00,0,Outbound,Negotiation,No Show,1,,,0,False
5150,96,1,2023-05-28T16:30:00,37,Outbound,Demo,Completed,7,0.55,106,4,True
5151,3665,15,2024-12-16T16:45:00,0,Outbound,Negotiation,No Show,1,,,0,False
5152,3001,3,2024-08-27T11:30:00,45,Outbound,Check-In,Completed,7,0.31,133,22,False
5153,4554,9,2024-07-04T14:15:00,30,Outbound,Discovery,Completed,4,0.57,74,9,False
5154,4589,16,2024-11-26T12:30:00,54,Outbound,Discovery,Completed,7,0.6,205,5,False
5155,2196,5,2024-11-04T15:00:00,59,Outbound,Negotiation,Completed,7,0.42,204,12,False
5156,35,2,2024-02-12T14:15:00,33,Outbound,Check-In,Completed,5,0.31,231,15,False
5157,2984,14,2021-12-27T09:00:00,45,Outbound,Discovery,Completed,2,0.68,239,4,True
5158,2457,10,2024-12-12T16:30:00,54,Outbound,Technical Deep Dive,Completed,5,0.67,88,6,True
5159,3399,8,2024-12-01T14:30:00,55,Outbound,Follow-Up,Completed,7,0.4,82,7,True
5160,1932,13,2023-07-21T10:45:00,56,Outbound,QBR,Rescheduled,1,,,0,False
5161,3862,1,2021-06-27T10:30:00,35,Inbound,Negotiation,Completed,4,0.43,180,27,True
5162,3012,11,2023-02-28T14:45:00,42,Outbound,QBR,Completed,4,0.45,228,14,False
5163,404,3,2024-11-20T11:30:00,34,Outbound,Technical Deep Dive,Completed,8,0.36,102,8,True
5164,111,8,2024-11-24T12:15:00,0,Inbound,Follow-Up,No Show,1,,,0,False
5165,4320,6,2022-03-02T11:45:00,58,Outbound,Follow-Up,Completed,4,0.68,154,11,False
5166,1783,16,2024-12-26T12:15:00,56,Inbound,Discovery,Rescheduled,1,,,0,False
5167,2299,9,2023-02-03T13:15:00,30,Outbound,Check-In,Completed,7,0.49,176,16,True
5168,3389,5,2024-02-15T10:15:00,19,Outbound,Follow-Up,Completed,4,0.66,202,9,True
5169,3328,12,2023-12-06T15:15:00,38,Outbound,Discovery,Completed,4,0.54,132,3,False
5170,4121,12,2024-08-10T13:45:00,51,Outbound,QBR,Completed,5,0.66,228,2,True
5171,1748,3,2024-12-25T09:45:00,16,Outbound,Negotiation,Completed,5,0.49,198,10,False
5172,4414,12,2023-11-25T11:45:00,51,Outbound,Check-In,Completed,7,0.35,34,8,False
5173,1429,12,2023-08-09T09:15:00,52,Outbound,Follow-Up,Completed,6,0.56,78,5,False
5174,4431,15,2023-03-29T12:45:00,2,Outbound,QBR,Voicemail,1,,,0,False
5175,1512,9,2024-12-24T08:30:00,38,Outbound,QBR,Completed,6,0.34,107,13,True
5176,1887,6,2024-12-12T11:45:00,1,Outbound,Check-In,Voicemail,1,,,0,False
5177,917,16,2024-07-11T16:00:00,56,Outbound,Negotiation,Rescheduled,1,,,0,False
5178,1298,9,2024-12-17T16:15:00,60,Outbound,Follow-Up,Completed,5,0.67,250,11,True
5179,3004,6,2024-03-14T11:30:00,35,Outbound,Demo,Completed,8,0.77,134,3,True
5180,4107,4,2024-12-29T14:45:00,18,Outbound,Discovery,Completed,7,0.37,183,16,True
5181,1480,5,2024-12-06T09:00:00,19,Inbound,QBR,Completed,5,0.47,176,6,False
5182,2430,16,2024-12-10T15:15:00,29,Outbound,Follow-Up,Completed,3,0.7,197,9,False
5183,780,14,2024-12-09T10:00:00,58,Outbound,Negotiation,Completed,7,0.62,50,4,False
5184,1015,3,2024-11-26T13:45:00,31,Outbound,Negotiation,Completed,4,0.41,56,12,True
5185,528,16,2024-12-04T13:15:00,34,Inbound,Technical Deep Dive,Completed,2,0.75,141,8,False
5186,149,16,2024-12-28T14:30:00,36,Outbound,Demo,Completed,7,0.46,101,6,True
5187,3965,12,2024-10-27T12:00:00,28,Inbound,Negotiation,Completed,5,0.34,35,14,True
5188,2845,14,2022-03-14T10:15:00,50,Outbound,Check-In,Completed,7,0.53,235,4,False
5189,1098,13,2022-08-29T12:15:00,24,Inbound,Demo,Completed,4,0.59,201,4,False
5190,1843,1,2023-05-31T14:30:00,55,Inbound,QBR,Completed,5,0.38,47,14,True
5191,406,2,2023-06-28T12:15:00,3,Inbound,Negotiation,Voicemail,1,,,0,False
5192,757,2,2024-03-21T15:15:00,48,Inbound,Negotiation,Completed,8,0.54,135,22,True
5193,4591,16,2024-12-08T10:15:00,46,Outbound,Follow-Up,Completed,7,0.47,194,12,True
5194,250,9,2024-10-02T11:30:00,21,Outbound,QBR,Rescheduled,1,,,0,False
5195,4543,11,2024-12-22T12:00:00,33,Outbound,QBR,Completed,7,0.48,215,13,False
5196,3408,9,2024-12-18T17:30:00,28,Inbound,Discovery,Completed,6,0.72,168,10,False
5197,1406,7,2022-12-16T11:45:00,35,Outbound,Check-In,Completed,5,0.63,121,20,True
5198,4933,1,2023-08-04T14:00:00,3,Outbound,Demo,Voicemail,1,,,0,False
5199,4716,12,2024-05-30T14:15:00,54,Inbound,Technical Deep Dive,Completed,5,0.66,253,2,False
5200,326,11,2022-08-18T12:15:00,42,Outbound,Negotiation,Completed,5,0.5,189,6,True
5201,4480,4,2022-10-27T11:00:00,27,Outbound,Demo,Completed,6,0.57,223,18,True
5202,730,3,2024-09-07T10:15:00,46,Outbound,Demo,Rescheduled,1,,,0,False
5203,194,1,2023-04-29T10:00:00,53,Outbound,Follow-Up,Completed,7,0.32,31,4,False
5204,2195,6,2024-11-06T10:15:00,31,Outbound,Technical Deep Dive,Completed,5,0.51,158,5,False
5205,579,12,2022-03-15T11:15:00,0,Outbound,QBR,No Show,1,,,0,False
5206,599,14,2024-11-06T15:45:00,34,Outbound,Check-In,Completed,8,0.49,237,9,False
5207,2804,15,2023-07-30T17:15:00,30,Inbound,Technical Deep Dive,Completed,4,0.53,40,19,True
5208,2578,6,2024-06-18T11:00:00,34,Inbound,Technical Deep Dive,Completed,2,0.54,30,8,False
5209,1119,13,2023-04-04T16:30:00,36,Outbound,Check-In,Completed,8,0.67,283,7,True
5210,3042,5,2024-06-13T15:00:00,25,Outbound,Demo,Completed,6,0.39,37,19,True
5211,1934,14,2023-07-08T11:15:00,54,Inbound,QBR,Completed,3,0.91,201,2,False
5212,1826,4,2024-11-29T15:30:00,39,Outbound,Technical Deep Dive,Completed,5,0.36,73,25,False
5213,2485,9,2024-11-02T09:15:00,15,Outbound,Negotiation,Completed,8,0.72,109,17,True
5214,2316,6,2023-01-09T13:30:00,40,Inbound,Discovery,Completed,7,0.5,220,14,False
5215,1732,16,2024-11-23T13:45:00,48,Outbound,Technical Deep Dive,Completed,2,0.43,62,13,True
5216,1482,11,2022-11-23T12:45:00,38,Outbound,QBR,Completed,5,0.66,90,8,False
5217,2649,2,2024-12-19T11:00:00,38,Outbound,Demo,Completed,8,0.66,155,3,False
5218,441,6,2022-08-31T10:30:00,0,Inbound,Check-In,No Show,1,,,0,False
5219,4375,3,2022-05-20T16:15:00,57,Inbound,Negotiation,Completed,6,0.46,135,15,True
5220,1296,2,2024-12-06T10:00:00,49,Outbound,Discovery,Completed,2,0.46,237,4,True
5221,148,1,2024-12-11T13:30:00,22,Inbound,Discovery,Rescheduled,1,,,0,False
5222,265,10,2024-08-29T16:45:00,0,Outbound,Negotiation,No Show,1,,,0,False
5223,3357,5,2021-01-21T12:15:00,0,Outbound,Technical Deep Dive,No Show,1,,,0,False
5224,222,16,2024-12-28T17:45:00,60,Inbound,Discovery,Completed,5,0.46,157,3,True
5225,418,14,2023-11-20T15:15:00,53,Inbound,Technical Deep Dive,Completed,4,0.72,139,2,False
5226,336,6,2022-10-23T15:45:00,45,Outbound,QBR,Completed,2,0.61,52,16,True
5227,2852,6,2024-06-18T09:30:00,23,Outbound,Technical Deep Dive,Completed,2,0.42,220,17,True
5228,2067,13,2024-10-12T13:45:00,27,Outbound,Negotiation,Completed,3,0.77,40,10,False
5229,3364,7,2024-09-18T11:30:00,34,Outbound,QBR,Completed,3,0.78,119,8,True
5230,1658,16,2024-12-11T11:00:00,28,Outbound,Check-In,Completed,8,0.58,58,9,True
5231,188,14,2024-09-01T14:15:00,40,Inbound,Check-In,Rescheduled,1,,,0,False
5232,3984,13,2021-05-27T13:00:00,0,Outbound,Check-In,No Show,1,,,0,False
5233,854,1,2023-07-17T11:15:00,25,Outbound,Check-In,Completed,6,0.45,154,19,True
5234,4639,3,2024-12-25T10:30:00,19,Inbound,Discovery,Completed,8,0.53,71,22,False
5235,2581,1,2024-12-09T15:15:00,31,Outbound,Check-In,Rescheduled,1,,,0,False
5236,680,16,2024-12-24T08:15:00,48,Outbound,Negotiation,Completed,6,0.51,30,8,True
5237,4338,7,2024-09-14T10:30:00,37,Outbound,Discovery,Completed,5,0.6,232,9,False
5238,4706,8,2024-08-20T12:00:00,38,Inbound,Technical Deep Dive,Completed,7,0.6,83,8,True
5239,881,11,2021-02-18T14:00:00,32,Outbound,Check-In,Completed,2,0.62,134,17,True
5240,1315,8,2024-12-03T16:00:00,39,Outbound,Negotiation,Rescheduled,1,,,0,False
5241,4883,1,2022-01-27T13:30:00,56,Inbound,QBR,Completed,8,0.49,108,10,True
5242,1331,9,2024-01-09T13:15:00,18,Outbound,Demo,Completed,5,0.66,92,6,True
5243,1252,1,2024-12-10T09:30:00,26,Outbound,Follow-Up,Completed,2,0.59,179,8,True
5244,4495,1,2023-02-04T09:15:00,42,Outbound,Demo,Completed,2,0.44,168,6,False
5245,4412,12,2022-08-22T16:30:00,40,Inbound,Technical Deep Dive,Rescheduled,1,,,0,False
5246,56,6,2024-06-30T11:15:00,23,Inbound,Check-In,Completed,2,0.62,228,8,False
5247,2162,16,2024-11-24T12:00:00,35,Outbound,QBR,Completed,4,0.54,129,16,False
5248,1870,1,2022-11-27T10:30:00,25,Outbound,Negotiation,Completed,5,0.3,195,16,False
5249,1598,12,2024-03-21T16:15:00,26,Outbound,QBR,Completed,5,0.67,171,18,True
5250,3247,1,2021-08-03T12:45:00,59,Inbound,QBR,Completed,3,0.45,185,9,True
5251,2379,14,2024-08-03T13:45:00,0,Outbound,Demo,No Show,1,,,0,False
5252,4465,3,2022-06-21T13:00:00,26,Outbound,Negotiation,Completed,4,0.34,46,7,False
5253,1648,12,2022-04-07T12:30:00,40,Outbound,Follow-Up,Completed,8,0.72,202,10,True
5254,967,7,2024-06-18T10:00:00,3,Inbound,QBR,Voicemail,1,,,0,False
5255,1308,15,2024-12-19T14:00:00,1,Inbound,Demo,Voicemail,1,,,0,False
5256,1835,5,2022-07-01T14:45:00,29,Outbound,Check-In,Completed,3,0.36,161,20,True
5257,2060,16,2024-12-06T15:45:00,42,Outbound,Technical Deep Dive,Completed,8,0.63,159,11,False
5258,1801,3,2024-12-20T15:15:00,-33,Outbound,Follow-Up,Completed,8,0.47,55,19,False
5259,2548,3,2024-10-01T16:45:00,46,Inbound,Discovery,Rescheduled,1,,,0,False
5260,1448,7,2023-06-24T15:15:00,54,Inbound,Follow-Up,Completed,7,0.54,232,10,True
5261,3564,16,2024-12-26T12:30:00,0,Outbound,QBR,No Show,1,,,0,False
5262,1983,9,2020-11-15T13:30:00,59,Outbound,Negotiation,Completed,2,0.49,65,15,True
5263,3734,4,2023-10-06T15:45:00,54,Inbound,QBR,Completed,2,0.66,127,10,False
5264,1916,13,2024-04-10T13:00:00,0,Outbound,Discovery,No Show,1,,,0,False
5265,3002,9,2024-12-12T15:30:00,48,Outbound,Follow-Up,Completed,8,0.6,203,5,False
5266,4268,14,2024-12-04T16:15:00,15,Outbound,Negotiation,Completed,6,0.62,228,6,False
5267,1531,13,2024-09-11T15:00:00,34,Outbound,Follow-Up,Rescheduled,1,,,0,False
5268,1154,15,2024-12-20T14:30:00,,Outbound,Negotiation,Completed,7,1.39,139,12,False
5269,3066,15,2024-12-16T13:30:00,27,Outbound,Discovery,Rescheduled,1,,,0,False
5270,1573,13,2024-09-22T14:30:00,30,Outbound,Check-In,Completed,3,1.44,118,13,False
5271,3755,10,2023-07-21T12:45:00,60,Inbound,Technical Deep Dive,Completed,3,1.36,67,5,True
5272,4756,4,2023-08-17T13:45:00,25,Outbound,Negotiation,Rescheduled,1,,,0,False
5273,1339,6,2021-01-06T13:45:00,52,Outbound,Check-In,Completed,8,0.46,156,20,True
5274,4969,8,2024-06-09T11:30:00,37,Outbound,Follow-Up,Completed,5,0.7,50,18,True
5275,306,3,2021-05-19T15:30:00,53,Inbound,Check-In,Completed,4,0.65,200,3,False
5276,3823,7,2023-04-23T15:45:00,38,Inbound,Check-In,Completed,2,0.41,49,4,False
5277,3559,7,2024-04-17T09:15:00,20,Outbound,Demo,Completed,2,0.64,72,6,True
5278,71,7,2023-07-30T16:45:00,60,Outbound,QBR,Completed,6,0.51,65,10,False
5279,562,10,2023-06-29T11:30:00,55,Outbound,Negotiation,Completed,4,0.63,58,9,True
5280,279,15,2024-06-28T11:00:00,40,Outbound,QBR,Rescheduled,1,,,0,False
5281,324,9,2024-04-23T12:00:00,31,Outbound,Follow-Up,Completed,4,0.59,46,15,True
5282,4519,11,2023-06-14T13:30:00,38,Outbound,Negotiation,Completed,3,0.58,80,7,True
5283,3660,14,2023-08-17T14:30:00,52,Outbound,Demo,Completed,5,0.71,224,14,False
5284,2497,11,2023-12-10T11:15:00,21,Outbound,Check-In,Completed,7,0.38,93,13,True
5285,4532,14,2023-08-27T12:30:00,56,Outbound,Follow-Up,Completed,5,0.89,39,3,False
5286,925,11,2024-10-01T17:45:00,17,Outbound,Check-In,Completed,6,0.87,252,6,False
5287,2955,2,2023-10-13T15:00:00,49,Outbound,Check-In,Completed,6,0.4,141,10,True
5288,694,3,2023-11-12T13:30:00,59,Outbound,Demo,Completed,5,0.47,76,6,True
5289,4683,13,2022-08-20T17:00:00,57,Outbound,QBR,Completed,5,0.64,54,9,False
5290,4259,3,2024-06-19T16:30:00,16,Outbound,Technical Deep Dive,Completed,6,0.39,196,20,False
5291,1641,13,2022-07-05T12:00:00,60,Outbound,Negotiation,Rescheduled,1,,,0,False
5292,2257,14,2024-12-07T09:15:00,21,Outbound,Discovery,Completed,7,0.51,121,8,True
5293,4449,2,2023-02-09T12:15:00,53,Inbound,Check-In,Completed,7,0.48,209,16,False
5294,1567,5,2020-11-14T11:15:00,56,Outbound,QBR,Completed,7,0.52,55,6,False
5295,325,4,2022-10-14T15:30:00,0,Outbound,Follow-Up,No Show,1,,,0,False
5296,4359,8,2024-09-26T16:45:00,53,Outbound,QBR,Completed,2,0.35,30,13,False
5297,970,2,2023-05-17T16:45:00,45,Outbound,QBR,Completed,2,0.49,59,4,True
5298,2374,13,2024-10-02T10:15:00,50,Inbound,QBR,Completed,7,0.47,116,9,True
5299,1903,11,2024-12-03T08:15:00,27,Inbound,QBR,Completed,5,0.69,237,11,False
5300,2632,13,2023-01-15T15:45:00,15,Outbound,Discovery,Completed,7,0.53,33,12,True
5301,3043,7,2020-12-13T11:45:00,-31,Outbound,Follow-Up,Completed,5,0.55,172,11,False
5302,601,5,2023-12-10T17:00:00,24,Inbound,Demo,Completed,2,0.82,175,13,True
5303,4702,9,2022-01-13T10:00:00,58,Outbound,Demo,Completed,2,0.52,45,14,False
5304,4313,4,2024-12-14T09:15:00,-48,Inbound,Demo,Completed,8,0.35,222,6,False
5305,2054,3,2024-09-03T08:45:00,0,Outbound,Demo,No Show,1,,,0,False
5306,2772,7,2024-12-20T10:15:00,3,Outbound,Check-In,Voicemail,1,,,0,False
5307,3386,14,2023-05-18T10:30:00,27,Outbound,Follow-Up,Completed,8,0.63,39,8,False
5308,4863,15,2024-09-17T16:30:00,40,Outbound,QBR,Completed,4,0.64,105,9,True
5309,4618,9,2023-04-04T09:45:00,55,Inbound,Check-In,Completed,2,0.77,263,6,False
5310,748,2,2024-10-07T11:30:00,0,Inbound,Technical Deep Dive,No Show,1,,,0,False
5311,696,5,2024-06-09T13:45:00,57,Outbound,Negotiation,Completed,7,0.68,149,10,False
5312,4990,8,2023-11-11T14:30:00,47,Inbound,Negotiation,Completed,2,0.54,146,11,False
5313,1382,12,2024-09-19T14:45:00,0,Outbound,Follow-Up,No Show,1,,,0,False
5314,483,16,2024-11-02T14:30:00,0,Inbound,Follow-Up,No Show,1,,,0,False
5315,2692,2,2024-11-01T11:45:00,,Outbound,QBR,Completed,3,0.5,100,7,False
5316,1360,3,2024-01-25T15:00:00,42,Outbound,Demo,Completed,4,0.54,139,6,True
5317,4628,10,2024-04-21T10:00:00,25,Outbound,Follow-Up,Completed,2,0.66,113,11,False
5318,2348,9,2022-05-14T11:00:00,28,Inbound,QBR,Completed,3,0.39,122,13,False
5319,2195,6,2024-11-14T17:15:00,2,Outbound,Discovery,Voicemail,1,,,0,False
5320,3836,7,2023-11-17T16:30:00,37,Outbound,Discovery,Completed,8,0.65,49,20,False
5321,4833,9,2022-08-07T10:15:00,3,Inbound,QBR,Voicemail,1,,,0,False
5322,981,6,2022-03-05T10:00:00,0,Inbound,Negotiation,No Show,1,,,0,False
5323,4462,7,2023-09-19T10:45:00,43,Outbound,Check-In,Completed,5,0.4,159,4,False
5324,4168,13,2022-04-15T12:30:00,42,Outbound,QBR,Completed,6,0.83,149,3,False
5325,4016,12,2024-12-04T14:45:00,27,Outbound,Check-In,Completed,3,0.52,229,6,False
5326,4511,7,2023-10-04T13:45:00,0,Outbound,Discovery,No Show,1,,,0,False
5327,2842,5,2024-11-13T16:45:00,24,Outbound,QBR,Completed,8,0.58,46,18,False
5328,3174,6,2020-08-24T10:00:00,21,Outbound,Demo,Completed,6,0.76,187,5,False
5329,3816,8,2024-12-09T15:15:00,53,Outbound,Negotiation,Completed,6,0.36,39,13,False
5330,4063,14,2024-12-27T16:00:00,32,Outbound,Follow-Up,Completed,5,0.76,259,3,False
5331,2954,6,2024-12-06T13:00:00,54,Outbound,Discovery,Completed,4,0.38,168,8,True
5332,1603,16,2024-12-01T16:45:00,36,Inbound,Technical Deep Dive,Completed,8,0.72,110,12,True
5333,2473,6,2030-06-15T10:00:00,46,Outbound,QBR,Completed,7,0.52,196,11,True
5334,1023,6,2024-12-02T14:45:00,36,Inbound,Discovery,Completed,5,0.61,161,20,False
5335,1078,14,2024-01-28T15:45:00,20,Outbound,Demo,Completed,3,1.46,44,3,False
5336,2161,12,2023-01-11T15:00:00,0,Outbound,Technical Deep Dive,No Show,1,,,0,False
5337,2226,10,2024-12-08T08:45:00,50,Outbound,Follow-Up,Completed,2,0.58,99,9,True
5338,2436,2,2023-06-11T12:15:00,,Inbound,Discovery,Completed,2,0.36,95,19,False
5339,60,10,2024-10-30T12:00:00,41,Outbound,QBR,Completed,6,0.64,122,8,False
5340,2097,14,2024-09-30T15:45:00,31,Outbound,Discovery,Completed,2,0.84,166,1,True
5341,2116,11,2023-11-04T14:45:00,50,Outbound,QBR,Completed,7,0.73,65,6,True
5342,1645,15,2024-12-02T12:00:00,26,Outbound,Technical Deep Dive,Completed,5,0.69,234,6,False
5343,1,7,2024-12-12T09:30:00,28,Outbound,Demo,Completed,3,0.45,237,8,True
5344,2748,11,2024-12-07T11:15:00,31,Outbound,Check-In,Completed,3,0.36,40,11,True
5345,2757,13,2024-12-19T13:15:00,53,Inbound,Negotiation,Completed,5,0.49,129,4,False
5346,3177,9,2023-08-21T13:00:00,43,Outbound,Check-In,Completed,2,0.61,130,8,True
5347,2642,9,2023-09-10T13:30:00,40,Outbound,Negotiation,Completed,2,0.82,246,8,True
5348,1745,9,2024-12-31T09:45:00,27,Outbound,Technical Deep Dive,Completed,3,0.73,32,6,True
5349,3989,11,2022-06-14T14:45:00,31,Outbound,QBR,Completed,2,0.39,199,12,False
5350,535,11,2022-04-27T10:15:00,55,Outbound,Check-In,Completed,3,0.38,161,4,True
5351,2351,13,2024-12-09T10:00:00,47,Outbound,Technical Deep Dive,Completed,2,0.66,126,6,False
5352,324,9,2024-04-24T10:30:00,19,Inbound,Check-In,Completed,2,0.51,34,4,True
5353,3833,2,2022-03-11T14:30:00,3,Outbound,Negotiation,Voicemail,1,,,0,False
5354,1401,7,2021-06-14T13:30:00,59,Outbound,Follow-Up,Completed,6,0.79,109,11,False
5355,1696,13,2024-12-05T12:30:00,33,Inbound,Demo,Completed,4,0.6,186,2,False
5356,1934,14,2023-07-26T12:30:00,56,Outbound,Follow-Up,Completed,7,0.72,296,4,False
5357,3774,7,2024-05-05T16:00:00,0,Outbound,Negotiation,No Show,1,,,0,False
5358,4709,8,2022-02-07T11:15:00,46,Outbound,Demo,Completed,6,0.66,132,11,True
5359,280,2,2030-06-15T10:00:00,36,Outbound,Demo,Rescheduled,1,,,0,False
5360,2403,14,2024-12-16T16:00:00,46,Outbound,Discovery,Completed,8,0.43,143,4,False
5361,177,8,2023-04-18T09:00:00,0,Outbound,Follow-Up,No Show,1,,,0,False
5362,1178,11,2023-01-12T16:45:00,58,Outbound,Negotiation,Completed,6,0.4,97,9,True
5363,4333,10,2024-12-25T11:30:00,22,Outbound,Negotiation,Completed,3,0.65,155,4,False
5364,1730,1,2022-10-15T17:15:00,23,Outbound,Check-In,Rescheduled,1,,,0,False
5365,4908,6,2020-12-03T10:30:00,0,Outbound,Demo,No Show,1,,,0,False
5366,3214,7,2024-12-19T13:30:00,17,Inbound,Technical Deep Dive,Completed,3,0.47,185,4,False
5367,1869,5,2024-11-04T11:00:00,53,Inbound,Discovery,Completed,5,0.33,65,14,True
5368,3201,3,2024-10-30T09:15:00,17,Inbound,Follow-Up,Completed,4,0.8,222,6,True
5369,3486,8,2024-11-07T13:30:00,1,Outbound,Technical Deep Dive,Voicemail,1,,,0,False
5370,1961,12,2024-06-03T11:45:00,46,Outbound,QBR,Completed,4,0.41,54,14,True
5371,826,6,2022-02-28T13:45:00,32,Outbound,Technical Deep Dive,Completed,3,0.69,198,16,True
5372,4584,16,2030-06-15T10:00:00,25,Inbound,Check-In,Completed,4,0.41,81,15,True
5373,3780,3,2024-12-20T15:45:00,45,Outbound,Follow-Up,Completed,4,0.67,148,4,False
5374,1358,15,2024-12-20T10:45:00,-18,Inbound,Check-In,Completed,4,0.7,208,5,True
5375,3060,3,2024-06-20T09:30:00,23,Outbound,Discovery,Completed,8,0.37,166,22,False
5376,3712,14,2024-12-05T13:00:00,23,Outbound,Negotiation,Rescheduled,1,,,0,False
5377,4329,11,2024-07-17T14:15:00,17,Outbound,Demo,Completed,2,0.52,130,8,False
5378,817,3,2023-11-24T16:30:00,16,Outbound,Discovery,Completed,4,1.37,137,19,True
5379,4238,10,2023-05-26T13:15:00,36,Outbound,Technical Deep Dive,Rescheduled,1,,,0,False
5380,1576,7,2024-05-13T11:30:00,54,Outbound,Follow-Up,Completed,4,0.42,197,5,False
5381,2830,7,2022-03-25T08:15:00,26,Inbound,Negotiation,Completed,8,0.31,86,10,True
5382,984,15,2024-06-17T13:00:00,36,Outbound,Negotiation,Rescheduled,1,,,0,False
5383,2863,8,2030-06-15T10:00:00,35,Outbound,QBR,Completed,5,0.55,209,14,False
5384,3162,11,2023-09-12T09:30:00,52,Outbound,Discovery,Completed,3,0.55,128,3,True
5385,3375,10,2024-06-24T14:00:00,50,Outbound,Discovery,Completed,8,0.82,145,10,False
5386,16,9,2024-06-26T12:00:00,20,Inbound,Negotiation,Completed,2,0.51,101,12,True
5387,2372,7,2021-01-16T15:00:00,54,Outbound,Technical Deep Dive,Completed,3,0.66,104,4,False
5388,4345,11,2024-11-01T15:15:00,0,Outbound,Discovery,No Show,1,,,0,False
5389,1028,7,2024-12-05T11:45:00,20,Outbound,Negotiation,Completed,8,0.51,191,8,True
5390,3290,10,2024-05-22T12:00:00,53,Outbound,Technical Deep Dive,Completed,4,0.46,148,9,True
5391,2962,16,2024-10-20T15:45:00,48,Outbound,Follow-Up,Completed,7,0.51,120,11,True
5392,382,9,2024-12-05T12:45:00,2,Outbound,Demo,Voicemail,1,,,0,False
5393,1163,9,2020-04-25T10:45:00,59,Outbound,Technical Deep Dive,Rescheduled,1,,,0,False
5394,3130,16,2022-05-31T15:00:00,,Inbound,Follow-Up,Rescheduled,1,,,0,False
5395,1209,12,2020-11-08T13:45:00,39,Inbound,Follow-Up,Completed,3,0.57,209,14,False
5396,1594,2,2024-08-10T15:15:00,30,Inbound,Discovery,Completed,3,0.36,183,20,False
5397,100,3,2024-12-29T15:30:00,55,Outbound,Discovery,Completed,8,0.7,290,14,False
5398,1578,8,2023-03-31T11:15:00,19,Inbound,Discovery,Completed,4,0.45,239,16,False
5399,1223,8,2024-08-02T10:15:00,32,Outbound,Technical Deep Dive,Completed,5,0.41,235,4,True
5400,1256,6,2024-06-04T10:30:00,32,Inbound,Follow-Up,Completed,2,1.2,128,13,False
5401,1276,1,2022-02-19T10:00:00,39,Outbound,Discovery,Completed,7,0.36,151,12,True
5402,2355,10,2024-08-25T12:30:00,18,Inbound,QBR,Completed,7,0.41,231,3,False
5403,2726,2,2024-04-14T12:00:00,42,Inbound,Negotiation,Completed,6,0.53,132,12,True
5404,4201,7,2023-05-22T15:45:00,45,Outbound,QBR,Completed,6,0.48,30,20,True
5405,3649,9,2024-07-17T16:00:00,18,Inbound,QBR,Completed,3,0.53,150,18,True
5406,3055,11,2024-10-07T11:30:00,3,Inbound,Technical Deep Dive,Voicemail,1,,,0,False
5407,939,3,2024-07-19T14:15:00,19,Inbound,Technical Deep Dive,Completed,6,0.66,107,4,True
5408,1725,3,2023-02-24T11:15:00,16,Outbound,Negotiation,Completed,2,0.52,31,9,True
5409,1186,2,2024-12-04T14:00:00,41,Outbound,Negotiation,Completed,4,0.76,96,3,False
5410,3811,8,2023-07-27T11:30:00,3,Inbound,Demo,Voicemail,1,,,0,False
5411,2301,16,2024-12-09T13:45:00,44,Outbound,Check-In,Completed,2,0.58,98,11,True
5412,3240,11,2024-08-21T11:00:00,1,Outbound,Check-In,Voicemail,1,,,0,False
5413,3323,9,2024-07-21T11:45:00,45,Inbound,Check-In,Completed,5,0.56,39,9,True
5414,2996,8,2022-04-15T08:30:00,,Outbound,Discovery,Completed,3,0.66,263,7,False
5415,4535,5,2030-06-15T10:00:00,23,Outbound,Demo,Completed,2,0.45,190,18,True
5416,2621,16,2024-09-21T15:00:00,0,Outbound,Check-In,No Show,1,,,0,False
5417,4298,13,2024-10-20T10:45:00,34,Outbound,Check-In,Completed,8,0.74,222,9,False
5418,2903,5,2030-06-15T10:00:00,58,Outbound,Follow-Up,Completed,7,0.36,102,5,True
5419,2305,12,2023-06-21T15:45:00,,Outbound,QBR,Completed,2,0.81,181,11,False
5420,4802,1,2024-12-20T10:45:00,24,Outbound,Demo,Completed,5,1.11,175,6,True
5421,2945,3,2022-11-08T11:15:00,50,Outbound,Check-In,Completed,3,0.28,65,18,True
5422,2462,9,2022-11-08T12:45:00,55,Outbound,Discovery,Completed,4,0.56,62,8,True
5423,4560,7,2024-10-13T09:15:00,52,Outbound,QBR,Completed,8,0.5,190,13,False
5424,1559,14,2022-04-28T14:15:00,38,Outbound,QBR,Completed,6,0.47,235,4,True
5425,2564,12,2023-05-20T11:45:00,57,Outbound,Negotiation,Rescheduled,1,,,0,False
5426,510,6,2024-10-31T11:45:00,53,Outbound,Follow-Up,Completed,8,0.66,114,15,False
5427,3184,9,2024-04-07T14:30:00,56,Outbound,Follow-Up,Completed,7,0.68,173,10,True
5428,4236,2,2022-04-15T14:00:00,46,Outbound,Technical Deep Dive,Completed,3,0.5,126,18,True
5429,2239,4,2024-12-09T13:30:00,31,Outbound,Check-In,Completed,8,0.57,190,16,False
5430,4411,7,2023-11-13T10:15:00,55,Outbound,Demo,Completed,8,0.69,66,4,False
5431,1381,7,2024-08-11T15:00:00,17,Outbound,Discovery,Rescheduled,1,,,0,False
5432,3191,14,2024-12-09T15:00:00,37,Outbound,Technical Deep Dive,Completed,5,0.55,64,8,False
5433,4024,14,2023-01-03T10:00:00,60,Inbound,Technical Deep Dive,Completed,6,0.59,125,12,False
5434,79,9,2024-08-14T17:00:00,40,Outbound,QBR,Completed,7,0.58,84,12,False
5435,3599,2,2024-03-15T11:15:00,55,Outbound,Negotiation,Completed,3,0.56,99,24,True
5436,129,7,2023-07-17T08:30:00,46,Outbound,QBR,Completed,2,0.63,110,15,True
5437,3116,1,2023-01-20T10:15:00,53,Outbound,Check-In,Completed,8,0.43,161,21,True
5438,3384,12,2023-06-28T10:00:00,56,Outbound,Follow-Up,Completed,8,0.72,44,12,True
5439,1263,10,2024-08-07T14:45:00,43,Outbound,Discovery,Rescheduled,1,,,0,False
5440,3460,1,2022-04-17T11:00:00,27,Outbound,Follow-Up,Completed,7,0.57,197,6,False
5441,4052,1,2024-11-21T11:45:00,50,Outbound,Negotiation,Rescheduled,1,,,0,False
5442,3916,4,2023-03-27T15:15:00,28,Outbound,Follow-Up,Completed,6,0.59,170,19,False
5443,1845,5,2023-01-22T11:15:00,1,Outbound,Technical Deep Dive,Voicemail,1,,,0,False
5444,3419,9,2023-05-08T09:00:00,43,Outbound,Check-In,Completed,5,0.58,193,11,True
5445,4278,15,2024-12-22T10:15:00,37,Outbound,QBR,Completed,3,0.52,201,4,False
5446,1822,8,2024-12-07T09:30:00,38,Inbound,Demo,Rescheduled,1,,,0,False
5447,1350,15,2022-12-20T14:45:00,0,Outbound,Negotiation,No Show,1,,,0,False
5448,3558,10,2024-05-29T14:15:00,60,Inbound,QBR,Completed,4,0.63,159,3,False
5449,1956,5,2024-12-26T15:45:00,16,Outbound,Technical Deep Dive,Completed,5,0.38,126,15,False
5450,4522,15,2023-04-10T14:30:00,35,Outbound,Check-In,Completed,8,0.47,38,3,False
5451,1345,4,2021-10-04T13:45:00,53,Outbound,Discovery,Completed,3,0.52,91,6,True
5452,4340,4,2021-10-07T17:30:00,54,Outbound,Discovery,Completed,4,0.51,57,16,True
5453,1355,10,2023-11-14T15:30:00,3,Inbound,Follow-Up,Voicemail,1,,,0,False
5454,4270,16,2024-12-14T12:00:00,41,Outbound,Follow-Up,Completed,5,0.59,224,12,False
5455,3883,9,2023-01-02T11:15:00,18,Outbound,QBR,Completed,7,0.52,206,5,True
5456,3571,14,2022-01-23T13:30:00,38,Outbound,Demo,Completed,5,0.57,227,5,True
5457,606,14,2024-06-15T12:30:00,31,Inbound,Technical Deep Dive,Completed,3,0.44,229,8,False
5458,3178,6,2023-05-13T13:15:00,42,Inbound,Technical Deep Dive,Completed,7,0.72,160,5,False
5459,1683,11,2021-04-19T13:30:00,51,Inbound,Negotiation,Completed,7,0.51,37,9,True
5460,1389,16,2023-09-15T09:15:00,3,Inbound,Demo,Voicemail,1,,,0,False
5461,3434,11,2023-01-24T11:00:00,54,Outbound,Technical Deep Dive,Completed,4,0.69,217,17,True
5462,3484,11,2023-07-29T15:00:00,37,Outbound,Demo,Completed,4,0.71,58,3,False
5463,3534,14,2022-06-17T11:30:00,-30,Outbound,Discovery,Completed,2,0.8,158,6,False
5464,2464,14,2024-12-09T15:30:00,45,Outbound,Technical Deep Dive,Completed,4,0.64,186,7,False
5465,1334,10,2022-02-06T10:15:00,0,Inbound,Negotiation,No Show,1,,,0,False
5466,2131,6,2024-12-03T08:00:00,43,Outbound,Demo,Completed,7,0.66,262,8,False
5467,2914,7,2022-05-20T13:45:00,24,Outbound,Check-In,Completed,4,0.4,204,14,False
5468,4770,12,2023-07-02T13:30:00,16,Inbound,Negotiation,Completed,5,0.42,118,21,False
5469,2379,14,2024-08-16T13:15:00,57,Outbound,Discovery,Completed,2,0.62,49,10,False
5470,4751,4,2023-10-26T11:00:00,-21,Inbound,Check-In,Rescheduled,1,,,0,False
5471,4533,5,2024-06-11T11:00:00,41,Outbound,Technical Deep Dive,Completed,5,0.63,206,17,True
5472,3225,2,2024-11-25T12:45:00,33,Inbound,QBR,Completed,5,0.4,92,18,False
5473,1278,15,2024-12-16T12:15:00,32,Inbound,Discovery,Completed,2,0.46,228,8,False
5474,2540,4,2024-01-22T12:45:00,32,Outbound,Discovery,Completed,7,0.46,159,19,False
5475,1557,11,2024-12-20T10:45:00,,Outbound,Technical Deep Dive,Completed,8,0.57,230,16,True
5476,4392,3,2024-08-21T14:00:00,52,Outbound,Check-In,Completed,6,0.46,178,21,False
5477,1333,8,2023-04-29T16:15:00,37,Outbound,Negotiation,Completed,2,0.64,238,18,False
5478,3275,10,2024-07-05T12:00:00,,Outbound,Follow-Up,Completed,3,0.56,81,8,True
5479,1078,16,2024-03-23T14:30:00,0,Outbound,Follow-Up,No Show,1,,,0,False
5480,2655,6,2022-06-01T13:45:00,,Outbound,Check-In,Completed,4,0.68,216,6,False
5481,4491,8,2024-11-03T10:45:00,49,Inbound,QBR,Rescheduled,1,,,0,False
5482,1140,7,2024-12-16T12:30:00,53,Outbound,Check-In,Completed,4,0.61,86,20,True
5483,2335,10,2023-12-18T16:45:00,34,Outbound,Discovery,Rescheduled,1,,,0,False
5484,3831,4,2022-08-25T11:30:00,30,Outbound,Technical Deep Dive,Completed,8,0.39,100,8,True
5485,2385,4,2023-11-19T17:00:00,28,Inbound,Discovery,Completed,5,0.6,182,19,True
5486,4388,6,2023-01-22T15:30:00,51,Inbound,Negotiation,Rescheduled,1,,,0,False
5487,3781,16,2023-09-19T09:30:00,43,Outbound,Negotiation,Completed,7,0.5,75,9,True
5488,2056,12,2024-12-03T14:00:00,25,Outbound,Demo,Completed,6,0.54,172,4,True
5489,59,1,2024-12-13T16:45:00,27,Outbound,Demo,Rescheduled,1,,,0,False
5490,5,11,2024-12-01T13:00:00,0,Outbound,Technical Deep Dive,No Show,1,,,0,False
5491,4211,12,2024-07-12T14:15:00,37,Outbound,Discovery,Completed,2,0.4,188,5,True
5492,1634,13,2021-10-05T14:15:00,34,Outbound,Demo,Completed,2,0.52,45,11,True
5493,194,1,2023-06-14T11:45:00,16,Inbound,Check-In,Completed,8,0.44,108,14,False
5494,282,3,2024-12-10T11:00:00,2,Outbound,Discovery,Voicemail,1,,,0,False
5495,1186,2,2024-11-28T10:30:00,15,Inbound,Negotiation,Completed,8,0.67,120,15,True
5496,1920,9,2023-08-10T13:15:00,26,Outbound,Technical Deep Dive,Completed,2,0.57,50,10,False
5497,457,14,2023-07-16T10:15:00,59,Outbound,Check-In,Rescheduled,1,,,0,False
5498,4563,3,2024-11-05T16:15:00,35,Inbound,Check-In,Completed,7,0.53,185,9,True
5499,4185,10,2024-12-07T15:30:00,35,Outbound,Negotiation,Completed,6,0.52,164,3,True
5500,1690,5,2024-12-17T13:00:00,44,Inbound,Follow-Up,Completed,7,0.64,183,18,False
5501,726,7,2024-08-02T13:00:00,46,Outbound,Follow-Up,Completed,2,0.64,158,14,True
5502,3970,14,2022-09-12T15:15:00,2,Outbound,Negotiation,Voicemail,1,,,0,False
5503,709,16,2024-11-01T13:00:00,41,Outbound,Negotiation,Completed,3,0.61,102,10,False
5504,4604,3,2023-03-10T14:45:00,58,Outbound,QBR,Rescheduled,1,,,0,False
5505,2735,4,2022-02-03T15:00:00,21,Outbound,Demo,Completed,7,0.35,164,13,True
5506,3281,15,2030-06-15T10:00:00,24,Inbound,Check-In,Completed,7,0.53,162,6,False
5507,663,15,2024-09-14T12:45:00,52,Inbound,Check-In,Rescheduled,1,,,0,False
5508,2065,10,2024-08-28T15:30:00,0,Outbound,Follow-Up,No Show,1,,,0,False
5509,1577,7,2022-06-07T14:45:00,31,Outbound,Technical Deep Dive,Completed,5,0.41,70,5,True
5510,2697,10,2024-12-21T09:45:00,50,Outbound,Check-In,Completed,5,0.45,160,7,True
5511,2891,7,2024-06-04T14:00:00,44,Outbound,Check-In,Completed,6,0.62,208,17,True
5512,4197,13,2024-12-03T11:30:00,0,Inbound,Negotiation,No Show,1,,,0,False
5513,2522,2,2023-05-07T11:15:00,0,Outbound,Demo,No Show,1,,,0,False
5514,3550,13,2024-03-08T10:15:00,-15,Outbound,Check-In,Completed,3,0.51,74,7,False
5515,3322,16,2024-12-13T10:15:00,33,Outbound,Technical Deep Dive,Completed,6,0.61,64,16,True
5516,4232,11,2023-06-12T14:00:00,1,Outbound,Check-In,Voicemail,1,,,0,False
5517,1061,9,2030-06-15T10:00:00,28,Inbound,Technical Deep Dive,Completed,4,0.79,79,11,False
5518,2825,15,2024-09-29T13:45:00,40,Inbound,Discovery,Completed,3,0.58,101,8,False
5519,308,14,2021-02-02T10:30:00,15,Outbound,Follow-Up,Completed,2,0.45,96,4,False
5520,2466,2,2024-06-10T10:00:00,49,Outbound,Demo,Completed,3,0.65,179,16,True
5521,4686,6,2023-09-02T14:00:00,26,Inbound,Negotiation,Completed,5,0.62,87,5,False
5522,2583,6,2024-08-14T12:30:00,25,Outbound,Check-In,Completed,8,0.47,175,17,False
5523,3230,16,2024-12-17T15:30:00,38,Outbound,Demo,Completed,4,0.36,154,12,False
5524,605,9,2024-08-30T16:30:00,44,Outbound,Technical Deep Dive,Completed,7,0.58,160,11,True
5525,4793,4,2024-11-15T10:45:00,23,Inbound,QBR,Completed,4,0.56,201,13,True
5526,669,15,2024-12-06T09:00:00,39,Outbound,Discovery,Completed,7,0.52,75,3,False
5527,4015,16,2030-06-15T10:00:00,24,Outbound,QBR,Completed,7,0.56,164,4,False
5528,4353,1,2023-07-15T13:30:00,32,Inbound,QBR,Completed,7,0.36,167,9,False
5529,4884,3,2024-02-05T11:00:00,28,Outbound,Follow-Up,Completed,3,0.3,99,22,True
5530,3337,16,2024-12-28T14:00:00,37,Outbound,Technical Deep Dive,Completed,5,0.66,196,12,True
5531,1073,10,2022-02-24T11:15:00,21,Outbound,Technical Deep Dive,Rescheduled,1,,,0,False
5532,4903,2,2022-09-30T13:45:00,37,Outbound,Discovery,Completed,4,0.48,100,12,True
5533,579,12,2021-12-04T11:15:00,51,Outbound,Technical Deep Dive,Completed,2,0.72,140,7,False
5534,264,5,2023-12-01T11:15:00,57,Inbound,Discovery,Rescheduled,1,,,0,False
5535,2252,9,2024-08-22T15:30:00,43,Inbound,Technical Deep Dive,Completed,7,0.83,129,7,False
5536,198,5,2024-12-03T13:45:00,56,Outbound,Follow-Up,Completed,7,0.69,115,18,True
5537,2212,3,2024-12-25T15:15:00,44,Outbound,Technical Deep Dive,Completed,6,0.41,46,8,True
5538,3023,11,2021-10-03T15:30:00,46,Outbound,QBR,Completed,6,0.51,152,5,True
5539,4710,1,2024-03-19T14:00:00,54,Outbound,Negotiation,Completed,6,0.6,61,6,True
5540,2083,7,2024-11-19T11:15:00,55,Inbound,Check-In,Completed,4,0.67,224,10,False
5541,4201,7,2023-07-06T13:45:00,38,Outbound,Check-In,Rescheduled,1,,,0,False
5542,1326,11,2024-07-11T11:30:00,0,Outbound,Follow-Up,No Show,1,,,0,False
5543,4298,13,2024-11-27T15:15:00,18,Outbound,Discovery,Completed,6,0.58,185,3,True
5544,2805,14,2024-07-08T12:45:00,42,Outbound,Technical Deep Dive,Completed,3,0.61,34,7,False
5545,2310,10,2024-08-31T13:15:00,15,Outbound,Check-In,Completed,8,0.62,146,14,False
5546,2271,10,2024-11-22T15:45:00,38,Outbound,Negotiation,Completed,3,0.6,207,16,False
5547,3393,2,2023-12-06T10:00:00,,Inbound,Technical Deep Dive,Rescheduled,1,,,0,False
5548,1518,10,2024-03-06T13:30:00,44,Outbound,Check-In,Completed,5,0.67,223,12,False
5549,1939,16,2024-10-20T10:15:00,56,Outbound,QBR,Completed,7,0.51,92,10,False
5550,4778,5,2024-03-25T13:45:00,22,Outbound,Discovery,Rescheduled,1,,,0,False
5551,4274,15,2024-12-27T11:30:00,48,Outbound,Technical Deep Dive,Completed,3,0.51,225,12,True
5552,1155,12,2024-12-27T15:00:00,2,Outbound,Discovery,Voicemail,1,,,0,False
5553,4794,6,2022-03-30T12:15:00,,Outbound,Demo,Completed,7,0.69,206,9,False
5554,3701,12,2023-05-03T12:30:00,52,Outbound,Negotiation,Completed,5,0.4,35,7,True
5555,4184,2,2023-01-24T11:15:00,21,Outbound,Follow-Up,Completed,8,0.46,154,12,True
5556,433,1,2024-10-03T08:00:00,26,Outbound,Negotiation,Completed,3,0.44,65,10,True
5557,4274,15,2024-12-17T14:00:00,17,Outbound,Negotiation,Completed,4,0.6,127,12,False
5558,3720,12,2022-12-11T10:45:00,22,Outbound,Discovery,Completed,3,0.7,82,11,True
5559,2802,7,2024-10-07T11:00:00,30,Outbound,Negotiation,Completed,8,0.53,88,10,False
5560,3181,15,2024-12-15T12:45:00,2,Outbound,Demo,Voicemail,1,,,0,False
5561,1994,3,2024-03-05T17:45:00,47,Inbound,Check-In,Rescheduled,1,,,0,False
5562,1316,1,2023-11-08T14:30:00,49,Inbound,Follow-Up,Completed,2,0.33,214,19,False
5563,2980,6,2024-07-25T08:30:00,0,Outbound,Discovery,No Show,1,,,0,False
5564,3775,2,2024-07-10T09:30:00,15,Outbound,Check-In,Completed,2,0.46,184,13,True
5565,4896,10,2024-08-01T16:15:00,33,Outbound,Demo,Rescheduled,1,,,0,False
5566,4481,7,2021-03-10T12:45:00,26,Inbound,Negotiation,Rescheduled,1,,,0,False
5567,4034,7,2024-12-14T12:00:00,59,Outbound,Check-In,Completed,7,0.31,142,12,True
5568,4121,12,2024-10-02T13:15:00,19,Outbound,QBR,Completed,2,0.68,213,6,True
5569,1257,4,2023-04-05T15:15:00,60,Outbound,Technical Deep Dive,Completed,6,1.05,115,15,True
5570,3159,9,2022-10-18T12:45:00,33,Outbound,Follow-Up,Completed,6,0.6,58,10,False
5571,4442,12,2024-10-30T12:30:00,46,Inbound,Demo,Completed,7,0.6,220,2,False
5572,2536,8,2024-12-20T13:30:00,26,Outbound,Demo,Rescheduled,1,,,0,False
5573,3438,5,2024-12-17T15:45:00,24,Outbound,Follow-Up,Completed,5,0.52,72,10,False
5574,1210,9,2024-12-17T14:15:00,15,Outbound,Negotiation,Completed,8,0.75,156,11,False
5575,4776,16,2024-11-03T13:30:00,20,Outbound,Negotiation,Completed,7,0.48,50,3,False
5576,1858,9,2022-04-03T14:15:00,30,Outbound,Technical Deep Dive,Completed,4,0.55,106,18,True
5577,3067,16,2024-09-10T16:00:00,19,Outbound,Check-In,Rescheduled,1,,,0,False
5578,4800,7,2021-01-10T14:15:00,2,Outbound,QBR,Voicemail,1,,,0,False
5579,2837,8,2024-04-20T15:45:00,50,Inbound,Follow-Up,Completed,2,0.58,178,9,True
5580,3314,4,2024-09-07T10:15:00,20,Outbound,Technical Deep Dive,Completed,4,0.39,163,18,False
5581,1248,3,2023-05-27T16:15:00,44,Inbound,Follow-Up,Rescheduled,1,,,0,False
5582,453,5,2024-09-22T10:15:00,0,Outbound,Demo,No Show,1,,,0,False
5583,3097,5,2024-03-24T11:15:00,40,Outbound,Negotiation,Completed,5,0.64,32,17,False
5584,4650,15,2024-12-18T15:45:00,,Outbound,Technical Deep Dive,Completed,2,0.42,47,9,False
5585,27,16,2024-11-18T09:30:00,45,Inbound,Demo,Completed,3,0.56,45,8,False
5586,2037,1,2024-07-13T15:30:00,32,Inbound,Check-In,Rescheduled,1,,,0,False
5587,1034,1,2024-08-16T14:30:00,28,Outbound,Follow-Up,Completed,7,0.34,239,18,False
5588,1648,12,2022-04-29T10:45:00,35,Outbound,Discovery,Rescheduled,1,,,0,False
5589,2615,15,2024-12-03T12:30:00,16,Outbound,Technical Deep Dive,Completed,3,0.51,171,11,True
5590,1412,1,2024-11-18T13:30:00,39,Inbound,Discovery,Rescheduled,1,,,0,False
5591,1968,10,2024-12-17T16:30:00,0,Outbound,Negotiation,No Show,1,,,0,False
5592,2914,7,2022-05-29T12:45:00,23,Inbound,Negotiation,Completed,8,0.51,219,10,False
5593,1365,16,2024-12-03T15:45:00,39,Outbound,Negotiation,Completed,5,0.69,114,4,True
5594,3070,7,2024-05-01T10:45:00,49,Outbound,Follow-Up,Completed,8,0.55,61,19,False
5595,2066,12,2023-06-26T17:00:00,18,Inbound,Negotiation,Completed,7,0.69,144,16,True
5596,152,14,2024-10-04T10:15:00,42,Inbound,Demo,Completed,6,0.61,300,1,True
5597,2803,12,2024-12-09T16:00:00,44,Outbound,Discovery,Rescheduled,1,,,0,False
5598,3172,5,2024-04-21T14:45:00,45,Outbound,Check-In,Completed,8,0.78,168,15,True
5599,837,9,2024-12-31T14:30:00,40,Outbound,QBR,Completed,8,0.72,112,6,False
5600,2644,15,2023-11-02T11:30:00,44,Outbound,Demo,Completed,3,0.62,224,1,False
5601,3796,10,2023-07-09T12:15:00,30,Outbound,Demo,Completed,4,0.59,141,9,True
5602,2271,10,2024-12-24T14:30:00,28,Inbound,QBR,Rescheduled,1,,,0,False
5603,3820,7,2023-06-21T15:15:00,56,Outbound,Demo,Completed,6,0.35,201,11,True
5604,2431,10,2024-12-21T11:45:00,27,Outbound,Discovery,Rescheduled,1,,,0,False
5605,1932,13,2023-09-05T16:45:00,0,Outbound,Technical Deep Dive,No Show,1,,,0,False
5606,4003,15,2023-08-29T15:30:00,55,Inbound,Technical Deep Dive,Completed,2,0.61,133,11,True
5607,1075,11,2020-10-27T08:45:00,0,Outbound,Demo,No Show,1,,,0,False
5608,405,14,2024-02-03T10:15:00,50,Inbound,Check-In,Completed,6,0.43,97,5,False
5609,2787,3,2024-01-11T14:15:00,58,Inbound,Follow-Up,Completed,7,1.26,68,21,True
5610,1437,16,2024-12-17T08:15:00,31,Outbound,Discovery,Completed,3,0.7,131,9,False
5611,820,13,2023-10-21T14:15:00,49,Inbound,Demo,Completed,5,0.69,44,7,False
5612,3904,8,2024-10-17T12:30:00,45,Outbound,Demo,Completed,7,0.6,90,17,False
5613,273,2,2024-12-13T13:15:00,19,Outbound,Follow-Up,Completed,3,0.54,208,15,True
5614,4763,13,2024-08-28T13:00:00,1,Outbound,Follow-Up,Voicemail,1,,,0,False
5615,2380,4,2030-06-15T10:00:00,2,Outbound,Follow-Up,Voicemail,1,,,0,False
5616,2586,16,2024-03-31T14:45:00,0,Inbound,Check-In,No Show,1,,,0,False
5617,2275,8,2023-05-14T16:00:00,30,Outbound,Demo,Rescheduled,1,,,0,False
5618,1776,9,2024-01-14T13:45:00,47,Outbound,Demo,Completed,5,0.62,57,13,False
5619,1953,7,2024-08-01T14:15:00,38,Outbound,Follow-Up,Completed,8,0.48,126,18,True
5620,1010,4,2024-12-03T11:30:00,1,Outbound,Discovery,Voicemail,1,,,0,False
5621,173,7,2023-07-10T12:15:00,48,Outbound,Negotiation,Completed,3,0.63,148,10,False
5622,1133,3,2024-11-20T10:00:00,0,Outbound,Demo,No Show,1,,,0,False
5623,4424,7,2021-07-29T09:30:00,55,Outbound,Discovery,Completed,6,0.57,43,8,False
5624,3207,4,2023-01-20T10:15:00,19,Outbound,Check-In,Completed,5,0.64,196,8,True
5625,4178,6,2024-07-24T13:30:00,17,Inbound,Follow-Up,Completed,8,0.44,217,14,False
5626,1171,2,2024-06-06T16:00:00,30,Inbound,Demo,Completed,3,0.63,158,6,True
5627,3123,15,2023-07-10T13:30:00,56,Outbound,Negotiation,Completed,2,0.44,189,7,False
5628,4635,6,2023-09-11T09:30:00,38,Inbound,Negotiation,Completed,4,0.69,232,14,False
5629,4938,3,2024-10-29T11:00:00,30,Inbound,Negotiation,Completed,4,0.49,261,10,True
5630,204,14,2024-04-27T16:00:00,18,Outbound,Discovery,Completed,5,0.7,85,7,True
5631,4836,10,2024-11-21T11:45:00,28,Outbound,Technical Deep Dive,Completed,4,0.41,174,16,True
5632,2740,8,2022-08-03T10:45:00,34,Inbound,Negotiation,Completed,3,0.85,191,11,False
5633,3126,7,2024-09-14T10:30:00,42,Inbound,Discovery,Completed,2,0.63,265,3,False
5634,3491,4,2021-04-07T10:15:00,16,Outbound,Check-In,Completed,7,0.49,56,14,False
5635,1824,8,2023-04-16T14:00:00,0,Inbound,Check-In,No Show,1,,,0,False
5636,4943,6,2024-09-24T17:15:00,1,Inbound,Check-In,Voicemail,1,,,0,False
5637,956,15,2024-12-13T11:30:00,18,Outbound,Technical Deep Dive,Completed,8,0.65,214,15,False
5638,2956,6,2024-12-23T13:00:00,0,Outbound,Demo,No Show,1,,,0,False
5639,177,3,2024-10-27T12:45:00,41,Outbound,QBR,Completed,5,0.45,229,4,True
5640,4096,16,2024-12-03T15:00:00,57,Outbound,Negotiation,Completed,7,0.74,186,6,False
5641,4372,2,2024-12-15T15:30:00,26,Inbound,Discovery,Completed,5,0.48,272,13,False
5642,1,6,2024-04-10T15:45:00,51,Inbound,Follow-Up,Completed,6,0.52,34,4,True
5643,3495,2,2024-09-25T09:30:00,35,Outbound,Demo,Rescheduled,1,,,0,False
5644,3007,6,2024-07-23T11:15:00,29,Outbound,Negotiation,Completed,7,0.63,141,11,False
5645,1593,5,2024-04-24T12:45:00,48,Outbound,Demo,Completed,2,0.58,131,7,True
5646,2736,1,2024-11-16T17:15:00,,Outbound,Follow-Up,Completed,5,0.59,209,7,False
5647,2133,9,2023-05-16T11:30:00,46,Outbound,Demo,Completed,6,0.46,95,10,True
5648,621,13,2024-12-11T09:15:00,41,Outbound,Check-In,Completed,5,0.64,86,11,False
5649,3065,3,2030-06-15T10:00:00,16,Outbound,Demo,Completed,2,0.42,58,7,False
5650,1747,5,2024-12-23T13:15:00,41,Outbound,Follow-Up,Completed,8,0.48,111,17,True
5651,2920,2,2024-05-06T15:45:00,22,Outbound,Discovery,Completed,7,0.74,171,6,True
5652,3296,8,2024-12-06T14:30:00,52,Outbound,Demo,Completed,6,0.35,107,14,True
5653,1639,16,2024-12-25T11:15:00,16,Outbound,Technical Deep Dive,Completed,3,0.4,145,12,False
5654,1083,8,2023-09-17T15:30:00,18,Outbound,QBR,Completed,5,0.5,97,24,True
5655,4986,14,2024-12-16T13:30:00,0,Outbound,Discovery,No Show,1,,,0,False
5656,4121,12,2024-09-13T09:15:00,58,Outbound,Follow-Up,Rescheduled,1,,,0,False
5657,2069,8,2024-12-19T16:45:00,15,Inbound,Discovery,Completed,3,0.59,53,5,False
5658,728,4,2024-04-16T13:30:00,3,Outbound,Negotiation,Voicemail,1,,,0,False
5659,3243,9,2022-09-14T10:15:00,26,Inbound,Discovery,Completed,8,0.59,150,3,True
5660,2274,16,2024-03-29T14:00:00,,Outbound,Discovery,Completed,7,0.64,48,8,False
5661,174,5,2023-08-24T16:00:00,47,Outbound,Follow-Up,Rescheduled,1,,,0,False
5662,1557,11,2024-12-19T11:15:00,1,Outbound,Check-In,Voicemail,1,,,0,False
5663,4026,10,2030-06-15T10:00:00,57,Outbound,Discovery,Completed,6,0.57,145,9,False
5664,32,15,2024-11-08T13:45:00,22,Outbound,QBR,Completed,4,0.56,98,4,True
5665,3128,2,2024-09-12T13:00:00,1,Outbound,Discovery,Voicemail,1,,,0,False
5666,2209,1,2024-02-07T12:30:00,48,Outbound,Check-In,Completed,8,0.45,50,16,False
5667,303,15,2024-12-19T16:15:00,54,Outbound,Negotiation,Completed,3,0.87,225,9,True
5668,162,9,2023-02-17T11:30:00,27,Outbound,Check-In,Completed,6,0.59,102,6,False
5669,2738,14,2023-05-15T11:45:00,2,Inbound,QBR,Voicemail,1,,,0,False
5670,1842,12,2024-11-30T15:00:00,48,Outbound,Technical Deep Dive,Rescheduled,1,,,0,False
5671,2130,10,2023-01-31T10:00:00,24,Inbound,Demo,Completed,2,0.64,121,8,False
5672,4889,8,2024-12-02T15:30:00,32,Inbound,Negotiation,Completed,2,0.53,211,14,False
5673,2176,7,2021-07-11T15:30:00,23,Inbound,Negotiation,Completed,3,0.78,278,3,False
5674,3633,11,2024-12-01T17:15:00,0,Inbound,Check-In,No Show,1,,,0,False
5675,740,2,2024-05-24T12:45:00,31,Inbound,Demo,Completed,8,0.36,52,10,True
5676,1150,2,2023-03-22T13:15:00,16,Outbound,Technical Deep Dive,Completed,4,0.42,180,16,False
5677,3723,1,2024-01-19T12:30:00,42,Outbound,Check-In,Completed,5,0.5,70,24,True
5678,3135,15,2024-11-27T16:00:00,0,Inbound,QBR,No Show,1,,,0,False
5679,3624,2,2024-12-17T15:45:00,0,Inbound,Technical Deep Dive,No Show,1,,,0,False
5680,1096,12,2022-07-12T12:45:00,32,Inbound,Demo,Completed,8,0.53,136,9,True
5681,365,13,2024-03-25T09:15:00,37,Outbound,Demo,Completed,5,0.72,139,5,False
5682,3260,3,2023-04-24T10:30:00,50,Outbound,Negotiation,Completed,2,0.32,152,10,False
5683,3004,6,2024-04-27T13:45:00,22,Outbound,Discovery,Completed,2,0.76,210,3,True
5684,3777,9,2024-10-14T11:00:00,0,Outbound,Negotiation,No Show,1,,,0,False
5685,2401,10,2024-12-08T14:30:00,21,Outbound,Negotiation,Completed,4,1.09,118,11,False
5686,4549,8,2024-11-06T14:00:00,53,Inbound,Check-In,Completed,6,0.6,198,8,False
5687,1192,4,2024-12-16T10:00:00,45,Outbound,Negotiation,Completed,3,0.83,158,11,False
5688,2383,11,2024-05-19T09:45:00,53,Outbound,Technical Deep Dive,Completed,8,0.42,131,9,True
5689,550,5,2024-01-20T14:45:00,36,Inbound,Demo,Completed,5,0.37,167,19,False
5690,185,8,2024-12-13T10:15:00,45,Outbound,Discovery,Completed,4,0.56,187,5,True
5691,3357,5,2021-01-07T15:45:00,15,Inbound,QBR,Completed,3,0.55,46,14,True
5692,1746,15,2024-07-18T16:00:00,29,Inbound,Check-In,Completed,7,0.64,57,9,True
5693,2192,16,2024-11-30T15:45:00,49,Outbound,Check-In,Rescheduled,1,,,0,False
5694,905,5,2024-11-04T14:45:00,28,Outbound,Demo,Completed,7,0.8,55,2,True
5695,1784,1,2021-08-05T15:30:00,51,Outbound,Negotiation,Completed,2,0.59,197,20,True
5696,1046,2,2024-10-09T15:45:00,20,Outbound,Discovery,Completed,6,0.39,186,20,True
5697,3458,1,2022-04-15T09:15:00,48,Inbound,Technical Deep Dive,Completed,2,0.64,64,7,True
5698,331,10,2024-12-05T11:45:00,20,Outbound,Check-In,Completed,2,0.6,48,9,False
5699,1315,8,2024-12-27T10:00:00,49,Outbound,QBR,Completed,6,0.72,276,2,False
5700,4172,16,2023-10-12T15:30:00,46,Outbound,Check-In,Completed,4,0.61,78,1,True
5701,3490,10,2022-11-05T09:30:00,28,Inbound,Follow-Up,Completed,3,0.54,38,9,False
5702,4961,1,2024-01-31T09:45:00,28,Outbound,Negotiation,Completed,6,0.47,163,16,True
5703,2990,10,2024-08-26T15:15:00,54,Outbound,Negotiation,Completed,8,0.63,181,17,True
5704,2366,10,2022-04-05T09:45:00,39,Outbound,Check-In,Completed,5,0.65,70,16,True
5705,3357,5,2020-12-25T10:30:00,47,Outbound,Demo,Completed,6,0.43,62,7,False
5706,17,9,2022-05-04T16:30:00,24,Outbound,Negotiation,Completed,3,0.61,118,9,False
5707,176,13,2024-12-01T11:30:00,0,Inbound,Demo,No Show,1,,,0,False
5708,3508,12,2024-09-22T10:15:00,18,Inbound,QBR,Completed,3,0.7,93,9,False
5709,4001,11,2030-06-15T10:00:00,60,Inbound,QBR,Completed,3,0.65,206,9,False
5710,1102,4,2021-12-15T14:15:00,44,Outbound,Technical Deep Dive,Completed,6,0.36,59,20,True
5711,4634,9,2024-12-12T08:30:00,57,Outbound,Follow-Up,Completed,4,1.32,279,7,False
5712,65,2,2024-04-24T12:45:00,40,Outbound,Follow-Up,Completed,6,0.64,46,4,True
5713,3564,16,2024-12-25T10:30:00,24,Outbound,Negotiation,Completed,6,0.6,171,8,True
5714,4826,7,2023-02-19T13:30:00,54,Outbound,Negotiation,Completed,7,0.39,106,18,False
5715,2704,7,2024-06-04T13:00:00,1,Inbound,Follow-Up,Voicemail,1,,,0,False
5716,1460,13,2023-12-22T10:00:00,60,Outbound,QBR,Rescheduled,1,,,0,False
5717,2414,16,2024-07-09T15:30:00,1,Outbound,Technical Deep Dive,Voicemail,1,,,0,False
5718,3972,3,2024-12-04T17:45:00,42,Inbound,Check-In,Completed,5,0.4,38,18,True
5719,1695,6,2023-10-07T10:00:00,31,Outbound,QBR,Completed,2,0.64,214,19,False
5720,4169,4,2022-03-24T12:00:00,27,Inbound,QBR,Completed,4,0.76,93,12,False
5721,2311,6,2022-08-30T11:00:00,45,Inbound,Follow-Up,Completed,3,0.57,48,16,True
5722,3696,3,2024-12-21T14:45:00,0,Outbound,Negotiation,No Show,1,,,0,False
5723,1243,7,2024-12-28T11:45:00,17,Outbound,Negotiation,Completed,2,0.37,176,24,False
5724,1686,4,2023-08-02T10:30:00,58,Inbound,Discovery,Completed,3,0.63,68,12,True
5725,604,8,2023-08-10T08:45:00,46,Inbound,QBR,Completed,6,0.79,98,7,True
5726,2297,12,2030-06-15T10:00:00,2,Outbound,QBR,Voicemail,1,,,0,False
5727,3404,4,2024-12-15T14:00:00,19,Outbound,Follow-Up,Completed,5,0.62,195,19,True
5728,4898,3,2021-12-23T14:45:00,59,Outbound,Discovery,Completed,3,0.47,132,6,True
5729,2735,4,2022-01-22T16:15:00,51,Outbound,Discovery,Completed,2,0.51,46,5,False
5730,3395,15,2024-08-23T13:00:00,27,Outbound,Discovery,Completed,2,0.89,87,11,False
5731,1974,5,2023-04-08T14:30:00,27,Outbound,Check-In,Completed,4,0.62,46,6,False
5732,4038,9,2021-11-22T14:15:00,21,Outbound,Check-In,Completed,4,0.56,169,3,False
5733,64,7,2021-02-20T15:45:00,40,Outbound,Discovery,Completed,6,0.46,135,5,True
5734,4354,4,2024-12-14T09:45:00,30,Outbound,Check-In,Completed,6,0.62,103,13,True
5735,4894,1,2021-06-12T12:30:00,56,Outbound,QBR,Rescheduled,1,,,0,False
5736,4916,13,2024-04-02T17:30:00,52,Inbound,Check-In,Completed,2,0.62,161,7,False
5737,4146,1,2024-08-26T10:00:00,40,Inbound,Follow-Up,Completed,3,0.61,215,12,False
5738,4803,8,2023-11-22T10:15:00,51,Outbound,Follow-Up,Completed,2,0.57,46,6,False
5739,1789,14,2020-08-13T13:45:00,3,Inbound,Negotiation,Voicemail,1,,,0,False
5740,1453,14,2024-07-01T12:00:00,56,Inbound,Negotiation,Completed,5,0.62,263,3,True
5741,2599,13,2024-08-30T16:00:00,29,Outbound,Demo,Completed,3,0.5,87,9,True
5742,2641,2,2024-12-21T09:15:00,0,Outbound,Technical Deep Dive,No Show,1,,,0,False
5743,3259,1,2021-09-24T15:00:00,19,Outbound,Follow-Up,Completed,8,0.57,113,7,True
5744,998,2,2021-11-04T14:00:00,53,Inbound,Check-In,Completed,7,0.36,87,21,True
5745,4019,4,2024-03-04T16:30:00,47,Outbound,Follow-Up,Completed,4,0.6,235,9,True
5746,4602,16,2024-12-20T14:15:00,34,Inbound,Technical Deep Dive,Completed,7,0.73,111,11,False
5747,3567,12,2024-02-14T14:15:00,29,Outbound,Technical Deep Dive,Completed,4,0.57,260,1,False
5748,2208,1,2024-01-15T15:30:00,43,Outbound,Technical Deep Dive,Completed,2,0.72,203,18,True
5749,1006,6,2024-12-14T13:15:00,32,Inbound,Follow-Up,Completed,7,0.3,178,15,False
5750,483,7,2021-09-09T14:45:00,50,Outbound,Negotiation,Completed,2,0.4,210,16,True
5751,810,15,2024-12-05T15:45:00,36,Outbound,Negotiation,Completed,4,0.72,159,7,True
5752,3098,4,2024-12-18T12:15:00,30,Outbound,Discovery,Completed,2,0.44,44,20,False
5753,440,11,2022-10-26T10:00:00,25,Inbound,Demo,Completed,4,0.57,51,9,True
5754,698,12,2022-06-10T08:30:00,23,Outbound,QBR,Completed,2,0.6,54,6,False
5755,2540,4,2024-02-25T11:15:00,37,Outbound,Negotiation,Completed,5,0.65,161,11,False
5756,369,16,2024-12-11T11:00:00,48,Outbound,Discovery,Completed,6,0.74,143,15,False
5757,1341,16,2024-12-10T12:30:00,33,Outbound,Follow-Up,Completed,7,0.51,33,12,True
5758,2431,10,2024-12-14T09:30:00,39,Outbound,QBR,Completed,6,1.17,270,9,False
5759,198,5,2024-12-30T14:00:00,21,Outbound,Negotiation,Completed,7,0.36,120,14,True
5760,2651,16,2024-12-14T10:30:00,0,Outbound,Technical Deep Dive,No Show,1,,,0,False
5761,17,4,2024-01-22T16:15:00,18,Outbound,Discovery,Completed,2,0.59,226,16,False
5762,467,10,2023-01-10T13:45:00,27,Inbound,Follow-Up,Completed,8,0.46,226,11,True
5763,846,11,2024-12-12T17:15:00,30,Outbound,Follow-Up,Rescheduled,1,,,0,False
5764,2944,13,2024-07-28T13:00:00,0,Inbound,QBR,No Show,1,,,0,False
5765,4155,13,2024-08-03T13:00:00,53,Outbound,Discovery,Completed,3,0.64,258,6,False
5766,3456,5,2023-12-30T13:45:00,-42,Outbound,Demo,Completed,2,0.61,244,4,False
5767,1571,5,2030-06-15T10:00:00,19,Outbound,Demo,Completed,2,0.5,105,14,True
5768,927,1,2024-12-25T11:45:00,58,Inbound,Discovery,Completed,6,0.28,156,15,False
5769,3465,4,2024-12-30T14:30:00,23,Outbound,Negotiation,Rescheduled,1,,,0,False
5770,2648,16,2023-10-01T09:45:00,22,Outbound,Discovery,Completed,8,0.74,160,12,True
5771,2261,13,2024-05-04T11:45:00,39,Outbound,Negotiation,Completed,3,0.61,110,7,False
5772,3685,10,2023-12-29T13:15:00,29,Outbound,Technical Deep Dive,Completed,7,0.68,87,7,True
5773,3911,2,2022-11-27T12:45:00,51,Outbound,Follow-Up,Completed,3,0.34,148,20,True
5774,3534,14,2022-07-18T11:45:00,50,Outbound,Demo,Rescheduled,1,,,0,False
5775,4711,5,2024-05-06T09:30:00,23,Outbound,QBR,Completed,5,0.77,216,4,False
5776,4105,14,2024-12-12T14:45:00,52,Outbound,Demo,Rescheduled,1,,,0,False
5777,2413,2,2024-12-10T14:00:00,53,Inbound,Demo,Completed,4,0.54,71,21,True
5778,4058,9,2024-09-23T12:15:00,45,Inbound,Negotiation,Rescheduled,1,,,0,False
5779,1658,16,2024-12-24T13:45:00,3,Outbound,Negotiation,Voicemail,1,,,0,False
5780,2333,5,2024-11-10T15:00:00,59,Outbound,Check-In,Completed,8,0.53,167,18,False
5781,2240,3,2024-12-08T17:30:00,27,Inbound,Follow-Up,Completed,3,0.6,216,9,True
5782,4143,6,2022-07-21T10:15:00,18,Outbound,Negotiation,Completed,7,0.66,89,7,True
5783,26,7,2024-02-15T14:00:00,49,Outbound,Follow-Up,Completed,6,0.55,63,10,True
5784,1555,14,2024-02-01T09:30:00,57,Outbound,Demo,Completed,3,0.69,99,6,False
5785,1757,3,2024-09-18T14:00:00,28,Outbound,Demo,Completed,6,0.37,173,21,True
5786,1592,10,2022-06-27T12:15:00,0,Outbound,Demo,No Show,1,,,0,False
5787,3469,1,2021-11-18T12:30:00,53,Outbound,Demo,Completed,7,0.33,163,15,False
5788,1917,12,2022-01-27T11:30:00,50,Outbound,Negotiation,Completed,4,0.39,69,11,False
5789,108,7,2024-12-30T15:45:00,45,Outbound,QBR,Completed,6,1.45,104,12,False
5790,196,7,2021-04-20T12:45:00,27,Inbound,Technical Deep Dive,Completed,8,0.36,140,13,False
5791,1029,3,2022-12-22T10:45:00,50,Outbound,Technical Deep Dive,Completed,4,0.43,204,6,False
5792,2577,7,2024-12-11T17:45:00,35,Outbound,Check-In,Completed,4,0.55,237,16,False
5793,4580,9,2022-01-21T15:15:00,29,Outbound,Technical Deep Dive,Completed,3,0.8,145,9,False
5794,994,1,2023-12-26T12:00:00,27,Outbound,Demo,Completed,3,0.64,69,12,False
5795,3602,12,2024-11-01T12:30:00,33,Outbound,Follow-Up,Completed,5,0.63,225,9,False
5796,3248,4,2030-06-15T10:00:00,53,Outbound,QBR,Completed,6,0.44,30,13,False
5797,3871,3,2024-12-28T10:30:00,2,Outbound,Discovery,Voicemail,1,,,0,False
5798,481,3,2024-12-02T11:15:00,17,Outbound,Negotiation,Completed,3,0.64,60,18,False
5799,2071,4,2023-05-15T13:15:00,27,Inbound,Check-In,Completed,8,0.61,234,3,False
5800,2884,7,2024-05-08T17:00:00,2,Inbound,Technical Deep Dive,Voicemail,1,,,0,False
5801,4349,10,2024-10-27T17:30:00,52,Outbound,Follow-Up,Completed,3,0.66,112,4,False
5802,1035,4,2024-06-29T15:00:00,40,Inbound,Discovery,Rescheduled,1,,,0,False
5803,4589,16,2024-08-24T12:45:00,0,Outbound,Check-In,No Show,1,,,0,False
5804,1044,13,2024-12-23T16:30:00,18,Outbound,Negotiation,Completed,2,0.5,231,4,False
5805,1593,5,2024-07-16T15:45:00,24,Outbound,Follow-Up,Completed,3,0.67,285,4,False
5806,201,7,2023-09-22T16:15:00,46,Outbound,QBR,Rescheduled,1,,,0,False
5807,3742,11,2024-10-16T08:15:00,52,Outbound,Demo,Completed,6,0.44,33,6,False
5808,4775,2,2030-06-15T10:00:00,1,Outbound,Negotiation,Voicemail,1,,,0,False
5809,3497,14,2024-11-12T13:45:00,52,Outbound,Follow-Up,Completed,7,0.44,56,3,False
5810,3087,11,2024-12-29T12:30:00,46,Outbound,Discovery,Completed,6,0.4,138,14,True
5811,2382,7,2023-01-11T15:00:00,,Inbound,Discovery,No Show,1,,,0,False
5812,1893,13,2024-12-01T13:30:00,32,Inbound,Check-In,Completed,5,0.64,159,9,False
5813,2382,7,2023-02-16T16:45:00,49,Outbound,Negotiation,Completed,5,0.45,34,13,True
5814,906,13,2023-11-29T13:45:00,42,Inbound,Technical Deep Dive,Rescheduled,1,,,0,False
5815,2513,7,2023-10-21T12:30:00,43,Inbound,Demo,Completed,7,0.56,163,18,True
5816,360,3,2024-05-15T16:45:00,32,Outbound,Demo,Rescheduled,1,,,0,False
5817,1982,4,2030-06-15T10:00:00,15,Inbound,Demo,Completed,2,0.5,196,17,False
5818,4782,7,2024-02-12T16:45:00,16,Outbound,QBR,Completed,6,0.39,205,16,False
5819,192,4,2022-05-07T14:30:00,53,Outbound,Negotiation,Completed,3,0.82,136,15,False
5820,4533,5,2024-07-02T13:45:00,22,Outbound,Discovery,Completed,4,0.66,62,19,False
5821,254,9,2023-08-14T14:00:00,36,Inbound,Check-In,Completed,3,0.73,288,5,False
5822,1421,16,2024-08-07T15:15:00,0,Outbound,Follow-Up,No Show,1,,,0,False
5823,1793,3,2024-08-21T13:45:00,49,Inbound,Negotiation,Completed,4,0.62,106,12,True
5824,3688,1,2024-08-30T14:45:00,0,Outbound,Follow-Up,No Show,1,,,0,False
5825,2330,7,2024-12-28T09:45:00,54,Outbound,Check-In,Completed,4,0.66,108,15,True
5826,3272,8,2023-01-15T11:30:00,15,Outbound,Demo,Completed,2,0.62,279,13,True
5827,3328,12,2023-12-25T11:30:00,59,Outbound,Discovery,Completed,2,0.68,122,3,False
5828,841,1,2023-07-13T12:30:00,,Outbound,Technical Deep Dive,No Show,1,,,0,False
5829,2546,6,2020-10-31T16:15:00,48,Outbound,Discovery,Rescheduled,1,,,0,False
5830,919,3,2022-09-19T14:15:00,,Outbound,QBR,Completed,5,0.61,109,12,False
5831,2196,5,2024-12-26T09:30:00,55,Inbound,Check-In,Completed,7,1.33,67,16,True
5832,4788,10,2024-12-01T10:30:00,0,Outbound,QBR,No Show,1,,,0,False
5833,282,3,2024-12-18T17:45:00,32,Inbound,Follow-Up,Completed,6,0.46,148,12,True
5834,1897,11,2023-01-24T16:45:00,32,Outbound,Follow-Up,Completed,3,0.49,50,10,False
5835,2019,5,2022-02-14T14:45:00,41,Outbound,QBR,Completed,2,0.47,233,14,True
5836,4818,4,2023-03-02T15:45:00,17,Inbound,Discovery,Completed,6,0.56,134,19,False
5837,861,16,2024-12-14T10:45:00,51,Outbound,Follow-Up,Completed,7,0.64,96,15,False
5838,1159,3,2024-11-20T15:15:00,0,Outbound,Demo,No Show,1,,,0,False
5839,875,12,2023-08-15T14:15:00,39,Outbound,Technical Deep Dive,Completed,8,0.43,79,15,False
5840,3876,6,2024-12-17T13:00:00,24,Outbound,Discovery,Completed,8,0.45,72,8,True
5841,299,14,2024-03-01T11:00:00,17,Outbound,Demo,Completed,4,0.78,76,9,False
5842,3861,1,2022-04-11T11:45:00,58,Outbound,Check-In,Completed,3,0.37,155,4,True
5843,3982,6,2024-12-01T11:00:00,21,Outbound,Demo,Completed,6,1.44,288,7,True
5844,1774,13,2024-09-29T11:30:00,47,Outbound,Check-In,Completed,6,0.91,201,9,False
5845,4445,12,2024-01-14T12:00:00,2,Outbound,Negotiation,Voicemail,1,,,0,False
5846,3898,11,2024-12-06T11:00:00,,Inbound,Check-In,Completed,7,0.68,220,10,False
5847,54,4,2021-09-13T11:00:00,20,Outbound,Check-In,Completed,8,0.61,184,10,True
5848,3530,8,2022-10-13T11:15:00,50,Outbound,QBR,Completed,2,0.4,158,12,True
5849,3899,2,2024-12-24T15:30:00,0,Outbound,Demo,No Show,1,,,0,False
5850,747,2,2023-11-30T12:00:00,22,Outbound,Negotiation,Rescheduled,1,,,0,False
5851,3965,12,2024-10-29T11:00:00,21,Outbound,QBR,Completed,4,0.38,31,15,True
5852,1023,6,2024-12-27T14:15:00,48,Outbound,Demo,Completed,6,0.57,137,9,False
5853,3791,5,2024-03-28T13:00:00,39,Outbound,Follow-Up,Completed,3,0.41,127,7,False
5854,819,7,2022-03-10T08:45:00,-54,Outbound,Discovery,Completed,7,0.38,44,25,True
5855,2914,7,2022-03-23T12:30:00,23,Inbound,Demo,Completed,2,0.43,123,6,True
5856,425,9,2024-12-17T10:15:00,60,Inbound,Demo,Completed,6,0.46,84,5,True
5857,1046,2,2024-09-01T14:00:00,47,Outbound,Check-In,Completed,6,0.36,59,9,False
5858,1493,5,2023-06-07T12:30:00,32,Outbound,QBR,Completed,6,0.53,196,16,False
5859,3437,2,2024-08-21T14:30:00,51,Outbound,Demo,Completed,4,0.64,232,14,True
5860,3946,12,2023-12-28T12:30:00,38,Inbound,QBR,Completed,4,0.82,106,7,False
5861,4717,10,2024-11-23T09:00:00,,Outbound,Negotiation,Completed,8,0.43,190,17,False
5862,2419,10,2024-12-30T14:00:00,53,Outbound,Demo,Completed,4,0.58,104,17,True
5863,884,2,2024-11-09T09:45:00,45,Outbound,Demo,Rescheduled,1,,,0,False
5864,1137,10,2024-12-23T12:00:00,19,Outbound,Check-In,Rescheduled,1,,,0,False
5865,3272,8,2023-03-01T12:15:00,,Outbound,Check-In,Completed,2,0.52,300,13,True
5866,2783,11,2024-02-21T14:30:00,3,Outbound,Discovery,Voicemail,1,,,0,False
5867,180,8,2024-12-21T13:30:00,41,Inbound,Technical Deep Dive,Completed,4,0.75,109,9,False
5868,1592,10,2022-05-30T14:15:00,47,Outbound,Technical Deep Dive,Completed,6,0.67,171,18,False
5869,3922,16,2024-12-24T13:00:00,0,Outbound,Negotiation,No Show,1,,,0,False
5870,3718,5,2021-12-28T14:30:00,51,Inbound,Follow-Up,Completed,5,0.55,52,6,False
5871,887,4,2024-06-13T17:00:00,43,Outbound,Discovery,Completed,7,0.65,143,10,False
5872,3074,13,2023-09-06T14:45:00,19,Inbound,QBR,Completed,6,0.69,34,1,False
5873,84,6,2022-01-12T09:45:00,2,Outbound,Technical Deep Dive,Voicemail,1,,,0,False
5874,29,15,2024-12-20T14:45:00,55,Inbound,Negotiation,Completed,2,0.69,178,7,True
5875,4561,5,2024-12-01T15:45:00,30,Outbound,Demo,Completed,6,0.38,52,13,False
5876,1926,4,2024-07-09T16:45:00,60,Outbound,Check-In,Completed,2,0.48,122,4,True
5877,3469,1,2021-07-30T12:45:00,60,Outbound,Follow-Up,Completed,6,0.41,44,8,False
5878,4180,16,2024-12-19T12:15:00,53,Outbound,Technical Deep Dive,Completed,6,0.59,160,8,False
5879,3772,5,2024-05-01T13:45:00,44,Outbound,Technical Deep Dive,Completed,7,0.39,133,19,True
5880,4584,16,2024-12-12T13:45:00,3,Outbound,QBR,Voicemail,1,,,0,False
5881,337,2,2024-05-28T13:15:00,22,Outbound,Demo,Completed,7,0.39,89,25,True
5882,2264,2,2023-06-02T11:30:00,38,Inbound,QBR,Completed,3,0.43,113,16,True
5883,4563,3,2024-11-14T13:45:00,34,Outbound,Follow-Up,Rescheduled,1,,,0,False
5884,1859,15,2020-10-22T10:45:00,52,Outbound,Demo,Completed,6,0.73,30,7,True
5885,567,16,2023-01-18T14:15:00,34,Outbound,Discovery,Completed,2,0.51,183,14,False
5886,2743,14,2024-08-16T15:30:00,27,Outbound,Negotiation,Completed,3,0.46,166,3,False
5887,3599,2,2024-04-07T09:30:00,57,Outbound,QBR,Completed,8,0.34,79,21,True
5888,2419,10,2030-06-15T10:00:00,36,Outbound,Follow-Up,Completed,3,0.62,184,17,True
5889,184,3,2023-07-18T15:30:00,0,Outbound,Check-In,No Show,1,,,0,False
5890,1627,16,2024-09-09T16:30:00,45,Outbound,Follow-Up,Completed,3,0.42,98,5,True
5891,3229,5,2023-12-21T16:00:00,,Outbound,Technical Deep Dive,Completed,3,0.58,50,17,True
5892,892,5,2024-12-12T14:15:00,0,Outbound,Technical Deep Dive,No Show,1,,,0,False
5893,817,3,2024-01-02T12:15:00,25,Outbound,QBR,Completed,2,0.51,148,9,True
5894,3766,12,2022-08-02T12:30:00,16,Outbound,Check-In,Completed,8,0.49,132,11,True
5895,2738,14,2023-08-01T13:45:00,49,Outbound,Discovery,Completed,3,0.58,95,11,False
5896,1163,9,2020-05-24T10:00:00,38,Outbound,Follow-Up,Rescheduled,1,,,0,False
5897,732,5,2024-06-19T12:30:00,16,Inbound,Follow-Up,Completed,5,0.73,245,7,True
5898,3386,14,2023-03-24T16:30:00,54,Outbound,Check-In,Completed,2,0.76,34,4,True
5899,2179,13,2024-06-18T16:15:00,56,Outbound,Discovery,Completed,4,0.68,240,10,False
5900,134,7,2024-05-03T15:00:00,56,Outbound,Follow-Up,Completed,5,0.58,166,12,False
5901,456,9,2024-04-04T16:30:00,,Outbound,Discovery,Completed,3,0.53,201,9,True
5902,3940,16,2024-09-18T17:45:00,47,Outbound,QBR,Completed,6,0.41,156,13,True
5903,2678,15,2024-12-28T08:15:00,40,Outbound,QBR,Completed,5,0.72,275,5,False
5904,9,11,2024-06-02T10:45:00,3,Outbound,Discovery,Voicemail,1,,,0,False
5905,2420,8,2024-12-20T12:00:00,31,Outbound,Follow-Up,Completed,7,1.19,206,11,False
5906,4760,10,2030-06-15T10:00:00,15,Inbound,Check-In,Rescheduled,1,,,0,False
5907,3304,3,2024-12-20T09:45:00,60,Outbound,Negotiation,Rescheduled,1,,,0,False
5908,3649,9,2024-07-30T11:15:00,37,Inbound,QBR,Completed,6,0.46,86,18,False
5909,530,14,2024-05-05T11:15:00,0,Outbound,Demo,No Show,1,,,0,False
5910,4131,2,2024-12-15T13:45:00,30,Outbound,Negotiation,Completed,3,0.5,171,19,False
5911,4919,12,2022-10-19T16:45:00,57,Inbound,Check-In,Completed,7,0.61,130,14,False
5912,927,1,2024-12-20T09:30:00,28,Outbound,Negotiation,Completed,7,0.29,35,27,True
5913,673,12,2024-12-05T11:45:00,17,Outbound,Technical Deep Dive,Rescheduled,1,,,0,False
5914,145,3,2024-10-23T11:45:00,56,Outbound,Negotiation,Completed,4,0.53,112,12,False
5915,457,14,2023-08-07T11:30:00,19,Outbound,Demo,Completed,7,0.6,71,9,True
5916,1271,16,2022-12-14T10:45:00,28,Outbound,Check-In,Completed,3,0.66,173,4,False
5917,3572,6,2024-11-08T10:30:00,60,Outbound,Discovery,Completed,6,0.54,165,8,False
5918,1390,3,2022-12-28T10:15:00,0,Inbound,Demo,No Show,1,,,0,False
5919,1467,11,2023-05-26T10:30:00,51,Inbound,Follow-Up,Rescheduled,1,,,0,False
5920,4870,16,2024-12-20T11:30:00,30,Outbound,Negotiation,Completed,2,0.7,144,10,False
5921,2274,16,2024-06-28T14:45:00,0,Outbound,Negotiation,No Show,1,,,0,False
5922,2800,3,2024-08-12T11:45:00,42,Outbound,Technical Deep Dive,Completed,4,0.42,160,12,False
5923,1338,9,2024-01-26T15:15:00,34,Outbound,Check-In,Completed,2,0.68,247,4,False
5924,2787,3,2023-10-03T08:45:00,43,Inbound,QBR,Completed,4,1.07,143,21,True
5925,1493,5,2023-05-03T12:15:00,42,Outbound,Demo,Rescheduled,1,,,0,False
5926,3271,7,2024-06-22T09:45:00,44,Outbound,Follow-Up,Completed,6,0.48,197,16,False
5927,1180,1,2024-10-19T12:15:00,51,Outbound,QBR,Completed,7,0.39,38,14,False
5928,3824,11,2021-08-16T11:30:00,37,Inbound,Negotiation,Completed,2,0.52,200,18,False
5929,1533,5,2024-03-29T13:15:00,0,Outbound,QBR,No Show,1,,,0,False
5930,4161,15,2024-12-12T11:00:00,0,Inbound,Discovery,No Show,1,,,0,False
5931,11,2,2024-03-16T09:15:00,34,Inbound,Negotiation,Completed,8,0.55,97,22,True
5932,199,12,2024-01-28T12:15:00,,Outbound,Check-In,Rescheduled,1,,,0,False
5933,2472,13,2023-05-06T11:00:00,34,Outbound,Discovery,Rescheduled,1,,,0,False
5934,2403,14,2024-12-26T16:45:00,0,Outbound,Demo,No Show,1,,,0,False
5935,1569,8,2030-06-15T10:00:00,41,Outbound,QBR,Rescheduled,1,,,0,False
5936,3559,7,2024-05-05T11:15:00,51,Inbound,Demo,Completed,4,0.56,182,8,False
5937,3168,1,2024-12-07T17:00:00,59,Outbound,Discovery,Completed,2,0.54,291,12,False
5938,2252,13,2024-07-23T15:30:00,31,Inbound,Demo,Completed,2,0.57,41,12,False
5939,4047,6,2023-11-19T11:45:00,39,Inbound,Technical Deep Dive,Completed,3,0.47,216,20,False
5940,2568,16,2024-08-26T13:00:00,31,Inbound,Demo,Completed,5,0.42,124,4,True
5941,4000,14,2022-07-17T11:15:00,29,Outbound,Follow-Up,Rescheduled,1,,,0,False
5942,1881,14,2024-12-20T11:30:00,50,Inbound,QBR,Completed,4,0.82,216,5,True
5943,1362,12,2024-05-31T14:00:00,22,Inbound,Negotiation,Completed,3,0.69,61,11,False
5944,3796,10,2023-06-10T14:15:00,32,Outbound,Discovery,Completed,3,0.41,40,12,False
5945,3468,3,2024-12-08T13:30:00,23,Outbound,Follow-Up,Completed,2,0.5,163,21,True
5946,758,8,2024-10-28T10:45:00,3,Outbound,Negotiation,Voicemail,1,,,0,False
5947,4177,12,2023-04-25T14:45:00,25,Inbound,Follow-Up,Completed,2,0.52,70,17,False
5948,2034,5,2023-07-08T10:45:00,0,Outbound,QBR,No Show,1,,,0,False
5949,1986,7,2024-08-10T15:00:00,59,Inbound,Discovery,Completed,8,0.5,121,20,True
5950,1107,11,2024-03-14T11:30:00,56,Outbound,Negotiation,Completed,4,0.45,219,9,True
5951,2535,14,2024-05-28T13:00:00,34,Inbound,Demo,Completed,5,0.75,144,8,True
5952,4967,2,2024-12-12T15:45:00,27,Outbound,Follow-Up,Completed,2,0.37,105,15,True
5953,3669,6,2024-11-12T10:15:00,45,Outbound,Discovery,Completed,6,0.46,192,9,False
5954,3849,11,2023-10-13T13:00:00,32,Outbound,Negotiation,Rescheduled,1,,,0,False
5955,6,10,2024-12-21T10:15:00,47,Outbound,Technical Deep Dive,Completed,3,0.37,31,22,True
5956,246,11,2024-06-21T10:30:00,47,Inbound,Discovery,Completed,2,0.67,226,18,False
5957,2469,13,2024-12-02T14:30:00,17,Outbound,Negotiation,Completed,2,0.46,181,6,True
5958,2514,9,2023-10-29T11:30:00,29,Inbound,Check-In,Completed,6,0.57,108,7,False
5959,3267,1,2024-11-12T14:00:00,30,Outbound,Technical Deep Dive,Rescheduled,1,,,0,False
5960,1638,7,2024-07-19T11:00:00,44,Outbound,Negotiation,Completed,8,0.43,38,20,True
5961,2157,15,2024-10-10T14:30:00,16,Inbound,Discovery,Completed,7,1.28,203,4,False
5962,2740,8,2022-04-18T16:15:00,0,Inbound,QBR,No Show,1,,,0,False
5963,4,2,2024-05-31T15:15:00,36,Inbound,Discovery,Rescheduled,1,,,0,False
5964,3396,4,2022-09-12T14:45:00,46,Inbound,Follow-Up,Rescheduled,1,,,0,False
5965,2447,15,2024-12-24T13:15:00,38,Inbound,Follow-Up,Completed,6,0.69,49,3,False
5966,1016,1,2023-08-12T13:00:00,58,Outbound,Follow-Up,Completed,6,0.34,184,20,True
5967,3505,14,2024-12-21T10:45:00,42,Inbound,Check-In,Completed,8,0.48,44,9,True
5968,2293,8,2024-12-19T09:15:00,18,Outbound,Follow-Up,Completed,4,0.52,58,15,False
5969,4169,4,2022-03-10T11:15:00,18,Outbound,Technical Deep Dive,Completed,7,0.85,255,2,True
5970,4527,3,2023-05-11T13:15:00,43,Outbound,Negotiation,Completed,8,0.42,88,10,False
5971,4316,15,2022-02-08T15:30:00,59,Outbound,Discovery,Completed,5,0.43,78,6,False
5972,4063,14,2024-11-20T09:00:00,54,Outbound,QBR,Completed,4,0.73,270,9,False
5973,2508,16,2024-12-03T16:00:00,59,Outbound,Negotiation,Rescheduled,1,,,0,False
5974,4932,15,2024-03-11T08:00:00,0,Outbound,Follow-Up,No Show,1,,,0,False
5975,1039,12,2024-12-23T10:45:00,0,Inbound,Discovery,No Show,1,,,0,False
5976,1864,13,2024-07-02T16:30:00,40,Outbound,Demo,Completed,2,0.63,218,11,True
5977,4589,16,2024-10-09T10:45:00,15,Inbound,Follow-Up,Completed,5,0.47,61,9,True
5978,698,16,2023-02-07T10:00:00,53,Inbound,Check-In,Completed,3,0.68,222,3,False
5979,832,6,2024-07-20T14:45:00,40,Outbound,Negotiation,Completed,4,0.39,74,11,True
5980,2637,1,2024-04-10T15:15:00,23,Outbound,QBR,Completed,8,0.4,93,22,False
5981,359,8,2021-04-17T13:45:00,30,Outbound,Follow-Up,Completed,4,0.41,46,8,True
5982,3976,15,2022-05-08T14:15:00,32,Outbound,Demo,Completed,4,0.85,254,7,True
5983,2067,13,2024-11-30T12:00:00,34,Outbound,Technical Deep Dive,Completed,5,0.6,180,12,False
5984,4084,16,2024-06-05T11:30:00,36,Outbound,QBR,Completed,2,0.58,165,4,False
5985,3008,5,2024-11-27T12:30:00,56,Inbound,Discovery,Completed,3,0.35,57,9,False
5986,3071,7,2024-06-02T11:15:00,34,Outbound,Discovery,Completed,4,0.7,92,8,True
5987,4172,16,2023-10-15T17:00:00,35,Outbound,Negotiation,Rescheduled,1,,,0,False
5988,3390,16,2024-02-25T09:15:00,32,Inbound,Check-In,Completed,7,0.67,232,14,False
5989,2001,5,2024-10-15T10:00:00,41,Inbound,Technical Deep Dive,Completed,3,0.4,114,14,False
5990,1204,5,2024-06-03T15:45:00,56,Outbound,Negotiation,Completed,7,0.46,65,20,True
5991,2148,4,2024-06-03T13:00:00,15,Inbound,QBR,Completed,3,0.61,71,12,True
5992,272,7,2024-02-05T15:00:00,31,Outbound,Negotiation,Completed,4,0.61,236,11,False
5993,2427,13,2024-12-06T15:30:00,49,Outbound,Demo,Completed,6,0.89,268,9,False
5994,1341,16,2024-12-26T09:00:00,,Inbound,Follow-Up,Rescheduled,1,,,0,False
5995,1335,9,2023-04-10T10:45:00,48,Outbound,Demo,Completed,2,0.58,105,14,False
5996,971,1,2024-06-20T13:00:00,0,Outbound,Check-In,No Show,1,,,0,False
5997,1408,7,2030-06-15T10:00:00,27,Outbound,QBR,Completed,2,0.54,235,11,False
5998,552,6,2024-09-10T16:00:00,39,Outbound,Demo,Completed,8,0.46,103,16,True
5999,1785,11,2024-12-22T11:15:00,20,Inbound,Demo,Completed,7,1.44,142,17,True
6000,3618,13,2024-01-08T08:15:00,0,Inbound,Negotiation,No Show,1,,,0,False
6001,849,6,2024-05-05T12:30:00,60,Outbound,Demo,Completed,4,0.38,65,11,True
6002,2579,4,2023-02-17T15:30:00,50,Outbound,Follow-Up,Completed,6,0.54,47,8,False
6003,3935,7,2024-07-28T14:00:00,25,Outbound,Follow-Up,Completed,2,0.41,76,12,True
6004,2404,16,2024-12-14T16:45:00,24,Outbound,Check-In,Completed,5,0.51,91,15,True
6005,18,3,2024-08-16T11:45:00,59,Outbound,QBR,Completed,7,0.43,63,21,False
6006,707,4,2024-08-23T09:45:00,44,Outbound,Demo,Completed,2,0.62,184,2,False
6007,1389,16,2023-11-14T10:30:00,0,Inbound,Demo,No Show,1,,,0,False
6008,1344,2,2022-02-27T15:00:00,17,Outbound,Demo,Completed,3,0.63,246,2,False
6009,4371,11,2024-04-17T10:45:00,22,Outbound,Demo,Completed,2,0.42,197,6,False
6010,4592,9,2022-03-08T12:45:00,28,Outbound,Demo,Rescheduled,1,,,0,False
6011,352,12,2021-10-31T09:00:00,45,Outbound,Technical Deep Dive,Completed,4,0.48,186,6,True
6012,560,9,2024-12-23T10:15:00,57,Inbound,Demo,Completed,6,0.76,214,12,False
6013,596,2,2024-06-14T11:00:00,28,Inbound,Follow-Up,Completed,2,0.47,121,20,True
6014,2082,2,2024-12-17T09:30:00,0,Outbound,Follow-Up,No Show,1,,,0,False
6015,3825,6,2023-08-27T09:15:00,17,Inbound,Negotiation,Completed,6,0.55,150,2,True
6016,2967,4,2024-10-14T10:15:00,37,Outbound,Technical Deep Dive,Completed,8,0.56,147,7,True
6017,3074,13,2023-09-11T12:45:00,53,Outbound,Negotiation,Completed,6,0.76,222,2,False
6018,2292,2,2024-04-19T10:15:00,15,Outbound,QBR,Completed,6,0.44,233,16,False
6019,3036,8,2023-09-02T08:00:00,23,Outbound,Negotiation,Completed,2,0.37,72,21,True
6020,3267,1,2024-09-23T10:15:00,57,Outbound,Discovery,Rescheduled,1,,,0,False
6021,490,4,2024-10-27T12:30:00,44,Inbound,Discovery,Rescheduled,1,,,0,False
6022,2069,8,2024-12-25T13:45:00,53,Outbound,Check-In,Completed,7,0.52,181,16,False
6023,4767,4,2024-11-03T16:30:00,47,Inbound,Technical Deep Dive,Completed,7,0.62,237,5,False
6024,1602,4,2024-11-29T14:45:00,59,Outbound,Negotiation,Completed,3,0.57,87,18,True
6025,818,11,2024-07-20T12:15:00,29,Inbound,Discovery,Completed,8,0.54,148,9,True
6026,4887,7,2021-08-19T13:00:00,56,Outbound,Discovery,Completed,6,0.58,87,13,True
6027,2258,6,2024-12-04T14:45:00,49,Outbound,QBR,Completed,5,0.69,210,19,True
6028,2827,12,2023-07-20T12:30:00,28,Inbound,Follow-Up,Completed,5,0.45,239,3,False
6029,4292,12,2024-08-04T13:15:00,58,Outbound,Follow-Up,Completed,7,0.66,52,9,False
6030,785,14,2023-03-26T12:00:00,35,Outbound,Demo,Completed,4,0.46,188,6,False
6031,2266,1,2022-07-10T16:30:00,33,Outbound,QBR,Completed,3,0.39,168,22,False
6032,9,11,2024-08-29T14:45:00,53,Outbound,Negotiation,Completed,7,0.69,121,11,False
6033,4765,16,2024-06-26T13:45:00,37,Outbound,Follow-Up,Rescheduled,1,,,0,False
6034,4135,14,2024-08-31T09:15:00,0,Outbound,QBR,No Show,1,,,0,False
6035,2330,7,2024-12-14T15:30:00,58,Outbound,Technical Deep Dive,Completed,5,0.48,190,16,True
6036,193,2,2024-09-23T10:30:00,0,Inbound,Negotiation,No Show,1,,,0,False
6037,4023,2,2024-03-09T14:45:00,43,Outbound,Discovery,Completed,2,0.35,193,10,False
6038,1428,4,2024-12-19T16:00:00,28,Outbound,Demo,Completed,3,0.71,108,7,False
6039,636,5,2024-04-22T15:30:00,51,Outbound,Check-In,Completed,4,0.68,187,10,True
6040,3353,10,2022-01-16T12:15:00,29,Inbound,Demo,Completed,4,0.56,161,10,False
6041,4945,14,2030-06-15T10:00:00,53,Outbound,Discovery,Completed,3,0.76,212,11,True
6042,4991,3,2023-02-07T14:15:00,59,Outbound,Demo,Completed,6,0.25,132,18,True
6043,1044,13,2024-12-15T15:45:00,3,Outbound,Technical Deep Dive,Voicemail,1,,,0,False
6044,3837,6,2024-05-25T12:00:00,3,Outbound,Demo,Voicemail,1,,,0,False
6045,1120,16,2024-12-26T13:15:00,38,Outbound,QBR,Completed,5,0.7,41,9,True
6046,125,11,2023-09-06T14:15:00,40,Outbound,Negotiation,Rescheduled,1,,,0,False
6047,4033,12,2024-08-14T11:15:00,,Inbound,Follow-Up,No Show,1,,,0,False
6048,494,5,2022-08-07T09:45:00,3,Inbound,Check-In,Voicemail,1,,,0,False
6049,1728,15,2024-12-24T12:00:00,55,Outbound,Follow-Up,Completed,5,0.54,115,13,False
6050,2404,16,2024-12-11T15:45:00,-42,Outbound,Negotiation,Completed,7,0.4,113,14,False
6051,2286,8,2024-05-29T09:00:00,24,Outbound,Discovery,Completed,7,0.53,286,12,True
6052,4296,13,2023-10-04T16:30:00,16,Outbound,Follow-Up,Completed,6,0.42,180,13,True
6053,3364,7,2024-12-03T16:00:00,,Outbound,Follow-Up,Completed,5,0.7,209,7,False
6054,2829,9,2023-10-25T09:00:00,39,Outbound,Negotiation,Completed,7,0.68,43,3,False
6055,777,11,2024-12-21T14:30:00,45,Outbound,Follow-Up,Completed,2,0.52,222,5,True
6056,3318,13,2024-12-12T13:45:00,23,Inbound,Demo,Completed,8,1.45,209,11,False
6057,2932,11,2024-12-27T13:15:00,51,Outbound,QBR,Completed,6,0.62,192,4,False
6058,2380,4,2024-12-28T16:45:00,22,Inbound,Discovery,Completed,7,0.43,184,9,True
6059,4922,16,2024-07-17T10:30:00,,Outbound,Technical Deep Dive,Rescheduled,1,,,0,False
6060,4287,3,2023-11-29T14:30:00,31,Inbound,Check-In,Completed,2,0.67,203,7,False
6061,288,3,2024-12-18T14:30:00,33,Outbound,Follow-Up,Completed,2,0.6,93,20,False
6062,2526,12,2024-07-16T12:30:00,0,Outbound,Follow-Up,No Show,1,,,0,False
6063,3886,14,2023-09-11T09:00:00,19,Inbound,Technical Deep Dive,Completed,7,0.88,191,9,False
6064,4201,7,2023-06-22T10:00:00,30,Inbound,Follow-Up,Completed,2,0.65,170,7,True
6065,1816,9,2023-04-17T12:45:00,35,Inbound,Technical Deep Dive,Completed,5,0.76,220,5,True
6066,293,1,2024-09-16T14:45:00,0,Inbound,Discovery,No Show,1,,,0,False
6067,2187,16,2024-11-05T15:45:00,36,Outbound,Demo,Completed,4,0.47,182,7,False
6068,2569,6,2024-05-06T15:15:00,31,Outbound,Check-In,Completed,3,0.64,230,15,False
6069,2757,13,2024-12-05T13:15:00,22,Outbound,QBR,Completed,7,0.75,66,10,True
6070,1940,9,2024-02-13T15:15:00,0,Inbound,Negotiation,No Show,1,,,0,False
6071,3323,9,2024-08-05T14:00:00,0,Outbound,Check-In,No Show,1,,,0,False
6072,625,6,2024-12-18T14:15:00,31,Outbound,QBR,Completed,3,0.52,77,14,True
6073,2745,4,2024-12-27T10:00:00,54,Outbound,QBR,Completed,7,0.46,60,11,False
6074,4113,6,2024-12-25T13:00:00,48,Inbound,Negotiation,Completed,7,0.37,220,15,False
6075,3236,16,2024-12-15T11:15:00,34,Outbound,QBR,Completed,7,0.45,163,13,True
6076,3145,11,2024-01-19T15:00:00,51,Outbound,Demo,Completed,7,0.53,56,12,False
6077,2788,6,2024-02-22T17:15:00,41,Outbound,Negotiation,Completed,3,0.66,174,5,True
6078,3770,8,2024-02-01T10:00:00,28,Outbound,Demo,Rescheduled,1,,,0,False
6079,2461,12,2023-07-23T15:15:00,52,Outbound,Check-In,Completed,4,0.61,165,7,False
6080,3435,12,2024-10-30T16:30:00,35,Outbound,Technical Deep Dive,Completed,6,0.46,191,9,True
6081,1429,12,2023-07-29T12:00:00,0,Inbound,Negotiation,No Show,1,,,0,False
6082,3080,15,2024-12-17T12:30:00,37,Outbound,Discovery,Rescheduled,1,,,0,False
6083,3059,7,2024-11-12T15:30:00,47,Inbound,Follow-Up,Completed,2,1.36,289,7,True
6084,4926,7,2024-12-14T11:15:00,33,Outbound,Demo,Completed,8,0.56,71,9,False
6085,4853,3,2024-09-01T11:00:00,16,Inbound,Follow-Up,Completed,6,1.04,124,15,True
6086,2358,11,2024-06-15T15:00:00,60,Outbound,Check-In,Completed,8,0.47,226,10,True
6087,1275,2,2024-02-02T11:30:00,31,Inbound,Follow-Up,Completed,6,0.32,32,7,True
6088,755,8,2024-12-24T10:30:00,47,Inbound,Discovery,Completed,6,0.54,150,11,False
6089,4626,16,2030-06-15T10:00:00,54,Inbound,Technical Deep Dive,Completed,4,0.7,95,12,False
6090,1742,12,2023-07-08T12:00:00,0,Inbound,Discovery,No Show,1,,,0,False
6091,2142,4,2023-12-14T12:00:00,51,Inbound,Negotiation,Rescheduled,1,,,0,False
6092,4574,9,2023-12-23T12:00:00,33,Outbound,Negotiation,Completed,2,0.59,185,9,False
6093,1913,5,2024-12-15T08:00:00,23,Outbound,Technical Deep Dive,Completed,5,0.42,135,10,False
6094,1086,15,2024-10-08T09:15:00,0,Outbound,QBR,No Show,1,,,0,False
6095,3634,16,2024-12-20T15:30:00,49,Inbound,Technical Deep Dive,Completed,5,0.69,166,11,False
6096,1847,15,2024-12-28T10:00:00,60,Inbound,QBR,Completed,5,0.63,294,3,True
6097,3932,2,2021-11-15T10:15:00,28,Outbound,Discovery,Completed,6,0.45,171,9,True
6098,4594,10,2024-05-10T13:30:00,20,Outbound,QBR,Completed,5,0.69,98,4,True
6099,2683,5,2022-04-08T09:30:00,36,Outbound,Discovery,Completed,5,0.57,94,11,True
6100,2896,5,2023-11-11T15:00:00,0,Outbound,Demo,No Show,1,,,0,False
6101,1752,2,2023-04-02T11:15:00,15,Outbound,Technical Deep Dive,Rescheduled,1,,,0,False
6102,468,12,2023-12-18T09:00:00,33,Outbound,Discovery,Completed,8,0.75,199,3,True
6103,3194,11,2024-10-31T15:15:00,50,Inbound,Negotiation,Completed,5,0.67,230,10,False
6104,2586,16,2024-06-20T10:15:00,45,Outbound,Technical Deep Dive,Completed,5,0.68,65,5,False
6105,3810,16,2024-12-20T11:30:00,42,Inbound,Check-In,Completed,7,0.46,130,14,False
6106,1829,15,2024-12-17T15:15:00,15,Inbound,Follow-Up,Completed,4,0.51,114,13,True
6107,3341,2,2021-09-10T10:15:00,40,Outbound,Negotiation,Completed,5,0.62,100,24,False
6108,634,6,2030-06-15T10:00:00,29,Inbound,Follow-Up,Completed,3,0.67,192,11,False
6109,4961,1,2024-04-18T14:45:00,34,Outbound,Check-In,Completed,8,0.31,122,12,False
6110,4584,16,2024-12-15T17:00:00,60,Inbound,Technical Deep Dive,Completed,8,0.42,62,4,True
6111,488,13,2024-06-02T12:00:00,25,Outbound,Negotiation,Completed,2,0.69,236,4,False
6112,2962,16,2024-10-30T13:00:00,55,Outbound,Follow-Up,Completed,6,0.57,107,8,True
6113,4231,10,2024-06-27T16:15:00,46,Inbound,Demo,Completed,6,0.54,86,16,True
6114,1088,7,2024-12-19T11:00:00,0,Inbound,Check-In,No Show,1,,,0,False
6115,3689,13,2021-09-14T15:15:00,22,Outbound,Discovery,Completed,5,0.41,59,12,False
6116,2308,9,2022-09-04T11:00:00,39,Outbound,Technical Deep Dive,Completed,6,0.68,197,10,False
6117,2270,13,2024-09-27T17:00:00,51,Outbound,Demo,Completed,3,0.49,132,2,True
6118,3917,8,2024-05-12T16:00:00,0,Inbound,Negotiation,No Show,1,,,0,False
6119,2293,8,2024-12-29T10:00:00,54,Outbound,Discovery,Completed,8,0.53,100,18,True
6120,4997,7,2024-12-05T08:30:00,16,Outbound,Check-In,Completed,7,0.66,95,15,False
6121,1976,4,2024-08-01T15:30:00,50,Inbound,Discovery,Completed,2,0.35,181,9,True
6122,3163,6,2024-12-16T09:45:00,60,Outbound,Technical Deep Dive,Completed,4,0.58,43,10,False
6123,4242,11,2022-10-06T15:15:00,55,Outbound,Follow-Up,Completed,3,0.6,189,12,False
6124,4340,4,2021-07-14T12:45:00,55,Outbound,QBR,Completed,6,0.69,171,4,False
6125,186,8,2024-12-03T14:00:00,48,Outbound,QBR,Completed,8,0.44,67,12,False
6126,92,14,2030-06-15T10:00:00,60,Outbound,Demo,Completed,7,0.75,83,10,False
6127,4408,8,2023-09-16T12:45:00,51,Inbound,Negotiation,Completed,8,0.41,127,19,False
6128,173,7,2023-05-17T12:30:00,42,Outbound,QBR,Completed,8,0.48,38,20,False
6129,2322,6,2023-09-16T11:15:00,33,Inbound,Discovery,Rescheduled,1,,,0,False
6130,3685,10,2023-12-22T11:45:00,50,Outbound,Follow-Up,Completed,8,0.55,169,13,False
6131,1413,8,2024-11-16T14:45:00,1,Outbound,QBR,Voicemail,1,,,0,False
6132,4335,10,2024-12-26T15:30:00,20,Outbound,Follow-Up,Completed,8,0.67,48,11,False
6133,2580,15,2024-12-04T09:45:00,37,Inbound,QBR,Completed,6,0.46,114,4,False
6134,3859,12,2022-04-01T09:45:00,21,Inbound,Check-In,Completed,5,0.41,124,4,True
6135,816,1,2024-08-04T10:30:00,60,Inbound,Negotiation,Completed,4,1.07,233,16,True
6136,4495,1,2023-02-09T16:30:00,45,Outbound,Technical Deep Dive,Completed,3,0.32,200,24,True
6137,232,7,2024-12-10T11:15:00,1,Outbound,QBR,Voicemail,1,,,0,False
6138,721,9,2023-09-17T13:00:00,31,Outbound,Technical Deep Dive,Completed,4,0.47,69,13,False
6139,1001,4,2024-12-20T11:45:00,35,Outbound,QBR,Completed,3,0.78,214,5,False
6140,849,6,2024-03-21T10:00:00,0,Outbound,Follow-Up,No Show,1,,,0,False
6141,1530,16,2024-12-01T15:30:00,30,Inbound,Negotiation,Completed,2,0.41,50,4,True
6142,3088,1,2022-12-07T13:45:00,31,Outbound,Discovery,Completed,7,0.44,126,18,True
6143,1261,16,2024-07-26T09:30:00,56,Outbound,QBR,Completed,8,0.6,297,11,False
6144,566,13,2021-07-27T14:30:00,47,Outbound,QBR,Completed,8,0.58,125,9,True
6145,698,16,2030-06-15T10:00:00,17,Outbound,Discovery,Completed,3,0.63,249,3,False
6146,1873,1,2022-10-05T12:45:00,25,Outbound,QBR,Rescheduled,1,,,0,False
6147,1377,14,2024-12-31T14:30:00,46,Outbound,Demo,Completed,8,0.45,95,9,True
6148,409,14,2024-06-24T08:45:00,16,Outbound,Follow-Up,Completed,6,0.59,217,10,False
6149,157,3,2024-05-17T14:30:00,33,Outbound,Technical Deep Dive,Completed,5,0.36,151,10,True
6150,657,12,2024-08-03T12:00:00,27,Outbound,Discovery,Completed,3,0.56,175,19,False
6151,1500,13,2023-10-24T14:30:00,40,Outbound,Technical Deep Dive,Completed,4,0.56,57,9,True
6152,4252,10,2024-03-29T11:00:00,3,Outbound,Negotiation,Voicemail,1,,,0,False
6153,4477,16,2024-06-04T11:30:00,43,Outbound,Check-In,Completed,7,0.88,221,3,True
6154,4799,2,2020-10-15T11:15:00,0,Inbound,Demo,No Show,1,,,0,False
6155,954,13,2023-08-18T12:30:00,24,Inbound,Follow-Up,Completed,2,0.6,134,8,True
6156,4310,6,2024-10-17T12:15:00,51,Outbound,Follow-Up,Completed,6,0.46,126,11,True
6157,1880,11,2024-11-30T11:30:00,17,Inbound,Negotiation,Completed,4,0.55,87,13,False
6158,1172,9,2024-10-16T09:15:00,24,Outbound,QBR,Completed,5,0.72,172,8,False
6159,3818,9,2024-11-23T11:15:00,1,Outbound,Technical Deep Dive,Voicemail,1,,,0,False
6160,2008,11,2022-01-27T09:45:00,48,Outbound,QBR,Rescheduled,1,,,0,False
6161,2822,5,2022-03-13T09:30:00,43,Outbound,QBR,Completed,8,0.45,50,5,False
6162,3649,9,2024-09-17T13:45:00,1,Outbound,QBR,Voicemail,1,,,0,False
6163,4244,2,2024-03-07T17:45:00,40,Outbound,Demo,Completed,2,1.17,144,9,True
6164,2095,11,2024-12-15T16:00:00,,Outbound,Check-In,Completed,7,0.42,97,4,True
6165,4725,8,2024-12-26T14:00:00,32,Outbound,Discovery,Completed,3,0.43,233,11,True
6166,2499,8,2023-08-30T17:00:00,56,Outbound,Discovery,Completed,8,0.64,231,11,True
6167,905,5,2024-11-21T12:15:00,17,Outbound,Discovery,Completed,5,0.84,60,9,False
6168,3852,13,2023-06-18T16:00:00,35,Inbound,Check-In,Completed,2,0.6,143,8,False
6169,3446,12,2024-05-18T12:45:00,2,Outbound,Demo,Voicemail,1,,,0,False
6170,606,14,2024-04-30T11:45:00,0,Outbound,Follow-Up,No Show,1,,,0,False
6171,1996,4,2024-12-29T13:45:00,16,Outbound,Check-In,Completed,3,0.55,95,6,False
6172,1581,2,2023-04-18T14:45:00,45,Inbound,Discovery,Completed,6,0.35,225,20,True
6173,598,13,2024-10-06T11:15:00,21,Outbound,Follow-Up,Completed,8,0.73,52,10,True
6174,1481,15,2024-07-04T16:15:00,21,Inbound,Check-In,Rescheduled,1,,,0,False
6175,2071,5,2022-08-30T13:30:00,28,Outbound,Follow-Up,Completed,2,0.8,81,12,True
6176,2524,15,2024-12-25T15:00:00,38,Inbound,QBR,Completed,3,0.69,104,15,False
6177,780,14,2024-12-18T12:45:00,0,Outbound,Demo,No Show,1,,,0,False
6178,580,3,2024-10-03T15:30:00,19,Inbound,Follow-Up,Completed,6,0.4,79,7,True
6179,3005,11,2024-12-23T13:00:00,32,Inbound,QBR,Completed,7,0.43,155,9,True
6180,337,2,2024-07-19T11:45:00,60,Outbound,Demo,Completed,3,0.3,133,20,True
6181,3589,6,2023-05-07T15:30:00,46,Outbound,Discovery,Completed,6,0.6,110,19,False
6182,380,9,2020-12-01T17:15:00,32,Outbound,Discovery,Rescheduled,1,,,0,False
6183,4514,13,2024-10-01T16:00:00,56,Outbound,Technical Deep Dive,Completed,8,0.59,264,7,False
6184,2570,4,2024-11-04T13:00:00,43,Outbound,Follow-Up,Rescheduled,1,,,0,False
6185,3700,8,2024-12-04T13:00:00,57,Outbound,Follow-Up,Completed,3,0.45,136,20,True
6186,4750,3,2024-11-23T14:00:00,39,Outbound,Check-In,Completed,7,0.46,173,24,True
6187,4286,10,2024-11-16T14:15:00,20,Inbound,Discovery,Completed,7,0.69,55,11,True
6188,165,10,2024-12-14T12:15:00,33,Outbound,Check-In,Completed,7,0.8,62,1,False
6189,2808,1,2024-04-27T17:00:00,0,Inbound,Check-In,No Show,1,,,0,False
6190,165,16,2024-10-28T16:15:00,20,Outbound,Check-In,Completed,7,0.44,187,16,True
6191,335,7,2024-11-18T09:00:00,58,Outbound,Follow-Up,Completed,8,0.52,30,17,True
6192,473,2,2024-10-08T13:15:00,29,Outbound,Demo,Completed,8,0.46,128,6,True
6193,3818,9,2024-12-28T12:15:00,56,Inbound,Negotiation,Rescheduled,1,,,0,False
6194,3505,14,2024-12-22T15:15:00,19,Outbound,Negotiation,Completed,4,0.47,92,9,False
6195,952,7,2024-06-28T11:30:00,55,Inbound,QBR,Completed,5,0.55,207,5,True
6196,1546,2,2024-11-26T12:15:00,22,Outbound,Check-In,Completed,2,0.53,95,6,True
6197,2442,4,2023-08-13T11:30:00,53,Outbound,Check-In,Completed,8,0.61,215,15,True
6198,4454,15,2030-06-15T10:00:00,38,Outbound,Technical Deep Dive,Completed,4,0.63,103,10,True
6199,2036,10,2023-06-27T15:15:00,,Inbound,QBR,No Show,1,,,0,False
6200,205,9,2024-03-14T13:00:00,30,Inbound,Follow-Up,Completed,5,0.87,132,3,False
6201,1378,16,2024-09-11T16:30:00,37,Outbound,Discovery,Rescheduled,1,,,0,False
6202,398,6,2022-02-20T10:30:00,,Outbound,Technical Deep Dive,Completed,5,0.4,190,16,True
6203,3594,7,2023-08-16T16:00:00,57,Outbound,Negotiation,Completed,6,0.45,81,15,False
6204,4472,5,2024-12-25T09:45:00,37,Outbound,Discovery,Completed,7,0.6,88,10,False
6205,1752,2,2023-04-19T10:45:00,60,Inbound,QBR,Completed,6,1.37,143,20,False
6206,977,12,2023-11-14T16:00:00,24,Outbound,Demo,Rescheduled,1,,,0,False
6207,4031,8,2024-12-17T10:30:00,25,Outbound,Discovery,Completed,5,1.1,197,5,True
6208,3112,3,2022-06-12T14:30:00,33,Outbound,Negotiation,Rescheduled,1,,,0,False
6209,3437,2,2024-07-26T15:45:00,,Outbound,Technical Deep Dive,Completed,2,0.48,200,6,True
6210,2321,4,2024-12-18T15:45:00,20,Inbound,Demo,Completed,3,0.42,113,5,False
6211,2448,4,2023-11-18T13:45:00,0,Inbound,Follow-Up,No Show,1,,,0,False
6212,4575,8,2030-06-15T10:00:00,37,Inbound,Demo,Completed,5,0.65,124,16,False
6213,2856,6,2023-11-02T15:00:00,41,Inbound,Discovery,Completed,8,0.39,202,7,True
6214,1194,2,2023-02-07T09:00:00,31,Inbound,QBR,Rescheduled,1,,,0,False
6215,1164,7,2024-10-08T12:45:00,3,Inbound,Follow-Up,Voicemail,1,,,0,False
6216,2708,1,2024-11-07T14:30:00,50,Outbound,Demo,Completed,5,0.62,228,19,False
6217,720,8,2024-04-29T12:30:00,23,Outbound,Negotiation,Completed,5,0.5,100,7,False
6218,1567,5,2021-01-12T11:00:00,16,Inbound,Discovery,Completed,5,0.55,171,16,True
6219,2408,9,2024-12-10T09:15:00,31,Outbound,Demo,Completed,6,0.76,57,6,False
6220,2976,7,2023-01-11T12:15:00,54,Outbound,Check-In,Completed,2,0.63,123,10,False
6221,2735,4,2021-11-03T16:15:00,50,Outbound,Discovery,Completed,5,0.42,114,11,False
6222,1528,14,2022-11-23T15:00:00,26,Inbound,Technical Deep Dive,Completed,5,0.77,135,13,True
6223,2628,14,2024-11-19T13:45:00,20,Inbound,QBR,Rescheduled,1,,,0,False
6224,480,10,2024-07-31T12:30:00,0,Outbound,Discovery,No Show,1,,,0,False
6225,2580,15,2024-12-23T14:00:00,25,Outbound,Negotiation,Rescheduled,1,,,0,False
6226,2663,14,2024-12-08T17:45:00,38,Outbound,Negotiation,Completed,5,0.54,41,7,False
6227,2805,14,2024-10-02T12:45:00,60,Outbound,Discovery,Completed,6,0.85,260,6,False
6228,2118,8,2024-08-26T16:30:00,29,Outbound,Demo,Completed,7,0.76,70,11,False
6229,2427,13,2024-12-02T14:45:00,51,Outbound,Discovery,Completed,8,0.78,284,5,False
6230,2750,9,2024-10-30T11:15:00,54,Outbound,QBR,Completed,7,0.6,206,9,False
6231,1409,1,2023-10-08T09:45:00,33,Outbound,Technical Deep Dive,Completed,2,0.32,227,10,True
6232,3705,16,2024-10-28T12:15:00,28,Outbound,Discovery,Completed,5,0.41,75,12,True
6233,2084,15,2030-06-15T10:00:00,30,Outbound,Demo,Completed,6,0.61,74,3,True
6234,4890,5,2023-09-30T11:30:00,51,Outbound,Technical Deep Dive,Completed,6,0.59,186,20,True
6235,4959,15,2024-12-03T11:00:00,43,Outbound,Technical Deep Dive,Completed,2,0.61,79,2,False
6236,1801,3,2024-12-24T16:30:00,51,Outbound,Demo,Completed,4,0.34,227,4,False
6237,2226,10,2024-12-12T16:30:00,53,Inbound,Negotiation,Completed,6,0.49,201,5,True
6238,4220,2,2024-03-21T10:45:00,,Outbound,Check-In,Completed,3,0.37,133,19,False
6239,4043,2,2023-12-23T17:45:00,31,Inbound,Negotiation,Completed,3,0.39,81,6,False
6240,1198,9,2023-05-23T13:30:00,50,Outbound,Follow-Up,Completed,4,0.44,222,16,True
6241,4144,16,2024-12-22T16:15:00,58,Outbound,Negotiation,Completed,2,0.67,164,9,False
6242,2744,6,2024-12-02T16:00:00,0,Inbound,Demo,No Show,1,,,0,False
6243,2823,13,2024-12-09T12:45:00,0,Outbound,Check-In,No Show,1,,,0,False
6244,1751,8,2023-09-18T11:30:00,49,Outbound,Follow-Up,Completed,7,0.55,236,13,True
6245,1605,3,2024-12-27T16:00:00,27,Outbound,Follow-Up,Completed,8,0.63,143,16,True
6246,1905,13,2024-12-14T11:00:00,27,Outbound,Technical Deep Dive,Completed,7,0.62,59,5,True
6247,3435,12,2024-09-07T14:30:00,36,Inbound,Demo,Completed,7,0.59,230,3,False
6248,4895,15,2024-12-04T09:00:00,32,Outbound,Negotiation,Completed,8,0.69,70,3,False
6249,4491,8,2024-12-27T15:00:00,16,Outbound,QBR,Rescheduled,1,,,0,False
6250,2675,11,2021-09-10T15:15:00,,Outbound,Check-In,Completed,3,0.73,89,9,False
6251,4890,5,2024-01-21T11:45:00,58,Outbound,Demo,Completed,2,0.6,58,19,False
6252,4716,12,2024-05-06T13:30:00,21,Outbound,Check-In,Completed,8,0.58,258,9,True
6253,1858,9,2022-04-12T10:00:00,27,Outbound,Negotiation,Completed,2,0.64,191,10,False
6254,986,7,2024-11-20T15:00:00,25,Outbound,Check-In,Completed,8,0.63,35,20,True
6255,4686,6,2023-08-30T16:30:00,2,Outbound,Demo,Voicemail,1,,,0,False
6256,1245,2,2024-11-24T11:30:00,1,Outbound,QBR,Voicemail,1,,,0,False
6257,1607,16,2030-06-15T10:00:00,0,Outbound,Discovery,No Show,1,,,0,False
6258,285,8,2023-12-25T12:45:00,1,Outbound,QBR,Voicemail,1,,,0,False
6259,871,12,2024-02-22T08:45:00,26,Outbound,Negotiation,Rescheduled,1,,,0,False
6260,4190,6,2023-04-09T09:00:00,41,Outbound,Technical Deep Dive,Completed,7,0.58,146,11,False
6261,1405,4,2024-07-25T15:00:00,50,Outbound,Check-In,Completed,3,0.59,131,14,False
6262,352,12,2021-09-02T14:00:00,54,Outbound,Technical Deep Dive,Completed,2,0.68,169,11,True
6263,4982,5,2024-03-18T09:15:00,52,Outbound,Technical Deep Dive,Completed,8,1.28,164,5,False
6264,3505,14,2024-12-07T10:45:00,28,Inbound,QBR,Completed,6,0.61,227,11,False
6265,4635,6,2023-08-24T15:00:00,56,Outbound,Discovery,Completed,4,0.59,229,8,True
6266,1086,15,2024-09-07T14:45:00,-26,Outbound,QBR,Completed,7,0.66,272,12,False
6267,4973,14,2024-12-01T14:30:00,31,Outbound,Discovery,Completed,4,0.6,117,12,False
6268,3534,14,2022-05-08T14:00:00,-54,Outbound,QBR,Completed,6,1.1,146,6,True
6269,172,13,2024-12-11T13:30:00,16,Outbound,Technical Deep Dive,Completed,6,0.71,108,14,False
6270,3973,3,2024-07-24T15:45:00,46,Outbound,Discovery,Completed,4,1.1,109,10,False
6271,209,12,2023-07-04T13:45:00,27,Outbound,Negotiation,Completed,3,0.56,179,14,False
6272,3967,9,2023-01-01T14:30:00,0,Outbound,Follow-Up,No Show,1,,,0,False
6273,1441,8,2024-04-28T11:30:00,54,Inbound,Check-In,Completed,2,0.74,60,3,False
6274,4211,12,2024-07-11T15:00:00,0,Outbound,Technical Deep Dive,No Show,1,,,0,False
6275,4572,1,2024-08-28T14:45:00,59,Outbound,Negotiation,Completed,7,0.53,167,19,True
6276,2862,9,2023-05-23T13:15:00,53,Outbound,Check-In,Rescheduled,1,,,0,False
6277,4490,16,2024-10-16T09:45:00,43,Inbound,QBR,Completed,4,0.71,122,9,True
6278,3325,13,2024-12-03T12:45:00,30,Outbound,Technical Deep Dive,Rescheduled,1,,,0,False
6279,3475,11,2024-12-21T12:00:00,26,Outbound,Technical Deep Dive,Completed,4,0.62,54,3,True
6280,1895,2,2030-06-15T10:00:00,51,Inbound,Demo,Completed,6,0.64,146,21,True
6281,3376,6,2024-04-29T11:30:00,40,Inbound,Discovery,Rescheduled,1,,,0,False
6282,3265,5,2023-07-25T14:15:00,38,Inbound,Technical Deep Dive,Completed,2,0.62,116,20,True
6283,4431,15,2023-02-23T12:45:00,22,Outbound,Negotiation,Completed,3,0.58,62,6,False
6284,4817,1,2024-01-28T08:00:00,47,Inbound,Demo,Completed,3,0.39,79,19,True
6285,224,9,2024-12-07T15:45:00,0,Inbound,Discovery,No Show,1,,,0,False
6286,3615,7,2024-01-08T16:15:00,27,Outbound,Check-In,Completed,5,0.59,127,6,False
6287,4862,3,2023-12-07T10:00:00,27,Outbound,Discovery,Completed,2,0.46,65,10,False
6288,2098,3,2024-05-02T17:15:00,,Outbound,Technical Deep Dive,Completed,8,0.5,78,18,False
6289,4125,5,2024-10-24T14:30:00,34,Outbound,Technical Deep Dive,Completed,3,0.73,41,12,False
6290,3417,14,2023-11-17T14:30:00,20,Outbound,Discovery,Rescheduled,1,,,0,False
6291,2288,4,2023-09-01T13:00:00,-51,Inbound,Negotiation,Completed,5,0.69,214,10,False
6292,2477,1,2024-01-09T08:15:00,34,Outbound,Follow-Up,Completed,7,0.45,97,13,True
6293,2016,5,2024-12-05T10:00:00,57,Outbound,Check-In,Completed,6,0.66,90,11,False
6294,3896,15,2024-12-11T15:15:00,,Outbound,Technical Deep Dive,No Show,1,,,0,False
6295,22,11,2024-12-24T16:30:00,15,Outbound,Demo,Completed,2,0.4,49,17,False
6296,1486,4,2024-12-23T11:00:00,56,Outbound,Discovery,Rescheduled,1,,,0,False
6297,3132,16,2024-11-29T09:45:00,48,Outbound,Demo,Completed,3,0.76,127,8,False
6298,3829,6,2024-07-24T12:15:00,3,Outbound,Check-In,Voicemail,1,,,0,False
6299,4396,14,2023-07-27T13:15:00,59,Outbound,Follow-Up,Completed,8,1.11,129,13,False
6300,4756,4,2023-11-03T15:00:00,56,Inbound,Follow-Up,Completed,2,0.37,132,5,False
6301,683,8,2024-12-18T13:15:00,,Outbound,Follow-Up,Completed,5,0.63,173,12,False
6302,1678,8,2022-10-26T10:30:00,33,Outbound,Check-In,Rescheduled,1,,,0,False
6303,507,6,2024-11-22T16:00:00,56,Inbound,Negotiation,Completed,8,0.39,56,8,False
6304,4188,15,2024-11-26T08:15:00,55,Outbound,Discovery,Completed,5,0.41,90,11,False
6305,3157,13,2024-08-17T14:15:00,26,Outbound,Technical Deep Dive,Completed,3,0.76,160,12,True
6306,1001,4,2024-12-04T09:30:00,38,Outbound,Negotiation,Completed,3,1.27,120,10,False
6307,254,9,2023-08-21T11:15:00,17,Outbound,Follow-Up,Completed,2,0.87,35,9,True
6308,1267,11,2021-12-02T12:00:00,26,Outbound,Follow-Up,Completed,7,0.64,235,11,False
6309,720,10,2023-03-08T14:15:00,42,Inbound,Discovery,Completed,6,0.65,150,15,True
6310,4226,9,2021-10-11T10:15:00,16,Outbound,Demo,Completed,7,0.7,101,8,False
6311,126,15,2024-12-28T12:45:00,50,Outbound,Discovery,Completed,8,0.42,172,6,False
6312,3308,9,2023-01-26T16:00:00,23,Outbound,QBR,Rescheduled,1,,,0,False
6313,3246,14,2023-09-11T15:45:00,35,Outbound,QBR,Completed,2,0.73,54,6,False
6314,1571,5,2024-08-16T16:45:00,0,Inbound,QBR,No Show,1,,,0,False
6315,2169,11,2024-09-17T15:30:00,28,Outbound,Demo,Completed,3,0.47,125,4,False
6316,557,7,2024-08-11T09:30:00,29,Inbound,Check-In,Completed,6,0.57,259,13,False
6317,1812,12,2024-06-15T13:15:00,19,Outbound,Demo,Completed,8,0.71,49,13,True
6318,1430,5,2023-07-30T14:30:00,36,Outbound,Discovery,Completed,7,0.49,164,16,False
6319,571,5,2023-04-19T12:15:00,42,Outbound,Follow-Up,Completed,4,0.5,192,10,True
6320,855,12,2024-08-25T12:15:00,54,Outbound,Demo,Completed,5,0.67,78,4,False
6321,1842,12,2024-09-04T11:15:00,18,Outbound,QBR,Completed,6,0.7,140,12,False
6322,59,1,2024-12-15T11:15:00,0,Outbound,Demo,No Show,1,,,0,False
6323,4837,13,2024-11-30T12:45:00,41,Outbound,Technical Deep Dive,Rescheduled,1,,,0,False
6324,4320,6,2022-05-01T12:30:00,35,Inbound,Negotiation,Completed,3,0.56,213,11,False
6325,4353,1,2023-06-22T17:00:00,54,Inbound,QBR,Rescheduled,1,,,0,False
6326,1305,16,2024-12-26T09:00:00,43,Outbound,Demo,Completed,4,0.68,282,3,False
6327,2280,13,2021-12-10T14:00:00,54,Outbound,Follow-Up,Completed,6,0.77,133,14,True
6328,723,13,2024-07-22T09:15:00,43,Outbound,Follow-Up,Completed,4,0.47,177,2,False
6329,885,5,2022-11-01T15:00:00,32,Inbound,Technical Deep Dive,Completed,8,0.46,170,8,True
6330,4394,16,2024-12-16T14:15:00,44,Inbound,QBR,Rescheduled,1,,,0,False
6331,2359,16,2024-12-06T15:30:00,56,Inbound,QBR,Completed,7,0.68,99,11,False
6332,4083,7,2023-12-19T14:45:00,35,Outbound,Negotiation,Completed,7,0.6,147,13,True
6333,1964,7,2024-12-31T14:00:00,59,Inbound,Discovery,Completed,4,0.58,99,4,False
6334,3358,12,2023-05-17T13:15:00,46,Inbound,Follow-Up,Completed,3,0.5,134,18,False
6335,3246,14,2023-12-23T14:00:00,47,Outbound,Demo,Completed,8,0.87,290,9,True
6336,2636,3,2022-10-04T14:15:00,47,Outbound,Follow-Up,Completed,2,0.51,161,16,False
6337,2659,6,2024-12-03T12:00:00,48,Outbound,Negotiation,Completed,6,0.69,104,11,False
6338,1288,11,2024-12-07T12:30:00,24,Inbound,Technical Deep Dive,Completed,8,0.53,87,9,True
6339,1642,13,2024-05-02T12:00:00,0,Inbound,Technical Deep Dive,No Show,1,,,0,False
6340,1592,10,2022-07-11T12:30:00,34,Outbound,QBR,Completed,2,0.45,85,17,False
6341,2638,16,2024-12-06T11:15:00,2,Inbound,Technical Deep Dive,Voicemail,1,,,0,False
6342,4280,9,2023-08-14T14:30:00,3,Outbound,Technical Deep Dive,Voicemail,1,,,0,False
6343,3608,11,2024-09-12T12:30:00,17,Outbound,Technical Deep Dive,Completed,5,0.72,220,6,True
6344,2445,16,2030-06-15T10:00:00,39,Outbound,QBR,Completed,8,0.42,218,10,False
6345,273,2,2024-12-25T12:00:00,16,Outbound,Technical Deep Dive,Completed,2,0.64,162,16,True
6346,4330,5,2022-10-31T15:30:00,15,Outbound,QBR,Completed,8,0.64,120,13,False
6347,696,5,2024-07-10T09:00:00,33,Outbound,Discovery,Completed,8,0.56,157,5,True
6348,3499,16,2024-12-27T13:30:00,25,Outbound,Discovery,Completed,4,0.7,87,12,False
6349,2418,3,2024-08-04T11:15:00,35,Outbound,QBR,Completed,5,0.54,33,20,True
6350,3237,11,2023-02-22T13:00:00,45,Outbound,Demo,Completed,3,0.39,65,12,False
6351,879,8,2023-10-02T12:15:00,36,Outbound,Follow-Up,Completed,8,0.62,298,6,True
6352,1842,12,2024-09-21T14:15:00,46,Inbound,Check-In,Completed,6,0.65,265,1,False
6353,4978,15,2024-08-18T10:00:00,52,Inbound,QBR,Completed,4,0.7,211,3,False
6354,1843,1,2023-06-19T12:00:00,0,Outbound,QBR,No Show,1,,,0,False
6355,429,6,2024-02-21T09:30:00,27,Outbound,Negotiation,Completed,8,0.52,90,11,True
6356,2482,11,2024-12-04T13:00:00,47,Outbound,Demo,Completed,2,0.47,148,14,True
6357,3247,1,2021-08-24T13:15:00,51,Outbound,Discovery,Completed,3,0.38,220,19,True
6358,4871,15,2024-09-14T12:15:00,17,Inbound,Check-In,Rescheduled,1,,,0,False
6359,3265,5,2023-06-15T09:00:00,53,Outbound,Check-In,Completed,4,0.67,79,9,False
6360,4375,3,2022-06-30T14:15:00,34,Inbound,Demo,Completed,5,0.44,37,10,True
6361,4736,15,2024-10-16T13:00:00,20,Outbound,Check-In,Completed,2,1.24,184,9,True
6362,3315,16,2024-12-25T15:15:00,30,Inbound,Demo,Rescheduled,1,,,0,False
6363,1450,5,2024-09-10T13:45:00,0,Outbound,Negotiation,No Show,1,,,0,False
6364,2903,5,2023-02-24T13:45:00,,Inbound,Technical Deep Dive,Completed,3,1.04,44,12,True
6365,3777,9,2024-08-19T11:00:00,,Outbound,Technical Deep Dive,No Show,1,,,0,False
6366,2106,3,2023-10-27T12:00:00,19,Outbound,Negotiation,Completed,2,0.64,47,16,False
6367,1907,15,2024-12-18T11:30:00,38,Outbound,Technical Deep Dive,Rescheduled,1,,,0,False
6368,1512,9,2024-12-16T11:45:00,28,Outbound,Technical Deep Dive,Completed,4,0.53,83,11,False
6369,3861,1,2022-05-25T12:30:00,0,Outbound,Negotiation,No Show,1,,,0,False
6370,814,15,2024-12-04T11:30:00,48,Outbound,Check-In,Completed,7,0.51,232,12,False
6371,16,9,2024-06-07T10:15:00,25,Inbound,Demo,Completed,4,0.43,120,10,False
6372,463,10,2024-09-26T11:45:00,58,Inbound,Follow-Up,Completed,3,0.47,214,3,False
6373,3672,14,2030-06-15T10:00:00,-2,Outbound,Demo,Voicemail,1,,,0,False
6374,848,4,2022-09-03T12:15:00,20,Outbound,Demo,Completed,8,0.56,54,9,False
6375,2826,8,2022-12-04T09:30:00,45,Outbound,Discovery,Completed,5,0.49,228,6,True
6376,121,1,2024-12-03T14:45:00,36,Inbound,Check-In,Completed,6,0.27,118,27,True
6377,3244,13,2030-06-15T10:00:00,39,Outbound,Negotiation,Completed,3,0.6,95,9,True
6378,654,3,2022-03-26T10:00:00,15,Outbound,Follow-Up,Completed,3,0.32,155,10,False
6379,4926,7,2024-12-19T12:15:00,0,Outbound,Discovery,No Show,1,,,0,False
6380,4429,15,2024-12-07T16:30:00,40,Inbound,QBR,Completed,4,0.58,186,4,False
6381,60,10,2024-10-14T10:15:00,-20,Outbound,Check-In,Rescheduled,1,,,0,False
6382,2527,13,2023-07-17T13:30:00,47,Inbound,Discovery,Completed,6,0.91,268,2,True
6383,43,14,2024-12-08T11:00:00,21,Inbound,Technical Deep Dive,Completed,7,0.53,208,3,False
6384,3319,16,2024-12-31T11:30:00,41,Inbound,Negotiation,Completed,3,0.45,104,6,False
6385,3047,13,2024-04-23T15:45:00,16,Outbound,Discovery,Completed,7,0.61,35,7,True
6386,1230,7,2021-10-18T13:15:00,0,Outbound,Demo,No Show,1,,,0,False
6387,4672,16,2024-07-20T09:15:00,35,Outbound,Negotiation,Completed,4,0.56,277,11,False
6388,2601,13,2024-03-21T16:15:00,50,Outbound,Technical Deep Dive,Completed,4,0.48,157,16,True
6389,2926,4,2024-02-13T09:30:00,26,Outbound,Technical Deep Dive,Completed,7,0.42,64,20,True
6390,4960,2,2023-10-25T10:45:00,58,Outbound,Discovery,Rescheduled,1,,,0,False
6391,1979,13,2024-09-17T13:00:00,34,Outbound,Follow-Up,Rescheduled,1,,,0,False
6392,4432,7,2024-07-12T14:30:00,20,Outbound,Follow-Up,Completed,2,0.52,45,8,True
6393,4381,7,2023-11-14T14:15:00,26,Inbound,Discovery,Completed,6,0.36,35,9,True
6394,356,12,2024-12-20T12:45:00,34,Outbound,Technical Deep Dive,Completed,4,0.6,164,12,False
6395,4162,2,2024-11-19T12:15:00,47,Outbound,Follow-Up,Completed,6,0.65,40,16,True
6396,312,7,2024-12-16T10:45:00,49,Outbound,Check-In,Completed,2,0.51,90,17,False
6397,1193,8,2024-12-05T10:30:00,50,Outbound,Follow-Up,Completed,4,0.5,168,15,False
6398,2314,2,2024-12-25T09:15:00,0,Inbound,Follow-Up,No Show,1,,,0,False
6399,2881,3,2024-09-28T13:00:00,23,Outbound,Negotiation,Completed,5,0.73,292,9,True
6400,4777,5,2024-12-13T13:30:00,59,Outbound,Demo,Completed,8,0.5,216,17,True
6401,2651,16,2024-12-13T09:30:00,18,Outbound,Check-In,Completed,4,0.68,116,4,False
6402,479,3,2024-12-29T13:00:00,25,Inbound,Demo,Completed,5,0.45,177,19,True
6403,4372,2,2024-12-25T10:15:00,0,Outbound,Discovery,No Show,1,,,0,False
6404,1451,11,2023-08-16T08:15:00,3,Outbound,QBR,Voicemail,1,,,0,False
6405,4062,10,2022-05-07T13:45:00,17,Outbound,Discovery,Rescheduled,1,,,0,False
6406,1911,6,2024-02-10T09:30:00,30,Outbound,QBR,Completed,3,0.43,30,9,True
6407,3461,1,2022-06-17T09:45:00,25,Outbound,Technical Deep Dive,Rescheduled,1,,,0,False
6408,1960,13,2023-10-16T12:00:00,30,Inbound,Negotiation,Rescheduled,1,,,0,False
6409,3895,2,2023-09-07T13:30:00,46,Outbound,QBR,Completed,4,0.42,121,7,False
6410,2849,10,2024-12-06T14:00:00,0,Inbound,QBR,No Show,1,,,0,False
6411,1404,6,2024-12-17T17:15:00,58,Outbound,Negotiation,Completed,8,0.4,76,14,True
6412,2978,12,2024-05-18T10:15:00,50,Inbound,Technical Deep Dive,Completed,4,0.49,151,9,False
6413,3647,1,2022-06-26T10:00:00,53,Inbound,Check-In,Completed,5,0.45,199,24,True
6414,1285,5,2024-11-16T16:45:00,42,Outbound,Demo,Completed,4,0.57,71,8,False
6415,3280,1,2024-12-29T16:00:00,54,Outbound,Technical Deep Dive,Completed,4,0.59,43,15,False
6416,3575,14,2024-06-24T11:45:00,59,Inbound,QBR,Completed,6,0.44,220,11,True
6417,2944,13,2024-09-14T16:30:00,23,Inbound,Demo,Completed,3,0.69,150,11,True
6418,3849,11,2023-08-28T14:15:00,3,Outbound,Discovery,Voicemail,1,,,0,False
6419,2508,16,2024-12-26T13:00:00,25,Outbound,Negotiation,Completed,3,0.67,161,8,False
6420,1642,13,2024-03-03T09:15:00,37,Outbound,Discovery,Completed,5,0.76,64,4,False
6421,1515,5,2023-02-04T09:30:00,44,Outbound,Technical Deep Dive,Completed,2,1.27,227,6,True
6422,1597,8,2024-05-04T12:30:00,48,Outbound,Discovery,Completed,7,0.54,63,10,True
6423,3350,16,2024-12-29T14:45:00,48,Outbound,QBR,Completed,5,0.46,219,4,False
6424,1084,8,2021-06-08T16:15:00,55,Inbound,Demo,Completed,4,0.63,113,17,False
6425,1444,13,2024-10-05T10:15:00,26,Inbound,Negotiation,Completed,3,0.47,170,9,True
6426,4552,13,2023-07-31T10:15:00,0,Inbound,Demo,No Show,1,,,0,False
6427,3759,12,2023-12-22T10:30:00,59,Outbound,Discovery,Completed,3,0.66,195,3,True
6428,3232,9,2023-08-23T13:30:00,55,Inbound,Demo,Completed,4,0.71,112,5,True
6429,2543,1,2023-09-23T11:30:00,39,Outbound,Technical Deep Dive,Completed,5,0.64,141,16,True
6430,154,3,2022-05-13T13:30:00,2,Outbound,Demo,Voicemail,1,,,0,False
6431,1256,6,2024-06-17T10:45:00,42,Outbound,Demo,Completed,3,0.68,247,3,False
6432,2823,13,2024-12-07T13:30:00,54,Outbound,Check-In,Completed,4,0.61,223,4,False
6433,3969,9,2022-07-24T17:15:00,35,Outbound,Follow-Up,Completed,8,0.39,34,5,False
6434,1056,16,2024-11-19T17:45:00,25,Outbound,Negotiation,Completed,2,0.49,89,11,False
6435,280,2,2024-05-13T12:00:00,59,Outbound,Negotiation,Completed,3,0.46,260,6,False
6436,4415,9,2024-12-13T12:30:00,18,Inbound,QBR,Completed,2,0.49,45,9,True
6437,2021,16,2024-12-14T13:15:00,42,Outbound,Discovery,Completed,2,0.68,102,4,True
6438,1079,7,2024-12-14T13:15:00,54,Outbound,Negotiation,Completed,4,0.65,71,9,True
6439,4286,10,2024-09-10T15:30:00,44,Inbound,Check-In,Completed,4,0.64,192,15,True
6440,19,1,2021-10-13T09:45:00,49,Outbound,QBR,Completed,5,0.32,151,6,False
6441,92,14,2022-05-21T14:15:00,51,Inbound,Follow-Up,Completed,7,0.6,36,12,True
6442,4010,4,2022-07-26T14:30:00,43,Outbound,Negotiation,Completed,4,0.56,59,8,True
6443,1806,12,2024-08-26T11:15:00,15,Outbound,Discovery,Completed,5,0.65,145,15,False
6444,3023,11,2021-10-09T15:45:00,27,Outbound,Negotiation,Completed,8,1.15,175,18,True
6445,287,3,2024-06-10T15:00:00,41,Outbound,Discovery,Completed,7,0.55,84,4,True
6446,3719,3,2024-12-11T11:15:00,55,Outbound,Discovery,Completed,3,0.34,83,13,True
6447,952,7,2024-08-08T09:45:00,48,Inbound,QBR,Completed,7,0.47,62,9,True
6448,2017,11,2024-08-11T13:15:00,-17,Outbound,Discovery,Completed,2,0.72,144,14,True
6449,4484,10,2023-01-22T12:15:00,39,Inbound,Technical Deep Dive,Rescheduled,1,,,0,False
6450,1346,6,2024-07-08T10:15:00,24,Outbound,Check-In,Rescheduled,1,,,0,False
6451,4960,2,2023-09-01T14:45:00,44,Inbound,Demo,Completed,7,0.45,227,14,False
6452,296,4,2022-06-03T14:15:00,37,Inbound,Demo,Completed,7,0.69,190,12,True
6453,62,8,2024-12-13T09:45:00,1,Outbound,Discovery,Voicemail,1,,,0,False
6454,175,10,2030-06-15T10:00:00,60,Outbound,Demo,Completed,2,0.7,188,13,True
6455,1634,13,2021-09-22T17:15:00,,Inbound,Check-In,Completed,4,0.53,54,13,False
6456,4530,7,2024-04-26T15:45:00,0,Inbound,QBR,No Show,1,,,0,False
6457,728,4,2024-01-13T16:45:00,39,Outbound,Discovery,Completed,3,0.62,116,5,True
6458,179,6,2023-07-28T16:15:00,39,Outbound,Negotiation,Completed,5,0.57,33,2,True
6459,2455,15,2024-11-18T15:45:00,27,Outbound,Demo,Completed,8,0.7,112,3,True
6460,1142,15,2024-11-03T12:45:00,60,Outbound,Discovery,Completed,5,1.42,57,11,False
6461,1884,12,2024-12-14T15:30:00,50,Outbound,Follow-Up,Completed,4,0.71,159,8,False
6462,31,1,2024-12-15T14:45:00,33,Outbound,Follow-Up,Completed,8,0.43,38,14,True
6463,668,1,2023-03-22T13:15:00,35,Outbound,Demo,Completed,7,0.5,137,18,False
6464,362,9,2023-11-11T12:00:00,37,Outbound,Follow-Up,Completed,5,0.53,133,4,True
6465,1630,14,2022-10-10T14:15:00,41,Outbound,Check-In,Rescheduled,1,,,0,False
6466,3670,15,2024-12-06T11:45:00,42,Inbound,Check-In,Completed,7,0.88,169,8,True
6467,1196,2,2023-11-10T14:00:00,43,Outbound,Check-In,Completed,2,0.57,68,8,True
6468,111,8,2024-11-10T14:30:00,43,Inbound,Technical Deep Dive,Completed,7,0.82,177,5,True
6469,3064,5,2024-03-10T10:15:00,40,Outbound,Check-In,Completed,5,0.43,122,18,False
6470,4945,14,2023-06-19T08:15:00,42,Outbound,Discovery,Completed,8,0.73,73,4,True
6471,1988,16,2024-12-25T12:30:00,24,Outbound,Follow-Up,Completed,5,0.74,44,12,False
6472,3220,8,2024-06-06T12:00:00,3,Outbound,Follow-Up,Voicemail,1,,,0,False
6473,3565,13,2022-12-29T09:45:00,45,Inbound,Check-In,Completed,3,0.71,193,10,False
6474,4186,16,2024-03-03T15:45:00,17,Outbound,QBR,Completed,3,0.46,164,16,False
6475,537,16,2024-12-06T11:45:00,27,Inbound,Technical Deep Dive,Rescheduled,1,,,0,False
6476,1783,16,2024-12-11T14:00:00,16,Outbound,Discovery,Completed,4,0.73,104,4,False
6477,4285,1,2023-06-06T09:45:00,,Inbound,Check-In,Rescheduled,1,,,0,False
6478,2377,16,2030-06-15T10:00:00,0,Outbound,Follow-Up,No Show,1,,,0,False
6479,4319,1,2021-08-04T16:00:00,22,Outbound,Check-In,Completed,2,0.52,80,19,True
6480,1124,2,2024-11-29T11:15:00,42,Outbound,Technical Deep Dive,Completed,4,0.39,78,18,False
6481,2137,13,2024-07-05T15:45:00,47,Outbound,Negotiation,Rescheduled,1,,,0,False
6482,2888,7,2021-07-27T09:00:00,18,Inbound,Technical Deep Dive,Completed,5,0.67,66,4,False
6483,2951,3,2023-04-28T17:45:00,3,Outbound,Negotiation,Voicemail,1,,,0,False
6484,2959,5,2024-04-20T13:45:00,48,Outbound,Check-In,Completed,2,0.36,140,15,False
6485,3285,3,2024-09-12T11:30:00,53,Inbound,Negotiation,Completed,7,0.35,122,12,True
6486,1829,15,2024-12-05T10:15:00,51,Outbound,Check-In,Completed,7,0.57,177,8,True
6487,180,8,2024-12-30T14:45:00,30,Inbound,Check-In,Completed,3,0.77,64,15,False
6488,3200,14,2023-09-27T11:45:00,0,Outbound,QBR,No Show,1,,,0,False
6489,2349,3,2024-01-05T15:15:00,32,Outbound,Check-In,Completed,4,0.46,295,14,True
6490,1370,6,2023-12-02T10:00:00,35,Outbound,Demo,Completed,6,0.34,66,18,True
6491,4272,6,2022-08-07T14:45:00,60,Outbound,Demo,Completed,3,0.67,268,11,True
6492,1605,3,2024-12-14T12:45:00,34,Outbound,Discovery,Rescheduled,1,,,0,False
6493,4130,3,2024-01-26T10:45:00,34,Outbound,QBR,Completed,7,0.59,138,8,False
6494,1051,13,2021-12-13T09:30:00,47,Outbound,Demo,Completed,6,0.77,178,2,False
6495,1295,14,2024-03-23T14:30:00,0,Inbound,Technical Deep Dive,No Show,1,,,0,False
6496,2609,6,2023-11-18T14:30:00,34,Outbound,Negotiation,Completed,6,0.6,120,12,True
6497,1384,6,2023-09-14T12:00:00,42,Outbound,Negotiation,Completed,3,0.54,71,8,True
6498,3952,1,2024-09-23T11:45:00,44,Outbound,Negotiation,Completed,3,1.33,218,15,False
6499,3831,4,2022-11-12T13:30:00,60,Outbound,QBR,Completed,4,0.69,229,10,False
6500,1802,11,2024-08-07T10:45:00,0,Outbound,Negotiation,No Show,1,,,0,False
6501,4540,12,2021-03-19T11:45:00,1,Inbound,Negotiation,Voicemail,1,,,0,False
6502,4418,16,2024-12-05T14:45:00,2,Outbound,QBR,Voicemail,1,,,0,False
6503,4974,13,2022-07-19T10:45:00,40,Outbound,QBR,Completed,6,0.53,150,8,False
6504,4295,5,2022-09-02T11:30:00,50,Outbound,Negotiation,Completed,7,0.67,75,13,True
6505,4516,13,2023-08-15T11:00:00,27,Outbound,Negotiation,Rescheduled,1,,,0,False
6506,2398,7,2023-12-10T11:15:00,21,Inbound,Demo,Completed,2,0.68,195,14,False
6507,3888,13,2024-12-10T15:15:00,,Outbound,Negotiation,Completed,4,0.46,74,4,False
6508,4834,16,2024-12-31T17:15:00,21,Outbound,QBR,Completed,2,0.59,233,8,True
6509,2338,9,2023-02-08T12:45:00,15,Outbound,Discovery,Completed,7,0.43,104,13,True
6510,4358,15,2024-12-21T10:30:00,56,Inbound,QBR,Completed,7,0.61,169,15,False
6511,1055,14,2024-12-29T11:00:00,22,Inbound,Demo,Completed,8,0.48,163,7,False
6512,1170,10,2023-05-10T13:15:00,46,Outbound,Technical Deep Dive,Completed,8,0.53,229,7,False
6513,443,3,2024-09-27T14:45:00,46,Outbound,Technical Deep Dive,Rescheduled,1,,,0,False
6514,596,2,2024-08-04T13:15:00,21,Outbound,Discovery,Completed,3,0.42,106,18,False
6515,4970,4,2023-06-26T13:15:00,18,Inbound,Check-In,Rescheduled,1,,,0,False
6516,4622,1,2024-12-12T15:45:00,60,Outbound,QBR,Completed,7,0.46,103,19,False
6517,4713,13,2020-11-23T13:45:00,0,Outbound,Follow-Up,No Show,1,,,0,False
6518,692,5,2024-12-30T17:00:00,19,Outbound,QBR,Completed,5,0.67,208,11,True
6519,760,1,2024-12-22T15:30:00,17,Outbound,Negotiation,Completed,7,0.57,88,24,False
6520,4806,6,2024-03-18T12:30:00,31,Inbound,Follow-Up,Completed,5,0.59,48,14,False
6521,964,14,2024-03-21T15:00:00,20,Outbound,Technical Deep Dive,Completed,5,0.88,130,4,False
6522,2163,4,2024-10-16T14:00:00,-16,Outbound,Discovery,Rescheduled,1,,,0,False
6523,4441,2,2024-11-11T09:15:00,41,Inbound,Technical Deep Dive,Completed,6,0.58,240,9,False
6524,451,5,2023-10-27T15:30:00,38,Outbound,Negotiation,Completed,2,0.44,80,10,False
6525,2670,10,2021-07-13T13:30:00,1,Outbound,QBR,Voicemail,1,,,0,False
6526,4687,13,2024-06-19T15:45:00,41,Outbound,QBR,Completed,5,0.45,114,7,False
6527,1432,10,2023-06-17T11:15:00,,Inbound,Technical Deep Dive,Completed,2,0.63,113,17,True
6528,592,12,2021-07-28T12:15:00,26,Outbound,Follow-Up,Completed,4,0.58,252,11,True
6529,390,1,2021-04-07T11:15:00,15,Outbound,Check-In,Rescheduled,1,,,0,False
6530,4066,3,2022-10-03T10:15:00,19,Outbound,QBR,Completed,4,0.34,64,9,True
6531,748,2,2024-10-29T16:15:00,21,Inbound,Negotiation,Completed,3,0.33,224,20,True
6532,499,14,2024-08-10T11:45:00,20,Outbound,Follow-Up,Completed,8,0.68,116,4,False
6533,4495,1,2023-01-05T15:15:00,20,Outbound,Negotiation,Completed,3,0.38,117,8,False
6534,1403,1,2022-05-16T14:15:00,18,Inbound,Check-In,Rescheduled,1,,,0,False
6535,2902,4,2022-02-25T14:30:00,15,Outbound,Negotiation,Completed,5,0.68,228,10,False
6536,3183,14,2024-12-08T14:30:00,22,Outbound,Negotiation,Completed,3,0.69,107,10,True
6537,3769,8,2024-12-28T10:00:00,35,Outbound,QBR,Completed,3,0.69,96,6,False
6538,4008,6,2024-07-05T08:15:00,55,Outbound,Demo,Completed,3,0.68,145,10,False
6539,2029,1,2024-10-21T14:00:00,57,Outbound,Check-In,Completed,7,1.03,82,12,True
6540,1945,1,2021-08-02T11:45:00,-51,Inbound,QBR,Completed,2,0.56,124,24,True
6541,3388,11,2021-03-12T09:45:00,3,Outbound,Discovery,Voicemail,1,,,0,False
6542,2426,5,2021-06-29T13:00:00,15,Outbound,Check-In,Completed,4,0.62,178,17,True
6543,446,1,2022-07-30T14:00:00,45,Inbound,Check-In,Completed,8,0.62,170,21,False
6544,1538,13,2024-01-26T17:15:00,-18,Inbound,Demo,Rescheduled,1,,,0,False
6545,2080,16,2024-10-14T15:00:00,53,Outbound,Technical Deep Dive,Completed,6,0.69,177,12,True
6546,4239,7,2022-12-28T17:45:00,44,Outbound,Discovery,Completed,2,1.41,166,16,True
6547,2325,16,2024-03-02T15:00:00,29,Outbound,Discovery,Completed,2,0.44,53,16,False
6548,1778,15,2024-05-07T14:45:00,16,Outbound,Negotiation,Completed,7,0.44,88,8,True
6549,2043,13,2021-01-29T09:45:00,29,Outbound,Check-In,Completed,8,0.75,49,9,False
6550,1949,2,2023-09-02T15:00:00,55,Inbound,Discovery,Completed,3,0.51,208,13,True
6551,3701,12,2023-04-11T15:15:00,2,Outbound,Demo,Voicemail,1,,,0,False
6552,1820,7,2024-08-06T10:15:00,17,Outbound,Negotiation,Completed,8,0.37,202,6,False
6553,1125,12,2024-12-09T09:15:00,30,Outbound,Negotiation,Completed,8,0.72,209,11,False
6554,2757,13,2024-11-26T13:00:00,46,Outbound,Check-In,Completed,3,0.5,92,7,False
6555,1419,2,2024-12-06T14:00:00,0,Outbound,Technical Deep Dive,No Show,1,,,0,False
6556,1660,6,2024-09-20T12:45:00,2,Inbound,Negotiation,Voicemail,1,,,0,False
6557,1258,12,2024-01-08T10:45:00,41,Outbound,Discovery,Completed,3,0.57,96,9,False
6558,4221,2,2024-06-02T13:45:00,33,Outbound,Check-In,Completed,8,0.31,36,14,True
6559,4041,5,2023-07-08T16:30:00,22,Outbound,Demo,Completed,3,0.45,104,11,False
6560,4964,10,2023-12-18T12:30:00,16,Outbound,Negotiation,Completed,5,0.68,97,9,False
6561,1553,8,2024-11-19T11:45:00,-38,Outbound,Discovery,Completed,8,0.67,135,10,True
6562,3874,9,2024-12-12T16:15:00,48,Outbound,Technical Deep Dive,Completed,8,0.81,294,9,True
6563,281,5,2024-08-31T10:00:00,21,Outbound,Follow-Up,Completed,2,0.64,81,15,True
6564,4681,10,2023-06-14T10:15:00,53,Outbound,Check-In,Completed,2,0.8,244,6,True
6565,4562,12,2030-06-15T10:00:00,0,Outbound,Follow-Up,No Show,1,,,0,False
6566,965,5,2023-10-05T08:00:00,0,Outbound,Technical Deep Dive,No Show,1,,,0,False
6567,4298,13,2024-11-07T08:45:00,15,Inbound,Demo,Completed,2,0.89,147,6,False
6568,2220,11,2024-06-13T17:30:00,,Outbound,QBR,Completed,2,0.62,298,10,True
6569,3349,16,2024-05-18T08:15:00,0,Outbound,Negotiation,No Show,1,,,0,False
6570,4938,3,2024-12-09T14:45:00,40,Outbound,Technical Deep Dive,Rescheduled,1,,,0,False
6571,856,6,2024-11-15T13:00:00,25,Outbound,Check-In,Completed,4,0.56,123,13,True
6572,4811,9,2023-02-12T14:15:00,2,Inbound,Technical Deep Dive,Voicemail,1,,,0,False
6573,1,13,2024-04-21T09:30:00,2,Outbound,QBR,Voicemail,1,,,0,False
6574,2459,14,2022-01-08T10:15:00,38,Outbound,Check-In,Completed,8,0.47,154,10,False
6575,2029,1,2024-12-22T10:15:00,43,Outbound,QBR,Completed,3,0.58,107,6,False
6576,3894,3,2024-12-31T10:30:00,-21,Outbound,QBR,Completed,4,0.52,194,18,False
6577,4233,16,2024-12-24T14:45:00,58,Outbound,Check-In,Completed,6,0.61,123,7,False
6578,480,10,2024-09-15T09:15:00,31,Outbound,Demo,Completed,4,0.61,100,4,False
6579,492,1,2023-04-10T12:45:00,55,Inbound,Follow-Up,Completed,5,0.61,158,9,False
6580,3083,3,2023-10-02T15:30:00,3,Inbound,Follow-Up,Voicemail,1,,,0,False
6581,57,8,2024-11-10T16:00:00,39,Outbound,Discovery,Completed,8,0.54,207,4,False
6582,2792,1,2024-12-03T14:15:00,0,Inbound,Negotiation,No Show,1,,,0,False
6583,972,4,2024-01-09T09:45:00,43,Inbound,Negotiation,Completed,4,0.51,137,20,False
6584,3130,16,2022-05-20T10:30:00,42,Outbound,Check-In,Completed,4,0.52,182,4,False
6585,1396,16,2023-11-26T11:30:00,60,Outbound,Demo,Completed,3,1.1,167,3,False
6586,247,5,2024-10-14T17:00:00,52,Inbound,Negotiation,Completed,4,0.85,175,15,False
6587,3452,16,2024-12-08T11:45:00,40,Outbound,Follow-Up,Completed,2,0.6,39,8,True
6588,3938,11,2024-11-19T14:45:00,2,Outbound,Discovery,Voicemail,1,,,0,False
6589,443,3,2024-11-25T14:30:00,27,Outbound,Follow-Up,Completed,2,0.77,91,9,False
6590,2521,7,2024-11-25T16:15:00,21,Outbound,Check-In,Completed,3,0.53,46,24,True
6591,3728,2,2021-08-04T08:30:00,37,Outbound,Discovery,Completed,8,0.75,262,13,False
6592,3892,10,2024-09-03T09:30:00,0,Outbound,Check-In,No Show,1,,,0,False
6593,4474,7,2024-12-02T09:45:00,0,Outbound,QBR,No Show,1,,,0,False
6594,898,6,2023-08-15T12:45:00,57,Inbound,Demo,Completed,7,0.67,58,19,True
6595,4117,5,2024-01-26T17:00:00,37,Outbound,Discovery,Completed,5,0.45,103,7,False
6596,4757,10,2023-10-13T14:15:00,0,Inbound,Negotiation,No Show,1,,,0,False
6597,356,12,2024-11-19T09:00:00,17,Outbound,QBR,Completed,4,0.54,157,18,False
6598,2947,15,2024-12-17T09:15:00,0,Inbound,Technical Deep Dive,No Show,1,,,0,False
6599,2385,4,2023-12-05T14:15:00,44,Inbound,Negotiation,Completed,5,0.52,99,12,False
6600,1,6,2024-04-30T12:30:00,21,Outbound,QBR,Rescheduled,1,,,0,False
6601,2706,15,2024-12-31T11:15:00,24,Outbound,Technical Deep Dive,Completed,5,0.71,125,12,False
6602,4326,5,2024-11-02T11:15:00,59,Outbound,Technical Deep Dive,Completed,8,0.65,37,19,True
6603,2266,1,2022-09-27T13:30:00,39,Outbound,Discovery,Completed,5,0.33,171,19,True
6604,2382,7,2023-04-25T10:00:00,55,Outbound,Check-In,Completed,5,0.51,84,13,True
6605,23,8,2021-01-14T15:30:00,20,Inbound,Technical Deep Dive,Completed,6,0.58,144,8,False
6606,2670,10,2021-05-05T10:45:00,43,Outbound,Demo,Rescheduled,1,,,0,False
6607,2394,7,2021-08-23T11:30:00,0,Outbound,Check-In,No Show,1,,,0,False
6608,2447,15,2024-12-16T14:30:00,24,Inbound,Follow-Up,Completed,5,0.57,75,10,True
6609,2451,15,2020-12-08T15:30:00,27,Inbound,Negotiation,Rescheduled,1,,,0,False
6610,1851,15,2024-12-22T12:15:00,37,Inbound,QBR,Completed,3,0.43,148,13,False
6611,930,4,2022-11-20T15:15:00,40,Outbound,Negotiation,Completed,6,0.59,148,5,False
6612,783,5,2024-12-06T15:30:00,34,Outbound,Follow-Up,Completed,4,1.14,114,20,True
6613,3579,14,2021-12-27T12:00:00,,Outbound,Discovery,Completed,7,0.76,200,2,False
6614,4922,16,2024-07-22T10:30:00,43,Outbound,Negotiation,Completed,2,0.74,166,7,True
6615,4428,12,2022-11-23T09:00:00,35,Outbound,Follow-Up,Rescheduled,1,,,0,False
6616,2281,5,2024-08-04T11:30:00,35,Outbound,Technical Deep Dive,Completed,5,0.41,40,18,False
6617,2552,4,2024-05-22T16:00:00,32,Outbound,Demo,Completed,5,0.56,52,10,False
6618,2808,1,2024-07-17T14:00:00,38,Outbound,Negotiation,Completed,8,0.31,189,20,True
6619,906,13,2023-10-13T13:15:00,41,Outbound,QBR,Completed,8,1.49,272,9,False
6620,1320,6,2023-10-01T17:00:00,39,Inbound,Technical Deep Dive,Completed,2,1.2,114,17,False
6621,4649,10,2022-09-05T16:15:00,43,Outbound,Negotiation,Completed,7,0.58,91,13,False
6622,3171,11,2024-12-21T10:45:00,31,Outbound,Check-In,Completed,8,0.45,63,9,False
6623,2065,10,2024-08-29T13:15:00,19,Outbound,Technical Deep Dive,Completed,8,0.62,233,9,False
6624,1254,12,2024-01-09T11:45:00,56,Inbound,Demo,Completed,5,0.54,201,13,False
6625,730,3,2024-08-06T13:15:00,60,Outbound,Check-In,Completed,2,0.54,88,13,True
6626,4600,9,2024-12-07T08:00:00,45,Outbound,Negotiation,Completed,5,0.54,144,8,False
6627,2083,7,2024-12-10T16:30:00,-22,Outbound,QBR,Completed,7,0.83,145,8,False
6628,4670,6,2024-12-07T17:00:00,16,Outbound,Discovery,Completed,6,0.55,96,19,False
6629,979,10,2023-12-02T12:15:00,37,Outbound,Follow-Up,Completed,2,0.75,196,1,False
6630,622,13,2023-12-07T15:00:00,29,Outbound,Follow-Up,Completed,7,0.49,30,5,False
6631,1677,7,2024-07-09T16:15:00,41,Inbound,Discovery,Completed,7,0.62,235,16,False
6632,3832,4,2024-12-02T10:45:00,58,Outbound,Discovery,Completed,7,0.63,152,7,False
6633,3715,12,2024-12-16T14:45:00,26,Outbound,Technical Deep Dive,Completed,6,0.54,147,19,True
6634,2133,9,2023-05-02T15:45:00,49,Outbound,QBR,Completed,6,0.48,206,14,False
6635,4265,6,2023-11-22T15:45:00,44,Outbound,Technical Deep Dive,Completed,5,0.6,138,5,True
6636,1956,5,2024-12-27T16:15:00,40,Outbound,Demo,Completed,8,0.63,168,11,True
6637,3816,8,2024-12-22T13:00:00,24,Outbound,Follow-Up,Completed,3,0.46,223,5,False
6638,2980,6,2024-07-09T14:00:00,,Outbound,Technical Deep Dive,Completed,8,0.65,46,10,False
6639,2005,16,2022-12-15T12:45:00,0,Outbound,Negotiation,No Show,1,,,0,False
6640,4664,16,2024-10-25T12:15:00,35,Outbound,Technical Deep Dive,Completed,2,0.42,97,7,True
6641,4408,8,2023-10-05T14:30:00,50,Outbound,QBR,Completed,8,0.48,191,5,True
6642,3499,16,2024-12-16T09:15:00,45,Outbound,Negotiation,Completed,8,0.64,38,16,True
6643,3723,1,2024-01-05T09:45:00,-3,Inbound,Technical Deep Dive,Voicemail,1,,,0,False
6644,4087,4,2023-04-18T14:15:00,2,Outbound,Negotiation,Voicemail,1,,,0,False
6645,4066,3,2022-09-25T09:15:00,-58,Outbound,Negotiation,Completed,4,0.46,54,16,True
6646,108,7,2024-12-03T12:45:00,54,Inbound,QBR,Completed,3,0.38,185,10,True
6647,1983,9,2021-01-08T14:45:00,,Inbound,Technical Deep Dive,Completed,8,0.52,220,4,False
6648,3578,4,2021-12-17T12:30:00,46,Outbound,Demo,Completed,3,0.62,217,16,False
6649,3168,1,2024-12-31T14:45:00,58,Inbound,Demo,Completed,4,0.63,149,8,False
6650,3889,16,2024-11-14T10:00:00,22,Outbound,Discovery,Completed,2,0.84,63,9,False
6651,260,11,2022-11-22T15:30:00,51,Outbound,Follow-Up,Completed,3,0.57,149,9,False
6652,893,16,2024-12-06T14:15:00,16,Outbound,Follow-Up,Completed,4,0.46,70,10,True
6653,3434,11,2023-01-26T12:00:00,45,Outbound,Technical Deep Dive,Completed,8,0.67,116,14,False
6654,4304,8,2024-12-15T11:30:00,50,Inbound,Demo,Completed,4,0.69,88,4,False
6655,969,10,2024-04-11T16:45:00,52,Inbound,Follow-Up,Completed,3,0.55,76,13,True
6656,756,8,2024-12-26T09:15:00,41,Inbound,Technical Deep Dive,Completed,5,0.57,141,6,True
6657,499,14,2024-10-10T09:15:00,42,Outbound,Follow-Up,Completed,7,0.59,81,6,False
6658,4505,5,2022-12-21T08:30:00,58,Outbound,Negotiation,Completed,7,0.48,199,13,False
6659,3500,4,2024-10-04T15:30:00,20,Outbound,Check-In,Rescheduled,1,,,0,False
6660,696,5,2024-07-04T12:15:00,45,Outbound,Follow-Up,Completed,2,0.48,160,11,True
6661,4340,4,2021-08-11T10:30:00,31,Outbound,QBR,Completed,7,0.58,147,20,True
6662,4492,16,2024-11-23T10:15:00,2,Outbound,QBR,Voicemail,1,,,0,False
6663,1525,6,2024-08-07T17:15:00,47,Outbound,Technical Deep Dive,Completed,8,0.84,220,5,False
6664,2323,8,2024-12-31T10:30:00,22,Outbound,Demo,Completed,5,0.62,113,5,False
6665,3197,2,2024-08-24T10:15:00,40,Outbound,QBR,Completed,3,0.76,257,15,False
6666,612,1,2022-01-31T14:45:00,38,Inbound,Demo,Completed,5,0.3,152,21,True
6667,736,16,2024-10-26T12:00:00,,Outbound,Discovery,Completed,6,0.65,219,5,False
6668,524,7,2022-12-27T15:15:00,45,Outbound,Negotiation,Completed,2,0.63,219,18,False
6669,1714,5,2022-10-29T11:45:00,3,Inbound,Demo,Voicemail,1,,,0,False
6670,498,14,2021-04-24T13:45:00,34,Outbound,Demo,Completed,3,0.53,66,8,False
6671,2001,5,2024-09-24T16:00:00,0,Inbound,Follow-Up,No Show,1,,,0,False
6672,2934,15,2024-12-27T12:15:00,53,Outbound,Negotiation,Completed,4,0.53,198,8,False
6673,825,8,2024-11-01T14:45:00,36,Inbound,Discovery,Completed,8,0.6,30,5,False
6674,345,9,2024-04-29T13:45:00,0,Outbound,Demo,No Show,1,,,0,False
6675,371,7,2023-10-29T12:45:00,60,Outbound,Negotiation,Rescheduled,1,,,0,False
6676,4796,12,2023-07-01T12:15:00,43,Outbound,Check-In,Completed,4,0.61,153,16,False
6677,2882,1,2024-12-26T14:00:00,57,Outbound,Demo,Completed,6,0.72,47,8,False
6678,3127,12,2024-01-21T10:45:00,30,Outbound,Check-In,Completed,2,0.72,60,13,False
6679,2283,3,2024-12-23T15:30:00,20,Inbound,Check-In,Completed,7,0.42,123,19,True
6680,1998,2,2024-05-02T10:15:00,56,Outbound,Follow-Up,Completed,6,0.59,219,10,False
6681,120,15,2024-02-14T17:00:00,59,Inbound,Follow-Up,Completed,6,0.73,33,14,True
6682,1043,8,2024-08-16T12:30:00,47,Inbound,Discovery,Completed,2,0.6,221,17,False
6683,930,4,2022-10-25T11:30:00,21,Outbound,Check-In,Completed,8,1.35,264,9,False
6684,1759,16,2024-12-03T15:15:00,15,Outbound,Technical Deep Dive,Rescheduled,1,,,0,False
6685,1694,5,2023-01-04T09:00:00,39,Outbound,Discovery,Completed,6,0.82,100,10,False
6686,3020,1,2024-02-16T15:30:00,36,Outbound,Follow-Up,Completed,6,0.6,121,10,False
6687,2465,12,2023-07-09T15:45:00,53,Outbound,Follow-Up,Completed,5,0.63,203,17,False
6688,3967,9,2023-02-02T08:15:00,16,Outbound,QBR,Completed,7,0.59,230,3,True
6689,2551,2,2024-12-08T12:00:00,0,Outbound,Negotiation,No Show,1,,,0,False
6690,4151,1,2024-10-22T15:30:00,42,Outbound,Technical Deep Dive,Completed,3,0.45,137,24,True
6691,2137,13,2024-07-17T14:30:00,47,Outbound,Demo,Rescheduled,1,,,0,False
6692,2267,13,2020-06-06T10:30:00,48,Outbound,Discovery,Rescheduled,1,,,0,False
6693,1787,1,2024-11-09T12:00:00,57,Outbound,Demo,Completed,6,0.33,65,22,False
6694,3906,6,2022-10-05T15:45:00,29,Outbound,Follow-Up,Completed,5,0.41,152,14,True
6695,524,7,2022-12-15T09:00:00,16,Outbound,Discovery,Rescheduled,1,,,0,False
6696,2607,16,2024-12-01T10:15:00,44,Inbound,Negotiation,Completed,7,0.59,75,16,False
6697,1546,2,2024-10-20T14:15:00,40,Outbound,Check-In,Completed,7,0.3,162,10,False
6698,489,2,2023-05-16T15:00:00,19,Inbound,Follow-Up,Completed,8,0.49,222,2,False
6699,1199,13,2024-12-22T13:15:00,1,Outbound,Technical Deep Dive,Voicemail,1,,,0,False
6700,3485,10,2024-08-25T11:15:00,15,Outbound,QBR,Completed,4,0.57,45,1,False
6701,1803,12,2024-08-21T10:30:00,17,Inbound,Technical Deep Dive,Completed,4,0.5,111,9,True
6702,689,2,2024-12-16T09:30:00,42,Outbound,Technical Deep Dive,Completed,5,0.5,178,4,True
6703,3229,5,2023-12-08T13:45:00,59,Inbound,Check-In,Completed,8,1.24,175,15,False
6704,4860,6,2022-11-11T13:00:00,34,Inbound,QBR,Completed,5,0.52,45,9,True
6705,1061,9,2024-12-18T12:15:00,49,Outbound,Follow-Up,Completed,7,0.63,57,2,False
6706,1923,15,2024-11-07T14:45:00,0,Outbound,Check-In,No Show,1,,,0,False
6707,554,1,2024-12-18T15:30:00,32,Outbound,QBR,Completed,6,0.34,88,10,True
6708,1218,15,2024-12-23T16:15:00,47,Outbound,Technical Deep Dive,Completed,7,0.66,206,6,False
6709,2822,5,2022-04-25T16:45:00,3,Inbound,Check-In,Voicemail,1,,,0,False
6710,2575,2,2023-07-07T16:45:00,0,Inbound,Negotiation,No Show,1,,,0,False
6711,3903,16,2024-12-04T17:30:00,51,Inbound,Negotiation,Rescheduled,1,,,0,False
6712,708,15,2024-12-05T08:45:00,58,Outbound,Discovery,Completed,7,0.77,251,12,False
6713,1332,10,2024-06-12T14:15:00,30,Inbound,QBR,Completed,3,0.55,53,10,True
6714,4525,6,2021-09-24T10:15:00,18,Outbound,Negotiation,Completed,5,0.58,98,7,True
6715,4833,9,2022-08-17T11:00:00,53,Outbound,Follow-Up,Completed,5,0.52,61,12,False
6716,4971,7,2024-10-14T11:45:00,46,Outbound,Check-In,Completed,5,0.69,64,10,False
6717,569,7,2024-04-29T11:15:00,54,Inbound,QBR,Completed,6,0.57,202,20,True
6718,3390,16,2024-06-02T08:15:00,3,Outbound,Negotiation,Voicemail,1,,,0,False
6719,4003,15,2023-08-30T15:00:00,34,Outbound,Follow-Up,Rescheduled,1,,,0,False
6720,1549,2,2024-09-24T11:15:00,35,Outbound,Demo,Completed,7,0.34,80,14,True
6721,4571,5,2023-06-25T14:00:00,1,Outbound,Check-In,Voicemail,1,,,0,False
6722,4601,11,2024-04-12T17:00:00,21,Inbound,Follow-Up,Completed,2,0.54,38,11,True
6723,656,5,2023-09-05T16:00:00,20,Outbound,Technical Deep Dive,Completed,5,0.48,71,20,True
6724,3415,8,2024-10-28T15:00:00,60,Inbound,Negotiation,Completed,6,0.5,157,8,False
6725,2015,14,2024-12-11T15:15:00,56,Inbound,Technical Deep Dive,Rescheduled,1,,,0,False
6726,2069,8,2024-12-02T14:15:00,36,Outbound,Follow-Up,Completed,4,0.47,60,11,True
6727,3426,5,2021-10-22T11:15:00,43,Outbound,QBR,Completed,2,0.5,124,7,True
6728,3175,7,2022-12-28T12:30:00,42,Outbound,QBR,Completed,6,0.61,71,14,False
6729,1875,15,2024-12-31T15:00:00,46,Inbound,Discovery,Rescheduled,1,,,0,False
6730,2063,8,2022-08-30T10:00:00,45,Outbound,Discovery,Completed,6,0.52,202,6,False
6731,3497,14,2024-12-06T15:00:00,47,Outbound,QBR,Completed,6,0.61,144,9,False
6732,2009,13,2024-12-15T15:00:00,0,Inbound,Demo,No Show,1,,,0,False
6733,3570,1,2024-10-30T10:45:00,33,Inbound,Technical Deep Dive,Completed,4,0.42,130,19,True
6734,406,2,2023-09-20T12:00:00,49,Inbound,Follow-Up,Rescheduled,1,,,0,False
6735,4524,13,2023-12-22T10:30:00,40,Outbound,Demo,Completed,2,0.8,108,5,True
6736,4915,1,2024-12-02T08:15:00,47,Outbound,Follow-Up,Rescheduled,1,,,0,False
6737,27,16,2024-11-22T10:15:00,51,Inbound,Check-In,Completed,6,1.5,79,8,False
6738,1815,2,2024-12-21T15:00:00,34,Outbound,QBR,Completed,6,0.65,36,20,False
6739,1617,14,2023-01-15T11:30:00,47,Inbound,Discovery,Completed,6,0.54,166,13,False
6740,833,16,2024-03-14T12:45:00,35,Outbound,QBR,Completed,7,0.62,232,4,True
6741,516,16,2024-11-05T14:00:00,45,Inbound,Check-In,Completed,7,1.32,50,12,True
6742,3924,12,2024-04-22T13:45:00,0,Inbound,QBR,No Show,1,,,0,False
6743,1844,8,2024-08-19T15:15:00,3,Outbound,Check-In,Voicemail,1,,,0,False
6744,1130,12,2024-08-29T10:15:00,39,Outbound,Technical Deep Dive,Completed,8,0.43,89,15,True
6745,214,10,2024-07-22T12:45:00,42,Outbound,Discovery,Completed,5,0.51,150,7,False
6746,1450,5,2024-11-01T10:00:00,53,Outbound,Discovery,Completed,2,0.47,166,14,False
6747,1661,13,2024-09-14T13:30:00,32,Outbound,Negotiation,Completed,8,0.91,247,4,False
6748,1107,11,2024-03-14T13:45:00,26,Outbound,Technical Deep Dive,Completed,3,0.66,75,16,True
6749,1909,11,2022-06-27T10:00:00,53,Outbound,Technical Deep Dive,Completed,2,0.56,223,8,True
6750,3736,10,2024-03-13T13:45:00,40,Inbound,Demo,Completed,2,0.63,65,6,False
6751,1172,9,2024-08-12T13:45:00,46,Outbound,QBR,Completed,2,0.69,138,4,True
6752,2274,16,2024-05-06T12:30:00,0,Outbound,Negotiation,No Show,1,,,0,False
6753,2705,12,2022-01-25T15:45:00,0,Outbound,Discovery,No Show,1,,,0,False
6754,7,1,2024-04-04T10:15:00,18,Outbound,Technical Deep Dive,Completed,2,1.11,120,10,True
6755,3380,14,2024-01-18T10:00:00,48,Outbound,Demo,Completed,4,0.73,171,5,True
6756,3360,11,2024-12-01T12:00:00,0,Outbound,Negotiation,No Show,1,,,0,False
6757,1057,5,2024-12-02T14:30:00,17,Outbound,QBR,Completed,6,0.56,202,14,True
6758,4421,4,2024-07-26T11:00:00,41,Inbound,Negotiation,Completed,2,0.48,195,13,False
6759,3545,2,2022-06-21T12:15:00,53,Outbound,Check-In,Completed,4,0.63,242,10,False
6760,2573,12,2023-06-30T11:45:00,0,Inbound,Discovery,No Show,1,,,0,False
6761,4231,10,2024-08-30T16:30:00,-27,Outbound,Follow-Up,Completed,6,0.36,136,7,False
6762,1953,7,2024-07-20T08:00:00,15,Outbound,Technical Deep Dive,Completed,6,0.43,168,22,True
6763,903,1,2023-05-04T10:15:00,21,Outbound,Check-In,Rescheduled,1,,,0,False
6764,591,10,2024-03-26T12:45:00,19,Outbound,Negotiation,Completed,7,0.44,148,5,False
6765,4593,10,2023-03-10T10:45:00,26,Outbound,Follow-Up,Completed,6,0.52,61,8,False
6766,1092,15,2024-12-17T11:30:00,49,Outbound,QBR,Completed,6,0.42,165,6,True
6767,3608,11,2024-09-09T12:00:00,58,Outbound,Discovery,Completed,6,0.64,198,11,False
6768,3601,12,2024-12-02T14:15:00,54,Inbound,QBR,Completed,3,0.54,62,11,True
6769,2310,10,2024-07-16T12:00:00,15,Outbound,Check-In,Completed,8,0.41,112,4,False
6770,3538,12,2024-12-23T14:00:00,1,Outbound,Demo,Voicemail,1,,,0,False
6771,4953,15,2024-12-20T11:30:00,21,Inbound,Demo,Completed,5,0.49,143,8,True
6772,4003,15,2023-09-20T14:00:00,41,Inbound,Technical Deep Dive,Completed,3,0.8,59,10,True
6773,4609,4,2024-06-09T12:45:00,0,Inbound,Discovery,No Show,1,,,0,False
6774,1862,16,2024-12-16T12:15:00,43,Outbound,Check-In,Completed,3,0.7,57,12,True
6775,3824,11,2021-05-14T15:45:00,32,Inbound,Demo,Completed,2,0.45,207,4,False
6776,4349,10,2024-08-11T13:15:00,29,Outbound,Follow-Up,Completed,5,0.67,163,9,False
6777,3459,12,2024-12-20T11:30:00,0,Outbound,Check-In,No Show,1,,,0,False
6778,4220,2,2024-04-04T12:30:00,56,Outbound,QBR,Completed,6,0.5,154,14,True
6779,3721,11,2023-09-08T10:15:00,58,Outbound,QBR,Completed,5,0.55,132,17,False
6780,3692,2,2024-11-14T10:45:00,16,Outbound,Discovery,Rescheduled,1,,,0,False
6781,3460,2,2024-06-09T17:30:00,0,Inbound,Follow-Up,No Show,1,,,0,False
6782,2224,15,2024-10-29T16:30:00,2,Outbound,Discovery,Voicemail,1,,,0,False
6783,2537,2,2024-11-21T08:45:00,24,Outbound,QBR,Completed,5,0.46,62,2,False
6784,2931,12,2024-12-31T14:30:00,26,Outbound,QBR,Completed,4,0.44,88,15,False
6785,817,3,2023-12-21T14:15:00,25,Outbound,Negotiation,Completed,3,0.52,204,21,False
6786,2363,16,2024-12-10T09:00:00,17,Inbound,Follow-Up,Completed,6,0.5,120,15,True
6787,1245,2,2024-12-18T09:45:00,30,Outbound,QBR,Completed,3,0.38,175,7,True
6788,1213,12,2024-03-17T14:30:00,3,Inbound,Follow-Up,Voicemail,1,,,0,False
6789,2651,16,2024-12-14T15:30:00,49,Inbound,Demo,Completed,2,0.88,200,2,False
6790,4783,6,2024-12-29T11:30:00,22,Inbound,Check-In,Completed,4,0.44,59,14,True
6791,1925,1,2024-08-18T13:30:00,36,Outbound,Technical Deep Dive,Rescheduled,1,,,0,False
6792,2709,3,2024-12-04T12:30:00,35,Inbound,Negotiation,Completed,4,0.33,109,14,False
6793,2919,4,2024-12-24T10:15:00,37,Outbound,Discovery,Completed,6,0.39,161,4,True
6794,4074,5,2024-11-09T12:30:00,0,Outbound,Follow-Up,No Show,1,,,0,False
6795,880,13,2024-02-10T12:45:00,18,Outbound,Discovery,Completed,4,0.8,166,4,True
6796,1605,3,2024-12-02T10:15:00,48,Outbound,Demo,Completed,8,0.58,157,13,True
6797,3263,5,2024-07-13T11:00:00,0,Outbound,Technical Deep Dive,No Show,1,,,0,False
6798,4873,10,2023-07-06T15:15:00,52,Outbound,Discovery,Completed,8,0.58,107,15,True
6799,3241,16,2024-11-03T10:45:00,51,Outbound,Check-In,Completed,6,0.61,53,8,True
6800,1867,5,2024-10-24T14:00:00,22,Outbound,Demo,Completed,5,0.62,200,10,False
6801,2648,10,2024-07-21T10:30:00,1,Outbound,Follow-Up,Voicemail,1,,,0,False
6802,4741,15,2022-11-17T14:00:00,50,Outbound,Negotiation,Completed,3,0.45,99,4,True
6803,4117,5,2023-11-26T11:15:00,37,Outbound,Discovery,Completed,5,0.36,179,19,False
6804,1205,13,2024-12-30T09:15:00,21,Inbound,Check-In,Rescheduled,1,,,0,False
6805,2487,7,2024-03-10T12:15:00,24,Outbound,Follow-Up,Completed,2,0.4,66,12,True
6806,3375,10,2024-06-24T16:30:00,57,Outbound,Check-In,Rescheduled,1,,,0,False
6807,1957,13,2021-03-31T15:45:00,21,Outbound,Follow-Up,Rescheduled,1,,,0,False
6808,249,5,2024-05-27T09:30:00,32,Outbound,Discovery,Completed,3,0.62,30,5,False
6809,480,10,2024-08-05T10:15:00,30,Outbound,Check-In,Completed,4,0.7,30,15,True
6810,337,2,2024-07-26T17:15:00,58,Inbound,Technical Deep Dive,Rescheduled,1,,,0,False
6811,192,4,2022-07-06T12:00:00,0,Inbound,QBR,No Show,1,,,0,False
6812,579,12,2021-11-28T11:30:00,37,Outbound,Demo,Completed,2,0.7,230,6,True
6813,3686,5,2030-06-15T10:00:00,2,Outbound,Technical Deep Dive,Voicemail,1,,,0,False
6814,1345,4,2021-09-14T14:00:00,0,Outbound,Technical Deep Dive,No Show,1,,,0,False
6815,44,14,2020-11-26T11:45:00,53,Outbound,Discovery,Completed,4,1.43,115,5,False
6816,908,5,2024-02-18T15:30:00,3,Outbound,Follow-Up,Voicemail,1,,,0,False
6817,2846,15,2024-12-18T12:30:00,38,Outbound,Follow-Up,Completed,4,0.47,38,4,False
6818,3426,5,2021-11-25T15:30:00,30,Inbound,Demo,Completed,3,0.54,208,4,True
6819,1070,16,2021-12-21T09:30:00,46,Outbound,Negotiation,Completed,5,0.58,156,11,True
6820,2290,12,2023-08-04T13:45:00,18,Inbound,Demo,Rescheduled,1,,,0,False
6821,2690,12,2024-12-31T14:45:00,25,Outbound,Technical Deep Dive,Completed,3,0.55,172,9,False
6822,4653,6,2023-11-21T13:45:00,38,Outbound,Technical Deep Dive,Completed,5,0.41,237,17,False
6823,1622,6,2024-07-28T11:00:00,35,Outbound,Technical Deep Dive,Completed,4,0.66,73,17,False
6824,2687,13,2022-09-06T12:45:00,0,Outbound,Follow-Up,No Show,1,,,0,False
6825,2794,14,2023-09-08T10:00:00,19,Outbound,Technical Deep Dive,Completed,2,0.73,149,9,False
6826,582,14,2022-12-17T12:30:00,-29,Inbound,Demo,Completed,7,0.49,61,10,True
6827,645,9,2022-01-27T13:15:00,54,Outbound,Discovery,Rescheduled,1,,,0,False
6828,1643,2,2023-05-01T12:00:00,45,Outbound,Demo,Completed,7,0.6,178,6,False
6829,3456,5,2024-01-15T13:00:00,54,Outbound,Discovery,Completed,8,0.78,180,14,False
6830,4349,10,2024-10-12T15:45:00,50,Outbound,Technical Deep Dive,Completed,8,0.67,110,10,False
6831,1902,4,2021-04-23T16:30:00,38,Inbound,Technical Deep Dive,Completed,2,0.68,60,7,True
6832,376,3,2024-12-12T17:30:00,40,Inbound,Check-In,Completed,6,0.32,184,7,True
6833,1758,11,2024-01-04T17:15:00,23,Outbound,QBR,Completed,2,0.79,39,6,True
6834,467,10,2023-04-09T14:45:00,57,Outbound,Follow-Up,Completed,5,0.61,144,5,True
6835,539,8,2024-03-23T13:45:00,41,Outbound,Check-In,Completed,5,0.58,115,18,True
6836,2186,5,2024-12-09T12:30:00,53,Outbound,Demo,Completed,3,0.4,223,6,False
6837,408,14,2024-12-16T11:45:00,54,Inbound,Discovery,Completed,7,0.62,185,6,False
6838,4112,9,2024-01-11T09:00:00,17,Outbound,Negotiation,Completed,4,0.58,197,6,False
6839,2147,13,2024-11-07T09:30:00,,Outbound,Discovery,No Show,1,,,0,False
6840,4598,11,2021-10-29T11:15:00,16,Outbound,Technical Deep Dive,Completed,7,0.44,93,20,True
6841,4774,14,2024-08-03T13:30:00,55,Outbound,QBR,Completed,5,0.43,65,13,False
6842,2720,6,2024-03-19T15:00:00,56,Inbound,QBR,Completed,2,0.72,70,3,True
6843,3497,14,2024-12-30T16:30:00,24,Outbound,Follow-Up,Completed,7,0.57,196,4,False
6844,35,2,2024-02-28T11:30:00,30,Outbound,Discovery,Completed,2,0.55,160,8,False
6845,4441,2,2030-06-15T10:00:00,16,Outbound,Technical Deep Dive,Completed,5,0.57,125,18,True
6846,391,1,2024-12-24T10:15:00,2,Inbound,Follow-Up,Voicemail,1,,,0,False
6847,1506,4,2024-07-16T09:00:00,40,Outbound,Follow-Up,Completed,6,0.57,232,17,False
6848,782,9,2024-03-08T11:00:00,28,Outbound,Negotiation,Rescheduled,1,,,0,False
6849,1246,8,2022-08-28T09:15:00,54,Outbound,Check-In,Completed,7,0.54,109,9,False
6850,2395,9,2023-06-15T10:15:00,50,Outbound,Check-In,Completed,8,0.54,203,11,False
6851,82,16,2024-12-17T16:15:00,55,Inbound,Demo,Completed,5,0.4,216,13,False
6852,2945,3,2022-11-18T13:15:00,,Outbound,Follow-Up,No Show,1,,,0,False
6853,4977,14,2024-08-16T14:30:00,23,Inbound,Follow-Up,Completed,6,0.54,215,13,True
6854,4747,2,2024-05-04T09:15:00,43,Outbound,Follow-Up,Completed,4,0.58,230,16,False
6855,1331,9,2023-11-22T09:45:00,35,Outbound,Follow-Up,Completed,8,0.49,203,17,True
6856,1651,7,2024-09-27T11:15:00,32,Outbound,Demo,Completed,5,1.37,130,14,False
6857,84,6,2022-01-11T16:15:00,47,Outbound,QBR,Completed,6,0.37,58,15,False
6858,189,2,2024-02-23T12:30:00,42,Outbound,Negotiation,Completed,3,0.36,113,19,True
6859,1592,10,2022-05-15T10:00:00,,Inbound,Negotiation,Rescheduled,1,,,0,False
6860,3301,13,2024-12-02T16:30:00,38,Outbound,Check-In,Completed,7,0.71,206,1,True
6861,2439,5,2024-01-16T09:30:00,33,Outbound,Technical Deep Dive,Completed,8,0.68,262,11,True
6862,2792,1,2024-12-27T16:30:00,20,Inbound,Technical Deep Dive,Completed,3,0.41,82,10,True
6863,840,6,2030-06-15T10:00:00,41,Outbound,Technical Deep Dive,Completed,6,0.63,187,20,True
6864,4069,14,2024-01-26T14:15:00,47,Outbound,QBR,Completed,7,0.58,189,8,False
6865,1644,13,2022-02-15T13:30:00,46,Outbound,Check-In,Completed,2,0.54,134,13,False
6866,1862,16,2024-12-05T13:00:00,41,Inbound,Negotiation,Completed,8,0.67,202,7,True
6867,1591,2,2024-10-27T15:00:00,28,Outbound,QBR,Completed,2,0.53,95,13,False
6868,2909,13,2024-12-07T16:15:00,53,Inbound,Technical Deep Dive,Completed,7,0.76,59,7,False
6869,3190,13,2022-08-07T11:30:00,26,Outbound,Discovery,Completed,5,0.45,141,6,True
6870,2629,3,2023-09-13T12:45:00,51,Inbound,Check-In,Rescheduled,1,,,0,False
6871,4757,10,2023-08-01T15:15:00,40,Outbound,Follow-Up,Completed,2,1.4,205,5,False
6872,3603,5,2024-11-15T13:00:00,0,Inbound,Discovery,No Show,1,,,0,False
6873,4202,14,2024-09-25T10:15:00,40,Outbound,Demo,Completed,7,0.84,90,6,True
6874,355,9,2024-02-19T11:15:00,47,Inbound,Technical Deep Dive,Completed,5,0.42,80,6,False
6875,2586,16,2024-05-24T14:15:00,55,Outbound,Demo,Completed,4,0.41,123,16,False
6876,3666,3,2030-06-15T10:00:00,35,Outbound,QBR,Completed,8,0.53,46,12,False
6877,4346,13,2024-10-21T08:15:00,29,Inbound,Follow-Up,Completed,8,0.58,226,14,False
6878,2644,15,2023-09-26T16:30:00,28,Outbound,Negotiation,Completed,8,0.89,206,4,False
6879,2612,13,2024-12-29T16:15:00,38,Outbound,Demo,Rescheduled,1,,,0,False
6880,2628,13,2022-08-21T13:00:00,26,Inbound,Negotiation,Completed,2,0.76,35,2,True
6881,1637,12,2023-06-25T10:30:00,34,Outbound,Check-In,Completed,2,0.69,219,8,False
6882,2534,15,2024-06-05T11:15:00,24,Outbound,Technical Deep Dive,Completed,7,0.58,109,8,True
6883,4475,14,2022-01-01T10:45:00,55,Outbound,Follow-Up,Completed,2,0.76,138,4,True
6884,3818,9,2024-12-22T13:30:00,45,Outbound,Technical Deep Dive,Completed,7,0.49,64,13,True
6885,1139,6,2024-06-28T10:00:00,19,Outbound,QBR,Completed,6,1.07,200,4,True
6886,182,8,2024-05-25T15:30:00,3,Inbound,Check-In,Voicemail,1,,,0,False
6887,2026,10,2024-11-25T08:15:00,22,Outbound,Demo,Completed,6,0.48,200,10,True
6888,3779,1,2024-05-31T08:00:00,52,Outbound,Discovery,Completed,7,0.62,191,21,True
6889,3823,7,2023-03-25T10:45:00,0,Outbound,Negotiation,No Show,1,,,0,False
6890,1376,1,2024-08-20T15:00:00,22,Outbound,Demo,Completed,8,0.44,106,10,True
6891,1445,10,2022-08-07T16:45:00,32,Outbound,Technical Deep Dive,Completed,4,0.41,59,8,True
6892,2491,6,2024-03-06T17:15:00,37,Outbound,Check-In,Completed,6,0.42,189,7,False
6893,594,15,2024-10-13T13:00:00,50,Outbound,Follow-Up,Completed,2,0.65,34,11,False
6894,1241,7,2023-07-24T13:00:00,37,Outbound,Demo,Completed,2,0.36,187,17,False
6895,921,1,2024-12-27T11:15:00,37,Outbound,Negotiation,Completed,7,0.4,181,9,False
6896,4936,13,2022-07-18T14:15:00,26,Inbound,Follow-Up,Completed,7,0.61,71,12,False
6897,1539,3,2021-10-02T15:00:00,34,Outbound,Demo,Completed,6,0.4,130,15,False
6898,4770,12,2023-07-14T14:45:00,17,Outbound,Technical Deep Dive,Completed,6,0.42,112,17,True
6899,199,12,2024-04-04T14:00:00,36,Outbound,Discovery,Completed,5,0.35,136,15,True
6900,4069,14,2024-02-21T14:00:00,,Outbound,QBR,Completed,7,0.52,53,9,False
6901,3714,9,2022-05-30T11:00:00,24,Outbound,Check-In,Completed,5,0.53,116,15,True
6902,79,9,2024-09-15T13:30:00,27,Outbound,Discovery,Completed,3,0.73,42,18,True
6903,3982,6,2024-12-15T14:00:00,54,Outbound,Discovery,Rescheduled,1,,,0,False
6904,2646,9,2022-09-30T13:45:00,58,Outbound,Demo,Completed,6,0.46,111,4,False
6905,1834,1,2024-12-22T17:00:00,59,Outbound,Technical Deep Dive,Completed,3,0.27,153,10,True
6906,2217,13,2030-06-15T10:00:00,43,Outbound,Technical Deep Dive,Completed,7,0.46,124,11,True
6907,2140,2,2024-12-22T14:45:00,21,Inbound,Follow-Up,Completed,6,0.38,52,10,True
6908,2606,2,2024-10-15T12:45:00,22,Outbound,Discovery,Completed,8,0.49,81,20,True
6909,2463,12,2022-11-23T11:15:00,18,Outbound,Follow-Up,Completed,3,1.2,225,9,False
6910,3812,3,2024-01-21T12:00:00,35,Outbound,QBR,Rescheduled,1,,,0,False
6911,3776,14,2024-12-26T15:15:00,0,Outbound,Technical Deep Dive,No Show,1,,,0,False
6912,1450,5,2024-11-13T11:15:00,27,Inbound,Check-In,Completed,4,0.64,56,15,True
6913,3440,5,2024-11-16T12:00:00,0,Inbound,Technical Deep Dive,No Show,1,,,0,False
6914,4196,5,2024-12-04T12:15:00,33,Outbound,QBR,Completed,4,0.58,170,9,True
6915,606,14,2024-03-26T11:00:00,0,Outbound,QBR,No Show,1,,,0,False
6916,1281,6,2024-12-04T08:15:00,47,Outbound,Negotiation,Completed,2,0.55,146,10,True
6917,3405,15,2023-12-24T09:15:00,51,Inbound,Check-In,Completed,7,1.15,38,6,False
6918,2945,3,2030-06-15T10:00:00,37,Outbound,Negotiation,Completed,6,0.39,177,14,False
6919,3911,2,2023-01-25T15:00:00,40,Outbound,Check-In,Completed,6,0.32,129,6,True
6920,2145,1,2024-11-27T13:45:00,22,Outbound,Technical Deep Dive,Completed,8,0.59,115,6,False
6921,1261,16,2024-08-14T14:30:00,1,Outbound,Follow-Up,Voicemail,1,,,0,False
6922,1048,15,2024-12-21T15:30:00,21,Outbound,Check-In,Completed,7,0.7,188,2,False
6923,3223,5,2024-11-22T11:00:00,37,Inbound,Negotiation,Completed,5,0.79,206,14,False
6924,251,1,2024-03-10T10:15:00,42,Inbound,Negotiation,Completed,8,0.32,115,25,True
6925,4899,11,2023-06-23T14:00:00,42,Outbound,Check-In,Completed,5,0.65,159,7,False
6926,3697,15,2024-11-13T13:45:00,41,Outbound,Discovery,Completed,8,0.43,135,10,False
6927,3452,16,2024-12-16T10:30:00,57,Inbound,Technical Deep Dive,Completed,7,0.45,32,3,False
6928,2332,7,2021-08-08T15:00:00,,Outbound,Follow-Up,No Show,1,,,0,False
6929,1689,11,2024-12-14T13:00:00,16,Outbound,QBR,Completed,6,0.41,227,17,True
6930,2366,10,2022-04-22T15:30:00,0,Outbound,QBR,No Show,1,,,0,False
6931,1464,15,2024-06-05T15:30:00,33,Outbound,Check-In,Rescheduled,1,,,0,False
6932,1856,7,2024-12-20T13:00:00,20,Inbound,Discovery,Completed,5,0.63,128,7,False
6933,3338,15,2024-12-03T16:00:00,22,Outbound,Demo,Completed,4,0.9,121,10,False
6934,1223,8,2024-09-08T10:15:00,16,Inbound,Discovery,Completed,6,0.4,225,7,False
6935,4444,5,2024-12-25T12:30:00,58,Outbound,Technical Deep Dive,Completed,3,0.65,82,15,True
6936,1348,9,2022-12-16T10:15:00,48,Outbound,QBR,Completed,7,0.79,157,9,False
6937,4065,4,2024-08-31T14:30:00,30,Outbound,Follow-Up,Completed,4,0.33,130,23,False
6938,2098,3,2024-03-23T09:00:00,29,Inbound,Follow-Up,Completed,3,0.59,66,20,True
6939,4038,9,2021-12-11T16:15:00,0,Outbound,QBR,No Show,1,,,0,False
6940,2420,8,2024-12-10T13:45:00,15,Outbound,Demo,Completed,5,0.49,226,10,True
6941,1680,9,2024-12-23T14:30:00,60,Outbound,Discovery,Completed,4,0.39,185,6,False
6942,2571,3,2024-11-10T11:45:00,40,Outbound,Check-In,Completed,6,0.74,138,4,False
6943,2516,16,2024-12-07T13:30:00,33,Outbound,Check-In,Completed,4,0.57,47,8,False
6944,2748,11,2024-12-30T09:45:00,0,Outbound,Follow-Up,No Show,1,,,0,False
6945,1892,5,2020-07-14T10:00:00,48,Outbound,QBR,Completed,3,0.74,188,8,False
6946,3649,9,2024-06-19T10:45:00,52,Outbound,Discovery,Rescheduled,1,,,0,False
6947,1386,16,2024-05-06T09:45:00,1,Inbound,Follow-Up,Voicemail,1,,,0,False
6948,994,9,2023-09-08T17:45:00,32,Outbound,Check-In,Rescheduled,1,,,0,False
6949,300,3,2023-08-11T10:15:00,59,Outbound,Technical Deep Dive,Completed,6,0.49,101,18,True
6950,2443,2,2024-02-05T14:45:00,0,Inbound,Negotiation,No Show,1,,,0,False
6951,1481,13,2023-07-01T14:45:00,17,Outbound,Technical Deep Dive,Completed,2,0.49,142,10,False
6952,2485,9,2024-11-23T10:30:00,34,Outbound,Check-In,Completed,3,0.42,88,9,True
6953,3299,9,2020-06-28T10:30:00,18,Outbound,Discovery,Rescheduled,1,,,0,False
6954,715,5,2024-08-10T15:00:00,29,Outbound,Technical Deep Dive,Completed,3,0.56,201,9,False
6955,503,9,2022-11-03T15:15:00,,Inbound,Check-In,Completed,5,0.71,224,15,False
6956,153,7,2023-03-02T12:15:00,50,Outbound,Discovery,Rescheduled,1,,,0,False
6957,2662,4,2024-12-11T10:00:00,39,Outbound,Technical Deep Dive,Completed,7,0.37,49,16,True
6958,3477,3,2022-07-26T17:00:00,33,Inbound,QBR,Completed,4,0.5,91,18,True
6959,2611,1,2023-03-20T12:00:00,30,Inbound,Negotiation,Completed,2,0.4,144,13,True
6960,1929,8,2024-12-30T12:15:00,54,Outbound,Discovery,Completed,8,0.6,75,15,True
6961,1903,11,2024-11-26T12:00:00,,Inbound,Demo,Completed,2,0.79,228,4,False
6962,1636,5,2023-09-18T16:45:00,26,Outbound,Technical Deep Dive,Rescheduled,1,,,0,False
6963,3834,14,2020-06-26T10:00:00,43,Outbound,Check-In,Completed,4,0.69,126,6,False
6964,2415,14,2024-07-14T12:00:00,0,Outbound,Technical Deep Dive,No Show,1,,,0,False
6965,966,7,2023-05-16T11:30:00,28,Outbound,Technical Deep Dive,Completed,2,0.55,56,9,True
6966,9,11,2024-08-25T10:00:00,49,Outbound,Demo,Completed,8,0.86,111,5,True
6967,2503,8,2021-10-01T12:45:00,38,Outbound,QBR,Completed,2,0.59,233,13,True
6968,4850,5,2024-04-08T12:30:00,42,Outbound,Follow-Up,Completed,5,0.57,232,6,True
6969,3976,15,2022-06-10T16:15:00,55,Inbound,Negotiation,Completed,2,0.71,188,8,False
6970,1096,12,2022-09-20T10:30:00,1,Outbound,Technical Deep Dive,Voicemail,1,,,0,False
6971,498,14,2021-04-04T14:15:00,35,Outbound,Follow-Up,Completed,2,0.6,97,9,False
6972,483,16,2024-12-10T10:30:00,50,Outbound,Discovery,Completed,5,0.67,90,3,False
6973,4459,5,2024-06-18T12:15:00,26,Outbound,Follow-Up,Completed,5,0.64,78,20,True
6974,1289,14,2024-09-06T12:30:00,41,Outbound,Discovery,Completed,4,0.54,63,6,True
6975,4895,15,2024-12-27T10:45:00,60,Inbound,Technical Deep Dive,Completed,2,0.68,78,15,False
6976,3582,8,2024-12-15T14:15:00,38,Outbound,Technical Deep Dive,Completed,2,0.52,159,15,False
6977,463,10,2024-08-26T13:15:00,37,Outbound,Discovery,Rescheduled,1,,,0,False
6978,4011,5,2022-09-17T11:45:00,0,Inbound,Check-In,No Show,1,,,0,False
6979,3558,10,2024-05-18T15:15:00,31,Outbound,Follow-Up,Completed,7,0.42,112,15,False
6980,3241,16,2024-12-10T15:30:00,19,Outbound,QBR,Completed,3,0.87,168,5,False
6981,4570,15,2024-12-03T10:15:00,27,Outbound,QBR,Rescheduled,1,,,0,False
6982,2771,16,2024-11-17T13:30:00,51,Inbound,Discovery,Completed,7,0.85,200,2,False
6983,1112,1,2022-10-03T12:30:00,1,Outbound,Follow-Up,Voicemail,1,,,0,False
6984,3754,8,2024-12-21T11:45:00,25,Outbound,Follow-Up,Completed,7,0.55,166,19,False
6985,1400,13,2024-12-27T12:30:00,43,Outbound,Demo,Completed,8,0.67,263,2,False
6986,4728,12,2024-10-28T13:30:00,23,Outbound,QBR,Completed,5,0.4,76,17,True
6987,1044,13,2024-12-18T15:45:00,25,Outbound,Negotiation,Rescheduled,1,,,0,False
6988,32,15,2024-11-16T12:45:00,53,Outbound,Demo,Completed,7,0.64,224,7,False
6989,3606,5,2024-03-13T11:30:00,34,Inbound,QBR,Completed,6,0.63,152,7,True
6990,608,13,2024-12-27T11:30:00,16,Outbound,Demo,Completed,8,0.71,205,14,False
6991,1701,2,2024-02-02T15:30:00,59,Outbound,Check-In,Completed,8,0.41,83,22,False
6992,2534,15,2024-08-19T10:45:00,30,Outbound,QBR,Completed,7,1.11,33,8,True
6993,806,6,2024-07-11T15:45:00,0,Inbound,Check-In,No Show,1,,,0,False
6994,20,9,2024-10-26T14:00:00,3,Outbound,Negotiation,Voicemail,1,,,0,False
6995,1707,12,2023-02-07T12:15:00,54,Outbound,Negotiation,Completed,5,0.67,35,4,False
6996,1632,15,2024-10-30T11:30:00,46,Outbound,Negotiation,Completed,2,0.61,196,6,False
6997,4101,15,2024-09-23T11:15:00,0,Outbound,Technical Deep Dive,No Show,1,,,0,False
6998,1089,9,2024-12-31T14:45:00,54,Inbound,Discovery,Completed,4,0.41,50,20,True
6999,808,1,2024-04-27T10:00:00,20,Outbound,Technical Deep Dive,Completed,2,0.61,204,14,True
7000,2688,3,2024-06-22T12:15:00,57,Inbound,Technical Deep Dive,Completed,6,0.39,59,28,True
7001,2243,2,2024-12-29T12:00:00,22,Inbound,Check-In,Completed,8,0.79,227,6,True
7002,3892,10,2030-06-15T10:00:00,37,Outbound,QBR,Rescheduled,1,,,0,False
7003,4539,2,2024-11-07T10:15:00,16,Outbound,Technical Deep Dive,Completed,8,0.49,99,12,True
7004,4831,4,2023-06-16T12:45:00,30,Outbound,Follow-Up,Completed,7,1.35,57,6,True
7005,150,15,2024-11-10T14:45:00,15,Outbound,Technical Deep Dive,Completed,3,0.55,216,12,False
7006,220,10,2023-07-07T13:45:00,0,Outbound,Technical Deep Dive,No Show,1,,,0,False
7007,2712,12,2024-11-11T10:15:00,59,Outbound,Check-In,Completed,8,0.82,158,13,False
7008,4326,5,2024-09-14T13:45:00,30,Inbound,Discovery,Completed,3,0.7,103,17,False
7009,243,7,2024-06-11T15:15:00,42,Outbound,Negotiation,Completed,6,0.59,196,12,True
7010,443,3,2024-09-15T17:45:00,0,Inbound,Technical Deep Dive,No Show,1,,,0,False
7011,191,3,2024-06-09T13:30:00,30,Outbound,Check-In,Completed,7,0.57,189,12,True
7012,2738,14,2023-05-30T09:00:00,0,Outbound,Check-In,No Show,1,,,0,False
7013,2215,6,2024-12-22T16:30:00,23,Outbound,QBR,Completed,7,0.5,34,15,True
7014,2075,1,2022-07-04T15:00:00,15,Inbound,Negotiation,Completed,3,0.51,136,16,True
7015,1487,14,2023-07-27T10:30:00,58,Outbound,Demo,Completed,8,0.72,103,5,False
7016,2851,15,2024-11-23T10:00:00,25,Outbound,Check-In,Completed,4,0.6,239,11,True
7017,98,2,2024-12-17T14:00:00,32,Outbound,Check-In,Completed,3,0.42,74,10,True
7018,642,5,2023-05-11T13:15:00,0,Inbound,Check-In,No Show,1,,,0,False
7019,308,14,2021-05-05T13:45:00,26,Outbound,Negotiation,Completed,5,0.43,232,12,False
7020,5000,7,2024-07-12T13:45:00,18,Outbound,Follow-Up,Completed,3,0.52,58,14,True
7021,383,11,2024-07-13T14:15:00,26,Inbound,Technical Deep Dive,Completed,2,0.53,47,8,True
7022,776,7,2022-11-20T13:15:00,44,Outbound,QBR,Completed,8,0.65,185,8,False
7023,1654,5,2024-12-19T15:00:00,0,Outbound,Discovery,No Show,1,,,0,False
7024,4378,13,2021-07-08T11:30:00,0,Inbound,Follow-Up,No Show,1,,,0,False
7025,2930,14,2024-12-21T17:00:00,2,Outbound,Technical Deep Dive,Voicemail,1,,,0,False
7026,4999,13,2024-07-13T15:45:00,32,Inbound,Discovery,Completed,3,1.02,175,7,False
7027,1078,14,2024-01-30T11:00:00,28,Inbound,Follow-Up,Completed,7,0.52,40,11,True
7028,880,13,2024-02-05T12:30:00,55,Inbound,Check-In,Completed,8,0.72,123,5,False
7029,4228,16,2024-12-02T09:30:00,30,Inbound,Demo,Rescheduled,1,,,0,False
7030,3339,8,2020-12-20T10:00:00,32,Outbound,Negotiation,Completed,8,0.61,112,8,True
7031,4404,6,2024-10-19T14:00:00,0,Outbound,Discovery,No Show,1,,,0,False
7032,3520,6,2023-05-22T09:30:00,20,Outbound,Discovery,Completed,5,0.37,182,19,True
7033,1778,15,2024-04-18T11:15:00,33,Outbound,Follow-Up,Completed,7,0.54,33,5,False
7034,4406,13,2023-02-07T11:15:00,,Outbound,QBR,Completed,5,0.89,241,3,False
7035,2514,9,2024-01-21T15:15:00,36,Inbound,Demo,Rescheduled,1,,,0,False
7036,4548,9,2024-07-30T15:15:00,39,Outbound,Demo,Completed,8,0.55,288,4,False
7037,2498,3,2030-06-15T10:00:00,28,Outbound,Demo,Completed,7,0.41,41,24,True
7038,217,12,2023-04-03T16:00:00,56,Outbound,Check-In,Completed,6,0.59,71,12,False
7039,2692,2,2024-12-22T10:45:00,,Outbound,Discovery,No Show,1,,,0,False
7040,4338,7,2024-06-17T12:15:00,40,Outbound,Discovery,Completed,7,0.68,35,12,True
7041,4506,7,2024-07-18T15:00:00,33,Outbound,QBR,Completed,5,0.77,189,8,True
7042,1670,13,2024-12-13T16:30:00,3,Outbound,Negotiation,Voicemail,1,,,0,False
7043,118,9,2024-04-04T16:00:00,43,Outbound,Demo,Completed,2,0.34,77,9,True
7044,2533,1,2024-08-21T15:30:00,19,Inbound,Follow-Up,Completed,2,0.54,55,8,False
7045,1318,4,2024-08-21T13:30:00,40,Outbound,Negotiation,Completed,2,0.79,263,13,False
7046,4128,6,2024-08-20T14:30:00,0,Outbound,Discovery,No Show,1,,,0,False
7047,4118,1,2021-11-12T15:45:00,42,Inbound,Check-In,Completed,3,0.55,248,3,False
7048,1412,1,2024-09-19T08:00:00,39,Outbound,Follow-Up,Rescheduled,1,,,0,False
7049,3877,16,2024-12-11T13:30:00,27,Outbound,Technical Deep Dive,Completed,7,0.72,87,4,False
7050,3078,9,2020-12-20T12:00:00,39,Inbound,Demo,Completed,7,1.26,30,4,True
7051,4380,13,2023-09-29T17:15:00,23,Outbound,Negotiation,Completed,3,0.91,276,9,False
7052,4105,14,2024-12-17T11:30:00,1,Outbound,Technical Deep Dive,Voicemail,1,,,0,False
7053,2682,6,2022-02-15T12:30:00,59,Outbound,Follow-Up,Completed,2,0.7,151,7,False
7054,196,7,2021-06-09T10:15:00,0,Inbound,Discovery,No Show,1,,,0,False
7055,1755,3,2022-05-04T15:15:00,42,Outbound,Follow-Up,Completed,5,0.54,142,16,False
7056,4875,11,2024-12-29T17:00:00,25,Inbound,QBR,Rescheduled,1,,,0,False
7057,4645,5,2022-07-22T15:00:00,28,Inbound,Discovery,Completed,7,0.66,156,11,False
7058,4920,4,2023-10-10T13:45:00,26,Outbound,Follow-Up,Completed,6,1.13,55,12,False
7059,1060,1,2024-12-26T13:00:00,52,Outbound,Technical Deep Dive,Completed,2,0.53,34,15,True
7060,3043,7,2021-03-17T11:45:00,56,Outbound,QBR,Completed,6,1.17,231,3,False
7061,566,13,2021-08-29T11:15:00,29,Outbound,QBR,Completed,6,0.77,163,12,False
7062,4450,5,2024-12-28T12:30:00,40,Outbound,Discovery,Completed,2,0.35,177,8,True
7063,433,1,2024-12-05T12:15:00,18,Outbound,Negotiation,Completed,3,0.43,129,6,False
7064,2975,12,2024-12-29T12:45:00,48,Inbound,QBR,Completed,6,0.6,258,11,False
7065,2844,6,2024-06-10T09:45:00,0,Outbound,Follow-Up,No Show,1,,,0,False
7066,4957,9,2024-06-06T14:00:00,35,Inbound,Negotiation,Completed,6,0.47,168,17,True
7067,4919,12,2022-11-22T12:15:00,39,Inbound,Follow-Up,Completed,5,0.71,65,9,True
7068,2873,7,2024-06-12T10:45:00,20,Outbound,Check-In,Completed,3,0.4,81,15,True
7069,3618,13,2023-10-14T13:30:00,52,Inbound,Negotiation,Rescheduled,1,,,0,False
7070,2335,10,2023-11-30T11:00:00,30,Inbound,Negotiation,Completed,8,0.55,128,9,True
7071,1542,13,2022-12-18T14:30:00,33,Outbound,QBR,Completed,4,0.9,142,5,False
7072,253,11,2024-11-12T09:00:00,,Outbound,Follow-Up,Completed,7,0.6,94,4,True
7073,1805,7,2024-04-03T16:15:00,29,Outbound,Technical Deep Dive,Completed,2,0.57,206,18,True
7074,861,16,2024-12-10T10:00:00,34,Inbound,Discovery,Rescheduled,1,,,0,False
7075,613,13,2023-05-16T10:45:00,29,Outbound,Check-In,Completed,2,0.82,30,2,True
7076,2493,12,2024-11-12T13:45:00,51,Outbound,Demo,Completed,7,0.59,91,3,True
7077,589,2,2024-12-21T15:30:00,36,Outbound,Negotiation,Completed,5,0.45,69,10,False
7078,3717,7,2030-06-15T10:00:00,36,Outbound,Negotiation,Completed,3,0.5,196,4,False
7079,2521,7,2024-09-03T13:15:00,40,Outbound,Negotiation,Rescheduled,1,,,0,False
7080,1350,15,2022-09-12T16:00:00,43,Inbound,Technical Deep Dive,Completed,7,0.79,74,11,False
7081,1686,4,2023-09-05T10:30:00,39,Inbound,Demo,Completed,2,0.35,196,14,False
7082,258,10,2022-06-15T13:30:00,18,Outbound,Discovery,Completed,6,0.72,184,9,False
7083,3298,6,2024-12-13T10:00:00,36,Outbound,Discovery,Completed,5,0.48,189,20,False
7084,4374,16,2024-10-23T11:45:00,53,Outbound,Negotiation,Completed,5,0.44,154,15,True
7085,2048,16,2024-11-06T11:45:00,36,Inbound,QBR,Rescheduled,1,,,0,False
7086,1613,7,2023-11-12T14:30:00,28,Outbound,QBR,Completed,8,0.49,37,16,False
7087,3868,9,2021-04-01T10:30:00,53,Outbound,QBR,Completed,4,0.4,34,12,False
7088,4576,9,2024-12-24T14:00:00,3,Outbound,Discovery,Voicemail,1,,,0,False
7089,1139,6,2024-06-21T13:15:00,49,Outbound,Check-In,Completed,5,0.37,77,16,False
7090,226,8,2024-04-02T15:30:00,31,Inbound,Technical Deep Dive,Completed,6,0.64,92,3,False
7091,2800,3,2024-08-18T13:00:00,21,Inbound,Discovery,Completed,2,0.32,85,24,True
7092,2387,5,2024-12-25T09:30:00,18,Inbound,Discovery,Completed,5,0.5,162,8,False
7093,2547,5,2023-11-29T12:00:00,30,Outbound,Discovery,Completed,7,0.4,155,4,True
7094,492,1,2023-03-07T10:00:00,35,Outbound,Negotiation,Rescheduled,1,,,0,False
7095,907,11,2024-12-05T16:30:00,46,Inbound,Follow-Up,Completed,3,0.38,101,21,True
7096,2488,12,2024-07-02T10:30:00,17,Outbound,Discovery,Rescheduled,1,,,0,False
7097,1175,10,2024-09-01T10:45:00,29,Inbound,Discovery,Completed,3,0.68,176,10,False
7098,289,8,2022-03-11T12:00:00,53,Outbound,Discovery,Completed,7,0.66,153,15,True
7099,4514,13,2024-10-23T13:15:00,50,Outbound,QBR,Completed,5,0.74,202,7,True
7100,4571,5,2023-08-29T14:45:00,,Outbound,Technical Deep Dive,Completed,3,0.67,178,7,False
7101,2851,15,2024-10-29T10:15:00,0,Inbound,Technical Deep Dive,No Show,1,,,0,False
7102,4613,2,2022-07-24T15:45:00,59,Outbound,Technical Deep Dive,Completed,3,0.46,134,8,False
7103,1118,10,2024-02-07T12:15:00,0,Outbound,QBR,No Show,1,,,0,False
7104,2406,13,2024-12-13T10:45:00,21,Inbound,Discovery,Completed,4,0.44,113,10,True
7105,3009,11,2021-09-17T14:00:00,45,Outbound,QBR,Completed,5,0.52,106,14,True
7106,2110,8,2024-12-31T12:30:00,1,Inbound,Follow-Up,Voicemail,1,,,0,False
7107,3995,9,2024-06-17T09:15:00,55,Outbound,Discovery,Completed,6,0.34,141,9,True
7108,2782,16,2024-12-07T11:45:00,0,Outbound,Discovery,No Show,1,,,0,False
7109,3304,3,2024-12-17T16:00:00,30,Outbound,Discovery,Completed,6,0.76,181,3,True
7110,3784,5,2024-01-15T08:45:00,36,Outbound,Follow-Up,Completed,4,0.74,266,14,False
7111,1923,15,2024-12-07T12:15:00,53,Inbound,Follow-Up,Completed,3,0.83,78,8,False
7112,2802,7,2024-10-01T12:30:00,34,Inbound,Discovery,Completed,4,0.37,208,15,False
7113,2373,6,2023-09-02T12:30:00,0,Outbound,Technical Deep Dive,No Show,1,,,0,False
7114,4695,11,2024-08-31T08:45:00,17,Inbound,Discovery,Rescheduled,1,,,0,False
7115,3700,8,2024-12-14T10:45:00,,Outbound,Negotiation,Completed,5,0.53,78,14,False
7116,349,4,2023-12-27T14:15:00,56,Outbound,Follow-Up,Completed,8,0.69,196,13,False
7117,2900,1,2023-11-22T15:45:00,29,Outbound,Demo,Completed,3,0.61,192,4,False
7118,1091,7,2024-09-07T15:00:00,29,Outbound,Technical Deep Dive,Completed,6,0.61,238,16,False
7119,250,1,2023-12-19T10:00:00,,Outbound,Demo,Completed,3,0.29,84,28,True
7120,4383,13,2024-08-19T13:45:00,16,Outbound,QBR,Completed,6,0.68,206,4,False
7121,877,10,2024-11-01T11:45:00,25,Outbound,Discovery,Completed,6,0.55,128,12,False
7122,2137,13,2024-05-31T16:00:00,31,Outbound,Discovery,Completed,2,0.57,93,12,False
7123,2543,1,2023-07-15T16:45:00,0,Outbound,Demo,No Show,1,,,0,False
7124,4395,12,2024-10-24T11:30:00,-46,Outbound,QBR,Rescheduled,1,,,0,False
7125,1287,5,2024-03-23T17:00:00,49,Outbound,Check-In,Rescheduled,1,,,0,False
7126,2198,15,2024-11-01T13:15:00,1,Outbound,QBR,Voicemail,1,,,0,False
7127,2301,16,2024-11-12T12:45:00,43,Outbound,Demo,Completed,7,0.72,213,6,False
7128,1650,12,2020-09-22T15:30:00,50,Outbound,Follow-Up,Completed,5,0.42,80,13,True
7129,239,9,2024-12-29T11:15:00,0,Outbound,Discovery,No Show,1,,,0,False
7130,3221,3,2021-01-27T12:45:00,56,Inbound,Technical Deep Dive,Rescheduled,1,,,0,False
7131,1497,11,2022-10-22T13:45:00,59,Inbound,Technical Deep Dive,Completed,8,0.67,259,10,True
7132,502,6,2023-07-27T15:15:00,15,Inbound,Follow-Up,Completed,2,0.45,106,18,False
7133,3254,8,2024-12-01T12:45:00,51,Outbound,Technical Deep Dive,Completed,5,0.65,102,5,True
7134,508,9,2022-01-20T12:30:00,55,Outbound,QBR,Rescheduled,1,,,0,False
7135,1612,13,2023-02-23T14:45:00,22,Outbound,QBR,Completed,4,0.91,235,2,False
7136,3527,5,2023-10-11T12:00:00,17,Outbound,Demo,Completed,2,0.53,239,8,True
7137,3716,4,2024-11-24T08:15:00,48,Outbound,Demo,Completed,8,0.66,223,6,True
7138,4506,7,2030-06-15T10:00:00,58,Outbound,Technical Deep Dive,Completed,7,0.85,117,12,False
7139,3806,1,2024-12-11T14:15:00,42,Outbound,Negotiation,Completed,4,0.49,38,22,True
7140,1016,1,2023-09-09T14:30:00,30,Outbound,Negotiation,Completed,8,0.61,231,22,False
7141,4349,10,2024-11-22T13:45:00,23,Outbound,QBR,Completed,7,0.72,203,13,True
7142,1698,8,2024-12-22T12:30:00,25,Outbound,QBR,Completed,3,0.76,204,15,False
7143,3910,2,2024-09-03T10:15:00,53,Outbound,Discovery,Completed,6,0.53,94,9,True
7144,4213,14,2023-07-08T16:00:00,42,Inbound,QBR,Rescheduled,1,,,0,False
7145,2404,16,2024-12-10T15:30:00,15,Outbound,Technical Deep Dive,Completed,2,0.65,175,6,True
7146,4280,9,2023-11-19T10:00:00,23,Outbound,Technical Deep Dive,Completed,2,0.65,119,14,False
7147,629,16,2024-12-26T14:45:00,38,Inbound,Negotiation,Completed,7,0.47,224,15,True
7148,684,8,2024-08-21T10:00:00,0,Outbound,Technical Deep Dive,No Show,1,,,0,False
7149,1527,14,2021-09-21T12:15:00,41,Inbound,Negotiation,Completed,3,0.49,206,14,False
7150,2158,6,2024-12-21T14:15:00,18,Outbound,Follow-Up,Completed,2,0.37,93,10,False
7151,4874,5,2023-09-08T11:15:00,15,Outbound,QBR,Completed,5,0.38,130,14,False
7152,2611,1,2023-04-25T13:15:00,49,Outbound,Check-In,Completed,3,0.54,230,7,False
7153,2608,11,2024-09-28T11:15:00,3,Outbound,Demo,Voicemail,1,,,0,False
7154,242,1,2024-10-16T15:15:00,60,Outbound,Check-In,Rescheduled,1,,,0,False
7155,4989,9,2024-10-10T10:15:00,0,Inbound,Follow-Up,No Show,1,,,0,False
7156,2491,6,2024-01-23T16:30:00,47,Outbound,Check-In,Completed,6,0.5,180,6,True
7157,4954,8,2024-03-02T13:15:00,39,Outbound,Check-In,Completed,2,0.67,231,13,True
7158,89,14,2022-12-01T16:30:00,41,Outbound,Check-In,Completed,4,0.56,135,5,False
7159,328,1,2020-08-16T15:45:00,22,Outbound,Technical Deep Dive,Completed,2,0.7,37,9,True
7160,1083,8,2023-12-17T13:15:00,37,Outbound,Technical Deep Dive,Completed,7,1.18,155,21,True
7161,768,16,2024-06-07T16:45:00,43,Outbound,Negotiation,Completed,6,0.58,103,3,False
7162,4356,7,2023-01-02T08:15:00,47,Inbound,Negotiation,Completed,5,0.62,70,11,False
7163,1713,3,2024-09-28T14:30:00,0,Inbound,Check-In,No Show,1,,,0,False
7164,1121,15,2024-12-08T11:30:00,0,Outbound,Technical Deep Dive,No Show,1,,,0,False
7165,1570,2,2023-08-28T15:15:00,60,Inbound,Follow-Up,Completed,8,0.54,199,24,True
7166,3997,11,2024-12-30T11:45:00,35,Outbound,QBR,Completed,4,0.69,183,13,True
7167,2678,15,2024-12-07T11:30:00,24,Outbound,Negotiation,Completed,3,0.85,182,3,True
7168,2834,2,2024-06-30T15:00:00,30,Outbound,Discovery,Completed,6,0.36,122,6,True
7169,1900,16,2024-11-15T13:15:00,48,Outbound,Negotiation,Completed,5,0.6,37,4,False
7170,723,13,2024-05-10T15:15:00,42,Outbound,Check-In,Completed,8,0.57,187,13,True
7171,2771,16,2024-12-25T10:45:00,38,Outbound,Negotiation,Completed,3,0.78,200,6,False
7172,1732,16,2024-12-26T13:30:00,0,Outbound,Demo,No Show,1,,,0,False
7173,4038,9,2021-11-30T14:30:00,39,Outbound,Demo,Completed,5,0.42,190,4,False
7174,2499,8,2023-11-13T13:45:00,31,Outbound,Demo,Completed,2,0.73,144,3,False
7175,4177,12,2023-04-19T11:30:00,17,Outbound,Negotiation,Completed,3,0.59,35,6,True
7176,2954,6,2024-12-17T11:45:00,18,Outbound,Discovery,Completed,8,0.66,75,17,False
7177,2641,2,2024-12-25T11:00:00,0,Outbound,Demo,No Show,1,,,0,False
7178,3386,14,2023-06-21T15:15:00,50,Outbound,Follow-Up,Completed,4,0.67,195,7,False
7179,3362,2,2022-08-13T16:15:00,19,Outbound,Follow-Up,Completed,8,0.58,109,15,False
7180,4549,8,2024-12-20T12:15:00,52,Outbound,Technical Deep Dive,Completed,8,0.6,180,2,False
7181,4870,16,2024-12-01T14:15:00,15,Outbound,Negotiation,Rescheduled,1,,,0,False
7182,4608,8,2024-12-08T09:30:00,59,Outbound,Demo,Completed,3,0.51,59,12,True
7183,660,1,2024-10-23T17:45:00,0,Inbound,Negotiation,No Show,1,,,0,False
7184,33,14,2022-11-09T14:30:00,25,Outbound,Negotiation,Completed,4,0.43,142,8,False
7185,4982,5,2024-05-10T13:15:00,,Outbound,Demo,Rescheduled,1,,,0,False
7186,3218,15,2024-12-25T12:15:00,23,Outbound,Check-In,Completed,3,0.4,161,16,False
7187,1215,2,2024-06-12T08:15:00,47,Outbound,Discovery,Completed,2,0.37,89,16,True
7188,4488,13,2022-05-23T15:00:00,28,Outbound,QBR,Completed,5,0.7,192,12,False
7189,2966,9,2024-03-01T14:45:00,58,Outbound,Discovery,Completed,6,0.42,214,4,True
7190,2559,12,2023-05-06T13:45:00,59,Outbound,Follow-Up,Completed,4,0.5,165,7,False
7191,3447,3,2024-05-27T14:45:00,38,Outbound,Follow-Up,Completed,7,0.36,120,16,True
7192,912,8,2024-10-17T08:45:00,0,Outbound,QBR,No Show,1,,,0,False
7193,3819,14,2024-04-21T14:15:00,22,Outbound,Negotiation,Completed,6,0.58,68,6,True
7194,2836,9,2023-08-24T08:00:00,22,Outbound,Demo,Completed,4,0.41,228,7,False
7195,2753,4,2021-02-21T12:15:00,29,Outbound,Negotiation,Completed,6,0.52,97,14,True
7196,2906,13,2024-11-11T11:00:00,53,Inbound,Discovery,Completed,4,0.45,126,13,False
7197,3774,7,2024-03-13T11:30:00,39,Outbound,QBR,Completed,5,0.46,222,14,False
7198,3104,11,2024-12-17T10:00:00,0,Inbound,Demo,No Show,1,,,0,False
7199,1842,12,2024-09-07T10:45:00,30,Outbound,Demo,Completed,8,0.77,270,1,False
7200,3568,6,2024-12-27T15:45:00,33,Inbound,Check-In,Completed,4,0.38,156,19,False
7201,1418,16,2024-12-25T11:30:00,42,Inbound,Follow-Up,Completed,3,0.5,156,7,True
7202,1981,13,2022-06-18T11:15:00,41,Outbound,Technical Deep Dive,Completed,7,0.51,235,8,False
7203,3483,5,2024-05-24T11:30:00,30,Outbound,Discovery,Completed,3,0.41,134,20,False
7204,4225,16,2022-08-02T15:00:00,36,Inbound,Demo,Completed,6,0.66,148,4,True
7205,1886,15,2024-10-27T12:15:00,32,Outbound,Check-In,Completed,4,0.56,223,8,False
7206,4116,9,2024-08-22T13:45:00,,Inbound,Check-In,Completed,4,0.69,180,9,True
7207,2290,12,2023-10-11T16:45:00,18,Outbound,Negotiation,Completed,7,0.78,130,7,False
7208,676,7,2024-12-03T14:00:00,32,Outbound,Check-In,Completed,4,0.57,219,10,False
7209,3616,5,2022-02-02T15:30:00,0,Outbound,Technical Deep Dive,No Show,1,,,0,False
7210,483,16,2024-10-08T14:15:00,42,Outbound,QBR,Rescheduled,1,,,0,False
7211,3671,12,2023-02-08T17:30:00,38,Outbound,Check-In,Completed,3,0.42,166,15,True
7212,3253,13,2024-12-22T14:15:00,32,Outbound,Demo,Completed,3,0.7,183,4,False
7213,974,9,2024-09-30T12:30:00,19,Outbound,Negotiation,Completed,3,0.43,31,9,False
7214,4200,8,2024-12-01T15:15:00,45,Inbound,Negotiation,Completed,3,0.54,80,8,True
7215,2284,9,2022-05-13T10:15:00,26,Outbound,Negotiation,Completed,6,1.33,101,9,False
7216,1684,5,2024-12-05T09:15:00,27,Outbound,Negotiation,Completed,5,0.62,35,3,False
7217,2949,15,2024-12-06T10:00:00,55,Inbound,Check-In,Completed,6,0.48,142,8,True
7218,153,7,2023-04-03T11:00:00,18,Inbound,Discovery,Completed,7,0.7,207,14,True
7219,2945,3,2022-11-25T15:45:00,0,Outbound,Demo,No Show,1,,,0,False
7220,159,8,2024-02-23T13:15:00,26,Outbound,QBR,Completed,7,0.44,125,5,False
7221,3327,2,2023-07-26T12:45:00,37,Outbound,Demo,Completed,8,0.31,226,20,False
7222,3432,1,2024-12-07T13:30:00,0,Outbound,Negotiation,No Show,1,,,0,False
7223,4244,2,2024-06-10T16:00:00,0,Inbound,Negotiation,No Show,1,,,0,False
7224,1850,1,2024-08-25T09:00:00,30,Outbound,Negotiation,Completed,3,0.47,97,6,True
7225,645,9,2022-04-10T15:30:00,31,Inbound,Technical Deep Dive,Completed,2,0.6,104,7,True
7226,1325,13,2024-07-11T13:15:00,44,Inbound,Demo,Completed,8,0.92,273,2,False
7227,171,4,2024-12-15T11:30:00,19,Outbound,Negotiation,Completed,8,0.59,49,4,True
7228,2312,10,2024-07-25T08:30:00,0,Inbound,Follow-Up,No Show,1,,,0,False
7229,387,8,2024-12-25T15:45:00,56,Inbound,Negotiation,Completed,6,1.43,62,14,False
7230,4347,12,2023-02-07T14:15:00,42,Outbound,Negotiation,Completed,3,0.67,69,9,False
7231,932,1,2021-08-18T13:30:00,0,Inbound,Demo,No Show,1,,,0,False
7232,1276,1,2022-04-05T16:45:00,60,Outbound,Discovery,Completed,3,0.31,84,18,True
7233,942,2,2024-09-18T08:00:00,58,Outbound,Check-In,Completed,5,0.39,56,21,True
7234,2393,12,2022-07-17T10:45:00,17,Inbound,Discovery,Completed,2,0.56,134,12,False
7235,684,8,2024-09-13T13:00:00,52,Outbound,Negotiation,Completed,5,0.53,182,18,False
7236,1080,14,2023-07-03T11:00:00,18,Inbound,QBR,Completed,7,0.71,267,6,False
7237,42,9,2023-07-06T14:30:00,16,Inbound,QBR,Completed,2,0.61,92,17,False
7238,4949,1,2024-05-22T12:15:00,29,Inbound,Follow-Up,Completed,8,0.41,115,21,True
7239,4258,9,2024-12-01T12:00:00,18,Outbound,Check-In,Completed,5,0.39,224,6,False
7240,4107,4,2024-12-14T16:30:00,29,Outbound,QBR,Completed,4,1.43,110,7,False
7241,1373,1,2022-04-13T10:00:00,2,Inbound,Check-In,Voicemail,1,,,0,False
7242,4514,13,2024-09-03T11:15:00,29,Outbound,Technical Deep Dive,Completed,2,0.65,204,7,False
7243,4794,6,2022-06-22T10:15:00,50,Inbound,Technical Deep Dive,Completed,2,0.52,199,18,True
7244,2446,8,2024-12-05T13:45:00,20,Outbound,Check-In,Completed,7,0.56,191,5,True
7245,3479,5,2024-11-24T09:15:00,0,Inbound,QBR,No Show,1,,,0,False
7246,2092,1,2024-08-09T11:15:00,59,Inbound,Discovery,Completed,5,0.36,107,20,False
7247,1616,13,2024-06-28T14:00:00,45,Outbound,Discovery,Completed,8,0.74,160,13,False
7248,4626,16,2023-10-03T14:00:00,48,Inbound,Check-In,Completed,4,0.54,151,9,True
7249,4107,4,2024-12-16T12:45:00,17,Outbound,Follow-Up,Completed,4,0.63,223,4,False
7250,4026,10,2024-12-07T16:30:00,45,Outbound,QBR,Rescheduled,1,,,0,False
7251,2632,13,2022-12-18T10:30:00,37,Inbound,Technical Deep Dive,Completed,4,0.58,170,13,True
7252,1148,6,2024-10-28T12:15:00,19,Outbound,Technical Deep Dive,Completed,4,0.54,165,14,False
7253,1317,1,2024-12-16T15:45:00,17,Outbound,Technical Deep Dive,Completed,3,0.55,227,7,True
7254,1304,16,2024-11-13T14:45:00,51,Outbound,Check-In,Completed,4,0.54,120,14,False
7255,2726,2,2024-06-19T15:45:00,,Outbound,Demo,Completed,3,0.35,137,12,False
7256,1180,1,2024-12-14T13:15:00,58,Outbound,Technical Deep Dive,Completed,8,0.41,191,18,True
7257,3855,12,2023-05-12T10:30:00,53,Outbound,Check-In,Rescheduled,1,,,0,False
7258,3693,15,2024-05-18T12:45:00,20,Outbound,Technical Deep Dive,Completed,7,0.72,201,6,False
7259,4541,11,2022-08-26T17:15:00,57,Inbound,Demo,Completed,3,0.39,31,7,False
7260,3794,14,2024-12-25T08:45:00,53,Inbound,Discovery,Completed,6,0.56,237,6,True
7261,1849,8,2024-07-20T12:45:00,19,Outbound,Check-In,Completed,2,0.63,78,19,False
7262,3728,2,2021-05-17T16:00:00,0,Outbound,Negotiation,No Show,1,,,0,False
7263,1988,16,2024-11-05T14:00:00,0,Outbound,QBR,No Show,1,,,0,False
7264,2215,6,2024-12-12T13:30:00,16,Inbound,Discovery,Completed,8,0.48,86,6,False
7265,3833,2,2022-05-20T14:00:00,39,Outbound,Negotiation,Completed,6,0.57,147,7,True
7266,3547,2,2024-11-19T12:45:00,23,Outbound,Follow-Up,Completed,6,0.54,115,24,True
7267,2222,4,2023-04-19T10:00:00,23,Outbound,Negotiation,Completed,7,0.56,229,16,False
7268,1432,10,2023-06-26T15:30:00,35,Inbound,Demo,Completed,7,0.51,151,15,False
7269,4269,14,2024-02-14T15:45:00,18,Outbound,Check-In,Completed,4,0.49,183,9,False
7270,2750,9,2030-06-15T10:00:00,56,Inbound,Demo,Rescheduled,1,,,0,False
7271,4572,1,2024-06-11T11:30:00,41,Inbound,Discovery,Completed,5,0.52,138,12,False
7272,2250,15,2024-12-19T14:45:00,36,Outbound,Check-In,Completed,8,0.49,80,4,False
7273,979,10,2023-10-22T16:30:00,44,Outbound,Demo,Completed,5,0.62,30,9,False
7274,905,5,2024-12-22T11:30:00,50,Outbound,QBR,Completed,8,0.78,38,12,True
7275,4820,6,2024-04-11T14:00:00,38,Inbound,QBR,Completed,7,0.36,145,9,True
7276,4099,7,2024-12-20T12:45:00,35,Inbound,Check-In,Completed,8,0.54,113,9,True
7277,3815,6,2020-12-08T10:45:00,19,Inbound,Negotiation,Completed,3,0.36,152,7,False
7278,3501,3,2023-11-15T11:00:00,1,Outbound,Follow-Up,Voicemail,1,,,0,False
7279,2899,5,2024-12-25T12:00:00,15,Outbound,Follow-Up,Completed,2,0.53,77,18,False
7280,2481,3,2024-09-29T16:45:00,0,Outbound,Negotiation,No Show,1,,,0,False
7281,4941,6,2023-04-17T13:30:00,34,Outbound,Demo,Completed,6,0.46,81,20,True
7282,3158,16,2024-11-08T13:15:00,38,Outbound,Negotiation,Completed,3,1.05,278,4,False
7283,485,15,2024-04-12T16:00:00,27,Outbound,Negotiation,Completed,4,0.71,223,12,False
7284,1530,16,2024-12-13T09:00:00,34,Outbound,QBR,Completed,7,0.49,143,4,False
7285,4593,10,2023-02-23T15:00:00,33,Outbound,Technical Deep Dive,Completed,8,0.56,51,3,True
7286,2542,3,2024-12-16T14:45:00,39,Outbound,Check-In,Completed,7,0.48,237,6,True
7287,773,10,2023-10-03T11:30:00,44,Outbound,Check-In,Completed,4,0.51,132,8,False
7288,1939,16,2024-11-07T10:15:00,36,Outbound,Check-In,Completed,8,0.55,144,16,True
7289,637,12,2024-12-29T13:45:00,27,Outbound,Demo,Completed,2,0.48,155,10,False
7290,1386,16,2024-05-20T14:45:00,23,Outbound,Technical Deep Dive,Completed,5,0.55,73,13,True
7291,2776,1,2024-09-20T14:15:00,32,Outbound,Follow-Up,Completed,5,0.69,86,16,True
7292,362,9,2024-02-01T10:30:00,0,Inbound,Demo,No Show,1,,,0,False
7293,2628,14,2024-10-05T13:45:00,0,Outbound,Technical Deep Dive,No Show,1,,,0,False
7294,1567,5,2020-09-18T10:45:00,3,Outbound,Discovery,Voicemail,1,,,0,False
7295,4366,14,2024-12-28T14:30:00,47,Outbound,Negotiation,Completed,3,0.5,35,13,False
7296,2420,8,2030-06-15T10:00:00,35,Outbound,QBR,Completed,7,1.27,55,15,True
7297,3440,5,2024-11-26T16:30:00,1,Outbound,Discovery,Voicemail,1,,,0,False
7298,2356,12,2023-12-09T09:30:00,24,Outbound,QBR,Rescheduled,1,,,0,False
7299,2193,15,2023-01-09T12:45:00,60,Outbound,Demo,Completed,7,0.71,203,6,False
7300,184,3,2023-06-15T10:30:00,39,Outbound,Check-In,Completed,5,0.64,224,15,True
7301,830,10,2024-12-13T13:30:00,36,Outbound,Technical Deep Dive,Completed,6,0.58,239,15,True
7302,68,2,2024-10-28T14:00:00,35,Outbound,QBR,Completed,5,0.48,198,7,True
7303,3932,2,2021-10-21T13:15:00,53,Outbound,Discovery,Completed,4,0.26,129,19,True
7304,1173,16,2024-12-22T11:15:00,0,Outbound,Follow-Up,No Show,1,,,0,False
7305,876,3,2023-02-19T12:45:00,2,Outbound,Negotiation,Voicemail,1,,,0,False
7306,337,2,2024-07-26T14:45:00,53,Outbound,Check-In,Completed,7,0.49,147,26,True
7307,134,7,2024-02-28T16:00:00,23,Outbound,Technical Deep Dive,Completed,7,0.57,215,4,True
7308,4567,9,2024-04-09T15:30:00,29,Outbound,Check-In,Completed,8,0.5,33,13,True
7309,3379,5,2023-03-31T12:00:00,0,Outbound,Technical Deep Dive,No Show,1,,,0,False
7310,3723,1,2023-12-16T09:30:00,44,Inbound,Check-In,Completed,6,0.34,68,15,True
7311,223,9,2024-11-11T09:00:00,38,Outbound,Negotiation,Completed,8,0.52,206,13,False
7312,2962,16,2024-10-09T15:15:00,49,Outbound,Discovery,Completed,4,0.49,65,6,True
7313,3983,16,2024-12-26T11:30:00,17,Inbound,Negotiation,Completed,7,0.51,48,8,True
7314,2831,14,2023-04-29T14:00:00,19,Outbound,Discovery,Completed,7,0.55,75,5,True
7315,2055,14,2024-03-10T11:30:00,49,Inbound,Negotiation,Completed,7,0.68,94,7,False
7316,1988,16,2024-12-19T13:00:00,44,Outbound,Technical Deep Dive,Completed,6,0.52,219,8,False
7317,2738,14,2023-05-09T13:15:00,44,Inbound,QBR,Rescheduled,1,,,0,False
7318,2244,11,2023-11-21T17:00:00,20,Outbound,Demo,Completed,5,0.41,54,12,True
7319,464,14,2022-08-07T14:30:00,35,Outbound,Check-In,Completed,7,0.51,164,6,True
7320,2590,7,2024-12-27T12:00:00,58,Outbound,Technical Deep Dive,Completed,5,0.67,43,16,True
7321,185,8,2024-12-04T11:45:00,30,Outbound,Technical Deep Dive,Rescheduled,1,,,0,False
7322,3915,6,2023-07-26T15:15:00,24,Outbound,Negotiation,Completed,7,0.62,80,12,False
7323,1766,7,2024-12-15T09:15:00,25,Inbound,Negotiation,Completed,5,0.36,194,19,True
7324,4720,16,2023-08-08T13:45:00,33,Inbound,Check-In,Completed,8,0.46,73,12,False
7325,1497,11,2030-06-15T10:00:00,42,Outbound,Technical Deep Dive,Completed,7,1.12,198,4,False
7326,1073,10,2022-04-14T12:30:00,24,Inbound,Demo,Completed,6,0.52,190,6,True
7327,4637,15,2024-11-07T09:15:00,38,Inbound,Technical Deep Dive,Completed,7,0.42,71,16,False
7328,1791,13,2023-05-23T13:30:00,29,Inbound,Technical Deep Dive,Completed,7,0.82,268,9,False
7329,3314,4,2024-11-17T13:15:00,22,Inbound,Technical Deep Dive,Completed,3,0.67,168,11,False
7330,1708,12,2024-09-30T10:00:00,17,Inbound,QBR,Completed,7,0.66,220,4,True
7331,1410,1,2024-12-16T10:30:00,33,Outbound,QBR,Completed,6,0.45,96,10,False
7332,3578,4,2022-03-09T13:00:00,23,Outbound,Negotiation,Completed,2,0.62,91,13,True
7333,4751,4,2023-07-20T17:45:00,21,Inbound,QBR,Completed,3,0.39,87,13,False
7334,4381,7,2023-12-25T15:15:00,17,Outbound,Discovery,Completed,5,0.44,200,10,True
7335,1148,6,2024-08-21T15:45:00,49,Outbound,Follow-Up,Completed,2,0.32,50,25,True
7336,2192,16,2024-08-26T14:30:00,59,Outbound,Follow-Up,Completed,4,0.74,193,14,False
7337,685,9,2024-07-19T11:00:00,60,Outbound,Technical Deep Dive,Completed,3,0.53,230,10,False
7338,2779,5,2023-12-16T13:30:00,58,Inbound,Check-In,Completed,7,0.44,126,4,False
7339,1696,13,2024-12-07T14:45:00,33,Inbound,Demo,Rescheduled,1,,,0,False
7340,435,16,2024-08-08T16:00:00,16,Outbound,Demo,Completed,8,0.65,234,3,True
7341,2337,4,2024-12-17T11:15:00,35,Outbound,Check-In,Rescheduled,1,,,0,False
7342,2102,4,2024-11-24T13:30:00,0,Outbound,Demo,No Show,1,,,0,False
7343,1753,12,2024-01-18T11:15:00,47,Inbound,Discovery,Completed,2,0.65,171,12,True
7344,4901,4,2021-01-15T17:00:00,37,Inbound,Negotiation,Completed,3,0.64,174,10,True
7345,2661,12,2024-01-22T12:00:00,51,Outbound,Check-In,Completed,6,0.44,174,5,True
7346,290,7,2024-11-26T14:45:00,30,Inbound,Follow-Up,Completed,3,0.51,164,18,True
7347,3795,6,2030-06-15T10:00:00,33,Outbound,Negotiation,Completed,8,1.4,185,4,False
7348,1440,16,2024-12-05T11:00:00,-37,Outbound,Negotiation,Completed,4,0.57,217,6,False
7349,1584,13,2024-09-26T14:30:00,0,Outbound,Check-In,No Show,1,,,0,False
7350,2385,4,2023-11-13T12:15:00,20,Inbound,Discovery,Rescheduled,1,,,0,False
7351,2601,13,2024-02-15T11:30:00,23,Outbound,Follow-Up,Completed,5,0.61,120,7,True
7352,1708,12,2024-09-21T08:15:00,50,Outbound,Discovery,Completed,5,0.61,166,17,False
7353,3813,1,2024-10-29T17:15:00,16,Outbound,Technical Deep Dive,Completed,3,0.4,205,14,False
7354,4559,1,2024-12-03T15:00:00,31,Inbound,Check-In,Rescheduled,1,,,0,False
7355,2818,16,2024-12-25T10:15:00,,Outbound,Demo,Completed,7,0.86,185,3,False
7356,2479,16,2023-05-27T14:30:00,38,Inbound,Demo,Completed,2,0.67,128,3,False
7357,3630,4,2023-11-05T14:30:00,37,Inbound,Discovery,Completed,6,0.5,91,14,True
7358,1643,2,2023-04-02T09:00:00,58,Inbound,Negotiation,Completed,3,0.46,229,9,True
7359,2124,2,2022-09-05T14:30:00,36,Inbound,Check-In,Completed,2,0.41,138,15,True
7360,1050,15,2021-04-27T15:30:00,20,Outbound,Negotiation,Rescheduled,1,,,0,False
7361,1374,13,2024-12-05T12:15:00,51,Outbound,QBR,Completed,6,0.76,121,11,False
7362,4502,11,2024-11-26T11:45:00,38,Outbound,Demo,Completed,8,0.48,146,12,True
7363,119,14,2024-04-13T14:15:00,35,Outbound,QBR,Completed,4,0.75,97,2,False
7364,3400,4,2023-06-30T14:15:00,44,Inbound,Technical Deep Dive,Completed,8,0.56,202,10,True
7365,523,8,2022-02-14T15:45:00,51,Inbound,Technical Deep Dive,Completed,2,0.59,274,11,True
7366,2130,10,2023-02-21T17:45:00,47,Outbound,QBR,Completed,5,0.56,236,1,True
7367,2047,15,2024-12-03T16:15:00,18,Outbound,Negotiation,Completed,5,0.43,117,15,False
7368,2091,7,2024-05-18T12:30:00,,Outbound,Follow-Up,Completed,6,0.79,109,11,False
7369,4517,8,2023-12-10T12:30:00,57,Outbound,QBR,Completed,7,0.48,67,20,True
7370,3650,1,2024-12-04T12:15:00,52,Outbound,Technical Deep Dive,Completed,4,0.64,111,7,True
7371,1373,1,2022-03-03T12:45:00,58,Inbound,QBR,Completed,8,0.59,66,7,True
7372,92,14,2022-03-13T13:45:00,0,Outbound,Technical Deep Dive,No Show,1,,,0,False
7373,331,10,2024-12-29T10:00:00,0,Outbound,Check-In,No Show,1,,,0,False
7374,1674,8,2024-12-22T12:15:00,-50,Outbound,Negotiation,Completed,4,0.47,73,20,True
7375,500,9,2023-09-25T08:00:00,24,Outbound,Check-In,Completed,6,0.75,135,9,False
7376,1979,13,2024-11-20T15:15:00,43,Inbound,Discovery,Completed,4,0.77,113,8,False
7377,48,6,2022-07-11T15:00:00,25,Outbound,Technical Deep Dive,Completed,5,0.45,119,17,False
7378,3171,11,2024-12-06T17:45:00,28,Outbound,Technical Deep Dive,Completed,4,0.61,163,4,True
7379,3655,1,2023-05-14T14:30:00,0,Outbound,Technical Deep Dive,No Show,1,,,0,False
7380,2450,14,2023-10-30T08:30:00,30,Outbound,Check-In,Completed,3,0.68,224,11,False
7381,1805,7,2024-03-20T15:45:00,0,Inbound,QBR,No Show,1,,,0,False
7382,4618,9,2023-06-02T15:00:00,51,Outbound,QBR,Completed,2,0.61,156,1,False
7383,3502,14,2024-07-11T12:30:00,33,Inbound,Negotiation,Completed,4,0.43,164,15,True
7384,225,15,2024-10-05T12:45:00,52,Outbound,Discovery,Completed,2,0.54,165,4,False
7385,3523,6,2024-12-15T16:15:00,47,Inbound,QBR,Completed,7,0.35,30,15,False
7386,1953,7,2024-06-15T15:30:00,26,Outbound,Discovery,Completed,3,0.36,101,23,True
7387,116,1,2024-01-02T16:00:00,46,Outbound,Technical Deep Dive,Completed,2,0.54,142,20,False
7388,1666,16,2024-09-18T13:30:00,31,Inbound,Discovery,Completed,6,0.68,44,8,False
7389,3968,13,2023-02-21T14:30:00,17,Outbound,Technical Deep Dive,Completed,6,0.73,110,10,False
7390,3196,13,2023-09-22T16:30:00,25,Inbound,Negotiation,Completed,4,0.48,94,2,True
7391,362,9,2024-01-05T17:00:00,44,Inbound,Technical Deep Dive,Rescheduled,1,,,0,False
7392,3172,5,2024-07-22T16:15:00,29,Outbound,QBR,Completed,2,0.84,168,8,False
7393,28,16,2024-10-23T14:00:00,0,Outbound,Discovery,No Show,1,,,0,False
7394,154,3,2022-07-07T12:00:00,58,Outbound,Demo,Completed,8,0.38,118,10,False
7395,2773,15,2023-05-15T15:45:00,20,Inbound,Negotiation,Completed,5,0.58,210,3,True
7396,3279,1,2024-08-27T12:00:00,16,Outbound,Discovery,Completed,3,0.39,171,8,True
7397,1136,3,2024-03-01T15:45:00,33,Inbound,Follow-Up,Completed,7,0.55,159,22,False
7398,4168,13,2022-04-04T09:00:00,24,Inbound,Negotiation,Completed,2,0.62,234,7,False
7399,4335,10,2024-12-31T12:15:00,0,Outbound,Demo,No Show,1,,,0,False
7400,4500,10,2022-09-17T14:15:00,60,Inbound,Demo,Completed,3,0.87,70,13,False
7401,1331,9,2023-10-05T09:15:00,50,Inbound,Demo,Completed,2,0.61,37,13,False
7402,4033,12,2024-06-21T13:45:00,39,Outbound,Follow-Up,Rescheduled,1,,,0,False
7403,1930,12,2023-12-26T14:30:00,2,Outbound,Technical Deep Dive,Voicemail,1,,,0,False
7404,1682,2,2023-10-28T10:00:00,32,Outbound,Follow-Up,Completed,5,0.41,33,22,False
7405,522,2,2024-04-24T12:45:00,22,Outbound,Negotiation,Completed,2,1.07,32,4,True
7406,4390,13,2024-12-10T11:45:00,28,Inbound,Discovery,Completed,8,1.1,155,4,True
7407,4908,6,2021-02-24T12:15:00,2,Inbound,Check-In,Voicemail,1,,,0,False
7408,3207,4,2023-01-15T10:45:00,27,Inbound,Check-In,Completed,5,0.38,144,7,False
7409,468,12,2023-10-22T10:45:00,32,Outbound,Technical Deep Dive,Completed,3,0.83,196,6,True
7410,19,1,2021-09-28T12:15:00,40,Outbound,QBR,Completed,2,0.55,84,14,True
7411,4865,15,2024-10-23T11:15:00,37,Inbound,Technical Deep Dive,Rescheduled,1,,,0,False
7412,250,1,2023-12-20T15:30:00,17,Outbound,Negotiation,Completed,2,0.47,58,12,True
7413,3059,7,2024-11-30T10:15:00,39,Inbound,Demo,Rescheduled,1,,,0,False
7414,4846,5,2023-08-13T15:45:00,22,Outbound,QBR,Rescheduled,1,,,0,False
7415,1990,15,2024-09-23T10:45:00,48,Inbound,Check-In,Completed,4,0.67,238,15,True
7416,3477,3,2022-08-25T16:45:00,37,Inbound,Follow-Up,Completed,3,0.49,122,30,True
7417,1906,1,2024-10-26T11:45:00,32,Outbound,Follow-Up,Completed,3,0.48,151,25,True
7418,4777,5,2024-12-08T14:00:00,43,Outbound,Follow-Up,Completed,8,0.4,67,18,False
7419,1163,9,2020-05-12T10:00:00,51,Outbound,Check-In,Completed,3,0.59,253,13,False
7420,2925,1,2024-11-23T10:15:00,35,Outbound,Discovery,Completed,8,0.63,92,18,False
7421,2725,13,2024-11-09T10:00:00,34,Inbound,Negotiation,Completed,7,0.6,134,4,False
7422,1085,8,2024-12-26T15:15:00,,Outbound,QBR,No Show,1,,,0,False
7423,2800,3,2024-07-15T15:15:00,30,Outbound,Follow-Up,Completed,7,0.57,240,9,True
7424,24,12,2022-11-16T12:30:00,36,Outbound,Check-In,Completed,5,0.39,159,8,True
7425,930,4,2022-08-29T10:15:00,56,Outbound,Technical Deep Dive,Completed,8,0.66,133,3,True
7426,4795,11,2024-01-24T09:45:00,35,Inbound,Check-In,Completed,5,0.58,264,1,False
7427,4054,11,2022-06-07T15:15:00,33,Inbound,QBR,Completed,7,1.24,52,11,True
7428,1215,2,2024-03-13T10:00:00,53,Outbound,Check-In,Completed,7,1.34,198,19,True
7429,393,15,2024-10-31T15:00:00,27,Outbound,Demo,Completed,7,0.82,111,4,False
7430,1815,2,2024-12-20T10:15:00,57,Outbound,Discovery,Rescheduled,1,,,0,False
7431,1143,13,2023-01-29T12:45:00,33,Outbound,Negotiation,Completed,4,0.76,65,14,True
7432,367,16,2024-12-01T15:15:00,24,Outbound,Check-In,Rescheduled,1,,,0,False
7433,563,10,2023-09-30T13:15:00,42,Outbound,Negotiation,Completed,6,0.59,236,7,False
7434,3729,15,2024-10-17T09:15:00,19,Outbound,Technical Deep Dive,Rescheduled,1,,,0,False
7435,2344,2,2024-12-28T11:00:00,39,Outbound,Check-In,Completed,2,0.69,111,6,True
7436,4650,15,2024-12-02T14:00:00,60,Outbound,Demo,Completed,8,0.54,117,13,False
7437,614,5,2022-12-14T13:00:00,56,Outbound,Negotiation,Completed,6,0.38,181,19,True
7438,3681,3,2024-12-31T16:00:00,28,Outbound,Negotiation,Completed,5,0.43,111,18,True
7439,1904,4,2024-07-21T13:45:00,42,Outbound,Technical Deep Dive,Completed,4,0.41,206,15,True
7440,1687,16,2024-10-26T14:45:00,41,Inbound,Check-In,Completed,7,0.72,32,5,False
7441,1663,6,2024-11-27T12:00:00,55,Outbound,Discovery,Completed,5,0.64,224,9,False
7442,768,10,2030-06-15T10:00:00,19,Outbound,Follow-Up,Completed,6,0.49,71,8,True
7443,1479,2,2024-10-19T12:15:00,39,Outbound,Demo,Completed,6,0.63,148,15,False
7444,1240,13,2024-06-01T13:30:00,37,Outbound,QBR,Completed,5,0.64,236,8,False
7445,3733,9,2023-11-23T13:30:00,49,Inbound,Demo,Completed,4,0.55,189,6,False
7446,4587,15,2024-09-29T11:00:00,0,Outbound,Follow-Up,No Show,1,,,0,False
7447,4789,1,2021-06-24T12:30:00,17,Inbound,Demo,Completed,5,0.4,159,16,True
7448,707,4,2024-08-31T12:45:00,53,Outbound,Discovery,Completed,8,0.51,38,2,False
7449,4529,13,2022-09-19T13:00:00,57,Outbound,Discovery,Completed,2,0.51,33,11,True
7450,3308,9,2023-03-11T15:45:00,44,Inbound,Check-In,Completed,2,0.74,252,5,False
7451,2748,11,2024-12-12T15:15:00,52,Inbound,Negotiation,Completed,5,0.53,148,22,True
7452,1354,16,2024-06-24T14:45:00,35,Inbound,Discovery,Rescheduled,1,,,0,False
7453,4964,10,2023-09-25T15:30:00,58,Outbound,Demo,Completed,5,0.46,208,9,False
7454,3884,2,2024-12-11T12:45:00,21,Inbound,QBR,Completed,2,0.64,190,22,True
7455,675,1,2030-06-15T10:00:00,18,Inbound,Demo,Completed,6,0.63,176,13,True
7456,106,11,2022-07-19T12:15:00,,Outbound,Negotiation,Completed,5,0.55,76,11,True
7457,293,1,2024-11-15T11:45:00,22,Inbound,Negotiation,Completed,6,0.47,189,15,False
7458,788,6,2024-04-19T10:30:00,52,Outbound,Follow-Up,Completed,2,0.51,238,2,True
7459,331,10,2024-12-21T15:30:00,23,Inbound,QBR,Completed,7,0.54,164,13,False
7460,2572,7,2024-09-16T15:00:00,34,Inbound,Negotiation,Completed,2,0.6,109,9,False
7461,4743,10,2030-06-15T10:00:00,0,Outbound,Demo,No Show,1,,,0,False
7462,4436,7,2024-12-27T14:00:00,35,Inbound,Negotiation,Rescheduled,1,,,0,False
7463,1550,1,2024-12-06T12:45:00,41,Inbound,Follow-Up,Completed,5,0.59,64,8,True
7464,4686,6,2030-06-15T10:00:00,30,Inbound,Discovery,Rescheduled,1,,,0,False
7465,942,2,2024-09-01T13:15:00,36,Outbound,Check-In,Completed,8,0.46,35,15,True
7466,111,8,2024-12-21T14:30:00,51,Outbound,Demo,Completed,5,0.82,85,12,False
7467,2437,1,2024-11-09T10:00:00,51,Outbound,Check-In,Completed,4,0.31,59,19,False
7468,4583,2,2022-04-09T14:00:00,-51,Outbound,Follow-Up,Completed,4,0.34,39,13,True
7469,2691,7,2024-04-09T17:45:00,16,Outbound,Demo,Completed,4,0.63,204,7,True
7470,298,13,2024-10-21T15:45:00,25,Inbound,Negotiation,Rescheduled,1,,,0,False
7471,1227,13,2024-10-29T15:00:00,50,Outbound,Check-In,Completed,3,0.82,219,2,False
7472,3808,4,2023-01-28T11:45:00,3,Inbound,Check-In,Voicemail,1,,,0,False
7473,3100,10,2024-02-24T09:00:00,20,Outbound,Negotiation,Completed,5,0.64,212,9,False
7474,625,6,2024-11-18T09:00:00,2,Outbound,Demo,Voicemail,1,,,0,False
7475,2803,14,2022-12-17T14:00:00,-51,Outbound,Negotiation,Completed,5,0.55,54,11,True
7476,771,2,2022-02-22T09:45:00,19,Outbound,Negotiation,Completed,6,0.65,135,19,True
7477,303,15,2024-12-15T15:30:00,32,Outbound,Follow-Up,Rescheduled,1,,,0,False
7478,1864,13,2024-09-09T12:00:00,43,Inbound,Discovery,Completed,3,1.09,131,7,True
7479,2700,6,2020-11-28T11:30:00,52,Outbound,QBR,Completed,3,0.69,146,14,True
7480,1826,4,2024-10-13T13:30:00,19,Outbound,Negotiation,Rescheduled,1,,,0,False
7481,4956,6,2024-12-22T14:45:00,,Outbound,Technical Deep Dive,Completed,5,0.64,263,4,False
7482,4108,16,2023-05-05T12:00:00,40,Outbound,Check-In,Completed,4,0.88,132,12,True
7483,4038,9,2021-12-09T10:00:00,44,Inbound,QBR,Completed,6,0.64,196,11,True
7484,3047,13,2024-06-29T12:30:00,-40,Outbound,QBR,Completed,8,0.41,145,9,True
7485,4960,2,2023-10-21T10:30:00,56,Outbound,Discovery,Completed,5,0.55,140,4,True
7486,3512,11,2024-08-03T14:15:00,35,Outbound,Negotiation,Completed,2,0.54,88,9,False
7487,3047,13,2024-05-18T12:45:00,38,Outbound,Technical Deep Dive,Completed,5,0.51,60,17,False
7488,2984,14,2021-11-18T14:45:00,43,Outbound,Technical Deep Dive,Completed,6,0.62,118,14,False
7489,2810,10,2024-06-11T13:00:00,-38,Outbound,Check-In,Completed,6,0.72,123,11,False
7490,4310,6,2024-10-18T10:30:00,24,Outbound,QBR,Completed,4,0.4,231,12,False
7491,77,13,2024-08-15T15:30:00,50,Outbound,QBR,Rescheduled,1,,,0,False
7492,4567,9,2024-05-14T12:00:00,27,Inbound,Check-In,Completed,6,0.41,43,10,True
7493,3758,11,2024-01-10T17:30:00,58,Outbound,Discovery,Completed,7,0.58,171,3,False
7494,3870,16,2024-12-06T12:45:00,22,Outbound,QBR,Completed,5,0.44,127,13,True
7495,3885,13,2023-10-10T09:45:00,25,Outbound,Discovery,Completed,4,0.54,136,13,False
7496,2125,8,2024-10-11T15:30:00,45,Outbound,Check-In,Completed,3,0.46,90,6,False
7497,3893,5,2024-09-18T16:00:00,52,Inbound,QBR,Rescheduled,1,,,0,False
7498,3268,11,2024-06-23T15:15:00,2,Inbound,Negotiation,Voicemail,1,,,0,False
7499,906,13,2024-01-31T11:45:00,36,Outbound,Demo,Completed,7,0.74,50,1,False
7500,2741,6,2024-12-17T11:00:00,30,Outbound,QBR,Completed,2,0.41,163,19,False
7501,1185,6,2024-05-16T14:45:00,42,Outbound,Check-In,Completed,8,0.46,208,16,True
7502,455,16,2024-12-18T13:30:00,20,Inbound,Demo,Completed,6,0.67,33,2,True
7503,3862,1,2021-06-05T16:30:00,42,Inbound,Discovery,Completed,3,0.37,63,12,True
7504,4097,1,2024-11-20T16:15:00,26,Outbound,Check-In,Completed,6,0.47,220,4,False
7505,4491,8,2024-10-16T14:45:00,29,Inbound,Discovery,Completed,5,0.39,140,14,False
7506,4484,10,2023-03-31T09:15:00,28,Outbound,Demo,Rescheduled,1,,,0,False
7507,4905,15,2024-12-21T10:45:00,23,Outbound,Negotiation,Completed,2,0.75,221,9,True
7508,2143,6,2021-12-14T12:30:00,50,Outbound,Negotiation,Completed,5,0.6,127,10,False
7509,288,3,2024-12-13T11:00:00,35,Outbound,Demo,Completed,2,0.56,229,10,True
7510,4139,8,2023-05-28T12:45:00,44,Outbound,Technical Deep Dive,Completed,6,0.58,113,15,False
7511,3538,12,2024-12-26T12:00:00,43,Inbound,QBR,Completed,7,0.76,156,8,True
7512,1636,5,2023-12-16T10:00:00,38,Outbound,Negotiation,Completed,8,0.62,53,11,False
7513,1117,4,2024-01-19T09:45:00,0,Outbound,Negotiation,No Show,1,,,0,False
7514,590,11,2024-09-10T15:15:00,44,Inbound,Follow-Up,Completed,7,1.34,60,7,False
7515,2560,8,2023-01-07T12:45:00,42,Inbound,Demo,Completed,4,0.8,230,8,False
7516,4470,16,2024-12-02T10:45:00,0,Outbound,Demo,No Show,1,,,0,False
7517,3645,2,2024-08-20T16:45:00,17,Inbound,Check-In,Completed,7,0.49,46,8,True
7518,1320,6,2023-07-15T12:15:00,37,Inbound,Check-In,Completed,3,0.48,238,6,False
7519,2303,6,2023-05-05T17:00:00,52,Inbound,Negotiation,Completed,3,0.48,162,21,False
7520,2579,4,2023-03-07T08:45:00,0,Outbound,Demo,No Show,1,,,0,False
7521,4008,6,2024-09-18T12:15:00,60,Outbound,Negotiation,Completed,2,0.53,171,11,False
7522,3245,5,2023-03-26T10:45:00,32,Outbound,QBR,Rescheduled,1,,,0,False
7523,2213,13,2024-04-13T12:15:00,60,Outbound,Negotiation,Completed,7,0.63,89,7,False
7524,2971,14,2021-06-14T16:30:00,26,Outbound,Follow-Up,Completed,2,0.57,223,11,True
7525,2523,3,2024-06-22T12:45:00,38,Outbound,Demo,Completed,4,0.34,114,8,False
7526,533,10,2024-04-19T13:15:00,57,Outbound,Follow-Up,Completed,5,0.42,214,15,False
7527,245,6,2024-05-02T16:00:00,60,Outbound,Follow-Up,Completed,6,0.41,116,4,False
7528,3794,14,2024-12-17T12:45:00,29,Inbound,Check-In,Completed,5,0.46,193,5,True
7529,2933,2,2024-12-10T08:00:00,50,Outbound,QBR,Completed,3,1.45,153,15,False
7530,994,9,2023-10-14T12:30:00,27,Outbound,QBR,Completed,6,0.45,179,10,True
7531,3178,6,2023-02-24T11:00:00,46,Outbound,QBR,Completed,8,0.72,51,14,False
7532,2422,12,2024-12-12T16:15:00,39,Inbound,Negotiation,Completed,4,0.82,242,3,True
7533,1340,4,2020-12-13T14:30:00,0,Inbound,Technical Deep Dive,No Show,1,,,0,False
7534,3447,3,2024-07-30T17:15:00,58,Inbound,Follow-Up,Completed,3,0.52,136,16,True
7535,2072,10,2023-08-01T15:15:00,17,Outbound,Technical Deep Dive,Completed,8,0.75,245,8,False
7536,1897,11,2022-11-05T13:15:00,46,Outbound,Demo,Completed,2,0.56,92,9,True
7537,4948,16,2024-12-22T09:15:00,0,Inbound,QBR,No Show,1,,,0,False
7538,2013,11,2024-03-31T08:45:00,49,Outbound,Check-In,Completed,3,0.51,189,4,True
7539,2883,14,2024-10-25T10:00:00,24,Outbound,Negotiation,Completed,7,0.43,208,7,False
7540,3035,10,2022-09-25T14:45:00,15,Outbound,Technical Deep Dive,Completed,5,0.6,33,4,True
7541,2678,15,2024-12-20T11:15:00,49,Outbound,Negotiation,Completed,5,0.72,54,5,True
7542,3607,7,2023-11-14T11:15:00,39,Outbound,Negotiation,Completed,3,0.63,123,19,False
7543,4889,8,2024-12-21T11:15:00,29,Outbound,Demo,Completed,6,0.6,137,15,True
7544,4428,12,2022-12-21T09:30:00,0,Outbound,Technical Deep Dive,No Show,1,,,0,False
7545,3263,5,2024-04-28T10:00:00,23,Inbound,Follow-Up,Completed,4,0.49,95,9,True
7546,1022,6,2024-12-30T10:15:00,28,Outbound,Discovery,Completed,3,0.65,97,19,False
7547,3130,16,2022-04-16T15:30:00,0,Outbound,QBR,No Show,1,,,0,False
7548,1024,16,2024-09-03T12:00:00,56,Outbound,Demo,Completed,4,0.44,96,7,False
7549,4033,12,2024-09-30T11:15:00,32,Inbound,QBR,Rescheduled,1,,,0,False
7550,2280,13,2021-12-09T13:15:00,49,Outbound,Technical Deep Dive,Completed,3,0.67,143,3,True
7551,858,16,2023-07-09T17:30:00,30,Outbound,Demo,Completed,7,0.63,223,3,False
7552,4776,16,2024-11-15T13:30:00,39,Inbound,Technical Deep Dive,Completed,8,0.45,194,11,True
7553,4215,2,2024-12-30T12:30:00,21,Inbound,QBR,Completed,7,0.56,143,14,False
7554,3492,11,2024-04-16T14:00:00,45,Outbound,Follow-Up,Completed,4,0.77,125,1,False
7555,1599,7,2024-01-04T17:30:00,22,Outbound,Follow-Up,Completed,5,0.69,87,19,True
7556,1257,4,2023-04-03T11:30:00,0,Outbound,QBR,No Show,1,,,0,False
7557,251,1,2024-04-19T13:00:00,23,Outbound,Discovery,Completed,8,0.4,104,12,True
7558,1210,9,2024-12-30T13:00:00,39,Outbound,Technical Deep Dive,Completed,5,1.5,232,5,True
7559,480,10,2024-07-30T13:45:00,32,Inbound,QBR,Rescheduled,1,,,0,False
7560,4743,10,2024-12-30T14:45:00,26,Outbound,Technical Deep Dive,Completed,5,0.59,166,17,True
7561,1493,16,2023-08-16T12:00:00,24,Outbound,Follow-Up,Completed,2,0.64,62,10,False
7562,2461,12,2030-06-15T10:00:00,17,Outbound,Technical Deep Dive,Completed,4,0.53,110,12,False
7563,3863,9,2024-12-25T14:30:00,47,Outbound,QBR,Completed,2,0.54,235,16,False
7564,2828,3,2024-09-27T08:45:00,32,Inbound,Demo,Rescheduled,1,,,0,False
7565,1446,13,2023-01-14T10:00:00,27,Outbound,Discovery,Completed,6,0.49,93,2,False
7566,3924,12,2024-03-31T12:00:00,30,Outbound,Negotiation,Completed,5,0.44,165,16,True
7567,814,15,2024-12-06T15:45:00,59,Inbound,Demo,Rescheduled,1,,,0,False
7568,3764,3,2024-11-02T14:15:00,21,Inbound,Demo,Completed,3,1.48,82,6,False
7569,4157,11,2024-12-06T14:45:00,51,Outbound,Demo,Completed,6,0.42,149,12,False
7570,2917,14,2021-08-27T14:00:00,42,Outbound,Check-In,Completed,4,0.91,300,4,True
7571,2444,6,2022-06-29T12:15:00,21,Inbound,Demo,Completed,6,0.68,115,18,True
7572,3066,15,2024-12-20T17:30:00,19,Outbound,Technical Deep Dive,Completed,5,0.6,80,12,False
7573,1198,9,2023-02-06T12:00:00,38,Outbound,Technical Deep Dive,Completed,4,0.49,90,6,True
7574,32,15,2024-12-04T12:30:00,46,Outbound,Check-In,Completed,2,0.58,186,4,True
7575,453,13,2024-03-18T13:30:00,53,Outbound,Technical Deep Dive,Completed,3,0.65,118,4,False
7576,839,5,2024-12-23T16:30:00,57,Outbound,QBR,Completed,8,0.67,250,3,True
7577,2118,8,2024-06-13T13:15:00,49,Outbound,QBR,Completed,2,0.81,258,5,False
7578,777,11,2024-12-26T09:45:00,37,Outbound,Discovery,Completed,6,0.68,137,12,True
7579,3038,2,2024-12-21T13:15:00,54,Inbound,Check-In,Completed,7,0.54,212,13,False
7580,531,9,2024-12-06T16:45:00,43,Outbound,Discovery,Completed,3,0.7,160,10,True
7581,446,12,2024-12-25T12:30:00,56,Outbound,Discovery,Completed,6,0.56,107,3,True
7582,4094,13,2023-09-05T10:45:00,,Outbound,Follow-Up,Completed,2,0.49,179,9,False
7583,587,1,2024-06-25T13:15:00,53,Outbound,Check-In,Completed,2,0.78,264,6,False
7584,4602,16,2030-06-15T10:00:00,0,Outbound,QBR,No Show,1,,,0,False
7585,830,10,2024-10-09T14:00:00,52,Outbound,Technical Deep Dive,Completed,6,0.59,114,15,False
7586,662,3,2024-08-30T10:45:00,47,Outbound,Technical Deep Dive,Completed,7,0.58,38,21,True
7587,3636,4,2024-12-25T11:30:00,0,Outbound,Follow-Up,No Show,1,,,0,False
7588,3596,11,2024-06-25T13:00:00,50,Outbound,Technical Deep Dive,Completed,3,0.71,71,14,True
7589,3337,16,2024-12-10T10:30:00,34,Outbound,Discovery,Completed,3,0.48,33,15,True
7590,2886,3,2024-10-14T13:30:00,52,Inbound,Negotiation,Completed,7,0.63,67,20,False
7591,3346,6,2024-11-20T15:15:00,36,Outbound,Discovery,Completed,4,0.47,101,5,False
7592,4128,6,2024-08-11T13:30:00,58,Outbound,QBR,Completed,2,0.65,59,9,True
7593,1437,16,2024-12-12T13:45:00,58,Outbound,Check-In,Completed,8,0.85,186,10,False
7594,1185,6,2024-05-10T14:45:00,39,Outbound,Negotiation,Rescheduled,1,,,0,False
7595,951,12,2022-05-31T08:30:00,22,Inbound,Technical Deep Dive,Completed,2,0.7,156,5,True
7596,4965,3,2023-11-04T12:15:00,59,Outbound,Follow-Up,Completed,4,0.42,80,24,True
7597,4960,2,2023-08-26T11:45:00,18,Inbound,Technical Deep Dive,Completed,6,0.53,225,9,True
7598,4108,16,2023-07-21T16:00:00,48,Outbound,Technical Deep Dive,Completed,4,0.73,153,4,False
7599,326,11,2022-07-06T09:00:00,42,Outbound,QBR,Completed,5,0.72,157,5,True
7600,246,11,2024-09-09T15:45:00,29,Outbound,QBR,Completed,8,0.48,219,6,True
7601,1428,4,2024-10-15T10:15:00,41,Outbound,Technical Deep Dive,Completed,6,0.6,98,6,False
7602,2603,16,2023-07-14T15:30:00,35,Outbound,Technical Deep Dive,Completed,6,0.66,33,4,True
7603,569,7,2024-04-19T11:30:00,59,Outbound,Negotiation,Completed,7,0.49,158,17,False
7604,2365,10,2024-06-30T09:45:00,46,Outbound,Follow-Up,Completed,4,0.46,171,9,True
7605,2476,12,2023-09-06T13:15:00,58,Outbound,Negotiation,Completed,3,0.41,163,7,False
7606,1481,13,2023-07-10T12:30:00,2,Outbound,Discovery,Voicemail,1,,,0,False
7607,4133,12,2021-06-09T12:30:00,-33,Outbound,Discovery,Completed,7,0.71,235,5,False
7608,2953,10,2024-01-15T09:15:00,-35,Outbound,Check-In,Rescheduled,1,,,0,False
7609,2279,9,2024-04-19T15:30:00,43,Inbound,Demo,Completed,7,0.56,116,15,False
7610,4095,5,2024-12-24T15:15:00,23,Outbound,Negotiation,Completed,3,0.61,120,7,True
7611,2375,7,2020-11-18T13:00:00,22,Outbound,QBR,Completed,6,0.33,60,24,True
7612,2060,16,2024-12-26T11:30:00,34,Outbound,Negotiation,Completed,2,0.61,64,11,False
7613,2009,13,2024-12-24T12:15:00,35,Outbound,Follow-Up,Completed,5,0.92,188,10,False
7614,1554,11,2022-08-11T16:15:00,36,Outbound,Demo,Rescheduled,1,,,0,False
7615,2572,7,2024-09-14T11:45:00,24,Outbound,Technical Deep Dive,Completed,4,0.45,104,6,False
7616,4552,13,2023-11-14T15:00:00,59,Outbound,QBR,Rescheduled,1,,,0,False
7617,1405,4,2024-08-05T16:00:00,33,Outbound,Technical Deep Dive,Completed,8,0.63,193,4,False
7618,1864,13,2024-07-04T15:00:00,42,Inbound,Follow-Up,Completed,3,0.5,156,9,False
7619,947,13,2024-09-30T14:15:00,19,Outbound,Discovery,Rescheduled,1,,,0,False
7620,1142,15,2024-11-14T12:00:00,36,Outbound,Technical Deep Dive,Completed,4,0.56,90,8,False
7621,4590,11,2021-01-02T12:15:00,33,Outbound,Discovery,Completed,7,0.69,174,13,False
7622,3180,5,2023-09-22T09:00:00,59,Inbound,Technical Deep Dive,Completed,8,0.63,237,10,False
7623,4237,6,2024-08-22T13:00:00,0,Outbound,QBR,No Show,1,,,0,False
7624,3844,15,2024-11-27T10:30:00,22,Outbound,Technical Deep Dive,Completed,7,0.54,189,13,False
7625,358,15,2030-06-15T10:00:00,19,Outbound,Demo,Completed,3,0.71,50,4,False
7626,3434,11,2022-12-05T14:45:00,39,Inbound,Technical Deep Dive,Completed,4,0.58,57,9,False
7627,4106,1,2024-06-30T10:00:00,20,Outbound,Negotiation,Completed,6,0.31,110,9,True
7628,3189,13,2024-12-10T12:30:00,0,Outbound,QBR,No Show,1,,,0,False
7629,3542,3,2023-10-31T10:30:00,29,Outbound,Check-In,Completed,4,0.47,61,12,False
7630,2024,9,2024-06-16T08:45:00,20,Outbound,Technical Deep Dive,Completed,5,0.67,76,12,False
7631,4889,8,2024-12-04T13:15:00,26,Inbound,Negotiation,Completed,3,0.62,136,10,True
7632,3386,14,2023-07-05T12:00:00,50,Outbound,Technical Deep Dive,Completed,6,0.6,31,11,False
7633,1648,12,2030-06-15T10:00:00,47,Outbound,Negotiation,Rescheduled,1,,,0,False
7634,3259,1,2021-07-13T13:00:00,58,Outbound,Follow-Up,Completed,6,0.5,132,7,True
7635,4798,9,2023-05-11T15:15:00,33,Outbound,Check-In,Completed,3,0.51,99,14,False
7636,3277,8,2023-06-03T15:45:00,54,Outbound,Negotiation,Completed,4,1.37,32,9,True
7637,4413,3,2024-09-17T15:45:00,28,Outbound,Follow-Up,Completed,3,0.57,263,13,True
7638,2012,14,2022-07-29T16:00:00,52,Outbound,QBR,Completed,7,0.71,40,14,False
7639,3867,10,2022-04-28T10:45:00,21,Inbound,QBR,Completed,4,0.6,63,3,True
7640,1029,3,2022-12-29T09:15:00,0,Outbound,Negotiation,No Show,1,,,0,False
7641,3689,13,2021-08-14T14:00:00,21,Outbound,Discovery,Rescheduled,1,,,0,False
7642,298,13,2024-09-03T12:00:00,29,Outbound,Demo,Completed,5,0.69,125,2,False
7643,4345,11,2024-12-09T14:00:00,-25,Outbound,Check-In,Rescheduled,1,,,0,False
7644,3598,1,2022-02-07T13:00:00,47,Inbound,Check-In,Completed,4,0.35,137,6,False
7645,1302,16,2024-12-25T13:30:00,58,Outbound,Follow-Up,Completed,8,0.61,38,10,True
7646,3372,8,2030-06-15T10:00:00,47,Outbound,Follow-Up,Completed,7,0.53,170,7,True
7647,3647,1,2022-07-23T08:15:00,0,Outbound,Technical Deep Dive,No Show,1,,,0,False
7648,4445,12,2023-11-30T10:30:00,27,Outbound,Check-In,Completed,8,0.42,73,15,True
7649,4468,10,2024-05-16T12:15:00,24,Outbound,Technical Deep Dive,Completed,8,0.69,190,3,False
7650,214,10,2024-10-21T11:30:00,42,Outbound,Check-In,Completed,5,0.38,112,9,True
7651,2919,4,2024-12-02T12:45:00,52,Outbound,Check-In,Completed,3,0.54,47,6,True
7652,4233,16,2024-12-21T08:15:00,54,Outbound,Discovery,Completed,5,0.75,200,9,True
7653,1749,16,2024-09-07T15:15:00,45,Inbound,QBR,Completed,6,0.6,75,3,False
7654,290,7,2024-12-04T10:00:00,18,Outbound,Negotiation,Rescheduled,1,,,0,False
7655,3715,12,2024-12-24T10:45:00,60,Outbound,Technical Deep Dive,Rescheduled,1,,,0,False
7656,2223,13,2024-08-02T13:30:00,3,Outbound,Discovery,Voicemail,1,,,0,False
7657,175,10,2024-04-10T10:45:00,20,Outbound,Technical Deep Dive,Completed,8,0.72,222,6,False
7658,123,15,2024-12-29T15:30:00,58,Outbound,Check-In,Completed,3,0.57,69,6,True
7659,3846,9,2024-11-05T15:45:00,45,Outbound,Negotiation,Completed,3,0.87,232,8,False
7660,1551,14,2024-01-14T10:15:00,46,Outbound,Follow-Up,Completed,6,0.75,53,14,False
7661,3103,6,2024-08-15T12:45:00,57,Outbound,QBR,Completed,6,0.37,236,14,True
7662,2303,6,2030-06-15T10:00:00,27,Outbound,Technical Deep Dive,Completed,3,0.34,106,14,True
7663,4459,5,2024-05-22T10:15:00,40,Outbound,QBR,Completed,5,0.38,232,10,False
7664,3429,9,2024-06-26T11:30:00,58,Outbound,Check-In,Completed,8,0.41,221,10,True
7665,65,2,2024-06-16T11:30:00,33,Inbound,Negotiation,Completed,7,0.44,172,13,True
7666,603,14,2024-12-26T15:30:00,17,Outbound,Demo,Completed,4,0.46,79,9,True
7667,718,9,2022-11-26T13:15:00,19,Outbound,Discovery,Rescheduled,1,,,0,False
7668,338,1,2021-08-11T09:00:00,51,Outbound,Discovery,Completed,2,0.64,135,6,False
7669,4733,2,2024-09-27T09:45:00,55,Outbound,Technical Deep Dive,Completed,5,0.66,120,18,False
7670,2215,6,2024-09-26T09:30:00,17,Outbound,QBR,Completed,7,0.54,164,15,False
7671,628,8,2023-01-09T10:00:00,54,Outbound,Negotiation,Completed,7,0.43,169,22,False
7672,82,16,2024-12-12T12:45:00,45,Outbound,Discovery,Completed,8,0.72,152,12,False
7673,4999,13,2024-07-08T16:45:00,35,Outbound,QBR,Completed,3,0.81,210,7,False
7674,2877,7,2024-04-21T15:00:00,49,Outbound,Technical Deep Dive,Rescheduled,1,,,0,False
7675,3104,11,2024-12-08T15:30:00,31,Outbound,Demo,Completed,6,0.61,135,7,False
7676,1948,6,2023-03-20T14:30:00,51,Inbound,Follow-Up,Rescheduled,1,,,0,False
7677,3064,5,2024-02-17T13:00:00,54,Inbound,Negotiation,Completed,8,0.68,98,16,False
7678,2872,10,2024-09-09T15:00:00,36,Outbound,Negotiation,Rescheduled,1,,,0,False
7679,1855,16,2020-07-22T15:00:00,,Inbound,Negotiation,Completed,2,0.55,35,8,True
7680,3910,2,2024-09-18T11:00:00,2,Outbound,Negotiation,Voicemail,1,,,0,False
7681,1003,14,2022-10-07T12:15:00,25,Outbound,Technical Deep Dive,Completed,4,0.72,282,4,False
7682,1302,16,2024-12-05T14:30:00,51,Outbound,Check-In,Completed,6,0.42,65,7,False
7683,1294,6,2022-12-23T13:30:00,32,Inbound,QBR,Completed,4,0.54,135,18,False
7684,2895,1,2024-12-22T14:30:00,48,Outbound,Demo,Completed,5,0.5,82,9,True
7685,3284,5,2024-11-13T12:45:00,52,Inbound,Negotiation,Completed,6,0.47,72,25,True
7686,1062,6,2024-10-05T14:15:00,43,Outbound,Demo,Rescheduled,1,,,0,False
7687,3244,13,2024-05-27T16:45:00,38,Inbound,Check-In,Completed,4,0.76,202,13,False
7688,688,1,2024-02-06T13:15:00,44,Inbound,Technical Deep Dive,Rescheduled,1,,,0,False
7689,2032,1,2024-10-11T11:15:00,2,Outbound,Demo,Voicemail,1,,,0,False
7690,1735,9,2024-05-11T10:30:00,51,Inbound,Follow-Up,Completed,5,0.65,44,17,False
7691,2656,5,2024-06-25T13:00:00,54,Outbound,Demo,Completed,6,0.74,175,7,True
7692,2909,13,2024-12-27T14:30:00,33,Inbound,Check-In,Completed,7,0.69,163,1,False
7693,4299,4,2024-12-31T11:30:00,40,Outbound,Demo,Completed,5,0.58,94,13,True
7694,1040,2,2024-12-24T12:45:00,3,Inbound,Technical Deep Dive,Voicemail,1,,,0,False
7695,1147,7,2024-11-26T13:00:00,28,Outbound,Check-In,Completed,7,0.68,52,16,True
7696,2748,11,2024-12-28T17:30:00,56,Outbound,Technical Deep Dive,Completed,8,0.38,78,18,True
7697,3572,6,2024-11-22T13:45:00,44,Outbound,Check-In,Completed,6,0.65,228,11,False
7698,2199,3,2022-07-29T12:45:00,38,Outbound,Check-In,Completed,8,0.63,80,19,True
7699,1910,11,2024-10-19T11:00:00,35,Outbound,Demo,Completed,8,0.78,65,6,False
7700,4853,3,2024-10-07T15:30:00,,Inbound,Demo,Completed,6,0.57,151,24,True
7701,1266,8,2024-12-24T14:15:00,2,Outbound,Check-In,Voicemail,1,,,0,False
7702,3979,13,2024-12-31T09:15:00,22,Outbound,Technical Deep Dive,Completed,5,0.62,184,8,False
7703,272,7,2023-11-24T11:00:00,35,Inbound,QBR,Completed,3,0.48,228,6,True
7704,4570,15,2024-12-11T13:45:00,29,Outbound,Discovery,Completed,4,0.46,223,15,True
7705,1972,11,2024-01-02T13:45:00,45,Inbound,Technical Deep Dive,Completed,6,0.61,136,6,False
7706,2813,5,2023-11-15T16:45:00,23,Inbound,Follow-Up,Completed,6,0.41,132,14,True
7707,3755,10,2023-07-03T12:45:00,32,Outbound,Check-In,Completed,7,0.5,202,10,False
7708,1303,4,2021-11-10T11:00:00,34,Outbound,Check-In,Completed,7,0.48,127,11,False
7709,3272,8,2023-01-07T15:45:00,48,Inbound,Demo,Completed,5,0.55,293,14,False
7710,268,11,2022-04-30T14:45:00,3,Outbound,Discovery,Voicemail,1,,,0,False
7711,2086,9,2021-07-08T10:30:00,60,Outbound,Follow-Up,Completed,2,0.56,199,13,False
7712,1271,16,2022-11-20T17:45:00,59,Outbound,Follow-Up,Completed,4,0.59,157,6,False
7713,1028,7,2024-12-28T13:45:00,28,Outbound,Follow-Up,Completed,8,0.63,240,11,False
7714,626,2,2024-07-09T15:15:00,50,Inbound,Discovery,Completed,8,0.34,43,22,True
7715,4910,12,2023-03-16T09:45:00,35,Outbound,QBR,Completed,2,0.7,187,9,True
7716,1354,16,2024-07-04T13:45:00,29,Outbound,QBR,Completed,3,0.6,135,8,True
7717,4371,11,2024-01-01T12:15:00,0,Outbound,Demo,No Show,1,,,0,False
7718,1516,13,2024-12-04T08:30:00,39,Inbound,Check-In,Completed,3,0.5,161,14,False
7719,609,14,2024-12-31T16:00:00,24,Outbound,Demo,Completed,6,0.54,56,14,True
7720,1665,13,2024-11-28T08:45:00,34,Outbound,Technical Deep Dive,Completed,2,0.59,114,6,False
7721,3239,13,2023-12-07T14:00:00,27,Inbound,Check-In,Completed,3,0.45,40,6,False
7722,275,13,2022-02-02T13:30:00,20,Outbound,Negotiation,Completed,7,0.77,224,11,False
7723,2108,14,2024-10-09T15:45:00,49,Outbound,Demo,Rescheduled,1,,,0,False
7724,3325,13,2024-12-29T14:30:00,33,Inbound,Demo,Completed,7,0.59,233,14,True
7725,1854,3,2024-10-08T14:00:00,60,Inbound,Negotiation,Completed,3,0.45,96,16,False
7726,1451,9,2023-09-12T14:45:00,19,Outbound,QBR,Completed,7,0.81,166,4,False
7727,4878,2,2024-12-05T15:15:00,0,Inbound,Technical Deep Dive,No Show,1,,,0,False
7728,3471,6,2030-06-15T10:00:00,39,Outbound,Discovery,Completed,2,0.42,123,21,True
7729,4650,15,2030-06-15T10:00:00,0,Outbound,Discovery,No Show,1,,,0,False
7730,4378,13,2021-07-13T13:30:00,26,Outbound,Demo,Rescheduled,1,,,0,False
7731,4711,5,2024-07-07T15:15:00,24,Outbound,Discovery,Completed,8,0.68,87,3,False
7732,4133,12,2021-06-14T14:45:00,43,Outbound,Demo,Completed,5,0.62,223,4,True
7733,3197,2,2024-07-23T14:45:00,53,Outbound,Discovery,Completed,2,0.74,276,14,True
7734,3074,13,2023-10-16T09:30:00,42,Outbound,QBR,Completed,2,0.88,187,9,False
7735,906,13,2023-12-12T14:30:00,49,Outbound,Discovery,Completed,2,0.86,52,2,False
7736,995,11,2030-06-15T10:00:00,46,Inbound,Negotiation,Completed,3,0.71,239,3,True
7737,1255,11,2024-12-08T11:00:00,52,Outbound,Check-In,Rescheduled,1,,,0,False
7738,4981,15,2023-08-03T10:00:00,0,Outbound,Demo,No Show,1,,,0,False
7739,2764,16,2024-12-10T10:00:00,,Outbound,QBR,Completed,2,0.77,159,10,False
7740,1997,5,2024-07-27T17:00:00,23,Outbound,Discovery,Completed,7,0.53,78,7,True
7741,1802,11,2024-08-20T10:30:00,59,Outbound,Negotiation,Completed,4,0.44,165,14,False
7742,1681,15,2024-12-30T16:15:00,27,Outbound,Check-In,Completed,8,0.63,33,16,True
7743,4504,15,2024-12-17T09:45:00,50,Inbound,Demo,Completed,3,1.23,238,10,True
7744,348,3,2030-06-15T10:00:00,16,Outbound,Negotiation,Completed,2,0.63,193,20,False
7745,2326,6,2021-11-01T13:15:00,0,Outbound,Negotiation,No Show,1,,,0,False
7746,72,10,2021-05-16T13:15:00,53,Outbound,Discovery,Rescheduled,1,,,0,False
7747,3677,1,2024-12-27T10:15:00,31,Outbound,Follow-Up,Completed,2,0.35,212,20,False
7748,616,11,2024-08-20T14:45:00,28,Outbound,Technical Deep Dive,Rescheduled,1,,,0,False
7749,4467,9,2021-08-07T10:15:00,57,Outbound,Follow-Up,Completed,6,0.54,154,11,False
7750,651,14,2023-08-18T16:00:00,54,Inbound,Discovery,Completed,5,0.48,114,4,True
7751,2022,4,2024-12-23T16:00:00,52,Inbound,Negotiation,Completed,3,0.68,106,13,True
7752,3539,9,2024-06-17T10:30:00,50,Outbound,Demo,Completed,5,0.69,186,12,True
7753,3806,1,2024-10-08T13:15:00,33,Outbound,Negotiation,Rescheduled,1,,,0,False
7754,2827,12,2023-10-03T11:15:00,1,Outbound,Technical Deep Dive,Voicemail,1,,,0,False
7755,2099,11,2023-01-02T10:00:00,0,Outbound,Demo,No Show,1,,,0,False
7756,680,16,2024-12-10T15:45:00,16,Inbound,Follow-Up,Completed,4,0.42,108,8,False
7757,112,15,2024-11-15T11:15:00,59,Inbound,Discovery,Completed,3,0.4,45,12,False
7758,3056,1,2024-12-16T10:15:00,50,Outbound,Follow-Up,Completed,5,0.41,103,6,False
7759,4981,15,2023-09-19T11:30:00,52,Outbound,Technical Deep Dive,Rescheduled,1,,,0,False
7760,2356,12,2030-06-15T10:00:00,54,Inbound,Negotiation,Completed,7,0.53,75,7,False
7761,2486,10,2024-09-22T10:15:00,30,Outbound,Discovery,Rescheduled,1,,,0,False
7762,747,2,2023-10-10T15:30:00,,Inbound,QBR,Completed,5,0.43,172,9,True
7763,2259,1,2024-03-01T09:00:00,37,Outbound,Negotiation,Completed,4,0.38,35,8,True
7764,4388,6,2023-05-01T15:15:00,22,Outbound,Demo,Rescheduled,1,,,0,False
7765,45,7,2024-08-01T13:45:00,34,Inbound,Check-In,Completed,6,0.68,135,9,False
7766,4040,10,2024-07-21T11:00:00,43,Outbound,Negotiation,Completed,6,0.43,180,9,False
7767,3326,5,2024-02-03T12:15:00,49,Outbound,Technical Deep Dive,Completed,2,0.5,63,16,False
7768,1506,4,2024-10-14T11:00:00,0,Outbound,QBR,No Show,1,,,0,False
7769,1122,6,2024-02-19T15:45:00,30,Outbound,Technical Deep Dive,Completed,8,0.66,106,6,False
7770,4366,14,2024-12-16T11:00:00,30,Outbound,Follow-Up,Completed,6,0.59,213,4,False
7771,4498,5,2024-11-19T13:30:00,28,Inbound,QBR,Completed,4,0.6,155,15,False
7772,4927,10,2023-07-12T16:45:00,27,Outbound,Discovery,Completed,5,0.52,67,4,False
7773,1746,15,2024-08-07T09:45:00,0,Outbound,Demo,No Show,1,,,0,False
7774,4607,9,2024-12-01T17:45:00,41,Outbound,Discovery,Completed,7,0.55,178,13,True
7775,3703,16,2024-12-08T10:45:00,54,Outbound,Technical Deep Dive,Completed,8,0.44,53,7,False
7776,1776,9,2023-12-30T10:30:00,20,Inbound,Discovery,Completed,8,0.66,113,11,False
7777,453,13,2024-04-01T10:30:00,0,Outbound,QBR,No Show,1,,,0,False
7778,3924,12,2024-04-19T11:30:00,43,Outbound,Check-In,Completed,8,0.53,137,9,False
7779,3774,7,2024-03-04T15:30:00,41,Inbound,Discovery,Completed,3,0.58,119,19,True
7780,1243,7,2024-11-17T13:00:00,39,Outbound,Negotiation,Rescheduled,1,,,0,False
7781,2272,16,2024-11-18T11:45:00,0,Outbound,Demo,No Show,1,,,0,False
7782,4333,10,2024-12-19T17:00:00,58,Outbound,Technical Deep Dive,Rescheduled,1,,,0,False
7783,4262,9,2024-12-15T12:00:00,23,Outbound,Discovery,Completed,3,0.7,214,13,False
7784,1304,16,2024-10-26T08:15:00,35,Outbound,Discovery,Completed,8,0.56,87,14,False
7785,3873,1,2023-05-09T15:45:00,0,Outbound,Demo,No Show,1,,,0,False
7786,4573,14,2024-12-16T13:30:00,57,Outbound,Demo,Completed,3,0.59,144,2,False
7787,408,14,2024-12-30T12:30:00,22,Outbound,Discovery,Rescheduled,1,,,0,False
7788,737,9,2024-12-05T11:30:00,16,Outbound,Discovery,Completed,2,0.6,186,11,True
7789,873,9,2024-12-24T11:15:00,38,Outbound,Discovery,Completed,8,0.45,76,14,False
7790,3253,13,2024-12-15T10:45:00,46,Outbound,Discovery,Completed,8,0.58,199,11,False
7791,4793,4,2024-10-03T13:00:00,34,Outbound,QBR,Completed,8,0.66,38,16,True
7792,1276,1,2022-04-09T11:30:00,30,Outbound,QBR,Completed,5,0.46,206,8,True
7793,3969,9,2022-11-06T09:30:00,58,Outbound,Demo,Completed,5,0.39,225,15,True
7794,4105,14,2024-12-04T10:00:00,32,Inbound,Discovery,Completed,3,0.44,236,4,True
7795,1858,9,2022-04-18T11:45:00,44,Outbound,Negotiation,Completed,3,0.54,158,7,False
7796,3044,11,2023-08-10T11:00:00,59,Inbound,Discovery,Completed,2,0.72,157,13,True
7797,1784,1,2021-07-23T16:00:00,38,Inbound,Discovery,Completed,2,0.59,53,13,False
7798,1397,16,2024-12-07T14:00:00,15,Outbound,Discovery,Completed,2,0.71,142,7,True
7799,3444,1,2024-09-09T14:15:00,36,Outbound,Discovery,Completed,7,0.48,48,7,False
7800,448,4,2021-03-05T10:30:00,59,Outbound,Negotiation,Completed,2,0.5,30,18,True
7801,2853,10,2024-06-20T16:15:00,59,Outbound,Check-In,Completed,3,0.66,178,4,False
7802,4911,13,2024-02-08T16:00:00,44,Inbound,QBR,Completed,8,0.53,163,7,True
7803,678,4,2024-12-17T11:00:00,19,Outbound,Negotiation,Completed,2,0.69,94,6,False
7804,1570,2,2023-12-04T14:00:00,31,Outbound,Check-In,Completed,6,0.54,200,8,True
7805,4393,13,2022-09-04T10:00:00,32,Inbound,Demo,Completed,7,0.78,33,7,False
7806,3033,12,2024-05-15T16:00:00,,Outbound,Discovery,Completed,5,0.63,213,6,False
7807,2993,3,2023-03-17T10:45:00,21,Outbound,Demo,Completed,2,0.3,206,21,False
7808,4239,7,2022-11-12T12:45:00,50,Inbound,Discovery,Completed,3,0.58,214,19,True
7809,3954,8,2024-11-14T10:15:00,52,Outbound,Discovery,Completed,3,0.63,111,13,True
7810,4171,12,2024-12-02T13:45:00,1,Outbound,Discovery,Voicemail,1,,,0,False
7811,3354,1,2023-12-18T14:30:00,53,Outbound,QBR,Rescheduled,1,,,0,False
7812,230,3,2024-11-05T09:15:00,0,Outbound,Check-In,No Show,1,,,0,False
7813,4021,7,2024-12-08T16:15:00,19,Outbound,Negotiation,Completed,6,0.43,107,25,True
7814,3426,5,2021-08-22T14:30:00,29,Outbound,Follow-Up,Completed,5,0.62,151,18,False
7815,3419,9,2023-05-07T15:15:00,39,Inbound,Check-In,Completed,3,0.39,161,8,False
7816,4296,13,2023-11-16T16:00:00,32,Inbound,QBR,Completed,3,0.63,30,14,False
7817,2547,5,2030-06-15T10:00:00,20,Outbound,Negotiation,Completed,5,0.53,106,14,False
7818,327,7,2024-11-18T12:15:00,,Inbound,Check-In,No Show,1,,,0,False
7819,3704,8,2024-12-12T15:45:00,41,Outbound,Technical Deep Dive,Completed,8,0.43,49,18,False
7820,4149,16,2024-09-26T11:30:00,39,Outbound,QBR,Rescheduled,1,,,0,False
7821,824,9,2024-09-28T15:00:00,41,Inbound,QBR,Completed,4,0.67,197,6,False
7822,1344,2,2021-11-07T10:00:00,33,Inbound,Demo,Completed,8,0.56,263,7,False
7823,904,2,2020-07-07T15:15:00,50,Inbound,Negotiation,Completed,3,0.58,46,8,False
7824,4658,7,2030-06-15T10:00:00,46,Outbound,Negotiation,Completed,2,0.66,254,11,True
7825,2851,15,2024-10-23T10:00:00,16,Inbound,Negotiation,Completed,4,0.75,36,5,False
7826,3967,9,2023-01-19T11:00:00,50,Inbound,Follow-Up,Completed,5,0.52,141,7,False
7827,2804,15,2023-09-22T13:30:00,37,Outbound,Negotiation,Completed,3,0.59,112,10,True
7828,4033,12,2024-07-22T10:45:00,3,Inbound,Discovery,Voicemail,1,,,0,False
7829,528,16,2024-12-21T11:45:00,17,Outbound,Follow-Up,Completed,8,0.75,217,12,True
7830,1595,12,2024-11-03T09:45:00,45,Inbound,QBR,Completed,4,0.63,40,13,False
7831,839,5,2024-11-28T10:00:00,26,Inbound,QBR,Completed,4,0.73,137,3,False
7832,4623,15,2024-12-22T13:45:00,-44,Outbound,Check-In,Completed,8,0.68,141,10,True
7833,3464,16,2024-12-19T13:15:00,59,Outbound,Check-In,Completed,6,0.42,115,10,False
7834,4486,5,2024-12-09T10:00:00,40,Inbound,Demo,Completed,8,0.69,156,9,True
7835,1893,13,2024-12-07T12:45:00,57,Outbound,Follow-Up,Completed,6,0.62,152,7,True
7836,3735,13,2030-06-15T10:00:00,33,Outbound,QBR,Completed,3,0.69,133,8,False
7837,3627,6,2024-11-21T12:45:00,21,Inbound,Technical Deep Dive,Completed,7,0.47,99,7,False
7838,4748,4,2022-02-22T10:45:00,36,Outbound,Technical Deep Dive,Completed,5,0.52,197,11,False
7839,3172,5,2024-07-20T10:45:00,33,Inbound,Discovery,Completed,2,0.72,58,14,False
7840,3083,3,2023-10-15T13:15:00,26,Outbound,Check-In,Completed,6,0.26,68,10,True
7841,4670,6,2030-06-15T10:00:00,0,Outbound,Check-In,No Show,1,,,0,False
7842,3355,14,2024-12-30T08:15:00,29,Outbound,Check-In,Rescheduled,1,,,0,False
7843,1471,8,2023-09-15T11:30:00,31,Inbound,Technical Deep Dive,Completed,3,0.81,41,7,False
7844,425,9,2024-12-27T13:45:00,37,Outbound,Follow-Up,Completed,6,0.43,185,11,False
7845,1890,9,2024-11-29T09:30:00,25,Inbound,Follow-Up,Completed,4,0.41,107,19,True
7846,3411,3,2024-12-09T13:00:00,39,Inbound,Demo,Completed,8,0.71,71,9,True
7847,4561,5,2024-12-02T11:15:00,19,Outbound,Demo,Completed,4,0.64,213,7,False
7848,1811,12,2024-06-07T09:30:00,33,Inbound,Follow-Up,Rescheduled,1,,,0,False
7849,3007,6,2024-08-02T14:45:00,44,Outbound,Follow-Up,Completed,4,0.6,176,5,True
7850,601,5,2024-03-27T14:00:00,16,Inbound,Negotiation,Completed,2,0.54,227,11,False
7851,808,1,2024-01-18T09:15:00,0,Outbound,Technical Deep Dive,No Show,1,,,0,False
7852,3750,2,2024-10-18T15:45:00,50,Inbound,Technical Deep Dive,Completed,5,0.55,175,10,True
7853,1086,15,2024-09-25T15:45:00,15,Outbound,Follow-Up,Completed,7,0.69,62,4,False
7854,3393,2,2024-02-22T11:30:00,26,Inbound,Follow-Up,Completed,7,0.68,194,10,True
7855,1868,7,2024-02-01T15:15:00,35,Outbound,Check-In,Completed,5,0.81,200,11,True
7856,1668,5,2024-09-20T14:30:00,31,Outbound,Check-In,Completed,4,0.47,189,14,True
7857,1328,7,2024-06-18T11:45:00,45,Outbound,Check-In,Completed,6,0.41,191,19,True
7858,450,12,2024-07-29T15:45:00,53,Outbound,Check-In,Completed,6,0.63,201,8,False
7859,3738,3,2030-06-15T10:00:00,52,Outbound,Check-In,Completed,3,0.52,222,21,True
7860,3507,7,2023-06-09T13:45:00,,Outbound,Negotiation,No Show,1,,,0,False
7861,3198,12,2024-05-10T16:15:00,16,Inbound,Technical Deep Dive,Completed,4,1.15,216,5,False
7862,1021,13,2024-03-12T11:30:00,15,Outbound,Demo,Completed,4,0.6,89,12,False
7863,2840,1,2023-12-07T14:45:00,,Inbound,Follow-Up,Completed,3,0.34,95,6,True
7864,196,7,2021-06-27T12:30:00,22,Outbound,Follow-Up,Completed,2,0.67,142,13,True
7865,4271,13,2030-06-15T10:00:00,18,Inbound,QBR,Completed,7,0.43,42,10,False
7866,2352,12,2024-03-03T15:15:00,1,Outbound,Negotiation,Voicemail,1,,,0,False
7867,3782,14,2023-12-07T15:30:00,0,Inbound,Check-In,No Show,1,,,0,False
7868,785,14,2023-03-28T12:45:00,46,Outbound,Follow-Up,Completed,4,0.65,64,5,False
7869,3813,1,2024-09-14T16:45:00,19,Inbound,Demo,Completed,3,0.57,123,19,True
7870,3905,13,2023-09-10T11:45:00,3,Outbound,Technical Deep Dive,Voicemail,1,,,0,False
7871,4742,10,2024-03-22T14:30:00,0,Outbound,Technical Deep Dive,No Show,1,,,0,False
7872,1868,7,2024-03-10T13:45:00,1,Outbound,Demo,Voicemail,1,,,0,False
7873,4359,8,2024-08-27T11:45:00,20,Outbound,Technical Deep Dive,Completed,6,0.64,50,13,True
7874,3056,1,2024-12-07T09:45:00,33,Outbound,Technical Deep Dive,Completed,8,0.42,160,13,True
7875,3845,8,2024-07-15T14:30:00,18,Inbound,Negotiation,Completed,4,0.66,153,14,True
7876,3019,2,2024-12-09T14:00:00,35,Outbound,Technical Deep Dive,Completed,8,0.57,119,24,True
7877,3718,5,2021-12-14T15:15:00,0,Outbound,Check-In,No Show,1,,,0,False
7878,4319,1,2021-10-15T09:00:00,15,Outbound,Demo,Completed,4,0.33,122,7,True
7879,3077,8,2024-12-02T15:45:00,,Inbound,Discovery,Completed,4,0.48,158,20,True
7880,1937,10,2024-12-29T09:45:00,56,Outbound,QBR,Completed,3,0.66,40,1,False
7881,4890,5,2023-10-28T11:30:00,0,Inbound,Discovery,No Show,1,,,0,False
7882,3119,2,2021-07-11T14:45:00,39,Outbound,Technical Deep Dive,Completed,4,0.36,69,18,False
7883,2957,11,2024-10-07T12:45:00,0,Inbound,Follow-Up,No Show,1,,,0,False
7884,708,15,2024-12-24T12:00:00,45,Outbound,Negotiation,Completed,8,0.56,132,8,False
7885,1042,7,2022-05-15T11:30:00,0,Inbound,Technical Deep Dive,No Show,1,,,0,False
7886,1639,16,2024-12-20T11:30:00,-52,Inbound,Follow-Up,Rescheduled,1,,,0,False
7887,3203,7,2030-06-15T10:00:00,43,Outbound,Technical Deep Dive,Completed,8,0.63,218,10,False
7888,4598,11,2021-10-23T14:30:00,54,Outbound,Negotiation,Completed,8,0.5,40,20,True
7889,3989,11,2022-03-15T08:45:00,45,Inbound,Follow-Up,Rescheduled,1,,,0,False
7890,1618,1,2023-04-18T12:00:00,41,Outbound,Negotiation,Completed,3,0.52,204,9,True
7891,2544,11,2024-08-01T13:15:00,15,Outbound,QBR,Completed,5,0.49,176,3,True
7892,2462,9,2023-02-19T11:30:00,22,Outbound,Check-In,Completed,6,0.72,169,17,True
7893,4358,15,2024-12-04T13:15:00,2,Inbound,Discovery,Voicemail,1,,,0,False
7894,2870,6,2024-03-11T14:45:00,19,Outbound,Demo,Completed,4,0.7,118,19,False
7895,1030,9,2024-12-28T16:30:00,50,Outbound,Follow-Up,Rescheduled,1,,,0,False
7896,2315,11,2024-12-06T16:00:00,17,Inbound,Discovery,Completed,8,0.34,86,18,False
7897,430,2,2024-12-08T14:45:00,27,Outbound,Negotiation,Completed,2,0.5,87,14,True
7898,1334,10,2022-02-19T12:45:00,41,Outbound,QBR,Rescheduled,1,,,0,False
7899,2302,9,2024-10-29T16:15:00,59,Outbound,Technical Deep Dive,Completed,3,0.43,166,5,False
7900,904,2,2020-10-05T11:00:00,48,Outbound,Technical Deep Dive,Completed,3,0.49,60,8,False
7901,1936,3,2020-10-09T08:15:00,33,Inbound,Technical Deep Dive,Completed,5,0.54,207,13,True
7902,1653,9,2022-10-06T10:30:00,35,Outbound,QBR,Completed,4,0.63,67,8,True
7903,3871,3,2024-12-23T11:15:00,40,Outbound,QBR,Completed,6,0.26,142,28,True
7904,3800,11,2024-08-12T12:30:00,21,Outbound,Demo,Completed,8,0.6,288,6,False
7905,1772,7,2024-12-04T13:15:00,33,Outbound,Follow-Up,Completed,5,0.42,59,9,True
7906,3537,6,2024-03-08T09:15:00,34,Outbound,QBR,Completed,6,0.58,189,7,False
7907,2409,9,2024-12-14T11:15:00,49,Outbound,Technical Deep Dive,Rescheduled,1,,,0,False
7908,647,9,2022-04-22T15:15:00,19,Outbound,Negotiation,Completed,5,0.65,221,14,False
7909,568,7,2023-05-15T12:15:00,48,Outbound,Demo,Completed,2,0.48,61,24,True
7910,1883,5,2024-07-24T13:30:00,44,Outbound,Discovery,Rescheduled,1,,,0,False
7911,2393,12,2022-05-31T12:15:00,31,Inbound,Negotiation,Completed,2,0.42,176,9,True
7912,2323,8,2023-11-14T12:15:00,0,Outbound,Technical Deep Dive,No Show,1,,,0,False
7913,1825,14,2024-12-03T11:00:00,22,Inbound,Discovery,Completed,5,0.61,182,6,False
7914,636,5,2024-04-30T10:45:00,49,Inbound,Negotiation,Completed,8,0.36,113,12,False
7915,2202,1,2024-08-29T11:15:00,44,Outbound,Discovery,Rescheduled,1,,,0,False
7916,1887,6,2024-12-30T11:30:00,30,Outbound,Discovery,Completed,5,0.39,81,17,True
7917,1350,15,2022-12-06T10:00:00,0,Inbound,Follow-Up,No Show,1,,,0,False
7918,1386,16,2030-06-15T10:00:00,40,Inbound,Discovery,Completed,6,0.71,83,16,False
7919,2605,16,2024-12-06T15:30:00,19,Outbound,Discovery,Completed,6,0.68,158,7,False
7920,429,6,2023-11-19T12:30:00,16,Inbound,Demo,Rescheduled,1,,,0,False
7921,3088,1,2030-06-15T10:00:00,51,Inbound,Technical Deep Dive,Completed,7,0.38,111,14,True
7922,3427,16,2024-12-27T12:00:00,19,Inbound,Follow-Up,Completed,8,0.48,80,4,False
7923,962,1,2024-10-29T11:30:00,0,Outbound,QBR,No Show,1,,,0,False
7924,1096,12,2022-08-27T15:15:00,51,Outbound,QBR,Completed,3,0.69,236,13,True
7925,2076,13,2023-09-17T17:30:00,39,Outbound,QBR,Completed,4,0.62,279,1,False
7926,4713,13,2020-11-14T16:00:00,45,Outbound,Check-In,Completed,8,0.69,96,9,True
7927,4384,14,2022-04-17T08:30:00,25,Outbound,QBR,Completed,3,0.89,129,3,False
7928,1400,13,2024-12-22T16:15:00,0,Outbound,Check-In,No Show,1,,,0,False
7929,3249,4,2024-07-16T12:00:00,0,Inbound,Discovery,No Show,1,,,0,False
7930,3208,16,2024-10-07T15:00:00,0,Outbound,Follow-Up,No Show,1,,,0,False
7931,4275,10,2024-11-13T10:45:00,,Inbound,QBR,Completed,7,0.53,57,18,True
7932,3838,5,2024-08-31T13:45:00,47,Outbound,Discovery,Completed,7,0.6,66,8,False
7933,1165,16,2024-06-21T15:15:00,54,Outbound,Negotiation,Completed,6,0.65,115,4,True
7934,2624,16,2024-09-20T08:15:00,53,Outbound,Negotiation,Completed,8,0.38,167,11,False
7935,2776,1,2024-08-26T11:45:00,49,Outbound,Discovery,Completed,3,0.75,202,8,True
7936,2760,15,2024-12-09T10:00:00,22,Outbound,Follow-Up,Rescheduled,1,,,0,False
7937,505,9,2030-06-15T10:00:00,52,Inbound,QBR,Completed,5,0.68,289,9,False
7938,4222,3,2024-12-25T11:45:00,54,Outbound,Technical Deep Dive,Completed,7,0.62,36,8,True
7939,1615,9,2030-06-15T10:00:00,53,Outbound,Negotiation,Completed,4,0.55,64,10,False
7940,2974,11,2024-12-31T11:45:00,53,Outbound,Check-In,Completed,3,0.44,79,7,True
7941,1178,11,2023-03-11T10:15:00,18,Inbound,Technical Deep Dive,Completed,6,0.44,76,9,False
7942,4955,5,2024-02-16T13:15:00,2,Outbound,Follow-Up,Voicemail,1,,,0,False
7943,1239,5,2021-01-22T15:30:00,45,Outbound,Technical Deep Dive,Completed,5,0.6,188,6,True
7944,472,8,2024-08-16T12:00:00,58,Outbound,Demo,Completed,3,0.46,192,15,False
7945,3298,6,2024-12-12T08:00:00,1,Outbound,Follow-Up,Voicemail,1,,,0,False
7946,4544,9,2022-07-15T13:30:00,28,Inbound,Negotiation,Completed,7,0.55,60,9,True
7947,1776,9,2024-02-21T10:30:00,17,Outbound,Demo,Completed,8,0.53,151,9,False
7948,1342,7,2024-05-20T13:00:00,0,Outbound,Technical Deep Dive,No Show,1,,,0,False
7949,4311,8,2024-08-30T15:30:00,22,Inbound,Follow-Up,Completed,2,0.44,41,20,True
7950,3940,16,2024-09-08T13:45:00,40,Outbound,QBR,Completed,3,0.56,143,10,True
7951,2830,7,2022-04-09T11:15:00,22,Outbound,Follow-Up,Completed,6,0.46,68,18,True
7952,2383,11,2024-04-20T11:30:00,38,Outbound,Discovery,Completed,5,0.45,144,15,False
7953,336,5,2023-03-18T12:15:00,24,Outbound,Demo,Completed,8,0.57,63,17,True
7954,3616,5,2022-03-23T17:15:00,42,Outbound,Follow-Up,Completed,6,0.45,170,6,False
7955,3917,8,2024-04-25T09:30:00,16,Outbound,Discovery,Completed,6,0.53,127,6,False
7956,1006,6,2024-12-11T17:45:00,30,Outbound,Technical Deep Dive,Completed,5,0.53,95,23,True
7957,3156,3,2024-04-07T12:15:00,21,Inbound,Technical Deep Dive,Completed,3,0.39,131,14,False
7958,2602,12,2024-04-02T10:45:00,18,Inbound,Demo,Rescheduled,1,,,0,False
7959,3283,8,2023-03-08T13:00:00,54,Inbound,Demo,Completed,3,0.46,83,5,True
7960,3240,11,2024-08-29T13:15:00,21,Outbound,Follow-Up,Completed,7,0.7,49,9,True
7961,4437,6,2024-06-19T09:00:00,42,Outbound,Negotiation,Completed,4,0.71,86,5,True
7962,26,7,2024-03-21T15:15:00,33,Outbound,Follow-Up,Completed,7,0.67,280,7,False
7963,3381,7,2024-09-20T10:45:00,31,Outbound,QBR,Rescheduled,1,,,0,False
7964,4282,4,2024-04-09T15:30:00,28,Outbound,Demo,Rescheduled,1,,,0,False
7965,4435,12,2024-08-23T09:45:00,60,Outbound,Follow-Up,Completed,7,0.46,194,9,False
7966,776,7,2023-01-12T11:00:00,59,Inbound,Technical Deep Dive,Completed,5,0.74,96,2,True
7967,4481,7,2021-02-14T13:45:00,34,Outbound,Demo,Completed,4,1.47,111,6,False
7968,91,16,2024-12-18T10:00:00,47,Outbound,Technical Deep Dive,Completed,8,0.46,131,16,True
7969,1276,1,2022-03-04T08:45:00,37,Outbound,Negotiation,Completed,8,0.34,157,4,True
7970,4323,5,2024-12-03T14:00:00,,Inbound,QBR,Completed,5,0.44,127,10,True
7971,585,13,2023-06-06T14:45:00,38,Inbound,Discovery,Completed,4,1.37,171,3,True
7972,2376,1,2023-05-27T15:30:00,21,Outbound,QBR,Completed,3,0.66,41,18,False
7973,4073,5,2024-12-13T08:45:00,23,Inbound,Demo,Completed,3,0.48,196,13,False
7974,3731,11,2024-12-26T10:30:00,23,Outbound,Check-In,Completed,5,0.88,75,2,True
7975,3693,15,2030-06-15T10:00:00,0,Outbound,Follow-Up,No Show,1,,,0,False
7976,628,8,2023-03-30T16:00:00,53,Outbound,Demo,Completed,2,0.52,132,24,True
7977,4476,16,2024-12-08T08:30:00,20,Inbound,Discovery,Completed,8,0.61,62,8,True
7978,3516,14,2024-03-17T11:45:00,44,Inbound,QBR,Completed,8,0.52,199,4,True
7979,255,4,2023-05-02T11:45:00,54,Inbound,Discovery,Completed,8,0.56,229,20,True
7980,2014,15,2024-12-04T10:00:00,59,Outbound,Technical Deep Dive,Completed,8,0.61,91,13,False
7981,2550,8,2024-12-19T09:45:00,28,Outbound,Technical Deep Dive,Completed,7,0.54,84,7,True
7982,574,12,2024-04-03T09:00:00,30,Outbound,Demo,Rescheduled,1,,,0,False
7983,606,14,2024-06-23T15:15:00,29,Inbound,Negotiation,Completed,8,0.53,87,4,False
7984,1801,3,2024-12-16T10:45:00,43,Outbound,Technical Deep Dive,Rescheduled,1,,,0,False
7985,1993,13,2023-09-03T15:45:00,59,Outbound,Follow-Up,Completed,7,0.58,137,11,False
7986,1274,9,2023-07-12T10:30:00,29,Inbound,Negotiation,Completed,3,0.4,51,3,False
7987,1373,1,2022-02-28T12:00:00,21,Inbound,Technical Deep Dive,Completed,7,0.53,38,24,False
7988,3051,11,2024-11-15T10:15:00,28,Outbound,Discovery,Completed,5,0.42,215,11,True
7989,2382,7,2023-02-24T09:15:00,34,Outbound,Discovery,Completed,7,0.69,145,6,True
7990,3698,2,2024-09-22T15:30:00,40,Inbound,QBR,Completed,4,0.64,216,19,True
7991,1543,13,2024-12-22T13:30:00,46,Outbound,Follow-Up,Completed,5,0.65,217,6,True
7992,1175,10,2024-10-02T12:15:00,45,Outbound,Technical Deep Dive,Completed,2,0.72,103,4,True
7993,700,4,2024-11-01T10:00:00,20,Inbound,QBR,Completed,7,0.62,86,12,False
7994,4129,13,2024-08-29T09:15:00,0,Inbound,Discovery,No Show,1,,,0,False
7995,1619,6,2024-12-31T10:00:00,16,Outbound,Negotiation,Completed,8,0.38,198,9,False
7996,3250,2,2022-03-12T14:30:00,0,Inbound,Demo,No Show,1,,,0,False
7997,2986,1,2022-05-05T16:00:00,1,Outbound,Demo,Voicemail,1,,,0,False
7998,3497,14,2030-06-15T10:00:00,0,Outbound,Technical Deep Dive,No Show,1,,,0,False
7999,582,14,2023-01-13T15:00:00,60,Outbound,Demo,Completed,5,0.71,220,2,True
8000,4202,2,2024-12-27T16:00:00,0,Outbound,Discovery,No Show,1,,,0,False
8001,3950,2,2024-12-10T14:45:00,,Outbound,Technical Deep Dive,Completed,3,0.65,45,15,True
8002,360,3,2024-06-10T14:45:00,26,Outbound,Technical Deep Dive,Completed,7,0.57,183,20,False
8003,3988,15,2023-12-30T11:00:00,38,Outbound,Technical Deep Dive,Completed,6,0.74,153,6,False
8004,331,10,2024-12-18T15:45:00,54,Outbound,QBR,Completed,4,0.59,173,9,False
8005,536,16,2024-11-25T11:30:00,38,Outbound,QBR,Completed,8,0.73,256,1,False
8006,1377,14,2024-12-05T12:00:00,56,Outbound,Check-In,Rescheduled,1,,,0,False
8007,2504,1,2022-06-09T14:15:00,2,Outbound,Discovery,Voicemail,1,,,0,False
8008,3498,16,2024-12-03T11:45:00,36,Outbound,QBR,Completed,2,0.6,35,6,True
8009,1060,1,2024-12-23T12:15:00,43,Inbound,Demo,Rescheduled,1,,,0,False
8010,3336,14,2022-08-13T15:00:00,33,Outbound,Negotiation,Rescheduled,1,,,0,False
8011,2914,7,2022-05-14T15:15:00,60,Outbound,Technical Deep Dive,Completed,8,0.58,84,7,False
8012,3574,13,2024-05-22T08:45:00,0,Inbound,Discovery,No Show,1,,,0,False
8013,1830,7,2022-07-05T16:15:00,27,Outbound,Check-In,Completed,7,0.61,72,12,False
8014,1823,6,2024-02-20T11:45:00,51,Outbound,QBR,Completed,5,0.69,215,20,True
8015,2296,9,2024-12-27T11:15:00,20,Inbound,Check-In,Rescheduled,1,,,0,False
8016,4298,13,2024-08-23T09:00:00,40,Inbound,QBR,Completed,6,0.78,158,2,False
8017,1666,16,2024-06-18T12:15:00,43,Outbound,Discovery,Completed,3,0.46,126,10,False
8018,3710,12,2022-05-19T13:00:00,23,Outbound,QBR,Rescheduled,1,,,0,False
8019,2537,2,2024-09-06T10:00:00,17,Outbound,Negotiation,Completed,2,0.74,286,9,False
8020,2920,2,2024-06-17T09:30:00,0,Outbound,Demo,No Show,1,,,0,False
8021,2643,15,2024-12-23T10:00:00,21,Outbound,Discovery,Completed,8,0.77,57,3,True
8022,199,12,2024-03-31T13:15:00,0,Inbound,Demo,No Show,1,,,0,False
8023,4921,13,2024-10-15T11:15:00,0,Outbound,Technical Deep Dive,No Show,1,,,0,False
8024,3912,1,2022-06-24T16:30:00,30,Inbound,Negotiation,Completed,5,0.57,44,22,False
8025,2651,16,2024-12-18T15:00:00,57,Outbound,Technical Deep Dive,Rescheduled,1,,,0,False
8026,334,12,2023-07-29T08:15:00,51,Outbound,QBR,Completed,5,0.5,99,12,False
8027,456,9,2024-06-11T15:45:00,0,Outbound,Negotiation,No Show,1,,,0,False
8028,6,10,2024-12-01T15:30:00,38,Inbound,QBR,Completed,5,0.39,114,18,True
8029,578,5,2023-11-15T13:45:00,,Outbound,Follow-Up,Rescheduled,1,,,0,False
8030,574,12,2024-04-12T12:15:00,31,Outbound,Negotiation,Completed,6,0.83,166,3,False
8031,3906,6,2022-10-04T10:00:00,2,Outbound,Negotiation,Voicemail,1,,,0,False
8032,4131,2,2024-12-13T16:45:00,42,Outbound,Check-In,Completed,7,0.37,36,24,False
8033,1537,15,2024-12-04T14:30:00,35,Outbound,Technical Deep Dive,Completed,4,0.61,254,8,False
8034,3528,5,2024-12-26T12:00:00,48,Outbound,QBR,Completed,8,0.54,153,8,True
8035,4559,1,2024-12-18T15:45:00,44,Outbound,Negotiation,Completed,3,0.65,35,13,False
8036,3722,1,2024-09-04T16:00:00,44,Outbound,Demo,Completed,5,0.35,109,18,False
8037,967,7,2024-09-07T09:15:00,16,Outbound,Technical Deep Dive,Completed,3,0.37,234,12,False
8038,825,8,2024-11-03T12:30:00,44,Outbound,Discovery,Completed,2,0.61,137,7,True
8039,146,2,2024-07-07T13:15:00,34,Outbound,Follow-Up,Completed,8,0.26,104,24,True
8040,4905,15,2024-12-04T11:45:00,36,Outbound,Technical Deep Dive,Completed,6,0.52,30,3,False
8041,2302,9,2024-12-08T11:15:00,55,Inbound,Follow-Up,Completed,5,0.71,222,4,True
8042,1355,10,2024-01-05T14:45:00,58,Outbound,Demo,Completed,5,0.8,204,2,False
8043,1050,15,2021-05-02T14:30:00,43,Outbound,Follow-Up,Completed,2,0.56,134,12,True
8044,4224,6,2023-11-01T15:45:00,30,Inbound,Check-In,Completed,7,0.53,153,6,False
8045,3738,3,2024-08-18T11:30:00,58,Outbound,Technical Deep Dive,Completed,5,0.37,132,19,False
8046,4380,13,2023-10-14T17:15:00,58,Outbound,Negotiation,Completed,8,0.72,168,5,False
8047,360,3,2024-07-22T11:30:00,55,Outbound,Negotiation,Completed,3,0.55,150,21,True
8048,1645,15,2024-12-31T09:30:00,34,Inbound,Technical Deep Dive,Completed,8,0.62,63,8,False
8049,4282,4,2024-05-16T15:30:00,29,Outbound,Demo,Completed,7,0.41,34,14,True
8050,4369,15,2024-06-15T14:00:00,56,Inbound,Negotiation,Completed,6,0.57,188,11,False
8051,1776,9,2024-01-13T12:15:00,37,Outbound,QBR,Completed,2,0.71,107,12,False
8052,523,8,2021-12-30T14:15:00,17,Outbound,Discovery,Completed,4,0.5,286,4,False
8053,3337,16,2024-12-29T12:00:00,46,Inbound,Discovery,Completed,3,0.44,163,4,True
8054,729,15,2024-05-29T15:15:00,0,Outbound,Check-In,No Show,1,,,0,False
8055,4007,8,2022-04-26T16:00:00,0,Outbound,Demo,No Show,1,,,0,False
8056,4666,10,2022-04-18T15:30:00,48,Outbound,Follow-Up,Rescheduled,1,,,0,False
8057,2728,12,2024-11-13T14:30:00,56,Outbound,QBR,Completed,8,0.52,173,12,True
8058,3532,3,2023-01-09T15:30:00,29,Outbound,Technical Deep Dive,Completed,3,0.77,162,3,False
8059,4262,9,2024-12-27T11:00:00,37,Outbound,Discovery,Completed,6,0.65,71,17,True
8060,4061,7,2024-05-20T11:15:00,18,Outbound,Negotiation,Rescheduled,1,,,0,False
8061,4365,2,2024-09-01T11:30:00,53,Outbound,Follow-Up,Completed,2,0.79,103,2,False
8062,3045,15,2024-12-20T15:45:00,27,Outbound,Technical Deep Dive,Completed,7,0.66,210,3,False
8063,4606,12,2023-11-18T17:00:00,60,Outbound,Negotiation,Completed,6,0.54,74,9,True
8064,3640,14,2024-12-12T17:30:00,39,Outbound,QBR,Completed,7,0.73,193,11,False
8065,1070,16,2021-12-26T10:00:00,2,Outbound,Negotiation,Voicemail,1,,,0,False
8066,309,13,2022-11-11T10:00:00,58,Inbound,Demo,Completed,6,0.88,186,2,False
8067,4322,9,2024-02-01T09:15:00,52,Outbound,Follow-Up,Completed,5,0.47,79,14,True
8068,416,15,2024-12-27T12:00:00,42,Inbound,Discovery,Completed,3,0.66,158,4,True
8069,2093,2,2024-03-01T09:15:00,30,Outbound,Demo,Completed,5,0.58,39,3,True
8070,4918,7,2024-01-31T12:45:00,59,Outbound,Demo,Completed,5,0.42,33,23,True
8071,4683,13,2022-07-28T14:45:00,15,Outbound,Follow-Up,Completed,6,0.72,213,7,False
8072,4234,5,2023-07-11T14:00:00,36,Outbound,Demo,Completed,7,0.55,96,9,False
8073,3720,12,2022-09-29T11:00:00,0,Outbound,Technical Deep Dive,No Show,1,,,0,False
8074,3146,5,2022-07-19T11:30:00,50,Outbound,Check-In,Completed,6,0.38,118,15,True
8075,4481,7,2021-02-21T11:30:00,34,Outbound,Follow-Up,Completed,2,0.64,162,6,False
8076,565,9,2023-05-05T17:15:00,16,Outbound,Demo,Completed,6,1.33,106,13,False
8077,4037,7,2021-12-11T15:45:00,,Outbound,Demo,Completed,5,0.49,180,5,False
8078,2368,7,2022-09-19T11:15:00,33,Inbound,Check-In,Completed,6,0.5,144,23,False
8079,3410,4,2024-08-03T12:45:00,51,Outbound,Technical Deep Dive,Completed,6,0.53,136,20,True
8080,4787,4,2024-12-24T15:30:00,0,Inbound,Check-In,No Show,1,,,0,False
8081,3050,15,2024-12-10T12:00:00,22,Outbound,Demo,Completed,6,0.44,160,6,False
8082,1443,1,2024-08-05T11:15:00,19,Outbound,QBR,Completed,6,0.34,128,16,False
8083,1536,16,2024-12-29T15:30:00,16,Outbound,Check-In,Completed,6,0.77,59,4,False
8084,487,7,2024-01-21T14:45:00,49,Inbound,Demo,Completed,7,0.39,197,11,False
8085,4194,10,2024-12-19T12:15:00,44,Outbound,Follow-Up,Completed,3,0.44,155,13,False
8086,469,4,2024-12-24T14:30:00,45,Outbound,Check-In,Completed,6,0.67,232,7,True
8087,3753,2,2024-10-16T08:00:00,42,Inbound,QBR,Completed,7,0.62,62,22,True
8088,1381,7,2024-09-14T14:45:00,22,Outbound,QBR,Completed,2,0.67,210,15,False
8089,698,16,2023-01-11T14:00:00,57,Inbound,Negotiation,Completed,3,0.88,145,6,False
8090,4432,7,2024-08-02T14:00:00,0,Outbound,Check-In,No Show,1,,,0,False
8091,855,6,2020-10-19T13:45:00,-36,Outbound,Negotiation,Completed,4,0.59,178,20,True
8092,234,2,2024-11-17T12:00:00,0,Outbound,Technical Deep Dive,No Show,1,,,0,False
8093,1698,8,2024-12-24T13:30:00,31,Outbound,Check-In,Completed,4,0.59,101,15,False
8094,3917,8,2024-04-14T12:45:00,37,Outbound,Negotiation,Completed,6,0.57,44,12,True
8095,2555,6,2023-09-07T11:45:00,48,Inbound,Follow-Up,Completed,6,0.52,42,18,True
8096,3056,1,2024-12-16T09:45:00,47,Outbound,Follow-Up,Completed,5,1.21,122,8,True
8097,192,16,2024-06-04T09:45:00,20,Inbound,QBR,Completed,7,0.58,228,3,True
8098,1248,3,2023-06-11T12:30:00,-33,Outbound,Follow-Up,Completed,5,0.54,119,14,False
8099,4872,13,2024-10-03T13:00:00,18,Outbound,Technical Deep Dive,Completed,7,0.48,99,14,False
8100,458,8,2023-09-26T15:45:00,0,Outbound,Discovery,No Show,1,,,0,False
8101,3810,16,2024-12-17T11:15:00,27,Outbound,QBR,Completed,4,1.46,193,15,True
8102,1347,6,2024-09-18T11:00:00,24,Inbound,Check-In,Completed,2,0.36,132,8,True
8103,4240,13,2024-12-17T14:00:00,1,Outbound,Check-In,Voicemail,1,,,0,False
8104,1535,4,2024-12-13T16:30:00,40,Inbound,Check-In,Completed,8,0.63,59,6,True
8105,1674,8,2024-12-01T15:45:00,58,Outbound,Demo,Completed,4,0.4,140,25,True
8106,1925,1,2024-11-05T14:45:00,26,Inbound,Discovery,Completed,6,0.59,56,6,True
8107,3371,7,2021-05-11T13:00:00,29,Inbound,Negotiation,Completed,8,0.73,83,12,False
8108,3587,10,2022-10-30T10:00:00,15,Outbound,Discovery,Completed,7,0.65,100,9,True
8109,1652,4,2024-07-15T13:45:00,3,Inbound,QBR,Voicemail,1,,,0,False
8110,1302,16,2024-11-14T10:45:00,39,Outbound,Discovery,Completed,8,0.75,85,4,False
8111,2809,4,2024-06-20T11:15:00,38,Inbound,Discovery,Completed,3,0.39,34,10,True
8112,4977,14,2024-07-31T09:30:00,45,Outbound,Check-In,Completed,3,0.73,165,12,False
8113,4260,6,2024-09-07T14:00:00,43,Inbound,Demo,Completed,2,0.5,213,8,False
8114,41,11,2023-04-15T14:15:00,45,Inbound,Check-In,Completed,5,0.52,229,7,False
8115,1772,11,2022-09-18T15:30:00,3,Outbound,Discovery,Voicemail,1,,,0,False
8116,2737,4,2024-12-20T09:15:00,27,Outbound,Discovery,Completed,2,0.43,67,20,False
8117,1716,1,2023-08-27T11:30:00,0,Outbound,Check-In,No Show,1,,,0,False
8118,1763,14,2024-10-25T10:00:00,2,Inbound,Discovery,Voicemail,1,,,0,False
8119,550,5,2024-04-14T16:00:00,40,Outbound,Check-In,Completed,4,0.33,91,11,True
8120,422,7,2023-06-05T09:00:00,2,Inbound,Negotiation,Voicemail,1,,,0,False
8121,150,5,2023-04-17T11:30:00,32,Outbound,Technical Deep Dive,Completed,4,0.49,83,16,False
8122,1065,7,2023-07-25T12:30:00,35,Outbound,Follow-Up,Completed,7,0.42,45,19,True
8123,428,10,2024-12-01T08:00:00,53,Outbound,Check-In,Completed,3,0.71,69,10,False
8124,3043,7,2021-02-22T11:00:00,0,Inbound,QBR,No Show,1,,,0,False
8125,1995,5,2024-12-09T10:30:00,38,Outbound,Demo,Completed,7,0.41,189,7,True
8126,2361,2,2024-09-30T14:00:00,58,Inbound,Negotiation,Completed,4,0.53,198,8,True
8127,1462,8,2023-10-28T10:15:00,53,Outbound,Demo,Rescheduled,1,,,0,False
8128,4126,13,2024-06-01T10:00:00,56,Outbound,Negotiation,Completed,2,0.74,146,4,False
8129,4666,10,2022-03-20T10:00:00,17,Inbound,Follow-Up,Completed,4,0.4,131,13,True
8130,1580,15,2024-08-14T14:45:00,40,Outbound,Technical Deep Dive,Completed,2,0.73,70,9,False
8131,1793,3,2024-09-23T14:00:00,32,Outbound,Demo,Rescheduled,1,,,0,False
8132,1756,15,2024-08-23T12:30:00,0,Outbound,Check-In,No Show,1,,,0,False
8133,1121,15,2024-12-03T11:15:00,60,Outbound,Follow-Up,Completed,8,0.5,36,10,False
8134,717,3,2024-08-08T09:45:00,,Outbound,Follow-Up,Completed,8,0.57,73,6,True
8135,3590,4,2023-08-03T11:15:00,47,Outbound,Demo,Completed,2,0.57,118,9,False
8136,505,9,2024-12-10T10:30:00,23,Outbound,Demo,Completed,4,0.62,128,7,True
8137,1733,12,2024-08-19T11:30:00,35,Inbound,Check-In,Completed,2,0.73,49,12,False
8138,4925,2,2024-05-23T14:00:00,21,Inbound,Technical Deep Dive,Completed,8,0.46,236,16,True
8139,3911,2,2022-12-26T13:45:00,27,Inbound,Technical Deep Dive,Completed,5,0.64,94,24,True
8140,205,9,2024-04-01T15:15:00,47,Outbound,Check-In,Rescheduled,1,,,0,False
8141,2091,7,2024-07-11T14:00:00,3,Outbound,Technical Deep Dive,Voicemail,1,,,0,False
8142,238,5,2024-01-14T16:45:00,31,Outbound,Check-In,Completed,7,0.56,43,8,True
8143,2914,7,2022-06-25T10:15:00,42,Outbound,Follow-Up,Completed,8,0.41,50,19,True
8144,1113,2,2024-12-27T14:30:00,49,Inbound,Check-In,Completed,3,0.6,89,19,True
8145,495,7,2024-10-24T12:00:00,16,Inbound,Demo,Completed,5,0.56,37,18,True
8146,3602,12,2024-11-29T14:30:00,59,Outbound,Technical Deep Dive,Completed,2,0.86,240,4,False
8147,2806,1,2024-12-04T10:30:00,19,Outbound,Technical Deep Dive,Completed,2,0.68,225,6,True
8148,169,5,2024-12-12T16:30:00,22,Outbound,Discovery,Completed,4,1.28,101,19,False
8149,4121,12,2024-10-20T09:30:00,40,Outbound,Check-In,Completed,8,0.84,31,10,False
8150,2125,8,2024-12-02T12:15:00,55,Inbound,Check-In,Rescheduled,1,,,0,False
8151,2792,1,2024-12-21T15:30:00,39,Outbound,Demo,Completed,6,0.45,201,20,False
8152,1422,16,2024-12-14T12:45:00,24,Inbound,Discovery,Completed,5,0.41,156,12,False
8153,1243,7,2024-12-18T09:15:00,43,Inbound,Follow-Up,Completed,6,0.51,56,12,False
8154,3022,14,2024-12-06T15:45:00,17,Outbound,Technical Deep Dive,Rescheduled,1,,,0,False
8155,4955,5,2024-04-27T15:00:00,3,Inbound,QBR,Voicemail,1,,,0,False
8156,4741,15,2022-11-02T14:00:00,17,Outbound,Technical Deep Dive,Completed,5,0.57,123,4,True
8157,762,13,2030-06-15T10:00:00,3,Inbound,Check-In,Voicemail,1,,,0,False
8158,1352,14,2024-10-29T14:15:00,0,Inbound,Discovery,No Show,1,,,0,False
8159,3654,13,2023-08-29T09:15:00,51,Outbound,Follow-Up,Completed,4,0.7,41,4,False
8160,3283,8,2023-04-19T08:30:00,19,Outbound,Technical Deep Dive,Completed,3,0.54,120,13,False
8161,3574,13,2024-05-21T15:15:00,17,Inbound,Discovery,Completed,7,0.63,42,6,False
8162,1268,1,2024-12-31T15:00:00,18,Outbound,Discovery,Completed,4,0.45,153,21,True
8163,1834,1,2024-12-04T14:00:00,46,Inbound,Negotiation,Completed,8,0.34,79,9,True
8164,621,13,2024-11-11T16:00:00,34,Inbound,Demo,Completed,7,0.61,48,7,False
8165,3611,5,2024-09-25T08:45:00,22,Inbound,Discovery,Completed,7,0.66,170,19,True
8166,3243,9,2022-11-15T10:00:00,22,Outbound,Negotiation,Completed,8,0.72,117,8,True
8167,212,5,2022-12-08T10:00:00,16,Outbound,Technical Deep Dive,Rescheduled,1,,,0,False
8168,4978,15,2024-08-19T15:15:00,24,Outbound,Negotiation,Completed,6,0.75,189,12,True
8169,3268,11,2024-07-28T15:15:00,,Outbound,QBR,Completed,2,0.4,202,16,False
8170,167,13,2024-12-11T12:45:00,35,Outbound,Negotiation,Completed,3,0.63,138,11,False
8171,3666,3,2024-12-06T15:45:00,60,Outbound,QBR,Completed,4,0.71,31,15,True
8172,1375,9,2024-12-27T10:30:00,39,Inbound,Technical Deep Dive,Completed,4,0.61,151,17,False
8173,3918,10,2024-10-06T14:00:00,-20,Outbound,Negotiation,Completed,8,0.44,124,13,False
8174,1912,13,2024-05-01T14:15:00,25,Outbound,Demo,Completed,4,1.3,56,12,False
8175,2578,6,2030-06-15T10:00:00,34,Inbound,Demo,Completed,5,0.48,93,8,True
8176,1372,3,2024-12-14T13:15:00,0,Outbound,QBR,No Show,1,,,0,False
8177,4486,5,2024-11-24T12:30:00,16,Inbound,Follow-Up,Completed,5,0.67,162,12,False
8178,2660,14,2024-12-30T13:00:00,0,Outbound,Discovery,No Show,1,,,0,False
8179,1247,6,2024-12-18T11:15:00,2,Inbound,Follow-Up,Voicemail,1,,,0,False
8180,1064,1,2023-05-19T09:15:00,26,Outbound,Follow-Up,Completed,6,1.37,216,12,True
8181,749,6,2022-04-06T10:45:00,46,Outbound,Follow-Up,Completed,5,1.38,174,16,False
8182,4434,2,2021-11-19T13:45:00,-33,Outbound,Check-In,Completed,7,0.58,72,19,False
8183,930,4,2022-09-05T16:00:00,-41,Outbound,Demo,Completed,5,0.83,99,13,True
8184,1444,13,2024-09-23T16:30:00,34,Outbound,Discovery,Completed,2,0.48,187,9,False
8185,1628,5,2024-12-11T11:45:00,18,Inbound,QBR,Completed,2,0.66,169,19,False
8186,4948,16,2024-12-06T13:30:00,-32,Outbound,Check-In,Completed,6,0.65,219,12,False
8187,4941,6,2023-03-28T11:30:00,21,Inbound,Demo,Completed,8,0.51,95,18,False
8188,2470,4,2024-05-31T15:30:00,0,Inbound,Follow-Up,No Show,1,,,0,False
8189,4296,13,2023-08-04T10:00:00,54,Inbound,Demo,Completed,6,0.43,106,5,True
8190,3927,15,2024-12-04T13:00:00,32,Outbound,Demo,Completed,6,0.75,57,4,True
8191,2096,11,2024-11-08T13:45:00,42,Outbound,QBR,Completed,5,0.55,129,13,False
8192,1049,9,2022-06-02T10:15:00,31,Outbound,Demo,Completed,6,0.5,234,9,True
8193,4508,10,2024-10-26T10:15:00,41,Outbound,Negotiation,Completed,6,0.59,75,7,True
8194,3570,1,2024-10-03T12:00:00,18,Inbound,Technical Deep Dive,Completed,8,0.44,139,18,True
8195,551,13,2023-10-16T09:15:00,50,Inbound,Follow-Up,Completed,8,0.66,74,14,True
8196,3184,9,2024-04-13T11:15:00,38,Outbound,Demo,Completed,4,0.54,217,5,False
8197,193,16,2024-09-06T10:30:00,41,Outbound,Follow-Up,Completed,6,0.67,149,13,False
8198,3691,10,2023-07-14T12:15:00,51,Outbound,Negotiation,Completed,2,0.62,129,4,False
8199,2014,15,2024-12-26T15:45:00,21,Outbound,Discovery,Completed,3,0.51,231,8,False
8200,3355,14,2024-12-15T09:45:00,54,Outbound,Follow-Up,Completed,5,0.52,34,10,False
8201,1730,1,2022-08-22T10:15:00,3,Inbound,Discovery,Voicemail,1,,,0,False
8202,594,15,2024-11-02T16:45:00,44,Outbound,Discovery,Completed,8,0.7,198,3,True
8203,277,6,2022-11-26T16:45:00,1,Outbound,Discovery,Voicemail,1,,,0,False
8204,354,10,2022-04-09T10:00:00,21,Outbound,Discovery,Completed,2,0.62,74,6,True
8205,1241,7,2023-08-30T12:45:00,35,Inbound,Follow-Up,Completed,4,0.7,67,15,True
8206,510,6,2024-11-20T13:30:00,0,Inbound,Technical Deep Dive,No Show,1,,,0,False
8207,3867,10,2030-06-15T10:00:00,-48,Outbound,Discovery,Completed,5,0.66,93,13,False
8208,208,5,2022-05-12T15:30:00,54,Outbound,Discovery,Rescheduled,1,,,0,False
8209,804,16,2023-10-04T17:30:00,48,Outbound,Follow-Up,Completed,6,0.67,68,4,True
8210,3105,9,2023-04-27T10:30:00,0,Inbound,Check-In,No Show,1,,,0,False
8211,2457,10,2024-12-11T11:00:00,-33,Inbound,Demo,Rescheduled,1,,,0,False
8212,2573,12,2023-06-19T12:45:00,0,Outbound,QBR,No Show,1,,,0,False
8213,3130,16,2022-05-18T15:00:00,29,Outbound,Negotiation,Completed,7,0.47,190,9,True
8214,4281,16,2024-05-14T11:30:00,46,Inbound,Discovery,Completed,4,0.52,34,15,False
8215,2156,10,2022-10-18T15:00:00,38,Inbound,Follow-Up,Completed,7,0.65,93,14,True
8216,2092,1,2024-08-26T14:15:00,60,Outbound,QBR,Completed,7,0.54,230,20,True
8217,4895,15,2024-12-23T16:15:00,0,Outbound,QBR,No Show,1,,,0,False
8218,943,16,2024-05-05T11:00:00,18,Inbound,Follow-Up,Completed,8,0.42,234,3,True
8219,3926,16,2024-12-08T08:45:00,16,Outbound,QBR,Completed,2,0.44,37,8,False
8220,3313,1,2024-03-25T13:00:00,37,Outbound,Check-In,Completed,2,0.45,105,15,False
8221,425,9,2024-12-11T11:00:00,59,Outbound,Technical Deep Dive,Completed,4,0.57,45,10,False
8222,2996,8,2022-01-11T11:15:00,3,Outbound,Follow-Up,Voicemail,1,,,0,False
8223,4643,7,2024-04-06T12:15:00,0,Inbound,Follow-Up,No Show,1,,,0,False
8224,3053,10,2024-12-18T16:45:00,28,Outbound,Follow-Up,Completed,8,0.39,106,14,False
8225,4129,13,2024-11-15T14:15:00,30,Outbound,Follow-Up,Rescheduled,1,,,0,False
8226,908,5,2024-02-08T14:30:00,42,Outbound,Discovery,Completed,6,0.77,95,14,True
8227,2535,14,2024-08-02T14:15:00,0,Outbound,Demo,No Show,1,,,0,False
8228,2533,1,2024-10-23T13:00:00,40,Inbound,Demo,Rescheduled,1,,,0,False
8229,2723,1,2021-11-04T10:00:00,49,Outbound,QBR,Completed,3,0.42,136,20,True
8230,561,1,2024-04-29T12:30:00,60,Outbound,Demo,Completed,3,0.48,92,10,False
8231,4559,1,2024-12-09T12:30:00,26,Outbound,Discovery,Completed,8,0.31,187,9,False
8232,580,3,2024-09-24T13:15:00,19,Outbound,Check-In,Completed,8,0.56,187,15,False
8233,977,12,2024-01-09T14:00:00,0,Inbound,Check-In,No Show,1,,,0,False
8234,218,3,2022-10-23T14:00:00,28,Outbound,Demo,Completed,2,0.49,80,8,True
8235,2238,6,2024-02-23T09:15:00,22,Inbound,QBR,Completed,8,0.45,192,9,True
8236,607,4,2030-06-15T10:00:00,27,Outbound,Technical Deep Dive,Completed,3,0.58,129,5,False
8237,2909,13,2024-12-18T13:45:00,17,Inbound,Follow-Up,Completed,8,0.88,180,2,False
8238,4655,8,2024-10-30T13:15:00,0,Inbound,Technical Deep Dive,No Show,1,,,0,False
8239,4399,13,2024-03-14T11:45:00,0,Inbound,Negotiation,No Show,1,,,0,False
8240,3388,11,2021-04-09T09:15:00,0,Outbound,Technical Deep Dive,No Show,1,,,0,False
8241,3843,1,2024-12-25T09:15:00,59,Inbound,Check-In,Completed,8,0.53,189,14,True
8242,3103,6,2024-07-21T12:45:00,0,Outbound,Negotiation,No Show,1,,,0,False
8243,2047,15,2024-12-07T15:00:00,41,Inbound,Check-In,Completed,5,0.41,191,5,True
8244,820,13,2024-01-24T12:15:00,32,Outbound,Follow-Up,Completed,2,0.7,240,14,False
8245,734,9,2022-03-10T13:30:00,45,Outbound,Negotiation,Completed,7,0.4,93,3,False
8246,4245,14,2023-11-23T14:45:00,43,Outbound,Check-In,Completed,2,0.57,178,7,False
8247,1436,10,2021-02-08T16:30:00,1,Inbound,Discovery,Voicemail,1,,,0,False
8248,102,10,2024-07-06T13:15:00,32,Outbound,Check-In,Rescheduled,1,,,0,False
8249,196,7,2021-05-08T14:30:00,49,Inbound,QBR,Completed,3,0.4,51,12,True
8250,1937,10,2024-12-18T13:45:00,38,Inbound,Discovery,Completed,8,0.75,268,10,False
8251,3639,16,2024-12-28T11:30:00,35,Inbound,QBR,Completed,6,0.6,59,16,True
8252,4495,1,2023-03-11T14:00:00,,Outbound,Demo,Completed,4,0.63,79,24,False
8253,1054,14,2022-12-22T14:30:00,1,Inbound,Negotiation,Voicemail,1,,,0,False
8254,3495,2,2024-11-10T13:15:00,59,Outbound,QBR,Completed,6,0.63,229,3,False
8255,1807,5,2024-12-17T15:00:00,40,Inbound,Follow-Up,Completed,6,0.67,184,19,False
8256,1048,15,2024-12-31T12:30:00,43,Outbound,Discovery,Completed,5,0.62,191,7,False
8257,1843,1,2023-07-25T11:00:00,46,Inbound,QBR,Rescheduled,1,,,0,False
8258,4406,13,2023-01-10T09:00:00,45,Inbound,Follow-Up,Completed,8,0.78,289,8,False
8259,1480,5,2024-12-10T15:45:00,0,Outbound,Follow-Up,No Show,1,,,0,False
8260,3442,10,2024-04-06T13:00:00,27,Outbound,Check-In,Completed,5,0.44,92,18,True
8261,1901,4,2024-10-30T15:30:00,42,Outbound,Technical Deep Dive,Completed,5,0.52,217,7,True
8262,2333,5,2024-11-04T13:00:00,37,Outbound,QBR,Completed,2,0.62,114,11,False
8263,2204,13,2024-08-27T16:00:00,26,Inbound,QBR,Completed,4,0.51,77,13,False
8264,4032,14,2024-11-12T13:30:00,3,Inbound,Demo,Voicemail,1,,,0,False
8265,2157,15,2024-10-05T16:15:00,40,Outbound,Technical Deep Dive,Completed,4,0.57,149,11,True
8266,2977,2,2024-11-19T17:15:00,47,Inbound,Technical Deep Dive,Completed,6,0.42,167,13,True
8267,4021,7,2024-11-26T13:00:00,37,Outbound,Discovery,Rescheduled,1,,,0,False
8268,2638,16,2024-12-27T09:15:00,60,Outbound,Follow-Up,Rescheduled,1,,,0,False
8269,1625,2,2024-12-18T13:45:00,30,Outbound,Technical Deep Dive,Rescheduled,1,,,0,False
8270,10,8,2022-11-01T13:30:00,42,Inbound,Check-In,Completed,8,0.74,226,4,False
8271,734,9,2022-05-12T11:15:00,19,Outbound,Discovery,Completed,5,0.49,70,7,False
8272,167,13,2024-12-04T10:45:00,37,Outbound,Demo,Completed,2,0.63,49,11,True
8273,1724,1,2021-11-29T15:45:00,24,Outbound,Technical Deep Dive,Completed,2,0.52,85,9,True
8274,1060,1,2024-12-25T15:00:00,26,Inbound,Check-In,Completed,5,0.39,112,9,True
8275,133,4,2024-05-25T12:00:00,47,Inbound,Negotiation,Completed,8,0.4,128,16,False
8276,4220,2,2024-05-30T11:15:00,50,Outbound,Negotiation,Completed,3,0.55,170,15,True
8277,3676,15,2024-11-05T14:45:00,43,Outbound,Discovery,Completed,7,0.68,136,5,False
8278,2849,10,2030-06-15T10:00:00,53,Inbound,Discovery,Completed,5,0.54,49,15,False
8279,949,9,2024-04-02T15:30:00,43,Outbound,Discovery,Rescheduled,1,,,0,False
8280,4736,15,2024-08-28T14:15:00,38,Outbound,Technical Deep Dive,Completed,6,0.47,83,13,True
8281,3164,7,2024-06-12T14:15:00,19,Outbound,QBR,Completed,3,0.75,130,9,False
8282,4440,16,2024-12-21T09:30:00,32,Outbound,Discovery,Completed,8,0.66,155,12,False
8283,268,11,2022-05-27T15:45:00,52,Outbound,Negotiation,Completed,8,0.49,214,9,False
8284,2918,4,2024-02-21T10:30:00,,Outbound,QBR,Completed,7,0.55,67,15,True
8285,664,14,2024-02-15T14:00:00,28,Outbound,Check-In,Completed,7,0.64,231,6,True
8286,4128,6,2024-09-08T10:15:00,29,Outbound,Follow-Up,Completed,5,0.67,203,6,True
8287,2827,12,2023-10-24T09:00:00,23,Inbound,Negotiation,Completed,2,0.45,153,8,False
8288,982,3,2024-12-10T14:15:00,33,Outbound,Technical Deep Dive,Completed,4,0.67,76,4,False
8289,3817,7,2021-09-21T14:45:00,30,Inbound,Technical Deep Dive,Completed,6,0.47,108,10,True
8290,4808,13,2021-12-26T11:00:00,18,Outbound,Negotiation,Rescheduled,1,,,0,False
8291,2356,12,2023-11-19T10:15:00,21,Outbound,Follow-Up,Completed,7,0.69,231,4,False
8292,1804,1,2024-11-01T14:45:00,34,Outbound,QBR,Rescheduled,1,,,0,False
8293,1239,5,2020-12-31T15:00:00,58,Inbound,Demo,Rescheduled,1,,,0,False
8294,3550,13,2024-01-11T10:30:00,2,Outbound,QBR,Voicemail,1,,,0,False
8295,880,13,2023-10-24T11:15:00,3,Outbound,Demo,Voicemail,1,,,0,False
8296,2203,15,2024-12-12T11:30:00,52,Outbound,Check-In,Rescheduled,1,,,0,False
8297,2886,3,2024-10-26T10:00:00,49,Outbound,Negotiation,Completed,7,0.58,74,24,False
8298,2536,8,2024-12-17T14:00:00,53,Inbound,Discovery,Completed,2,0.63,35,15,False
8299,501,9,2023-10-06T11:00:00,43,Outbound,Technical Deep Dive,Completed,7,0.56,123,13,True
8300,4682,3,2024-07-15T13:00:00,25,Outbound,Technical Deep Dive,Completed,8,0.5,202,22,True
8301,4964,10,2023-09-19T09:45:00,51,Outbound,Negotiation,Completed,7,0.41,165,8,False
8302,4291,9,2024-06-29T14:00:00,35,Outbound,Follow-Up,Completed,6,0.58,207,7,False
8303,2255,3,2024-11-16T12:45:00,32,Outbound,Demo,Completed,3,0.57,71,13,True
8304,2022,4,2024-12-31T09:30:00,39,Outbound,Check-In,Completed,3,0.66,101,16,True
8305,726,7,2024-05-06T08:30:00,60,Inbound,Negotiation,Completed,4,0.44,67,5,False
8306,1878,4,2024-12-21T15:30:00,31,Outbound,Check-In,Completed,3,0.71,262,3,True
8307,63,4,2024-03-05T16:15:00,30,Outbound,Demo,Completed,5,0.69,96,16,False
8308,4916,13,2024-04-30T11:00:00,-3,Outbound,Technical Deep Dive,Voicemail,1,,,0,False
8309,4257,10,2024-07-28T14:00:00,36,Outbound,Negotiation,Completed,6,0.46,84,9,False
8310,408,14,2024-12-24T14:45:00,30,Inbound,QBR,Completed,3,0.69,132,4,False
8311,367,16,2024-12-09T10:00:00,28,Outbound,Technical Deep Dive,Completed,3,0.55,81,10,True
8312,174,5,2023-07-24T12:45:00,22,Outbound,QBR,Rescheduled,1,,,0,False
8313,1812,12,2024-05-27T13:45:00,,Inbound,Technical Deep Dive,Completed,8,0.7,36,4,False
8314,1447,15,2024-10-15T15:30:00,15,Outbound,Follow-Up,Completed,7,0.75,190,8,True
8315,3666,3,2024-12-24T14:45:00,29,Outbound,Negotiation,Completed,2,0.47,244,2,False
8316,645,9,2022-04-14T11:30:00,55,Inbound,Follow-Up,Completed,5,0.38,154,3,True
8317,1919,6,2022-09-23T10:15:00,47,Outbound,Discovery,Completed,5,0.65,123,10,False
8318,2200,12,2024-12-11T15:45:00,47,Inbound,Follow-Up,Completed,2,0.58,147,9,True
8319,343,4,2022-08-31T14:00:00,25,Outbound,Check-In,Completed,4,0.62,215,8,False
8320,747,2,2023-10-13T15:00:00,26,Outbound,QBR,Completed,5,0.52,146,16,True
8321,1787,1,2024-12-09T15:30:00,,Outbound,Negotiation,Completed,3,0.41,110,24,True
8322,459,16,2024-12-21T11:00:00,34,Inbound,QBR,Completed,5,0.63,39,4,False
8323,453,13,2024-05-27T15:45:00,50,Inbound,Negotiation,Completed,5,0.45,39,11,False
8324,4357,9,2023-10-13T09:15:00,46,Outbound,Discovery,Completed,7,0.64,81,6,True
8325,2706,15,2024-12-07T11:45:00,26,Outbound,Follow-Up,Completed,6,0.75,213,11,False
8326,2966,9,2024-02-10T16:30:00,51,Outbound,Technical Deep Dive,Rescheduled,1,,,0,False
8327,757,2,2024-05-04T16:15:00,18,Inbound,Follow-Up,Completed,3,0.5,78,19,True
8328,3945,10,2023-03-02T14:00:00,3,Inbound,Check-In,Voicemail,1,,,0,False
8329,2227,14,2023-05-20T10:45:00,28,Inbound,Discovery,Completed,2,0.61,192,9,False
8330,1909,11,2022-06-06T11:45:00,51,Inbound,Check-In,Completed,3,0.45,142,16,True
8331,48,6,2022-07-13T10:45:00,44,Outbound,Demo,Completed,8,0.39,42,7,True
8332,2571,5,2023-08-21T10:15:00,-60,Outbound,QBR,Completed,4,0.71,96,4,False
8333,1413,8,2024-10-06T17:15:00,0,Outbound,QBR,No Show,1,,,0,False
8334,2250,15,2024-12-01T11:15:00,38,Outbound,Technical Deep Dive,Completed,4,0.59,82,15,True
8335,2600,1,2021-12-25T09:45:00,1,Inbound,Follow-Up,Voicemail,1,,,0,False
8336,767,12,2024-04-09T12:00:00,29,Outbound,Follow-Up,Completed,5,0.7,216,7,True
8337,365,13,2024-03-13T14:45:00,,Outbound,Negotiation,Completed,2,0.87,50,9,False
8338,2944,13,2024-10-04T13:15:00,54,Outbound,QBR,Completed,4,0.69,145,3,False
8339,3947,5,2023-04-13T10:45:00,32,Inbound,Technical Deep Dive,Rescheduled,1,,,0,False
8340,2165,2,2030-06-15T10:00:00,19,Inbound,QBR,Completed,7,0.76,42,14,False
8341,1796,8,2024-12-09T10:45:00,28,Inbound,Discovery,Completed,8,0.44,65,10,True
8342,3161,14,2024-12-05T11:15:00,31,Inbound,Follow-Up,Completed,4,0.68,120,2,False
8343,3061,2,2023-04-19T15:00:00,0,Inbound,Follow-Up,No Show,1,,,0,False
8344,3527,5,2023-09-10T15:30:00,51,Inbound,QBR,Completed,3,0.39,69,13,True
8345,1676,1,2024-12-29T10:00:00,55,Outbound,Discovery,Completed,5,0.43,162,10,True
8346,399,6,2024-12-01T11:30:00,28,Outbound,Demo,Completed,6,0.51,40,15,True
8347,1158,14,2024-06-26T15:15:00,52,Inbound,Discovery,Completed,8,0.6,70,6,False
8348,395,7,2024-03-28T16:15:00,50,Outbound,Discovery,Completed,8,0.85,267,15,False
8349,3962,1,2024-12-15T12:00:00,27,Outbound,Follow-Up,Completed,5,0.46,59,19,True
8350,1446,13,2022-12-20T12:15:00,26,Outbound,Discovery,Completed,7,0.68,153,11,False
8351,696,5,2024-05-05T10:30:00,39,Outbound,QBR,Completed,6,0.42,153,19,False
8352,2585,9,2024-09-08T12:15:00,3,Outbound,Negotiation,Voicemail,1,,,0,False
8353,4489,4,2024-12-10T15:00:00,36,Outbound,Negotiation,Completed,3,0.39,187,11,True
8354,363,8,2024-03-17T13:00:00,26,Outbound,QBR,Completed,5,0.55,43,15,False
8355,1589,5,2024-04-06T11:15:00,30,Inbound,Negotiation,Completed,6,0.67,104,9,True
8356,1424,11,2024-11-03T15:45:00,47,Outbound,Discovery,Rescheduled,1,,,0,False
8357,983,16,2024-11-29T16:00:00,25,Outbound,Check-In,Completed,8,0.55,107,11,True
8358,1429,12,2023-06-24T15:15:00,2,Outbound,Technical Deep Dive,Voicemail,1,,,0,False
8359,4597,5,2020-10-07T15:15:00,17,Outbound,Demo,Rescheduled,1,,,0,False
8360,518,13,2024-12-08T09:15:00,29,Outbound,Discovery,Completed,5,0.67,206,11,False
8361,2186,5,2024-12-17T15:30:00,45,Outbound,Follow-Up,Completed,8,0.64,39,8,True
8362,2590,7,2024-11-04T14:30:00,40,Inbound,QBR,Completed,4,0.38,31,13,True
8363,4449,2,2023-02-07T10:00:00,28,Outbound,Check-In,Completed,2,0.68,107,16,True
8364,1246,8,2022-06-05T08:30:00,42,Inbound,Negotiation,Rescheduled,1,,,0,False
8365,4088,13,2024-01-27T15:00:00,0,Outbound,Check-In,No Show,1,,,0,False
8366,2542,3,2024-10-07T10:00:00,24,Outbound,Discovery,Completed,3,0.39,48,10,True
8367,4352,13,2023-08-01T12:00:00,26,Inbound,QBR,Completed,4,0.73,84,11,False
8368,2848,13,2024-10-27T12:30:00,15,Outbound,Follow-Up,Completed,8,0.64,36,8,False
8369,1931,1,2021-12-05T15:15:00,52,Outbound,Follow-Up,Completed,4,0.48,67,13,True
8370,1741,9,2024-01-16T13:00:00,0,Outbound,Check-In,No Show,1,,,0,False
8371,4852,13,2024-10-08T14:45:00,41,Inbound,Technical Deep Dive,Completed,8,0.59,117,11,False
8372,4071,5,2024-08-19T11:15:00,0,Outbound,Technical Deep Dive,No Show,1,,,0,False
8373,1669,2,2024-07-26T10:45:00,36,Outbound,Follow-Up,Completed,8,0.45,129,18,True
8374,1060,1,2024-12-25T10:30:00,28,Outbound,QBR,Completed,7,0.38,166,21,False
8375,4387,4,2024-07-05T14:00:00,35,Outbound,Demo,Completed,4,0.59,273,8,True
8376,571,5,2023-07-08T11:45:00,28,Outbound,Follow-Up,Completed,8,0.5,212,12,True
8377,4753,6,2024-12-15T10:30:00,55,Outbound,Discovery,Completed,7,0.4,87,8,True
8378,4898,3,2021-12-29T14:45:00,50,Outbound,Demo,Rescheduled,1,,,0,False
8379,404,3,2024-12-22T12:00:00,44,Outbound,QBR,Completed,4,1.33,79,7,False
8380,3457,7,2023-02-27T13:00:00,27,Outbound,Negotiation,Completed,2,0.5,148,8,True
8381,3444,1,2024-06-19T15:30:00,0,Outbound,Follow-Up,No Show,1,,,0,False
8382,3497,14,2024-10-12T10:45:00,,Outbound,Follow-Up,Completed,8,0.62,32,9,True
8383,2838,12,2023-09-17T16:30:00,52,Outbound,QBR,Completed,3,0.65,282,9,False
8384,1677,7,2024-04-24T12:30:00,57,Outbound,Discovery,Completed,3,0.44,95,11,False
8385,4225,16,2030-06-15T10:00:00,41,Inbound,QBR,Completed,4,0.47,67,11,True
8386,2552,4,2024-03-26T09:00:00,28,Inbound,QBR,Completed,7,0.36,51,6,False
8387,2656,5,2024-07-18T15:15:00,0,Outbound,Negotiation,No Show,1,,,0,False
8388,3019,2,2024-12-26T14:45:00,21,Inbound,QBR,Completed,4,0.53,77,15,True
8389,1995,5,2024-12-12T12:30:00,58,Outbound,Negotiation,Completed,3,0.38,75,16,True
8390,3825,6,2023-09-11T10:45:00,50,Outbound,Follow-Up,Completed,6,0.56,89,10,False
8391,4686,6,2023-06-03T14:00:00,27,Inbound,Negotiation,Rescheduled,1,,,0,False
8392,3629,9,2024-08-29T14:00:00,21,Outbound,Technical Deep Dive,Completed,6,0.43,38,16,False
8393,955,7,2030-06-15T10:00:00,50,Inbound,Discovery,Completed,5,0.68,205,8,False
8394,1390,3,2022-12-21T08:45:00,29,Outbound,QBR,Completed,6,0.58,47,4,False
8395,2077,16,2023-11-14T12:15:00,57,Outbound,Demo,Completed,8,0.63,148,16,False
8396,1996,4,2024-12-27T09:30:00,22,Outbound,Discovery,Completed,6,0.5,202,7,True
8397,2134,3,2024-07-22T10:30:00,27,Outbound,Negotiation,Completed,4,0.33,107,15,True
8398,3430,14,2024-11-16T12:00:00,3,Outbound,Technical Deep Dive,Voicemail,1,,,0,False
8399,1826,4,2024-09-15T15:30:00,3,Outbound,Discovery,Voicemail,1,,,0,False
8400,4093,4,2022-09-15T09:15:00,34,Outbound,Follow-Up,Rescheduled,1,,,0,False
8401,67,4,2023-12-22T11:30:00,40,Inbound,Negotiation,Completed,6,0.36,218,18,True
8402,4486,5,2024-12-12T12:45:00,0,Inbound,QBR,No Show,1,,,0,False
8403,3494,10,2023-12-24T13:15:00,31,Outbound,Negotiation,Completed,7,0.77,147,4,True
8404,1185,6,2024-06-09T15:15:00,45,Inbound,Follow-Up,Completed,5,0.55,145,12,False
8405,1645,15,2024-12-01T13:15:00,29,Outbound,Negotiation,Completed,5,0.55,43,16,True
8406,1910,11,2024-11-29T14:00:00,42,Outbound,Negotiation,Completed,8,0.87,247,7,False
8407,3438,5,2024-12-30T13:00:00,43,Outbound,Discovery,Completed,2,0.38,214,16,True
8408,1728,15,2024-12-04T12:00:00,23,Outbound,Follow-Up,Completed,8,0.63,196,5,False
8409,1120,16,2024-12-25T08:30:00,42,Outbound,QBR,Completed,8,0.58,116,15,False
8410,749,6,2022-04-29T15:15:00,48,Outbound,Check-In,Completed,7,0.47,132,12,True
8411,4133,12,2021-06-20T15:15:00,46,Inbound,Follow-Up,Completed,2,0.69,123,18,False
8412,3125,15,2024-04-25T08:00:00,50,Inbound,Negotiation,Completed,2,0.52,118,13,True
8413,4226,9,2021-08-21T16:30:00,49,Outbound,Check-In,Completed,5,0.55,244,7,False
8414,609,14,2024-12-17T15:00:00,50,Outbound,Check-In,Rescheduled,1,,,0,False
8415,3816,8,2024-12-27T10:30:00,38,Outbound,Negotiation,Completed,5,0.41,200,15,True
8416,1603,16,2024-12-08T11:15:00,46,Outbound,Negotiation,Completed,4,0.45,168,12,False
8417,706,1,2022-11-26T11:00:00,35,Inbound,QBR,Completed,5,0.4,90,21,True
8418,4837,13,2024-08-13T11:15:00,21,Outbound,Technical Deep Dive,Rescheduled,1,,,0,False
8419,3388,11,2021-06-09T16:45:00,43,Outbound,Follow-Up,Completed,2,0.71,79,10,True
8420,137,9,2024-05-31T15:15:00,42,Inbound,Negotiation,Rescheduled,1,,,0,False
8421,3605,8,2024-06-17T14:00:00,21,Outbound,Follow-Up,Completed,7,0.55,82,2,False
8422,2765,1,2023-07-08T14:15:00,60,Outbound,Technical Deep Dive,Completed,8,0.58,74,18,False
8423,1564,9,2024-09-29T13:30:00,58,Outbound,QBR,Completed,6,0.39,50,8,True
8424,708,15,2024-12-18T15:00:00,35,Inbound,Negotiation,Completed,7,0.57,43,4,False
8425,4128,6,2024-10-26T14:45:00,51,Outbound,Check-In,Completed,8,0.57,240,20,True
8426,2148,4,2024-03-26T15:30:00,28,Outbound,Demo,Completed,5,0.39,215,4,True
8427,4620,1,2022-12-26T10:15:00,21,Outbound,Negotiation,Completed,6,0.46,56,20,True
8428,4747,2,2024-05-11T16:15:00,28,Outbound,Negotiation,Completed,4,0.45,104,8,True
8429,4630,13,2024-10-16T17:30:00,52,Inbound,Technical Deep Dive,Completed,4,0.5,158,13,False
8430,862,2,2024-08-22T12:00:00,40,Inbound,QBR,Completed,7,0.6,35,6,True
8431,1748,3,2024-12-04T12:15:00,0,Outbound,Discovery,No Show,1,,,0,False
8432,75,6,2024-09-07T13:00:00,26,Outbound,Technical Deep Dive,Completed,3,0.58,61,11,True
8433,4450,5,2024-12-22T10:30:00,25,Inbound,Follow-Up,Completed,4,0.53,185,12,False
8434,4641,14,2024-05-21T13:15:00,39,Outbound,Follow-Up,Completed,4,0.73,61,4,False
8435,2373,6,2023-06-16T12:30:00,0,Outbound,Follow-Up,No Show,1,,,0,False
8436,3778,2,2024-11-21T10:15:00,0,Inbound,Negotiation,No Show,1,,,0,False
8437,1501,15,2024-11-13T09:15:00,16,Outbound,Technical Deep Dive,Completed,5,0.63,136,13,True
8438,2980,6,2024-08-15T12:00:00,0,Outbound,Technical Deep Dive,No Show,1,,,0,False
8439,4059,2,2023-10-01T10:45:00,,Outbound,Follow-Up,Completed,6,0.4,48,13,True
8440,1955,15,2023-05-21T15:15:00,20,Outbound,Check-In,Completed,3,0.61,230,12,True
8441,711,9,2022-07-21T12:00:00,51,Inbound,Check-In,Completed,8,0.65,80,2,False
8442,4004,10,2024-08-01T10:45:00,,Inbound,Demo,Completed,2,0.42,180,13,True
8443,4484,10,2023-02-13T14:45:00,28,Inbound,QBR,Completed,7,0.47,190,4,True
8444,3543,12,2023-11-07T12:00:00,28,Outbound,Demo,Completed,7,0.82,197,2,False
8445,2592,15,2024-12-04T15:45:00,56,Outbound,Discovery,Rescheduled,1,,,0,False
8446,4239,7,2022-12-16T15:00:00,33,Outbound,Discovery,Completed,4,0.65,113,13,False
8447,4955,5,2024-05-06T14:00:00,53,Inbound,Discovery,Completed,5,0.65,215,11,True
8448,3294,6,2024-04-14T13:00:00,20,Outbound,Negotiation,Completed,3,0.38,122,5,True
8449,4191,11,2022-01-16T13:00:00,59,Outbound,QBR,Rescheduled,1,,,0,False
8450,2312,10,2024-05-30T14:00:00,2,Outbound,QBR,Voicemail,1,,,0,False
8451,268,11,2022-02-09T14:45:00,51,Outbound,Check-In,Rescheduled,1,,,0,False
8452,4864,3,2023-11-12T13:15:00,19,Outbound,QBR,Completed,3,0.63,184,14,False
8453,4132,11,2024-01-31T11:00:00,51,Inbound,Follow-Up,Rescheduled,1,,,0,False
8454,4709,8,2022-05-06T11:30:00,19,Inbound,Negotiation,Completed,3,0.46,235,20,False
8455,195,6,2024-07-07T11:00:00,60,Inbound,QBR,Completed,2,0.47,98,9,True
8456,1643,2,2023-04-20T09:45:00,20,Outbound,Negotiation,Completed,2,0.53,41,8,False
8457,4387,4,2024-08-10T09:00:00,25,Inbound,Follow-Up,Completed,8,0.79,296,14,True
8458,2129,1,2024-10-08T10:30:00,38,Outbound,Check-In,Completed,3,0.51,143,20,True
8459,3595,4,2021-03-04T14:30:00,19,Outbound,Follow-Up,Completed,8,0.62,42,8,True
8460,4481,7,2020-12-15T13:45:00,51,Outbound,Follow-Up,Completed,8,0.36,60,4,False
8461,4222,3,2024-12-20T10:15:00,26,Inbound,Demo,Completed,6,0.37,139,4,True
8462,2829,9,2023-07-10T14:45:00,1,Outbound,Demo,Voicemail,1,,,0,False
8463,1354,16,2024-09-18T16:15:00,50,Outbound,Follow-Up,Completed,6,0.55,94,8,True
8464,2985,2,2023-01-03T09:15:00,36,Inbound,Check-In,Completed,5,0.58,115,7,False
8465,2102,4,2024-09-16T12:45:00,18,Inbound,Negotiation,Completed,5,0.59,197,6,True
8466,287,3,2024-06-02T15:45:00,51,Outbound,Technical Deep Dive,Completed,7,0.41,175,19,False
8467,85,5,2022-02-10T10:30:00,0,Inbound,Demo,No Show,1,,,0,False
8468,3183,14,2024-12-13T13:15:00,37,Inbound,Technical Deep Dive,Rescheduled,1,,,0,False
8469,1560,14,2024-12-10T14:15:00,0,Inbound,Demo,No Show,1,,,0,False
8470,1884,12,2024-12-07T13:30:00,27,Outbound,Follow-Up,Completed,2,0.45,197,17,True
8471,1797,15,2024-04-21T13:30:00,,Inbound,Check-In,Completed,8,0.56,142,10,False
8472,4655,8,2024-08-24T16:45:00,29,Outbound,QBR,Completed,2,0.4,52,4,False
8473,2530,5,2022-06-21T16:45:00,33,Outbound,Follow-Up,Completed,2,0.31,112,14,True
8474,554,1,2024-12-26T10:45:00,0,Outbound,Discovery,No Show,1,,,0,False
8475,4083,7,2023-12-20T10:30:00,22,Outbound,Technical Deep Dive,Rescheduled,1,,,0,False
8476,2727,7,2024-12-09T12:45:00,29,Outbound,Follow-Up,Completed,7,0.35,59,7,True
8477,2957,11,2024-10-28T11:45:00,0,Outbound,Check-In,No Show,1,,,0,False
8478,3100,10,2024-06-11T08:45:00,56,Outbound,Check-In,Rescheduled,1,,,0,False
8479,817,3,2024-02-02T10:30:00,24,Outbound,Technical Deep Dive,Completed,8,0.31,110,6,True
8480,2271,10,2024-12-12T14:00:00,29,Outbound,Follow-Up,Completed,3,0.7,239,18,False
8481,2814,6,2023-11-06T12:15:00,3,Inbound,Negotiation,Voicemail,1,,,0,False
8482,1823,2,2023-02-06T16:45:00,34,Inbound,Technical Deep Dive,Completed,3,0.58,67,18,True
8483,629,16,2024-12-25T16:00:00,53,Outbound,Technical Deep Dive,Completed,7,0.46,144,6,False
8484,3294,6,2024-03-23T10:30:00,42,Outbound,Demo,Rescheduled,1,,,0,False
8485,2105,5,2024-12-17T09:15:00,35,Inbound,QBR,Completed,3,0.68,165,5,True
8486,1319,8,2024-06-04T10:45:00,42,Outbound,Demo,Completed,7,0.47,43,7,True
8487,3507,7,2023-06-01T10:45:00,35,Outbound,Demo,Completed,4,0.7,52,15,False
8488,3029,2,2024-07-05T09:45:00,28,Outbound,Follow-Up,Completed,2,0.58,206,21,False
8489,4046,2,2023-10-13T16:30:00,22,Outbound,Discovery,Completed,2,0.3,38,10,False
8490,1077,9,2024-05-28T10:45:00,0,Outbound,Demo,No Show,1,,,0,False
8491,3720,12,2022-12-23T15:45:00,16,Outbound,QBR,Completed,6,0.64,229,9,False
8492,2019,5,2022-02-05T15:00:00,0,Outbound,Discovery,No Show,1,,,0,False
8493,3511,7,2023-05-25T14:30:00,33,Outbound,Follow-Up,Rescheduled,1,,,0,False
8494,3098,4,2024-12-16T15:30:00,52,Outbound,Technical Deep Dive,Completed,8,0.36,208,17,False
8495,4261,12,2024-12-18T10:45:00,26,Inbound,Check-In,Completed,3,0.41,51,3,False
8496,4610,12,2022-09-25T17:15:00,39,Outbound,Demo,Completed,3,0.64,40,10,False
8497,1809,16,2024-12-08T17:45:00,39,Outbound,Negotiation,Completed,6,0.89,188,12,False
8498,1994,3,2024-03-16T11:30:00,48,Outbound,Technical Deep Dive,Completed,3,0.32,198,12,True
8499,1358,15,2024-12-19T16:15:00,23,Outbound,Check-In,Completed,8,0.45,167,7,True
8500,1030,9,2024-12-22T10:00:00,57,Outbound,Technical Deep Dive,Completed,3,0.55,119,17,True
8501,471,9,2024-12-06T12:00:00,39,Outbound,Check-In,Completed,3,0.5,210,18,True
8502,821,4,2024-12-12T13:30:00,43,Inbound,Discovery,Completed,6,0.67,47,9,False
8503,3035,10,2022-09-20T12:30:00,0,Outbound,QBR,No Show,1,,,0,False
8504,1289,14,2024-11-21T15:45:00,49,Outbound,Discovery,Completed,7,0.62,37,11,False
8505,33,14,2023-02-01T13:30:00,22,Outbound,Demo,Completed,3,0.46,124,6,False
8506,2300,15,2024-11-02T12:30:00,57,Outbound,QBR,Completed,3,0.68,99,11,False
8507,3169,3,2022-12-07T10:15:00,15,Inbound,Follow-Up,Rescheduled,1,,,0,False
8508,4312,5,2024-05-08T15:30:00,0,Inbound,Negotiation,No Show,1,,,0,False
8509,4760,10,2021-02-07T12:30:00,51,Outbound,Discovery,Completed,2,0.88,194,9,False
8510,1440,16,2024-12-17T15:45:00,15,Outbound,Technical Deep Dive,Rescheduled,1,,,0,False
8511,774,7,2023-06-30T15:00:00,49,Outbound,Follow-Up,Completed,5,0.43,210,16,True
8512,4499,3,2023-11-16T15:15:00,60,Outbound,Follow-Up,Completed,4,0.63,116,16,False
8513,2103,2,2024-12-27T15:45:00,53,Outbound,Negotiation,Rescheduled,1,,,0,False
8514,3816,8,2024-12-23T14:00:00,1,Outbound,Discovery,Voicemail,1,,,0,False
8515,4743,10,2024-12-25T10:15:00,23,Outbound,QBR,Completed,6,0.59,135,10,True
8516,1346,6,2024-08-07T15:30:00,55,Inbound,Negotiation,Completed,4,0.69,147,13,False
8517,480,10,2024-07-11T13:15:00,,Outbound,Technical Deep Dive,Completed,3,0.68,96,18,False
8518,1811,12,2024-05-07T12:30:00,34,Outbound,Check-In,Completed,4,0.43,187,15,True
8519,3278,16,2024-10-29T16:30:00,35,Outbound,Negotiation,Completed,3,0.6,114,16,True
8520,3101,1,2021-11-21T10:15:00,27,Outbound,QBR,Completed,6,0.51,106,6,False
8521,3943,5,2024-02-24T12:30:00,36,Outbound,Technical Deep Dive,Completed,7,0.46,82,20,True
8522,4391,15,2024-12-23T13:45:00,19,Inbound,Discovery,Rescheduled,1,,,0,False
8523,2454,8,2023-11-25T14:15:00,27,Outbound,Negotiation,Completed,8,0.36,158,8,True
8524,1961,12,2024-07-25T09:00:00,20,Outbound,Demo,Rescheduled,1,,,0,False
8525,4689,7,2024-10-22T09:00:00,45,Outbound,Demo,Completed,6,0.53,95,16,False
8526,1333,8,2023-02-18T09:15:00,19,Outbound,Follow-Up,Completed,2,0.51,180,18,True
8527,4554,9,2024-08-13T13:30:00,40,Inbound,Check-In,Completed,6,0.41,238,10,False
8528,497,6,2024-11-23T10:30:00,1,Outbound,QBR,Voicemail,1,,,0,False
8529,2099,11,2023-01-27T12:15:00,27,Outbound,Follow-Up,Completed,3,0.66,179,3,True
8530,3085,5,2024-12-01T09:00:00,0,Inbound,Check-In,No Show,1,,,0,False
8531,4966,16,2024-07-21T16:45:00,31,Outbound,Discovery,Completed,6,0.7,80,13,True
8532,1802,11,2024-10-06T16:30:00,0,Inbound,Follow-Up,No Show,1,,,0,False
8533,3642,2,2023-08-04T11:30:00,45,Inbound,Technical Deep Dive,Completed,4,0.79,204,13,False
8534,4567,9,2024-03-18T13:15:00,51,Outbound,Discovery,Completed,4,0.46,200,9,False
8535,1163,9,2020-05-05T15:15:00,58,Outbound,Technical Deep Dive,Completed,2,1.27,286,9,False
8536,2376,1,2023-07-27T15:45:00,46,Inbound,Negotiation,Completed,7,0.66,138,13,True
8537,979,10,2023-11-02T14:45:00,42,Inbound,Demo,Completed,3,0.67,135,7,False
8538,745,6,2023-04-22T13:00:00,47,Outbound,Follow-Up,Completed,8,0.37,189,13,True
8539,3360,11,2024-10-30T11:45:00,55,Outbound,Technical Deep Dive,Completed,3,0.55,236,17,False
8540,3035,10,2022-08-04T16:00:00,50,Outbound,Follow-Up,Completed,2,0.46,185,8,True
8541,4508,10,2024-09-12T14:30:00,0,Outbound,Demo,No Show,1,,,0,False
8542,2298,12,2023-08-18T13:30:00,-18,Outbound,Demo,Completed,2,1.12,115,6,True
8543,3006,1,2023-12-01T14:30:00,34,Outbound,Negotiation,Completed,8,0.5,207,14,False
8544,4209,8,2024-12-31T13:15:00,45,Outbound,Negotiation,Completed,2,0.51,131,5,True
8545,1960,13,2023-08-09T14:15:00,23,Outbound,Follow-Up,Completed,6,0.53,187,3,False
8546,3978,2,2024-10-18T12:15:00,52,Outbound,Discovery,Completed,4,0.43,210,18,True
8547,2119,10,2024-12-27T14:00:00,24,Outbound,Demo,Completed,5,0.46,65,13,False
8548,2200,12,2024-10-24T09:45:00,58,Outbound,Technical Deep Dive,Completed,6,0.47,74,7,True
8549,4857,12,2024-10-16T13:30:00,0,Outbound,Check-In,No Show,1,,,0,False
8550,3672,14,2023-03-20T14:45:00,18,Inbound,Check-In,Rescheduled,1,,,0,False
8551,4309,6,2022-10-31T08:00:00,17,Outbound,Follow-Up,Completed,5,0.62,217,19,False
8552,1433,3,2024-12-28T12:00:00,15,Inbound,Technical Deep Dive,Completed,5,0.33,128,7,True
8553,318,8,2023-08-22T11:30:00,34,Outbound,Negotiation,Completed,5,0.34,58,16,True
8554,2077,16,2023-09-23T09:15:00,38,Outbound,QBR,Completed,5,0.74,57,16,False
8555,4977,14,2024-09-06T16:30:00,43,Outbound,QBR,Completed,8,0.54,41,3,False
8556,1464,15,2024-05-28T11:00:00,27,Inbound,QBR,Completed,8,0.56,159,16,False
8557,3063,3,2024-12-07T16:30:00,28,Inbound,Technical Deep Dive,Completed,7,1.41,141,21,True
8558,2659,6,2024-12-24T15:15:00,0,Outbound,Check-In,No Show,1,,,0,False
8559,3234,7,2024-01-22T13:45:00,37,Outbound,Negotiation,Completed,8,0.53,221,5,False
8560,360,3,2024-07-24T10:30:00,52,Inbound,Discovery,Completed,3,0.62,70,16,True
8561,1576,7,2024-05-02T15:30:00,41,Outbound,QBR,Completed,6,0.58,60,14,False
8562,3759,12,2023-11-22T15:15:00,,Outbound,Discovery,Completed,7,0.71,107,11,False
8563,3461,12,2021-06-09T11:30:00,,Outbound,Technical Deep Dive,Completed,2,0.6,156,6,True
8564,1598,12,2024-06-05T11:15:00,31,Inbound,Follow-Up,Rescheduled,1,,,0,False
8565,240,12,2024-09-01T15:15:00,45,Outbound,Check-In,Completed,5,0.4,233,5,False
8566,3878,2,2024-03-22T08:45:00,28,Inbound,Negotiation,Completed,4,0.5,115,13,True
8567,152,14,2024-11-06T13:15:00,41,Outbound,Technical Deep Dive,Rescheduled,1,,,0,False
8568,2296,9,2024-12-11T12:15:00,60,Inbound,Follow-Up,Completed,4,0.42,196,4,False
8569,3579,14,2021-11-03T12:45:00,22,Inbound,Demo,Completed,4,0.65,189,4,True
8570,1725,3,2023-03-18T13:45:00,54,Outbound,Check-In,Rescheduled,1,,,0,False
8571,3669,6,2024-08-16T09:15:00,18,Outbound,QBR,Completed,6,0.43,60,5,True
8572,821,4,2024-12-23T13:45:00,49,Outbound,Check-In,Completed,3,0.59,124,16,False
8573,1663,6,2024-10-31T13:30:00,58,Outbound,QBR,Completed,5,0.7,145,4,False
8574,2293,10,2024-12-02T15:45:00,57,Outbound,Technical Deep Dive,Completed,4,0.41,144,4,False
8575,2813,5,2023-08-15T15:00:00,38,Outbound,Technical Deep Dive,Completed,7,0.63,197,14,False
8576,265,10,2024-10-14T13:30:00,54,Inbound,Negotiation,Completed,6,0.69,214,6,True
8577,3402,13,2024-12-21T09:30:00,49,Inbound,Discovery,Completed,6,0.46,193,9,False
8578,3119,2,2021-10-14T15:30:00,21,Outbound,Technical Deep Dive,Completed,6,0.35,191,12,True
8579,4644,14,2024-06-14T14:00:00,44,Outbound,Demo,Completed,2,0.62,236,4,True
8580,576,9,2022-08-09T17:45:00,25,Outbound,QBR,Completed,7,0.74,71,7,False
8581,4086,5,2024-04-27T16:15:00,0,Outbound,Check-In,No Show,1,,,0,False
8582,746,11,2023-07-31T14:00:00,34,Inbound,Demo,Completed,8,0.45,116,9,True
8583,2814,6,2023-10-02T11:15:00,19,Outbound,QBR,Completed,2,1.45,159,11,True
8584,4877,5,2023-08-28T11:15:00,19,Outbound,Technical Deep Dive,Completed,4,0.66,118,10,False
8585,1849,8,2024-07-23T10:45:00,35,Outbound,Follow-Up,Completed,7,0.51,178,8,False
8586,634,6,2023-11-20T14:30:00,38,Outbound,Follow-Up,Completed,3,0.68,31,8,False
8587,2425,6,2024-12-22T14:00:00,32,Outbound,QBR,Completed,4,0.65,103,4,False
8588,4368,5,2024-07-23T09:30:00,0,Inbound,Negotiation,No Show,1,,,0,False
8589,1014,13,2023-09-15T12:00:00,24,Outbound,Technical Deep Dive,Completed,4,0.62,123,8,True
8590,4196,5,2024-11-15T13:45:00,44,Outbound,Check-In,Completed,4,0.65,53,11,True
8591,2464,14,2024-12-17T15:00:00,49,Outbound,QBR,Completed,5,0.47,162,6,True
8592,2637,1,2030-06-15T10:00:00,3,Inbound,Negotiation,Voicemail,1,,,0,False
8593,4951,11,2024-04-02T15:45:00,31,Outbound,Follow-Up,Completed,2,0.57,221,8,False
8594,631,3,2023-11-22T11:00:00,56,Outbound,Follow-Up,Completed,4,0.54,239,3,False
8595,2628,14,2024-11-12T11:45:00,55,Outbound,Check-In,Completed,6,0.53,70,14,False
8596,197,7,2024-02-13T11:15:00,39,Inbound,Negotiation,Rescheduled,1,,,0,False
8597,4614,8,2022-04-02T13:30:00,0,Outbound,Negotiation,No Show,1,,,0,False
8598,1808,10,2024-12-13T11:30:00,57,Outbound,QBR,Completed,4,0.57,135,18,False
8599,2648,16,2023-11-06T09:45:00,24,Outbound,Follow-Up,Completed,3,0.51,215,13,False
8600,3424,5,2024-12-20T13:30:00,35,Outbound,Technical Deep Dive,Completed,5,0.64,199,13,False
8601,4924,6,2024-06-18T11:30:00,32,Outbound,QBR,Completed,3,0.53,161,10,False
8602,3790,1,2023-02-11T12:45:00,-58,Inbound,Follow-Up,Completed,3,0.71,112,6,False
8603,3895,2,2023-11-15T14:00:00,22,Inbound,Technical Deep Dive,Completed,8,1.32,79,4,True
8604,1732,16,2024-12-28T13:15:00,-56,Outbound,Negotiation,Completed,3,0.44,102,12,False
8605,2450,14,2023-08-31T09:00:00,19,Inbound,Discovery,Rescheduled,1,,,0,False
8606,3797,14,2024-06-30T17:30:00,40,Outbound,Negotiation,Rescheduled,1,,,0,False
8607,2742,3,2024-12-22T11:45:00,19,Outbound,Negotiation,Completed,6,0.26,117,20,True
8608,4622,1,2030-06-15T10:00:00,3,Outbound,Follow-Up,Voicemail,1,,,0,False
8609,2990,10,2024-06-28T13:45:00,27,Outbound,Follow-Up,Completed,4,0.51,192,11,True
8610,1982,4,2024-12-15T10:30:00,0,Outbound,Negotiation,No Show,1,,,0,False
8611,2552,4,2024-03-24T11:15:00,,Outbound,Demo,Completed,5,1.45,236,16,False
8612,2573,12,2023-08-14T14:30:00,16,Outbound,QBR,Completed,8,0.39,129,15,False
8613,260,11,2022-11-26T11:45:00,49,Outbound,Technical Deep Dive,Completed,6,0.44,85,4,True
8614,4057,3,2021-02-16T12:30:00,49,Outbound,Discovery,Completed,4,0.63,106,7,False
8615,1216,4,2024-03-13T14:45:00,48,Inbound,Follow-Up,Completed,5,0.49,207,20,False
8616,1653,9,2023-01-06T10:30:00,44,Outbound,Technical Deep Dive,Completed,5,0.39,224,5,True
8617,134,7,2024-05-02T10:00:00,,Outbound,Negotiation,Completed,3,0.55,59,9,False
8618,54,4,2021-07-26T12:45:00,30,Outbound,Discovery,Completed,3,0.38,117,5,True
8619,9,11,2024-07-03T13:45:00,53,Inbound,Discovery,Completed,3,0.75,106,9,False
8620,2423,9,2024-12-20T13:30:00,22,Inbound,Discovery,Completed,2,0.64,144,13,False
8621,334,12,2023-08-27T10:45:00,0,Outbound,Discovery,No Show,1,,,0,False
8622,74,12,2024-09-12T12:00:00,23,Outbound,QBR,Completed,8,0.53,93,6,False
8623,4990,8,2023-08-14T10:15:00,38,Outbound,Follow-Up,Completed,6,0.35,84,8,False
8624,2728,12,2024-10-30T15:15:00,36,Outbound,Follow-Up,Completed,6,0.39,81,12,False
8625,3728,2,2030-06-15T10:00:00,60,Outbound,Demo,Completed,6,0.54,248,16,True
8626,2813,5,2023-07-23T13:30:00,0,Outbound,Discovery,No Show,1,,,0,False
8627,4520,12,2023-05-03T09:00:00,17,Inbound,Negotiation,Completed,4,0.47,156,22,True
8628,1338,9,2024-03-15T10:45:00,3,Outbound,Follow-Up,Voicemail,1,,,0,False
8629,2280,13,2022-01-21T14:15:00,42,Outbound,Demo,Completed,3,0.67,148,7,False
8630,1903,11,2024-11-08T16:45:00,35,Inbound,Technical Deep Dive,Completed,2,0.56,104,7,False
8631,649,12,2030-06-15T10:00:00,35,Outbound,Demo,Completed,8,0.7,261,8,False
8632,1952,9,2024-07-07T13:45:00,50,Outbound,Discovery,Completed,8,0.6,211,10,True
8633,2994,16,2024-12-22T08:00:00,26,Outbound,Check-In,Completed,2,0.4,198,16,True
8634,1862,16,2024-12-13T11:00:00,17,Outbound,Discovery,Completed,7,0.43,67,12,True
8635,4182,9,2022-09-05T15:15:00,0,Outbound,Discovery,No Show,1,,,0,False
8636,2357,5,2023-04-04T14:45:00,31,Outbound,Demo,Completed,8,0.52,166,13,True
8637,947,13,2024-12-03T13:00:00,31,Inbound,Discovery,Completed,3,0.56,143,4,False
8638,4512,7,2024-11-27T11:45:00,41,Inbound,Negotiation,Completed,8,0.37,35,19,False
8639,1851,15,2024-12-22T12:15:00,0,Outbound,Negotiation,No Show,1,,,0,False
8640,1456,1,2024-03-18T14:00:00,1,Inbound,Technical Deep Dive,Voicemail,1,,,0,False
8641,4312,5,2024-03-12T13:15:00,28,Outbound,Technical Deep Dive,Completed,7,0.55,112,3,False
8642,4863,15,2024-07-24T12:00:00,54,Inbound,Discovery,Completed,3,0.55,81,12,False
8643,3067,16,2024-12-16T13:45:00,3,Outbound,Check-In,Voicemail,1,,,0,False
8644,4679,2,2024-12-01T16:15:00,47,Outbound,Discovery,Completed,8,1.27,215,21,False
8645,428,10,2024-12-30T11:00:00,30,Outbound,QBR,Rescheduled,1,,,0,False
8646,2528,11,2022-08-26T12:45:00,56,Outbound,Technical Deep Dive,Completed,2,0.43,225,15,True
8647,42,9,2023-06-23T13:45:00,25,Inbound,QBR,Completed,8,0.45,95,9,False
8648,3102,13,2022-03-16T15:45:00,19,Outbound,Technical Deep Dive,Completed,2,0.45,64,2,False
8649,3758,11,2024-02-09T12:00:00,58,Inbound,Technical Deep Dive,Completed,6,0.44,181,6,False
8650,1729,2,2022-05-28T11:45:00,17,Inbound,Check-In,Completed,6,0.57,59,22,True
8651,3347,2,2024-02-02T14:15:00,59,Outbound,Negotiation,Rescheduled,1,,,0,False
8652,2001,5,2024-12-29T10:45:00,18,Inbound,Demo,Completed,6,0.62,70,10,False
8653,4484,10,2022-12-15T10:45:00,54,Outbound,Negotiation,Rescheduled,1,,,0,False
8654,3774,7,2024-06-02T13:45:00,35,Inbound,Discovery,Completed,8,0.44,37,8,False
8655,4121,12,2024-11-15T15:45:00,15,Outbound,Follow-Up,Completed,7,0.64,155,1,False
8656,1392,9,2022-10-19T11:45:00,45,Inbound,Demo,Completed,6,0.75,271,9,True
8657,4936,13,2022-07-18T10:00:00,0,Outbound,Discovery,No Show,1,,,0,False
8658,185,8,2024-12-26T15:30:00,16,Inbound,QBR,Completed,8,0.46,141,10,False
8659,4609,4,2024-08-07T11:00:00,38,Inbound,Demo,Completed,6,0.63,61,10,True
8660,1532,13,2030-06-15T10:00:00,27,Outbound,QBR,Completed,5,0.52,44,4,False
8661,2601,13,2024-03-21T13:15:00,23,Outbound,Negotiation,Completed,6,0.41,88,8,True
8662,1407,12,2022-09-10T15:00:00,29,Inbound,Discovery,Completed,4,0.38,228,5,False
8663,2315,11,2024-12-12T15:15:00,48,Inbound,Check-In,Completed,3,0.48,174,18,True
8664,1826,4,2024-11-04T14:15:00,1,Inbound,Check-In,Voicemail,1,,,0,False
8665,3431,11,2021-03-28T15:00:00,17,Outbound,Technical Deep Dive,Completed,6,0.47,39,5,False
8666,2466,2,2024-05-21T11:30:00,2,Inbound,Check-In,Voicemail,1,,,0,False
8667,2409,9,2024-12-19T09:00:00,36,Outbound,Check-In,Completed,5,0.57,237,3,True
8668,2851,15,2024-08-26T16:30:00,2,Outbound,Follow-Up,Voicemail,1,,,0,False
8669,547,10,2024-09-27T13:00:00,54,Inbound,Discovery,Completed,3,0.35,42,12,True
8670,4069,14,2024-01-06T11:45:00,45,Outbound,Check-In,Completed,3,0.6,169,13,True
8671,3656,10,2024-03-30T10:45:00,0,Inbound,Follow-Up,No Show,1,,,0,False
8672,1089,9,2024-12-23T10:15:00,48,Outbound,QBR,Rescheduled,1,,,0,False
8673,2316,6,2023-03-20T13:30:00,0,Outbound,Negotiation,No Show,1,,,0,False
8674,4178,6,2024-06-18T13:45:00,20,Outbound,QBR,Completed,6,0.51,101,5,True
8675,1906,1,2024-12-08T11:45:00,20,Outbound,Follow-Up,Completed,4,0.28,59,12,False
8676,4717,10,2024-10-23T09:30:00,38,Inbound,Follow-Up,Completed,2,0.66,218,17,False
8677,4248,9,2024-05-08T10:15:00,59,Outbound,Check-In,Rescheduled,1,,,0,False
8678,3927,15,2024-11-02T11:30:00,0,Outbound,QBR,No Show,1,,,0,False
8679,4357,9,2023-09-23T15:15:00,24,Inbound,Negotiation,Completed,8,0.49,206,14,False
8680,2140,2,2024-12-10T13:00:00,44,Outbound,Discovery,Completed,2,0.57,154,24,False
8681,2855,4,2024-12-31T12:15:00,29,Outbound,Demo,Completed,6,0.4,70,14,False
8682,3135,15,2024-12-22T14:45:00,29,Outbound,Check-In,Completed,5,0.54,229,12,True
8683,1649,10,2024-04-09T13:00:00,,Outbound,Discovery,No Show,1,,,0,False
8684,4170,15,2024-12-30T13:30:00,55,Outbound,Negotiation,Completed,8,0.6,42,8,True
8685,4262,9,2024-12-07T09:30:00,0,Outbound,Discovery,No Show,1,,,0,False
8686,1679,13,2024-12-17T08:30:00,3,Inbound,Technical Deep Dive,Voicemail,1,,,0,False
8687,1489,4,2024-12-21T11:45:00,45,Outbound,Negotiation,Completed,7,0.59,215,14,True
8688,2396,13,2020-12-05T10:00:00,48,Outbound,Check-In,Completed,2,0.56,198,9,False
8689,3338,15,2024-11-21T13:00:00,0,Outbound,Demo,No Show,1,,,0,False
8690,4496,12,2024-08-19T16:00:00,37,Outbound,Demo,Completed,2,0.71,183,15,False
8691,193,16,2024-09-29T14:15:00,40,Outbound,Negotiation,Completed,6,0.56,87,7,False
8692,1020,2,2022-09-01T10:45:00,50,Outbound,Follow-Up,Completed,6,0.48,240,19,False
8693,1530,16,2024-12-29T15:15:00,57,Outbound,Demo,Completed,5,0.41,177,4,False
8694,2364,14,2024-12-21T15:45:00,25,Outbound,Follow-Up,Completed,3,0.6,166,8,True
8695,1352,14,2024-09-11T16:00:00,41,Outbound,Discovery,Rescheduled,1,,,0,False
8696,985,13,2024-12-10T12:30:00,58,Inbound,Demo,Completed,8,0.48,171,2,False
8697,2512,3,2024-12-15T10:00:00,0,Outbound,Technical Deep Dive,No Show,1,,,0,False
8698,1069,11,2024-05-27T10:30:00,25,Inbound,Demo,Rescheduled,1,,,0,False
8699,1407,12,2022-11-05T14:30:00,25,Inbound,Technical Deep Dive,Completed,5,1.04,33,8,True
8700,1220,5,2024-12-31T14:00:00,17,Outbound,Check-In,Rescheduled,1,,,0,False
8701,1020,2,2022-08-17T10:15:00,51,Inbound,QBR,Completed,6,0.64,197,7,True
8702,2499,8,2023-12-06T12:00:00,21,Outbound,Discovery,Completed,6,0.65,38,8,False
8703,2804,15,2023-11-05T14:15:00,34,Outbound,Follow-Up,Completed,4,0.51,120,10,True
8704,4569,16,2024-12-05T15:15:00,32,Outbound,Follow-Up,Completed,3,0.68,115,15,True
8705,3688,1,2024-09-28T16:00:00,37,Outbound,QBR,Completed,5,0.41,89,4,False
8706,3098,4,2024-12-25T14:15:00,19,Outbound,Discovery,Completed,4,0.65,210,19,True
8707,4262,9,2030-06-15T10:00:00,53,Inbound,Technical Deep Dive,Completed,8,0.42,31,15,False
8708,4262,9,2024-12-09T09:30:00,19,Outbound,Follow-Up,Completed,8,0.54,33,10,True
8709,520,11,2023-10-18T13:15:00,49,Outbound,Discovery,Completed,4,0.43,100,18,False
8710,4740,5,2022-12-23T15:30:00,37,Outbound,QBR,Completed,4,0.78,75,9,False
8711,252,16,2024-12-02T14:15:00,59,Inbound,Negotiation,Completed,2,1.4,153,4,True
8712,1277,2,2023-07-17T12:45:00,50,Outbound,Discovery,Completed,4,0.65,147,24,True
8713,3163,6,2024-11-25T12:45:00,35,Outbound,Negotiation,Completed,6,0.56,240,18,False
8714,3500,4,2024-10-24T14:00:00,57,Outbound,Check-In,Completed,5,0.7,153,7,True
8715,4469,16,2023-11-07T17:45:00,25,Outbound,Follow-Up,Completed,4,1.46,185,12,True
8716,2787,10,2024-08-01T10:45:00,0,Outbound,Technical Deep Dive,No Show,1,,,0,False
8717,728,4,2024-02-15T10:15:00,21,Inbound,Negotiation,Completed,5,0.38,110,10,False
8718,1227,13,2024-11-23T09:45:00,51,Inbound,Technical Deep Dive,Completed,4,0.82,246,6,False
8719,414,6,2023-09-20T09:00:00,22,Outbound,Discovery,Completed,6,0.67,146,15,True
8720,2639,9,2024-12-26T14:45:00,40,Inbound,Demo,Completed,2,0.52,69,9,False
8721,3007,6,2024-07-21T11:15:00,17,Outbound,Demo,Completed,7,0.41,82,11,False
8722,2688,3,2024-05-20T15:30:00,32,Inbound,Negotiation,Completed,5,0.27,57,16,False
8723,2268,12,2024-12-09T13:30:00,18,Outbound,Technical Deep Dive,Completed,2,0.64,39,9,True
8724,4688,16,2024-12-31T14:45:00,60,Outbound,QBR,Completed,7,0.38,33,16,True
8725,173,7,2023-09-09T16:00:00,41,Outbound,Discovery,Completed,7,0.43,191,9,False
8726,1267,11,2022-02-09T16:15:00,26,Outbound,Demo,Completed,4,0.66,97,6,True
8727,2443,2,2023-12-06T13:45:00,0,Outbound,Check-In,No Show,1,,,0,False
8728,4834,16,2024-12-12T15:15:00,58,Outbound,Technical Deep Dive,Completed,8,0.71,66,7,True
8729,735,4,2021-09-05T15:30:00,43,Inbound,Follow-Up,Rescheduled,1,,,0,False
8730,1969,16,2024-11-07T12:45:00,33,Outbound,Demo,Completed,7,0.89,267,4,False
8731,68,2,2024-12-21T10:15:00,31,Inbound,Demo,Completed,6,0.34,227,21,True
8732,2697,10,2024-12-17T15:15:00,43,Outbound,Technical Deep Dive,Completed,8,0.54,81,15,False
8733,977,12,2024-01-12T10:45:00,31,Outbound,QBR,Completed,7,0.68,46,17,True
8734,3630,4,2023-09-25T08:45:00,41,Inbound,Check-In,Completed,3,0.44,182,13,False
8735,4539,2,2024-11-17T11:30:00,31,Outbound,QBR,Completed,6,0.54,98,24,False
8736,4910,12,2023-02-18T16:30:00,17,Outbound,Discovery,Completed,6,0.68,218,18,True
8737,4659,8,2024-12-23T09:45:00,58,Outbound,QBR,Completed,8,1.04,111,24,False
8738,3948,8,2030-06-15T10:00:00,21,Outbound,Demo,Completed,6,0.33,95,22,True
8739,1533,5,2024-02-15T11:45:00,24,Outbound,Check-In,Completed,3,0.68,45,8,True
8740,4799,2,2020-10-17T13:30:00,2,Outbound,Demo,Voicemail,1,,,0,False
8741,611,10,2024-12-17T14:30:00,21,Outbound,Follow-Up,Completed,5,0.43,192,8,False
8742,290,7,2024-12-18T11:30:00,32,Outbound,Technical Deep Dive,Completed,3,0.45,172,18,True
8743,196,7,2021-03-24T11:30:00,35,Outbound,Follow-Up,Completed,5,0.35,30,18,True
8744,260,11,2022-10-15T10:00:00,50,Outbound,Technical Deep Dive,Completed,4,0.72,131,8,True
8745,2447,15,2024-12-11T15:45:00,34,Outbound,Follow-Up,Completed,3,1.25,54,16,False
8746,3717,7,2024-02-01T14:00:00,0,Outbound,Follow-Up,No Show,1,,,0,False
8747,1156,14,2023-10-08T09:45:00,31,Outbound,Technical Deep Dive,Completed,8,0.56,109,3,True
8748,2252,13,2024-09-07T10:45:00,43,Outbound,Discovery,Completed,6,0.69,71,7,True
8749,1646,10,2024-09-14T14:30:00,59,Inbound,Discovery,Completed,8,0.55,45,5,False
8750,2252,13,2024-09-25T11:00:00,36,Outbound,Technical Deep Dive,Rescheduled,1,,,0,False
8751,3353,10,2022-01-31T12:15:00,52,Outbound,QBR,Completed,8,0.5,42,17,False
8752,3763,7,2023-07-01T14:45:00,44,Outbound,Check-In,Completed,7,0.65,53,20,True
8753,558,16,2024-12-21T11:30:00,2,Outbound,Discovery,Voicemail,1,,,0,False
8754,3752,10,2024-11-16T13:00:00,48,Outbound,Check-In,Completed,5,0.56,181,6,False
8755,1351,5,2023-12-31T15:15:00,26,Outbound,Demo,Completed,4,0.64,100,15,False
8756,1823,2,2023-01-28T14:00:00,0,Outbound,QBR,No Show,1,,,0,False
8757,2139,10,2023-05-09T16:45:00,40,Outbound,Technical Deep Dive,Completed,8,0.84,281,6,False
8758,3166,13,2024-10-18T11:45:00,37,Outbound,Follow-Up,Completed,6,0.75,93,7,False
8759,4476,16,2024-12-22T16:00:00,1,Outbound,Technical Deep Dive,Voicemail,1,,,0,False
8760,1493,5,2023-06-08T11:45:00,53,Outbound,Follow-Up,Completed,6,0.4,79,16,False
8761,601,5,2024-01-31T14:00:00,17,Inbound,Follow-Up,Completed,8,0.84,233,10,False
8762,3990,11,2023-09-04T16:15:00,21,Outbound,Negotiation,Completed,8,0.69,53,9,False
8763,693,5,2021-08-16T14:45:00,36,Inbound,Follow-Up,Completed,7,0.37,52,11,False
8764,3271,7,2024-06-27T14:30:00,60,Outbound,QBR,Completed,2,1.18,87,18,True
8765,1536,16,2024-12-15T15:00:00,38,Outbound,Discovery,Completed,7,0.8,46,3,False
8766,4361,6,2023-09-29T14:00:00,24,Outbound,Demo,Completed,4,0.57,93,2,False
8767,28,16,2024-12-07T11:30:00,,Outbound,Follow-Up,Completed,8,0.58,157,11,False
8768,4683,13,2022-08-08T15:15:00,53,Outbound,Discovery,Completed,3,0.46,59,14,False
8769,2295,7,2022-03-03T16:45:00,48,Outbound,QBR,Rescheduled,1,,,0,False
8770,5,11,2024-12-25T12:00:00,55,Outbound,Discovery,Completed,8,0.49,73,12,True
8771,2827,12,2023-08-23T13:30:00,37,Outbound,Demo,Completed,8,0.46,224,9,False
8772,4018,15,2023-11-12T10:15:00,56,Outbound,Demo,Rescheduled,1,,,0,False
8773,1731,1,2023-07-30T12:15:00,41,Outbound,Negotiation,Completed,4,0.4,35,19,False
8774,3381,7,2024-11-25T11:30:00,54,Inbound,Negotiation,Completed,8,0.43,89,12,True
8775,1652,4,2024-07-17T09:30:00,33,Outbound,Follow-Up,Completed,4,0.64,82,13,True
8776,1949,2,2023-06-22T11:15:00,33,Outbound,QBR,Completed,4,0.51,148,13,True
8777,3372,8,2022-02-05T10:00:00,23,Inbound,QBR,Completed,3,0.56,208,14,True
8778,4532,14,2023-11-15T14:45:00,35,Outbound,Discovery,Rescheduled,1,,,0,False
8779,3456,5,2024-02-06T10:45:00,43,Outbound,Check-In,Rescheduled,1,,,0,False
8780,2960,10,2024-12-27T13:15:00,-17,Inbound,QBR,Completed,7,1.32,50,10,False
8781,3436,13,2023-04-09T13:45:00,,Inbound,Discovery,Rescheduled,1,,,0,False
8782,2902,4,2022-04-25T09:00:00,47,Inbound,QBR,Completed,3,0.51,157,9,False
8783,4758,6,2024-12-24T16:30:00,0,Outbound,Follow-Up,No Show,1,,,0,False
8784,384,14,2024-11-15T13:45:00,19,Outbound,Check-In,Rescheduled,1,,,0,False
8785,2219,10,2024-12-23T12:30:00,19,Inbound,Discovery,Completed,8,0.38,70,9,True
8786,3900,14,2024-12-03T11:00:00,0,Outbound,Negotiation,No Show,1,,,0,False
8787,821,4,2024-12-27T14:30:00,20,Outbound,Technical Deep Dive,Completed,2,0.41,58,10,False
8788,905,5,2024-12-06T09:45:00,26,Outbound,Follow-Up,Completed,7,0.58,161,9,False
8789,1928,7,2024-07-17T10:15:00,40,Outbound,Discovery,Completed,4,0.41,168,11,True
8790,57,8,2024-10-10T09:45:00,36,Outbound,Follow-Up,Completed,6,0.48,103,14,True
8791,2645,12,2022-10-14T13:15:00,31,Outbound,Check-In,Completed,6,0.38,105,14,True
8792,2451,15,2021-02-13T12:15:00,24,Inbound,Discovery,Completed,4,0.7,211,4,True
8793,484,4,2024-12-07T14:30:00,-43,Outbound,QBR,Rescheduled,1,,,0,False
8794,4021,7,2024-12-02T13:30:00,37,Outbound,QBR,Completed,8,0.5,60,16,True
8795,479,3,2024-12-28T09:30:00,58,Inbound,Technical Deep Dive,Completed,8,0.3,85,18,False
8796,887,4,2024-07-23T09:30:00,,Outbound,QBR,Completed,6,0.38,136,17,False
8797,4752,13,2024-01-27T15:15:00,52,Outbound,QBR,Completed,5,0.78,162,4,False
8798,1533,5,2024-04-12T11:30:00,20,Outbound,Discovery,Rescheduled,1,,,0,False
8799,3050,15,2024-11-15T16:15:00,28,Outbound,Negotiation,Completed,2,0.47,64,8,True
8800,3892,10,2030-06-15T10:00:00,59,Inbound,Discovery,Completed,4,0.43,220,9,True
8801,197,7,2024-03-22T09:45:00,58,Outbound,Technical Deep Dive,Completed,6,0.68,268,10,True
8802,4780,5,2020-08-26T12:45:00,50,Outbound,Check-In,Completed,2,0.55,167,17,True
8803,390,1,2021-05-10T11:00:00,28,Inbound,Follow-Up,Completed,8,0.32,93,20,True
8804,814,15,2024-12-31T13:00:00,15,Inbound,Technical Deep Dive,Completed,4,0.45,57,16,False
8805,880,13,2023-12-17T15:00:00,20,Outbound,QBR,Completed,3,0.88,266,7,False
8806,2380,4,2024-10-23T15:00:00,16,Outbound,Discovery,Completed,2,0.61,192,8,False
8807,4686,6,2023-08-08T14:45:00,55,Outbound,Demo,Completed,5,0.4,119,9,True
8808,3297,7,2024-08-08T10:00:00,54,Inbound,Negotiation,Completed,4,0.41,113,14,True
8809,771,2,2022-01-23T14:00:00,35,Inbound,Technical Deep Dive,Completed,4,0.52,91,10,True
8810,2105,5,2024-09-16T13:30:00,0,Outbound,Technical Deep Dive,No Show,1,,,0,False
8811,3884,2,2024-12-30T09:45:00,58,Inbound,Check-In,Completed,4,0.34,237,20,False
8812,2715,13,2024-04-30T10:30:00,52,Outbound,Follow-Up,Completed,7,0.58,299,9,False
8813,4757,10,2023-08-24T12:45:00,26,Outbound,Demo,Rescheduled,1,,,0,False
8814,3604,16,2024-10-13T12:15:00,53,Inbound,Follow-Up,Completed,2,0.46,182,12,True
8815,1304,16,2024-11-09T12:30:00,,Inbound,Follow-Up,Completed,6,0.66,183,5,False
8816,1446,13,2023-01-03T13:00:00,47,Outbound,Demo,Completed,6,0.43,217,11,False
8817,1004,11,2024-03-26T11:45:00,37,Inbound,Follow-Up,Completed,7,0.53,80,8,False
8818,2240,3,2024-12-25T12:45:00,33,Inbound,Discovery,Completed,7,0.41,158,12,True
8819,1021,13,2024-04-17T14:30:00,22,Outbound,Check-In,Completed,8,0.6,151,14,True
8820,1004,11,2024-01-10T08:15:00,24,Outbound,Follow-Up,Completed,6,0.7,163,7,False
8821,3457,7,2023-01-10T14:15:00,23,Outbound,Technical Deep Dive,Completed,5,0.48,83,24,True
8822,4528,11,2024-10-05T14:15:00,55,Outbound,Check-In,Completed,4,0.55,229,11,False
8823,521,2,2024-04-01T14:45:00,15,Outbound,Discovery,Completed,7,0.64,229,24,True
8824,3626,5,2022-12-18T16:45:00,0,Outbound,Demo,No Show,1,,,0,False
8825,756,8,2024-12-05T15:30:00,33,Inbound,Negotiation,Completed,6,0.56,120,7,False
8826,1058,1,2024-12-29T10:45:00,35,Outbound,Follow-Up,Completed,6,0.62,34,18,False
8827,4408,8,2023-11-21T15:30:00,44,Outbound,Demo,Rescheduled,1,,,0,False
8828,3413,4,2024-12-03T09:30:00,21,Inbound,Negotiation,Completed,7,0.6,30,14,False
8829,3757,8,2024-03-24T10:15:00,0,Outbound,Discovery,No Show,1,,,0,False
8830,460,3,2024-11-18T11:00:00,18,Outbound,Follow-Up,Completed,6,0.4,87,15,True
8831,1004,12,2022-07-16T12:00:00,15,Outbound,Negotiation,Completed,5,0.58,55,5,True
8832,2321,4,2024-12-31T15:45:00,43,Outbound,Negotiation,Rescheduled,1,,,0,False
8833,554,1,2024-12-15T11:00:00,25,Outbound,Discovery,Completed,2,0.41,105,9,True
8834,4168,13,2022-02-28T11:45:00,0,Inbound,QBR,No Show,1,,,0,False
8835,4255,5,2024-08-14T12:45:00,54,Inbound,Demo,Completed,7,0.72,238,5,False
8836,1296,2,2024-10-14T14:15:00,0,Inbound,QBR,No Show,1,,,0,False
8837,1652,4,2024-10-01T13:45:00,58,Inbound,Negotiation,Completed,5,0.45,66,20,False
8838,2910,3,2023-09-01T16:45:00,17,Outbound,Check-In,Completed,3,0.34,209,7,True
8839,2150,7,2023-12-08T13:00:00,0,Inbound,Negotiation,No Show,1,,,0,False
8840,562,10,2023-05-08T09:30:00,-40,Outbound,Check-In,Rescheduled,1,,,0,False
8841,4687,13,2024-05-15T12:45:00,18,Outbound,Check-In,Completed,3,0.58,149,9,False
8842,3432,1,2030-06-15T10:00:00,1,Inbound,Discovery,Voicemail,1,,,0,False
8843,3636,4,2024-12-02T16:45:00,47,Outbound,Technical Deep Dive,Completed,2,0.59,121,18,False
8844,1402,12,2024-09-15T11:15:00,49,Outbound,QBR,Completed,6,0.64,203,18,True
8845,3262,16,2024-11-08T11:15:00,53,Inbound,Negotiation,Rescheduled,1,,,0,False
8846,1124,2,2024-11-03T10:45:00,0,Outbound,Follow-Up,No Show,1,,,0,False
8847,3813,1,2024-10-09T12:45:00,50,Outbound,Technical Deep Dive,Completed,6,0.42,127,16,False
8848,1397,16,2024-09-24T13:00:00,25,Inbound,QBR,Completed,4,0.42,97,10,False
8849,1434,8,2024-12-01T09:30:00,22,Outbound,Follow-Up,Completed,8,0.73,237,11,False
8850,1641,13,2022-06-11T13:00:00,41,Outbound,Technical Deep Dive,Completed,6,0.58,102,4,False
8851,1727,11,2024-12-14T13:45:00,32,Outbound,Technical Deep Dive,Completed,3,0.7,274,5,False
8852,4216,1,2024-01-04T15:15:00,38,Inbound,Follow-Up,Completed,5,0.66,148,8,True
8853,2989,11,2024-12-16T15:15:00,50,Inbound,QBR,Completed,7,0.43,186,18,True
8854,1962,8,2023-11-18T08:00:00,37,Outbound,Check-In,Rescheduled,1,,,0,False
8855,1141,2,2024-02-14T10:30:00,23,Outbound,Technical Deep Dive,Completed,7,0.42,122,7,False
8856,1979,13,2024-12-12T11:00:00,33,Inbound,Negotiation,Completed,3,0.46,111,5,False
8857,4007,8,2022-05-24T14:45:00,20,Outbound,Demo,Completed,5,0.64,275,5,False
8858,3567,12,2024-02-20T10:15:00,33,Inbound,QBR,Completed,5,0.72,201,1,True
8859,1239,5,2020-12-22T10:45:00,54,Outbound,Follow-Up,Completed,8,0.68,31,15,False
8860,2358,11,2024-07-18T13:15:00,44,Outbound,Check-In,Completed,3,0.41,79,6,False
8861,3823,7,2023-03-16T13:30:00,0,Outbound,Follow-Up,No Show,1,,,0,False
8862,4463,13,2024-10-17T09:45:00,40,Outbound,Discovery,Completed,3,1.49,84,10,True
8863,4176,6,2021-02-05T12:45:00,46,Inbound,Negotiation,Completed,8,0.53,142,9,False
8864,1176,4,2024-06-16T11:15:00,19,Outbound,Negotiation,Completed,3,0.68,208,8,False
8865,536,16,2024-12-16T11:30:00,53,Inbound,QBR,Completed,3,0.85,193,9,True
8866,1209,12,2020-09-15T11:30:00,53,Outbound,Discovery,Completed,6,0.47,153,6,False
8867,28,16,2024-12-24T16:30:00,19,Outbound,Technical Deep Dive,Completed,7,0.86,285,5,False
8868,889,3,2023-09-29T14:45:00,31,Outbound,Demo,Completed,2,0.32,34,10,True
8869,733,11,2024-01-30T11:45:00,39,Outbound,Follow-Up,Rescheduled,1,,,0,False
8870,4287,3,2023-10-24T09:30:00,57,Outbound,Negotiation,Completed,8,0.8,162,15,True
8871,1933,12,2021-10-15T13:45:00,0,Outbound,Technical Deep Dive,No Show,1,,,0,False
8872,1239,5,2021-01-25T14:00:00,0,Outbound,Negotiation,No Show,1,,,0,False
8873,3003,14,2022-04-15T09:45:00,16,Inbound,Technical Deep Dive,Rescheduled,1,,,0,False
8874,3400,4,2023-07-02T12:30:00,53,Outbound,Discovery,Completed,7,0.5,82,14,True
8875,1079,7,2024-12-01T12:30:00,35,Outbound,Demo,Completed,3,0.47,151,14,False
8876,4497,8,2024-08-21T14:30:00,54,Outbound,Demo,Completed,4,0.39,149,9,True
8877,2570,4,2024-10-05T11:15:00,27,Outbound,Technical Deep Dive,Rescheduled,1,,,0,False
8878,4561,5,2024-12-20T10:45:00,50,Inbound,Follow-Up,Completed,7,0.54,239,9,False
8879,2117,9,2023-06-20T09:30:00,2,Outbound,Technical Deep Dive,Voicemail,1,,,0,False
8880,1040,2,2024-12-15T11:45:00,34,Outbound,Negotiation,Completed,4,0.31,128,21,True
8881,140,10,2024-01-28T11:45:00,56,Inbound,Check-In,Rescheduled,1,,,0,False
8882,4437,6,2024-05-26T14:15:00,58,Inbound,Demo,Completed,2,0.62,237,11,True
8883,4115,9,2024-01-28T17:30:00,43,Outbound,Follow-Up,Completed,2,0.6,63,16,False
8884,1975,7,2024-12-25T13:30:00,32,Inbound,Check-In,Completed,8,0.54,72,9,True
8885,4889,8,2024-12-26T11:00:00,35,Inbound,QBR,Completed,5,0.47,176,12,True
8886,539,9,2024-03-17T11:45:00,1,Outbound,Follow-Up,Voicemail,1,,,0,False
8887,216,9,2030-06-15T10:00:00,16,Outbound,QBR,Completed,7,0.42,119,13,True
8888,3161,14,2024-12-20T15:00:00,30,Outbound,Discovery,Rescheduled,1,,,0,False
8889,2914,7,2022-04-02T12:00:00,40,Outbound,Discovery,Completed,7,0.61,85,11,True
8890,2462,9,2023-01-09T11:15:00,29,Outbound,Discovery,Completed,4,0.55,78,9,False
8891,3829,6,2024-06-27T14:15:00,57,Outbound,Discovery,Completed,7,0.36,33,16,False
8892,2685,15,2024-03-29T10:15:00,58,Inbound,Demo,Rescheduled,1,,,0,False
8893,657,12,2024-06-28T10:45:00,38,Outbound,Demo,Completed,2,0.54,68,18,True
8894,2220,11,2024-06-22T11:30:00,31,Inbound,Follow-Up,Completed,8,0.66,34,10,False
8895,3808,4,2023-01-09T14:00:00,-47,Outbound,Check-In,Completed,3,0.77,64,13,False
8896,357,5,2024-03-27T14:15:00,58,Outbound,Discovery,Rescheduled,1,,,0,False
8897,3217,12,2020-09-08T11:30:00,46,Outbound,Follow-Up,Completed,6,0.53,168,8,True
8898,2406,13,2024-12-28T15:30:00,,Outbound,Follow-Up,Completed,6,0.44,35,7,False
8899,3563,10,2024-12-20T12:30:00,52,Inbound,Negotiation,Rescheduled,1,,,0,False
8900,458,8,2023-12-30T14:30:00,0,Outbound,Demo,No Show,1,,,0,False
8901,2867,14,2022-09-10T12:45:00,33,Outbound,Demo,Completed,3,0.49,217,13,False
8902,4949,1,2030-06-15T10:00:00,-45,Outbound,Negotiation,Completed,3,0.63,129,16,True
8903,2255,3,2024-10-02T11:00:00,51,Outbound,Negotiation,Rescheduled,1,,,0,False
8904,442,12,2024-07-07T14:00:00,60,Outbound,Technical Deep Dive,Completed,4,0.7,55,10,False
8905,1633,16,2024-10-18T12:45:00,43,Outbound,Follow-Up,Rescheduled,1,,,0,False
8906,352,16,2024-12-15T15:45:00,37,Outbound,Negotiation,Completed,2,0.66,177,5,False
8907,4233,16,2024-11-03T17:15:00,27,Outbound,Discovery,Completed,7,1.36,92,8,False
8908,1225,15,2024-12-19T17:15:00,0,Inbound,Follow-Up,No Show,1,,,0,False
8909,2316,6,2023-03-04T10:30:00,18,Outbound,QBR,Completed,3,0.67,231,9,True
8910,4385,13,2022-12-12T12:15:00,36,Outbound,Demo,Completed,7,0.56,186,9,True
8911,4069,14,2024-02-09T17:45:00,23,Outbound,Technical Deep Dive,Rescheduled,1,,,0,False
8912,2069,8,2024-12-27T12:15:00,25,Outbound,Discovery,Completed,4,0.48,85,5,True
8913,4628,10,2024-04-12T09:00:00,,Outbound,Follow-Up,Completed,8,0.72,102,6,False
8914,2650,2,2023-10-07T09:45:00,47,Outbound,QBR,Completed,3,0.7,207,16,False
8915,2540,4,2024-01-31T10:30:00,51,Outbound,Negotiation,Completed,5,0.36,113,17,False
8916,4489,4,2024-12-22T10:15:00,45,Inbound,Check-In,Completed,3,0.68,126,8,False
8917,4572,1,2024-09-05T15:00:00,17,Outbound,QBR,Completed,4,0.46,37,13,False
8918,4027,11,2024-05-23T08:45:00,0,Outbound,Follow-Up,No Show,1,,,0,False
8919,3252,9,2023-10-10T11:45:00,33,Outbound,Discovery,Rescheduled,1,,,0,False
8920,571,6,2021-05-23T11:45:00,44,Outbound,Discovery,Rescheduled,1,,,0,False
8921,684,8,2024-09-07T17:15:00,0,Outbound,Check-In,No Show,1,,,0,False
8922,431,14,2022-02-07T16:15:00,0,Outbound,Negotiation,No Show,1,,,0,False
8923,2947,15,2024-12-30T11:45:00,31,Outbound,Follow-Up,Completed,4,0.56,94,7,True
8924,4309,6,2023-01-10T11:00:00,34,Outbound,Check-In,Completed,8,1.04,170,5,True
8925,2918,4,2024-04-04T12:00:00,0,Outbound,Discovery,No Show,1,,,0,False
8926,3833,2,2022-02-15T15:30:00,58,Outbound,Negotiation,Completed,6,0.41,52,9,True
8927,251,1,2024-05-10T13:45:00,22,Outbound,Check-In,Completed,3,0.49,36,20,True
8928,4491,8,2024-12-13T15:30:00,1,Outbound,Discovery,Voicemail,1,,,0,False
8929,2561,13,2022-04-21T14:45:00,60,Inbound,Follow-Up,Completed,4,0.5,238,6,False
8930,3023,11,2021-08-18T10:15:00,39,Inbound,Demo,Completed,7,0.59,115,11,False
8931,3833,2,2022-04-15T15:45:00,25,Outbound,Negotiation,Completed,6,0.62,37,24,False
8932,1972,11,2023-12-31T13:45:00,23,Outbound,QBR,Completed,3,0.43,217,14,True
8933,2504,1,2022-07-26T10:15:00,30,Inbound,Negotiation,Completed,5,0.44,122,16,True
8934,1452,5,2024-08-14T16:00:00,31,Outbound,Demo,Completed,8,0.57,36,17,True
8935,3787,8,2024-12-13T09:30:00,59,Outbound,Discovery,Completed,4,0.57,42,20,True
8936,3115,12,2022-12-18T15:30:00,1,Outbound,QBR,Voicemail,1,,,0,False
8937,3447,3,2024-07-12T10:45:00,,Outbound,Check-In,Completed,4,0.45,234,8,False
8938,2697,10,2024-12-30T10:00:00,57,Outbound,QBR,Rescheduled,1,,,0,False
8939,4677,4,2023-09-30T14:30:00,0,Inbound,Follow-Up,No Show,1,,,0,False
8940,4818,4,2023-02-24T15:30:00,0,Outbound,Follow-Up,No Show,1,,,0,False
8941,1816,9,2023-06-27T15:00:00,20,Inbound,Technical Deep Dive,Completed,2,0.85,277,9,False
8942,4439,13,2022-01-29T16:15:00,44,Inbound,Check-In,Completed,3,0.47,57,12,True
8943,4058,9,2030-06-15T10:00:00,28,Outbound,Technical Deep Dive,Completed,7,0.46,30,3,False
8944,434,3,2024-11-03T16:00:00,33,Outbound,QBR,Completed,3,0.5,206,6,False
8945,1890,9,2024-11-05T13:30:00,46,Inbound,Technical Deep Dive,Completed,7,0.36,58,18,True
8946,1829,15,2024-12-14T09:00:00,0,Outbound,QBR,No Show,1,,,0,False
8947,1081,10,2024-09-26T14:45:00,60,Outbound,Demo,Completed,2,0.54,155,7,True
8948,4724,7,2024-10-01T16:15:00,-30,Inbound,Negotiation,Completed,2,0.49,34,6,False
8949,339,9,2024-12-15T10:30:00,42,Inbound,Discovery,Rescheduled,1,,,0,False
8950,589,2,2024-12-03T16:30:00,42,Outbound,QBR,Completed,8,0.32,77,6,False
8951,2778,4,2023-04-09T13:45:00,55,Outbound,Follow-Up,Completed,3,0.68,195,15,True
8952,1142,15,2024-12-16T16:30:00,0,Outbound,Technical Deep Dive,No Show,1,,,0,False
8953,923,1,2030-06-15T10:00:00,54,Inbound,Follow-Up,Rescheduled,1,,,0,False
8954,3978,2,2030-06-15T10:00:00,0,Outbound,Discovery,No Show,1,,,0,False
8955,1428,4,2024-12-08T09:15:00,18,Outbound,Negotiation,Completed,4,0.76,76,3,False
8956,3214,7,2024-12-08T15:45:00,2,Outbound,Discovery,Voicemail,1,,,0,False
8957,2719,8,2023-09-05T11:30:00,18,Outbound,Follow-Up,Completed,5,0.62,216,10,False
8958,132,16,2030-06-15T10:00:00,47,Inbound,Technical Deep Dive,Completed,5,0.76,255,2,False
8959,188,14,2024-06-14T15:30:00,32,Inbound,Discovery,Completed,7,0.74,270,7,False
8960,798,6,2022-05-21T15:30:00,24,Outbound,Negotiation,Rescheduled,1,,,0,False
8961,1256,6,2024-04-15T12:45:00,38,Inbound,Check-In,Completed,3,0.61,120,9,True
8962,1567,5,2020-10-22T15:45:00,,Inbound,Check-In,Completed,2,0.59,81,15,True
8963,3223,5,2024-12-02T14:00:00,44,Outbound,Discovery,Rescheduled,1,,,0,False
8964,4593,10,2023-04-02T15:45:00,48,Inbound,Check-In,Completed,5,0.42,176,3,False
8965,4385,13,2023-01-10T12:15:00,1,Outbound,Check-In,Voicemail,1,,,0,False
8966,4640,1,2021-11-20T14:30:00,34,Outbound,Check-In,Completed,3,0.5,193,18,True
8967,796,6,2024-12-11T11:15:00,52,Outbound,Technical Deep Dive,Completed,7,0.7,147,17,False
8968,991,1,2024-02-07T10:00:00,1,Inbound,Demo,Voicemail,1,,,0,False
8969,4792,14,2022-12-22T09:15:00,46,Outbound,Demo,Completed,7,0.77,173,9,True
8970,3384,12,2023-09-07T09:45:00,60,Outbound,Demo,Completed,8,0.38,130,13,True
8971,4650,15,2024-12-18T11:45:00,35,Outbound,Technical Deep Dive,Completed,6,0.37,43,20,True
8972,4267,5,2024-04-14T13:15:00,3,Inbound,Follow-Up,Voicemail,1,,,0,False
8973,184,3,2030-06-15T10:00:00,0,Outbound,Follow-Up,No Show,1,,,0,False
8974,4803,8,2024-01-16T11:30:00,17,Outbound,Check-In,Completed,8,0.69,65,6,True
8975,1348,9,2023-01-21T15:45:00,0,Outbound,Discovery,No Show,1,,,0,False
8976,1712,14,2024-03-03T13:00:00,59,Inbound,Negotiation,Completed,7,0.7,213,7,False
8977,4665,8,2024-10-03T11:15:00,28,Outbound,Discovery,Completed,8,0.59,79,9,False
8978,2583,6,2024-08-22T10:45:00,0,Inbound,Negotiation,No Show,1,,,0,False
8979,889,3,2023-11-02T13:15:00,41,Outbound,Demo,Completed,5,0.51,56,9,True
8980,1253,16,2024-09-02T13:00:00,1,Outbound,Technical Deep Dive,Voicemail,1,,,0,False
8981,3483,5,2024-08-16T16:30:00,35,Outbound,Negotiation,Completed,8,0.43,180,14,True
8982,3810,16,2024-12-26T15:45:00,33,Outbound,Follow-Up,Completed,2,0.64,114,3,True
8983,1822,8,2024-12-08T13:15:00,54,Inbound,Negotiation,Completed,2,0.52,181,15,True
8984,4676,8,2024-11-04T13:00:00,41,Inbound,Negotiation,Completed,6,0.5,100,22,True
8985,4983,4,2024-08-07T16:30:00,32,Inbound,Check-In,Completed,4,0.38,103,14,True
8986,2653,3,2022-11-26T10:00:00,27,Inbound,Demo,Completed,6,0.55,41,12,True
8987,4714,16,2024-07-31T13:00:00,55,Inbound,Demo,Rescheduled,1,,,0,False
8988,2943,7,2021-05-28T15:45:00,34,Outbound,Discovery,Completed,4,0.56,88,10,False
8989,4380,13,2023-08-07T17:15:00,37,Inbound,Technical Deep Dive,Completed,8,0.77,151,3,False
8990,2041,3,2020-12-27T14:00:00,56,Outbound,Check-In,Completed,4,0.58,295,7,True
8991,2598,13,2024-04-10T12:15:00,0,Inbound,Technical Deep Dive,No Show,1,,,0,False
8992,3454,9,2024-11-27T11:00:00,0,Outbound,Negotiation,No Show,1,,,0,False
8993,1801,3,2024-12-29T13:45:00,-39,Outbound,Follow-Up,Completed,7,0.44,79,4,False
8994,4788,10,2024-12-09T11:15:00,-55,Inbound,Demo,Rescheduled,1,,,0,False
8995,835,4,2023-04-04T12:15:00,41,Outbound,Negotiation,Completed,5,0.68,59,15,False
8996,804,16,2023-10-17T10:45:00,28,Outbound,Discovery,Completed,2,0.69,173,12,False
8997,1078,14,2024-05-03T10:15:00,56,Outbound,Check-In,Completed,4,0.44,119,6,True
8998,3311,15,2024-12-17T11:00:00,27,Outbound,Demo,Completed,8,0.41,165,14,True
8999,1752,2,2023-06-01T15:15:00,46,Outbound,Negotiation,Rescheduled,1,,,0,False
9000,4383,13,2024-09-23T15:00:00,52,Inbound,QBR,Rescheduled,1,,,0,False
9001,1936,3,2020-09-25T16:45:00,43,Outbound,Demo,Rescheduled,1,,,0,False
9002,2023,5,2024-12-09T08:30:00,3,Inbound,QBR,Voicemail,1,,,0,False
9003,2800,3,2024-07-16T12:15:00,3,Outbound,Discovery,Voicemail,1,,,0,False
9004,2577,7,2024-10-05T10:30:00,23,Outbound,QBR,Completed,4,0.45,149,19,True
9005,3928,9,2024-07-12T11:45:00,19,Outbound,Follow-Up,Completed,6,0.56,160,4,False
9006,4693,4,2024-02-16T17:30:00,41,Inbound,Technical Deep Dive,Completed,2,0.41,159,7,False
9007,2340,9,2024-12-27T12:30:00,0,Outbound,Follow-Up,No Show,1,,,0,False
9008,2910,3,2023-11-07T14:00:00,0,Outbound,QBR,No Show,1,,,0,False
9009,2120,11,2024-05-10T15:00:00,42,Outbound,QBR,Completed,2,0.64,193,14,True
9010,157,3,2024-05-23T13:00:00,20,Inbound,Discovery,Completed,2,0.36,48,22,True
9011,4243,10,2024-09-01T10:45:00,52,Outbound,QBR,Completed,6,0.47,148,18,False
9012,1262,7,2023-05-14T10:45:00,21,Outbound,Check-In,Completed,4,0.74,267,2,True
9013,206,5,2024-07-15T09:45:00,48,Inbound,Demo,Rescheduled,1,,,0,False
9014,4077,11,2022-08-12T10:00:00,54,Inbound,Follow-Up,Completed,2,0.58,132,9,True
9015,4451,13,2022-08-28T16:30:00,44,Outbound,Technical Deep Dive,Completed,7,0.48,180,2,False
9016,4037,7,2021-11-22T13:15:00,26,Inbound,Follow-Up,Completed,4,0.44,125,13,False
9017,3677,1,2024-12-25T13:45:00,0,Outbound,Follow-Up,No Show,1,,,0,False
9018,2340,9,2024-12-01T15:15:00,2,Inbound,Technical Deep Dive,Voicemail,1,,,0,False
9019,2640,4,2030-06-15T10:00:00,58,Inbound,Check-In,Completed,7,0.43,103,19,False
9020,3890,13,2024-07-19T09:45:00,0,Inbound,Negotiation,No Show,1,,,0,False
9021,17,9,2022-01-20T13:45:00,19,Outbound,Check-In,Completed,4,0.71,188,3,True
9022,3023,11,2021-11-29T14:30:00,30,Outbound,Check-In,Completed,2,0.61,227,10,True
9023,4121,12,2024-10-31T14:30:00,58,Outbound,Follow-Up,Rescheduled,1,,,0,False
9024,320,3,2023-11-03T12:00:00,34,Outbound,QBR,Completed,7,0.32,118,24,True
9025,2714,10,2023-01-28T11:30:00,42,Outbound,Demo,Completed,8,0.38,153,6,True
9026,2409,9,2024-12-22T15:45:00,55,Outbound,Demo,Completed,5,0.78,298,2,True
9027,2689,13,2024-08-15T11:45:00,55,Outbound,Follow-Up,Completed,4,0.59,177,9,False
9028,2965,1,2024-02-03T14:30:00,49,Outbound,Technical Deep Dive,Completed,2,0.45,39,14,False
9029,3053,10,2024-12-05T10:00:00,-32,Inbound,QBR,Completed,8,0.73,219,5,False
9030,1189,1,2024-09-06T16:45:00,56,Outbound,Check-In,Completed,2,0.62,63,15,False
9031,2467,8,2024-11-27T09:30:00,24,Outbound,Demo,Rescheduled,1,,,0,False
9032,2568,16,2024-06-23T15:15:00,22,Outbound,Follow-Up,Completed,6,0.6,190,13,True
9033,3396,4,2022-07-30T11:00:00,-16,Outbound,Technical Deep Dive,Completed,3,0.52,60,19,False
9034,2423,9,2024-12-20T10:30:00,0,Outbound,Technical Deep Dive,No Show,1,,,0,False
9035,1646,10,2024-10-30T09:45:00,25,Outbound,QBR,Completed,5,0.8,126,6,False
9036,557,7,2024-07-22T10:15:00,39,Inbound,Technical Deep Dive,Completed,6,0.67,257,9,False
9037,2577,7,2024-12-02T11:00:00,0,Outbound,Negotiation,No Show,1,,,0,False
9038,3809,3,2030-06-15T10:00:00,26,Outbound,Demo,Completed,5,0.64,235,19,True
9039,2260,1,2024-12-10T16:30:00,36,Outbound,Technical Deep Dive,Completed,7,0.3,57,6,True
9040,4988,9,2024-07-05T14:30:00,0,Inbound,Discovery,No Show,1,,,0,False
9041,1489,4,2024-11-06T14:00:00,0,Inbound,Discovery,No Show,1,,,0,False
9042,3835,5,2024-02-11T14:15:00,39,Outbound,Demo,Completed,2,0.49,150,12,True
9043,3660,14,2023-11-29T16:15:00,31,Outbound,Follow-Up,Completed,6,0.63,182,7,False
9044,4112,9,2023-12-13T13:45:00,51,Outbound,Discovery,Completed,7,0.54,151,6,False
9045,4075,11,2023-04-16T10:00:00,40,Outbound,Follow-Up,Completed,7,0.69,130,8,False
9046,1523,2,2024-11-25T13:30:00,26,Outbound,Follow-Up,Completed,5,0.35,99,16,True
9047,1723,15,2024-12-13T15:45:00,17,Inbound,Follow-Up,Completed,8,0.65,167,4,True
9048,1708,12,2024-08-21T14:00:00,46,Outbound,Check-In,Completed,4,0.65,119,6,True
9049,2005,16,2023-01-12T14:00:00,17,Inbound,Technical Deep Dive,Completed,8,0.38,128,19,True
9050,4326,5,2024-10-30T13:30:00,0,Outbound,Discovery,No Show,1,,,0,False
9051,4777,5,2024-12-28T14:15:00,0,Outbound,QBR,No Show,1,,,0,False
9052,1247,6,2024-12-08T15:15:00,,Inbound,Demo,Completed,4,0.54,104,13,True
9053,1677,7,2024-07-08T14:15:00,59,Outbound,Check-In,Completed,2,0.51,182,6,True
9054,2208,1,2024-01-10T08:45:00,41,Outbound,Negotiation,Completed,5,0.5,179,8,False
9055,3183,14,2024-12-14T16:45:00,,Outbound,Check-In,Completed,8,0.58,216,7,False
9056,4379,1,2024-12-06T16:45:00,,Outbound,Discovery,Completed,4,1.07,63,9,False
9057,924,2,2023-11-07T11:00:00,30,Inbound,Discovery,Completed,6,0.5,202,4,False
9058,3576,2,2024-10-24T10:00:00,30,Outbound,Check-In,Completed,7,0.37,45,24,True
9059,1544,4,2022-04-26T10:45:00,18,Outbound,Technical Deep Dive,Completed,5,0.53,196,15,True
9060,4195,1,2023-11-27T09:00:00,22,Outbound,Demo,Completed,3,0.79,161,14,True
9061,3539,9,2024-06-17T15:30:00,21,Inbound,QBR,Completed,3,0.63,90,17,True
9062,1543,13,2024-12-31T13:30:00,56,Outbound,Check-In,Completed,8,0.74,147,3,False
9063,4062,10,2022-03-08T12:30:00,2,Outbound,Demo,Voicemail,1,,,0,False
9064,4318,4,2024-06-08T10:30:00,29,Outbound,Technical Deep Dive,Completed,5,0.65,43,9,True
9065,3927,15,2024-09-11T13:30:00,48,Outbound,Check-In,Completed,2,0.64,273,9,False
9066,4655,8,2024-09-22T12:00:00,55,Outbound,Technical Deep Dive,Completed,6,0.47,106,19,True
9067,4493,7,2024-12-12T13:45:00,57,Outbound,Discovery,Completed,6,0.49,164,6,True
9068,3932,2,2021-11-08T11:30:00,44,Inbound,Demo,Rescheduled,1,,,0,False
9069,3879,7,2024-08-27T10:15:00,41,Outbound,Discovery,Completed,2,0.69,58,7,True
9070,3155,10,2024-06-20T13:15:00,22,Inbound,Check-In,Completed,4,0.53,88,5,True
9071,3969,9,2022-09-27T09:00:00,45,Inbound,Negotiation,Completed,6,0.45,122,11,True
9072,620,5,2024-12-01T16:15:00,57,Outbound,Check-In,Completed,2,0.51,54,4,False
9073,3917,8,2024-05-07T15:15:00,51,Outbound,QBR,Completed,3,0.59,159,12,False
9074,1526,10,2024-05-01T09:45:00,59,Outbound,Follow-Up,Completed,5,0.72,268,5,False
9075,2685,15,2024-04-15T11:45:00,0,Inbound,Negotiation,No Show,1,,,0,False
9076,1364,16,2024-12-03T15:45:00,43,Inbound,Check-In,Completed,7,0.47,239,6,True
9077,3534,14,2022-05-08T14:30:00,57,Outbound,Check-In,Completed,3,0.6,107,5,False
9078,4162,2,2024-11-05T13:45:00,54,Outbound,Check-In,Completed,4,0.55,155,10,False
9079,686,15,2024-12-01T15:15:00,34,Outbound,Technical Deep Dive,Completed,5,0.7,200,6,False
9080,5000,7,2024-06-11T14:15:00,35,Outbound,Check-In,Completed,2,0.51,111,15,True
9081,1138,2,2024-12-24T11:15:00,26,Inbound,Check-In,Rescheduled,1,,,0,False
9082,2742,3,2024-12-16T11:45:00,38,Outbound,Check-In,Completed,5,0.43,54,10,True
9083,3806,1,2024-12-20T16:30:00,59,Outbound,Follow-Up,Completed,5,0.32,180,12,False
9084,2093,2,2024-01-15T10:30:00,40,Outbound,QBR,Completed,5,0.74,275,6,False
9085,2903,5,2023-01-17T09:15:00,59,Inbound,Check-In,Completed,8,0.42,147,16,False
9086,2456,5,2024-10-17T14:45:00,39,Outbound,Follow-Up,Completed,5,0.66,112,16,False
9087,2686,3,2024-11-27T10:45:00,,Inbound,Demo,No Show,1,,,0,False
9088,2308,9,2022-12-05T14:00:00,42,Outbound,QBR,Rescheduled,1,,,0,False
9089,142,6,2022-04-20T12:30:00,24,Outbound,Check-In,Completed,3,0.46,142,16,False
9090,515,14,2022-06-27T10:00:00,48,Outbound,QBR,Completed,2,0.69,132,4,False
9091,2618,5,2030-06-15T10:00:00,46,Outbound,Check-In,Completed,3,0.6,220,6,True
9092,1790,1,2023-03-19T12:30:00,41,Outbound,Negotiation,Completed,7,0.47,210,24,True
9093,1341,16,2024-12-28T15:15:00,28,Inbound,QBR,Completed,5,0.57,49,16,False
9094,2074,14,2024-03-28T09:15:00,15,Outbound,Negotiation,Completed,4,0.49,148,3,False
9095,3367,6,2024-08-19T09:45:00,45,Outbound,Follow-Up,Completed,8,0.83,199,7,False
9096,647,9,2022-06-20T16:00:00,0,Outbound,Negotiation,No Show,1,,,0,False
9097,2266,1,2022-08-16T09:45:00,22,Outbound,QBR,Rescheduled,1,,,0,False
9098,3563,10,2024-12-25T11:30:00,57,Inbound,Check-In,Rescheduled,1,,,0,False
9099,4037,7,2021-10-08T10:45:00,3,Outbound,Technical Deep Dive,Voicemail,1,,,0,False
9100,109,7,2024-11-18T15:30:00,43,Outbound,QBR,Completed,8,0.55,40,6,False
9101,4061,7,2024-05-31T09:15:00,0,Outbound,Demo,No Show,1,,,0,False
9102,856,6,2024-08-19T12:30:00,47,Inbound,Negotiation,Completed,5,0.41,41,5,False
9103,933,7,2022-11-26T10:45:00,58,Outbound,QBR,Rescheduled,1,,,0,False
9104,2502,16,2024-12-14T11:15:00,37,Outbound,QBR,Completed,5,0.44,68,8,False
9105,1654,5,2024-11-15T08:45:00,45,Outbound,QBR,Completed,8,0.59,120,9,True
9106,135,8,2024-12-10T13:45:00,60,Outbound,Discovery,Completed,4,0.38,47,5,False
9107,4844,3,2023-01-10T09:45:00,28,Outbound,Negotiation,Rescheduled,1,,,0,False
9108,284,3,2021-04-28T12:15:00,33,Outbound,Demo,Completed,5,0.59,94,15,True
9109,3534,14,2030-06-15T10:00:00,23,Inbound,Check-In,Completed,5,0.9,186,9,False
9110,1647,8,2024-02-25T10:45:00,29,Inbound,Discovery,Completed,8,0.44,48,14,False
9111,3517,6,2024-02-03T13:15:00,16,Outbound,Negotiation,Rescheduled,1,,,0,False
9112,360,3,2024-05-19T11:45:00,17,Outbound,Demo,Completed,5,0.37,118,9,False
9113,411,12,2023-10-06T10:15:00,31,Outbound,Follow-Up,Completed,3,0.43,106,8,True
9114,3885,13,2023-12-05T11:30:00,41,Inbound,QBR,Completed,5,0.64,94,7,False
9115,2840,1,2023-11-15T09:30:00,18,Outbound,Discovery,Completed,8,0.49,180,14,True
9116,337,2,2024-06-02T13:00:00,56,Inbound,QBR,Completed,3,0.35,145,19,True
9117,1382,12,2024-12-05T14:30:00,43,Outbound,Technical Deep Dive,Completed,8,0.57,113,9,False
9118,3945,10,2023-03-01T14:45:00,32,Outbound,Follow-Up,Completed,6,0.41,83,15,False
9119,3775,2,2024-09-07T09:15:00,46,Outbound,Follow-Up,Completed,5,0.58,145,19,False
9120,2727,7,2024-12-27T14:45:00,54,Inbound,Demo,Completed,7,0.64,34,14,True
9121,1107,11,2024-02-09T11:45:00,46,Inbound,Check-In,Completed,3,0.41,165,3,False
9122,2001,5,2024-11-23T09:15:00,0,Outbound,Follow-Up,No Show,1,,,0,False
9123,697,4,2024-01-24T09:45:00,0,Outbound,Check-In,No Show,1,,,0,False
9124,3119,2,2021-09-03T13:45:00,34,Inbound,Negotiation,Completed,4,0.51,153,12,True
9125,568,7,2023-04-15T15:45:00,0,Inbound,Check-In,No Show,1,,,0,False
9126,3829,6,2024-05-20T17:45:00,59,Outbound,Discovery,Rescheduled,1,,,0,False
9127,4943,6,2024-10-28T14:00:00,38,Inbound,QBR,Completed,6,0.8,121,6,False
9128,1801,3,2024-12-03T12:15:00,53,Outbound,Technical Deep Dive,Completed,3,0.35,90,18,True
9129,144,14,2023-07-22T10:00:00,24,Inbound,Check-In,Completed,6,0.84,284,5,False
9130,4540,12,2021-04-05T10:45:00,39,Outbound,Negotiation,Completed,8,0.53,162,16,False
9131,1001,4,2024-12-11T14:15:00,0,Inbound,QBR,No Show,1,,,0,False
9132,3506,15,2024-05-23T15:30:00,39,Outbound,Technical Deep Dive,Completed,5,0.44,210,12,False
9133,1621,16,2024-12-05T16:45:00,-42,Inbound,Follow-Up,Completed,2,0.55,93,3,False
9134,2590,7,2024-12-05T11:45:00,32,Outbound,Technical Deep Dive,Completed,2,0.44,70,15,False
9135,2591,10,2023-07-21T11:30:00,26,Inbound,Negotiation,Completed,5,0.69,214,4,False
9136,658,13,2024-12-29T16:15:00,48,Outbound,Demo,Rescheduled,1,,,0,False
9137,3034,4,2021-06-12T14:15:00,0,Outbound,Negotiation,No Show,1,,,0,False
9138,1890,9,2024-11-16T11:15:00,53,Outbound,Discovery,Completed,3,0.35,180,9,True
9139,1642,13,2024-03-02T16:30:00,42,Outbound,Check-In,Completed,4,0.73,228,9,True
9140,3100,10,2024-03-04T09:00:00,42,Outbound,Discovery,Completed,2,0.7,202,15,True
9141,2093,2,2024-02-12T11:45:00,34,Outbound,Follow-Up,Completed,8,0.46,160,7,False
9142,674,8,2023-03-13T14:30:00,44,Outbound,Discovery,Completed,3,0.75,65,10,False
9143,156,7,2024-09-30T14:45:00,52,Inbound,Negotiation,Completed,5,0.43,111,11,True
9144,4071,5,2024-08-07T10:30:00,50,Outbound,Discovery,Completed,8,0.45,137,12,False
9145,2445,16,2023-10-06T13:15:00,22,Inbound,Negotiation,Completed,3,0.57,156,4,False
9146,863,9,2024-12-23T09:45:00,26,Inbound,QBR,Completed,8,0.46,227,3,False
9147,2136,6,2021-08-18T10:30:00,50,Outbound,Follow-Up,Completed,2,0.65,47,5,True
9148,2846,15,2024-12-01T11:45:00,53,Outbound,QBR,Rescheduled,1,,,0,False
9149,593,3,2024-11-29T11:45:00,54,Outbound,Demo,Completed,5,0.43,152,28,True
9150,2748,11,2024-12-15T11:45:00,25,Outbound,Negotiation,Rescheduled,1,,,0,False
9151,483,7,2021-08-03T13:00:00,35,Outbound,Negotiation,Completed,5,0.67,121,11,False
9152,458,8,2023-10-03T10:15:00,2,Outbound,QBR,Voicemail,1,,,0,False
9153,3767,15,2024-07-25T10:15:00,35,Outbound,Discovery,Completed,3,0.51,223,8,True
9154,2957,11,2024-07-24T10:45:00,31,Outbound,Follow-Up,Completed,6,0.59,153,11,True
9155,3850,7,2024-11-19T15:45:00,,Inbound,Discovery,Completed,3,0.38,46,10,False
9156,3154,1,2024-11-19T08:15:00,40,Outbound,Follow-Up,Completed,8,0.25,78,28,True
9157,55,14,2024-12-20T11:15:00,44,Inbound,Check-In,Completed,3,0.65,66,7,True
9158,3706,6,2022-04-16T13:15:00,25,Inbound,Demo,Completed,8,0.58,77,10,False
9159,3425,14,2024-04-21T08:00:00,17,Inbound,Follow-Up,Rescheduled,1,,,0,False
9160,4639,3,2024-11-09T16:45:00,0,Outbound,Check-In,No Show,1,,,0,False
9161,1174,7,2024-12-02T14:45:00,26,Outbound,Check-In,Rescheduled,1,,,0,False
9162,501,9,2023-10-24T10:00:00,29,Outbound,Follow-Up,Completed,4,0.51,197,4,False
9163,39,6,2022-11-19T11:30:00,34,Outbound,Negotiation,Completed,8,0.58,106,19,False
9164,869,16,2022-09-17T09:15:00,1,Inbound,Discovery,Voicemail,1,,,0,False
9165,1960,13,2023-09-16T10:45:00,19,Outbound,Demo,Completed,2,0.61,195,13,True
9166,1687,16,2024-10-04T10:15:00,-43,Outbound,Demo,Completed,7,0.73,118,4,False
9167,575,3,2024-02-24T14:45:00,51,Outbound,Discovery,Completed,8,0.31,72,14,True
9168,401,8,2024-12-23T15:15:00,53,Outbound,Demo,Rescheduled,1,,,0,False
9169,2342,9,2024-12-24T13:30:00,42,Outbound,QBR,Completed,4,0.47,53,15,False
9170,1036,6,2024-12-14T09:45:00,34,Outbound,Negotiation,Rescheduled,1,,,0,False
9171,1324,7,2024-12-11T11:45:00,45,Outbound,Follow-Up,Completed,5,0.61,234,9,True
9172,2849,10,2024-11-04T14:00:00,60,Outbound,Demo,Completed,5,0.57,239,18,False
9173,4981,15,2023-10-11T14:15:00,53,Inbound,Negotiation,Completed,2,0.44,120,15,False
9174,945,2,2024-08-13T16:00:00,47,Outbound,QBR,Completed,2,0.48,52,9,False
9175,1464,15,2024-05-24T10:30:00,0,Outbound,Discovery,No Show,1,,,0,False
9176,3968,13,2023-03-22T15:15:00,22,Outbound,Negotiation,Rescheduled,1,,,0,False
9177,447,11,2023-12-06T10:30:00,23,Outbound,Follow-Up,Completed,7,0.41,154,11,True
9178,1328,7,2024-04-15T10:30:00,18,Outbound,Check-In,Completed,4,0.59,121,17,True
9179,944,10,2024-12-27T14:45:00,19,Inbound,Check-In,Completed,3,0.53,195,6,False
9180,1338,9,2024-01-02T12:15:00,38,Inbound,Check-In,Completed,6,0.87,169,10,False
9181,1518,10,2024-03-28T13:30:00,55,Outbound,Demo,Completed,3,0.66,282,11,False
9182,199,12,2024-02-11T12:30:00,29,Inbound,Discovery,Completed,4,0.53,129,18,False
9183,369,16,2024-12-29T10:15:00,47,Outbound,Discovery,Completed,3,0.46,192,8,False
9184,45,7,2024-06-24T11:45:00,57,Outbound,Demo,Completed,5,0.4,33,18,False
9185,3753,2,2024-08-17T13:15:00,30,Outbound,Demo,Completed,4,0.39,67,15,False
9186,3273,3,2024-12-05T11:30:00,34,Outbound,Follow-Up,Rescheduled,1,,,0,False
9187,1822,8,2024-12-08T11:45:00,55,Outbound,QBR,Completed,3,0.54,234,14,False
9188,2316,6,2023-04-11T09:45:00,48,Outbound,QBR,Rescheduled,1,,,0,False
9189,432,13,2022-06-11T09:00:00,29,Outbound,QBR,Completed,8,0.59,182,11,True
9190,4842,3,2023-11-12T12:15:00,0,Inbound,Technical Deep Dive,No Show,1,,,0,False
9191,3709,11,2024-06-18T13:30:00,28,Outbound,QBR,Completed,5,0.54,161,4,True
9192,3434,11,2023-01-15T11:30:00,1,Outbound,Discovery,Voicemail,1,,,0,False
9193,3672,14,2023-04-17T09:15:00,44,Inbound,Demo,Rescheduled,1,,,0,False
9194,1499,12,2024-10-09T13:30:00,34,Outbound,Technical Deep Dive,Completed,2,0.46,164,14,False
9195,3241,16,2024-11-09T14:00:00,59,Outbound,Check-In,Completed,4,0.64,104,4,False
9196,4733,2,2024-07-29T13:00:00,26,Inbound,QBR,Completed,7,0.76,288,15,False
9197,3293,2,2024-12-02T10:00:00,19,Outbound,Negotiation,Completed,5,0.47,107,12,True
9198,4418,16,2024-12-16T11:45:00,38,Outbound,Technical Deep Dive,Completed,2,0.66,145,4,True
9199,977,12,2023-12-25T10:45:00,21,Outbound,Check-In,Completed,7,0.49,195,4,True
9200,1086,15,2024-07-22T10:15:00,36,Inbound,QBR,Completed,7,0.87,51,9,False
9201,758,8,2024-10-05T12:30:00,30,Inbound,Technical Deep Dive,Completed,3,0.41,169,8,False
9202,3798,10,2024-12-19T10:15:00,45,Outbound,Follow-Up,Rescheduled,1,,,0,False
9203,2826,8,2022-10-25T14:15:00,41,Outbound,Check-In,Completed,2,0.47,224,5,False
9204,3184,9,2024-05-31T11:45:00,47,Outbound,Technical Deep Dive,Completed,2,0.55,186,8,True
9205,4560,7,2024-10-04T11:30:00,26,Outbound,Check-In,Completed,5,0.46,221,10,True
9206,58,8,2023-07-14T16:45:00,0,Outbound,QBR,No Show,1,,,0,False
9207,1555,12,2024-11-08T13:30:00,0,Outbound,Negotiation,No Show,1,,,0,False
9208,3353,10,2021-10-20T14:45:00,36,Outbound,Discovery,Completed,3,0.49,77,9,True
9209,1906,1,2024-12-27T11:00:00,21,Outbound,QBR,Rescheduled,1,,,0,False
9210,2492,3,2021-03-23T14:00:00,35,Outbound,Technical Deep Dive,Completed,7,0.4,52,14,False
9211,660,1,2024-09-20T11:45:00,32,Outbound,Technical Deep Dive,Rescheduled,1,,,0,False
9212,3589,6,2023-05-02T11:00:00,36,Outbound,Negotiation,Completed,8,0.54,77,5,True
9213,4180,16,2024-12-01T10:30:00,1,Outbound,Negotiation,Voicemail,1,,,0,False
9214,363,8,2024-02-10T15:30:00,60,Outbound,Technical Deep Dive,Rescheduled,1,,,0,False
9215,4316,15,2030-06-15T10:00:00,53,Inbound,Check-In,Completed,6,0.69,212,9,False
9216,1150,2,2023-03-11T10:15:00,51,Outbound,Discovery,Completed,6,0.32,63,7,True
9217,718,9,2022-09-25T08:15:00,18,Outbound,Discovery,Rescheduled,1,,,0,False
9218,3653,4,2023-10-12T11:30:00,18,Inbound,Demo,Completed,8,0.6,146,13,False
9219,1883,5,2024-10-07T15:30:00,58,Outbound,Negotiation,Rescheduled,1,,,0,False
9220,498,14,2021-03-21T13:00:00,27,Outbound,Demo,Completed,7,0.56,218,3,False
9221,538,7,2024-04-24T14:45:00,56,Inbound,Demo,Completed,4,0.5,217,10,False
9222,1721,4,2023-02-07T11:15:00,3,Outbound,Check-In,Voicemail,1,,,0,False
9223,4986,14,2024-11-28T14:45:00,35,Outbound,QBR,Completed,5,0.46,190,4,True
9224,4793,4,2024-11-23T16:15:00,26,Inbound,Discovery,Completed,3,0.57,86,10,True
9225,3210,16,2024-12-19T11:00:00,20,Outbound,QBR,Completed,3,0.73,174,12,False
9226,4298,13,2024-10-19T13:45:00,38,Outbound,Follow-Up,Completed,2,0.69,77,7,False
9227,2078,3,2024-06-28T12:45:00,45,Outbound,Demo,Completed,4,0.31,190,8,True
9228,613,13,2023-05-09T13:45:00,59,Outbound,Check-In,Completed,5,0.79,46,8,False
9229,3532,3,2023-02-03T14:30:00,54,Outbound,Technical Deep Dive,Completed,3,0.73,126,6,True
9230,269,15,2024-06-20T13:00:00,-21,Outbound,Demo,Completed,6,0.43,66,5,True
9231,3108,16,2024-12-23T10:00:00,60,Outbound,Follow-Up,Completed,7,0.58,144,10,False
9232,3878,2,2024-01-05T09:30:00,48,Outbound,Check-In,Completed,2,0.77,171,3,True
9233,3199,8,2024-09-25T09:00:00,30,Outbound,Follow-Up,Completed,8,0.59,90,20,False
9234,136,8,2023-05-30T16:15:00,54,Outbound,Technical Deep Dive,Rescheduled,1,,,0,False
9235,2640,4,2024-12-14T10:00:00,,Outbound,Check-In,Completed,2,0.54,193,11,True
9236,1607,16,2024-12-13T10:15:00,3,Inbound,Follow-Up,Voicemail,1,,,0,False
9237,2402,16,2024-12-13T11:15:00,32,Outbound,Negotiation,Completed,6,0.51,201,11,True
9238,1603,16,2024-12-05T08:00:00,45,Inbound,Check-In,Completed,5,0.74,40,13,True
9239,3895,2,2030-06-15T10:00:00,49,Outbound,QBR,Completed,5,0.5,136,22,True
9240,3996,5,2024-03-08T12:45:00,38,Outbound,Demo,Completed,8,0.36,164,19,False
9241,3694,16,2024-11-05T16:30:00,39,Outbound,Technical Deep Dive,Rescheduled,1,,,0,False
9242,2726,2,2024-04-27T16:30:00,50,Outbound,Check-In,Completed,4,0.51,83,20,False
9243,3306,6,2024-06-06T11:45:00,27,Inbound,Discovery,Completed,5,0.57,106,16,False
9244,572,15,2024-09-24T10:30:00,19,Outbound,QBR,Completed,3,1.23,113,4,False
9245,3011,14,2024-12-09T13:00:00,45,Inbound,Negotiation,Completed,5,0.75,197,11,False
9246,3808,4,2022-11-21T12:45:00,48,Outbound,QBR,Completed,3,0.64,118,9,False
9247,768,16,2024-06-05T11:30:00,45,Inbound,Technical Deep Dive,Completed,3,0.9,136,8,False
9248,4785,11,2021-08-18T14:00:00,41,Outbound,Check-In,Completed,5,0.66,177,18,False
9249,543,11,2024-01-11T10:15:00,58,Outbound,Demo,Completed,2,0.54,76,3,True
9250,3858,2,2023-05-03T13:30:00,24,Outbound,Check-In,Completed,3,0.42,90,6,True
9251,3229,5,2023-10-20T09:30:00,,Inbound,Discovery,Completed,2,0.58,110,19,True
9252,90,14,2023-01-12T11:15:00,52,Outbound,QBR,Completed,3,0.68,173,8,False
9253,4557,4,2024-11-05T14:15:00,22,Outbound,Technical Deep Dive,Completed,8,0.49,96,4,False
9254,3919,3,2023-11-13T14:45:00,43,Inbound,QBR,Completed,7,0.35,161,22,True
9255,94,15,2024-09-29T14:30:00,35,Outbound,Demo,Completed,2,0.6,49,11,True
9256,4480,4,2022-10-29T16:30:00,57,Outbound,Check-In,Completed,8,0.5,147,14,True
9257,4196,5,2024-12-20T14:30:00,31,Inbound,Technical Deep Dive,Completed,3,0.41,169,9,True
9258,3369,12,2024-12-30T08:15:00,54,Outbound,QBR,Completed,2,0.57,79,8,False
9259,611,10,2024-12-04T10:15:00,46,Outbound,Negotiation,Completed,2,0.65,102,7,False
9260,4471,10,2024-10-24T11:15:00,15,Outbound,Demo,Completed,5,0.53,47,5,True
9261,3729,15,2024-11-06T09:30:00,37,Outbound,Technical Deep Dive,Completed,3,0.57,137,4,False
9262,4722,8,2023-11-04T10:45:00,41,Outbound,QBR,Completed,3,1.2,46,5,True
9263,2405,3,2024-12-09T10:15:00,31,Outbound,QBR,Completed,3,0.39,171,24,False
9264,246,11,2024-08-08T15:00:00,17,Outbound,Technical Deep Dive,Completed,7,0.67,150,5,True
9265,23,8,2020-10-20T14:15:00,36,Outbound,QBR,Completed,2,0.69,116,11,True
9266,2711,8,2024-12-07T10:30:00,45,Inbound,Technical Deep Dive,Completed,5,0.59,115,5,False
9267,4644,14,2024-08-17T15:00:00,-49,Outbound,Demo,Rescheduled,1,,,0,False
9268,503,3,2022-07-25T13:30:00,52,Outbound,Technical Deep Dive,Completed,6,0.33,52,9,True
9269,3298,6,2024-10-03T11:30:00,36,Outbound,Technical Deep Dive,Completed,3,0.48,30,16,False
9270,3945,10,2023-02-09T11:15:00,0,Outbound,Demo,No Show,1,,,0,False
9271,2839,13,2024-12-26T08:00:00,0,Outbound,Follow-Up,No Show,1,,,0,False
9272,4569,16,2024-12-26T15:30:00,0,Inbound,Discovery,No Show,1,,,0,False
9273,3986,14,2024-04-28T13:00:00,59,Outbound,Negotiation,Completed,7,0.49,91,11,False
9274,1504,11,2023-01-20T13:30:00,44,Outbound,QBR,Completed,3,0.47,42,4,False
9275,3791,5,2024-02-27T15:45:00,29,Outbound,Technical Deep Dive,Completed,8,0.48,214,7,False
9276,950,2,2023-11-24T10:45:00,23,Outbound,Discovery,Completed,3,0.33,84,20,True
9277,2830,7,2021-12-22T12:00:00,24,Inbound,QBR,Completed,7,0.41,175,14,False
9278,2955,2,2023-10-25T11:45:00,43,Inbound,Discovery,Completed,4,0.5,222,21,False
9279,310,6,2024-03-17T11:30:00,32,Outbound,QBR,Completed,6,0.33,109,24,False
9280,2126,1,2023-02-19T14:15:00,0,Outbound,Check-In,No Show,1,,,0,False
9281,4826,7,2022-12-30T15:15:00,34,Outbound,QBR,Completed,2,0.35,138,9,False
9282,4784,7,2022-07-08T15:00:00,57,Outbound,Discovery,Completed,2,0.45,78,15,True
9283,798,6,2022-06-19T08:30:00,27,Outbound,QBR,Rescheduled,1,,,0,False
9284,62,8,2024-12-14T16:15:00,17,Outbound,Discovery,Completed,3,0.47,33,7,True
9285,1848,7,2024-08-08T15:45:00,18,Outbound,Discovery,Completed,6,0.4,224,14,True
9286,3064,5,2023-12-15T12:00:00,15,Outbound,QBR,Completed,8,0.57,204,20,True
9287,4192,7,2021-05-08T15:00:00,46,Inbound,Follow-Up,Completed,3,0.61,263,15,True
9288,1441,8,2024-01-21T12:45:00,35,Outbound,Check-In,Rescheduled,1,,,0,False
9289,3183,14,2024-12-23T15:00:00,3,Outbound,Check-In,Voicemail,1,,,0,False
9290,3885,13,2023-11-04T16:00:00,22,Outbound,Follow-Up,Completed,7,0.51,49,9,False
9291,2055,14,2024-02-15T14:30:00,0,Inbound,Technical Deep Dive,No Show,1,,,0,False
9292,2985,2,2030-06-15T10:00:00,46,Outbound,Discovery,Completed,7,0.4,58,19,True
9293,2615,15,2024-12-10T12:00:00,42,Inbound,Follow-Up,Completed,8,0.44,135,3,False
9294,1863,15,2024-12-08T13:45:00,30,Outbound,Negotiation,Completed,2,0.54,154,6,True
9295,3819,14,2024-04-04T09:00:00,35,Outbound,Negotiation,Rescheduled,1,,,0,False
9296,3123,15,2023-10-05T17:30:00,40,Outbound,Check-In,Completed,2,0.53,39,13,True
9297,8,12,2024-10-16T14:30:00,3,Inbound,Check-In,Voicemail,1,,,0,False
9298,1839,15,2024-05-07T13:45:00,2,Inbound,Negotiation,Voicemail,1,,,0,False
9299,1036,6,2024-12-04T14:30:00,23,Inbound,Discovery,Completed,5,0.55,75,5,False
9300,201,7,2023-10-01T10:15:00,-31,Inbound,Check-In,Completed,7,0.58,221,10,False
9301,177,8,2023-04-09T13:45:00,36,Outbound,QBR,Completed,3,1.4,209,17,False
9302,490,4,2024-11-12T11:15:00,53,Outbound,Check-In,Completed,6,0.56,143,7,False
9303,737,9,2024-12-27T13:00:00,47,Outbound,Demo,Completed,5,0.51,231,7,False
9304,4751,4,2023-08-26T10:15:00,38,Outbound,Technical Deep Dive,Rescheduled,1,,,0,False
9305,264,5,2023-12-16T12:00:00,22,Outbound,Negotiation,Completed,6,0.57,201,5,True
9306,936,4,2023-10-15T11:30:00,35,Outbound,Discovery,Completed,4,0.84,240,15,False
9307,725,2,2023-02-27T16:00:00,0,Outbound,Discovery,No Show,1,,,0,False
9308,4678,7,2024-01-18T13:00:00,0,Outbound,Demo,No Show,1,,,0,False
9309,3018,16,2024-12-31T14:00:00,24,Outbound,Negotiation,Completed,4,0.58,207,15,False
9310,2933,2,2024-12-01T12:15:00,19,Outbound,Follow-Up,Completed,2,0.52,239,8,True
9311,3873,1,2023-02-12T12:15:00,24,Outbound,Demo,Completed,4,0.5,231,4,False
9312,733,11,2023-11-05T17:15:00,29,Outbound,Discovery,Completed,2,0.66,170,12,True
9313,1665,13,2024-11-12T12:30:00,37,Outbound,Technical Deep Dive,Completed,8,0.69,32,3,False
9314,975,10,2024-09-20T12:00:00,39,Outbound,Technical Deep Dive,Completed,4,0.56,54,8,True
9315,3614,16,2022-08-27T13:15:00,60,Outbound,Discovery,Completed,3,1.07,223,7,False
9316,4496,12,2024-09-12T14:15:00,55,Outbound,Technical Deep Dive,Completed,3,0.67,193,18,False
9317,1376,1,2024-08-16T10:30:00,41,Outbound,Technical Deep Dive,Completed,3,0.52,185,9,False
9318,1800,3,2024-09-07T16:45:00,34,Outbound,QBR,Completed,3,0.53,41,21,True
9319,2265,7,2024-12-05T10:00:00,19,Outbound,QBR,Completed,7,0.43,177,15,True
9320,4931,16,2024-12-29T12:45:00,39,Outbound,Technical Deep Dive,Completed,3,0.64,175,15,True
9321,898,6,2023-09-16T11:45:00,0,Outbound,Negotiation,No Show,1,,,0,False
9322,4325,1,2024-12-02T10:45:00,16,Inbound,Technical Deep Dive,Completed,2,0.3,101,20,True
9323,3402,13,2024-12-06T14:45:00,42,Outbound,Technical Deep Dive,Completed,8,0.65,141,5,False
9324,1439,9,2022-05-26T13:30:00,38,Outbound,Negotiation,Completed,8,0.55,70,7,True
9325,4636,1,2024-07-17T13:15:00,60,Outbound,QBR,Completed,6,0.49,80,12,False
9326,2628,13,2022-05-31T17:00:00,39,Outbound,Check-In,Completed,3,0.5,130,14,True
9327,3963,6,2024-10-15T10:30:00,56,Outbound,Technical Deep Dive,Completed,3,0.54,168,13,False
9328,4395,12,2024-10-02T15:30:00,42,Outbound,Follow-Up,Completed,6,0.57,114,8,False
9329,2263,7,2024-10-31T13:45:00,34,Outbound,QBR,Completed,5,0.35,234,5,True
9330,944,10,2024-12-01T14:45:00,0,Outbound,Check-In,No Show,1,,,0,False
9331,3650,1,2024-12-08T11:45:00,17,Outbound,Technical Deep Dive,Completed,8,0.54,149,4,True
9332,3064,5,2024-02-04T10:45:00,,Outbound,QBR,Completed,8,0.61,120,5,False
9333,3751,6,2024-09-11T13:00:00,53,Outbound,Demo,Completed,5,0.6,251,12,False
9334,579,12,2022-03-08T17:00:00,2,Outbound,QBR,Voicemail,1,,,0,False
9335,726,7,2024-05-04T13:15:00,0,Outbound,Negotiation,No Show,1,,,0,False
9336,3780,3,2024-12-19T10:45:00,,Inbound,Check-In,No Show,1,,,0,False
9337,4156,6,2024-06-19T12:15:00,0,Inbound,Follow-Up,No Show,1,,,0,False
9338,1318,4,2024-10-14T09:00:00,,Inbound,Check-In,Completed,2,0.72,219,14,False
9339,4716,12,2024-05-11T10:00:00,20,Inbound,Discovery,Completed,4,0.72,150,1,False
9340,4571,5,2023-08-03T15:45:00,15,Outbound,Discovery,Completed,4,0.47,46,6,False
9341,2427,13,2024-11-29T11:45:00,43,Outbound,Demo,Completed,7,0.87,121,4,False
9342,4410,4,2024-10-18T15:30:00,29,Inbound,Technical Deep Dive,Completed,3,0.64,153,8,False
9343,1105,12,2023-11-10T14:45:00,52,Outbound,Discovery,Completed,5,0.5,231,8,False
9344,1090,5,2022-12-20T11:30:00,42,Outbound,Discovery,Completed,3,1.24,104,19,False
9345,588,6,2021-09-13T11:15:00,30,Outbound,Demo,Completed,7,0.37,116,5,True
9346,2206,1,2024-12-25T10:00:00,15,Inbound,Technical Deep Dive,Completed,5,0.51,170,19,False
9347,4763,13,2024-09-18T15:45:00,45,Outbound,Negotiation,Completed,3,0.59,178,14,False
9348,903,1,2023-06-21T08:45:00,53,Outbound,QBR,Completed,6,0.43,136,15,True
9349,4099,7,2024-12-27T09:15:00,41,Inbound,QBR,Completed,4,0.64,263,2,False
9350,4999,13,2024-06-28T17:00:00,52,Outbound,QBR,Completed,7,0.59,142,7,True
9351,1587,1,2022-03-22T14:45:00,26,Inbound,Follow-Up,Completed,7,0.4,217,14,True
9352,1093,10,2020-09-18T13:15:00,0,Outbound,Check-In,No Show,1,,,0,False
9353,2499,8,2023-11-26T14:45:00,47,Inbound,Negotiation,Completed,5,0.83,188,8,False
9354,4122,3,2023-08-10T11:15:00,0,Inbound,Discovery,No Show,1,,,0,False
9355,2842,5,2024-10-20T12:00:00,60,Outbound,QBR,Completed,3,0.45,96,13,False
9356,2792,1,2024-12-07T09:30:00,28,Inbound,Check-In,Completed,4,0.48,205,10,True
9357,1547,1,2024-12-13T16:30:00,32,Outbound,Demo,Completed,2,0.64,121,2,False
9358,699,7,2024-04-18T09:45:00,46,Outbound,Demo,Completed,5,0.5,160,9,True
9359,107,14,2023-11-30T15:15:00,48,Inbound,Negotiation,Completed,5,0.67,33,4,True
9360,1475,13,2024-09-20T11:45:00,44,Outbound,Demo,Rescheduled,1,,,0,False
9361,3098,4,2024-12-28T12:00:00,0,Outbound,Negotiation,No Show,1,,,0,False
9362,2998,2,2022-09-06T12:00:00,0,Outbound,Discovery,No Show,1,,,0,False
9363,3375,10,2024-07-05T16:00:00,22,Outbound,Technical Deep Dive,Completed,3,0.63,219,10,False
9364,1051,13,2022-01-28T15:30:00,,Outbound,Demo,Completed,7,0.75,54,10,True
9365,2202,1,2024-09-14T11:15:00,55,Outbound,Negotiation,Completed,6,0.67,185,6,False
9366,2620,5,2024-12-22T11:00:00,29,Outbound,QBR,Completed,8,0.43,90,22,True
9367,3697,15,2024-09-20T10:30:00,15,Inbound,Check-In,Completed,3,0.55,134,4,False
9368,643,6,2030-06-15T10:00:00,18,Outbound,Demo,Completed,5,0.51,82,19,False
9369,3204,15,2024-12-24T13:15:00,45,Outbound,Follow-Up,Completed,8,0.53,133,8,True
9370,4460,14,2024-12-03T14:00:00,56,Outbound,Technical Deep Dive,Completed,8,0.74,85,11,True
9371,1447,15,2024-08-04T15:00:00,35,Outbound,Discovery,Completed,3,0.52,189,11,True
9372,645,9,2022-01-12T14:45:00,51,Inbound,Follow-Up,Completed,7,0.64,212,15,True
9373,3120,12,2024-03-18T11:00:00,31,Inbound,QBR,Completed,4,0.65,151,4,True
9374,4153,16,2024-12-24T10:30:00,40,Outbound,QBR,Completed,3,0.42,150,9,True
9375,4370,3,2023-05-31T12:15:00,41,Outbound,Discovery,Completed,2,0.4,225,21,True
9376,1546,2,2024-08-26T09:00:00,25,Inbound,Demo,Rescheduled,1,,,0,False
9377,454,11,2024-12-30T12:15:00,51,Outbound,Follow-Up,Completed,3,0.63,78,4,False
9378,1386,16,2024-06-24T10:15:00,0,Inbound,QBR,No Show,1,,,0,False
9379,1243,7,2024-11-15T13:30:00,27,Outbound,Follow-Up,Completed,4,0.33,123,22,False
9380,2785,9,2023-03-07T14:45:00,28,Inbound,Negotiation,Completed,4,0.58,60,7,False
9381,4125,5,2024-12-21T13:45:00,31,Outbound,Check-In,Completed,8,0.53,260,13,False
9382,2483,6,2024-10-29T12:45:00,16,Inbound,Technical Deep Dive,Completed,6,0.36,131,21,True
9383,1951,12,2023-08-14T11:45:00,51,Inbound,Technical Deep Dive,Completed,5,0.5,233,15,False
9384,3652,7,2023-11-11T16:30:00,33,Outbound,Check-In,Completed,4,0.41,69,6,True
9385,917,16,2024-07-19T11:15:00,1,Outbound,Demo,Voicemail,1,,,0,False
9386,769,10,2024-12-21T08:15:00,28,Outbound,Discovery,Completed,2,0.38,168,13,False
9387,1747,5,2024-12-11T15:30:00,51,Inbound,Check-In,Completed,8,1.03,146,18,True
9388,3670,15,2024-12-23T11:15:00,31,Inbound,Technical Deep Dive,Completed,6,0.56,171,3,False
9389,1386,16,2024-07-18T13:30:00,38,Inbound,QBR,Completed,3,0.69,70,3,True
9390,2527,13,2023-05-11T16:00:00,32,Outbound,Technical Deep Dive,Completed,7,0.82,190,4,False
9391,1926,4,2024-07-30T13:00:00,25,Outbound,Negotiation,Completed,2,0.68,125,20,False
9392,4230,4,2024-09-19T13:30:00,-40,Outbound,Check-In,Completed,6,0.49,155,4,True
9393,1811,12,2024-05-12T14:30:00,18,Outbound,Technical Deep Dive,Completed,6,0.46,228,17,False
9394,597,6,2024-09-12T11:15:00,59,Outbound,Discovery,Completed,7,0.52,85,10,False
9395,3260,3,2023-03-31T15:45:00,24,Inbound,Discovery,Completed,4,1.06,186,18,True
9396,2451,15,2020-12-10T15:00:00,60,Outbound,Negotiation,Completed,8,0.69,83,8,True
9397,2136,6,2021-10-24T12:30:00,0,Outbound,Technical Deep Dive,No Show,1,,,0,False
9398,4738,11,2021-09-04T12:00:00,-44,Outbound,Discovery,Completed,2,0.45,57,5,False
9399,2509,6,2023-03-10T12:30:00,18,Outbound,Demo,Completed,4,0.46,204,19,True
9400,1116,10,2022-11-01T09:00:00,51,Outbound,Negotiation,Completed,2,0.69,239,5,False
9401,1216,4,2024-03-23T14:45:00,37,Inbound,Demo,Completed,8,0.66,84,6,False
9402,4264,4,2024-09-04T13:45:00,50,Outbound,QBR,Completed,7,0.61,178,10,False
9403,2474,10,2024-12-23T12:00:00,26,Inbound,Demo,Completed,5,0.51,142,6,True
9404,768,16,2024-06-25T14:30:00,60,Inbound,Technical Deep Dive,Completed,2,0.57,106,3,True
9405,2108,14,2024-09-30T17:45:00,50,Outbound,Demo,Completed,6,0.66,209,2,False
9406,3408,9,2024-12-13T16:15:00,55,Outbound,Discovery,Completed,2,0.53,122,14,True
9407,3501,3,2023-10-28T09:45:00,34,Outbound,Demo,Completed,5,0.67,155,12,False
9408,3224,13,2024-12-08T14:00:00,27,Outbound,Follow-Up,Completed,2,0.69,43,14,True
9409,1018,14,2023-06-09T09:45:00,26,Outbound,Negotiation,Completed,8,0.63,71,9,False
9410,2521,7,2024-08-09T09:30:00,40,Outbound,Negotiation,Completed,6,0.41,142,23,True
9411,394,13,2023-05-25T17:30:00,18,Outbound,Check-In,Completed,6,0.93,209,2,False
9412,1854,3,2024-08-15T12:30:00,46,Inbound,Discovery,Completed,8,0.56,78,14,True
9413,4293,7,2024-04-19T10:45:00,16,Inbound,Check-In,Rescheduled,1,,,0,False
9414,2121,10,2024-12-14T12:00:00,19,Outbound,Technical Deep Dive,Rescheduled,1,,,0,False
9415,3463,7,2023-07-26T11:30:00,49,Outbound,Negotiation,Completed,8,0.62,156,20,False
9416,1468,8,2024-12-28T09:30:00,35,Outbound,Negotiation,Completed,7,0.41,81,4,True
9417,4783,6,2024-12-23T15:00:00,26,Inbound,QBR,Completed,4,0.66,102,13,False
9418,722,7,2024-11-13T12:45:00,45,Outbound,QBR,Completed,3,0.73,117,12,True
9419,2493,12,2024-10-13T14:30:00,19,Outbound,QBR,Completed,5,0.43,137,3,False
9420,3420,2,2024-12-12T16:15:00,28,Outbound,Check-In,Completed,4,0.43,48,9,True
9421,2603,16,2023-05-15T11:15:00,19,Inbound,Technical Deep Dive,Rescheduled,1,,,0,False
9422,1588,3,2024-12-08T10:45:00,0,Outbound,Technical Deep Dive,No Show,1,,,0,False
9423,3972,3,2024-12-07T12:15:00,19,Outbound,QBR,Completed,7,0.65,115,9,False
9424,1236,15,2023-09-13T11:15:00,0,Outbound,Demo,No Show,1,,,0,False
9425,197,7,2024-02-08T12:30:00,52,Inbound,Follow-Up,Completed,6,0.78,53,15,False
9426,3581,9,2020-09-06T10:00:00,37,Outbound,Discovery,Completed,2,0.54,63,12,False
9427,4721,14,2022-10-07T15:45:00,58,Outbound,QBR,Completed,6,0.82,169,3,False
9428,3534,14,2022-06-17T12:45:00,44,Outbound,Demo,Rescheduled,1,,,0,False
9429,2635,1,2022-10-18T09:15:00,44,Inbound,Demo,Completed,3,0.38,151,21,True
9430,769,10,2024-12-19T14:45:00,40,Outbound,QBR,Completed,6,0.39,180,12,True
9431,3888,13,2024-11-24T12:30:00,49,Outbound,Technical Deep Dive,Completed,6,0.62,196,11,False
9432,614,5,2022-12-20T11:15:00,37,Outbound,Follow-Up,Completed,8,0.66,57,12,False
9433,2333,5,2024-11-10T13:45:00,0,Inbound,Follow-Up,No Show,1,,,0,False
9434,901,5,2024-12-11T13:00:00,58,Inbound,Negotiation,Completed,8,0.49,48,18,True
9435,2156,10,2022-10-22T10:30:00,42,Outbound,QBR,Completed,7,0.55,44,7,False
9436,609,14,2024-12-24T09:45:00,17,Outbound,QBR,Completed,6,0.72,163,11,False
9437,1023,6,2024-12-09T14:00:00,23,Outbound,Demo,Completed,4,0.45,137,10,False
9438,2471,15,2024-06-22T16:45:00,47,Outbound,Demo,Completed,3,0.41,195,5,False
9439,212,5,2023-02-07T12:15:00,20,Outbound,Technical Deep Dive,Completed,4,0.37,82,15,True
9440,4081,7,2022-09-07T11:30:00,19,Outbound,Discovery,Completed,6,0.55,179,8,True
9441,2356,12,2024-02-04T09:45:00,20,Outbound,Negotiation,Rescheduled,1,,,0,False
9442,131,3,2024-08-17T13:45:00,60,Inbound,Demo,Rescheduled,1,,,0,False
9443,180,8,2024-12-04T15:45:00,27,Outbound,Technical Deep Dive,Completed,3,0.72,133,10,False
9444,1900,16,2024-10-25T14:15:00,46,Outbound,Discovery,Completed,2,0.75,48,16,False
9445,2343,4,2022-12-23T08:30:00,34,Outbound,Demo,Completed,5,0.34,74,18,True
9446,4187,13,2024-12-21T14:15:00,33,Inbound,Follow-Up,Completed,3,0.53,176,13,False
9447,3699,16,2024-11-29T10:00:00,59,Outbound,QBR,Completed,7,0.73,166,4,True
9448,4237,6,2024-11-08T10:30:00,-56,Inbound,Demo,Completed,2,0.51,192,19,True
9449,4186,16,2024-04-05T11:45:00,-20,Inbound,Discovery,Rescheduled,1,,,0,False
9450,4223,6,2024-06-30T14:15:00,27,Outbound,Follow-Up,Completed,8,0.46,75,10,False
9451,4742,10,2030-06-15T10:00:00,43,Inbound,Technical Deep Dive,Completed,8,0.45,48,9,True
9452,4200,8,2024-12-10T13:15:00,38,Outbound,Demo,Completed,3,0.67,63,20,False
9453,3493,9,2022-08-24T14:15:00,1,Outbound,Check-In,Voicemail,1,,,0,False
9454,4525,6,2021-09-17T13:00:00,20,Outbound,Discovery,Completed,6,0.36,70,6,True
9455,2819,9,2024-05-11T12:30:00,48,Outbound,Check-In,Completed,3,0.68,156,7,False
9456,3841,5,2022-11-17T16:15:00,21,Inbound,QBR,Completed,5,0.59,106,17,False
9457,3480,1,2024-12-10T13:15:00,31,Inbound,Demo,Completed,7,0.72,195,9,True
9458,2242,10,2024-12-14T09:00:00,59,Outbound,Negotiation,Completed,4,0.67,47,18,True
9459,4299,4,2024-12-22T14:00:00,59,Outbound,Technical Deep Dive,Completed,3,0.43,160,5,False
9460,3987,16,2030-06-15T10:00:00,55,Outbound,QBR,Completed,2,0.55,186,5,False
9461,462,8,2024-02-10T09:45:00,2,Inbound,Discovery,Voicemail,1,,,0,False
9462,3289,4,2023-08-31T14:45:00,29,Outbound,Negotiation,Completed,2,0.39,208,7,True
9463,1122,6,2024-03-01T16:00:00,34,Outbound,Discovery,Completed,5,0.78,177,3,False
9464,3359,12,2023-08-06T14:45:00,20,Outbound,Discovery,Completed,2,0.44,235,14,False
9465,2560,8,2022-11-25T14:45:00,34,Outbound,Check-In,Completed,8,0.64,189,3,False
9466,4258,9,2024-12-26T17:45:00,20,Outbound,Demo,Completed,7,0.7,152,4,False
9467,2498,3,2024-05-27T10:00:00,,Outbound,Check-In,Completed,8,0.57,138,7,True
9468,3101,1,2021-11-17T10:15:00,16,Outbound,Follow-Up,Completed,6,0.56,194,4,False
9469,3178,6,2023-04-12T14:15:00,43,Outbound,Negotiation,Rescheduled,1,,,0,False
9470,1468,8,2024-12-08T10:45:00,50,Outbound,Negotiation,Completed,7,0.56,70,11,False
9471,1246,8,2022-09-02T10:00:00,15,Inbound,Check-In,Completed,6,0.38,66,5,True
9472,1188,10,2022-10-21T15:15:00,0,Inbound,Follow-Up,No Show,1,,,0,False
9473,2382,7,2030-06-15T10:00:00,22,Inbound,Demo,Completed,7,0.4,164,15,False
9474,1554,11,2022-08-12T14:45:00,1,Outbound,Negotiation,Voicemail,1,,,0,False
9475,1593,5,2024-05-23T14:00:00,18,Inbound,Check-In,Completed,3,0.79,255,14,False
9476,1765,12,2024-12-09T11:30:00,54,Outbound,Negotiation,Completed,8,0.52,48,17,True
9477,4353,1,2023-08-14T11:00:00,51,Outbound,Check-In,Completed,4,0.52,165,13,False
9478,99,9,2024-04-17T14:15:00,39,Outbound,QBR,Completed,4,0.48,78,14,True
9479,4822,8,2024-12-28T14:30:00,25,Inbound,Follow-Up,Completed,7,0.66,31,8,False
9480,4705,16,2024-12-30T10:00:00,21,Outbound,Follow-Up,Completed,4,0.55,145,4,True
9481,562,10,2023-06-05T14:45:00,34,Outbound,Follow-Up,Completed,8,0.68,141,7,True
9482,2809,4,2024-06-23T08:15:00,16,Inbound,Negotiation,Completed,7,0.43,85,8,True
9483,4021,7,2024-11-29T11:15:00,22,Outbound,Follow-Up,Completed,5,0.41,40,17,True
9484,56,6,2024-08-12T16:00:00,1,Inbound,Technical Deep Dive,Voicemail,1,,,0,False
9485,1899,2,2023-12-21T11:30:00,-57,Inbound,Follow-Up,Completed,3,0.51,208,13,False
9486,3052,8,2020-11-17T12:45:00,45,Inbound,QBR,Completed,6,0.55,181,5,True
9487,1532,13,2024-06-23T14:00:00,47,Outbound,Technical Deep Dive,Completed,3,0.48,115,10,True
9488,4748,4,2022-05-04T11:30:00,3,Outbound,Negotiation,Voicemail,1,,,0,False
9489,627,4,2030-06-15T10:00:00,0,Outbound,Check-In,No Show,1,,,0,False
9490,860,1,2024-10-19T14:30:00,53,Outbound,Follow-Up,Completed,2,0.4,144,6,False
9491,1591,2,2024-07-22T14:45:00,55,Outbound,Follow-Up,Completed,8,0.37,177,15,False
9492,816,1,2024-08-18T15:15:00,39,Outbound,Discovery,Completed,3,0.64,217,21,True
9493,1096,12,2022-08-18T09:15:00,1,Outbound,Check-In,Voicemail,1,,,0,False
9494,4406,13,2023-01-21T17:15:00,0,Outbound,Follow-Up,No Show,1,,,0,False
9495,1927,2,2024-02-11T14:45:00,33,Outbound,QBR,Completed,6,0.32,70,19,True
9496,436,15,2024-12-11T10:00:00,43,Inbound,Negotiation,Completed,7,0.61,90,8,True
9497,4647,4,2024-08-10T10:45:00,18,Inbound,Demo,Rescheduled,1,,,0,False
9498,205,9,2024-03-28T09:00:00,19,Outbound,Discovery,Completed,8,0.77,298,12,False
9499,5,11,2024-12-25T10:00:00,36,Outbound,Negotiation,Completed,7,0.42,135,16,True
9500,1064,1,2023-08-12T16:00:00,16,Outbound,Check-In,Completed,3,0.44,198,20,True
9501,4837,13,2024-10-01T11:45:00,22,Outbound,QBR,Completed,5,0.7,49,2,False
9502,3731,11,2024-12-01T15:45:00,26,Inbound,Technical Deep Dive,Completed,5,0.71,57,12,True
9503,2258,6,2024-12-28T15:45:00,3,Outbound,Negotiation,Voicemail,1,,,0,False
9504,576,9,2022-08-09T15:45:00,15,Outbound,Discovery,Rescheduled,1,,,0,False
9505,1492,3,2023-04-27T11:30:00,36,Inbound,QBR,Rescheduled,1,,,0,False
9506,1480,5,2024-12-17T15:15:00,45,Outbound,QBR,Completed,7,0.55,187,20,True
9507,1362,12,2024-07-07T12:15:00,32,Outbound,Negotiation,Completed,5,0.59,238,11,False
9508,47,2,2024-03-22T09:45:00,46,Outbound,Technical Deep Dive,Completed,8,0.57,97,16,True
9509,4807,8,2023-10-23T11:30:00,20,Outbound,Demo,Completed,7,0.66,183,19,False
9510,566,13,2021-08-26T12:45:00,41,Outbound,Demo,Completed,6,0.57,153,11,False
9511,3176,2,2023-01-14T11:15:00,45,Outbound,Check-In,Completed,2,0.67,256,9,False
9512,4239,7,2022-12-29T16:45:00,59,Outbound,Negotiation,Completed,2,0.48,157,8,False
9513,3063,3,2024-12-29T11:00:00,26,Outbound,Demo,Rescheduled,1,,,0,False
9514,1782,5,2024-02-23T15:15:00,1,Outbound,Follow-Up,Voicemail,1,,,0,False
9515,4884,3,2024-01-13T14:00:00,,Inbound,Check-In,Completed,6,0.5,232,24,False
9516,2819,9,2024-05-05T10:45:00,18,Outbound,Technical Deep Dive,Rescheduled,1,,,0,False
9517,4384,14,2022-05-06T11:45:00,43,Inbound,Discovery,Rescheduled,1,,,0,False
9518,55,14,2024-11-07T13:00:00,40,Inbound,Negotiation,Completed,5,0.53,48,12,False
9519,1682,2,2023-08-20T09:30:00,36,Inbound,Follow-Up,Completed,8,0.53,184,8,False
9520,2134,3,2024-08-29T14:30:00,37,Inbound,Follow-Up,Completed,2,0.46,117,7,True
9521,4910,12,2023-03-27T15:15:00,52,Outbound,Discovery,Completed,3,0.59,192,7,False
9522,3608,11,2024-11-17T13:30:00,52,Inbound,Check-In,Completed,8,0.58,227,9,True
9523,2814,6,2023-07-21T16:15:00,54,Outbound,QBR,Completed,2,0.5,111,8,True
9524,792,9,2023-04-30T14:45:00,25,Inbound,Demo,Completed,2,0.86,49,13,False
9525,3127,12,2024-02-15T11:15:00,24,Inbound,Discovery,Completed,6,0.7,152,18,False
9526,2300,15,2024-10-10T16:45:00,59,Inbound,Negotiation,Completed,4,0.52,88,4,True
9527,2324,1,2024-12-31T16:15:00,29,Outbound,Negotiation,Completed,2,0.47,46,15,True
9528,1915,2,2024-08-28T12:15:00,30,Inbound,Discovery,Rescheduled,1,,,0,False
9529,4018,15,2023-12-24T13:30:00,22,Outbound,Discovery,Completed,6,0.64,211,9,False
9530,1905,13,2024-12-23T15:00:00,21,Outbound,Discovery,Rescheduled,1,,,0,False
9531,4575,8,2021-01-25T10:45:00,3,Inbound,Discovery,Voicemail,1,,,0,False
9532,3769,8,2024-12-24T13:30:00,1,Outbound,QBR,Voicemail,1,,,0,False
9533,4828,16,2024-12-07T11:30:00,50,Outbound,QBR,Completed,7,0.66,232,11,True
9534,4094,13,2023-07-25T17:30:00,32,Outbound,Negotiation,Rescheduled,1,,,0,False
9535,3617,9,2023-07-29T15:45:00,52,Outbound,Technical Deep Dive,Completed,8,0.8,66,6,False
9536,985,13,2024-09-30T11:30:00,55,Inbound,Check-In,Completed,4,0.62,63,5,False
9537,3873,1,2023-03-30T16:45:00,60,Outbound,QBR,Completed,5,0.56,96,7,True
9538,4038,9,2021-08-27T12:00:00,3,Outbound,Negotiation,Voicemail,1,,,0,False
9539,785,14,2023-05-23T15:15:00,58,Outbound,Check-In,Completed,6,0.7,234,4,False
9540,1469,14,2022-12-28T12:30:00,58,Outbound,Negotiation,Completed,6,0.87,124,10,False
9541,1310,4,2024-12-15T14:30:00,33,Outbound,Demo,Completed,3,0.4,176,6,True
9542,265,7,2024-09-01T10:30:00,36,Outbound,Check-In,Completed,4,0.53,37,14,False
9543,2077,16,2023-10-08T17:00:00,30,Inbound,QBR,Completed,3,0.61,170,12,True
9544,2369,1,2023-11-28T13:15:00,29,Outbound,Discovery,Completed,6,0.45,205,22,True
9545,2406,13,2024-12-23T09:15:00,50,Inbound,Negotiation,Completed,8,0.77,85,5,False
9546,867,15,2023-02-10T14:30:00,45,Outbound,Demo,Completed,7,0.48,49,4,True
9547,4032,14,2024-10-31T12:45:00,52,Inbound,Discovery,Completed,7,1.13,38,12,False
9548,4985,4,2024-12-11T10:15:00,49,Outbound,Negotiation,Completed,3,0.41,141,23,True
9549,3316,5,2024-12-05T09:45:00,42,Outbound,Negotiation,Rescheduled,1,,,0,False
9550,4994,7,2021-12-29T10:30:00,30,Inbound,Follow-Up,Completed,4,0.51,159,16,True
9551,3912,1,2022-06-16T13:30:00,56,Outbound,Check-In,Completed,6,0.47,207,19,False
9552,2281,5,2024-06-03T14:00:00,0,Outbound,Follow-Up,No Show,1,,,0,False
9553,1736,10,2024-11-06T15:45:00,59,Outbound,Technical Deep Dive,Completed,3,0.66,172,7,False
9554,576,9,2022-08-23T16:45:00,58,Outbound,Demo,Completed,3,0.68,153,9,True
9555,3112,3,2022-07-23T15:30:00,0,Outbound,Demo,No Show,1,,,0,False
9556,3357,5,2020-11-30T11:15:00,52,Outbound,Technical Deep Dive,Rescheduled,1,,,0,False
9557,1585,6,2024-12-28T14:00:00,29,Outbound,Check-In,Completed,6,0.36,135,6,False
9558,2909,13,2024-12-14T10:00:00,21,Outbound,QBR,Rescheduled,1,,,0,False
9559,647,9,2022-06-19T15:45:00,56,Outbound,Negotiation,Completed,3,0.66,49,5,False
9560,770,8,2024-09-25T14:30:00,0,Outbound,Technical Deep Dive,No Show,1,,,0,False
9561,2304,12,2024-09-02T09:45:00,0,Outbound,Demo,No Show,1,,,0,False
9562,4019,4,2024-04-02T10:15:00,27,Outbound,Negotiation,Completed,4,0.5,48,7,True
9563,1010,4,2024-12-12T15:45:00,42,Outbound,Check-In,Completed,7,0.38,236,8,False
9564,4176,6,2021-01-15T11:45:00,45,Outbound,Discovery,Completed,4,0.62,62,2,True
9565,2034,5,2023-08-20T15:30:00,40,Outbound,Discovery,Completed,7,0.51,229,17,False
9566,3973,3,2030-06-15T10:00:00,57,Outbound,Negotiation,Completed,2,0.65,44,8,False
9567,1031,15,2024-07-26T11:30:00,50,Outbound,Follow-Up,Completed,7,0.59,97,11,False
9568,3412,12,2023-08-10T16:45:00,29,Inbound,Follow-Up,Completed,6,0.76,35,13,True
9569,4855,10,2024-04-05T11:00:00,33,Outbound,Demo,Completed,2,0.58,73,12,True
9570,1592,10,2022-04-08T13:15:00,0,Outbound,Discovery,No Show,1,,,0,False
9571,429,6,2024-01-16T10:15:00,45,Outbound,Check-In,Completed,3,0.41,164,5,False
9572,319,12,2024-03-14T12:30:00,42,Inbound,Technical Deep Dive,Completed,8,0.44,158,9,False
9573,1369,16,2030-06-15T10:00:00,39,Outbound,Follow-Up,Completed,2,0.89,166,5,False
9574,4796,12,2023-04-13T16:30:00,38,Outbound,Negotiation,Completed,8,0.62,44,18,False
9575,1008,4,2024-03-31T14:45:00,59,Inbound,Check-In,Rescheduled,1,,,0,False
9576,3419,9,2023-03-24T14:15:00,15,Outbound,QBR,Completed,6,0.69,190,9,False
9577,630,4,2023-05-14T15:45:00,-46,Outbound,Check-In,Completed,2,0.57,123,5,True
9578,3331,15,2024-12-07T14:15:00,50,Outbound,Follow-Up,Completed,5,0.82,288,9,False
9579,3724,6,2024-12-31T11:30:00,50,Outbound,Discovery,Completed,4,0.39,188,14,False
9580,3168,1,2024-12-28T15:30:00,20,Outbound,Discovery,Completed,6,0.48,91,10,True
9581,4631,4,2021-07-19T16:30:00,60,Outbound,Negotiation,Completed,5,0.66,199,8,True
9582,922,10,2022-03-27T10:30:00,51,Outbound,Negotiation,Completed,7,0.63,171,9,False
9583,1935,3,2024-11-22T13:00:00,0,Outbound,Demo,No Show,1,,,0,False
9584,1461,6,2024-12-31T11:15:00,52,Inbound,Technical Deep Dive,Completed,6,0.4,230,12,True
9585,8,12,2024-11-15T10:15:00,46,Outbound,QBR,Completed,3,0.75,206,7,True
9586,2743,14,2024-08-17T14:15:00,41,Outbound,QBR,Completed,4,0.7,115,4,False
9587,4349,10,2024-11-13T14:30:00,41,Outbound,Technical Deep Dive,Completed,3,0.7,59,3,True
9588,597,6,2024-11-19T14:00:00,55,Outbound,Technical Deep Dive,Completed,5,0.51,31,19,False
9589,992,6,2024-01-12T15:00:00,57,Outbound,Demo,Completed,4,0.41,227,5,True
9590,2421,7,2024-06-16T16:45:00,16,Outbound,Technical Deep Dive,Completed,5,0.47,176,20,True
9591,2777,10,2022-12-21T17:30:00,16,Inbound,Check-In,Completed,3,0.45,91,16,True
9592,2484,1,2024-11-03T14:30:00,21,Outbound,Technical Deep Dive,Completed,4,0.41,153,10,True
9593,555,12,2024-05-30T14:00:00,48,Outbound,Technical Deep Dive,Rescheduled,1,,,0,False
9594,816,1,2024-07-30T15:30:00,22,Inbound,Check-In,Completed,8,0.59,223,22,False
9595,2839,13,2024-12-23T08:45:00,0,Outbound,Check-In,No Show,1,,,0,False
9596,223,9,2024-12-11T13:00:00,26,Outbound,Check-In,Completed,7,1.08,115,10,True
9597,4072,14,2024-12-08T14:15:00,24,Outbound,Technical Deep Dive,Completed,5,0.49,207,7,True
9598,2821,9,2024-12-08T12:00:00,34,Outbound,Discovery,Completed,6,0.71,185,13,False
9599,1881,14,2024-12-30T10:30:00,29,Outbound,Negotiation,Rescheduled,1,,,0,False
9600,3951,13,2024-06-27T15:45:00,18,Outbound,Demo,Completed,4,0.43,102,11,False
9601,24,12,2022-09-25T13:00:00,46,Outbound,Check-In,Completed,6,0.55,32,15,True
9602,1046,2,2024-10-15T16:00:00,55,Outbound,Discovery,Rescheduled,1,,,0,False
9603,1346,6,2024-08-03T12:00:00,0,Inbound,QBR,No Show,1,,,0,False
9604,1618,1,2023-06-17T11:15:00,29,Outbound,Discovery,Completed,3,0.61,233,12,False
9605,536,16,2024-10-04T14:00:00,36,Inbound,Technical Deep Dive,Completed,3,0.87,196,3,True
9606,3193,15,2024-04-18T10:15:00,36,Outbound,Discovery,Completed,2,0.67,71,5,False
9607,3939,3,2021-06-12T13:45:00,27,Inbound,QBR,Completed,2,0.63,203,9,False
9608,2727,7,2024-12-16T14:15:00,44,Outbound,Demo,Completed,8,0.44,213,5,False
9609,2403,14,2024-12-21T13:45:00,41,Outbound,Follow-Up,Completed,3,0.75,169,6,True
9610,2350,1,2020-09-30T15:00:00,30,Inbound,Check-In,Completed,4,0.32,168,16,True
9611,1619,6,2024-12-07T13:30:00,44,Outbound,Technical Deep Dive,Rescheduled,1,,,0,False
9612,4421,4,2024-08-31T10:00:00,25,Outbound,Check-In,Completed,8,0.41,104,8,True
9613,3685,10,2023-11-29T15:15:00,36,Outbound,Follow-Up,Rescheduled,1,,,0,False
9614,1743,9,2024-11-15T15:45:00,0,Outbound,QBR,No Show,1,,,0,False
9615,429,6,2024-01-27T11:30:00,19,Inbound,Follow-Up,Completed,3,1.39,128,11,True
9616,503,9,2022-11-11T15:15:00,33,Outbound,Technical Deep Dive,Completed,6,0.57,229,17,True
9617,4451,13,2022-10-07T11:30:00,1,Outbound,Negotiation,Voicemail,1,,,0,False
9618,3980,1,2024-07-12T10:30:00,59,Outbound,Technical Deep Dive,Completed,7,0.53,148,15,False
9619,4033,12,2024-08-13T15:15:00,15,Outbound,QBR,Rescheduled,1,,,0,False
9620,966,7,2023-05-18T16:15:00,16,Outbound,Demo,Completed,5,0.38,180,14,True
9621,4093,4,2022-10-17T11:00:00,52,Outbound,Technical Deep Dive,Completed,2,0.56,102,17,True
9622,1713,3,2024-12-27T14:30:00,38,Outbound,Check-In,Completed,8,0.65,177,22,False
9623,1846,5,2024-12-23T09:00:00,29,Inbound,QBR,Completed,4,0.58,198,11,False
9624,1541,12,2024-04-18T14:30:00,24,Inbound,Demo,Completed,7,0.56,191,10,True
9625,3626,5,2030-06-15T10:00:00,35,Inbound,Follow-Up,Completed,7,0.64,226,11,True
9626,1271,16,2023-02-20T12:45:00,0,Outbound,Technical Deep Dive,No Show,1,,,0,False
9627,3517,6,2024-05-06T11:00:00,20,Outbound,QBR,Completed,3,0.47,84,11,True
9628,2340,9,2024-12-07T13:00:00,56,Inbound,QBR,Completed,7,0.42,187,18,True
9629,70,16,2024-12-24T14:45:00,52,Outbound,Demo,Completed,5,0.75,196,4,False
9630,2834,2,2024-07-06T12:00:00,28,Outbound,Discovery,Completed,2,0.39,153,10,True
9631,4410,4,2024-09-27T08:45:00,16,Outbound,Check-In,Completed,5,0.44,76,12,False
9632,1659,2,2024-10-24T11:00:00,0,Outbound,Demo,No Show,1,,,0,False
9633,1854,3,2024-10-31T12:15:00,38,Outbound,Discovery,Completed,3,0.34,199,15,True
9634,4257,10,2024-06-16T13:00:00,24,Outbound,Negotiation,Completed,8,0.65,238,6,False
9635,3377,7,2023-09-04T12:00:00,28,Outbound,Follow-Up,Rescheduled,1,,,0,False
9636,289,5,2024-04-26T10:30:00,1,Inbound,Demo,Voicemail,1,,,0,False
9637,2487,7,2024-02-08T12:45:00,0,Outbound,Negotiation,No Show,1,,,0,False
9638,875,12,2023-08-29T11:30:00,0,Inbound,Negotiation,No Show,1,,,0,False
9639,3380,14,2024-03-31T15:30:00,16,Outbound,Negotiation,Completed,5,0.53,225,5,True
9640,3651,6,2024-07-02T17:30:00,0,Outbound,Negotiation,No Show,1,,,0,False
9641,54,4,2021-06-25T14:45:00,31,Outbound,Negotiation,Completed,6,0.67,108,14,False
9642,1501,15,2024-09-11T14:00:00,42,Outbound,QBR,Completed,4,0.54,82,14,True
9643,4856,2,2024-05-14T13:15:00,46,Inbound,Technical Deep Dive,Completed,6,0.64,174,19,False
9644,1154,15,2024-12-11T09:15:00,42,Outbound,QBR,Completed,8,0.73,186,9,True
9645,611,5,2023-12-03T11:00:00,,Outbound,Follow-Up,Completed,6,0.59,159,20,True
9646,626,2,2024-04-07T12:00:00,20,Outbound,QBR,Completed,6,0.31,199,22,False
9647,301,14,2022-04-05T15:45:00,20,Outbound,Demo,Rescheduled,1,,,0,False
9648,4968,2,2022-12-02T14:30:00,18,Inbound,Negotiation,Completed,3,0.34,51,28,True
9649,2561,13,2022-01-31T13:00:00,,Outbound,Negotiation,Completed,2,0.68,200,12,False
9650,1748,3,2024-12-16T08:00:00,0,Outbound,Follow-Up,No Show,1,,,0,False
9651,1548,15,2024-11-18T11:30:00,57,Inbound,Technical Deep Dive,Completed,4,0.65,64,12,True
9652,3704,8,2024-12-09T11:30:00,2,Outbound,Negotiation,Voicemail,1,,,0,False
9653,4383,13,2024-10-01T11:45:00,0,Inbound,Demo,No Show,1,,,0,False
9654,2298,12,2023-05-10T13:15:00,,Outbound,Follow-Up,Completed,4,1.43,59,9,False
9655,2186,5,2024-12-13T11:15:00,0,Outbound,Check-In,No Show,1,,,0,False
9656,326,11,2022-09-09T16:00:00,58,Outbound,Check-In,Completed,4,0.69,135,9,True
9657,207,8,2024-12-09T12:15:00,49,Outbound,Negotiation,Completed,7,0.59,31,15,False
9658,1233,10,2022-10-29T10:30:00,41,Outbound,Follow-Up,Completed,3,0.8,219,9,True
9659,377,4,2023-08-06T12:00:00,44,Inbound,Technical Deep Dive,Completed,7,0.36,150,10,True
9660,4249,9,2022-07-31T12:45:00,53,Outbound,Discovery,Completed,2,0.5,134,5,True
9661,4786,3,2023-06-02T09:30:00,36,Outbound,Check-In,Completed,4,0.36,53,20,True
9662,692,5,2024-12-26T12:45:00,26,Inbound,Discovery,Rescheduled,1,,,0,False
9663,3819,14,2024-05-17T13:30:00,57,Outbound,Technical Deep Dive,Completed,5,0.72,37,4,True
9664,4743,10,2024-12-05T10:15:00,0,Outbound,QBR,No Show,1,,,0,False
9665,989,4,2022-08-13T10:00:00,1,Outbound,Technical Deep Dive,Voicemail,1,,,0,False
9666,3225,2,2024-11-26T16:30:00,17,Outbound,Follow-Up,Completed,3,0.55,228,9,False
9667,447,11,2024-01-02T15:00:00,38,Outbound,Follow-Up,Completed,6,0.44,76,4,False
9668,3272,8,2022-12-10T15:30:00,60,Outbound,Negotiation,Completed,7,0.76,122,3,False
9669,1066,16,2024-06-30T15:45:00,39,Outbound,Discovery,Completed,4,0.61,30,6,False
9670,1607,16,2024-11-22T09:45:00,19,Outbound,Technical Deep Dive,Completed,2,0.73,83,7,False
9671,3363,16,2024-08-10T14:30:00,55,Outbound,Discovery,Completed,2,0.62,175,15,False
9672,2512,3,2024-12-16T11:30:00,24,Outbound,Check-In,Completed,6,0.5,92,20,True
9673,84,6,2022-01-13T08:00:00,57,Outbound,Check-In,Completed,4,0.65,216,14,False
9674,1017,12,2023-07-08T14:45:00,49,Outbound,Demo,Completed,7,0.52,202,9,True
9675,1843,1,2023-05-09T10:45:00,46,Inbound,Check-In,Completed,4,0.45,188,15,True
9676,1261,16,2024-08-30T09:30:00,36,Outbound,Negotiation,Completed,6,0.8,286,7,False
9677,4821,7,2024-06-23T11:00:00,57,Outbound,Negotiation,Completed,5,0.51,131,8,True
9678,314,2,2023-07-01T12:00:00,16,Outbound,Discovery,Completed,3,0.48,69,14,False
9679,4142,12,2023-04-14T09:00:00,49,Outbound,QBR,Completed,5,0.4,55,17,False
9680,1440,16,2024-11-23T11:45:00,25,Inbound,Negotiation,Completed,6,0.51,228,7,True
9681,1973,9,2023-10-06T13:45:00,20,Outbound,Check-In,Completed,8,0.52,154,7,False
9682,2903,15,2024-12-07T11:00:00,0,Outbound,Follow-Up,No Show,1,,,0,False
9683,9,7,2021-01-30T15:00:00,0,Outbound,Follow-Up,No Show,1,,,0,False
9684,3681,3,2024-12-10T14:15:00,18,Inbound,Negotiation,Completed,3,0.35,48,21,False
9685,4828,16,2024-12-18T15:30:00,39,Outbound,QBR,Completed,7,0.6,49,7,False
9686,2104,1,2024-08-07T13:00:00,29,Outbound,Follow-Up,Completed,4,0.67,62,16,False
9687,1713,3,2024-10-12T13:00:00,15,Inbound,Follow-Up,Completed,8,0.35,103,8,True
9688,1226,11,2024-12-17T10:00:00,,Inbound,Technical Deep Dive,Rescheduled,1,,,0,False
9689,713,12,2022-02-04T10:15:00,0,Inbound,Discovery,No Show,1,,,0,False
9690,1039,12,2024-09-15T14:30:00,36,Outbound,Demo,Rescheduled,1,,,0,False
9691,4054,11,2022-04-22T13:30:00,45,Outbound,Negotiation,Completed,2,0.52,136,7,False
9692,3725,8,2022-03-28T08:15:00,34,Outbound,Follow-Up,Completed,8,0.59,59,11,True
9693,4195,1,2023-10-23T13:30:00,31,Inbound,Follow-Up,Completed,5,0.56,241,16,True
9694,3085,5,2024-12-16T08:45:00,20,Outbound,QBR,Completed,8,0.65,249,6,False
9695,1078,14,2024-02-20T09:45:00,36,Outbound,Technical Deep Dive,Completed,6,0.57,56,13,False
9696,802,16,2023-12-06T08:30:00,44,Outbound,Negotiation,Completed,2,0.88,295,4,True
9697,3614,16,2022-08-25T16:00:00,27,Inbound,Negotiation,Rescheduled,1,,,0,False
9698,3022,14,2024-12-30T14:00:00,0,Outbound,Negotiation,No Show,1,,,0,False
9699,3715,12,2024-12-17T15:45:00,30,Outbound,Check-In,Completed,4,0.42,110,8,False
9700,2028,3,2024-09-13T12:45:00,43,Outbound,Check-In,Completed,7,0.36,154,20,False
9701,4494,9,2021-06-16T14:00:00,60,Inbound,Check-In,Completed,3,0.45,89,12,False
9702,1827,13,2020-09-05T11:15:00,32,Outbound,Negotiation,Completed,6,0.57,81,4,False
9703,2778,4,2030-06-15T10:00:00,0,Outbound,Demo,No Show,1,,,0,False
9704,1279,15,2024-12-14T10:30:00,-44,Outbound,Demo,Completed,5,0.56,231,9,True
9705,3322,16,2024-12-24T11:00:00,54,Outbound,Follow-Up,Completed,7,0.52,44,9,True
9706,4398,2,2024-12-29T09:00:00,21,Outbound,Discovery,Completed,3,0.25,168,19,True
9707,1705,3,2030-06-15T10:00:00,3,Outbound,QBR,Voicemail,1,,,0,False
9708,337,2,2024-04-23T12:15:00,42,Outbound,QBR,Completed,6,1.34,89,16,True
9709,4585,13,2023-01-14T16:30:00,39,Inbound,Check-In,Completed,7,0.59,273,3,False
9710,3809,3,2023-01-16T13:15:00,24,Outbound,Discovery,Rescheduled,1,,,0,False
9711,4380,13,2023-08-08T10:30:00,21,Inbound,Technical Deep Dive,Completed,7,0.64,215,2,True
9712,4659,8,2024-12-12T12:15:00,28,Outbound,Check-In,Completed,6,0.41,120,16,False
9713,2327,4,2024-02-17T14:15:00,23,Inbound,QBR,Rescheduled,1,,,0,False
9714,2188,15,2024-10-25T10:00:00,19,Inbound,Technical Deep Dive,Completed,7,0.56,78,4,False
9715,2899,5,2024-12-30T11:15:00,38,Outbound,QBR,Completed,8,0.57,118,15,False
9716,4118,1,2021-12-27T09:30:00,19,Inbound,Demo,Completed,3,0.5,87,12,False
9717,4636,1,2024-06-14T10:30:00,0,Outbound,Technical Deep Dive,No Show,1,,,0,False
9718,4554,9,2024-07-20T09:15:00,37,Outbound,Check-In,Completed,8,0.64,54,7,False
9719,3972,3,2024-11-20T14:00:00,22,Outbound,Technical Deep Dive,Completed,4,0.64,205,21,True
9720,3751,6,2024-10-31T11:45:00,19,Outbound,Demo,Completed,3,0.61,93,7,False
9721,2478,7,2024-12-22T10:45:00,,Inbound,Follow-Up,Completed,4,0.5,111,16,False
9722,1730,1,2022-10-17T09:30:00,35,Inbound,Discovery,Completed,8,0.59,166,16,True
9723,2391,5,2023-11-17T14:30:00,29,Outbound,Check-In,Completed,2,0.59,114,15,False
9724,762,13,2022-12-09T11:45:00,36,Outbound,Technical Deep Dive,Completed,8,0.66,200,9,False
9725,1259,10,2023-04-06T16:30:00,28,Inbound,Negotiation,Completed,6,0.6,86,15,True
9726,1208,14,2024-11-10T13:15:00,26,Outbound,Check-In,Completed,4,0.51,39,11,False
9727,4535,5,2023-08-28T10:30:00,0,Inbound,Negotiation,No Show,1,,,0,False
9728,4686,6,2023-09-15T13:45:00,45,Outbound,Discovery,Completed,5,1.34,234,8,False
9729,3270,5,2022-11-03T10:30:00,38,Inbound,Check-In,Completed,6,0.38,114,10,False
9730,655,16,2024-12-24T14:30:00,53,Inbound,QBR,Completed,5,0.4,236,13,False
9731,4327,14,2023-10-25T09:30:00,35,Outbound,Negotiation,Completed,7,0.65,91,3,True
9732,2440,14,2023-01-05T09:00:00,36,Inbound,Demo,Rescheduled,1,,,0,False
9733,4570,15,2024-12-04T10:45:00,47,Outbound,Technical Deep Dive,Rescheduled,1,,,0,False
9734,1669,2,2024-06-30T13:00:00,24,Inbound,Demo,Completed,6,0.55,77,4,True
9735,2295,7,2022-05-04T16:45:00,23,Outbound,Technical Deep Dive,Completed,8,0.61,232,12,False
9736,3040,15,2024-11-17T11:45:00,34,Outbound,Demo,Rescheduled,1,,,0,False
9737,4045,13,2024-12-17T15:15:00,0,Outbound,Discovery,No Show,1,,,0,False
9738,1748,3,2024-12-27T16:00:00,16,Inbound,Check-In,Rescheduled,1,,,0,False
9739,4805,4,2024-01-12T11:30:00,0,Inbound,Check-In,No Show,1,,,0,False
9740,1564,9,2030-06-15T10:00:00,0,Outbound,Negotiation,No Show,1,,,0,False
9741,4915,1,2024-12-06T13:30:00,,Outbound,Negotiation,No Show,1,,,0,False
9742,3108,16,2024-11-18T10:00:00,49,Outbound,QBR,Completed,3,0.4,198,14,False
9743,721,9,2023-09-19T13:30:00,16,Outbound,Check-In,Completed,5,0.68,35,11,False
9744,3948,8,2024-04-10T12:00:00,59,Inbound,Check-In,Completed,7,0.44,117,25,True
9745,4969,8,2024-05-29T16:00:00,32,Outbound,Follow-Up,Completed,5,0.63,122,5,True
9746,1239,5,2021-01-15T11:00:00,36,Outbound,Check-In,Completed,8,1.43,91,20,True
9747,4029,13,2023-09-03T09:45:00,58,Outbound,Discovery,Rescheduled,1,,,0,False
9748,1721,4,2023-03-12T14:15:00,2,Outbound,Demo,Voicemail,1,,,0,False
9749,4362,7,2024-12-17T14:00:00,15,Outbound,Demo,Completed,3,0.46,105,16,False
9750,4915,1,2024-11-24T11:15:00,52,Outbound,Check-In,Completed,7,0.37,217,12,True
9751,1310,4,2024-12-06T14:30:00,31,Outbound,Technical Deep Dive,Completed,6,0.56,215,6,False
9752,43,14,2024-12-21T14:00:00,39,Outbound,Demo,Completed,2,0.61,148,9,False
9753,74,12,2024-12-09T15:00:00,2,Outbound,QBR,Voicemail,1,,,0,False
9754,4170,15,2024-12-03T16:30:00,17,Outbound,Discovery,Rescheduled,1,,,0,False
9755,4190,6,2023-02-26T12:00:00,24,Outbound,Follow-Up,Completed,8,0.52,43,17,True
9756,797,9,2023-10-14T10:00:00,44,Outbound,Check-In,Completed,4,0.55,64,4,False
9757,994,1,2023-12-15T12:30:00,3,Inbound,Check-In,Voicemail,1,,,0,False
9758,1118,10,2023-12-09T10:45:00,44,Outbound,Negotiation,Completed,7,0.68,221,16,True
9759,1899,2,2024-01-07T11:45:00,45,Outbound,Technical Deep Dive,Rescheduled,1,,,0,False
9760,3633,11,2024-12-27T12:00:00,45,Outbound,Demo,Completed,6,0.68,150,7,False
9761,1244,7,2024-12-02T14:30:00,37,Outbound,Negotiation,Completed,5,0.54,161,12,False
9762,3390,16,2024-02-10T11:30:00,0,Outbound,Technical Deep Dive,No Show,1,,,0,False
9763,4272,6,2022-09-15T15:00:00,50,Outbound,Discovery,Completed,2,0.65,249,7,False
9764,2565,10,2024-12-26T16:30:00,25,Outbound,Technical Deep Dive,Rescheduled,1,,,0,False
9765,4386,13,2024-11-07T12:15:00,29,Outbound,Demo,Completed,4,0.57,117,6,True
9766,9,11,2024-07-04T11:00:00,1,Outbound,Technical Deep Dive,Voicemail,1,,,0,False
9767,3545,2,2022-06-14T10:15:00,19,Inbound,Technical Deep Dive,Completed,3,0.57,131,7,False
9768,4623,15,2024-12-31T12:30:00,55,Outbound,Technical Deep Dive,Completed,2,0.73,142,5,True
9769,1845,5,2023-02-16T13:45:00,26,Outbound,Discovery,Rescheduled,1,,,0,False
9770,524,7,2022-12-18T15:30:00,40,Inbound,Technical Deep Dive,Completed,8,0.52,217,10,True
9771,1496,15,2024-12-31T10:45:00,43,Outbound,Follow-Up,Completed,4,1.03,175,11,True
9772,3286,1,2024-08-21T12:00:00,50,Outbound,Check-In,Completed,3,0.54,123,19,True
9773,4860,6,2022-09-18T11:15:00,46,Outbound,QBR,Rescheduled,1,,,0,False
9774,1516,13,2024-10-25T14:45:00,38,Outbound,Technical Deep Dive,Completed,8,0.62,149,9,True
9775,498,14,2021-02-24T10:45:00,56,Outbound,Follow-Up,Completed,8,0.49,208,13,False
9776,4016,12,2024-12-23T14:00:00,58,Outbound,Discovery,Completed,6,0.63,116,3,False
9777,1182,12,2021-01-23T09:30:00,23,Inbound,Negotiation,Completed,5,0.64,119,13,False
9778,2449,12,2024-10-29T13:00:00,2,Outbound,Discovery,Voicemail,1,,,0,False
9779,559,1,2024-05-31T15:45:00,0,Outbound,Negotiation,No Show,1,,,0,False
9780,2058,8,2023-10-27T14:30:00,29,Outbound,Check-In,Completed,4,0.44,72,12,True
9781,4280,9,2023-09-06T13:00:00,17,Outbound,Negotiation,Completed,4,0.44,119,18,False
9782,3949,12,2024-11-23T15:45:00,25,Outbound,Follow-Up,Completed,7,0.51,150,14,False
9783,2359,16,2024-12-28T10:15:00,27,Outbound,Negotiation,Rescheduled,1,,,0,False
9784,355,9,2024-02-11T13:15:00,60,Outbound,Discovery,Rescheduled,1,,,0,False
9785,4817,1,2024-01-01T10:30:00,27,Outbound,Follow-Up,Completed,3,0.43,174,22,False
9786,1138,2,2024-12-10T09:45:00,54,Outbound,Follow-Up,Completed,8,0.44,189,12,False
9787,1351,5,2023-12-21T16:15:00,27,Outbound,Follow-Up,Completed,3,0.5,49,5,True
9788,2680,5,2022-12-09T10:30:00,,Outbound,Discovery,Completed,6,0.54,137,15,True
9789,3513,5,2024-09-03T12:45:00,19,Outbound,Demo,Completed,3,0.68,54,10,True
9790,999,14,2024-10-05T11:15:00,0,Outbound,Negotiation,No Show,1,,,0,False
9791,2394,7,2021-10-24T09:30:00,38,Inbound,Follow-Up,Completed,7,0.5,220,6,True
9792,3130,16,2022-03-28T13:30:00,15,Outbound,Follow-Up,Completed,8,0.7,93,4,True
9793,2634,5,2024-10-26T14:30:00,43,Inbound,Demo,Completed,6,0.49,54,6,False
9794,3464,16,2024-12-20T14:15:00,0,Outbound,Negotiation,No Show,1,,,0,False
9795,183,9,2023-05-25T17:45:00,53,Outbound,Check-In,Completed,5,0.87,243,10,False
9796,477,1,2023-11-08T15:30:00,57,Outbound,Negotiation,Completed,3,0.42,156,15,True
9797,1051,13,2021-10-17T14:00:00,41,Inbound,Negotiation,Completed,4,0.75,106,6,True
9798,1604,1,2024-08-09T14:00:00,-41,Outbound,Technical Deep Dive,Completed,6,0.51,42,7,False
9799,3351,4,2024-12-05T11:30:00,36,Outbound,Negotiation,Completed,7,0.41,150,14,False
9800,4411,7,2023-10-27T13:30:00,20,Inbound,Follow-Up,Completed,7,0.65,243,10,False
9801,3066,15,2024-12-12T14:15:00,0,Inbound,Follow-Up,No Show,1,,,0,False
9802,1274,9,2023-04-10T12:00:00,42,Outbound,Follow-Up,Rescheduled,1,,,0,False
9803,452,13,2024-10-02T13:45:00,52,Inbound,QBR,Completed,4,0.84,129,8,False
9804,4705,16,2024-12-28T15:30:00,0,Outbound,Check-In,No Show,1,,,0,False
9805,412,15,2021-12-02T12:45:00,54,Outbound,Negotiation,Completed,8,0.71,106,11,False
9806,2986,1,2022-01-28T12:30:00,16,Inbound,Discovery,Completed,4,0.38,123,30,True
9807,2888,7,2021-07-08T15:45:00,26,Outbound,Negotiation,Completed,6,0.68,119,10,False
9808,3935,7,2024-05-28T16:30:00,58,Outbound,Negotiation,Completed,6,0.39,130,20,True
9809,4021,7,2024-12-28T13:30:00,54,Outbound,Discovery,Completed,5,0.33,95,23,False
9810,3551,15,2024-11-07T15:15:00,45,Inbound,Check-In,Completed,4,0.61,47,14,False
9811,282,1,2024-06-30T13:30:00,32,Outbound,Discovery,Completed,2,0.34,65,18,False
9812,1065,7,2023-09-05T11:45:00,,Outbound,Technical Deep Dive,Completed,2,0.35,97,6,True
9813,699,7,2024-01-22T11:15:00,55,Outbound,Discovery,Completed,8,0.58,74,6,True
9814,3528,5,2024-11-21T13:15:00,60,Outbound,Check-In,Completed,6,0.7,60,15,True
9815,713,12,2022-03-28T10:30:00,52,Outbound,Discovery,Completed,2,0.52,94,14,False
9816,2924,11,2022-10-25T14:30:00,29,Outbound,Discovery,Completed,2,0.53,36,8,False
9817,1849,8,2024-08-28T14:30:00,2,Outbound,Discovery,Voicemail,1,,,0,False
9818,1831,13,2024-06-03T09:30:00,57,Outbound,Technical Deep Dive,Completed,2,0.7,47,4,False
9819,3610,5,2024-12-11T12:15:00,1,Outbound,Follow-Up,Voicemail,1,,,0,False
9820,3323,9,2024-08-21T12:30:00,60,Inbound,Check-In,Completed,7,0.65,127,5,True
9821,4603,5,2024-05-25T10:45:00,47,Outbound,Negotiation,Rescheduled,1,,,0,False
9822,2503,8,2021-09-25T08:30:00,19,Inbound,Demo,Rescheduled,1,,,0,False
9823,4902,10,2023-09-15T14:00:00,56,Inbound,Technical Deep Dive,Completed,3,0.47,124,14,True
9824,2418,3,2024-08-08T10:45:00,0,Inbound,Follow-Up,No Show,1,,,0,False
9825,2129,1,2024-09-13T14:30:00,50,Outbound,Follow-Up,Completed,3,0.51,134,16,False
9826,4749,15,2024-10-29T13:30:00,40,Outbound,QBR,Completed,8,0.53,61,18,True
9827,882,15,2024-12-21T16:15:00,19,Inbound,Demo,Completed,3,0.78,39,4,True
9828,1945,1,2021-07-29T09:45:00,51,Outbound,Technical Deep Dive,Completed,6,0.41,230,13,True
9829,192,16,2024-07-24T13:15:00,38,Inbound,Discovery,Completed,4,0.69,63,4,True
9830,3616,5,2022-01-06T11:00:00,57,Outbound,Discovery,Completed,6,0.43,133,16,False
9831,4885,1,2024-12-11T17:15:00,46,Inbound,Technical Deep Dive,Rescheduled,1,,,0,False
9832,2361,2,2024-09-23T09:15:00,34,Outbound,QBR,Completed,6,0.44,61,15,False
9833,2096,11,2024-12-14T16:15:00,17,Outbound,Follow-Up,Completed,3,0.53,125,4,True
9834,1535,4,2024-12-27T08:30:00,0,Outbound,Discovery,No Show,1,,,0,False
9835,2500,16,2024-12-15T10:00:00,48,Outbound,QBR,Completed,2,0.65,57,5,True
9836,994,9,2023-12-06T09:00:00,1,Outbound,Demo,Voicemail,1,,,0,False
9837,3692,2,2024-10-19T13:00:00,50,Outbound,Demo,Completed,5,0.65,101,2,False
9838,1416,3,2024-12-23T14:00:00,41,Outbound,Demo,Completed,7,0.3,89,22,True
9839,234,2,2024-10-06T16:00:00,48,Outbound,Check-In,Completed,6,0.46,214,16,True
9840,652,3,2023-03-08T11:15:00,51,Outbound,QBR,Completed,8,0.61,80,7,False
9841,672,8,2024-01-24T13:15:00,43,Inbound,Discovery,Completed,8,0.45,65,19,False
9842,4088,13,2024-02-24T10:45:00,47,Inbound,Technical Deep Dive,Completed,6,0.76,40,2,True
9843,1025,7,2024-05-07T13:00:00,60,Inbound,Check-In,Completed,5,0.51,228,7,True
9844,683,8,2024-12-09T12:00:00,24,Outbound,QBR,Completed,3,0.65,130,6,True
9845,3653,4,2023-09-08T10:15:00,42,Outbound,Negotiation,Rescheduled,1,,,0,False
9846,1896,2,2024-12-13T13:45:00,3,Inbound,Check-In,Voicemail,1,,,0,False
9847,1230,7,2021-09-15T10:15:00,22,Inbound,Follow-Up,Completed,7,0.68,183,5,False
9848,3972,3,2030-06-15T10:00:00,42,Outbound,Discovery,Completed,3,0.47,87,12,True
9849,4107,4,2024-12-23T13:45:00,60,Inbound,Demo,Rescheduled,1,,,0,False
9850,4669,5,2024-06-22T14:00:00,59,Outbound,Discovery,Completed,6,0.56,63,13,False
9851,2533,1,2024-09-11T10:45:00,0,Inbound,Follow-Up,No Show,1,,,0,False
9852,971,1,2024-06-08T13:00:00,44,Inbound,Follow-Up,Completed,5,0.72,112,7,True
9853,407,2,2024-12-04T10:00:00,49,Outbound,Check-In,Rescheduled,1,,,0,False
9854,3806,1,2024-11-22T16:45:00,46,Inbound,Technical Deep Dive,Rescheduled,1,,,0,False
9855,504,2,2023-01-11T15:00:00,52,Inbound,Demo,Completed,4,0.36,145,4,True
9856,4475,14,2022-02-09T12:15:00,27,Inbound,QBR,Completed,3,0.52,141,12,True
9857,2107,4,2024-02-17T11:15:00,53,Inbound,Follow-Up,Completed,6,0.3,88,12,True
9858,3820,7,2023-05-08T16:45:00,-36,Outbound,QBR,Completed,7,0.67,110,5,False
9859,4588,2,2024-12-27T10:00:00,58,Inbound,Technical Deep Dive,Completed,6,0.46,167,22,True
9860,1676,1,2024-12-11T15:45:00,34,Outbound,Check-In,Completed,7,0.45,52,28,False
9861,4914,5,2024-06-13T12:15:00,39,Inbound,Technical Deep Dive,Completed,8,1.45,151,14,True
9862,4681,10,2023-06-26T10:30:00,31,Inbound,Technical Deep Dive,Completed,4,0.58,282,9,False
9863,4948,16,2024-12-06T15:30:00,3,Inbound,QBR,Voicemail,1,,,0,False
9864,1868,7,2024-02-07T13:45:00,28,Outbound,Discovery,Completed,5,0.74,230,10,False
9865,4376,5,2023-08-03T13:30:00,38,Outbound,Discovery,Completed,4,0.47,198,11,True
9866,2717,3,2024-12-30T14:45:00,44,Outbound,Follow-Up,Completed,8,0.54,181,9,False
9867,208,5,2022-07-09T09:45:00,45,Outbound,Check-In,Completed,4,0.57,41,20,True
9868,4102,10,2024-12-29T09:15:00,56,Outbound,Negotiation,Completed,7,0.72,131,9,False
9869,4458,5,2024-12-24T15:00:00,32,Outbound,Follow-Up,Completed,5,0.52,123,4,False
9870,1989,2,2024-12-09T13:45:00,32,Outbound,Technical Deep Dive,Completed,2,0.27,178,27,True
9871,2977,2,2024-12-08T11:00:00,25,Outbound,Technical Deep Dive,Completed,3,0.41,62,18,True
9872,3914,10,2023-03-26T15:45:00,56,Outbound,Discovery,Completed,2,0.74,229,1,False
9873,3225,2,2024-12-14T15:30:00,48,Outbound,Technical Deep Dive,Completed,2,0.41,177,12,True
9874,2483,6,2024-12-11T12:00:00,54,Outbound,Follow-Up,Completed,7,0.49,180,15,True
9875,366,14,2024-07-23T13:30:00,32,Outbound,Check-In,Completed,5,0.52,174,15,True
9876,4097,1,2024-10-19T15:30:00,49,Outbound,Demo,Completed,5,0.39,144,24,True
9877,838,6,2024-09-25T17:15:00,0,Outbound,Follow-Up,No Show,1,,,0,False
9878,3966,4,2023-02-24T15:15:00,29,Outbound,Demo,Completed,3,0.48,152,8,False
9879,3208,16,2024-11-29T10:30:00,20,Outbound,Technical Deep Dive,Completed,6,0.54,127,7,False
9880,1145,6,2022-04-07T11:45:00,40,Outbound,QBR,Completed,5,0.36,73,6,False
9881,2401,10,2024-12-15T11:00:00,18,Outbound,Discovery,Completed,5,0.42,57,3,True
9882,287,3,2024-08-17T10:00:00,48,Inbound,Technical Deep Dive,Completed,7,0.34,33,8,True
9883,1978,5,2024-12-19T14:00:00,30,Outbound,Discovery,Completed,5,0.57,152,12,True
9884,1516,13,2024-12-31T15:45:00,45,Outbound,QBR,Completed,4,0.57,88,2,False
9885,4565,10,2024-09-30T14:30:00,24,Outbound,Demo,Completed,3,0.62,237,10,True
9886,3339,6,2020-12-04T12:45:00,-48,Outbound,QBR,Completed,5,0.5,146,20,False
9887,4431,15,2023-04-04T12:15:00,17,Outbound,Discovery,Completed,8,0.58,47,7,True
9888,134,7,2024-04-16T10:00:00,58,Outbound,Follow-Up,Completed,7,0.54,193,12,True
9889,943,16,2024-02-07T13:30:00,34,Outbound,Follow-Up,Completed,4,0.54,145,3,False
9890,2787,3,2024-01-18T10:00:00,47,Outbound,Follow-Up,Completed,6,0.53,174,20,False
9891,4021,7,2024-12-25T10:30:00,0,Outbound,Negotiation,No Show,1,,,0,False
9892,2708,1,2024-10-05T09:15:00,52,Outbound,Check-In,Completed,8,0.63,88,15,True
9893,4299,4,2024-12-30T10:00:00,56,Outbound,Negotiation,Completed,5,0.63,65,10,False
9894,1603,16,2024-12-20T10:15:00,46,Outbound,Technical Deep Dive,Rescheduled,1,,,0,False
9895,2472,13,2023-06-13T11:15:00,28,Outbound,Follow-Up,Completed,5,0.45,239,12,False
9896,3742,11,2024-08-13T08:00:00,46,Outbound,Technical Deep Dive,Completed,3,0.54,228,3,False
9897,570,16,2024-12-10T09:45:00,32,Inbound,Discovery,Completed,5,0.67,204,13,False
9898,4663,16,2024-12-09T13:45:00,0,Inbound,Technical Deep Dive,No Show,1,,,0,False
9899,2410,13,2024-08-26T13:00:00,21,Inbound,Check-In,Completed,2,1.45,168,3,True
9900,1287,5,2024-05-23T11:00:00,26,Inbound,Technical Deep Dive,Completed,6,0.66,129,11,False
9901,3416,5,2024-12-21T12:45:00,17,Outbound,Technical Deep Dive,Completed,5,0.46,55,21,True
9902,3431,11,2021-01-16T12:15:00,40,Outbound,Follow-Up,Completed,6,0.4,85,10,True
9903,4511,7,2030-06-15T10:00:00,56,Outbound,Demo,Completed,7,0.82,129,12,True
9904,974,9,2024-07-22T14:15:00,29,Outbound,Discovery,Completed,8,0.65,206,3,False
9905,1852,2,2021-07-09T11:45:00,23,Outbound,Negotiation,Completed,7,0.34,175,10,True
9906,477,1,2023-10-29T11:45:00,22,Outbound,QBR,Completed,5,0.51,167,20,True
9907,4169,4,2022-05-17T15:30:00,18,Outbound,Check-In,Completed,4,0.71,160,4,False
9908,3210,16,2024-12-04T11:45:00,30,Outbound,Check-In,Completed,2,0.58,183,5,False
9909,2871,11,2021-02-01T10:15:00,27,Outbound,Follow-Up,Completed,3,0.56,249,1,False
9910,484,4,2024-12-15T13:30:00,19,Outbound,Check-In,Completed,4,0.38,177,6,True
9911,4740,5,2030-06-15T10:00:00,38,Outbound,Negotiation,Completed,4,0.82,138,6,False
9912,3190,13,2022-07-11T08:30:00,50,Outbound,Check-In,Rescheduled,1,,,0,False
9913,3952,1,2024-09-17T11:45:00,43,Inbound,Discovery,Completed,3,0.74,84,16,False
9914,3160,15,2024-12-15T12:45:00,39,Outbound,Negotiation,Completed,8,0.4,240,6,True
9915,1451,11,2023-11-05T13:30:00,39,Outbound,Negotiation,Completed,6,0.82,103,2,False
9916,1184,2,2024-09-12T13:45:00,52,Outbound,QBR,Completed,3,0.39,57,24,False
9917,2018,3,2024-12-24T11:30:00,,Outbound,Discovery,Completed,5,0.47,64,24,True
9918,4480,4,2022-12-02T13:15:00,1,Outbound,Demo,Voicemail,1,,,0,False
9919,3735,13,2024-12-21T10:15:00,57,Inbound,Technical Deep Dive,Completed,5,0.82,293,7,False
9920,4618,9,2023-05-18T15:00:00,1,Outbound,Technical Deep Dive,Voicemail,1,,,0,False
9921,2757,13,2024-12-16T12:45:00,3,Inbound,Negotiation,Voicemail,1,,,0,False
9922,3275,10,2024-07-06T11:00:00,0,Outbound,Check-In,No Show,1,,,0,False
9923,3196,13,2023-07-23T14:15:00,,Inbound,Demo,Completed,6,0.74,164,8,False
9924,3738,3,2024-11-08T10:00:00,55,Outbound,QBR,Completed,4,0.46,142,14,True
9925,1529,1,2024-12-27T12:00:00,59,Outbound,Discovery,Completed,8,0.59,292,7,False
9926,35,2,2024-04-22T17:30:00,22,Outbound,Check-In,Completed,4,0.39,176,21,False
9927,3798,10,2024-12-14T09:30:00,15,Inbound,Discovery,Completed,3,1.1,142,8,False
9928,4659,8,2024-12-10T14:00:00,0,Inbound,Demo,No Show,1,,,0,False
9929,2007,10,2024-12-07T16:15:00,3,Inbound,Check-In,Voicemail,1,,,0,False
9930,2890,9,2024-03-04T14:45:00,47,Inbound,Technical Deep Dive,Completed,5,0.72,126,3,True
9931,2205,10,2023-07-22T11:45:00,54,Outbound,QBR,Completed,8,0.59,32,14,True
9932,4844,3,2023-03-07T16:45:00,43,Inbound,Discovery,Completed,7,0.5,148,21,True
9933,324,7,2022-11-28T13:30:00,38,Inbound,Discovery,Completed,2,0.75,161,9,True
9934,1290,4,2024-07-21T08:45:00,19,Outbound,Discovery,Completed,3,0.69,216,11,True
9935,2132,12,2024-12-30T12:30:00,43,Outbound,Check-In,Completed,4,0.8,61,11,False
9936,3720,12,2022-12-30T09:00:00,22,Inbound,QBR,Completed,3,0.57,137,8,False
9937,184,3,2023-07-04T10:30:00,43,Outbound,Discovery,Completed,8,0.53,183,13,True
9938,4176,6,2021-01-23T12:00:00,60,Outbound,Negotiation,Rescheduled,1,,,0,False
9939,336,6,2022-10-29T10:45:00,30,Inbound,Follow-Up,Completed,4,0.41,56,20,True
9940,2390,6,2024-10-29T14:00:00,16,Inbound,Discovery,Completed,4,0.75,235,7,False
9941,4184,2,2023-01-18T11:15:00,24,Inbound,Negotiation,Rescheduled,1,,,0,False
9942,4139,8,2023-05-23T10:15:00,21,Outbound,Follow-Up,Completed,6,0.44,75,12,True
9943,4964,10,2023-12-20T14:45:00,2,Inbound,Follow-Up,Voicemail,1,,,0,False
9944,2976,7,2022-09-23T15:30:00,-48,Inbound,Technical Deep Dive,Completed,3,0.82,185,7,False
9945,2034,5,2030-06-15T10:00:00,0,Outbound,Follow-Up,No Show,1,,,0,False
9946,4616,14,2023-02-19T11:30:00,2,Outbound,Demo,Voicemail,1,,,0,False
9947,4982,5,2024-05-07T10:30:00,0,Outbound,Technical Deep Dive,No Show,1,,,0,False
9948,1368,3,2024-07-06T16:30:00,26,Outbound,Technical Deep Dive,Completed,6,0.47,86,10,True
9949,980,15,2024-12-15T11:30:00,26,Inbound,QBR,Completed,3,0.76,49,7,False
9950,2861,1,2024-06-06T10:15:00,,Inbound,Discovery,Rescheduled,1,,,0,False
9951,1153,5,2024-12-29T12:30:00,-48,Inbound,Technical Deep Dive,Completed,3,0.66,158,9,False
9952,3388,11,2021-03-05T15:15:00,3,Outbound,Technical Deep Dive,Voicemail,1,,,0,False
9953,1867,5,2024-09-11T10:45:00,33,Outbound,Technical Deep Dive,Completed,3,0.66,162,13,True
9954,2688,3,2024-07-22T12:45:00,0,Outbound,QBR,No Show,1,,,0,False
9955,1898,16,2024-10-28T09:00:00,36,Outbound,QBR,Completed,7,0.75,116,2,False
9956,4713,13,2020-12-29T11:30:00,28,Outbound,Technical Deep Dive,Completed,6,0.5,102,7,False
9957,4660,7,2023-07-21T09:00:00,48,Outbound,QBR,Completed,3,0.42,171,4,True
9958,2304,12,2024-10-17T12:00:00,26,Inbound,Negotiation,Completed,2,0.65,64,3,True
9959,4240,13,2024-12-26T09:45:00,31,Outbound,Discovery,Completed,2,0.66,104,12,False
9960,1460,13,2023-12-13T10:30:00,36,Inbound,Technical Deep Dive,Completed,3,0.73,80,6,False
9961,4772,10,2022-07-14T16:45:00,48,Outbound,Check-In,Completed,3,0.59,186,13,False
9962,1481,13,2023-08-06T10:45:00,15,Inbound,Negotiation,Completed,6,0.52,94,7,False
9963,132,16,2024-12-13T15:00:00,59,Inbound,Discovery,Completed,4,0.59,216,12,False
9964,4405,11,2024-03-08T13:45:00,39,Outbound,Technical Deep Dive,Completed,7,0.46,56,12,False
9965,3100,10,2024-04-21T09:30:00,30,Outbound,QBR,Rescheduled,1,,,0,False
9966,1897,11,2023-01-07T10:15:00,58,Inbound,Follow-Up,Completed,4,0.67,235,18,False
9967,2412,13,2021-06-14T11:45:00,22,Outbound,Demo,Completed,4,0.73,162,10,False
9968,342,4,2023-06-28T13:30:00,50,Outbound,Technical Deep Dive,Completed,5,0.36,52,9,True
9969,3733,9,2023-12-12T14:45:00,17,Outbound,QBR,Completed,3,0.52,90,8,False
9970,2171,9,2024-12-23T10:45:00,0,Inbound,Follow-Up,No Show,1,,,0,False
9971,2207,13,2024-11-16T11:45:00,57,Outbound,Follow-Up,Completed,2,0.88,69,2,False
9972,2999,7,2024-04-26T15:15:00,,Outbound,Follow-Up,Completed,6,0.57,83,19,True
9973,4060,1,2023-10-22T11:15:00,0,Inbound,Check-In,No Show,1,,,0,False
9974,3441,1,2023-10-12T14:30:00,38,Outbound,Discovery,Completed,2,0.64,130,14,True
9975,3743,10,2024-12-14T12:45:00,31,Inbound,QBR,Completed,8,0.55,119,9,False
9976,1730,1,2022-09-08T09:30:00,44,Outbound,QBR,Completed,8,0.52,144,24,False
9977,1143,13,2023-02-27T13:00:00,45,Outbound,Technical Deep Dive,Completed,3,0.46,103,2,False
9978,4373,9,2024-03-03T14:30:00,22,Inbound,Discovery,Completed,6,0.52,109,3,True
9979,3409,7,2023-02-14T11:45:00,15,Outbound,Negotiation,Completed,3,1.33,240,15,True
9980,4712,13,2024-07-27T16:45:00,31,Outbound,Demo,Completed,4,0.82,208,8,True
9981,3080,15,2024-12-26T13:45:00,45,Inbound,Technical Deep Dive,Completed,8,0.47,85,14,False
9982,4073,5,2024-12-22T12:15:00,57,Inbound,Demo,Completed,5,0.64,63,9,True
9983,4853,3,2024-10-10T10:45:00,0,Inbound,Discovery,No Show,1,,,0,False
9984,3563,10,2024-12-19T10:15:00,2,Inbound,Follow-Up,Voicemail,1,,,0,False
9985,2980,6,2024-09-26T10:30:00,60,Outbound,Discovery,Completed,7,0.7,73,13,False
9986,800,12,2024-03-18T12:15:00,29,Outbound,QBR,Completed,3,0.56,97,4,True
9987,503,9,2022-10-03T11:00:00,32,Inbound,Follow-Up,Completed,8,0.49,113,3,True
9988,4691,10,2023-02-09T12:15:00,35,Outbound,Follow-Up,Completed,4,0.55,209,8,False
9989,3648,8,2024-12-30T12:45:00,48,Outbound,Negotiation,Completed,4,0.46,170,4,True
9990,357,5,2024-04-06T12:00:00,28,Outbound,Check-In,Rescheduled,1,,,0,False
9991,3149,1,2024-03-22T17:30:00,16,Outbound,Negotiation,Completed,7,0.53,46,20,True
9992,3786,14,2022-05-25T10:45:00,25,Outbound,QBR,Completed,3,0.49,150,14,False
9993,3922,16,2024-11-21T15:45:00,24,Outbound,Negotiation,Completed,5,0.57,64,19,True
9994,4374,16,2024-07-30T12:45:00,53,Outbound,QBR,Completed,7,0.5,224,11,False
9995,3523,6,2024-12-24T14:30:00,44,Outbound,Check-In,Completed,5,0.36,127,6,True
9996,3135,15,2024-12-20T16:15:00,22,Inbound,Discovery,Completed,6,0.68,72,14,True
9997,3738,3,2024-10-24T10:45:00,53,Inbound,QBR,Completed,4,0.57,229,16,False
9998,1325,13,2024-06-08T14:00:00,54,Inbound,Follow-Up,Completed,5,0.59,150,7,True
9999,3538,12,2024-12-12T11:15:00,58,Outbound,QBR,Completed,7,0.74,111,10,False
10000,3773,9,2024-02-06T11:15:00,2,Outbound,Demo,Voicemail,1,,,0,False
