contact_role_id,contact_id,opp_id,role,is_primary
1,1068,1,End User,False
2,136,1,Technical Evaluator,False
3,1496,2,Champion,True
4,1741,3,Coach,False
5,2784,4,End User,False
6,834,5,Economic Buyer,True
7,2104,5,Champion,True
8,871,6,Economic Buyer,True
9,84,6,Technical Evaluator,False
10,2786,6,Champion,True
11,2079,7,End User,False
12,2227,7,Economic Buyer,True
13,1733,8,Economic Buyer,True
14,1757,9,Technical Evaluator,False
15,1191,10,End User,False
16,2182,10,Economic Buyer,True
17,2246,11,End User,False
18,2004,11,Economic Buyer,True
19,2610,12,Economic Buyer,True
20,209,13,Legal Reviewer,False
21,2438,14,Legal Reviewer,False
22,232,14,Champion,True
23,1980,14,End User,False
24,241,14,Blocker,False
25,2840,15,Technical Evaluator,False
26,561,15,Executive Sponsor,True
27,2618,16,End User,False
28,2406,16,Champion,True
29,2879,17,Technical Evaluator,False
30,1536,18,Legal Reviewer,False
31,2146,18,Economic Buyer,True
32,1003,19,End User,False
33,1626,20,Economic Buyer,True
34,97,21,Executive Sponsor,True
35,297,22,Coach,False
36,1723,23,Champion,True
37,605,24,End User,False
38,656,24,Economic Buyer,True
39,525,24,Technical Evaluator,False
40,1582,25,Coach,False
41,1085,26,Economic Buyer,True
42,2273,27,Champion,True
43,887,28,End User,False
44,1897,1,End User,False
45,374,1,Legal Reviewer,False
46,903,1,Executive Sponsor,True
47,645,31,Technical Evaluator,False
48,1865,31,Blocker,False
49,96,32,Technical Evaluator,False
50,1516,32,Champion,True
51,1795,33,End User,False
52,2844,33,Technical Evaluator,False
53,1960,34,End User,False
54,439,34,Technical Evaluator,False
55,2051,35,Economic Buyer,True
56,2864,36,Technical Evaluator,False
57,2847,37,Champion,True
58,2538,37,End User,False
59,1950,38,Champion,True
60,981,39,Champion,True
61,2879,40,Legal Reviewer,False
62,442,40,Blocker,False
63,2832,40,End User,False
64,1883,41,Economic Buyer,True
65,2216,41,End User,False
66,2105,41,Technical Evaluator,False
67,2710,42,Champion,True
68,2790,43,End User,False
69,1678,44,End User,False
70,1356,45,Technical Evaluator,False
71,2648,46,Champion,True
72,2643,46,Technical Evaluator,False
73,435,47,Technical Evaluator,False
74,2517,48,Champion,True
75,996,48,Technical Evaluator,False
76,1414,49,Champion,True
77,1902,49,Technical Evaluator,False
78,1687,50,Coach,False
79,1842,1,Blocker,False
80,927,1,Champion,True
81,2051,52,Executive Sponsor,True
82,2629,53,End User,False
83,2292,53,Economic Buyer,True
84,812,54,Legal Reviewer,False
85,5,54,Executive Sponsor,True
86,2731,55,Champion,True
87,1230,56,Champion,True
88,962,56,Blocker,False
89,260,56,Economic Buyer,True
90,983,57,Champion,True
91,867,58,Technical Evaluator,False
92,1379,58,Champion,True
93,1056,59,Technical Evaluator,False
94,2598,60,Technical Evaluator,False
95,482,8,Executive Sponsor,True
96,2718,62,Economic Buyer,True
97,756,62,Technical Evaluator,False
98,537,62,End User,False
99,442,63,Blocker,False
100,2879,63,Champion,True
101,2560,64,Coach,False
102,2054,65,Executive Sponsor,True
103,134,65,Economic Buyer,True
104,1709,66,Technical Evaluator,False
105,1182,67,Coach,False
106,1687,68,Technical Evaluator,False
107,998,2,Champion,True
108,463,2,Coach,False
109,2763,70,Economic Buyer,True
110,225,71,Champion,True
111,372,72,Champion,True
112,2116,73,Economic Buyer,True
113,1500,74,Champion,True
114,320,74,Legal Reviewer,False
115,2071,75,Economic Buyer,True
116,1165,76,End User,False
117,1217,77,Executive Sponsor,True
118,186,78,Blocker,False
119,1936,78,Champion,True
120,1937,79,Technical Evaluator,False
121,2194,80,Executive Sponsor,True
122,750,9,End User,False
123,1899,9,Blocker,False
124,2505,82,Blocker,False
125,2309,82,Technical Evaluator,False
126,2966,83,End User,False
127,2653,83,Blocker,False
128,1333,84,Blocker,False
129,139,85,End User,False
130,1767,86,Blocker,False
131,1390,87,Coach,False
132,98,88,Champion,True
133,2177,88,Legal Reviewer,False
134,2941,89,Champion,True
135,768,90,Champion,True
136,2878,91,Champion,True
137,1211,92,Blocker,False
138,1973,93,End User,False
139,1635,94,Technical Evaluator,False
140,973,94,Legal Reviewer,False
141,2835,95,End User,False
142,2572,97,Blocker,False
143,1065,98,End User,False
144,167,99,Executive Sponsor,True
145,2486,99,Champion,True
146,917,99,End User,False
147,754,99,Technical Evaluator,False
148,1682,100,End User,False
149,1661,101,Champion,True
150,2892,101,Technical Evaluator,False
151,2,102,Technical Evaluator,False
152,1482,103,Coach,False
153,153,104,Technical Evaluator,False
154,2271,105,Champion,True
155,1295,106,End User,False
156,1348,107,Champion,True
157,89,108,Technical Evaluator,False
158,2610,108,Blocker,False
159,2223,109,Technical Evaluator,False
160,56,110,Champion,True
161,140,110,Executive Sponsor,True
162,2169,110,Technical Evaluator,False
163,2677,111,End User,False
164,1220,112,Coach,False
165,2712,113,Coach,False
166,1314,114,Champion,True
167,2460,115,Champion,True
168,1907,115,End User,False
169,118,117,Economic Buyer,True
170,2448,118,Economic Buyer,True
171,572,118,Champion,True
172,1689,119,Executive Sponsor,True
173,2991,120,Executive Sponsor,True
174,857,120,Champion,True
175,1469,121,Champion,True
176,789,121,Executive Sponsor,True
177,1160,122,End User,False
178,1056,122,Technical Evaluator,False
179,2735,123,Legal Reviewer,False
180,2009,123,Champion,True
181,1581,123,End User,False
182,2724,124,Champion,True
183,1814,125,End User,False
184,2713,126,Technical Evaluator,False
185,2235,126,Champion,True
186,2148,126,Economic Buyer,True
187,2373,127,Champion,True
188,2947,128,Technical Evaluator,False
189,1424,129,Coach,False
190,2243,129,Technical Evaluator,False
191,658,129,Economic Buyer,True
192,2113,54,Blocker,False
193,1096,54,Technical Evaluator,False
194,142,54,Champion,True
195,235,131,End User,False
196,1459,131,Executive Sponsor,True
197,863,132,End User,False
198,2806,134,Executive Sponsor,True
199,1560,135,Executive Sponsor,True
200,406,135,End User,False
201,440,135,Coach,False
202,593,136,Coach,False
203,12,137,End User,False
204,252,138,Champion,True
205,336,138,Technical Evaluator,False
206,272,138,Blocker,False
207,2576,139,Legal Reviewer,False
208,2981,139,End User,False
209,1206,140,Technical Evaluator,False
210,2202,140,Blocker,False
211,1784,140,Champion,True
212,405,141,Legal Reviewer,False
213,1979,141,End User,False
214,2535,141,Champion,True
215,2197,141,Economic Buyer,True
216,2858,142,Economic Buyer,True
217,624,142,Technical Evaluator,False
218,55,143,Champion,True
219,1302,144,Blocker,False
220,2883,145,Executive Sponsor,True
221,464,145,Coach,False
222,2881,145,Blocker,False
223,108,146,Champion,True
224,322,147,Technical Evaluator,False
225,2037,148,End User,False
226,1242,148,Champion,True
227,1171,148,Technical Evaluator,False
228,836,149,Technical Evaluator,False
229,1243,149,Blocker,False
230,1716,149,Champion,True
231,1779,150,End User,False
232,560,150,Legal Reviewer,False
233,2381,150,Technical Evaluator,False
234,1126,151,Champion,True
235,2095,151,Technical Evaluator,False
236,360,152,Champion,True
237,1833,152,Coach,False
238,693,153,Economic Buyer,True
239,2597,153,End User,False
240,722,154,Champion,True
241,2642,154,Executive Sponsor,True
242,1263,155,Economic Buyer,True
243,1794,155,Coach,False
244,604,156,Executive Sponsor,True
245,1109,157,Champion,True
246,599,157,Coach,False
247,961,157,Technical Evaluator,False
248,2808,158,End User,False
249,2865,158,Technical Evaluator,False
250,1282,159,Executive Sponsor,True
251,2381,160,Champion,True
252,560,160,Technical Evaluator,False
253,1779,160,End User,False
254,2567,161,Champion,True
255,2763,161,Executive Sponsor,True
256,323,162,End User,False
257,2033,163,Coach,False
258,2081,164,Economic Buyer,True
259,629,164,Technical Evaluator,False
260,2580,165,Technical Evaluator,False
261,2159,165,Champion,True
262,2731,166,Economic Buyer,True
263,2119,167,Blocker,False
264,2261,168,Legal Reviewer,False
265,763,168,End User,False
266,2549,169,Technical Evaluator,False
267,1579,170,Blocker,False
268,929,171,Champion,True
269,1582,172,Champion,True
270,395,172,Economic Buyer,True
271,1683,173,Technical Evaluator,False
272,1779,174,Technical Evaluator,False
273,1534,175,End User,False
274,2230,176,Coach,False
275,2657,177,Economic Buyer,True
276,637,178,Economic Buyer,True
277,681,179,Champion,True
278,1614,179,Economic Buyer,True
279,62,180,End User,False
280,2674,180,Champion,True
281,2567,181,Technical Evaluator,False
282,2763,181,Champion,True
283,2426,182,Economic Buyer,True
284,151,182,End User,False
285,2437,183,End User,False
286,1959,183,Technical Evaluator,False
287,114,184,Technical Evaluator,False
288,2540,185,Champion,True
289,2904,187,Champion,True
290,1355,187,Blocker,False
291,313,188,Technical Evaluator,False
292,2042,189,Executive Sponsor,True
293,1176,190,Coach,False
294,1000,190,Executive Sponsor,True
295,2837,191,End User,False
296,1159,192,End User,False
297,1347,192,Champion,True
298,2037,194,Economic Buyer,True
299,1242,194,Technical Evaluator,False
300,2640,195,Economic Buyer,True
301,628,195,Technical Evaluator,False
302,2604,195,Coach,False
303,2214,196,Champion,True
304,162,197,Blocker,False
305,614,198,Coach,False
306,2863,199,Technical Evaluator,False
307,2609,199,End User,False
308,49,199,Champion,True
309,1373,200,End User,False
310,1699,200,Executive Sponsor,True
311,2560,201,Champion,True
312,2079,133,Champion,True
313,1496,203,Executive Sponsor,True
314,620,204,Coach,False
315,2364,205,Technical Evaluator,False
316,892,206,Technical Evaluator,False
317,514,206,End User,False
318,2261,207,Champion,True
319,763,207,Legal Reviewer,False
320,865,208,Legal Reviewer,False
321,725,208,Technical Evaluator,False
322,1210,209,Coach,False
323,1204,209,Economic Buyer,True
324,1579,210,Technical Evaluator,False
325,2819,210,Economic Buyer,True
326,1396,211,Coach,False
327,451,212,Champion,True
328,2022,212,End User,False
329,2933,212,Technical Evaluator,False
330,469,213,Coach,False
331,1470,213,Technical Evaluator,False
332,2471,215,Champion,True
333,605,217,Executive Sponsor,True
334,114,218,Legal Reviewer,False
335,1090,219,Technical Evaluator,False
336,2,220,Economic Buyer,True
337,1738,220,Legal Reviewer,False
338,2712,221,Coach,False
339,2561,222,Legal Reviewer,False
340,2607,222,Champion,True
341,1636,223,Economic Buyer,True
342,65,223,End User,False
343,2917,224,Economic Buyer,True
344,2460,224,Executive Sponsor,True
345,787,225,End User,False
346,644,225,Technical Evaluator,False
347,593,226,Technical Evaluator,False
348,2027,227,Economic Buyer,True
349,761,228,Economic Buyer,True
350,2065,229,Economic Buyer,True
351,2916,229,Legal Reviewer,False
352,1909,229,Technical Evaluator,False
353,1756,230,End User,False
354,1275,231,Economic Buyer,True
355,2333,231,Executive Sponsor,True
356,1879,233,End User,False
357,1111,233,Technical Evaluator,False
358,2921,234,End User,False
359,1296,234,Champion,True
360,2178,236,Coach,False
361,2940,236,Technical Evaluator,False
362,1612,236,End User,False
363,2206,237,End User,False
364,2501,237,Blocker,False
365,1066,238,Economic Buyer,True
366,2053,239,Champion,True
367,2155,239,Economic Buyer,True
368,1915,239,Coach,False
369,780,240,Champion,True
370,2068,241,Legal Reviewer,False
371,103,242,Legal Reviewer,False
372,36,243,Technical Evaluator,False
373,1141,244,Champion,True
374,1059,245,Champion,True
375,834,246,Executive Sponsor,True
376,513,247,Champion,True
377,1219,248,Executive Sponsor,True
378,1721,248,Champion,True
379,319,249,Champion,True
380,2218,249,End User,False
381,915,251,Champion,True
382,284,251,End User,False
383,1346,251,Coach,False
384,700,253,End User,False
385,2061,253,Economic Buyer,True
386,452,254,Blocker,False
387,2909,254,Economic Buyer,True
388,955,255,End User,False
389,2122,255,Champion,True
390,2776,256,Economic Buyer,True
391,2181,257,End User,False
392,111,257,Champion,True
393,846,258,Technical Evaluator,False
394,1830,259,Technical Evaluator,False
395,80,260,Champion,True
396,2854,261,Technical Evaluator,False
397,1396,261,Economic Buyer,True
398,2051,262,Technical Evaluator,False
399,2672,263,End User,False
400,1025,263,Blocker,False
401,955,264,Champion,True
402,1501,265,Champion,True
403,844,266,Champion,True
404,542,267,Executive Sponsor,True
405,1103,268,Champion,True
406,2929,268,Technical Evaluator,False
407,659,269,Champion,True
408,1065,269,Blocker,False
409,704,269,End User,False
410,710,270,Champion,True
411,2070,272,Technical Evaluator,False
412,1617,272,Economic Buyer,True
413,2385,273,Champion,True
414,262,273,Technical Evaluator,False
415,2230,275,Coach,False
416,1584,277,Economic Buyer,True
417,395,278,Economic Buyer,True
418,425,279,Technical Evaluator,False
419,2494,279,Champion,True
420,2273,280,Technical Evaluator,False
421,2742,282,Champion,True
422,1125,282,End User,False
423,1108,282,Blocker,False
424,2237,149,Economic Buyer,True
425,378,284,Champion,True
426,2875,285,Coach,False
427,2847,287,Champion,True
428,152,288,End User,False
429,1482,289,Coach,False
430,2344,289,End User,False
431,604,290,Executive Sponsor,True
432,2166,290,Champion,True
433,1956,291,End User,False
434,2755,292,Technical Evaluator,False
435,2237,293,Technical Evaluator,False
436,2178,294,Technical Evaluator,False
437,683,295,Economic Buyer,True
438,2709,296,Champion,True
439,2156,296,End User,False
440,2331,296,Blocker,False
441,2930,297,Technical Evaluator,False
442,619,297,End User,False
443,1870,298,Champion,True
444,949,298,Executive Sponsor,True
445,1634,298,Coach,False
446,1413,299,Economic Buyer,True
447,2054,300,End User,False
448,1671,301,Legal Reviewer,False
449,739,301,Technical Evaluator,False
450,299,302,Champion,True
451,1516,303,Legal Reviewer,False
452,2644,304,Champion,True
453,2764,304,Economic Buyer,True
454,61,304,End User,False
455,2536,305,Economic Buyer,True
456,2586,306,Coach,False
457,1749,307,Economic Buyer,True
458,2212,307,Technical Evaluator,False
459,582,308,Blocker,False
460,2754,309,Economic Buyer,True
461,2492,310,Champion,True
462,2568,310,Technical Evaluator,False
463,2210,311,Legal Reviewer,False
464,1974,312,Economic Buyer,True
465,1205,312,Coach,False
466,1068,313,Blocker,False
467,136,313,Economic Buyer,True
468,650,313,Champion,True
469,188,314,Technical Evaluator,False
470,2498,315,Champion,True
471,1491,316,Economic Buyer,True
472,1250,316,Blocker,False
473,2684,317,Executive Sponsor,True
474,1140,317,Coach,False
475,1601,319,Economic Buyer,True
476,2711,320,Technical Evaluator,False
477,2867,320,Champion,True
478,944,320,Economic Buyer,True
479,434,320,End User,False
480,1006,321,Economic Buyer,True
481,319,322,Technical Evaluator,False
482,2560,57,Technical Evaluator,False
483,1600,324,Economic Buyer,True
484,153,325,Technical Evaluator,False
485,2887,325,Champion,True
486,1402,326,Executive Sponsor,True
487,2539,327,Executive Sponsor,True
488,2588,327,Technical Evaluator,False
489,3000,328,Economic Buyer,True
490,2766,329,Champion,True
491,2953,330,Legal Reviewer,False
492,2389,330,Technical Evaluator,False
493,2817,330,End User,False
494,2504,331,Champion,True
495,1595,332,Economic Buyer,True
496,2192,333,Coach,False
497,2019,333,Champion,True
498,554,333,Economic Buyer,True
499,1306,333,Blocker,False
500,656,334,Blocker,False
501,525,334,Coach,False
502,605,334,End User,False
503,305,335,Blocker,False
504,2503,336,Economic Buyer,True
505,2275,337,Executive Sponsor,True
506,315,337,End User,False
507,1667,338,Economic Buyer,True
508,419,338,Technical Evaluator,False
509,1548,339,Economic Buyer,True
510,223,339,End User,False
511,1057,339,Blocker,False
512,609,282,Champion,True
513,1421,341,Champion,True
514,2050,341,Economic Buyer,True
515,1091,342,Champion,True
516,175,343,Executive Sponsor,True
517,79,344,Executive Sponsor,True
518,581,344,Economic Buyer,True
519,1638,344,Legal Reviewer,False
520,1895,345,Executive Sponsor,True
521,1113,345,Legal Reviewer,False
522,1240,346,Coach,False
523,332,347,Technical Evaluator,False
524,2650,348,Executive Sponsor,True
525,974,348,End User,False
526,1165,348,Legal Reviewer,False
527,812,349,Champion,True
528,2406,350,Coach,False
529,1868,350,Blocker,False
530,2702,351,End User,False
531,1338,351,Executive Sponsor,True
532,2574,352,Coach,False
533,832,353,Executive Sponsor,True
534,1141,353,Technical Evaluator,False
535,94,353,Legal Reviewer,False
536,1140,354,Coach,False
537,2684,354,Economic Buyer,True
538,1268,355,Coach,False
539,1404,356,Legal Reviewer,False
540,2332,356,End User,False
541,1378,356,Coach,False
542,2496,357,Coach,False
543,1959,358,Executive Sponsor,True
544,2052,358,Economic Buyer,True
545,271,359,Legal Reviewer,False
546,2984,359,Coach,False
547,2077,359,Blocker,False
548,510,359,Economic Buyer,True
549,885,360,Economic Buyer,True
550,4,361,End User,False
551,2363,361,Economic Buyer,True
552,817,362,Technical Evaluator,False
553,2767,362,Champion,True
554,715,362,Legal Reviewer,False
555,1191,363,Technical Evaluator,False
556,1427,364,Economic Buyer,True
557,500,364,Coach,False
558,1511,364,Legal Reviewer,False
559,1792,365,Economic Buyer,True
560,1204,366,Blocker,False
561,1210,366,Technical Evaluator,False
562,1487,367,End User,False
563,1579,368,Technical Evaluator,False
564,2273,369,Technical Evaluator,False
565,2846,370,Economic Buyer,True
566,2324,371,Champion,True
567,1945,371,End User,False
568,1809,372,Economic Buyer,True
569,853,372,Coach,False
570,2585,373,Technical Evaluator,False
571,1232,373,Economic Buyer,True
572,2372,373,Champion,True
573,1219,374,Coach,False
574,166,375,Champion,True
575,1978,376,Legal Reviewer,False
576,729,377,Economic Buyer,True
577,591,377,Executive Sponsor,True
578,2722,377,Technical Evaluator,False
579,2679,377,Legal Reviewer,False
580,854,377,Champion,True
581,2467,378,Economic Buyer,True
582,2100,378,End User,False
583,2572,379,Technical Evaluator,False
584,687,380,Coach,False
585,362,381,Blocker,False
586,866,382,Economic Buyer,True
587,2100,383,End User,False
588,2571,384,Economic Buyer,True
589,1644,384,End User,False
590,86,385,Blocker,False
591,1927,386,End User,False
592,19,386,Economic Buyer,True
593,2261,387,Technical Evaluator,False
594,763,387,Economic Buyer,True
595,2496,388,Champion,True
596,2273,389,Coach,False
597,1517,389,Technical Evaluator,False
598,1307,390,Legal Reviewer,False
599,2340,390,Economic Buyer,True
600,1796,391,Champion,True
601,2500,391,Coach,False
602,69,392,End User,False
603,2270,392,Economic Buyer,True
604,2239,393,Champion,True
605,363,394,Technical Evaluator,False
606,1881,395,Economic Buyer,True
607,1824,396,Legal Reviewer,False
608,2777,397,End User,False
609,1022,398,Economic Buyer,True
610,767,399,Technical Evaluator,False
611,337,400,End User,False
612,1761,401,Executive Sponsor,True
613,1376,402,Technical Evaluator,False
614,1433,402,End User,False
615,2130,402,Champion,True
616,2230,402,Economic Buyer,True
617,2580,403,Champion,True
618,2880,404,Legal Reviewer,False
619,569,405,Technical Evaluator,False
620,2479,405,Economic Buyer,True
621,594,405,Champion,True
622,1423,407,Blocker,False
623,1657,408,Legal Reviewer,False
624,967,409,Champion,True
625,2423,409,Economic Buyer,True
626,1584,410,Coach,False
627,654,411,Blocker,False
628,1463,411,End User,False
629,326,412,Executive Sponsor,True
630,2764,413,Economic Buyer,True
631,458,414,Coach,False
632,2403,415,Technical Evaluator,False
633,1927,416,Executive Sponsor,True
634,489,417,Economic Buyer,True
635,1230,418,Champion,True
636,962,418,Legal Reviewer,False
637,260,418,End User,False
638,816,419,Economic Buyer,True
639,1269,420,Champion,True
640,2084,421,Technical Evaluator,False
641,1344,421,End User,False
642,2713,422,Technical Evaluator,False
643,2148,422,End User,False
644,1775,156,End User,False
645,2337,156,Economic Buyer,True
646,978,156,Champion,True
647,415,424,Economic Buyer,True
648,12,425,Champion,True
649,1390,426,Blocker,False
650,2966,427,Economic Buyer,True
651,1494,428,Champion,True
652,4,429,End User,False
653,2363,429,Legal Reviewer,False
654,2584,430,Technical Evaluator,False
655,2734,431,Coach,False
656,583,431,Technical Evaluator,False
657,42,431,Champion,True
658,211,432,Technical Evaluator,False
659,2424,433,Champion,True
660,2408,433,Coach,False
661,740,434,Technical Evaluator,False
662,32,435,Technical Evaluator,False
663,219,436,Economic Buyer,True
664,2033,437,Technical Evaluator,False
665,2215,438,Economic Buyer,True
666,2488,438,Technical Evaluator,False
667,2228,439,End User,False
668,1920,439,Technical Evaluator,False
669,2313,440,Coach,False
670,2640,441,Legal Reviewer,False
671,412,442,Champion,True
672,424,443,Champion,True
673,40,443,Economic Buyer,True
674,1508,444,Technical Evaluator,False
675,1000,444,End User,False
676,1421,445,Technical Evaluator,False
677,2683,445,Economic Buyer,True
678,2050,445,Champion,True
679,2854,446,Economic Buyer,True
680,185,447,Technical Evaluator,False
681,1227,447,Legal Reviewer,False
682,786,447,Champion,True
683,2864,448,Executive Sponsor,True
684,113,448,Economic Buyer,True
685,2498,449,Economic Buyer,True
686,1301,450,Coach,False
687,1015,450,Technical Evaluator,False
688,1296,451,Champion,True
689,1169,452,Champion,True
690,1459,453,Champion,True
691,1836,453,Legal Reviewer,False
692,2061,454,End User,False
693,700,454,Executive Sponsor,True
694,2567,455,Champion,True
695,475,456,Champion,True
696,1901,457,Technical Evaluator,False
697,788,457,Champion,True
698,2406,457,End User,False
699,62,458,Blocker,False
700,2108,458,Coach,False
701,2674,458,Legal Reviewer,False
702,2972,459,Economic Buyer,True
703,269,459,Technical Evaluator,False
704,87,459,Champion,True
705,2856,459,Coach,False
706,2648,460,Economic Buyer,True
707,1751,460,Champion,True
708,2230,461,Champion,True
709,2977,462,Coach,False
710,351,462,Technical Evaluator,False
711,2676,463,Economic Buyer,True
712,72,463,Blocker,False
713,1345,463,Technical Evaluator,False
714,1294,465,Champion,True
715,2961,466,Technical Evaluator,False
716,2890,467,Coach,False
717,1894,468,Champion,True
718,2939,468,Technical Evaluator,False
719,2868,468,Economic Buyer,True
720,354,469,Legal Reviewer,False
721,509,469,End User,False
722,1797,470,Champion,True
723,2653,471,Coach,False
724,337,472,Technical Evaluator,False
725,2118,472,Executive Sponsor,True
726,2947,475,Champion,True
727,166,476,Champion,True
728,1990,477,Technical Evaluator,False
729,1839,477,Executive Sponsor,True
730,447,478,Economic Buyer,True
731,887,478,Champion,True
732,14,479,Technical Evaluator,False
733,726,480,Champion,True
734,2491,481,Coach,False
735,545,481,Champion,True
736,1844,481,End User,False
737,1524,280,Economic Buyer,True
738,1038,483,Coach,False
739,2921,484,Blocker,False
740,1296,484,Champion,True
741,2589,485,Coach,False
742,175,485,Blocker,False
743,886,486,Technical Evaluator,False
744,1488,486,Champion,True
745,682,486,Economic Buyer,True
746,1945,487,Technical Evaluator,False
747,2324,487,Executive Sponsor,True
748,2444,489,Technical Evaluator,False
749,1557,489,Champion,True
750,2605,490,Legal Reviewer,False
751,2220,491,Economic Buyer,True
752,732,491,Technical Evaluator,False
753,143,492,Technical Evaluator,False
754,2351,492,Champion,True
755,1773,492,End User,False
756,137,493,Champion,True
757,174,493,Coach,False
758,168,493,End User,False
759,2419,494,Executive Sponsor,True
760,630,494,Coach,False
761,2621,495,Champion,True
762,466,496,Economic Buyer,True
763,1257,496,Champion,True
764,2610,497,Champion,True
765,89,497,Economic Buyer,True
766,492,497,End User,False
767,1455,498,Blocker,False
768,1195,499,Technical Evaluator,False
769,425,500,Technical Evaluator,False
770,2494,500,Champion,True
771,2798,501,Coach,False
772,2996,502,Economic Buyer,True
773,2642,503,Champion,True
774,2863,504,Champion,True
775,2609,504,Legal Reviewer,False
776,1147,505,Technical Evaluator,False
777,931,506,Coach,False
778,2960,506,Champion,True
779,695,506,Economic Buyer,True
780,126,507,Champion,True
781,1011,507,Blocker,False
782,117,508,Champion,True
783,762,509,Economic Buyer,True
784,359,510,Executive Sponsor,True
785,739,511,Executive Sponsor,True
786,1671,511,Economic Buyer,True
787,627,512,Champion,True
788,2446,512,Economic Buyer,True
789,442,513,Economic Buyer,True
790,1091,513,Technical Evaluator,False
791,2832,513,Coach,False
792,1172,515,Technical Evaluator,False
793,264,516,Champion,True
794,1705,516,Economic Buyer,True
795,1321,516,Executive Sponsor,True
796,1954,516,End User,False
797,845,517,End User,False
798,2343,518,Champion,True
799,2661,519,Economic Buyer,True
800,503,520,Economic Buyer,True
801,1375,520,Champion,True
802,2391,520,Coach,False
803,2462,520,Legal Reviewer,False
804,2988,521,Legal Reviewer,False
805,381,521,Champion,True
806,2825,522,End User,False
807,513,524,End User,False
808,1985,524,Technical Evaluator,False
809,71,525,Technical Evaluator,False
810,2042,526,Legal Reviewer,False
811,2493,527,Legal Reviewer,False
812,1174,527,Technical Evaluator,False
813,1287,527,Champion,True
814,1884,528,Champion,True
815,2376,26,Economic Buyer,True
816,7,26,Blocker,False
817,2937,530,Coach,False
818,426,530,Economic Buyer,True
819,863,530,Champion,True
820,2049,531,Champion,True
821,1545,532,End User,False
822,2398,532,Champion,True
823,2585,533,Champion,True
824,2372,533,Technical Evaluator,False
825,1032,534,Technical Evaluator,False
826,499,534,Executive Sponsor,True
827,1394,535,Legal Reviewer,False
828,835,537,Economic Buyer,True
829,1514,537,Blocker,False
830,1664,537,Champion,True
831,2101,537,End User,False
832,1416,538,End User,False
833,2738,538,Technical Evaluator,False
834,1208,539,Champion,True
835,1350,540,Technical Evaluator,False
836,1620,541,End User,False
837,18,177,Champion,True
838,2880,177,Coach,False
839,369,543,Economic Buyer,True
840,2411,336,End User,False
841,2467,545,Economic Buyer,True
842,1643,545,Champion,True
843,1297,546,Champion,True
844,1319,546,Legal Reviewer,False
845,2745,547,Technical Evaluator,False
846,363,548,Champion,True
847,376,549,Economic Buyer,True
848,971,549,Coach,False
849,2933,550,Technical Evaluator,False
850,2022,550,Champion,True
851,2150,550,Legal Reviewer,False
852,910,551,Champion,True
853,2417,552,Technical Evaluator,False
854,2601,552,Champion,True
855,2984,553,Technical Evaluator,False
856,271,553,Economic Buyer,True
857,510,553,Coach,False
858,2338,554,Executive Sponsor,True
859,443,554,Champion,True
860,2274,554,Economic Buyer,True
861,2082,555,Champion,True
862,1838,556,Legal Reviewer,False
863,164,557,Coach,False
864,1664,558,Technical Evaluator,False
865,835,558,End User,False
866,1898,559,End User,False
867,2653,560,Legal Reviewer,False
868,1482,562,Economic Buyer,True
869,2344,562,Champion,True
870,1744,563,Legal Reviewer,False
871,1467,564,Champion,True
872,2754,566,Economic Buyer,True
873,2749,567,Champion,True
874,1661,567,End User,False
875,975,567,Coach,False
876,167,568,End User,False
877,2486,568,Legal Reviewer,False
878,754,569,Economic Buyer,True
879,1423,570,Legal Reviewer,False
880,642,571,Champion,True
881,1788,572,Technical Evaluator,False
882,1581,572,Economic Buyer,True
883,2009,572,Coach,False
884,1859,573,Technical Evaluator,False
885,280,573,End User,False
886,22,573,Coach,False
887,890,574,Legal Reviewer,False
888,2830,575,Blocker,False
889,1325,575,Champion,True
890,2066,577,Champion,True
891,1436,578,Executive Sponsor,True
892,2699,579,Champion,True
893,2830,580,Technical Evaluator,False
894,1325,580,Champion,True
895,2677,581,Blocker,False
896,1917,582,Coach,False
897,2500,583,Blocker,False
898,1796,583,Technical Evaluator,False
899,742,584,Technical Evaluator,False
900,2522,585,Legal Reviewer,False
901,1030,586,End User,False
902,2940,587,Legal Reviewer,False
903,1612,587,Executive Sponsor,True
904,642,588,End User,False
905,1363,589,Champion,True
906,662,589,Technical Evaluator,False
907,2935,589,End User,False
908,2231,590,Economic Buyer,True
909,977,590,Technical Evaluator,False
910,1004,590,Coach,False
911,2951,591,Coach,False
912,2033,592,Blocker,False
913,2477,593,Technical Evaluator,False
914,210,594,Coach,False
915,1794,594,Economic Buyer,True
916,2779,594,End User,False
917,2477,125,Economic Buyer,True
918,95,597,Blocker,False
919,1344,598,Coach,False
920,2043,600,Champion,True
921,2187,600,Blocker,False
922,2870,601,End User,False
923,1791,192,Technical Evaluator,False
924,1130,192,Executive Sponsor,True
925,2327,603,Champion,True
926,82,603,Technical Evaluator,False
927,1636,605,Champion,True
928,65,605,Economic Buyer,True
929,2716,606,Technical Evaluator,False
930,509,607,Economic Buyer,True
931,354,607,Champion,True
932,541,608,Champion,True
933,2846,609,Champion,True
934,1619,610,Executive Sponsor,True
935,1753,610,End User,False
936,2504,611,Coach,False
937,200,612,Executive Sponsor,True
938,811,613,End User,False
939,1777,613,Champion,True
940,1885,614,End User,False
941,2871,614,Technical Evaluator,False
942,595,615,End User,False
943,1461,616,Executive Sponsor,True
944,203,616,Champion,True
945,1304,616,Blocker,False
946,2283,616,Technical Evaluator,False
947,2374,617,Economic Buyer,True
948,1114,618,End User,False
949,666,619,Blocker,False
950,1527,622,Champion,True
951,2638,622,Technical Evaluator,False
952,1423,623,Economic Buyer,True
953,1906,624,Technical Evaluator,False
954,380,624,Champion,True
955,2215,625,Economic Buyer,True
956,542,627,Technical Evaluator,False
957,2854,628,Executive Sponsor,True
958,1396,628,Economic Buyer,True
959,1008,629,Executive Sponsor,True
960,1377,629,Champion,True
961,198,631,End User,False
962,365,632,Champion,True
963,2857,632,Economic Buyer,True
964,2567,633,Executive Sponsor,True
965,2763,633,Champion,True
966,1441,633,Economic Buyer,True
967,2398,634,Technical Evaluator,False
968,1545,634,End User,False
969,2328,635,End User,False
970,1165,636,End User,False
971,1510,637,Technical Evaluator,False
972,1084,637,Executive Sponsor,True
973,115,638,Technical Evaluator,False
974,2029,638,Executive Sponsor,True
975,2991,640,Technical Evaluator,False
976,1074,641,Economic Buyer,True
977,2646,641,Legal Reviewer,False
978,2343,641,Technical Evaluator,False
979,1802,642,Economic Buyer,True
980,246,643,Coach,False
981,950,643,Champion,True
982,2540,644,Economic Buyer,True
983,1022,645,Economic Buyer,True
984,1667,647,End User,False
985,2250,647,Economic Buyer,True
986,419,647,Champion,True
987,1282,648,Technical Evaluator,False
988,2712,649,Blocker,False
989,2529,650,Coach,False
990,1489,650,Legal Reviewer,False
991,380,651,Technical Evaluator,False
992,1906,651,Legal Reviewer,False
993,902,651,Executive Sponsor,True
994,1151,652,Champion,True
995,1858,652,End User,False
996,1248,653,Technical Evaluator,False
997,2843,653,Economic Buyer,True
998,315,654,Executive Sponsor,True
999,2275,654,Economic Buyer,True
1000,1559,655,End User,False
1001,2656,655,Champion,True
1002,2402,655,Coach,False
1003,647,656,Technical Evaluator,False
1004,898,656,Economic Buyer,True
1005,2027,657,Blocker,False
1006,2403,657,Technical Evaluator,False
1007,1445,658,End User,False
1008,1866,658,Economic Buyer,True
1009,285,659,Legal Reviewer,False
1010,2339,659,End User,False
1011,1545,660,Coach,False
1012,304,661,Champion,True
1013,2711,662,End User,False
1014,2322,662,Executive Sponsor,True
1015,2867,662,Technical Evaluator,False
1016,1812,663,Champion,True
1017,1537,663,Legal Reviewer,False
1018,293,663,Blocker,False
1019,1693,664,End User,False
1020,1127,665,Champion,True
1021,1994,665,End User,False
1022,1729,666,Economic Buyer,True
1023,240,667,Technical Evaluator,False
1024,2147,667,Champion,True
1025,2554,668,End User,False
1026,840,669,Legal Reviewer,False
1027,565,669,Executive Sponsor,True
1028,1742,670,Technical Evaluator,False
1029,580,670,Coach,False
1030,776,670,Champion,True
1031,1873,671,Technical Evaluator,False
1032,718,671,End User,False
1033,190,672,Coach,False
1034,1116,672,Economic Buyer,True
1035,125,672,Technical Evaluator,False
1036,412,673,Legal Reviewer,False
1037,780,674,Blocker,False
1038,2186,674,Executive Sponsor,True
1039,1912,675,Legal Reviewer,False
1040,2681,676,End User,False
1041,820,677,Technical Evaluator,False
1042,1950,678,End User,False
1043,1536,679,Technical Evaluator,False
1044,1664,680,Economic Buyer,True
1045,2318,681,Coach,False
1046,2557,682,Technical Evaluator,False
1047,151,682,Coach,False
1048,2400,682,Champion,True
1049,960,683,Economic Buyer,True
1050,2876,684,Technical Evaluator,False
1051,517,684,Executive Sponsor,True
1052,2051,685,Technical Evaluator,False
1053,925,686,Champion,True
1054,1890,686,Economic Buyer,True
1055,1554,686,Legal Reviewer,False
1056,1079,687,Technical Evaluator,False
1057,497,687,End User,False
1058,2020,688,Technical Evaluator,False
1059,2115,689,End User,False
1060,1741,690,Economic Buyer,True
1061,1323,690,Legal Reviewer,False
1062,83,691,End User,False
1063,506,692,Executive Sponsor,True
1064,375,693,Legal Reviewer,False
1065,1264,695,Champion,True
1066,786,696,Economic Buyer,True
1067,634,697,Champion,True
1068,377,697,End User,False
1069,2586,698,Economic Buyer,True
1070,1512,698,Coach,False
1071,2035,698,End User,False
1072,542,699,Technical Evaluator,False
1073,1653,700,End User,False
1074,1491,124,End User,False
1075,565,702,Technical Evaluator,False
1076,2990,703,Technical Evaluator,False
1077,155,704,Economic Buyer,True
1078,2142,704,Technical Evaluator,False
1079,2693,705,Technical Evaluator,False
1080,2740,705,Economic Buyer,True
1081,1108,706,End User,False
1082,1832,708,Coach,False
1083,1130,709,Economic Buyer,True
1084,1791,709,Executive Sponsor,True
1085,2286,710,End User,False
1086,842,711,End User,False
1087,2244,711,Technical Evaluator,False
1088,1293,712,Legal Reviewer,False
1089,1492,713,Champion,True
1090,1328,714,Technical Evaluator,False
1091,2448,714,Blocker,False
1092,324,715,Champion,True
1093,1122,716,Blocker,False
1094,1059,716,Economic Buyer,True
1095,1243,719,Technical Evaluator,False
1096,836,719,Economic Buyer,True
1097,2702,720,Economic Buyer,True
1098,500,721,Technical Evaluator,False
1099,1505,721,End User,False
1100,1427,721,Blocker,False
1101,2518,722,Technical Evaluator,False
1102,1890,723,End User,False
1103,1554,723,Economic Buyer,True
1104,1769,724,Champion,True
1105,1995,724,Executive Sponsor,True
1106,2440,725,Technical Evaluator,False
1107,668,726,Blocker,False
1108,1408,726,Technical Evaluator,False
1109,2262,727,End User,False
1110,2741,728,Blocker,False
1111,1418,728,Champion,True
1112,840,729,Blocker,False
1113,477,729,Technical Evaluator,False
1114,2295,730,Technical Evaluator,False
1115,2845,730,Champion,True
1116,2359,730,Executive Sponsor,True
1117,607,731,Economic Buyer,True
1118,1257,732,Economic Buyer,True
1119,1967,732,Champion,True
1120,2097,733,Legal Reviewer,False
1121,1134,734,End User,False
1122,33,734,Blocker,False
1123,2553,734,Champion,True
1124,336,736,Executive Sponsor,True
1125,1625,736,Blocker,False
1126,1147,737,Technical Evaluator,False
1127,2049,737,End User,False
1128,1152,738,Coach,False
1129,1819,738,Champion,True
1130,829,739,Economic Buyer,True
1131,2043,739,Champion,True
1132,1672,740,Economic Buyer,True
1133,2658,740,Technical Evaluator,False
1134,341,740,Champion,True
1135,494,740,Executive Sponsor,True
1136,1804,740,End User,False
1137,1439,741,Technical Evaluator,False
1138,1144,742,Champion,True
1139,427,742,Legal Reviewer,False
1140,268,743,Technical Evaluator,False
1141,2927,743,Champion,True
1142,1275,743,Economic Buyer,True
1143,538,744,Legal Reviewer,False
1144,2541,745,Legal Reviewer,False
1145,480,746,Executive Sponsor,True
1146,2330,746,Blocker,False
1147,1484,748,Legal Reviewer,False
1148,290,749,Champion,True
1149,950,749,End User,False
1150,539,749,Coach,False
1151,246,749,Blocker,False
1152,1020,750,Blocker,False
1153,1397,751,Technical Evaluator,False
1154,2304,752,Champion,True
1155,2488,753,Economic Buyer,True
1156,459,753,Champion,True
1157,2215,753,Technical Evaluator,False
1158,108,754,Champion,True
1159,878,755,Legal Reviewer,False
1160,2497,756,End User,False
1161,472,757,Economic Buyer,True
1162,1038,758,End User,False
1163,550,759,Executive Sponsor,True
1164,1580,760,Blocker,False
1165,2627,760,Economic Buyer,True
1166,828,762,Champion,True
1167,781,762,Legal Reviewer,False
1168,2366,763,End User,False
1169,688,764,Champion,True
1170,2583,764,Legal Reviewer,False
1171,336,765,Coach,False
1172,314,766,Economic Buyer,True
1173,229,766,Champion,True
1174,2185,767,End User,False
1175,858,767,Legal Reviewer,False
1176,2818,768,Executive Sponsor,True
1177,2433,768,Technical Evaluator,False
1178,1399,769,End User,False
1179,2400,770,Technical Evaluator,False
1180,795,770,Blocker,False
1181,2547,772,Technical Evaluator,False
1182,1553,773,Champion,True
1183,474,773,Technical Evaluator,False
1184,2743,773,Blocker,False
1185,2680,774,Economic Buyer,True
1186,1856,775,Coach,False
1187,2435,776,Coach,False
1188,371,777,Economic Buyer,True
1189,769,777,Coach,False
1190,2416,778,Blocker,False
1191,1212,779,Champion,True
1192,1313,780,End User,False
1193,2162,781,Technical Evaluator,False
1194,2051,782,Champion,True
1195,1549,783,Coach,False
1196,651,783,Executive Sponsor,True
1197,2398,784,Executive Sponsor,True
1198,1545,784,Legal Reviewer,False
1199,1149,785,Blocker,False
1200,363,786,Blocker,False
1201,2297,787,Legal Reviewer,False
1202,343,788,Champion,True
1203,570,253,Blocker,False
1204,1738,790,Technical Evaluator,False
1205,2,790,Economic Buyer,True
1206,1258,791,Technical Evaluator,False
1207,623,792,Legal Reviewer,False
1208,189,793,Technical Evaluator,False
1209,883,793,Champion,True
1210,2293,794,Coach,False
1211,1601,795,Coach,False
1212,2251,796,End User,False
1213,2965,797,End User,False
1214,2157,797,Technical Evaluator,False
1215,1629,797,Executive Sponsor,True
1216,207,798,Economic Buyer,True
1217,2797,799,Blocker,False
1218,1983,800,Technical Evaluator,False
1219,1651,800,Economic Buyer,True
1220,1184,801,Legal Reviewer,False
1221,2471,802,Technical Evaluator,False
1222,2714,804,Champion,True
1223,1809,352,Technical Evaluator,False
1224,853,352,Economic Buyer,True
1225,2630,806,Economic Buyer,True
1226,1013,806,Champion,True
1227,1805,806,Coach,False
1228,690,807,Champion,True
1229,1300,808,End User,False
1230,200,809,Economic Buyer,True
1231,1309,810,Champion,True
1232,2853,810,Coach,False
1233,2518,811,Economic Buyer,True
1234,1330,604,End User,False
1235,483,813,Technical Evaluator,False
1236,2882,813,End User,False
1237,1027,813,Coach,False
1238,330,813,Economic Buyer,True
1239,1742,814,Technical Evaluator,False
1240,776,814,Champion,True
1241,1423,815,Legal Reviewer,False
1242,2051,816,End User,False
1243,1444,817,Economic Buyer,True
1244,1219,818,Executive Sponsor,True
1245,1721,818,Coach,False
1246,363,819,Technical Evaluator,False
1247,1847,820,Champion,True
1248,1204,821,End User,False
1249,1210,821,Champion,True
1250,812,822,Champion,True
1251,5,822,Economic Buyer,True
1252,2872,823,End User,False
1253,224,824,Blocker,False
1254,1128,825,Champion,True
1255,1578,825,End User,False
1256,403,826,Technical Evaluator,False
1257,329,826,Champion,True
1258,2735,827,Technical Evaluator,False
1259,69,828,Economic Buyer,True
1260,2000,828,Technical Evaluator,False
1261,2270,828,Champion,True
1262,2937,829,Champion,True
1263,770,830,Technical Evaluator,False
1264,742,830,Champion,True
1265,767,831,Executive Sponsor,True
1266,207,832,Technical Evaluator,False
1267,2937,833,End User,False
1268,863,833,Champion,True
1269,426,833,Technical Evaluator,False
1270,20,834,Champion,True
1271,1050,836,Legal Reviewer,False
1272,2633,837,Legal Reviewer,False
1273,2163,837,Blocker,False
1274,1207,838,End User,False
1275,2213,838,Economic Buyer,True
1276,2518,839,End User,False
1277,1757,840,Technical Evaluator,False
1278,2145,840,End User,False
1279,118,840,Economic Buyer,True
1280,188,841,Economic Buyer,True
1281,838,841,Technical Evaluator,False
1282,258,841,Coach,False
1283,1173,841,End User,False
1284,2364,842,Coach,False
1285,1550,843,Technical Evaluator,False
1286,2136,844,Blocker,False
1287,2462,844,Champion,True
1288,2912,845,Coach,False
1289,2795,845,Champion,True
1290,1546,846,Technical Evaluator,False
1291,1991,846,Economic Buyer,True
1292,856,846,End User,False
1293,1747,847,Champion,True
1294,2522,849,Champion,True
1295,195,849,Technical Evaluator,False
1296,1648,850,Legal Reviewer,False
1297,1085,850,Economic Buyer,True
1298,2483,851,Technical Evaluator,False
1299,1343,852,Champion,True
1300,1239,852,Technical Evaluator,False
1301,1045,853,Coach,False
1302,1865,854,End User,False
1303,74,855,Legal Reviewer,False
1304,205,855,Coach,False
1305,1122,856,Technical Evaluator,False
1306,1059,856,Economic Buyer,True
1307,1890,857,End User,False
1308,1554,857,Champion,True
1309,2989,858,Executive Sponsor,True
1310,377,859,Champion,True
1311,1332,859,Technical Evaluator,False
1312,292,859,End User,False
1313,209,860,Champion,True
1314,1735,860,Legal Reviewer,False
1315,1055,860,Executive Sponsor,True
1316,1138,861,End User,False
1317,1707,862,Champion,True
1318,1859,863,Technical Evaluator,False
1319,2486,864,Champion,True
1320,2723,865,Economic Buyer,True
1321,1744,865,Technical Evaluator,False
1322,2966,866,End User,False
1323,2653,866,Blocker,False
1324,1264,867,Executive Sponsor,True
1325,2382,867,Economic Buyer,True
1326,23,868,End User,False
1327,2578,869,Champion,True
1328,1802,451,Economic Buyer,True
1329,1354,871,Champion,True
1330,1874,872,Champion,True
1331,1956,872,Technical Evaluator,False
1332,529,872,Coach,False
1333,2622,873,Technical Evaluator,False
1334,2313,874,Champion,True
1335,1814,874,Technical Evaluator,False
1336,176,875,End User,False
1337,845,875,Technical Evaluator,False
1338,1439,876,End User,False
1339,2580,877,End User,False
1340,577,879,End User,False
1341,1034,879,Technical Evaluator,False
1342,774,880,Technical Evaluator,False
1343,1116,881,Economic Buyer,True
1344,190,881,Executive Sponsor,True
1345,125,881,Blocker,False
1346,2703,882,End User,False
1347,2982,883,Champion,True
1348,801,884,End User,False
1349,1766,884,Technical Evaluator,False
1350,2933,885,Technical Evaluator,False
1351,1353,886,Technical Evaluator,False
1352,929,886,Legal Reviewer,False
1353,914,886,Champion,True
1354,2224,887,Coach,False
1355,587,888,End User,False
1356,1844,889,Executive Sponsor,True
1357,2070,890,Executive Sponsor,True
1358,1617,890,Economic Buyer,True
1359,655,891,End User,False
1360,310,891,Blocker,False
1361,1703,891,Champion,True
1362,1497,892,Executive Sponsor,True
1363,337,892,End User,False
1364,2118,892,Technical Evaluator,False
1365,1573,893,Technical Evaluator,False
1366,1230,399,Executive Sponsor,True
1367,1872,895,Legal Reviewer,False
1368,2720,895,End User,False
1369,327,895,Champion,True
1370,2170,896,Technical Evaluator,False
1371,485,896,Executive Sponsor,True
1372,1447,896,Blocker,False
1373,1089,896,Legal Reviewer,False
1374,1649,897,Economic Buyer,True
1375,996,898,Coach,False
1376,2517,898,End User,False
1377,351,899,Economic Buyer,True
1378,1203,900,Technical Evaluator,False
1379,1626,900,Blocker,False
1380,54,901,Legal Reviewer,False
1381,1144,902,Economic Buyer,True
1382,1426,903,Executive Sponsor,True
1383,2153,903,Champion,True
1384,2616,903,Blocker,False
1385,505,904,Technical Evaluator,False
1386,2416,904,Champion,True
1387,2118,905,Executive Sponsor,True
1388,2715,906,End User,False
1389,2264,906,Technical Evaluator,False
1390,2600,907,Champion,True
1391,711,908,Coach,False
1392,1129,909,Technical Evaluator,False
1393,201,910,Technical Evaluator,False
1394,2512,911,Technical Evaluator,False
1395,2280,911,Coach,False
1396,1138,911,Legal Reviewer,False
1397,1220,913,Technical Evaluator,False
1398,1910,914,Technical Evaluator,False
1399,121,914,Economic Buyer,True
1400,735,914,Executive Sponsor,True
1401,35,915,Coach,False
1402,471,916,Technical Evaluator,False
1403,720,916,Coach,False
1404,2459,916,Executive Sponsor,True
1405,671,917,End User,False
1406,392,917,Executive Sponsor,True
1407,1680,918,Technical Evaluator,False
1408,1500,918,Champion,True
1409,320,918,Economic Buyer,True
1410,2179,919,Champion,True
1411,2359,920,Champion,True
1412,1062,920,Legal Reviewer,False
1413,1417,921,End User,False
1414,338,921,Technical Evaluator,False
1415,1694,921,Champion,True
1416,846,922,End User,False
1417,1692,923,End User,False
1418,1617,925,Economic Buyer,True
1419,397,926,Champion,True
1420,449,926,Executive Sponsor,True
1421,895,927,Champion,True
1422,2525,927,Coach,False
1423,2386,928,Technical Evaluator,False
1424,969,928,Champion,True
1425,266,929,Blocker,False
1426,386,929,Champion,True
1427,1958,930,Technical Evaluator,False
1428,1770,931,Blocker,False
1429,841,932,Legal Reviewer,False
1430,1332,933,Champion,True
1431,408,934,Economic Buyer,True
1432,21,934,Champion,True
1433,1636,250,Champion,True
1434,65,250,Legal Reviewer,False
1435,912,936,Champion,True
1436,2449,937,Blocker,False
1437,2807,938,Economic Buyer,True
1438,15,939,End User,False
1439,482,940,Blocker,False
1440,2477,941,Technical Evaluator,False
1441,181,942,Technical Evaluator,False
1442,75,943,Technical Evaluator,False
1443,2661,943,Coach,False
1444,1894,944,End User,False
1445,139,944,Technical Evaluator,False
1446,2868,944,Executive Sponsor,True
1447,274,945,Champion,True
1448,118,946,Technical Evaluator,False
1449,1757,946,Champion,True
1450,2145,946,Economic Buyer,True
1451,557,947,Executive Sponsor,True
1452,2465,948,Economic Buyer,True
1453,921,948,Legal Reviewer,False
1454,1737,948,Champion,True
1455,2579,949,Champion,True
1456,1984,950,End User,False
1457,2964,950,Technical Evaluator,False
1458,678,951,Technical Evaluator,False
1459,529,952,Technical Evaluator,False
1460,1956,952,Legal Reviewer,False
1461,251,953,End User,False
1462,1250,953,Executive Sponsor,True
1463,2977,954,Champion,True
1464,351,954,Technical Evaluator,False
1465,73,955,Champion,True
1466,1319,955,Technical Evaluator,False
1467,2265,955,Coach,False
1468,2175,956,Economic Buyer,True
1469,1790,956,End User,False
1470,721,957,Technical Evaluator,False
1471,1497,958,Economic Buyer,True
1472,2567,959,Champion,True
1473,1441,959,Executive Sponsor,True
1474,1591,960,Blocker,False
1475,1519,961,Technical Evaluator,False
1476,2451,961,End User,False
1477,2707,961,Economic Buyer,True
1478,20,961,Champion,True
1479,547,962,Economic Buyer,True
1480,2047,962,Legal Reviewer,False
1481,457,963,Blocker,False
1482,2420,964,End User,False
1483,1287,965,Champion,True
1484,2258,966,Coach,False
1485,724,966,Technical Evaluator,False
1486,1747,967,Technical Evaluator,False
1487,1384,968,Economic Buyer,True
1488,868,968,Coach,False
1489,2502,969,Executive Sponsor,True
1490,1543,969,Coach,False
1491,475,970,Coach,False
1492,2991,970,End User,False
1493,200,971,Champion,True
1494,2620,973,Technical Evaluator,False
1495,2529,974,End User,False
1496,1489,974,Champion,True
1497,2159,975,Technical Evaluator,False
1498,1984,976,Economic Buyer,True
1499,2964,976,Blocker,False
1500,818,977,Technical Evaluator,False
1501,1369,977,Legal Reviewer,False
1502,1282,978,End User,False
1503,2336,979,Champion,True
1504,891,979,Coach,False
1505,800,980,End User,False
1506,1679,981,Executive Sponsor,True
1507,844,982,Economic Buyer,True
1508,1320,983,Coach,False
1509,1925,984,Economic Buyer,True
1510,2185,985,End User,False
1511,858,985,Technical Evaluator,False
1512,533,986,End User,False
1513,5,987,Coach,False
1514,610,293,Economic Buyer,True
1515,518,293,Executive Sponsor,True
1516,2584,989,Coach,False
1517,1732,990,End User,False
1518,2188,990,Technical Evaluator,False
1519,2138,990,Coach,False
1520,1964,991,Technical Evaluator,False
1521,1421,992,Executive Sponsor,True
1522,2683,992,Champion,True
1523,839,993,Economic Buyer,True
1524,1239,994,Technical Evaluator,False
1525,2929,995,Champion,True
1526,251,720,Coach,False
1527,1250,720,Technical Evaluator,False
1528,1175,997,Economic Buyer,True
1529,2598,997,Champion,True
1530,479,998,End User,False
1531,418,999,Coach,False
1532,1372,999,Technical Evaluator,False
1533,335,999,End User,False
1534,186,1000,Coach,False
1535,1541,1000,Champion,True
1536,345,1000,Economic Buyer,True
1537,77,1001,Technical Evaluator,False
1538,820,1001,Coach,False
1539,1456,1002,Executive Sponsor,True
1540,1471,1003,Legal Reviewer,False
1541,1966,1003,Blocker,False
1542,1547,1003,Champion,True
1543,2503,1004,Champion,True
1544,2091,1005,End User,False
1545,1724,1006,Economic Buyer,True
1546,600,1006,Technical Evaluator,False
1547,701,1006,End User,False
1548,1352,1006,Coach,False
1549,1142,1007,Technical Evaluator,False
1550,2522,1008,Executive Sponsor,True
1551,195,1008,Champion,True
1552,2172,252,End User,False
1553,2590,1010,Champion,True
1554,1069,1010,Technical Evaluator,False
1555,839,752,Champion,True
1556,1140,1012,Blocker,False
1557,720,1013,Blocker,False
1558,471,1013,Champion,True
1559,721,1013,Technical Evaluator,False
1560,2459,1013,Executive Sponsor,True
1561,1458,1014,Champion,True
1562,52,1015,End User,False
1563,2285,1016,Champion,True
1564,71,1017,End User,False
1565,722,1018,Economic Buyer,True
1566,2002,1019,Technical Evaluator,False
1567,648,1020,End User,False
1568,809,1021,End User,False
1569,2341,1021,Executive Sponsor,True
1570,2639,1021,Economic Buyer,True
1571,2839,1022,Technical Evaluator,False
1572,960,1022,Champion,True
1573,2492,1023,End User,False
1574,37,1023,Technical Evaluator,False
1575,1813,1024,Champion,True
1576,816,1025,End User,False
1577,527,1025,Economic Buyer,True
1578,1204,1026,Legal Reviewer,False
1579,1028,1027,Technical Evaluator,False
1580,731,1027,Blocker,False
1581,2608,1028,Champion,True
1582,2407,1029,Executive Sponsor,True
1583,2171,1029,Technical Evaluator,False
1584,230,1029,Coach,False
1585,1454,1029,Economic Buyer,True
1586,2163,1030,End User,False
1587,2633,1030,Legal Reviewer,False
1588,1193,1031,Champion,True
1589,1148,1031,Blocker,False
1590,1458,1032,Coach,False
1591,2045,1033,Champion,True
1592,1446,1034,End User,False
1593,793,1034,Economic Buyer,True
1594,2859,1034,Technical Evaluator,False
1595,2352,1034,Blocker,False
1596,2328,1035,Technical Evaluator,False
1597,207,1036,Blocker,False
1598,838,1037,Champion,True
1599,188,1037,Blocker,False
1600,2485,911,Economic Buyer,True
1601,1872,911,Coach,False
1602,1851,1039,Champion,True
1603,2240,1039,Blocker,False
1604,1996,1040,Executive Sponsor,True
1605,1110,1041,End User,False
1606,1086,1041,Coach,False
1607,948,1041,Champion,True
1608,2346,1041,Technical Evaluator,False
1609,625,1042,Technical Evaluator,False
1610,2672,1042,Economic Buyer,True
1611,2474,1043,Champion,True
1612,1360,1043,Blocker,False
1613,2449,1044,Champion,True
1614,870,280,Champion,True
1615,937,280,End User,False
1616,147,1046,Blocker,False
1617,2952,1046,End User,False
1618,1687,1047,Champion,True
1619,2536,1048,Champion,True
1620,1437,1048,Legal Reviewer,False
1621,1382,1049,Legal Reviewer,False
1622,2855,1050,Technical Evaluator,False
1623,353,1050,Champion,True
1624,1841,1050,End User,False
1625,2754,1051,Executive Sponsor,True
1626,2119,1052,End User,False
1627,319,1053,End User,False
1628,1368,1054,Technical Evaluator,False
1629,2930,1055,Champion,True
1630,1260,1056,Economic Buyer,True
1631,2320,1057,Executive Sponsor,True
1632,1791,1058,Technical Evaluator,False
1633,2079,1059,End User,False
1634,2227,1059,Blocker,False
1635,1432,1060,Blocker,False
1636,1580,1061,Champion,True
1637,939,1062,End User,False
1638,32,1062,Champion,True
1639,60,1062,Technical Evaluator,False
1640,2996,1062,Economic Buyer,True
1641,502,1063,Technical Evaluator,False
1642,875,1064,Technical Evaluator,False
1643,1635,1065,End User,False
1644,973,1065,Technical Evaluator,False
1645,435,1065,Economic Buyer,True
1646,2393,1066,Executive Sponsor,True
1647,2011,1067,Coach,False
1648,1067,1067,End User,False
1649,2030,1068,Blocker,False
1650,2471,1068,Technical Evaluator,False
1651,1219,1069,Champion,True
1652,1758,1070,End User,False
1653,1584,1070,Blocker,False
1654,166,1071,End User,False
1655,2082,1072,Coach,False
1656,2796,1072,End User,False
1657,1838,1072,Champion,True
1658,2094,1072,Technical Evaluator,False
1659,508,1073,Coach,False
1660,2549,1074,End User,False
1661,2705,1075,Economic Buyer,True
1662,2836,1076,Champion,True
1663,2233,1076,Economic Buyer,True
1664,376,1076,End User,False
1665,971,1076,Blocker,False
1666,2798,1077,Legal Reviewer,False
1667,1060,1077,Champion,True
1668,2904,1077,Executive Sponsor,True
1669,2888,1077,Economic Buyer,True
1670,441,1078,Technical Evaluator,False
1671,1142,1078,Economic Buyer,True
1672,2257,1079,Economic Buyer,True
1673,1865,1080,Champion,True
1674,2743,1081,Economic Buyer,True
1675,1553,1081,End User,False
1676,474,1081,Champion,True
1677,2235,1082,Legal Reviewer,False
1678,2540,1084,Champion,True
1679,1428,1085,Blocker,False
1680,1065,1086,End User,False
1681,2277,1087,Executive Sponsor,True
1682,762,1088,Technical Evaluator,False
1683,131,1088,Champion,True
1684,1156,1089,End User,False
1685,391,1089,Executive Sponsor,True
1686,1793,1089,Technical Evaluator,False
1687,2161,1089,Coach,False
1688,107,1090,End User,False
1689,1254,1091,Executive Sponsor,True
1690,2434,1091,Champion,True
1691,2644,1093,Technical Evaluator,False
1692,2534,1094,Executive Sponsor,True
1693,1533,1094,Technical Evaluator,False
1694,1270,1095,Champion,True
1695,2202,1096,Champion,True
1696,1364,1096,Technical Evaluator,False
1697,1206,1096,Economic Buyer,True
1698,368,1097,End User,False
1699,1499,1098,Legal Reviewer,False
1700,629,1099,Technical Evaluator,False
1701,2081,1099,Coach,False
1702,1715,1099,Economic Buyer,True
1703,2177,1100,Executive Sponsor,True
1704,98,1100,Technical Evaluator,False
1705,2961,1101,Legal Reviewer,False
1706,1776,1102,Coach,False
1707,2975,1102,Economic Buyer,True
1708,1169,1103,Technical Evaluator,False
1709,1030,1103,Champion,True
1710,1917,1104,Coach,False
1711,2603,1105,Blocker,False
1712,727,1105,Technical Evaluator,False
1713,2064,1106,Coach,False
1714,2614,1107,Economic Buyer,True
1715,163,1107,Champion,True
1716,2392,1108,Champion,True
1717,1390,1109,Economic Buyer,True
1718,2560,1110,Legal Reviewer,False
1719,689,483,Economic Buyer,True
1720,1915,483,Technical Evaluator,False
1721,1026,483,Champion,True
1722,1730,1112,Blocker,False
1723,311,1113,Executive Sponsor,True
1724,1007,1114,End User,False
1725,1489,1114,Coach,False
1726,1937,1114,Blocker,False
1727,1622,1115,Economic Buyer,True
1728,1064,1116,Executive Sponsor,True
1729,785,1117,Executive Sponsor,True
1730,2252,1119,Economic Buyer,True
1731,2423,1120,Technical Evaluator,False
1732,967,1120,Champion,True
1733,2009,1121,Economic Buyer,True
1734,2604,1122,Legal Reviewer,False
1735,1943,1123,Technical Evaluator,False
1736,381,1123,Economic Buyer,True
1737,607,1124,Champion,True
1738,2073,1124,Technical Evaluator,False
1739,2315,1125,Coach,False
1740,1830,1125,End User,False
1741,165,1125,Technical Evaluator,False
1742,959,1127,End User,False
1743,706,1127,Champion,True
1744,646,723,Champion,True
1745,1178,1129,Executive Sponsor,True
1746,2548,1130,End User,False
1747,126,1131,Champion,True
1748,1004,1132,Champion,True
1749,2362,1132,Economic Buyer,True
1750,977,1132,End User,False
1751,2954,1133,Coach,False
1752,2314,1133,End User,False
1753,2040,1133,Economic Buyer,True
1754,687,1134,Coach,False
1755,2075,1135,Technical Evaluator,False
1756,2545,1135,Champion,True
1757,1080,1135,End User,False
1758,1729,1136,Economic Buyer,True
1759,1876,1136,Executive Sponsor,True
1760,232,1137,End User,False
1761,349,1137,Champion,True
1762,767,1138,Champion,True
1763,127,1139,Technical Evaluator,False
1764,268,1140,Technical Evaluator,False
1765,1783,1141,End User,False
1766,1148,1142,Technical Evaluator,False
1767,2628,1143,Technical Evaluator,False
1768,1298,1143,Economic Buyer,True
1769,152,1144,Champion,True
1770,314,1144,Executive Sponsor,True
1771,1525,1145,Coach,False
1772,2388,1146,Executive Sponsor,True
1773,692,1147,Economic Buyer,True
1774,2106,1147,Champion,True
1775,640,1148,Champion,True
1776,1567,1148,Technical Evaluator,False
1777,1443,1148,Economic Buyer,True
1778,2474,1149,Champion,True
1779,1360,1149,Legal Reviewer,False
1780,538,1150,Economic Buyer,True
1781,1599,1150,Blocker,False
1782,497,1151,End User,False
1783,1079,1151,Economic Buyer,True
1784,2159,1152,Executive Sponsor,True
1785,2580,1152,Blocker,False
1786,1084,1153,Coach,False
1787,1412,1154,Executive Sponsor,True
1788,1272,1155,End User,False
1789,2326,1155,Executive Sponsor,True
1790,1183,1156,Legal Reviewer,False
1791,712,1156,End User,False
1792,1813,1157,End User,False
1793,637,1158,Technical Evaluator,False
1794,281,1159,Blocker,False
1795,930,1159,End User,False
1796,878,1160,End User,False
1797,1394,503,Blocker,False
1798,2119,1162,Coach,False
1799,500,1163,Technical Evaluator,False
1800,1511,1163,Legal Reviewer,False
1801,489,1164,Legal Reviewer,False
1802,863,1165,End User,False
1803,2937,1165,Champion,True
1804,426,1165,Legal Reviewer,False
1805,487,1166,Coach,False
1806,1215,1166,Executive Sponsor,True
1807,2136,1004,Economic Buyer,True
1808,2462,1004,End User,False
1809,354,1168,Champion,True
1810,509,1168,Executive Sponsor,True
1811,2187,1169,End User,False
1812,474,1170,End User,False
1813,1553,1170,Technical Evaluator,False
1814,1406,1172,Champion,True
1815,1984,1173,Economic Buyer,True
1816,268,1174,Champion,True
1817,2159,1175,Executive Sponsor,True
1818,229,1176,Coach,False
1819,328,1176,Champion,True
1820,1774,1177,Champion,True
1821,772,1178,Legal Reviewer,False
1822,80,1178,Technical Evaluator,False
1823,1149,1178,Executive Sponsor,True
1824,957,1179,Technical Evaluator,False
1825,740,1179,Executive Sponsor,True
1826,2176,1180,Executive Sponsor,True
1827,2328,1181,End User,False
1828,515,1182,Economic Buyer,True
1829,1550,1182,Champion,True
1830,274,1184,Technical Evaluator,False
1831,95,1185,Champion,True
1832,2385,1186,Coach,False
1833,1928,1187,Technical Evaluator,False
1834,2528,1187,Champion,True
1835,921,1188,Technical Evaluator,False
1836,1737,1188,End User,False
1837,415,1189,Champion,True
1838,2122,1190,Technical Evaluator,False
1839,955,1190,Blocker,False
1840,2929,1191,End User,False
1841,2376,1192,End User,False
1842,1709,1193,Champion,True
1843,804,1193,Technical Evaluator,False
1844,58,1194,End User,False
1845,456,1194,Coach,False
1846,1266,364,Technical Evaluator,False
1847,2444,1196,Economic Buyer,True
1848,1557,1196,Executive Sponsor,True
1849,2392,1197,Champion,True
1850,1473,1198,Technical Evaluator,False
1851,618,1199,Champion,True
1852,1412,1199,Technical Evaluator,False
1853,968,1200,Champion,True
1854,2008,1201,Legal Reviewer,False
1855,1195,1202,Champion,True
1856,2326,1203,Technical Evaluator,False
1857,1877,1204,Economic Buyer,True
1858,1903,1204,Technical Evaluator,False
1859,31,1204,Champion,True
1860,2811,1204,Legal Reviewer,False
1861,2781,1205,Executive Sponsor,True
1862,783,1206,End User,False
1863,398,1207,End User,False
1864,625,1208,Coach,False
1865,1025,1208,Executive Sponsor,True
1866,2315,1209,Technical Evaluator,False
1867,412,1209,End User,False
1868,1830,1209,Champion,True
1869,541,1210,Economic Buyer,True
1870,622,1212,Executive Sponsor,True
1871,1147,1212,Economic Buyer,True
1872,2049,1212,Legal Reviewer,False
1873,187,1212,Coach,False
1874,1830,1213,End User,False
1875,1122,1214,Technical Evaluator,False
1876,2275,1215,Technical Evaluator,False
1877,2493,1216,Economic Buyer,True
1878,1097,1216,Champion,True
1879,1834,1216,Executive Sponsor,True
1880,1174,1216,Coach,False
1881,2978,1217,Champion,True
1882,1312,1219,End User,False
1883,1888,1219,Technical Evaluator,False
1884,513,1220,Economic Buyer,True
1885,2767,1221,Blocker,False
1886,817,1221,Champion,True
1887,715,1221,Coach,False
1888,1457,1222,Champion,True
1889,892,1222,Executive Sponsor,True
1890,2284,1223,Executive Sponsor,True
1891,2570,1223,Economic Buyer,True
1892,2237,1223,Technical Evaluator,False
1893,2569,1224,Coach,False
1894,2360,1224,Technical Evaluator,False
1895,370,1224,End User,False
1896,1926,1224,Legal Reviewer,False
1897,2853,1225,Technical Evaluator,False
1898,632,1225,Champion,True
1899,420,1225,Executive Sponsor,True
1900,1309,1225,Economic Buyer,True
1901,1855,1226,Technical Evaluator,False
1902,598,1227,Blocker,False
1903,2876,1228,End User,False
1904,517,1228,Coach,False
1905,2241,1229,Champion,True
1906,2893,1230,Economic Buyer,True
1907,1387,1231,Executive Sponsor,True
1908,2317,1231,End User,False
1909,1655,1232,Champion,True
1910,1124,1234,Blocker,False
1911,1017,1234,End User,False
1912,2318,611,Technical Evaluator,False
1913,2243,1236,Legal Reviewer,False
1914,1440,1023,Technical Evaluator,False
1915,2905,1239,Economic Buyer,True
1916,2771,1239,Technical Evaluator,False
1917,393,1240,Champion,True
1918,2576,1241,Champion,True
1919,2981,1241,Economic Buyer,True
1920,155,1242,End User,False
1921,917,1243,Coach,False
1922,524,1243,Champion,True
1923,2946,1243,Economic Buyer,True
1924,382,1244,Technical Evaluator,False
1925,2810,1244,Coach,False
1926,108,1245,Technical Evaluator,False
1927,1208,1246,Technical Evaluator,False
1928,438,1247,End User,False
1929,2955,1248,Champion,True
1930,2488,1249,Champion,True
1931,2491,1250,Technical Evaluator,False
1932,335,1251,End User,False
1933,2120,1252,Technical Evaluator,False
1934,426,1253,Economic Buyer,True
1935,2712,1254,End User,False
1936,1933,1255,Economic Buyer,True
1937,1022,1255,Champion,True
1938,2194,1255,End User,False
1939,2620,1256,Champion,True
1940,2390,1257,End User,False
1941,331,1258,Champion,True
1942,2890,1259,Technical Evaluator,False
1943,2880,1260,Champion,True
1944,2281,1260,Economic Buyer,True
1945,441,1261,Technical Evaluator,False
1946,2392,1262,Technical Evaluator,False
1947,1163,1263,Champion,True
1948,998,1264,Economic Buyer,True
1949,463,1264,Blocker,False
1950,108,1265,Blocker,False
1951,2926,1266,Blocker,False
1952,960,1266,Economic Buyer,True
1953,2839,1266,Champion,True
1954,986,1266,Coach,False
1955,2846,1267,Technical Evaluator,False
1956,997,1268,Champion,True
1957,2239,1269,Coach,False
1958,1803,1269,Economic Buyer,True
1959,997,1270,End User,False
1960,2874,1272,Champion,True
1961,2812,1273,Champion,True
1962,1036,1274,Executive Sponsor,True
1963,2802,1275,Economic Buyer,True
1964,1198,1275,Technical Evaluator,False
1965,582,1276,Blocker,False
1966,1452,1277,Champion,True
1967,767,1278,Legal Reviewer,False
1968,2109,1279,Blocker,False
1969,2570,1280,Economic Buyer,True
1970,2284,1280,Coach,False
1971,2237,1280,Blocker,False
1972,2407,1281,Coach,False
1973,2171,1281,Legal Reviewer,False
1974,67,1282,Coach,False
1975,2688,1283,Technical Evaluator,False
1976,2453,1283,Blocker,False
1977,1770,1284,Executive Sponsor,True
1978,269,1285,End User,False
1979,2856,1285,Technical Evaluator,False
1980,86,1286,Technical Evaluator,False
1981,1377,1288,End User,False
1982,1740,1289,End User,False
1983,2792,1290,End User,False
1984,1888,1291,Blocker,False
1985,2411,1292,Executive Sponsor,True
1986,794,1293,Executive Sponsor,True
1987,473,1293,Economic Buyer,True
1988,2117,1293,Coach,False
1989,1644,1294,Champion,True
1990,2571,1294,Technical Evaluator,False
1991,1093,1295,Technical Evaluator,False
1992,590,1295,Economic Buyer,True
1993,1523,1295,Executive Sponsor,True
1994,639,1296,Executive Sponsor,True
1995,1326,1296,Champion,True
1996,2089,1297,Technical Evaluator,False
1997,1057,1298,Blocker,False
1998,223,1298,End User,False
1999,1548,1298,Champion,True
2000,2378,1299,Technical Evaluator,False
2001,1831,1300,Coach,False
2002,472,1300,Technical Evaluator,False
2003,2534,1301,Technical Evaluator,False
2004,1533,1301,Legal Reviewer,False
2005,766,1302,Technical Evaluator,False
2006,1038,1304,Technical Evaluator,False
2007,2172,1305,Champion,True
2008,2684,1307,Champion,True
2009,2565,1309,Technical Evaluator,False
2010,2589,1310,Economic Buyer,True
2011,175,1310,Blocker,False
2012,2488,1311,Economic Buyer,True
2013,2215,1311,Technical Evaluator,False
2014,2871,1312,Champion,True
2015,1885,1312,Legal Reviewer,False
2016,180,1313,End User,False
2017,295,1313,Legal Reviewer,False
2018,2816,1314,Executive Sponsor,True
2019,604,1314,Economic Buyer,True
2020,878,1315,Legal Reviewer,False
2021,155,1316,Economic Buyer,True
2022,833,1317,Champion,True
2023,1477,1318,Executive Sponsor,True
2024,1670,1318,Economic Buyer,True
2025,1385,1319,Legal Reviewer,False
2026,936,1320,Coach,False
2027,1949,1320,Technical Evaluator,False
2028,1155,1320,End User,False
2029,1293,1321,Technical Evaluator,False
2030,1940,1322,End User,False
2031,2637,1322,Economic Buyer,True
2032,980,1323,Economic Buyer,True
2033,2306,1323,Legal Reviewer,False
2034,2678,1324,End User,False
2035,747,1325,Technical Evaluator,False
2036,1332,1326,Champion,True
2037,377,1326,Technical Evaluator,False
2038,292,1326,Blocker,False
2039,634,1326,Economic Buyer,True
2040,748,1327,Blocker,False
2041,2083,1328,Technical Evaluator,False
2042,1119,1329,Legal Reviewer,False
2043,1414,1329,Economic Buyer,True
2044,516,1329,Champion,True
2045,123,1330,Coach,False
2046,2579,1331,End User,False
2047,2898,1332,End User,False
2048,2582,1332,Technical Evaluator,False
2049,2131,1333,Champion,True
2050,1776,1334,Executive Sponsor,True
2051,1626,1335,Coach,False
2052,1203,1335,Technical Evaluator,False
2053,1592,1336,Technical Evaluator,False
2054,822,1337,Economic Buyer,True
2055,2537,1338,Economic Buyer,True
2056,359,1339,Executive Sponsor,True
2057,2031,1340,Coach,False
2058,1861,1340,Technical Evaluator,False
2059,1824,1340,Blocker,False
2060,808,1341,Economic Buyer,True
2061,221,1341,Champion,True
2062,718,1342,Champion,True
2063,1749,1343,Technical Evaluator,False
2064,222,1344,Blocker,False
2065,2556,1345,Executive Sponsor,True
2066,1225,1346,Legal Reviewer,False
2067,2251,1347,Champion,True
2068,2623,1348,Economic Buyer,True
2069,2670,1349,End User,False
2070,1501,1349,Champion,True
2071,1337,1350,Technical Evaluator,False
2072,2609,1351,Technical Evaluator,False
2073,49,1351,Blocker,False
2074,2863,1351,Champion,True
2075,2674,1352,Technical Evaluator,False
2076,2108,1352,Executive Sponsor,True
2077,2250,1353,End User,False
2078,1486,1354,Technical Evaluator,False
2079,444,1354,Legal Reviewer,False
2080,760,1354,Champion,True
2081,1620,1355,Economic Buyer,True
2082,30,1356,Champion,True
2083,1591,1356,Blocker,False
2084,818,1356,Economic Buyer,True
2085,1240,1357,Technical Evaluator,False
2086,458,1357,Economic Buyer,True
2087,2853,1358,Executive Sponsor,True
2088,632,1358,Technical Evaluator,False
2089,780,1359,Technical Evaluator,False
2090,2186,1359,Economic Buyer,True
2091,2642,1360,End User,False
2092,2552,1361,Champion,True
2093,2609,1362,Technical Evaluator,False
2094,809,1363,Champion,True
2095,447,1364,Blocker,False
2096,2452,1364,End User,False
2097,887,1364,Economic Buyer,True
2098,1456,1365,Technical Evaluator,False
2099,1857,150,Economic Buyer,True
2100,1354,1367,Economic Buyer,True
2101,427,1368,Executive Sponsor,True
2102,909,1369,Coach,False
2103,51,1370,Coach,False
2104,791,1370,Champion,True
2105,2163,17,Economic Buyer,True
2106,2633,17,Champion,True
2107,2545,1372,End User,False
2108,1408,1372,Champion,True
2109,200,1373,Executive Sponsor,True
2110,598,1374,Coach,False
2111,1827,1375,Legal Reviewer,False
2112,2622,1375,Blocker,False
2113,2237,1376,End User,False
2114,2570,1376,Technical Evaluator,False
2115,2284,1376,Champion,True
2116,2930,1377,Legal Reviewer,False
2117,619,1377,Technical Evaluator,False
2118,1130,1378,Blocker,False
2119,2989,1247,Legal Reviewer,False
2120,779,1247,Technical Evaluator,False
2121,2392,1381,Coach,False
2122,2415,1382,Champion,True
2123,2725,1383,Champion,True
2124,1888,1383,Blocker,False
2125,2179,1383,Legal Reviewer,False
2126,1312,1383,Technical Evaluator,False
2127,838,1384,Technical Evaluator,False
2128,1362,1385,Champion,True
2129,2195,1385,End User,False
2130,2301,1386,Legal Reviewer,False
2131,906,1386,Technical Evaluator,False
2132,739,1387,Technical Evaluator,False
2133,1336,1388,Technical Evaluator,False
2134,1190,1389,Champion,True
2135,496,1389,Economic Buyer,True
2136,2955,1390,Technical Evaluator,False
2137,1478,1391,Champion,True
2138,579,1392,Technical Evaluator,False
2139,2040,1393,End User,False
2140,2954,1393,Technical Evaluator,False
2141,2314,1393,Coach,False
2142,1276,1393,Blocker,False
2143,472,1394,Champion,True
2144,2051,1395,Technical Evaluator,False
2145,2907,1396,Champion,True
2146,1391,1396,Technical Evaluator,False
2147,968,1396,End User,False
2148,1073,1397,Economic Buyer,True
2149,1105,1397,Coach,False
2150,2961,1399,Coach,False
2151,2093,1399,Champion,True
2152,2418,1399,Technical Evaluator,False
2153,506,1399,Economic Buyer,True
2154,2436,1400,Economic Buyer,True
2155,97,1401,Executive Sponsor,True
2156,2323,1402,End User,False
2157,903,1402,Economic Buyer,True
2158,2989,1403,Executive Sponsor,True
2159,1685,1404,Technical Evaluator,False
2160,600,1404,Champion,True
2161,415,1405,Blocker,False
2162,816,1406,Economic Buyer,True
2163,527,1406,Champion,True
2164,1473,1407,Coach,False
2165,1900,1408,Coach,False
2166,2742,1409,End User,False
2167,926,1410,Technical Evaluator,False
2168,1933,1411,Technical Evaluator,False
2169,2840,1412,Champion,True
2170,1464,1412,End User,False
2171,2736,1413,Blocker,False
2172,2603,1415,Champion,True
2173,2760,1416,End User,False
2174,614,1416,Economic Buyer,True
2175,630,1417,Technical Evaluator,False
2176,690,1418,Champion,True
2177,103,1419,Economic Buyer,True
2178,2874,1420,Champion,True
2179,272,1421,Technical Evaluator,False
2180,2172,1422,Champion,True
2181,2107,1423,Blocker,False
2182,1561,1424,Technical Evaluator,False
2183,500,1425,Champion,True
2184,1427,1425,Coach,False
2185,1651,1426,Coach,False
2186,1592,1427,Legal Reviewer,False
2187,733,1429,End User,False
2188,725,1430,Champion,True
2189,865,1430,End User,False
2190,2131,1431,End User,False
2191,495,1432,Champion,True
2192,1302,1432,Technical Evaluator,False
2193,1456,1433,Champion,True
2194,1754,1434,Economic Buyer,True
2195,1347,1435,Champion,True
2196,1159,1435,Economic Buyer,True
2197,2151,1436,Technical Evaluator,False
2198,641,1436,Executive Sponsor,True
2199,2456,1436,Economic Buyer,True
2200,26,1436,End User,False
2201,2034,1437,Champion,True
2202,427,1438,Technical Evaluator,False
2203,2356,1438,Champion,True
2204,1144,1438,End User,False
2205,71,1439,Technical Evaluator,False
2206,302,1440,Champion,True
2207,718,1441,Champion,True
2208,2293,1442,End User,False
2209,2288,1443,End User,False
2210,1012,1443,Economic Buyer,True
2211,416,1444,Technical Evaluator,False
2212,2373,1445,Champion,True
2213,1490,1445,Executive Sponsor,True
2214,2466,1445,Economic Buyer,True
2215,1045,1446,Executive Sponsor,True
2216,1902,1447,Technical Evaluator,False
2217,2946,1448,Blocker,False
2218,2578,1449,Technical Evaluator,False
2219,2394,1449,Champion,True
2220,2776,1450,Champion,True
2221,2795,1451,Champion,True
2222,1549,1452,End User,False
2223,651,1452,Blocker,False
2224,847,1452,Technical Evaluator,False
2225,1833,1453,Champion,True
2226,2803,1454,Champion,True
2227,383,1454,Executive Sponsor,True
2228,377,1455,Economic Buyer,True
2229,1332,1455,Legal Reviewer,False
2230,634,1455,Champion,True
2231,292,1455,Technical Evaluator,False
2232,348,1456,Economic Buyer,True
2233,1976,1457,End User,False
2234,2405,1458,Blocker,False
2235,2515,1459,Coach,False
2236,389,1460,Technical Evaluator,False
2237,2607,1461,Technical Evaluator,False
2238,2168,1461,Champion,True
2239,2746,1461,Coach,False
2240,2561,1461,Economic Buyer,True
2241,2131,1462,Legal Reviewer,False
2242,1944,1463,Technical Evaluator,False
2243,1101,1464,End User,False
2244,1310,1464,Coach,False
2245,1898,1465,Champion,True
2246,935,1466,Blocker,False
2247,1798,1467,End User,False
2248,2926,1468,Economic Buyer,True
2249,1044,1469,Technical Evaluator,False
2250,700,1470,Technical Evaluator,False
2251,2061,1470,Blocker,False
2252,1379,1471,Blocker,False
2253,940,1472,Blocker,False
2254,1547,1473,Economic Buyer,True
2255,1471,1473,End User,False
2256,1952,1474,Technical Evaluator,False
2257,2436,1475,End User,False
2258,1340,1476,End User,False
2259,2164,1476,Economic Buyer,True
2260,2090,1477,Executive Sponsor,True
2261,853,1123,Technical Evaluator,False
2262,2470,1479,Champion,True
2263,2119,1480,Economic Buyer,True
2264,1767,1481,Technical Evaluator,False
2265,2010,1481,Blocker,False
2266,2052,1482,Technical Evaluator,False
2267,2072,1483,Technical Evaluator,False
2268,2110,1484,Technical Evaluator,False
2269,654,1485,Technical Evaluator,False
2270,46,1486,Champion,True
2271,1689,1487,Economic Buyer,True
2272,2327,1487,Coach,False
2273,82,1487,Technical Evaluator,False
2274,1425,1488,Legal Reviewer,False
2275,2987,1488,Technical Evaluator,False
2276,2165,1489,Technical Evaluator,False
2277,1571,1489,Champion,True
2278,1685,1491,Economic Buyer,True
2279,2029,1492,Champion,True
2280,115,1492,Economic Buyer,True
2281,1547,1493,Economic Buyer,True
2282,2011,1494,Legal Reviewer,False
2283,1067,1494,Blocker,False
2284,1212,1495,Executive Sponsor,True
2285,54,1496,Technical Evaluator,False
2286,1212,1497,Executive Sponsor,True
2287,1686,1498,Champion,True
2288,1846,1499,Coach,False
2289,2825,1499,Executive Sponsor,True
2290,2761,1499,End User,False
2291,331,1500,Technical Evaluator,False
2292,2477,1501,Coach,False
2293,354,287,Legal Reviewer,False
2294,509,287,Technical Evaluator,False
2295,2460,1503,End User,False
2296,2917,1503,Technical Evaluator,False
2297,918,1504,Technical Evaluator,False
2298,2500,1505,End User,False
2299,2502,1506,Coach,False
2300,1468,1506,End User,False
2301,2910,1507,End User,False
2302,1376,1508,Economic Buyer,True
2303,2733,1330,Economic Buyer,True
2304,2447,1330,End User,False
2305,1330,1510,Champion,True
2306,2547,1511,Champion,True
2307,766,1511,Legal Reviewer,False
2308,622,1512,Technical Evaluator,False
2309,1147,1512,Champion,True
2310,1623,1513,End User,False
2311,659,1514,End User,False
2312,1661,1515,Technical Evaluator,False
2313,2088,1516,End User,False
2314,2498,1517,Technical Evaluator,False
2315,1738,1518,Blocker,False
2316,2,1518,Executive Sponsor,True
2317,601,1519,Economic Buyer,True
2318,2607,1520,Economic Buyer,True
2319,525,698,Technical Evaluator,False
2320,1783,1523,Technical Evaluator,False
2321,1083,1523,End User,False
2322,1186,1524,End User,False
2323,1440,1524,Blocker,False
2324,888,1525,End User,False
2325,383,1526,Legal Reviewer,False
2326,2941,1527,Economic Buyer,True
2327,1534,1528,Champion,True
2328,493,1529,Technical Evaluator,False
2329,2857,1529,Executive Sponsor,True
2330,57,1530,Blocker,False
2331,1480,1530,Economic Buyer,True
2332,930,1531,Economic Buyer,True
2333,2849,1532,Economic Buyer,True
2334,2341,1532,End User,False
2335,185,1533,Champion,True
2336,786,1533,Legal Reviewer,False
2337,1227,1533,Technical Evaluator,False
2338,2360,1534,Economic Buyer,True
2339,2267,1534,Champion,True
2340,1926,1534,Executive Sponsor,True
2341,370,1534,Technical Evaluator,False
2342,987,1535,Executive Sponsor,True
2343,180,1536,Technical Evaluator,False
2344,2378,1537,Technical Evaluator,False
2345,2219,1538,Champion,True
2346,2435,1539,Blocker,False
2347,2304,1539,End User,False
2348,99,1540,Economic Buyer,True
2349,2096,1541,Economic Buyer,True
2350,2264,1542,Technical Evaluator,False
2351,1035,1543,Coach,False
2352,2449,1543,Champion,True
2353,1264,1544,Champion,True
2354,1588,1546,Economic Buyer,True
2355,1566,1547,Champion,True
2356,1437,1548,Technical Evaluator,False
2357,1303,1549,Economic Buyer,True
2358,1898,1550,Technical Evaluator,False
2359,2263,1551,Economic Buyer,True
2360,717,1551,Coach,False
2361,65,1552,Technical Evaluator,False
2362,1636,1552,Executive Sponsor,True
2363,983,1553,Technical Evaluator,False
2364,458,1554,Coach,False
2365,1951,1555,End User,False
2366,293,1555,Technical Evaluator,False
2367,571,1555,Executive Sponsor,True
2368,183,1556,Champion,True
2369,528,1556,Technical Evaluator,False
2370,2074,1556,Economic Buyer,True
2371,55,1557,Champion,True
2372,2531,1558,Economic Buyer,True
2373,1212,1559,Technical Evaluator,False
2374,103,1560,Champion,True
2375,812,1561,Legal Reviewer,False
2376,1548,1562,Blocker,False
2377,1057,1562,Economic Buyer,True
2378,305,1563,Champion,True
2379,1577,1563,Technical Evaluator,False
2380,2608,1563,Coach,False
2381,872,1564,Champion,True
2382,37,1564,End User,False
2383,1733,1565,Champion,True
2384,1230,1566,Champion,True
2385,940,1567,Coach,False
2386,703,1567,Executive Sponsor,True
2387,1545,1568,Technical Evaluator,False
2388,2398,1568,Champion,True
2389,2536,1569,Champion,True
2390,1437,1569,End User,False
2391,2869,1569,Coach,False
2392,790,1570,Legal Reviewer,False
2393,2687,1570,Blocker,False
2394,758,1570,Technical Evaluator,False
2395,2254,1571,Executive Sponsor,True
2396,899,1572,Coach,False
2397,2522,1573,Technical Evaluator,False
2398,1697,1574,Economic Buyer,True
2399,117,1574,Champion,True
2400,1555,1574,Executive Sponsor,True
2401,2346,1575,Blocker,False
2402,529,1576,Technical Evaluator,False
2403,2893,1577,Economic Buyer,True
2404,2778,1577,Legal Reviewer,False
2405,2137,1577,Champion,True
2406,970,1578,Technical Evaluator,False
2407,1124,1578,Economic Buyer,True
2408,1017,1578,Executive Sponsor,True
2409,1956,1579,Technical Evaluator,False
2410,529,1579,Economic Buyer,True
2411,1594,1580,Technical Evaluator,False
2412,827,1580,Champion,True
2413,128,1581,Blocker,False
2414,142,1581,Technical Evaluator,False
2415,2113,1581,Champion,True
2416,1612,1582,Champion,True
2417,2178,1582,Coach,False
2418,2940,1582,Economic Buyer,True
2419,108,1583,End User,False
2420,2436,1584,Economic Buyer,True
2421,2675,1584,End User,False
2422,2172,1586,Technical Evaluator,False
2423,1192,1587,Champion,True
2424,1503,1587,End User,False
2425,1602,1588,Champion,True
2426,1257,1589,Champion,True
2427,2321,1590,Technical Evaluator,False
2428,378,1591,Technical Evaluator,False
2429,1331,1591,Economic Buyer,True
2430,2112,1592,End User,False
2431,2834,1592,Economic Buyer,True
2432,2265,1593,Technical Evaluator,False
2433,181,1594,Champion,True
2434,261,1595,Economic Buyer,True
2435,2282,1595,End User,False
2436,977,1596,Champion,True
2437,1385,1597,End User,False
2438,1424,1599,End User,False
2439,658,1599,Technical Evaluator,False
2440,549,1600,Economic Buyer,True
2441,379,1600,Coach,False
2442,755,1600,Blocker,False
2443,1881,1600,Executive Sponsor,True
2444,1568,1493,Coach,False
2445,643,1493,Champion,True
2446,2659,1602,Technical Evaluator,False
2447,770,1603,Champion,True
2448,742,1603,Economic Buyer,True
2449,2957,1604,Technical Evaluator,False
2450,1613,1604,Champion,True
2451,2797,1605,Economic Buyer,True
2452,2751,1605,Champion,True
2453,2586,1608,Champion,True
2454,1512,1608,Technical Evaluator,False
2455,843,1609,End User,False
2456,1025,1610,Legal Reviewer,False
2457,477,568,Coach,False
2458,2382,1612,Technical Evaluator,False
2459,1060,1613,Technical Evaluator,False
2460,1075,1613,Economic Buyer,True
2461,2798,1613,Champion,True
2462,2904,1613,Executive Sponsor,True
2463,1355,1613,End User,False
2464,2249,1614,Champion,True
2465,711,1614,End User,False
2466,436,1614,Technical Evaluator,False
2467,1229,1615,Legal Reviewer,False
2468,1641,1615,End User,False
2469,2923,1615,Champion,True
2470,521,1616,Technical Evaluator,False
2471,2844,1617,Champion,True
2472,1795,1617,Technical Evaluator,False
2473,225,1618,Champion,True
2474,512,1619,End User,False
2475,1130,1620,Economic Buyer,True
2476,1791,1620,Champion,True
2477,1487,1621,Champion,True
2478,95,1622,Champion,True
2479,2557,1623,Blocker,False
2480,1186,1624,Technical Evaluator,False
2481,1440,1624,Coach,False
2482,2255,1625,Coach,False
2483,84,1626,Champion,True
2484,333,1627,Champion,True
2485,666,1627,End User,False
2486,2119,1628,Technical Evaluator,False
2487,2553,587,Technical Evaluator,False
2488,1523,1630,Executive Sponsor,True
2489,1200,1631,Technical Evaluator,False
2490,2236,1631,Legal Reviewer,False
2491,2399,1631,Coach,False
2492,2225,1632,Champion,True
2493,639,1633,Legal Reviewer,False
2494,2654,1633,Economic Buyer,True
2495,860,1633,End User,False
2496,2044,1634,Blocker,False
2497,120,1634,Executive Sponsor,True
2498,1542,1635,Legal Reviewer,False
2499,814,1635,Coach,False
2500,1856,1636,End User,False
2501,176,1637,Executive Sponsor,True
2502,845,1637,Legal Reviewer,False
2503,2806,1638,Economic Buyer,True
2504,1747,1638,Technical Evaluator,False
2505,1069,1638,End User,False
2506,2561,1639,Economic Buyer,True
2507,2746,1639,Champion,True
2508,2168,1639,Technical Evaluator,False
2509,2216,1640,Executive Sponsor,True
2510,2105,1640,Economic Buyer,True
2511,2033,1641,Technical Evaluator,False
2512,2991,1642,Champion,True
2513,1831,1644,Economic Buyer,True
2514,472,1644,Champion,True
2515,1832,1645,Champion,True
2516,496,1646,Technical Evaluator,False
2517,2108,1647,Economic Buyer,True
2518,62,1647,Technical Evaluator,False
2519,605,1648,Technical Evaluator,False
2520,656,1648,Economic Buyer,True
2521,2662,1649,Coach,False
2522,2396,1650,Champion,True
2523,579,1651,Technical Evaluator,False
2524,1892,1652,End User,False
2525,273,1652,Champion,True
2526,2579,1653,Technical Evaluator,False
2527,2339,1654,Champion,True
2528,2114,1655,End User,False
2529,2259,1655,Executive Sponsor,True
2530,1395,1656,Champion,True
2531,1665,1656,Technical Evaluator,False
2532,538,1657,Champion,True
2533,680,1658,Technical Evaluator,False
2534,1492,1659,Champion,True
2535,1161,1660,Blocker,False
2536,1203,1661,Champion,True
2537,2531,1662,Economic Buyer,True
2538,837,1663,Technical Evaluator,False
2539,2621,1663,Champion,True
2540,1696,1664,Blocker,False
2541,184,1664,Executive Sponsor,True
2542,1218,1664,Technical Evaluator,False
2543,2367,1665,End User,False
2544,219,1665,Coach,False
2545,864,1666,Economic Buyer,True
2546,673,1666,Champion,True
2547,1014,1667,End User,False
2548,2677,1668,End User,False
2549,1383,1669,Champion,True
2550,601,1670,Technical Evaluator,False
2551,1493,1670,Champion,True
2552,2290,1671,Technical Evaluator,False
2553,1853,1671,Blocker,False
2554,809,1672,Champion,True
2555,997,1673,Economic Buyer,True
2556,1727,1674,Executive Sponsor,True
2557,2826,1674,Economic Buyer,True
2558,758,1675,Technical Evaluator,False
2559,790,1675,Coach,False
2560,2687,1675,Champion,True
2561,924,1676,Executive Sponsor,True
2562,2450,1676,End User,False
2563,2765,1676,Champion,True
2564,1010,1676,Technical Evaluator,False
2565,1426,1677,Champion,True
2566,464,1678,Legal Reviewer,False
2567,1579,1679,Economic Buyer,True
2568,2819,1679,Blocker,False
2569,623,1680,Technical Evaluator,False
2570,1893,1681,Technical Evaluator,False
2571,1808,1682,Legal Reviewer,False
2572,1255,1683,Economic Buyer,True
2573,84,1684,Executive Sponsor,True
2574,4,1685,Technical Evaluator,False
2575,2363,1685,Legal Reviewer,False
2576,1708,1686,Blocker,False
2577,866,1686,Technical Evaluator,False
2578,1028,1686,Executive Sponsor,True
2579,813,1687,Technical Evaluator,False
2580,2879,1688,Champion,True
2581,1707,1689,Economic Buyer,True
2582,584,1690,Champion,True
2583,2176,1690,Technical Evaluator,False
2584,1791,1691,Champion,True
2585,176,1692,Champion,True
2586,2088,1693,Champion,True
2587,2871,1694,Champion,True
2588,681,1695,End User,False
2589,238,1696,Technical Evaluator,False
2590,2482,1697,Coach,False
2591,839,1698,Economic Buyer,True
2592,812,1699,Executive Sponsor,True
2593,5,1699,Economic Buyer,True
2594,219,1700,End User,False
2595,2367,1700,Economic Buyer,True
2596,274,1701,Coach,False
2597,2570,1702,Champion,True
2598,113,1703,Technical Evaluator,False
2599,1156,1704,Technical Evaluator,False
2600,2215,1705,Executive Sponsor,True
2601,1003,1706,End User,False
2602,2603,1707,End User,False
2603,727,1707,Technical Evaluator,False
2604,2979,1707,Champion,True
2605,1500,1708,Economic Buyer,True
2606,632,1709,Technical Evaluator,False
2607,2853,1709,Economic Buyer,True
2608,579,1710,Technical Evaluator,False
2609,1962,1711,Coach,False
2610,1739,1711,Economic Buyer,True
2611,1609,1711,End User,False
2612,1566,1712,Economic Buyer,True
2613,2304,1713,Executive Sponsor,True
2614,2435,1713,Technical Evaluator,False
2615,10,1713,Economic Buyer,True
2616,99,1714,Champion,True
2617,8,1715,Economic Buyer,True
2618,2905,1716,Champion,True
2619,2771,1716,Economic Buyer,True
2620,769,1717,Legal Reviewer,False
2621,173,1717,Economic Buyer,True
2622,956,1718,Economic Buyer,True
2623,338,1719,End User,False
2624,982,1720,Technical Evaluator,False
2625,1246,1720,Economic Buyer,True
2626,1533,1721,Legal Reviewer,False
2627,1592,1722,Economic Buyer,True
2628,1890,1723,Economic Buyer,True
2629,925,1723,Technical Evaluator,False
2630,1554,1723,Executive Sponsor,True
2631,582,1724,Technical Evaluator,False
2632,2758,1725,Economic Buyer,True
2633,1047,1725,Technical Evaluator,False
2634,1945,1726,Technical Evaluator,False
2635,2324,1726,End User,False
2636,2605,1727,Technical Evaluator,False
2637,1790,1728,Champion,True
2638,2175,1728,Coach,False
2639,2249,1729,Executive Sponsor,True
2640,85,1729,Coach,False
2641,711,1729,End User,False
2642,1986,1729,Economic Buyer,True
2643,582,1730,Champion,True
2644,1565,1731,Technical Evaluator,False
2645,1839,1731,Champion,True
2646,849,1731,End User,False
2647,1399,1732,Champion,True
2648,2601,1733,End User,False
2649,2196,1734,Executive Sponsor,True
2650,2649,1734,Technical Evaluator,False
2651,1580,1735,Coach,False
2652,14,1736,Legal Reviewer,False
2653,369,1737,Technical Evaluator,False
2654,480,1737,End User,False
2655,2330,1737,Champion,True
2656,1601,1738,Champion,True
2657,1091,1739,Economic Buyer,True
2658,1082,667,End User,False
2659,2871,1741,Coach,False
2660,1885,1741,Champion,True
2661,1369,1742,Champion,True
2662,1717,1743,Technical Evaluator,False
2663,1087,1743,End User,False
2664,1517,1744,End User,False
2665,2273,1744,Technical Evaluator,False
2666,1465,1745,End User,False
2667,2239,1746,Technical Evaluator,False
2668,1803,1746,Champion,True
2669,2706,1747,Blocker,False
2670,2290,1748,Economic Buyer,True
2671,317,1749,Technical Evaluator,False
2672,1350,1749,End User,False
2673,740,1750,Technical Evaluator,False
2674,2223,1750,Champion,True
2675,839,1751,End User,False
2676,1124,1752,Technical Evaluator,False
2677,2913,1753,Economic Buyer,True
2678,2721,1753,Technical Evaluator,False
2679,1324,1753,Blocker,False
2680,2854,1754,Legal Reviewer,False
2681,2029,1755,Champion,True
2682,115,1755,Technical Evaluator,False
2683,124,1756,Executive Sponsor,True
2684,2784,1756,Blocker,False
2685,2134,1757,Champion,True
2686,1602,1757,Technical Evaluator,False
2687,2837,1757,End User,False
2688,1962,1758,Economic Buyer,True
2689,1739,1758,Blocker,False
2690,2985,1758,Coach,False
2691,1470,1759,Blocker,False
2692,2663,1760,Technical Evaluator,False
2693,1473,1761,End User,False
2694,1316,1762,Legal Reviewer,False
2695,592,1763,Champion,True
2696,318,1763,Legal Reviewer,False
2697,2189,1763,Technical Evaluator,False
2698,1856,1764,Champion,True
2699,2027,1765,Technical Evaluator,False
2700,2403,1765,Legal Reviewer,False
2701,1275,1766,Champion,True
2702,268,1766,Coach,False
2703,2678,1767,Executive Sponsor,True
2704,661,1768,Champion,True
2705,544,1769,Technical Evaluator,False
2706,2884,1769,Economic Buyer,True
2707,733,1770,Champion,True
2708,2063,1770,Coach,False
2709,2155,1771,Blocker,False
2710,2467,1772,End User,False
2711,2833,1529,Champion,True
2712,896,1529,Economic Buyer,True
2713,2632,1774,Champion,True
2714,1151,1775,End User,False
2715,1858,1775,Champion,True
2716,1229,1776,Champion,True
2717,1641,1776,Technical Evaluator,False
2718,2533,1776,Economic Buyer,True
2719,2907,1777,End User,False
2720,157,1777,Legal Reviewer,False
2721,968,1777,Champion,True
2722,2700,1778,Economic Buyer,True
2723,654,1779,Champion,True
2724,416,1779,Coach,False
2725,2587,1779,Economic Buyer,True
2726,2474,1780,Technical Evaluator,False
2727,1360,1780,Champion,True
2728,2762,1780,Economic Buyer,True
2729,227,1780,End User,False
2730,2677,1781,Blocker,False
2731,442,1782,Blocker,False
2732,1091,1782,Economic Buyer,True
2733,2832,1782,Champion,True
2734,2309,1783,End User,False
2735,2505,1783,Economic Buyer,True
2736,1467,1784,Legal Reviewer,False
2737,1649,1784,Technical Evaluator,False
2738,48,1784,Champion,True
2739,362,1785,Economic Buyer,True
2740,1571,1786,Coach,False
2741,2165,1786,End User,False
2742,2840,1787,Champion,True
2743,1808,1788,Blocker,False
2744,332,1788,Technical Evaluator,False
2745,1093,1789,Coach,False
2746,590,1789,Executive Sponsor,True
2747,1523,1789,End User,False
2748,2271,1790,Champion,True
2749,1499,1791,Champion,True
2750,347,1792,End User,False
2751,657,1792,Champion,True
2752,453,1793,Legal Reviewer,False
2753,1767,1793,Champion,True
2754,408,1793,Coach,False
2755,1423,1794,Technical Evaluator,False
2756,1592,1795,Executive Sponsor,True
2757,763,1796,End User,False
2758,636,1797,Technical Evaluator,False
2759,2200,1797,Coach,False
2760,2574,1798,Technical Evaluator,False
2761,1733,1799,End User,False
2762,444,1800,End User,False
2763,2660,1801,Executive Sponsor,True
2764,1407,1801,Champion,True
2765,661,1802,Executive Sponsor,True
2766,1677,1802,End User,False
2767,710,1803,Executive Sponsor,True
2768,2158,1803,Technical Evaluator,False
2769,2645,1804,Technical Evaluator,False
2770,305,1805,Economic Buyer,True
2771,1577,1805,Coach,False
2772,2608,1805,Legal Reviewer,False
2773,1935,1806,Blocker,False
2774,1799,1806,Executive Sponsor,True
2775,2427,1806,Champion,True
2776,1857,1807,Coach,False
2777,2745,1808,End User,False
2778,1330,1809,Champion,True
2779,60,1810,Champion,True
2780,1166,1811,Executive Sponsor,True
2781,2158,1812,Champion,True
2782,2089,1813,Technical Evaluator,False
2783,959,1815,End User,False
2784,706,1815,Economic Buyer,True
2785,1484,1815,Legal Reviewer,False
2786,2312,1816,Champion,True
2787,520,1816,Blocker,False
2788,2381,1818,Champion,True
2789,1779,1818,Technical Evaluator,False
2790,560,1818,Executive Sponsor,True
2791,1824,1819,Technical Evaluator,False
2792,1861,1819,End User,False
2793,2031,1819,Economic Buyer,True
2794,1509,1820,Economic Buyer,True
2795,133,1821,Economic Buyer,True
2796,262,1822,Economic Buyer,True
2797,2385,1822,Technical Evaluator,False
2798,2006,1823,Champion,True
2799,1833,1825,Coach,False
2800,221,1826,Champion,True
2801,2800,1827,Champion,True
2802,1397,1827,Economic Buyer,True
2803,2257,1828,Economic Buyer,True
2804,807,1828,Champion,True
2805,618,1829,Economic Buyer,True
2806,1412,1829,Technical Evaluator,False
2807,2392,1830,Economic Buyer,True
2808,2572,1831,Champion,True
2809,1730,1832,Blocker,False
2810,2330,1833,Technical Evaluator,False
2811,369,1833,Executive Sponsor,True
2812,2902,1834,Blocker,False
2813,286,1834,Technical Evaluator,False
2814,2496,1835,Technical Evaluator,False
2815,897,446,Champion,True
2816,1786,446,Legal Reviewer,False
2817,2570,1564,End User,False
2818,2284,1564,Champion,True
2819,1758,1838,End User,False
2820,1584,1838,Technical Evaluator,False
2821,2177,1839,Technical Evaluator,False
2822,98,1839,Champion,True
2823,1618,1839,Economic Buyer,True
2824,46,1840,Economic Buyer,True
2825,2548,1841,Blocker,False
2826,884,1842,Legal Reviewer,False
2827,1383,1843,Technical Evaluator,False
2828,1002,1844,Technical Evaluator,False
2829,1187,1844,Economic Buyer,True
2830,1986,1845,End User,False
2831,2249,1845,Economic Buyer,True
2832,2470,1846,Technical Evaluator,False
2833,2056,1846,End User,False
2834,253,1846,Champion,True
2835,720,1847,Champion,True
2836,1671,1848,Champion,True
2837,1923,1849,End User,False
2838,2736,1849,Blocker,False
2839,2714,1849,Economic Buyer,True
2840,244,1850,Technical Evaluator,False
2841,2154,1850,End User,False
2842,901,1851,End User,False
2843,1853,1852,Economic Buyer,True
2844,2763,1853,Blocker,False
2845,1441,1853,End User,False
2846,2567,1853,Champion,True
2847,2435,1854,Economic Buyer,True
2848,2304,1854,Coach,False
2849,1671,1855,Technical Evaluator,False
2850,739,1855,End User,False
2851,1141,1856,Coach,False
2852,832,1856,Technical Evaluator,False
2853,94,1856,Champion,True
2854,2227,1857,Executive Sponsor,True
2855,2079,1857,Coach,False
2856,145,1858,Executive Sponsor,True
2857,2033,1859,Technical Evaluator,False
2858,2619,1860,Technical Evaluator,False
2859,767,1861,Blocker,False
2860,391,1862,Coach,False
2861,1621,1864,Economic Buyer,True
2862,272,1866,Executive Sponsor,True
2863,336,1866,Technical Evaluator,False
2864,1625,1866,Champion,True
2865,516,1867,Technical Evaluator,False
2866,1119,1867,Executive Sponsor,True
2867,1414,1867,End User,False
2868,363,1868,End User,False
2869,324,1869,Technical Evaluator,False
2870,2395,1870,Blocker,False
2871,673,1870,Champion,True
2872,1707,1871,Technical Evaluator,False
2873,2141,1872,Executive Sponsor,True
2874,2769,1872,End User,False
2875,1498,1872,Champion,True
2876,2708,1873,Coach,False
2877,83,1874,Legal Reviewer,False
2878,372,1874,Executive Sponsor,True
2879,1137,1874,Technical Evaluator,False
2880,741,1875,Technical Evaluator,False
2881,1843,1875,Economic Buyer,True
2882,692,1876,Technical Evaluator,False
2883,2106,1876,Champion,True
2884,2042,1877,Champion,True
2885,2026,1879,Economic Buyer,True
2886,2328,1880,Champion,True
2887,753,1881,Blocker,False
2888,2959,1881,Legal Reviewer,False
2889,864,1882,Economic Buyer,True
2890,1399,1883,End User,False
2891,887,1884,Coach,False
2892,2452,1884,Legal Reviewer,False
2893,2010,1886,Champion,True
2894,408,1886,Technical Evaluator,False
2895,2320,1887,Technical Evaluator,False
2896,1208,1888,Technical Evaluator,False
2897,1222,1889,End User,False
2898,2813,1889,Champion,True
2899,1800,1890,Economic Buyer,True
2900,672,1890,End User,False
2901,1453,1890,Executive Sponsor,True
2902,2515,1890,Champion,True
2903,2677,1891,End User,False
2904,744,1892,Coach,False
2905,375,1892,Legal Reviewer,False
2906,2543,1893,Champion,True
2907,2850,1894,Executive Sponsor,True
2908,2889,1895,End User,False
2909,213,1895,Economic Buyer,True
2910,667,1896,Economic Buyer,True
2911,247,1898,Executive Sponsor,True
2912,2495,1899,Coach,False
2913,1579,1900,Champion,True
2914,2395,1901,Coach,False
2915,812,1902,Coach,False
2916,1640,1903,Executive Sponsor,True
2917,1546,1903,Economic Buyer,True
2918,2021,1903,Technical Evaluator,False
2919,2781,1904,End User,False
2920,2715,1905,Blocker,False
2921,997,1906,Economic Buyer,True
2922,2141,1907,Technical Evaluator,False
2923,1498,1907,Champion,True
2924,1293,1908,Coach,False
2925,918,1909,Executive Sponsor,True
2926,1254,1910,Legal Reviewer,False
2927,2657,1911,End User,False
2928,1237,1912,Blocker,False
2929,819,1913,Coach,False
2930,1221,1913,Economic Buyer,True
2931,2391,1914,End User,False
2932,181,1915,Technical Evaluator,False
2933,1849,1916,Economic Buyer,True
2934,2508,1916,End User,False
2935,1105,1917,End User,False
2936,299,1918,Technical Evaluator,False
2937,1059,1919,End User,False
2938,2559,1920,Executive Sponsor,True
2939,2765,1920,Blocker,False
2940,2027,1921,End User,False
2941,853,1922,Economic Buyer,True
2942,1293,1923,Technical Evaluator,False
2943,710,1924,Technical Evaluator,False
2944,307,1925,Technical Evaluator,False
2945,2879,1926,Champion,True
2946,313,1927,Technical Evaluator,False
2947,2026,1928,Coach,False
2948,2261,1929,End User,False
2949,858,1930,Technical Evaluator,False
2950,2185,1930,Champion,True
2951,2827,1931,Economic Buyer,True
2952,638,1931,Champion,True
2953,2636,1931,Technical Evaluator,False
2954,811,1932,Champion,True
2955,2740,1933,Champion,True
2956,752,1933,End User,False
2957,2790,1934,Economic Buyer,True
2958,620,1934,Executive Sponsor,True
2959,1456,1935,Champion,True
2960,2728,1936,End User,False
2961,562,1937,Champion,True
2962,1920,1938,Economic Buyer,True
2963,2228,1938,Executive Sponsor,True
2964,351,1939,Legal Reviewer,False
2965,2977,1939,Technical Evaluator,False
2966,544,1940,Economic Buyer,True
2967,2401,1941,Champion,True
2968,2760,1941,End User,False
2969,2324,1942,Champion,True
2970,1298,1943,End User,False
2971,2566,1944,Economic Buyer,True
2972,2044,1945,Technical Evaluator,False
2973,767,1946,Technical Evaluator,False
2974,2983,1947,Executive Sponsor,True
2975,2476,1947,End User,False
2976,2474,1948,Economic Buyer,True
2977,2762,1948,End User,False
2978,1360,1948,Legal Reviewer,False
2979,51,1949,Champion,True
2980,1383,1949,Economic Buyer,True
2981,1458,1950,Technical Evaluator,False
2982,2208,1951,Champion,True
2983,2627,1952,Champion,True
2984,1580,1952,Economic Buyer,True
2985,225,1953,End User,False
2986,2196,1954,Champion,True
2987,1957,1955,End User,False
2988,2067,1955,Blocker,False
2989,2747,1955,Legal Reviewer,False
2990,1691,1955,Economic Buyer,True
2991,560,1956,Blocker,False
2992,2381,1956,Champion,True
2993,325,1957,Economic Buyer,True
2994,1542,1958,Technical Evaluator,False
2995,1390,1959,End User,False
2996,1463,1960,Economic Buyer,True
2997,1628,1960,End User,False
2998,444,1961,Economic Buyer,True
2999,2191,1962,Coach,False
3000,342,1962,Champion,True
3001,224,1962,End User,False
3002,1579,1963,Technical Evaluator,False
3003,2819,1963,Coach,False
3004,2065,1964,Champion,True
3005,1035,1965,End User,False
3006,2449,1965,Champion,True
3007,1135,1966,Economic Buyer,True
3008,394,1966,Legal Reviewer,False
3009,145,1967,Legal Reviewer,False
3010,2149,1967,Coach,False
3011,2898,1968,Blocker,False
3012,2582,1968,Coach,False
3013,1514,1969,Technical Evaluator,False
3014,1664,1969,Economic Buyer,True
3015,2101,1969,Champion,True
3016,2633,1970,Champion,True
3017,811,1625,Coach,False
3018,772,1972,Champion,True
3019,80,1972,Executive Sponsor,True
3020,817,1973,Executive Sponsor,True
3021,715,1973,Economic Buyer,True
3022,1214,1974,Economic Buyer,True
3023,1780,1975,Coach,False
3024,1719,1975,Technical Evaluator,False
3025,2982,1976,Legal Reviewer,False
3026,1223,1977,Coach,False
3027,2927,1978,Technical Evaluator,False
3028,2126,1979,Technical Evaluator,False
3029,2990,1979,Champion,True
3030,698,1980,Champion,True
3031,684,1980,End User,False
3032,1418,1981,Economic Buyer,True
3033,442,1982,Coach,False
3034,2879,1982,Technical Evaluator,False
3035,1091,1982,Champion,True
3036,2832,1982,Legal Reviewer,False
3037,1658,1983,Economic Buyer,True
3038,1820,1983,Legal Reviewer,False
3039,2289,1983,Technical Evaluator,False
3040,789,1984,Champion,True
3041,1469,1984,Economic Buyer,True
3042,2516,1985,Technical Evaluator,False
3043,131,1986,End User,False
3044,762,1986,Coach,False
3045,2363,1987,Technical Evaluator,False
3046,4,1987,Champion,True
3047,1514,1988,Technical Evaluator,False
3048,835,1988,Economic Buyer,True
3049,1664,1988,End User,False
3050,1437,1990,Legal Reviewer,False
3051,499,1991,Coach,False
3052,2049,1992,Champion,True
3053,622,1992,Technical Evaluator,False
3054,2135,1993,Champion,True
3055,355,1993,Economic Buyer,True
3056,2116,1993,End User,False
3057,198,1994,End User,False
3058,786,1995,Economic Buyer,True
3059,876,1996,End User,False
3060,451,1997,Champion,True
3061,2318,1997,Executive Sponsor,True
3062,261,1998,Technical Evaluator,False
3063,93,1999,Economic Buyer,True
3064,800,1999,Technical Evaluator,False
3065,2244,2000,Legal Reviewer,False
3066,842,2000,Economic Buyer,True
3067,244,2001,Economic Buyer,True
3068,2420,2002,End User,False
3069,2931,2003,Executive Sponsor,True
3070,2661,2003,End User,False
3071,75,2003,Champion,True
3072,2097,2004,Technical Evaluator,False
3073,527,2005,Technical Evaluator,False
3074,816,2005,Champion,True
3075,1972,2006,Technical Evaluator,False
3076,63,2006,Economic Buyer,True
3077,495,2007,Legal Reviewer,False
3078,538,2008,Technical Evaluator,False
3079,1630,2009,Champion,True
3080,2824,2009,Technical Evaluator,False
3081,133,2010,Champion,True
3082,439,113,Champion,True
3083,1960,113,End User,False
3084,430,2012,Technical Evaluator,False
3085,534,2012,Economic Buyer,True
3086,1413,2012,Blocker,False
3087,556,2013,Champion,True
3088,2459,2014,Champion,True
3089,471,2014,End User,False
3090,800,2015,Champion,True
3091,93,2015,Technical Evaluator,False
3092,2248,2016,Executive Sponsor,True
3093,1169,2018,Coach,False
3094,1316,2019,Economic Buyer,True
3095,2180,2020,Coach,False
3096,1573,2021,Economic Buyer,True
3097,151,2022,Technical Evaluator,False
3098,2400,2022,Economic Buyer,True
3099,513,2023,Executive Sponsor,True
3100,1985,2023,Blocker,False
3101,339,2024,Executive Sponsor,True
3102,699,2024,Champion,True
3103,1380,2024,Economic Buyer,True
3104,1449,2025,Technical Evaluator,False
3105,48,2025,Champion,True
3106,1467,2025,Economic Buyer,True
3107,1649,2025,Executive Sponsor,True
3108,522,2026,Blocker,False
3109,2952,2027,Champion,True
3110,9,2027,Economic Buyer,True
3111,1318,2027,Coach,False
3112,147,2027,Technical Evaluator,False
3113,1464,2028,Technical Evaluator,False
3114,2840,2029,Champion,True
3115,1464,2029,Coach,False
3116,1021,2030,Technical Evaluator,False
3117,1943,2031,Technical Evaluator,False
3118,2908,2032,Economic Buyer,True
3119,232,2033,Champion,True
3120,241,2033,End User,False
3121,1227,2034,Coach,False
3122,185,2034,Executive Sponsor,True
3123,786,2034,Economic Buyer,True
3124,2300,2035,Legal Reviewer,False
3125,1209,2035,Coach,False
3126,2962,2035,Technical Evaluator,False
3127,1421,2036,Coach,False
3128,3000,2037,Coach,False
3129,476,2037,Technical Evaluator,False
3130,2447,2038,Champion,True
3131,511,2038,Economic Buyer,True
3132,2874,2039,Economic Buyer,True
3133,107,2039,Technical Evaluator,False
3134,1194,2039,Coach,False
3135,2065,2040,Coach,False
3136,2916,2040,Technical Evaluator,False
3137,106,2041,End User,False
3138,220,2042,Champion,True
3139,1241,2043,End User,False
3140,1190,2045,End User,False
3141,1905,2045,Technical Evaluator,False
3142,496,2045,Champion,True
3143,2541,2046,Technical Evaluator,False
3144,1811,2047,Champion,True
3145,2567,2048,Technical Evaluator,False
3146,2549,2049,Champion,True
3147,1071,2050,Champion,True
3148,373,2050,Economic Buyer,True
3149,270,2051,Coach,False
3150,1362,2052,Technical Evaluator,False
3151,2195,2052,Champion,True
3152,2686,2052,End User,False
3153,366,2053,Technical Evaluator,False
3154,902,2053,Economic Buyer,True
3155,380,2053,Champion,True
3156,2337,2054,Blocker,False
3157,1775,2054,Technical Evaluator,False
3158,1135,2055,Technical Evaluator,False
3159,412,2056,Champion,True
3160,1830,2056,Coach,False
3161,272,193,Technical Evaluator,False
3162,336,193,Coach,False
3163,62,2058,Champion,True
3164,2683,2059,Technical Evaluator,False
3165,99,2060,Economic Buyer,True
3166,2033,2061,Technical Evaluator,False
3167,1743,2062,Champion,True
3168,398,2063,Technical Evaluator,False
3169,392,2064,Blocker,False
3170,643,2065,Champion,True
3171,1568,2065,Economic Buyer,True
3172,1726,2066,Technical Evaluator,False
3173,133,2067,End User,False
3174,2554,2068,Legal Reviewer,False
3175,1317,2068,Technical Evaluator,False
3176,2839,2069,Champion,True
3177,1006,2069,Economic Buyer,True
3178,986,2069,Legal Reviewer,False
3179,273,2070,End User,False
3180,463,2070,Champion,True
3181,1947,2071,End User,False
3182,1701,2072,Coach,False
3183,2660,2073,Technical Evaluator,False
3184,1407,2073,Legal Reviewer,False
3185,943,2074,Technical Evaluator,False
3186,946,2074,Champion,True
3187,365,2074,Legal Reviewer,False
3188,908,2075,Legal Reviewer,False
3189,1763,2076,Champion,True
3190,2044,2077,Economic Buyer,True
3191,120,2077,Blocker,False
3192,2730,2078,Champion,True
3193,1559,2079,Economic Buyer,True
3194,2877,2080,Technical Evaluator,False
3195,217,2081,Champion,True
3196,1952,2081,Blocker,False
3197,2746,2082,End User,False
3198,2168,2082,Technical Evaluator,False
3199,1421,2083,Champion,True
3200,2010,2084,Economic Buyer,True
3201,408,2084,Champion,True
3202,1767,2084,Technical Evaluator,False
3203,55,2085,Champion,True
3204,1633,2086,Blocker,False
3205,1956,2087,Executive Sponsor,True
3206,354,2088,Champion,True
3207,155,2089,Economic Buyer,True
3208,1509,2091,Blocker,False
3209,1623,2092,Champion,True
3210,2291,2092,Technical Evaluator,False
3211,2534,2093,Champion,True
3212,1533,2093,End User,False
3213,1776,1704,Coach,False
3214,59,2095,Champion,True
3215,646,2096,Technical Evaluator,False
3216,2789,2097,Technical Evaluator,False
3217,2907,2098,Champion,True
3218,1367,2099,End User,False
3219,390,2101,Executive Sponsor,True
3220,1711,2101,Technical Evaluator,False
3221,540,2102,Legal Reviewer,False
3222,368,2102,End User,False
3223,1714,2103,Technical Evaluator,False
3224,243,2103,Champion,True
3225,1898,2104,Technical Evaluator,False
3226,2516,2105,Executive Sponsor,True
3227,787,2105,Blocker,False
3228,1449,2106,Executive Sponsor,True
3229,48,2107,Technical Evaluator,False
3230,1649,2107,End User,False
3231,1467,2107,Coach,False
3232,1449,2107,Champion,True
3233,2530,2108,Executive Sponsor,True
3234,2682,2108,Blocker,False
3235,920,2109,End User,False
3236,398,2110,Champion,True
3237,863,2111,Executive Sponsor,True
3238,426,2111,Economic Buyer,True
3239,1495,2112,Executive Sponsor,True
3240,1986,2113,Coach,False
3241,436,2113,Champion,True
3242,2249,2113,Economic Buyer,True
3243,711,2113,End User,False
3244,2546,2114,Legal Reviewer,False
3245,1262,2114,Champion,True
3246,346,2114,End User,False
3247,730,2114,Coach,False
3248,46,2115,Champion,True
3249,520,2116,Legal Reviewer,False
3250,419,2117,Champion,True
3251,867,2118,Champion,True
3252,1379,2118,Technical Evaluator,False
3253,1294,2119,Coach,False
3254,529,2120,Technical Evaluator,False
3255,536,2122,Executive Sponsor,True
3256,1412,2123,Champion,True
3257,618,2123,Technical Evaluator,False
3258,132,2124,Economic Buyer,True
3259,1680,2125,Champion,True
3260,816,2126,Technical Evaluator,False
3261,2680,2127,Technical Evaluator,False
3262,1127,2127,End User,False
3263,934,2128,Economic Buyer,True
3264,2208,2129,Champion,True
3265,1025,2130,Economic Buyer,True
3266,2672,2130,Blocker,False
3267,625,2130,Champion,True
3268,2974,2131,Legal Reviewer,False
3269,713,2131,End User,False
3270,1904,2132,End User,False
3271,2120,2133,Champion,True
3272,930,2134,Technical Evaluator,False
3273,281,2134,Executive Sponsor,True
3274,1399,2135,End User,False
3275,1982,2137,Economic Buyer,True
3276,951,2137,Champion,True
3277,1517,2138,Technical Evaluator,False
3278,2390,2139,Technical Evaluator,False
3279,17,2140,Legal Reviewer,False
3280,1143,2140,Coach,False
3281,70,2141,End User,False
3282,2196,2141,Coach,False
3283,156,2142,Technical Evaluator,False
3284,2286,2142,Champion,True
3285,294,2142,End User,False
3286,2254,2142,Executive Sponsor,True
3287,642,2143,Champion,True
3288,2783,2144,Executive Sponsor,True
3289,501,2144,Economic Buyer,True
3290,561,2145,Technical Evaluator,False
3291,2840,2145,Coach,False
3292,1347,622,Champion,True
3293,1579,2147,Executive Sponsor,True
3294,316,2148,Champion,True
3295,2914,2148,Technical Evaluator,False
3296,585,2149,Champion,True
3297,1291,2149,Technical Evaluator,False
3298,1421,2150,Coach,False
3299,2683,2150,Technical Evaluator,False
3300,1770,2151,Economic Buyer,True
3301,1687,2152,Coach,False
3302,2523,524,Economic Buyer,True
3303,386,524,End User,False
3304,2966,2154,Blocker,False
3305,1882,2155,Technical Evaluator,False
3306,254,2155,Legal Reviewer,False
3307,2269,2155,End User,False
3308,1754,2155,Coach,False
3309,508,2156,Blocker,False
3310,1289,2157,Technical Evaluator,False
3311,2895,2158,Coach,False
3312,2251,2158,Economic Buyer,True
3313,1293,2160,Legal Reviewer,False
3314,678,2161,Economic Buyer,True
3315,1357,2162,End User,False
3316,1223,2163,End User,False
3317,1657,2163,Coach,False
3318,1641,2164,Legal Reviewer,False
3319,1229,2164,Coach,False
3320,2131,2165,Legal Reviewer,False
3321,2079,2166,Technical Evaluator,False
3322,2227,2166,Champion,True
3323,1131,2167,Champion,True
3324,2057,2167,Technical Evaluator,False
3325,959,2168,Legal Reviewer,False
3326,1484,2168,Technical Evaluator,False
3327,356,2168,Economic Buyer,True
3328,1375,2169,Legal Reviewer,False
3329,2325,2169,End User,False
3330,519,2170,Technical Evaluator,False
3331,332,2171,Coach,False
3332,1808,2171,Executive Sponsor,True
3333,1655,2172,Technical Evaluator,False
3334,112,2172,End User,False
3335,966,2172,Economic Buyer,True
3336,133,2173,End User,False
3337,1669,2174,Technical Evaluator,False
3338,638,2175,Coach,False
3339,2610,2177,Economic Buyer,True
3340,89,2177,Champion,True
3341,492,2177,Executive Sponsor,True
3342,2139,2178,Economic Buyer,True
3343,1354,2178,Champion,True
3344,1031,2179,Economic Buyer,True
3345,319,2180,Technical Evaluator,False
3346,2218,2180,Coach,False
3347,1809,2181,Blocker,False
3348,1055,2182,Executive Sponsor,True
3349,1735,2182,Champion,True
3350,455,2183,Technical Evaluator,False
3351,2843,2185,Champion,True
3352,2786,2186,Blocker,False
3353,2300,2187,Champion,True
3354,1209,2187,Legal Reviewer,False
3355,2835,2187,Blocker,False
3356,2962,2187,Executive Sponsor,True
3357,2293,2188,Champion,True
3358,2730,1210,Technical Evaluator,False
3359,656,2190,End User,False
3360,605,2190,Technical Evaluator,False
3361,525,2190,Champion,True
3362,1052,2191,End User,False
3363,303,2191,Executive Sponsor,True
3364,1626,2192,Coach,False
3365,725,2193,Economic Buyer,True
3366,865,2193,Blocker,False
3367,2747,1701,Economic Buyer,True
3368,605,2195,Champion,True
3369,525,2195,Technical Evaluator,False
3370,1807,2196,End User,False
3371,2318,2197,Champion,True
3372,548,2198,Economic Buyer,True
3373,1599,2199,Technical Evaluator,False
3374,538,2199,End User,False
3375,482,2200,End User,False
3376,2326,2201,Technical Evaluator,False
3377,2441,2202,Legal Reviewer,False
3378,1161,2202,End User,False
3379,720,2203,End User,False
3380,857,2204,Coach,False
3381,475,2204,Technical Evaluator,False
3382,1691,2205,Executive Sponsor,True
3383,2549,2206,Economic Buyer,True
3384,229,2207,Executive Sponsor,True
3385,402,2208,Coach,False
3386,473,2209,Economic Buyer,True
3387,259,2209,Executive Sponsor,True
3388,1521,2210,Executive Sponsor,True
3389,482,2211,Executive Sponsor,True
3390,2651,2212,Technical Evaluator,False
3391,1566,2212,Executive Sponsor,True
3392,987,2213,Blocker,False
3393,557,2213,Coach,False
3394,2809,2214,Technical Evaluator,False
3395,2752,2215,Champion,True
3396,201,2216,Technical Evaluator,False
3397,20,2217,Champion,True
3398,1454,2218,Champion,True
3399,1213,2219,End User,False
3400,871,2219,Technical Evaluator,False
3401,656,2220,End User,False
3402,2977,2221,Economic Buyer,True
3403,579,2222,End User,False
3404,1842,2223,Technical Evaluator,False
3405,2673,2224,Economic Buyer,True
3406,2468,2225,Economic Buyer,True
3407,1910,2225,End User,False
3408,121,2225,Champion,True
3409,339,2226,Technical Evaluator,False
3410,202,2227,Executive Sponsor,True
3411,1604,2227,Technical Evaluator,False
3412,896,2228,Executive Sponsor,True
3413,775,2229,Champion,True
3414,1879,2230,Economic Buyer,True
3415,1111,2230,Technical Evaluator,False
3416,2887,2231,Technical Evaluator,False
3417,153,2231,Executive Sponsor,True
3418,1775,2232,Champion,True
3419,286,2234,Coach,False
3420,1073,2235,Champion,True
3421,2550,2235,Blocker,False
3422,225,2236,Economic Buyer,True
3423,1137,2237,Technical Evaluator,False
3424,83,2237,Blocker,False
3425,616,2238,End User,False
3426,2253,2239,End User,False
3427,677,2239,Technical Evaluator,False
3428,2431,2240,End User,False
3429,308,2241,End User,False
3430,709,2241,Technical Evaluator,False
3431,1038,2242,Economic Buyer,True
3432,1469,2243,Economic Buyer,True
3433,789,2243,Technical Evaluator,False
3434,625,2244,Technical Evaluator,False
3435,2672,2244,End User,False
3436,1025,2244,Legal Reviewer,False
3437,2761,2245,Champion,True
3438,972,2246,Champion,True
3439,1929,2246,Legal Reviewer,False
3440,2653,2247,End User,False
3441,2198,2248,Technical Evaluator,False
3442,910,2248,Economic Buyer,True
3443,1191,1083,Champion,True
3444,1385,1083,Executive Sponsor,True
3445,2182,1083,Economic Buyer,True
3446,565,2250,Blocker,False
3447,1509,2251,Champion,True
3448,2738,2251,End User,False
3449,1416,2251,Technical Evaluator,False
3450,351,2252,Executive Sponsor,True
3451,2977,2252,End User,False
3452,1195,2253,Coach,False
3453,2687,2254,End User,False
3454,2880,2255,Technical Evaluator,False
3455,18,2255,End User,False
3456,1939,2256,Coach,False
3457,348,2256,Economic Buyer,True
3458,1278,2257,Legal Reviewer,False
3459,626,2257,Coach,False
3460,1807,2257,Technical Evaluator,False
3461,512,2258,Economic Buyer,True
3462,2554,2259,Champion,True
3463,1317,2259,Technical Evaluator,False
3464,1432,2260,Champion,True
3465,2519,2262,Blocker,False
3466,23,2262,Executive Sponsor,True
3467,1945,2263,Champion,True
3468,2041,2264,End User,False
3469,1650,2265,Executive Sponsor,True
3470,2227,2266,Legal Reviewer,False
3471,2079,2266,Technical Evaluator,False
3472,74,2267,Technical Evaluator,False
3473,1272,2268,Technical Evaluator,False
3474,2326,2268,Legal Reviewer,False
3475,694,2269,Technical Evaluator,False
3476,2743,2270,Technical Evaluator,False
3477,474,2270,Champion,True
3478,2014,2271,Technical Evaluator,False
3479,1180,2271,Legal Reviewer,False
3480,1728,2271,Economic Buyer,True
3481,1918,2272,End User,False
3482,1251,2272,Executive Sponsor,True
3483,144,2272,Technical Evaluator,False
3484,2185,2273,Champion,True
3485,858,2273,Executive Sponsor,True
3486,1034,2274,Technical Evaluator,False
3487,1883,2275,Champion,True
3488,2105,2275,Coach,False
3489,1787,2276,Champion,True
3490,1637,2276,End User,False
3491,2805,2276,Technical Evaluator,False
3492,709,2277,Technical Evaluator,False
3493,332,2278,Economic Buyer,True
3494,1808,2278,Technical Evaluator,False
3495,1355,2279,Technical Evaluator,False
3496,1060,2279,End User,False
3497,1075,2279,Blocker,False
3498,1045,2280,Executive Sponsor,True
3499,2961,2281,End User,False
3500,1663,2282,Economic Buyer,True
3501,2724,2283,Economic Buyer,True
3502,2685,2283,Legal Reviewer,False
3503,792,2283,Champion,True
3504,2245,2284,Executive Sponsor,True
3505,2373,2285,Technical Evaluator,False
3506,2466,2285,Champion,True
3507,2714,2286,Technical Evaluator,False
3508,71,2287,Technical Evaluator,False
3509,2471,2288,Champion,True
3510,424,2289,End User,False
3511,478,2289,Champion,True
3512,1374,2289,Economic Buyer,True
3513,220,2290,End User,False
3514,449,2290,Technical Evaluator,False
3515,918,2291,Blocker,False
3516,879,2292,Technical Evaluator,False
3517,2562,2292,Champion,True
3518,1120,2293,Economic Buyer,True
3519,1802,2294,End User,False
3520,724,2295,Economic Buyer,True
3521,1336,2295,Coach,False
3522,2688,2296,End User,False
3523,68,2296,Technical Evaluator,False
3524,2453,2296,Champion,True
3525,482,2297,End User,False
3526,2126,2298,Coach,False
3527,2990,2298,Technical Evaluator,False
3528,224,2299,Technical Evaluator,False
3529,2191,2299,End User,False
3530,667,2300,End User,False
3531,1887,2300,Champion,True
3532,2773,2301,Economic Buyer,True
3533,1813,2301,Technical Evaluator,False
3534,2673,2301,Legal Reviewer,False
3535,587,2301,Coach,False
3536,65,2302,Coach,False
3537,1547,2303,Technical Evaluator,False
3538,1966,2303,End User,False
3539,1471,2303,Economic Buyer,True
3540,158,2304,Coach,False
3541,2721,2304,Champion,True
3542,2617,2304,Technical Evaluator,False
3543,550,2305,Blocker,False
3544,275,2306,Champion,True
3545,2662,2306,Executive Sponsor,True
3546,135,2306,Technical Evaluator,False
3547,1777,2307,Coach,False
3548,811,2307,End User,False
3549,91,2308,Coach,False
3550,189,2308,End User,False
3551,466,2071,Technical Evaluator,False
3552,1484,2310,End User,False
3553,959,2310,Blocker,False
3554,356,2310,Champion,True
3555,2227,2311,Champion,True
3556,2973,2312,Champion,True
3557,363,2313,Technical Evaluator,False
3558,311,2314,Economic Buyer,True
3559,1719,2315,Technical Evaluator,False
3560,238,2316,Technical Evaluator,False
3561,191,2316,Blocker,False
3562,326,2316,Economic Buyer,True
3563,2981,2317,Champion,True
3564,176,2318,Champion,True
3565,2607,2319,Economic Buyer,True
3566,2746,2319,Technical Evaluator,False
3567,2990,2320,Champion,True
3568,2126,2320,Executive Sponsor,True
3569,2471,2321,End User,False
3570,2030,2321,Champion,True
3571,973,2322,Legal Reviewer,False
3572,1635,2322,Technical Evaluator,False
3573,435,2322,Economic Buyer,True
3574,1020,2323,Technical Evaluator,False
3575,2992,2324,Champion,True
3576,2144,2325,Executive Sponsor,True
3577,2096,2325,End User,False
3578,610,2325,Blocker,False
3579,1606,2326,Economic Buyer,True
3580,127,2326,Champion,True
3581,100,2327,End User,False
3582,1146,2328,Executive Sponsor,True
3583,1759,2328,End User,False
3584,405,2329,Champion,True
3585,2595,2329,Technical Evaluator,False
3586,611,2330,Technical Evaluator,False
3587,2682,2330,Coach,False
3588,1587,2330,Executive Sponsor,True
3589,2323,2331,Coach,False
3590,1897,2331,Technical Evaluator,False
3591,941,2331,End User,False
3592,388,2332,Technical Evaluator,False
3593,483,2333,Technical Evaluator,False
3594,1027,2333,Champion,True
3595,1399,1769,Coach,False
3596,386,2335,Technical Evaluator,False
3597,266,2335,Economic Buyer,True
3598,1667,2336,Technical Evaluator,False
3599,2501,2337,End User,False
3600,419,2338,Technical Evaluator,False
3601,2250,2338,Economic Buyer,True
3602,2901,2339,End User,False
3603,1564,2339,Champion,True
3604,1580,2340,Champion,True
3605,2588,2341,Coach,False
3606,2627,2342,Coach,False
3607,1580,2342,End User,False
3608,2366,2343,Technical Evaluator,False
3609,1037,2344,Executive Sponsor,True
3610,761,2345,End User,False
3611,1657,2346,End User,False
3612,1223,2346,Economic Buyer,True
3613,2213,2347,Economic Buyer,True
3614,1207,2347,Champion,True
3615,481,2348,Economic Buyer,True
3616,2685,2349,Champion,True
3617,2447,2350,Economic Buyer,True
3618,2800,2351,Executive Sponsor,True
3619,656,2352,Economic Buyer,True
3620,605,2352,Technical Evaluator,False
3621,2601,2353,Blocker,False
3622,830,539,Executive Sponsor,True
3623,17,2355,Coach,False
3624,261,2356,Executive Sponsor,True
3625,786,2357,Economic Buyer,True
3626,1227,2357,Legal Reviewer,False
3627,1219,2358,Economic Buyer,True
3628,1139,2359,Champion,True
3629,2560,2360,Executive Sponsor,True
3630,2608,2361,Executive Sponsor,True
3631,1442,2362,End User,False
3632,1423,2363,Legal Reviewer,False
3633,2949,2364,Economic Buyer,True
3634,1684,2364,Blocker,False
3635,2956,2364,Technical Evaluator,False
3636,1390,2366,Legal Reviewer,False
3637,1196,2367,Economic Buyer,True
3638,1863,2367,Champion,True
3639,2103,2367,Executive Sponsor,True
3640,1880,2367,Technical Evaluator,False
3641,1743,2368,Technical Evaluator,False
3642,1317,2369,Legal Reviewer,False
3643,2554,2369,Technical Evaluator,False
3644,2882,2370,Champion,True
3645,483,2370,End User,False
3646,330,2370,Coach,False
3647,1091,2371,Champion,True
3648,48,2372,Champion,True
3649,1449,2372,Executive Sponsor,True
3650,1467,2372,Legal Reviewer,False
3651,2271,2373,Coach,False
3652,109,2374,Technical Evaluator,False
3653,2683,2374,Executive Sponsor,True
3654,969,2375,Executive Sponsor,True
3655,1370,2375,Coach,False
3656,2386,2375,Technical Evaluator,False
3657,1308,2376,End User,False
3658,2172,2377,Champion,True
3659,1586,2378,Economic Buyer,True
3660,373,2379,Economic Buyer,True
3661,802,2379,Coach,False
3662,2481,2380,Coach,False
3663,2990,2381,End User,False
3664,2126,2381,Champion,True
3665,1525,2382,Technical Evaluator,False
3666,125,2383,Technical Evaluator,False
3667,1116,2383,Economic Buyer,True
3668,190,2383,Champion,True
3669,1481,2384,Executive Sponsor,True
3670,388,2384,Champion,True
3671,2801,2384,Blocker,False
3672,1160,2385,Technical Evaluator,False
3673,2775,1453,Champion,True
3674,1675,2387,Champion,True
3675,1742,2388,Coach,False
3676,580,2388,Economic Buyer,True
3677,776,2388,Legal Reviewer,False
3678,2996,2389,Technical Evaluator,False
3679,54,2390,End User,False
3680,398,2391,Technical Evaluator,False
3681,469,2392,Executive Sponsor,True
3682,1470,2392,Coach,False
3683,678,2393,Technical Evaluator,False
3684,2317,2394,End User,False
3685,202,2396,Champion,True
3686,1604,2396,Blocker,False
3687,2916,2397,Technical Evaluator,False
3688,1909,2397,Champion,True
3689,2846,2398,End User,False
3690,1764,2399,Technical Evaluator,False
3691,558,2399,Executive Sponsor,True
3692,1553,2400,Coach,False
3693,2743,2400,Economic Buyer,True
3694,474,2400,Champion,True
3695,367,2401,Technical Evaluator,False
3696,1008,2402,Technical Evaluator,False
3697,1377,2402,Executive Sponsor,True
3698,1313,2403,Technical Evaluator,False
3699,1821,2404,Champion,True
3700,2997,2405,Economic Buyer,True
3701,1978,2405,Champion,True
3702,1907,2406,Legal Reviewer,False
3703,1233,2407,End User,False
3704,1843,239,Champion,True
3705,2886,239,Economic Buyer,True
3706,2168,2409,Champion,True
3707,2607,2409,Executive Sponsor,True
3708,2746,2409,End User,False
3709,1621,2410,Executive Sponsor,True
3710,164,2410,Champion,True
3711,646,2410,Legal Reviewer,False
3712,270,2410,Economic Buyer,True
3713,2030,2411,Economic Buyer,True
3714,774,2412,End User,False
3715,2823,2412,Economic Buyer,True
3716,1261,2412,Technical Evaluator,False
3717,1593,2412,Champion,True
3718,2349,2413,Economic Buyer,True
3719,2920,2414,Economic Buyer,True
3720,1513,2414,Champion,True
3721,242,2414,End User,False
3722,1290,2414,Blocker,False
3723,1131,2415,Champion,True
3724,2950,2415,Technical Evaluator,False
3725,2125,2416,Economic Buyer,True
3726,713,2417,Blocker,False
3727,2064,2418,End User,False
3728,2753,2418,Technical Evaluator,False
3729,1243,2419,Economic Buyer,True
3730,1650,2421,Technical Evaluator,False
3731,1789,2421,End User,False
3732,1584,2422,End User,False
3733,1758,2422,Legal Reviewer,False
3734,745,2423,End User,False
3735,1931,2423,Champion,True
3736,296,2424,Economic Buyer,True
3737,1953,2424,Legal Reviewer,False
3738,1429,2424,Technical Evaluator,False
3739,2629,2425,Technical Evaluator,False
3740,940,2426,End User,False
3741,703,2426,Executive Sponsor,True
3742,521,2427,Executive Sponsor,True
3743,2462,2428,Technical Evaluator,False
3744,2136,2428,Champion,True
3745,46,2429,Economic Buyer,True
3746,928,2430,End User,False
3747,2574,2430,Champion,True
3748,2132,2430,Executive Sponsor,True
3749,2838,2431,Coach,False
3750,2703,2431,Economic Buyer,True
3751,2339,2432,Technical Evaluator,False
3752,285,2432,Champion,True
3753,507,2433,Coach,False
3754,1893,2433,Economic Buyer,True
3755,1289,2433,Technical Evaluator,False
3756,2761,1555,Economic Buyer,True
3757,2825,1555,Executive Sponsor,True
3758,1846,1555,End User,False
3759,1191,2435,Economic Buyer,True
3760,2182,2435,Coach,False
3761,2510,2436,Champion,True
3762,1403,2436,Coach,False
3763,2358,2437,Coach,False
3764,1537,2437,Economic Buyer,True
3765,2448,2438,Executive Sponsor,True
3766,572,2438,Technical Evaluator,False
3767,427,2439,Champion,True
3768,1358,2440,Blocker,False
3769,2635,2440,End User,False
3770,1501,2441,Technical Evaluator,False
3771,1797,2441,Coach,False
3772,2670,2441,Champion,True
3773,2589,2442,Economic Buyer,True
3774,149,2443,Legal Reviewer,False
3775,393,2443,End User,False
3776,702,2444,Champion,True
3777,1221,2445,Champion,True
3778,819,2445,Blocker,False
3779,1496,2447,End User,False
3780,522,2448,Technical Evaluator,False
3781,964,2448,Blocker,False
3782,2983,2449,Economic Buyer,True
3783,2583,2450,Executive Sponsor,True
3784,2129,2450,Coach,False
3785,2099,2450,Champion,True
3786,1770,2451,Technical Evaluator,False
3787,1200,2452,End User,False
3788,2060,2453,Executive Sponsor,True
3789,2610,2454,End User,False
3790,1058,2455,End User,False
3791,2911,2455,Technical Evaluator,False
3792,411,2455,Champion,True
3793,123,2455,Executive Sponsor,True
3794,1278,2456,Technical Evaluator,False
3795,2541,2457,Economic Buyer,True
3796,2171,2458,Technical Evaluator,False
3797,2755,2459,Champion,True
3798,2800,2460,Technical Evaluator,False
3799,1397,2460,Executive Sponsor,True
3800,900,2461,Economic Buyer,True
3801,1028,2462,Technical Evaluator,False
3802,657,2463,Coach,False
3803,497,2464,Technical Evaluator,False
3804,1624,2465,Coach,False
3805,2298,2465,Technical Evaluator,False
3806,1867,2465,Executive Sponsor,True
3807,1305,2465,Champion,True
3808,1996,2466,Champion,True
3809,723,2466,Technical Evaluator,False
3810,517,2467,Champion,True
3811,2876,2467,Coach,False
3812,1207,2468,Economic Buyer,True
3813,1763,2469,Technical Evaluator,False
3814,2824,2470,Coach,False
3815,868,2471,Champion,True
3816,310,2472,Champion,True
3817,1703,2472,Technical Evaluator,False
3818,655,2472,Legal Reviewer,False
3819,497,2473,End User,False
3820,861,2474,End User,False
3821,1128,2323,Technical Evaluator,False
3822,2208,2476,End User,False
3823,2041,2477,Champion,True
3824,2665,2478,Champion,True
3825,839,2479,Economic Buyer,True
3826,2735,2480,Champion,True
3827,2009,2480,Legal Reviewer,False
3828,783,2481,Champion,True
3829,2549,2482,Champion,True
3830,2610,2483,Economic Buyer,True
3831,492,2483,Champion,True
3832,3000,2484,End User,False
3833,1859,2485,Legal Reviewer,False
3834,22,2485,Economic Buyer,True
3835,1568,2486,Economic Buyer,True
3836,1881,2487,Executive Sponsor,True
3837,549,2487,Technical Evaluator,False
3838,1459,2488,Economic Buyer,True
3839,2109,2489,Blocker,False
3840,2521,2490,Legal Reviewer,False
3841,1197,2491,Technical Evaluator,False
3842,2936,2491,Coach,False
3843,1070,2491,End User,False
3844,2006,2491,Executive Sponsor,True
3845,2955,2492,Coach,False
3846,1841,2493,Technical Evaluator,False
3847,1518,2494,Executive Sponsor,True
3848,2543,2494,Economic Buyer,True
3849,1883,2495,Executive Sponsor,True
3850,2105,2495,Economic Buyer,True
3851,1194,2496,Economic Buyer,True
3852,326,2497,End User,False
3853,238,2497,Economic Buyer,True
3854,95,2498,Champion,True
3855,2337,2499,Champion,True
3856,1154,2500,Economic Buyer,True
3857,2257,2501,End User,False
3858,807,2501,Champion,True
3859,2877,2502,End User,False
3860,970,2503,Champion,True
3861,1192,2504,Executive Sponsor,True
3862,2414,2504,Champion,True
3863,75,2505,Technical Evaluator,False
3864,2661,2505,Economic Buyer,True
3865,2931,2505,Champion,True
3866,2748,2506,Technical Evaluator,False
3867,1095,2506,Champion,True
3868,197,2506,Coach,False
3869,1052,2507,Economic Buyer,True
3870,303,2507,Coach,False
3871,2566,2508,Technical Evaluator,False
3872,771,2508,Champion,True
3873,218,2508,Economic Buyer,True
3874,1679,2509,Champion,True
3875,836,2510,Executive Sponsor,True
3876,1964,2511,Champion,True
3877,402,2511,End User,False
3878,1456,2512,Executive Sponsor,True
3879,2497,2513,Champion,True
3880,2888,2514,End User,False
3881,1355,2514,Technical Evaluator,False
3882,2834,2515,End User,False
3883,2731,2516,Technical Evaluator,False
3884,1254,2517,Technical Evaluator,False
3885,2434,2517,Blocker,False
3886,1981,2518,Technical Evaluator,False
3887,2945,2518,Blocker,False
3888,1614,2518,Coach,False
3889,681,2518,Champion,True
3890,2863,2519,Technical Evaluator,False
3891,2609,2519,Blocker,False
3892,49,2519,Champion,True
3893,2160,2520,Technical Evaluator,False
3894,2060,2520,Champion,True
3895,1778,2520,Economic Buyer,True
3896,239,2521,Technical Evaluator,False
3897,1157,2521,Champion,True
3898,1752,2521,Executive Sponsor,True
3899,2054,2522,Economic Buyer,True
3900,1408,2523,Technical Evaluator,False
3901,2225,2524,Executive Sponsor,True
3902,2177,2525,Executive Sponsor,True
3903,1618,2525,Coach,False
3904,98,2525,Economic Buyer,True
3905,2712,2526,Champion,True
3906,76,2527,Technical Evaluator,False
3907,2442,2527,Champion,True
3908,972,2528,Champion,True
3909,67,2529,Economic Buyer,True
3910,1857,2529,Coach,False
3911,2650,2530,End User,False
3912,974,2530,Technical Evaluator,False
3913,1165,2530,Executive Sponsor,True
3914,2589,2531,Champion,True
3915,175,2531,Technical Evaluator,False
3916,2805,324,Champion,True
3917,2016,2533,End User,False
3918,815,2533,Executive Sponsor,True
3919,632,2534,Coach,False
3920,2853,2534,Champion,True
3921,2481,2535,Coach,False
3922,1884,2535,Technical Evaluator,False
3923,2302,2535,End User,False
3924,2752,2535,Champion,True
3925,983,2536,End User,False
3926,1925,2536,Coach,False
3927,2323,2537,Champion,True
3928,374,2537,Legal Reviewer,False
3929,1730,2538,Technical Evaluator,False
3930,38,609,Technical Evaluator,False
3931,153,2540,Coach,False
3932,2887,2540,Technical Evaluator,False
3933,2926,2541,Technical Evaluator,False
3934,2239,2542,End User,False
3935,1803,2542,Blocker,False
3936,1766,2543,Technical Evaluator,False
3937,801,2543,End User,False
3938,1255,2544,Executive Sponsor,True
3939,1605,2544,Champion,True
3940,1143,2431,Technical Evaluator,False
3941,2335,2431,End User,False
3942,1758,2546,Champion,True
3943,1584,2546,End User,False
3944,2803,2547,Technical Evaluator,False
3945,383,2547,Coach,False
3946,1583,2548,Champion,True
3947,2525,2549,Technical Evaluator,False
3948,2675,2549,Legal Reviewer,False
3949,2436,2549,Coach,False
3950,970,2550,End User,False
3951,1017,2550,Executive Sponsor,True
3952,686,2551,Technical Evaluator,False
3953,1468,2552,Economic Buyer,True
3954,999,2553,Champion,True
3955,597,2553,Technical Evaluator,False
3956,1178,2554,Champion,True
3957,542,2555,Technical Evaluator,False
3958,1137,2556,Technical Evaluator,False
3959,1005,2557,End User,False
3960,170,2557,Technical Evaluator,False
3961,2967,2557,Coach,False
3962,1984,2558,End User,False
3963,2964,2558,Champion,True
3964,2260,2559,Economic Buyer,True
3965,2415,2559,Legal Reviewer,False
3966,510,2560,End User,False
3967,1825,2561,Technical Evaluator,False
3968,64,2561,End User,False
3969,2554,2562,Technical Evaluator,False
3970,200,2563,Economic Buyer,True
3971,586,2564,Technical Evaluator,False
3972,1928,2564,Legal Reviewer,False
3973,2242,2564,End User,False
3974,2038,2564,Champion,True
3975,2528,2564,Economic Buyer,True
3976,544,2565,Blocker,False
3977,992,2565,Coach,False
3978,697,2566,Legal Reviewer,False
3979,2564,2566,Champion,True
3980,1044,2567,Economic Buyer,True
3981,1534,2567,Blocker,False
3982,441,2568,Champion,True
3983,95,2569,Economic Buyer,True
3984,2292,2570,Champion,True
3985,1844,2571,End User,False
3986,2491,2571,Technical Evaluator,False
3987,1141,2572,Economic Buyer,True
3988,832,2572,Blocker,False
3989,94,2572,Legal Reviewer,False
3990,449,2573,Technical Evaluator,False
3991,669,2573,Champion,True
3992,2363,2574,Technical Evaluator,False
3993,4,2574,Economic Buyer,True
3994,2440,2575,End User,False
3995,125,1823,Economic Buyer,True
3996,1481,2577,End User,False
3997,2801,2577,Economic Buyer,True
3998,2363,2578,Coach,False
3999,4,2578,End User,False
4000,979,2581,Coach,False
4001,1176,2582,Economic Buyer,True
4002,728,2583,Champion,True
4003,2978,2583,Coach,False
4004,2280,2584,Blocker,False
4005,2619,2584,Coach,False
4006,2537,2585,End User,False
4007,1440,2586,Champion,True
4008,1186,2586,Executive Sponsor,True
4009,1597,2587,Champion,True
4010,1358,2587,Coach,False
4011,583,2587,Economic Buyer,True
4012,1512,2588,Technical Evaluator,False
4013,2586,2588,End User,False
4014,2589,2589,Legal Reviewer,False
4015,2166,2590,Champion,True
4016,1620,2591,Technical Evaluator,False
4017,2779,2592,Champion,True
4018,1603,2592,Blocker,False
4019,1263,2592,Technical Evaluator,False
4020,210,2592,Coach,False
4021,701,2593,Technical Evaluator,False
4022,1002,2594,Technical Evaluator,False
4023,1187,2594,End User,False
4024,2245,2595,Champion,True
4025,1284,2597,Technical Evaluator,False
4026,1425,2598,Economic Buyer,True
4027,1130,2599,Blocker,False
4028,1791,2599,Technical Evaluator,False
4029,1718,2600,Legal Reviewer,False
4030,878,2601,Technical Evaluator,False
4031,2526,2602,Technical Evaluator,False
4032,865,2602,Champion,True
4033,1642,2602,End User,False
4034,725,2602,Executive Sponsor,True
4035,2279,2603,Coach,False
4036,2274,2604,Champion,True
4037,2338,2604,Coach,False
4038,469,2605,Economic Buyer,True
4039,1470,2605,End User,False
4040,181,2606,Technical Evaluator,False
4041,1998,2608,Coach,False
4042,2701,2608,End User,False
4043,701,2609,End User,False
4044,829,2610,Champion,True
4045,549,2611,Executive Sponsor,True
4046,490,2612,Coach,False
4047,2458,2613,End User,False
4048,1480,2614,Technical Evaluator,False
4049,1927,2615,Technical Evaluator,False
4050,819,2616,Economic Buyer,True
4051,1221,2616,Coach,False
4052,2579,2617,Blocker,False
4053,2496,2618,Blocker,False
4054,271,2619,Economic Buyer,True
4055,2984,2619,Blocker,False
4056,488,2620,Economic Buyer,True
4057,1561,2620,Champion,True
4058,1711,2620,Technical Evaluator,False
4059,390,2620,Executive Sponsor,True
4060,1655,2621,Economic Buyer,True
4061,103,2622,Champion,True
4062,2818,2623,Champion,True
4063,771,2624,Technical Evaluator,False
4064,2566,2624,End User,False
4065,1961,2624,Champion,True
4066,637,2625,Technical Evaluator,False
4067,2927,2626,Economic Buyer,True
4068,1917,2627,Technical Evaluator,False
4069,802,2628,Economic Buyer,True
4070,1952,2629,Economic Buyer,True
4071,217,2629,Technical Evaluator,False
4072,2446,2629,Coach,False
4073,1680,2630,Technical Evaluator,False
4074,2364,2631,Technical Evaluator,False
4075,2572,2632,Champion,True
4076,148,2633,Executive Sponsor,True
4077,714,2633,Blocker,False
4078,1711,2634,Legal Reviewer,False
4079,2355,2634,Economic Buyer,True
4080,875,2635,Executive Sponsor,True
4081,375,2636,End User,False
4082,744,2636,Technical Evaluator,False
4083,2344,2637,Executive Sponsor,True
4084,1482,2637,Champion,True
4085,1186,2638,Coach,False
4086,1440,2638,End User,False
4087,223,2639,Champion,True
4088,1548,2639,Technical Evaluator,False
4089,1057,2639,Economic Buyer,True
4090,376,2640,Economic Buyer,True
4091,287,2641,Executive Sponsor,True
4092,2842,2641,Technical Evaluator,False
4093,510,2642,Technical Evaluator,False
4094,2984,2642,Legal Reviewer,False
4095,1213,2643,Champion,True
4096,2579,2644,End User,False
4097,2033,2645,Coach,False
4098,2613,2646,Technical Evaluator,False
4099,1124,2647,Economic Buyer,True
4100,1339,2648,Champion,True
4101,551,2648,Technical Evaluator,False
4102,9,2649,Champion,True
4103,1730,2650,Technical Evaluator,False
4104,906,2651,Champion,True
4105,1374,2652,Technical Evaluator,False
4106,40,2652,Champion,True
4107,478,2652,Economic Buyer,True
4108,2285,2653,Technical Evaluator,False
4109,1581,2654,Champion,True
4110,2735,2654,Economic Buyer,True
4111,2009,2654,End User,False
4112,23,2655,Blocker,False
4113,2922,2656,Champion,True
4114,765,2656,End User,False
4115,2213,2657,Champion,True
4116,1207,2657,End User,False
4117,1190,2658,End User,False
4118,1905,2658,Technical Evaluator,False
4119,2974,2659,Champion,True
4120,713,2659,Technical Evaluator,False
4121,2759,2660,Technical Evaluator,False
4122,535,2660,Executive Sponsor,True
4123,900,2661,Economic Buyer,True
4124,705,2661,Technical Evaluator,False
4125,2015,2661,Blocker,False
4126,876,2662,Champion,True
4127,2930,2663,Executive Sponsor,True
4128,619,2663,Coach,False
4129,1680,2664,Coach,False
4130,389,1384,Champion,True
4131,333,2666,Coach,False
4132,666,2666,End User,False
4133,1205,2667,Technical Evaluator,False
4134,1036,2667,Executive Sponsor,True
4135,1809,2668,Blocker,False
4136,274,2669,Technical Evaluator,False
4137,577,2670,Economic Buyer,True
4138,2585,2671,Executive Sponsor,True
4139,1731,2671,Coach,False
4140,500,2672,Economic Buyer,True
4141,1427,2672,Coach,False
4142,787,2673,Champion,True
4143,1871,2673,Legal Reviewer,False
4144,1554,2674,Executive Sponsor,True
4145,1890,2674,Technical Evaluator,False
4146,881,2675,Economic Buyer,True
4147,1117,2676,Champion,True
4148,2177,2678,Executive Sponsor,True
4149,2718,2679,Technical Evaluator,False
4150,537,2679,Champion,True
4151,2868,2680,Technical Evaluator,False
4152,1094,2681,Economic Buyer,True
4153,1388,2682,Economic Buyer,True
4154,451,2683,Technical Evaluator,False
4155,2150,2683,End User,False
4156,515,2684,Blocker,False
4157,1426,2685,Executive Sponsor,True
4158,2153,2685,End User,False
4159,1680,2686,Executive Sponsor,True
4160,1241,2687,Champion,True
4161,783,2688,Technical Evaluator,False
4162,985,2688,Economic Buyer,True
4163,1076,2689,Technical Evaluator,False
4164,286,2690,Technical Evaluator,False
4165,2902,2690,End User,False
4166,7,2691,Economic Buyer,True
4167,1323,2692,Economic Buyer,True
4168,1741,2692,Coach,False
4169,1400,2693,Champion,True
4170,2448,2694,Executive Sponsor,True
4171,2404,329,Technical Evaluator,False
4172,1915,2696,Champion,True
4173,1026,2696,End User,False
4174,2504,2697,Champion,True
4175,2032,2698,Champion,True
4176,1502,2699,Technical Evaluator,False
4177,981,2700,Technical Evaluator,False
4178,172,2701,Champion,True
4179,310,2702,Champion,True
4180,1703,2702,End User,False
4181,655,2702,Technical Evaluator,False
4182,2351,2703,Champion,True
4183,143,2703,Economic Buyer,True
4184,1773,2703,Technical Evaluator,False
4185,1945,2704,Economic Buyer,True
4186,2044,2705,Blocker,False
4187,2838,2706,Champion,True
4188,2574,2707,Executive Sponsor,True
4189,833,2708,Technical Evaluator,False
4190,1056,2709,End User,False
4191,1234,2710,Technical Evaluator,False
4192,2725,2710,Coach,False
4193,2179,2710,Blocker,False
4194,1888,2710,End User,False
4195,1429,2711,End User,False
4196,296,2711,Economic Buyer,True
4197,1953,2711,Champion,True
4198,2441,2712,Technical Evaluator,False
4199,1008,2713,Executive Sponsor,True
4200,1377,2713,Technical Evaluator,False
4201,2404,2714,Economic Buyer,True
4202,160,2714,End User,False
4203,2809,2714,Technical Evaluator,False
4204,581,2715,Executive Sponsor,True
4205,2955,2716,Legal Reviewer,False
4206,370,2717,Champion,True
4207,2360,2717,Legal Reviewer,False
4208,1926,2717,Economic Buyer,True
4209,375,2718,Economic Buyer,True
4210,593,2719,Economic Buyer,True
4211,870,2719,Executive Sponsor,True
4212,937,2719,Coach,False
4213,1644,2720,Executive Sponsor,True
4214,2755,2721,Champion,True
4215,764,2722,Legal Reviewer,False
4216,2396,2723,End User,False
4217,1983,2723,Blocker,False
4218,1038,2724,Coach,False
4219,2741,2725,Coach,False
4220,1249,2726,Technical Evaluator,False
4221,1359,2726,Coach,False
4222,905,2726,Champion,True
4223,2434,2727,Coach,False
4224,2765,2728,Economic Buyer,True
4225,2224,2729,Champion,True
4226,1514,2730,Champion,True
4227,985,2731,Economic Buyer,True
4228,2971,2732,Technical Evaluator,False
4229,1904,2732,End User,False
4230,607,2733,Executive Sponsor,True
4231,1217,2734,Executive Sponsor,True
4232,2483,2735,End User,False
4233,1308,2736,Coach,False
4234,929,2737,Champion,True
4235,625,2738,Champion,True
4236,1542,2739,Legal Reviewer,False
4237,2540,2740,Coach,False
4238,1225,2741,Economic Buyer,True
4239,2146,2742,Champion,True
4240,717,2743,End User,False
4241,2287,2743,Technical Evaluator,False
4242,2498,2744,Technical Evaluator,False
4243,2089,2745,Technical Evaluator,False
4244,743,2746,Technical Evaluator,False
4245,1205,2747,Legal Reviewer,False
4246,556,2748,Technical Evaluator,False
4247,2312,2748,Champion,True
4248,25,2748,Economic Buyer,True
4249,2468,2749,Technical Evaluator,False
4250,121,2749,Economic Buyer,True
4251,1910,2749,Champion,True
4252,1937,2750,Economic Buyer,True
4253,2529,2750,Coach,False
4254,2730,2752,Technical Evaluator,False
4255,2122,2753,Executive Sponsor,True
4256,2281,2754,Coach,False
4257,1045,2755,Technical Evaluator,False
4258,1054,2756,Economic Buyer,True
4259,1725,2757,Technical Evaluator,False
4260,1205,2758,Champion,True
4261,200,2759,End User,False
4262,261,2761,Champion,True
4263,2757,2762,Executive Sponsor,True
4264,1782,2762,Economic Buyer,True
4265,464,2763,Executive Sponsor,True
4266,1377,2764,Technical Evaluator,False
4267,1229,2766,End User,False
4268,2533,2766,Economic Buyer,True
4269,2605,2767,Legal Reviewer,False
4270,610,2768,Legal Reviewer,False
4271,327,2769,Champion,True
4272,1647,2769,Economic Buyer,True
4273,1872,2769,Technical Evaluator,False
4274,2206,2770,Blocker,False
4275,863,2771,Blocker,False
4276,426,2771,Champion,True
4277,1217,2772,Champion,True
4278,1171,2773,Champion,True
4279,2871,2774,Economic Buyer,True
4280,1885,2774,Technical Evaluator,False
4281,461,453,End User,False
4282,1464,2776,Champion,True
4283,2890,2777,End User,False
4284,2552,2778,Technical Evaluator,False
4285,73,2779,Executive Sponsor,True
4286,2767,2780,Champion,True
4287,817,2780,Coach,False
4288,80,2781,Legal Reviewer,False
4289,771,2782,Legal Reviewer,False
4290,218,2782,Technical Evaluator,False
4291,203,2783,Champion,True
4292,2701,2783,Economic Buyer,True
4293,2366,2784,Legal Reviewer,False
4294,2245,2785,Champion,True
4295,2200,2786,Technical Evaluator,False
4296,636,2786,End User,False
4297,1660,2787,Technical Evaluator,False
4298,409,2787,Champion,True
4299,2069,2788,Technical Evaluator,False
4300,1889,2788,Coach,False
4301,2097,2789,Legal Reviewer,False
4302,691,2789,End User,False
4303,2932,2789,Champion,True
4304,1217,2790,Technical Evaluator,False
4305,1562,2791,Champion,True
4306,1921,2792,Legal Reviewer,False
4307,1191,2793,Executive Sponsor,True
4308,2055,2794,Executive Sponsor,True
4309,1585,2794,Coach,False
4310,1526,2795,Technical Evaluator,False
4311,2361,2795,End User,False
4312,52,2795,Economic Buyer,True
4313,1375,2796,End User,False
4314,2136,2796,Champion,True
4315,2325,2796,Executive Sponsor,True
4316,2754,2797,Blocker,False
4317,1018,2798,End User,False
4318,2392,2799,Champion,True
4319,884,2800,Economic Buyer,True
4320,1552,2800,Champion,True
4321,926,2801,Champion,True
4322,343,2802,Legal Reviewer,False
4323,2153,2802,Technical Evaluator,False
4324,1426,2802,Coach,False
4325,2027,2803,Economic Buyer,True
4326,2508,2804,Coach,False
4327,788,2804,Economic Buyer,True
4328,2618,2804,Technical Evaluator,False
4329,946,2805,Champion,True
4330,552,2806,Champion,True
4331,2509,2806,Executive Sponsor,True
4332,2039,2807,Economic Buyer,True
4333,2710,2807,Technical Evaluator,False
4334,69,2808,Economic Buyer,True
4335,2271,2809,Economic Buyer,True
4336,2745,2810,Champion,True
4337,1602,2811,Economic Buyer,True
4338,2506,2812,Executive Sponsor,True
4339,1227,2813,Economic Buyer,True
4340,786,2813,End User,False
4341,185,2813,Executive Sponsor,True
4342,1388,2814,Champion,True
4343,193,2814,End User,False
4344,1411,2814,Technical Evaluator,False
4345,2745,791,Economic Buyer,True
4346,2111,2816,Champion,True
4347,1223,2817,Economic Buyer,True
4348,93,2818,Technical Evaluator,False
4349,800,2818,Blocker,False
4350,71,2819,Executive Sponsor,True
4351,2066,2820,Coach,False
4352,249,2820,Champion,True
4353,2008,2821,Champion,True
4354,1121,2821,Technical Evaluator,False
4355,711,2822,Executive Sponsor,True
4356,363,2823,Coach,False
4357,2495,2824,Executive Sponsor,True
4358,1843,2825,Economic Buyer,True
4359,2389,2826,Economic Buyer,True
4360,2260,2827,Coach,False
4361,2415,2827,Economic Buyer,True
4362,2521,2827,Champion,True
4363,115,2828,Technical Evaluator,False
4364,2029,2828,Champion,True
4365,725,2829,Technical Evaluator,False
4366,2476,2830,Technical Evaluator,False
4367,2983,2830,Champion,True
4368,1413,2831,Economic Buyer,True
4369,430,2831,Blocker,False
4370,2235,2832,End User,False
4371,1656,2833,Legal Reviewer,False
4372,1245,2834,Technical Evaluator,False
4373,761,2834,Blocker,False
4374,1220,2835,Executive Sponsor,True
4375,1878,2836,Blocker,False
4376,798,2836,Champion,True
4377,1394,2836,End User,False
4378,2557,2837,Technical Evaluator,False
4379,1730,2838,Champion,True
4380,1899,2839,Executive Sponsor,True
4381,934,2840,Champion,True
4382,2498,2841,Technical Evaluator,False
4383,324,2842,End User,False
4384,647,2843,Champion,True
4385,1633,2843,End User,False
4386,898,2843,Technical Evaluator,False
4387,2170,2844,Technical Evaluator,False
4388,1089,2844,Coach,False
4389,1447,2844,Champion,True
4390,24,2845,Legal Reviewer,False
4391,1181,2845,Champion,True
4392,2238,2846,Technical Evaluator,False
4393,1514,1303,Blocker,False
4394,2101,1303,Executive Sponsor,True
4395,2031,2848,End User,False
4396,1861,2848,Technical Evaluator,False
4397,2374,2849,Technical Evaluator,False
4398,173,2849,Executive Sponsor,True
4399,829,2850,End User,False
4400,2378,2851,Technical Evaluator,False
4401,2395,2852,Blocker,False
4402,848,2853,Legal Reviewer,False
4403,1193,2854,Champion,True
4404,1325,2855,Coach,False
4405,2790,2856,Executive Sponsor,True
4406,620,2856,Technical Evaluator,False
4407,1055,2857,Technical Evaluator,False
4408,426,2858,Economic Buyer,True
4409,863,2858,Executive Sponsor,True
4410,2937,2858,Technical Evaluator,False
4411,2484,2859,Technical Evaluator,False
4412,1502,2859,Coach,False
4413,588,2859,Champion,True
4414,282,2860,End User,False
4415,2828,2860,Technical Evaluator,False
4416,2820,2860,Coach,False
4417,2242,2861,Technical Evaluator,False
4418,1928,2861,Executive Sponsor,True
4419,2464,2862,Executive Sponsor,True
4420,684,2862,End User,False
4421,1020,2863,Economic Buyer,True
4422,1417,2864,Economic Buyer,True
4423,1694,2864,Champion,True
4424,693,2865,Technical Evaluator,False
4425,991,2865,Executive Sponsor,True
4426,2597,2865,Champion,True
4427,2707,2866,Technical Evaluator,False
4428,664,2867,Economic Buyer,True
4429,1612,2868,End User,False
4430,635,2870,Blocker,False
4431,457,2871,Executive Sponsor,True
4432,27,2872,Technical Evaluator,False
4433,1650,2873,Technical Evaluator,False
4434,1824,2874,End User,False
4435,2023,2875,Economic Buyer,True
4436,1619,2875,Champion,True
4437,2299,1041,End User,False
4438,489,2877,Champion,True
4439,2484,2877,End User,False
4440,1502,2877,Executive Sponsor,True
4441,858,2878,Champion,True
4442,318,2879,Champion,True
4443,996,2880,Technical Evaluator,False
4444,2517,2880,Coach,False
4445,2645,2881,End User,False
4446,1469,2882,Coach,False
4447,1372,2883,Champion,True
4448,335,2883,Technical Evaluator,False
4449,418,2883,End User,False
4450,1421,2884,Champion,True
4451,2504,2885,Champion,True
4452,2064,2886,Technical Evaluator,False
4453,808,2887,Economic Buyer,True
4454,2893,2888,Executive Sponsor,True
4455,2320,2889,Coach,False
4456,1551,2890,End User,False
4457,2429,2890,Champion,True
4458,1481,2891,End User,False
4459,2801,2891,Blocker,False
4460,388,2891,Economic Buyer,True
4461,2738,2893,Technical Evaluator,False
4462,2596,2894,End User,False
4463,1880,2894,Blocker,False
4464,1863,2894,Champion,True
4465,233,2895,End User,False
4466,1938,2895,Coach,False
4467,1066,2896,Technical Evaluator,False
4468,291,2896,End User,False
4469,2580,2897,Legal Reviewer,False
4470,2159,2897,Technical Evaluator,False
4471,2074,2898,Champion,True
4472,1595,2899,Coach,False
4473,2694,2900,Technical Evaluator,False
4474,548,2901,Coach,False
4475,1710,2901,Legal Reviewer,False
4476,616,2902,Coach,False
4477,2098,2902,Executive Sponsor,True
4478,405,2903,Champion,True
4479,1738,2904,Economic Buyer,True
4480,2854,2905,Champion,True
4481,351,2906,Technical Evaluator,False
4482,2560,2907,Champion,True
4483,2089,1451,Technical Evaluator,False
4484,136,2909,Executive Sponsor,True
4485,1444,2910,Champion,True
4486,2910,2910,Blocker,False
4487,1884,2911,Technical Evaluator,False
4488,1540,2912,Economic Buyer,True
4489,1442,2912,Coach,False
4490,1200,2913,Economic Buyer,True
4491,634,2914,Technical Evaluator,False
4492,1735,2915,Blocker,False
4493,209,2915,Champion,True
4494,1055,2915,Economic Buyer,True
4495,2826,2916,Technical Evaluator,False
4496,1727,2916,Economic Buyer,True
4497,1455,2917,Executive Sponsor,True
4498,2143,2918,Technical Evaluator,False
4499,812,2919,Champion,True
4500,5,2919,Economic Buyer,True
4501,17,2920,Champion,True
4502,622,2921,Coach,False
4503,2554,2922,Champion,True
4504,1317,2922,End User,False
4505,989,2923,Legal Reviewer,False
4506,2036,2924,Economic Buyer,True
4507,226,2924,Technical Evaluator,False
4508,1796,2925,Executive Sponsor,True
4509,2552,2926,Coach,False
4510,2634,2926,Champion,True
4511,1530,2926,Technical Evaluator,False
4512,656,2927,Coach,False
4513,302,2928,End User,False
4514,1188,2928,Legal Reviewer,False
4515,1043,2928,Coach,False
4516,1400,2929,Legal Reviewer,False
4517,1476,2929,Champion,True
4518,1687,2930,Executive Sponsor,True
4519,2601,2931,Executive Sponsor,True
4520,2417,2931,Coach,False
4521,1605,2932,Economic Buyer,True
4522,2146,2933,Champion,True
4523,1821,2934,Economic Buyer,True
4524,1282,2935,Technical Evaluator,False
4525,2574,2936,Technical Evaluator,False
4526,928,2936,Champion,True
4527,2132,2936,End User,False
4528,67,2937,End User,False
4529,1857,2937,Economic Buyer,True
4530,2094,855,Coach,False
4531,181,2939,Legal Reviewer,False
4532,2951,2940,Technical Evaluator,False
4533,3,2940,Coach,False
4534,1494,2940,Economic Buyer,True
4535,2549,2941,End User,False
4536,614,2942,Economic Buyer,True
4537,2760,2942,Champion,True
4538,2401,2942,End User,False
4539,1370,2943,Champion,True
4540,1866,2944,End User,False
4541,1445,2944,Technical Evaluator,False
4542,2812,2944,Champion,True
4543,2057,2945,Technical Evaluator,False
4544,1131,2945,End User,False
4545,1233,2945,Economic Buyer,True
4546,2950,2945,Champion,True
4547,2138,2946,Executive Sponsor,True
4548,384,2947,Economic Buyer,True
4549,2024,2947,Champion,True
4550,2012,2947,End User,False
4551,523,2947,Executive Sponsor,True
4552,1742,2949,Blocker,False
4553,2741,2950,Blocker,False
4554,1418,2950,Economic Buyer,True
4555,1453,2951,Economic Buyer,True
4556,2877,2952,Economic Buyer,True
4557,931,2953,End User,False
4558,1585,2954,Coach,False
4559,2055,2954,Technical Evaluator,False
4560,250,2955,Blocker,False
4561,1270,2955,End User,False
4562,766,2956,Champion,True
4563,468,2957,End User,False
4564,1011,2958,Economic Buyer,True
4565,1450,2959,Champion,True
4566,504,2960,Economic Buyer,True
4567,1734,2961,Technical Evaluator,False
4568,2654,2962,Blocker,False
4569,860,2962,Executive Sponsor,True
4570,2393,2962,Technical Evaluator,False
4571,2570,1745,Technical Evaluator,False
4572,2515,2964,Blocker,False
4573,1800,2964,Economic Buyer,True
4574,672,2964,Champion,True
4575,1453,2964,Coach,False
4576,2829,2965,Executive Sponsor,True
4577,2205,2965,Economic Buyer,True
4578,148,2967,Technical Evaluator,False
4579,1094,2968,Champion,True
4580,1758,2969,Blocker,False
4581,1898,2970,Coach,False
4582,2057,2971,Economic Buyer,True
4583,2753,2972,End User,False
4584,975,2973,Champion,True
4585,2892,2973,Legal Reviewer,False
4586,1661,2973,Technical Evaluator,False
4587,57,2974,End User,False
4588,2712,2975,Executive Sponsor,True
4589,2392,2976,Champion,True
4590,307,2977,Technical Evaluator,False
4591,1012,2977,Economic Buyer,True
4592,1105,2978,Technical Evaluator,False
4593,1073,2978,Champion,True
4594,2236,2979,Technical Evaluator,False
4595,1200,2979,Executive Sponsor,True
4596,1943,2980,Executive Sponsor,True
4597,381,2980,Technical Evaluator,False
4598,2810,2981,Legal Reviewer,False
4599,1017,2982,Champion,True
4600,2781,2983,Executive Sponsor,True
4601,2519,2984,Champion,True
4602,417,2985,Economic Buyer,True
4603,1192,2986,Executive Sponsor,True
4604,1908,2986,Economic Buyer,True
4605,2320,2987,Champion,True
4606,2797,2408,Champion,True
4607,741,2989,Blocker,False
4608,484,2989,Economic Buyer,True
4609,495,2990,Coach,False
4610,1302,2990,Champion,True
4611,2847,2991,End User,False
4612,2538,2991,Technical Evaluator,False
4613,1707,2992,Champion,True
4614,375,2993,Legal Reviewer,False
4615,744,2993,Champion,True
4616,521,2994,Champion,True
4617,1667,2996,Legal Reviewer,False
4618,1548,2997,End User,False
4619,801,2998,Champion,True
4620,2681,2999,Executive Sponsor,True
4621,937,3000,End User,False
4622,593,3000,Technical Evaluator,False
4623,870,3000,Champion,True
4624,281,3001,Executive Sponsor,True
4625,2805,3002,Economic Buyer,True
4626,2029,3003,Coach,False
4627,115,3003,Champion,True
4628,1686,3004,Champion,True
4629,595,3004,Coach,False
4630,834,3005,Technical Evaluator,False
4631,2527,3005,Champion,True
4632,2104,3005,Economic Buyer,True
4633,2708,3006,Coach,False
4634,833,3006,Executive Sponsor,True
4635,2120,3006,Legal Reviewer,False
4636,2974,3007,Executive Sponsor,True
4637,2401,3008,Technical Evaluator,False
4638,614,3008,Blocker,False
4639,2029,3009,Champion,True
4640,115,3009,End User,False
4641,2754,3010,Champion,True
4642,2669,3011,End User,False
4643,1150,3011,Technical Evaluator,False
4644,326,3012,Economic Buyer,True
4645,238,3012,Champion,True
4646,55,3013,Technical Evaluator,False
4647,2065,3014,Technical Evaluator,False
4648,2916,3014,Blocker,False
4649,1909,3014,Champion,True
4650,1288,3015,Champion,True
4651,277,3016,Technical Evaluator,False
4652,2313,3016,End User,False
4653,129,3017,Economic Buyer,True
4654,496,3017,Technical Evaluator,False
4655,1041,3018,Executive Sponsor,True
4656,141,3019,Coach,False
4657,2147,3019,Technical Evaluator,False
4658,849,3020,Coach,False
4659,1839,3020,Technical Evaluator,False
4660,107,3021,Technical Evaluator,False
4661,2874,3021,Economic Buyer,True
4662,1736,3021,Blocker,False
4663,1149,3023,End User,False
4664,338,1004,Technical Evaluator,False
4665,1417,1004,Champion,True
4666,811,3025,End User,False
4667,1600,3026,Champion,True
4668,42,3027,Blocker,False
4669,744,3028,Champion,True
4670,375,3028,Blocker,False
4671,2811,3029,Champion,True
4672,31,3029,Technical Evaluator,False
4673,1087,2345,Champion,True
4674,1717,2345,Executive Sponsor,True
4675,2995,3031,Executive Sponsor,True
4676,2766,3031,Champion,True
4677,1913,3031,Legal Reviewer,False
4678,1062,3032,Economic Buyer,True
4679,2845,3032,Legal Reviewer,False
4680,2795,3033,Coach,False
4681,2912,3033,Champion,True
4682,2864,3034,Blocker,False
4683,113,3034,Economic Buyer,True
4684,1940,3035,Champion,True
4685,1533,3037,Champion,True
4686,268,3038,End User,False
4687,82,3039,Coach,False
4688,1290,3040,Executive Sponsor,True
4689,2898,3041,Champion,True
4690,1286,3042,Technical Evaluator,False
4691,1054,3042,Blocker,False
4692,388,3043,Technical Evaluator,False
4693,1339,3044,Technical Evaluator,False
4694,618,3045,Economic Buyer,True
4695,2165,3046,Champion,True
4696,1571,3046,Technical Evaluator,False
4697,982,3047,Economic Buyer,True
4698,526,3047,Technical Evaluator,False
4699,1246,3047,Champion,True
4700,2163,3048,Technical Evaluator,False
4701,2633,3048,Coach,False
4702,2056,3049,Coach,False
4703,253,3049,Executive Sponsor,True
4704,2470,3049,Champion,True
4705,2779,3050,Economic Buyer,True
4706,2061,3051,Coach,False
4707,1770,3052,End User,False
4708,2504,3053,End User,False
4709,716,3054,Economic Buyer,True
4710,2061,3055,Executive Sponsor,True
4711,338,3056,Blocker,False
4712,1694,3056,Champion,True
4713,1417,3056,End User,False
4714,2273,3058,Technical Evaluator,False
4715,1517,3058,Blocker,False
4716,2300,3059,End User,False
4717,1599,3060,Coach,False
4718,791,3061,Blocker,False
4719,1383,3061,End User,False
4720,2763,435,Champion,True
4721,2567,435,Economic Buyer,True
4722,1978,3063,Technical Evaluator,False
4723,2997,3063,Champion,True
4724,1672,3064,End User,False
4725,494,3064,Champion,True
4726,2413,3064,Coach,False
4727,341,3064,Executive Sponsor,True
4728,2370,3065,Executive Sponsor,True
4729,1921,3065,Technical Evaluator,False
4730,19,3066,Champion,True
4731,1927,3066,End User,False
4732,2273,3067,Champion,True
4733,1730,3068,Blocker,False
4734,1270,3069,Blocker,False
4735,938,3070,Champion,True
4736,2563,3070,End User,False
4737,526,3071,Technical Evaluator,False
4738,534,3072,Champion,True
4739,430,3072,Executive Sponsor,True
4740,1413,3072,Economic Buyer,True
4741,2494,3073,End User,False
4742,308,3074,Technical Evaluator,False
4743,1482,2571,End User,False
4744,2245,3078,Coach,False
4745,2089,3079,Champion,True
4746,1980,3080,Executive Sponsor,True
4747,2328,3081,End User,False
4748,1578,3082,Coach,False
4749,1128,3082,Champion,True
4750,1844,3083,Executive Sponsor,True
4751,2491,3083,Champion,True
4752,545,3083,Blocker,False
4753,1960,3084,Coach,False
4754,439,3084,Technical Evaluator,False
4755,1082,3085,Economic Buyer,True
4756,2692,3086,Champion,True
4757,1422,3087,Coach,False
4758,2528,3088,Economic Buyer,True
4759,2242,3088,Champion,True
4760,586,3088,Technical Evaluator,False
4761,1034,3089,Champion,True
4762,577,3089,Coach,False
4763,1930,3090,Economic Buyer,True
4764,1087,3091,End User,False
4765,1199,3092,Economic Buyer,True
4766,2506,3092,End User,False
4767,1597,3093,Economic Buyer,True
4768,42,3093,Technical Evaluator,False
4769,2755,3094,Champion,True
4770,1188,3095,End User,False
4771,874,3096,Legal Reviewer,False
4772,2246,3096,Technical Evaluator,False
4773,2521,3097,Technical Evaluator,False
4774,2818,3098,Champion,True
4775,2904,3099,Technical Evaluator,False
4776,1355,3099,Blocker,False
4777,2888,3099,Economic Buyer,True
4778,332,3100,Economic Buyer,True
4779,2387,3101,Technical Evaluator,False
4780,312,3102,Legal Reviewer,False
4781,279,3103,Champion,True
4782,55,3104,Economic Buyer,True
4783,798,3105,Technical Evaluator,False
4784,437,3106,Legal Reviewer,False
4785,2237,3107,Technical Evaluator,False
4786,2273,3108,Champion,True
4787,1517,3108,Economic Buyer,True
4788,1248,3109,Technical Evaluator,False
4789,1504,3110,Executive Sponsor,True
4790,2072,3110,Champion,True
4791,1812,3111,End User,False
4792,2973,3111,Champion,True
4793,1760,3112,Champion,True
4794,405,3113,Executive Sponsor,True
4795,2535,3113,End User,False
4796,1876,3114,Economic Buyer,True
4797,397,3115,End User,False
4798,449,3115,Technical Evaluator,False
4799,220,3115,Blocker,False
4800,669,3115,Economic Buyer,True
4801,1094,3116,End User,False
4802,1792,3117,Blocker,False
4803,1972,3118,End User,False
4804,63,3118,Economic Buyer,True
4805,2821,3119,Technical Evaluator,False
4806,41,3119,Economic Buyer,True
4807,2315,3120,Legal Reviewer,False
4808,24,3121,Blocker,False
4809,1181,3121,Champion,True
4810,2441,3122,Champion,True
4811,2805,3123,Technical Evaluator,False
4812,1637,3123,Economic Buyer,True
4813,55,3124,Legal Reviewer,False
4814,2058,3125,End User,False
4815,1127,3126,Champion,True
4816,1052,3127,Technical Evaluator,False
4817,1588,3128,Coach,False
4818,2498,3129,Champion,True
4819,1648,3130,Champion,True
4820,1154,3131,Technical Evaluator,False
4821,1700,3132,End User,False
4822,196,3133,End User,False
4823,154,1481,Executive Sponsor,True
4824,1847,1481,Champion,True
4825,990,1481,Technical Evaluator,False
4826,2700,3135,End User,False
4827,827,3136,Champion,True
4828,43,3136,End User,False
4829,1594,3136,Economic Buyer,True
4830,2966,3137,Technical Evaluator,False
4831,2653,3137,Blocker,False
4832,885,3138,Coach,False
4833,1238,3138,Technical Evaluator,False
4834,163,3139,Economic Buyer,True
4835,1342,3139,Technical Evaluator,False
4836,2540,3140,Technical Evaluator,False
4837,2670,3141,Legal Reviewer,False
4838,614,3142,Executive Sponsor,True
4839,2931,1537,Executive Sponsor,True
4840,2661,1537,Technical Evaluator,False
4841,75,1537,Champion,True
4842,270,3144,Champion,True
4843,646,3144,Executive Sponsor,True
4844,1601,3145,Technical Evaluator,False
4845,2332,3145,End User,False
4846,1378,3145,Executive Sponsor,True
4847,2089,3147,Technical Evaluator,False
4848,1458,3149,Economic Buyer,True
4849,423,3150,Champion,True
4850,2226,3150,Economic Buyer,True
4851,1315,3150,End User,False
4852,2505,3150,Technical Evaluator,False
4853,2580,3151,Technical Evaluator,False
4854,2159,3151,Champion,True
4855,549,3152,End User,False
4856,1881,3152,Champion,True
4857,379,3152,Legal Reviewer,False
4858,2984,3153,Legal Reviewer,False
4859,271,3153,Champion,True
4860,2077,3153,End User,False
4861,510,3153,Blocker,False
4862,143,3154,Executive Sponsor,True
4863,1773,3154,Champion,True
4864,2351,3154,Economic Buyer,True
4865,291,3155,Coach,False
4866,2421,3156,Executive Sponsor,True
4867,15,3157,Coach,False
4868,57,3158,Technical Evaluator,False
4869,2112,3159,Champion,True
4870,2834,3159,Technical Evaluator,False
4871,952,3160,Economic Buyer,True
4872,552,3160,End User,False
4873,2731,3161,Economic Buyer,True
4874,298,3162,Executive Sponsor,True
4875,1293,3163,Blocker,False
4876,166,3164,Champion,True
4877,2015,3165,End User,False
4878,705,3165,Blocker,False
4879,900,3165,Champion,True
4880,1645,3166,Champion,True
4881,1704,3166,Legal Reviewer,False
4882,932,3166,Technical Evaluator,False
4883,1186,3167,Economic Buyer,True
4884,1440,3167,Champion,True
4885,1417,3168,Technical Evaluator,False
4886,1694,3168,Champion,True
4887,1584,3169,Economic Buyer,True
4888,531,3170,Champion,True
4889,1320,3171,Economic Buyer,True
4890,152,3172,Coach,False
4891,2435,3173,Coach,False
4892,2304,3173,Economic Buyer,True
4893,10,3173,Technical Evaluator,False
4894,1757,3174,Technical Evaluator,False
4895,1092,3175,Champion,True
4896,2042,3176,Economic Buyer,True
4897,2429,3177,Champion,True
4898,981,3178,Coach,False
4899,2938,3179,Executive Sponsor,True
4900,2749,3180,Economic Buyer,True
4901,541,3181,Technical Evaluator,False
4902,2187,3182,Executive Sponsor,True
4903,2138,3183,Executive Sponsor,True
4904,1732,3183,Champion,True
4905,2478,3185,Economic Buyer,True
4906,2921,3185,Technical Evaluator,False
4907,1296,3185,Legal Reviewer,False
4908,2949,3186,Technical Evaluator,False
4909,1684,3186,Champion,True
4910,2956,3186,Executive Sponsor,True
4911,2245,3187,Technical Evaluator,False
4912,1129,3188,Technical Evaluator,False
4913,1972,3188,Champion,True
4914,1697,3189,Technical Evaluator,False
4915,1364,3190,End User,False
4916,2669,3191,End User,False
4917,1150,3191,Economic Buyer,True
4918,1657,3192,Technical Evaluator,False
4919,2107,3193,Economic Buyer,True
4920,1347,3195,Champion,True
4921,417,3196,End User,False
4922,2082,3198,Technical Evaluator,False
4923,2247,3199,Champion,True
4924,2841,3199,Economic Buyer,True
4925,2934,3200,Technical Evaluator,False
4926,82,3200,Coach,False
4927,2850,3201,Economic Buyer,True
4928,515,3201,Champion,True
4929,2494,3202,Champion,True
4930,425,3202,Executive Sponsor,True
4931,2560,3203,End User,False
4932,1310,3204,End User,False
4933,2080,3204,Technical Evaluator,False
4934,1101,3204,Coach,False
4935,1818,3204,Champion,True
4936,1177,3205,Economic Buyer,True
4937,2370,3206,Technical Evaluator,False
4938,1921,3206,Legal Reviewer,False
4939,967,3208,Champion,True
4940,569,3209,Champion,True
4941,2512,3210,Champion,True
4942,2280,3210,Economic Buyer,True
4943,422,3211,Coach,False
4944,2859,3212,Champion,True
4945,793,3212,Coach,False
4946,495,3213,End User,False
4947,1315,3214,Blocker,False
4948,943,3215,Executive Sponsor,True
4949,2119,3216,Technical Evaluator,False
4950,1770,3217,Executive Sponsor,True
4951,721,3218,End User,False
4952,2459,3218,Economic Buyer,True
4953,471,3218,Champion,True
4954,2890,3219,Coach,False
4955,963,3220,End User,False
4956,393,3220,Champion,True
4957,1109,3221,Legal Reviewer,False
4958,961,3221,Coach,False
4959,1341,3222,End User,False
4960,2320,3223,End User,False
4961,1748,3224,Legal Reviewer,False
4962,2675,3224,Economic Buyer,True
4963,2525,3224,Technical Evaluator,False
4964,274,3225,Champion,True
4965,305,3226,Champion,True
4966,1577,3226,Coach,False
4967,19,3227,Technical Evaluator,False
4968,1927,3227,Economic Buyer,True
4969,1862,3228,End User,False
4970,1257,3229,Economic Buyer,True
4971,466,3229,Champion,True
4972,1967,3229,Technical Evaluator,False
4973,644,3230,Technical Evaluator,False
4974,2516,3230,Economic Buyer,True
4975,787,3230,Champion,True
4976,2420,3231,Blocker,False
4977,2532,3232,Economic Buyer,True
4978,822,3232,Legal Reviewer,False
4979,1056,3233,Champion,True
4980,1160,3233,Coach,False
4981,692,3234,Technical Evaluator,False
4982,2106,3234,Coach,False
4983,2688,3235,Coach,False
4984,68,3235,Legal Reviewer,False
4985,813,3236,Economic Buyer,True
4986,2208,3237,Coach,False
4987,548,203,Executive Sponsor,True
4988,300,3239,Executive Sponsor,True
4989,458,3240,Technical Evaluator,False
4990,738,3241,Champion,True
4991,675,3241,Technical Evaluator,False
4992,957,3242,Champion,True
4993,1382,3243,Champion,True
4994,2623,3243,Coach,False
4995,2750,3244,Legal Reviewer,False
4996,1570,3244,End User,False
4997,1145,3244,Champion,True
4998,2892,3245,Champion,True
4999,2749,3245,Economic Buyer,True
5000,1661,3245,Technical Evaluator,False
5001,975,3245,Coach,False
5002,1214,3245,Legal Reviewer,False
5003,2394,3246,Coach,False
5004,2578,3246,Technical Evaluator,False
5005,476,3247,Technical Evaluator,False
5006,2061,3248,Executive Sponsor,True
5007,2821,3250,Coach,False
5008,1828,3251,Legal Reviewer,False
5009,623,3252,Blocker,False
5010,2639,3253,Champion,True
5011,2849,3253,End User,False
5012,2427,3255,Coach,False
5013,1955,3256,Technical Evaluator,False
5014,174,3257,Champion,True
5015,2045,3258,Blocker,False
5016,1435,3258,Technical Evaluator,False
5017,200,3259,Legal Reviewer,False
5018,1698,3260,Technical Evaluator,False
5019,2685,3260,Coach,False
5020,117,2787,Technical Evaluator,False
5021,1697,2787,End User,False
5022,1555,2787,Champion,True
5023,1350,3262,End User,False
5024,2576,3263,Executive Sponsor,True
5025,2981,3263,Technical Evaluator,False
5026,1008,3264,Champion,True
5027,319,3265,Economic Buyer,True
5028,1465,3266,Technical Evaluator,False
5029,2944,3267,Technical Evaluator,False
5030,2462,3268,Economic Buyer,True
5031,1020,3269,Champion,True
5032,1286,3270,Champion,True
5033,1054,3270,Technical Evaluator,False
5034,602,3271,Champion,True
5035,2026,3271,Technical Evaluator,False
5036,888,3273,Economic Buyer,True
5037,1404,3274,Champion,True
5038,1601,3274,Blocker,False
5039,275,3275,Economic Buyer,True
5040,1017,3276,Economic Buyer,True
5041,1929,3277,Champion,True
5042,916,3277,End User,False
5043,598,3278,Economic Buyer,True
5044,2088,3278,Champion,True
5045,2351,3279,Technical Evaluator,False
5046,1161,3280,End User,False
5047,2441,3280,Technical Evaluator,False
5048,580,3281,Champion,True
5049,776,3281,End User,False
5050,1577,3282,Economic Buyer,True
5051,305,3282,Champion,True
5052,2608,3282,Coach,False
5053,2620,3283,Executive Sponsor,True
5054,2164,3284,Legal Reviewer,False
5055,930,3285,Blocker,False
5056,1865,3286,End User,False
5057,645,3286,Technical Evaluator,False
5058,1670,3287,Blocker,False
5059,1959,3288,Legal Reviewer,False
5060,2437,3288,Champion,True
5061,2052,3288,Technical Evaluator,False
5062,1091,3289,Champion,True
5063,442,3289,Technical Evaluator,False
5064,2879,3289,Economic Buyer,True
5065,1669,3290,Coach,False
5066,1959,3291,Coach,False
5067,2437,3291,Economic Buyer,True
5068,1594,3292,Economic Buyer,True
5069,262,3293,Technical Evaluator,False
5070,2385,3293,End User,False
5071,1805,3294,Economic Buyer,True
5072,2352,3295,Blocker,False
5073,1256,3296,Technical Evaluator,False
5074,1132,3296,Executive Sponsor,True
5075,2106,3297,End User,False
5076,692,3297,Legal Reviewer,False
5077,888,3298,Technical Evaluator,False
5078,71,3299,End User,False
5079,608,3300,Executive Sponsor,True
5080,1849,3301,End User,False
5081,3000,3303,Champion,True
5082,476,3303,Technical Evaluator,False
5083,18,3304,Economic Buyer,True
5084,2730,3305,Executive Sponsor,True
5085,833,3306,Champion,True
5086,2657,289,Coach,False
5087,2571,3308,Economic Buyer,True
5088,2992,3309,End User,False
5089,299,3309,Technical Evaluator,False
5090,2123,3309,Executive Sponsor,True
5091,2578,346,Champion,True
5092,528,3311,Champion,True
5093,162,3312,Blocker,False
5094,684,3312,End User,False
5095,2871,3313,Economic Buyer,True
5096,1885,3313,Coach,False
5097,966,3314,End User,False
5098,1038,3315,Executive Sponsor,True
5099,2245,3316,Legal Reviewer,False
5100,1885,3317,Champion,True
5101,2871,3317,Legal Reviewer,False
5102,2062,3319,Technical Evaluator,False
5103,2147,3320,Legal Reviewer,False
5104,575,3320,Coach,False
5105,311,3320,Technical Evaluator,False
5106,240,3320,Executive Sponsor,True
5107,2102,3321,Champion,True
5108,43,3321,Economic Buyer,True
5109,1700,3322,End User,False
5110,1559,3322,Champion,True
5111,2402,3322,Economic Buyer,True
5112,2656,3322,Executive Sponsor,True
5113,2654,3323,Coach,False
5114,1777,3324,Technical Evaluator,False
5115,811,3324,Champion,True
5116,444,3325,Technical Evaluator,False
5117,466,3326,Coach,False
5118,2891,3327,End User,False
5119,1996,3327,Coach,False
5120,723,3327,Champion,True
5121,845,3328,Champion,True
5122,176,3328,Legal Reviewer,False
5123,2945,3329,Champion,True
5124,719,3330,End User,False
5125,1504,3330,Coach,False
5126,1412,3331,End User,False
5127,525,3333,Champion,True
5128,605,3333,Coach,False
5129,656,3333,Economic Buyer,True
5130,2659,3334,Technical Evaluator,False
5131,1141,3335,End User,False
5132,94,3335,Technical Evaluator,False
5133,2822,3336,Champion,True
5134,2889,3336,End User,False
5135,1745,3336,Technical Evaluator,False
5136,46,3337,Economic Buyer,True
5137,618,3338,Champion,True
5138,1208,3339,End User,False
5139,644,3340,Technical Evaluator,False
5140,2726,3341,End User,False
5141,1045,3342,Economic Buyer,True
5142,763,3343,Champion,True
5143,2261,3343,Blocker,False
5144,152,3344,Blocker,False
5145,1152,3345,Coach,False
5146,1819,3345,Economic Buyer,True
5147,2865,3346,Technical Evaluator,False
5148,2808,3346,Champion,True
5149,1245,3347,Champion,True
5150,848,3347,Technical Evaluator,False
5151,416,3348,Technical Evaluator,False
5152,2543,3349,End User,False
5153,1518,3349,Champion,True
5154,929,3351,End User,False
5155,914,3351,Champion,True
5156,589,3352,Economic Buyer,True
5157,205,3352,Coach,False
5158,1390,3353,Technical Evaluator,False
5159,1196,3354,Blocker,False
5160,2596,3354,Champion,True
5161,2731,3355,Blocker,False
5162,2536,3356,Blocker,False
5163,1437,3356,Champion,True
5164,1666,3357,Economic Buyer,True
5165,678,3358,Blocker,False
5166,176,3359,End User,False
5167,2210,3360,Economic Buyer,True
5168,542,3361,Champion,True
5169,891,3362,Economic Buyer,True
5170,1625,3363,Economic Buyer,True
5171,990,3364,Executive Sponsor,True
5172,380,3365,Technical Evaluator,False
5173,366,3365,Champion,True
5174,1734,3366,Technical Evaluator,False
5175,1502,3367,Champion,True
5176,723,3368,Coach,False
5177,2396,3369,Coach,False
5178,1983,3369,Technical Evaluator,False
5179,450,3371,Technical Evaluator,False
5180,577,3372,Technical Evaluator,False
5181,1034,3372,End User,False
5182,870,3373,Blocker,False
5183,593,3373,Economic Buyer,True
5184,937,3373,Technical Evaluator,False
5185,2529,3374,Legal Reviewer,False
5186,1007,3374,Technical Evaluator,False
5187,61,3375,Legal Reviewer,False
5188,2764,3375,Technical Evaluator,False
5189,1685,3376,Champion,True
5190,2137,3377,Economic Buyer,True
5191,2365,3378,Coach,False
5192,819,3379,End User,False
5193,1221,3379,Technical Evaluator,False
5194,621,3380,Champion,True
5195,2792,3381,Executive Sponsor,True
5196,2787,3382,Champion,True
5197,1860,3382,Economic Buyer,True
5198,1117,3382,Technical Evaluator,False
5199,1296,3383,Coach,False
5200,2002,3384,Legal Reviewer,False
5201,2364,3385,Economic Buyer,True
5202,2672,3386,Economic Buyer,True
5203,1025,3386,Champion,True
5204,1576,3387,Economic Buyer,True
5205,1532,3387,Technical Evaluator,False
5206,2021,3388,Technical Evaluator,False
5207,426,3389,End User,False
5208,2948,3390,Champion,True
5209,2677,3391,Champion,True
5210,1563,1752,Executive Sponsor,True
5211,1403,1752,Economic Buyer,True
5212,58,3393,End User,False
5213,2270,3394,Economic Buyer,True
5214,69,3394,Coach,False
5215,2735,3395,Champion,True
5216,2009,3395,End User,False
5217,113,3396,Technical Evaluator,False
5218,141,3397,Champion,True
5219,575,3397,Economic Buyer,True
5220,47,3398,Legal Reviewer,False
5221,556,3399,Coach,False
5222,520,3399,Executive Sponsor,True
5223,2312,3399,Champion,True
5224,25,3399,Legal Reviewer,False
5225,2089,3400,Champion,True
5226,2918,3401,Champion,True
5227,809,3402,End User,False
5228,951,3403,Coach,False
5229,1673,3403,Economic Buyer,True
5230,1353,3404,Technical Evaluator,False
5231,914,3404,End User,False
5232,929,3404,Coach,False
5233,1585,3405,End User,False
5234,2055,3405,Executive Sponsor,True
5235,1007,3406,Executive Sponsor,True
5236,1489,3406,Champion,True
5237,2866,3407,Champion,True
5238,1874,3409,Champion,True
5239,1956,3409,Blocker,False
5240,529,3409,Coach,False
5241,1903,3410,Champion,True
5242,1048,3411,Champion,True
5243,758,3412,Technical Evaluator,False
5244,1351,3414,Champion,True
5245,1436,3414,Technical Evaluator,False
5246,2004,3415,Executive Sponsor,True
5247,2246,3415,Coach,False
5248,874,3415,Champion,True
5249,2761,3416,Economic Buyer,True
5250,1846,3416,Legal Reviewer,False
5251,2825,3416,Champion,True
5252,2623,3417,End User,False
5253,339,3418,Executive Sponsor,True
5254,699,3418,Legal Reviewer,False
5255,1268,3419,Technical Evaluator,False
5256,834,3420,Economic Buyer,True
5257,2104,3420,Champion,True
5258,2527,3420,Coach,False
5259,1743,3421,Technical Evaluator,False
5260,1621,3422,End User,False
5261,236,3423,Technical Evaluator,False
5262,1281,3424,End User,False
5263,2582,3425,Blocker,False
5264,2898,3425,Champion,True
5265,2503,3426,Economic Buyer,True
5266,2210,3427,End User,False
5267,1779,3428,Legal Reviewer,False
5268,414,3429,Executive Sponsor,True
5269,714,3430,Technical Evaluator,False
5270,148,3430,Champion,True
5271,1036,3431,End User,False
5272,1306,3432,Technical Evaluator,False
5273,2019,3432,Champion,True
5274,2500,3433,Technical Evaluator,False
5275,2325,3434,Champion,True
5276,257,3435,End User,False
5277,308,3436,End User,False
5278,709,3436,Technical Evaluator,False
5279,885,3437,Economic Buyer,True
5280,560,3438,Executive Sponsor,True
5281,2381,3438,Technical Evaluator,False
5282,2391,3439,Champion,True
5283,2320,3440,Coach,False
5284,875,3441,Technical Evaluator,False
5285,495,3442,Economic Buyer,True
5286,1302,3442,Champion,True
5287,200,3443,Economic Buyer,True
5288,2277,3444,Champion,True
5289,2908,3444,Technical Evaluator,False
5290,1267,3445,Technical Evaluator,False
5291,2086,3445,Blocker,False
5292,1200,3446,Champion,True
5293,1602,3447,Economic Buyer,True
5294,2837,3447,Legal Reviewer,False
5295,2488,3449,Technical Evaluator,False
5296,459,3449,Coach,False
5297,413,3450,Champion,True
5298,799,3452,Economic Buyer,True
5299,976,3453,Legal Reviewer,False
5300,1406,3454,Champion,True
5301,2710,3455,Technical Evaluator,False
5302,1194,3456,Champion,True
5303,2874,3456,Blocker,False
5304,166,3457,Champion,True
5305,586,3458,Technical Evaluator,False
5306,1505,3459,Economic Buyer,True
5307,728,3460,Technical Evaluator,False
5308,2978,3460,Legal Reviewer,False
5309,368,3461,Blocker,False
5310,540,3461,Economic Buyer,True
5311,274,3462,End User,False
5312,1356,3463,Champion,True
5313,2454,3463,End User,False
5314,938,3463,Technical Evaluator,False
5315,1009,3464,End User,False
5316,364,3464,Economic Buyer,True
5317,859,3464,Coach,False
5318,2659,3465,Coach,False
5319,1858,3466,Blocker,False
5320,1151,3466,End User,False
5321,1730,3467,Legal Reviewer,False
5322,2730,3468,Champion,True
5323,276,3469,Economic Buyer,True
5324,1293,3388,Technical Evaluator,False
5325,95,3471,Technical Evaluator,False
5326,2862,3472,End User,False
5327,1021,3473,Champion,True
5328,1687,3474,Coach,False
5329,1617,3476,Executive Sponsor,True
5330,2070,3476,Economic Buyer,True
5331,2727,3477,Champion,True
5332,1662,3478,Champion,True
5333,1877,3479,Legal Reviewer,False
5334,1306,3480,Legal Reviewer,False
5335,1214,3481,Technical Evaluator,False
5336,1669,3482,Technical Evaluator,False
5337,1194,3483,Technical Evaluator,False
5338,2100,3484,Legal Reviewer,False
5339,1643,3484,Technical Evaluator,False
5340,2986,3485,Legal Reviewer,False
5341,502,3485,Blocker,False
5342,1642,3487,Technical Evaluator,False
5343,865,3487,End User,False
5344,725,3487,Executive Sponsor,True
5345,2526,3487,Economic Buyer,True
5346,2834,3488,End User,False
5347,2907,3489,End User,False
5348,2743,3490,Technical Evaluator,False
5349,1553,3490,Coach,False
5350,474,3490,Executive Sponsor,True
5351,222,3491,Champion,True
5352,786,3492,Champion,True
5353,623,3493,Technical Evaluator,False
5354,1669,3494,End User,False
5355,1581,3495,Economic Buyer,True
5356,1802,3496,Champion,True
5357,2425,3497,Technical Evaluator,False
5358,2513,3497,Champion,True
5359,2165,3498,Economic Buyer,True
5360,1835,3499,Technical Evaluator,False
5361,2490,3499,Champion,True
5362,2005,3499,Legal Reviewer,False
5363,2483,3500,Technical Evaluator,False
5364,1639,3501,Blocker,False
5365,534,3502,End User,False
5366,1413,3502,Executive Sponsor,True
5367,430,3503,Technical Evaluator,False
5368,2769,3504,Coach,False
5369,1829,3505,Champion,True
5370,2577,3505,Coach,False
5371,2829,3506,End User,False
5372,2205,3506,Executive Sponsor,True
5373,1753,3507,Blocker,False
5374,2452,3508,Technical Evaluator,False
5375,447,3508,End User,False
5376,887,3508,Economic Buyer,True
5377,1887,3509,Technical Evaluator,False
5378,795,3510,Technical Evaluator,False
5379,2148,3511,Executive Sponsor,True
5380,1374,3512,Coach,False
5381,478,3512,Champion,True
5382,2828,3513,Technical Evaluator,False
5383,647,3514,Blocker,False
5384,1633,3514,End User,False
5385,2871,3515,Coach,False
5386,1885,3515,Champion,True
5387,1532,3516,Economic Buyer,True
5388,2640,3517,End User,False
5389,2464,841,Champion,True
5390,162,841,Technical Evaluator,False
5391,681,3519,Legal Reviewer,False
5392,1949,3520,Champion,True
5393,1155,3520,Executive Sponsor,True
5394,936,3520,Legal Reviewer,False
5395,2021,3521,Blocker,False
5396,1546,3521,Technical Evaluator,False
5397,856,3521,Coach,False
5398,1242,3522,Economic Buyer,True
5399,1171,3522,End User,False
5400,2037,3522,Technical Evaluator,False
5401,820,3523,Technical Evaluator,False
5402,77,3523,End User,False
5403,1733,3523,Blocker,False
5404,2110,3524,Coach,False
5405,371,3525,Economic Buyer,True
5406,2877,3526,Blocker,False
5407,267,3527,Champion,True
5408,1562,3527,Legal Reviewer,False
5409,2419,3527,Executive Sponsor,True
5410,1595,3528,Economic Buyer,True
5411,1148,3529,Blocker,False
5412,1193,3529,Technical Evaluator,False
5413,870,3530,Economic Buyer,True
5414,937,3530,Technical Evaluator,False
5415,285,3531,Champion,True
5416,2339,3531,Coach,False
5417,2429,3532,Legal Reviewer,False
5418,1824,3533,Economic Buyer,True
5419,2031,3533,Champion,True
5420,1861,3533,Blocker,False
5421,1025,3534,Economic Buyer,True
5422,147,3536,Technical Evaluator,False
5423,1415,3536,Economic Buyer,True
5424,1585,3537,Champion,True
5425,2055,3537,End User,False
5426,2384,3538,Champion,True
5427,715,3539,End User,False
5428,2767,3539,Champion,True
5429,1191,3540,End User,False
5430,1385,3540,Champion,True
5431,2182,3540,Blocker,False
5432,2930,3541,End User,False
5433,619,3541,Technical Evaluator,False
5434,2948,3542,Technical Evaluator,False
5435,2721,3543,Technical Evaluator,False
5436,542,3544,Champion,True
5437,1285,3545,Executive Sponsor,True
5438,2444,3547,End User,False
5439,1734,3548,Champion,True
5440,966,3549,Legal Reviewer,False
5441,2543,3550,Champion,True
5442,1518,3550,Technical Evaluator,False
5443,1767,3551,Legal Reviewer,False
5444,2010,3551,Technical Evaluator,False
5445,1448,3552,Economic Buyer,True
5446,623,3553,Champion,True
5447,116,3554,Technical Evaluator,False
5448,348,3554,Executive Sponsor,True
5449,1324,3555,Executive Sponsor,True
5450,1363,3556,Executive Sponsor,True
5451,2227,3557,Legal Reviewer,False
5452,1380,3558,Coach,False
5453,699,3558,Executive Sponsor,True
5454,305,3559,Technical Evaluator,False
5455,1821,3560,Champion,True
5456,2695,2034,Champion,True
5457,110,2034,End User,False
5458,2320,3562,End User,False
5459,2445,3563,Champion,True
5460,1960,3564,Champion,True
5461,439,3564,End User,False
5462,2135,3565,Economic Buyer,True
5463,922,3565,Executive Sponsor,True
5464,2116,3565,Coach,False
5465,1694,3568,Economic Buyer,True
5466,1282,3569,Champion,True
5467,2528,3570,Champion,True
5468,586,3570,Blocker,False
5469,2815,3571,Champion,True
5470,2563,3571,Technical Evaluator,False
5471,2454,3571,Coach,False
5472,2808,3572,Economic Buyer,True
5473,2865,3572,Coach,False
5474,2240,3573,Economic Buyer,True
5475,1851,3573,Technical Evaluator,False
5476,2595,3574,Champion,True
5477,2197,3574,Executive Sponsor,True
5478,143,3575,End User,False
5479,2351,3575,Technical Evaluator,False
5480,374,3576,Champion,True
5481,941,3576,End User,False
5482,2636,3577,Technical Evaluator,False
5483,5,3578,Champion,True
5484,812,3578,Legal Reviewer,False
5485,2593,3579,Economic Buyer,True
5486,1763,3580,Technical Evaluator,False
5487,1765,3580,Champion,True
5488,2919,3580,Blocker,False
5489,2000,3581,Technical Evaluator,False
5490,1809,3582,Champion,True
5491,518,3583,Technical Evaluator,False
5492,2376,3584,Economic Buyer,True
5493,2605,3585,Technical Evaluator,False
5494,2572,3586,Technical Evaluator,False
5495,643,3587,Technical Evaluator,False
5496,1568,3587,Champion,True
5497,780,3588,End User,False
5498,1686,3589,Champion,True
5499,595,3589,End User,False
5500,1858,3590,End User,False
5501,1151,3590,Technical Evaluator,False
5502,448,3591,Economic Buyer,True
5503,102,3592,Coach,False
5504,1551,3593,Technical Evaluator,False
5505,2429,3593,End User,False
5506,658,3594,Champion,True
5507,1850,3595,Economic Buyer,True
5508,691,3596,Executive Sponsor,True
5509,2097,3596,Champion,True
5510,2932,3596,Technical Evaluator,False
5511,2754,3597,Executive Sponsor,True
5512,2989,3598,Executive Sponsor,True
5513,779,3598,End User,False
5514,1840,3598,Coach,False
5515,2262,3599,Economic Buyer,True
5516,2472,3599,Legal Reviewer,False
5517,2681,3599,Coach,False
5518,2706,3600,Technical Evaluator,False
5519,1549,3600,Economic Buyer,True
5520,1478,3600,Champion,True
5521,710,3601,Technical Evaluator,False
5522,470,3602,Economic Buyer,True
5523,711,3603,Champion,True
5524,2034,3604,Executive Sponsor,True
5525,878,3605,Champion,True
5526,85,3606,Technical Evaluator,False
5527,2128,3607,Champion,True
5528,1116,3608,Champion,True
5529,125,3608,Legal Reviewer,False
5530,687,3609,Champion,True
5531,2159,3610,Technical Evaluator,False
5532,243,3611,Coach,False
5533,1714,3611,Legal Reviewer,False
5534,1950,3611,Champion,True
5535,2751,3612,Technical Evaluator,False
5536,6,3460,Economic Buyer,True
5537,1198,3460,Technical Evaluator,False
5538,2831,3614,Economic Buyer,True
5539,752,3614,Champion,True
5540,2693,3614,End User,False
5541,1246,3615,Technical Evaluator,False
5542,1214,3616,Technical Evaluator,False
5543,1205,3617,Technical Evaluator,False
5544,1421,3618,Legal Reviewer,False
5545,2625,3619,Economic Buyer,True
5546,2087,3619,Champion,True
5547,961,3620,Champion,True
5548,2000,3621,Champion,True
5549,69,3621,Technical Evaluator,False
5550,1457,3622,Economic Buyer,True
5551,514,3622,Technical Evaluator,False
5552,892,3622,Champion,True
5553,2969,3623,Champion,True
5554,1911,3623,Legal Reviewer,False
5555,2611,3623,Technical Evaluator,False
5556,274,3624,End User,False
5557,683,3625,Blocker,False
5558,1802,3626,Coach,False
5559,579,3627,Technical Evaluator,False
5560,1220,3628,Economic Buyer,True
5561,127,3629,Legal Reviewer,False
5562,1458,3630,End User,False
5563,1649,3631,Economic Buyer,True
5564,1467,3631,Technical Evaluator,False
5565,1449,3631,End User,False
5566,48,3631,Champion,True
5567,2398,3633,Champion,True
5568,1545,3633,Technical Evaluator,False
5569,441,3634,Legal Reviewer,False
5570,2409,3635,Technical Evaluator,False
5571,2703,3635,Economic Buyer,True
5572,914,3636,Champion,True
5573,929,3636,Technical Evaluator,False
5574,2623,3637,Legal Reviewer,False
5575,1189,3637,Coach,False
5576,465,3638,Champion,True
5577,2613,3638,Technical Evaluator,False
5578,1969,3638,Economic Buyer,True
5579,1038,3639,Executive Sponsor,True
5580,2281,3640,Blocker,False
5581,18,3640,Legal Reviewer,False
5582,1989,3640,Technical Evaluator,False
5583,1414,3641,Champion,True
5584,1119,3641,Executive Sponsor,True
5585,1783,3642,End User,False
5586,864,3643,End User,False
5587,673,3643,Blocker,False
5588,1583,3644,Technical Evaluator,False
5589,47,3645,Economic Buyer,True
5590,76,3646,Executive Sponsor,True
5591,2242,3647,Champion,True
5592,2528,3647,Economic Buyer,True
5593,2826,3648,Technical Evaluator,False
5594,1727,3648,Executive Sponsor,True
5595,997,3650,Technical Evaluator,False
5596,739,3651,Blocker,False
5597,1671,3651,Legal Reviewer,False
5598,1873,3652,Blocker,False
5599,718,3652,Technical Evaluator,False
5600,2498,3654,Coach,False
5601,2079,3655,End User,False
5602,2227,3655,Champion,True
5603,1302,3656,Champion,True
5604,2091,3657,Technical Evaluator,False
5605,36,3658,Technical Evaluator,False
5606,2941,3659,Technical Evaluator,False
5607,1795,3660,Blocker,False
5608,595,3661,Technical Evaluator,False
5609,1686,3661,Champion,True
5610,2503,3662,End User,False
5611,1354,3663,Champion,True
5612,2139,3663,Economic Buyer,True
5613,2783,3664,Economic Buyer,True
5614,501,3664,End User,False
5615,1148,3665,Legal Reviewer,False
5616,1193,3665,Coach,False
5617,2948,3666,Blocker,False
5618,2120,3667,Coach,False
5619,2570,3668,End User,False
5620,2237,3668,Blocker,False
5621,1953,3669,Executive Sponsor,True
5622,2377,3669,Blocker,False
5623,296,3669,Champion,True
5624,84,3670,Champion,True
5625,2863,3671,End User,False
5626,49,3671,Economic Buyer,True
5627,42,3672,Blocker,False
5628,2172,3673,Economic Buyer,True
5629,126,3674,Champion,True
5630,1011,3674,Blocker,False
5631,2062,3675,Blocker,False
5632,2432,3675,Champion,True
5633,827,3676,End User,False
5634,1796,3677,Coach,False
5635,2500,3677,Champion,True
5636,766,3678,Legal Reviewer,False
5637,2547,3678,Champion,True
5638,1282,3680,Champion,True
5639,2477,3681,Champion,True
5640,88,3682,End User,False
5641,2966,3683,Economic Buyer,True
5642,2066,3684,Economic Buyer,True
5643,2737,3684,Technical Evaluator,False
5644,2151,3685,End User,False
5645,1886,3686,Champion,True
5646,2794,3686,Executive Sponsor,True
5647,2045,3687,End User,False
5648,829,3688,Champion,True
5649,2187,3688,Economic Buyer,True
5650,2043,3688,Executive Sponsor,True
5651,359,3689,End User,False
5652,2411,3689,Economic Buyer,True
5653,1456,3690,Champion,True
5654,2312,3691,Champion,True
5655,25,3691,Legal Reviewer,False
5656,520,3691,Economic Buyer,True
5657,501,3692,Champion,True
5658,636,3693,Legal Reviewer,False
5659,221,3694,Technical Evaluator,False
5660,399,3695,End User,False
5661,2685,3696,Executive Sponsor,True
5662,792,3696,Technical Evaluator,False
5663,1162,3697,Economic Buyer,True
5664,477,3697,Technical Evaluator,False
5665,2255,3698,End User,False
5666,2115,3698,Legal Reviewer,False
5667,1284,3698,Economic Buyer,True
5668,1266,3698,Blocker,False
5669,928,3699,Technical Evaluator,False
5670,2261,3700,Economic Buyer,True
5671,763,3700,Blocker,False
5672,2630,3701,Legal Reviewer,False
5673,1805,3701,Champion,True
5674,1013,3701,End User,False
5675,1551,3702,Economic Buyer,True
5676,2429,3702,Technical Evaluator,False
5677,1188,3703,Technical Evaluator,False
5678,1043,3703,Champion,True
5679,517,3704,Coach,False
5680,2876,3704,Technical Evaluator,False
5681,1423,3705,Champion,True
5682,595,3706,Champion,True
5683,2320,3707,Technical Evaluator,False
5684,1067,3708,Economic Buyer,True
5685,692,3709,End User,False
5686,2033,3710,Champion,True
5687,691,3711,Coach,False
5688,2097,3711,Economic Buyer,True
5689,2932,3711,Champion,True
5690,148,3712,Champion,True
5691,714,3712,Economic Buyer,True
5692,2991,3713,End User,False
5693,475,3713,Coach,False
5694,857,3713,Technical Evaluator,False
5695,399,3714,Champion,True
5696,1542,3714,Economic Buyer,True
5697,1591,3715,Champion,True
5698,30,3715,End User,False
5699,818,3715,Blocker,False
5700,1473,3717,End User,False
5701,703,3718,Legal Reviewer,False
5702,940,3718,Technical Evaluator,False
5703,52,3719,End User,False
5704,1526,3719,Economic Buyer,True
5705,2712,3720,End User,False
5706,2942,3721,Economic Buyer,True
5707,244,3722,Executive Sponsor,True
5708,2154,3722,End User,False
5709,2317,3723,Technical Evaluator,False
5710,1387,3723,Executive Sponsor,True
5711,95,3724,Economic Buyer,True
5712,1770,3725,End User,False
5713,2429,123,Coach,False
5714,1551,123,Champion,True
5715,1975,3727,Executive Sponsor,True
5716,670,3729,End User,False
5717,2672,3730,Champion,True
5718,625,3730,End User,False
5719,1025,3730,Executive Sponsor,True
5720,1707,3731,Technical Evaluator,False
5721,527,3732,Blocker,False
5722,816,3732,Champion,True
5723,1551,3733,Legal Reviewer,False
5724,2429,3733,Blocker,False
5725,2531,3735,Legal Reviewer,False
5726,2890,3736,End User,False
5727,1114,3737,Executive Sponsor,True
5728,2753,3738,Executive Sponsor,True
5729,180,3739,Technical Evaluator,False
5730,2208,3740,End User,False
5731,2369,768,End User,False
5732,1707,3742,Coach,False
5733,1742,3743,End User,False
5734,776,3743,Champion,True
5735,2864,3744,Legal Reviewer,False
5736,1469,3745,End User,False
5737,45,3746,Champion,True
5738,1770,3747,Economic Buyer,True
5739,2987,3748,Technical Evaluator,False
5740,255,3748,Economic Buyer,True
5741,923,3748,Champion,True
5742,2798,3749,Champion,True
5743,1075,3749,Coach,False
5744,2888,3749,Technical Evaluator,False
5745,1060,3749,Legal Reviewer,False
5746,2782,3750,End User,False
5747,2228,3751,Economic Buyer,True
5748,404,3752,Champion,True
5749,1340,3752,Technical Evaluator,False
5750,1175,3753,Technical Evaluator,False
5751,2598,3753,Economic Buyer,True
5752,2792,3754,End User,False
5753,1254,3754,Technical Evaluator,False
5754,474,3755,Champion,True
5755,2743,3755,Technical Evaluator,False
5756,807,3756,Technical Evaluator,False
5757,2257,3756,Economic Buyer,True
5758,2160,3757,Technical Evaluator,False
5759,362,3758,End User,False
5760,2002,3759,Champion,True
5761,2107,3760,Economic Buyer,True
5762,549,3761,Technical Evaluator,False
5763,379,3761,Executive Sponsor,True
5764,2800,3762,Executive Sponsor,True
5765,166,3763,Champion,True
5766,1552,3764,Technical Evaluator,False
5767,1392,3765,Legal Reviewer,False
5768,202,3766,Executive Sponsor,True
5769,2869,3767,Champion,True
5770,2536,3767,Economic Buyer,True
5771,1437,3767,Technical Evaluator,False
5772,3,3768,Champion,True
5773,2770,3768,Technical Evaluator,False
5774,1494,3768,Economic Buyer,True
5775,1331,3770,Coach,False
5776,378,3770,Executive Sponsor,True
5777,1208,3771,Champion,True
5778,2706,3772,Technical Evaluator,False
5779,651,3772,Economic Buyer,True
5780,1478,3772,Blocker,False
5781,1549,3772,Champion,True
5782,2623,3773,Coach,False
5783,306,3774,Champion,True
5784,274,3775,Technical Evaluator,False
5785,2531,3776,Technical Evaluator,False
5786,566,3777,End User,False
5787,606,3778,Champion,True
5788,848,3778,Technical Evaluator,False
5789,1663,3779,Technical Evaluator,False
5790,177,3779,Coach,False
5791,2880,3780,Champion,True
5792,2373,3781,Champion,True
5793,1490,3781,Legal Reviewer,False
5794,1819,3782,Champion,True
5795,1152,3782,End User,False
5796,94,3783,End User,False
5797,832,3783,Legal Reviewer,False
5798,1141,3783,Champion,True
5799,2133,3784,Coach,False
5800,1405,3785,Coach,False
5801,784,3785,End User,False
5802,2640,3785,Blocker,False
5803,24,3786,Technical Evaluator,False
5804,1181,3786,Coach,False
5805,2875,3787,Technical Evaluator,False
5806,1130,3788,Technical Evaluator,False
5807,1791,3788,Economic Buyer,True
5808,1777,3789,Technical Evaluator,False
5809,811,3789,Economic Buyer,True
5810,2142,3790,End User,False
5811,155,3790,Executive Sponsor,True
5812,1292,3791,Executive Sponsor,True
5813,2665,3792,Technical Evaluator,False
5814,2215,3793,End User,False
5815,933,3794,Champion,True
5816,2319,3794,Coach,False
5817,2365,3794,Technical Evaluator,False
5818,2292,3795,Technical Evaluator,False
5819,883,3796,End User,False
5820,91,3796,Champion,True
5821,2425,3797,End User,False
5822,2513,3797,Economic Buyer,True
5823,14,3798,Executive Sponsor,True
5824,2665,3799,Champion,True
5825,1240,3800,Technical Evaluator,False
5826,1984,3801,Champion,True
5827,2964,3801,Technical Evaluator,False
5828,2341,3802,Coach,False
5829,1214,3803,Coach,False
5830,222,3804,Technical Evaluator,False
5831,2612,3805,Technical Evaluator,False
5832,2745,3806,Economic Buyer,True
5833,1066,3807,Champion,True
5834,2483,3808,Technical Evaluator,False
5835,2029,3809,End User,False
5836,115,3809,Economic Buyer,True
5837,1038,3810,Champion,True
5838,1840,3811,Champion,True
5839,2645,3812,Blocker,False
5840,1588,3813,End User,False
5841,2709,3814,Champion,True
5842,196,3814,Technical Evaluator,False
5843,2411,3815,Technical Evaluator,False
5844,359,3815,Champion,True
5845,1586,3815,End User,False
5846,1389,3816,End User,False
5847,519,3816,Coach,False
5848,2909,3818,Technical Evaluator,False
5849,2700,3819,Executive Sponsor,True
5850,1617,3820,Champion,True
5851,883,3821,Champion,True
5852,2274,994,Legal Reviewer,False
5853,2815,3823,Coach,False
5854,2726,3824,Economic Buyer,True
5855,457,3824,Champion,True
5856,642,3825,Champion,True
5857,2275,3826,Economic Buyer,True
5858,315,3826,Technical Evaluator,False
5859,71,3827,Blocker,False
5860,2453,3828,Technical Evaluator,False
5861,1547,3829,Economic Buyer,True
5862,1713,3830,Economic Buyer,True
5863,1349,3831,Champion,True
5864,1947,3831,End User,False
5865,1670,3832,Technical Evaluator,False
5866,831,3834,Technical Evaluator,False
5867,608,3835,Technical Evaluator,False
5868,511,3835,Champion,True
5869,2083,3836,Economic Buyer,True
5870,2678,3836,Legal Reviewer,False
5871,2307,3837,Technical Evaluator,False
5872,385,3838,Executive Sponsor,True
5873,2651,3839,Economic Buyer,True
5874,1639,3839,Coach,False
5875,262,3840,Executive Sponsor,True
5876,1286,3841,Champion,True
5877,1054,3841,Coach,False
5878,1095,3842,Executive Sponsor,True
5879,2769,3843,Champion,True
5880,2141,3843,End User,False
5881,1423,3844,End User,False
5882,1020,3845,Champion,True
5883,2132,3846,Economic Buyer,True
5884,1047,3847,End User,False
5885,1674,3847,Executive Sponsor,True
5886,2758,3847,Champion,True
5887,1060,3848,Champion,True
5888,559,3849,Technical Evaluator,False
5889,1422,3849,Champion,True
5890,1454,3850,Technical Evaluator,False
5891,230,3850,Champion,True
5892,2407,3850,Executive Sponsor,True
5893,2411,3851,Champion,True
5894,1376,3852,Champion,True
5895,1742,3853,Champion,True
5896,1926,3854,Economic Buyer,True
5897,2360,3854,Executive Sponsor,True
5898,2848,3855,Coach,False
5899,825,3856,Champion,True
5900,1119,3857,Economic Buyer,True
5901,2495,3858,Champion,True
5902,2863,3859,Champion,True
5903,830,3860,End User,False
5904,637,3862,End User,False
5905,2051,3863,Economic Buyer,True
5906,1282,3864,End User,False
5907,2605,3865,Legal Reviewer,False
5908,992,3866,Champion,True
5909,2884,3866,Technical Evaluator,False
5910,544,3866,Executive Sponsor,True
5911,24,3867,Champion,True
5912,1205,3868,End User,False
5913,2167,3868,Champion,True
5914,1036,3868,Technical Evaluator,False
5915,1842,3869,Champion,True
5916,2298,3871,Champion,True
5917,1867,3871,Legal Reviewer,False
5918,890,3871,Technical Evaluator,False
5919,2501,3872,Blocker,False
5920,2047,3873,End User,False
5921,547,3873,Technical Evaluator,False
5922,2547,3875,Economic Buyer,True
5923,2071,3876,Champion,True
5924,1410,3877,Champion,True
5925,947,3877,End User,False
5926,2729,3877,Technical Evaluator,False
5927,2964,3878,Economic Buyer,True
5928,2070,3879,Champion,True
5929,1617,3879,Economic Buyer,True
5930,175,3880,End User,False
5931,2589,3880,Champion,True
5932,1547,3881,End User,False
5933,2534,3882,Economic Buyer,True
5934,1533,3882,Executive Sponsor,True
5935,2834,3883,Champion,True
5936,2112,3883,Technical Evaluator,False
5937,2147,3884,Champion,True
5938,311,3884,Economic Buyer,True
5939,575,3884,Technical Evaluator,False
5940,1515,3885,Executive Sponsor,True
5941,155,3886,Champion,True
5942,2119,3887,Economic Buyer,True
5943,2781,3888,Coach,False
5944,2972,3889,Coach,False
5945,2484,3890,End User,False
5946,1708,3891,Champion,True
5947,866,3891,Coach,False
5948,1028,3891,Technical Evaluator,False
5949,2373,3892,Executive Sponsor,True
5950,1490,3892,Legal Reviewer,False
5951,2466,3892,Champion,True
5952,2087,3893,Technical Evaluator,False
5953,966,3894,Economic Buyer,True
5954,2842,3895,Technical Evaluator,False
5955,137,3896,Champion,True
5956,2324,3897,Technical Evaluator,False
5957,953,3898,Economic Buyer,True
5958,287,3899,Champion,True
5959,2026,3900,Champion,True
5960,1184,3900,Blocker,False
5961,2698,3901,Champion,True
5962,2449,3902,Coach,False
5963,1533,3905,Technical Evaluator,False
5964,1772,3906,Economic Buyer,True
5965,1023,3907,Technical Evaluator,False
5966,1873,3908,Executive Sponsor,True
5967,718,3908,End User,False
5968,683,3909,Economic Buyer,True
5969,409,3910,Economic Buyer,True
5970,2510,3911,Coach,False
5971,1449,3912,Technical Evaluator,False
5972,560,3913,Coach,False
5973,2381,3913,Executive Sponsor,True
5974,2541,3914,Champion,True
5975,1458,3915,Champion,True
5976,351,3916,End User,False
5977,2977,3916,Executive Sponsor,True
5978,1020,3917,Economic Buyer,True
5979,1232,3918,Technical Evaluator,False
5980,961,3919,Legal Reviewer,False
5981,599,3919,Champion,True
5982,1109,3919,Economic Buyer,True
5983,108,3920,End User,False
5984,2731,3921,Champion,True
5985,555,3923,End User,False
5986,995,3923,Coach,False
5987,1851,3924,End User,False
5988,2240,3924,Technical Evaluator,False
5989,2003,3925,Technical Evaluator,False
5990,2093,3926,Champion,True
5991,723,3927,Champion,True
5992,2633,3928,Economic Buyer,True
5993,2245,3929,Executive Sponsor,True
5994,2298,3930,Blocker,False
5995,2588,3931,Legal Reviewer,False
5996,2539,3931,Champion,True
5997,2036,3932,Executive Sponsor,True
5998,226,3932,Economic Buyer,True
5999,166,3933,Champion,True
6000,1368,3934,Legal Reviewer,False
6001,1945,3935,End User,False
6002,2008,3936,Economic Buyer,True
6003,46,3937,Technical Evaluator,False
6004,556,3938,End User,False
6005,2586,3939,Technical Evaluator,False
6006,1512,3939,Champion,True
6007,336,3940,Champion,True
6008,252,3940,Economic Buyer,True
6009,715,3941,Technical Evaluator,False
6010,536,3942,Champion,True
6011,1688,3942,Coach,False
6012,121,3943,Executive Sponsor,True
6013,735,3943,Technical Evaluator,False
6014,2468,3943,Champion,True
6015,2819,3944,Champion,True
6016,2770,3945,End User,False
6017,2740,3946,Executive Sponsor,True
6018,185,3947,Economic Buyer,True
6019,482,3949,End User,False
6020,1383,3950,Champion,True
6021,581,3951,Economic Buyer,True
6022,2352,3952,Technical Evaluator,False
6023,2561,3953,Executive Sponsor,True
6024,2607,3953,Coach,False
6025,296,3954,Economic Buyer,True
6026,655,3955,Champion,True
6027,1703,3955,Economic Buyer,True
6028,2687,3956,End User,False
6029,790,3956,Executive Sponsor,True
6030,2264,3957,Coach,False
6031,622,3958,Economic Buyer,True
6032,2201,3958,Executive Sponsor,True
6033,2049,3959,Technical Evaluator,False
6034,622,3959,End User,False
6035,2520,3960,Technical Evaluator,False
6036,140,3961,Coach,False
6037,1796,3962,End User,False
6038,2500,3962,Champion,True
6039,2307,3963,Executive Sponsor,True
6040,2731,3964,Technical Evaluator,False
6041,845,3965,Technical Evaluator,False
6042,176,3965,Champion,True
6043,2113,3966,Technical Evaluator,False
6044,2805,3967,Coach,False
6045,1787,3967,End User,False
6046,1637,3967,Technical Evaluator,False
6047,655,3968,Legal Reviewer,False
6048,1626,3969,Champion,True
6049,1203,3969,Economic Buyer,True
6050,1181,3970,Coach,False
6051,24,3970,Legal Reviewer,False
6052,2846,3971,Champion,True
6053,2064,3972,Champion,True
6054,2753,3972,Legal Reviewer,False
6055,1749,3973,Technical Evaluator,False
6056,2212,3973,Executive Sponsor,True
6057,2237,3974,Blocker,False
6058,2284,3974,Champion,True
6059,1240,3975,Technical Evaluator,False
6060,1354,3976,Technical Evaluator,False
6061,324,3977,End User,False
6062,55,3978,End User,False
6063,15,3979,Coach,False
6064,2284,3980,Technical Evaluator,False
6065,2570,3980,Blocker,False
6066,157,3981,Champion,True
6067,438,3982,Blocker,False
6068,198,3983,Blocker,False
6069,1422,3984,Economic Buyer,True
6070,545,3985,Legal Reviewer,False
6071,1532,3986,Coach,False
6072,1576,3986,Economic Buyer,True
6073,920,3987,Blocker,False
6074,2463,3987,Champion,True
6075,2383,3987,End User,False
6076,133,3988,Technical Evaluator,False
6077,2929,3989,Blocker,False
6078,1103,3989,Champion,True
6079,1977,3990,Champion,True
6080,479,3990,Executive Sponsor,True
6081,2415,3991,Economic Buyer,True
6082,450,3992,Technical Evaluator,False
6083,2799,3992,Economic Buyer,True
6084,710,3993,Economic Buyer,True
6085,1821,3994,End User,False
6086,2579,3995,Champion,True
6087,630,3996,Champion,True
6088,267,3996,Legal Reviewer,False
6089,2419,3996,Blocker,False
6090,1562,3996,Technical Evaluator,False
6091,2194,3997,Executive Sponsor,True
6092,68,3998,Executive Sponsor,True
6093,1298,3999,Champion,True
6094,1233,4000,Executive Sponsor,True
6095,2306,4001,Technical Evaluator,False
6096,980,4001,End User,False
6097,553,4001,Executive Sponsor,True
6098,1154,4002,Technical Evaluator,False
6099,1007,4003,Executive Sponsor,True
6100,2890,4004,Economic Buyer,True
6101,1878,4005,Technical Evaluator,False
6102,2390,4006,End User,False
6103,2340,4007,Champion,True
6104,1307,4007,Coach,False
6105,1283,4008,Champion,True
6106,764,4008,Technical Evaluator,False
6107,1554,4009,Champion,True
6108,1094,4010,Technical Evaluator,False
6109,1523,4011,Legal Reviewer,False
6110,2726,4012,Executive Sponsor,True
6111,457,4012,Technical Evaluator,False
6112,849,4013,Champion,True
6113,1990,4013,Executive Sponsor,True
6114,1565,4013,Economic Buyer,True
6115,394,4014,Technical Evaluator,False
6116,1135,4014,Economic Buyer,True
6117,2577,4015,Coach,False
6118,1829,4015,Technical Evaluator,False
6119,482,4016,Coach,False
6120,175,4017,Technical Evaluator,False
6121,1566,4018,Economic Buyer,True
6122,2824,4019,Economic Buyer,True
6123,1630,4019,Executive Sponsor,True
6124,97,4020,Coach,False
6125,1474,4020,Legal Reviewer,False
6126,2076,4020,Executive Sponsor,True
6127,832,4021,Technical Evaluator,False
6128,1141,4021,Champion,True
6129,94,4021,Blocker,False
6130,2072,4022,End User,False
6131,2976,4022,Technical Evaluator,False
6132,1245,4023,End User,False
6133,848,4023,Champion,True
6134,606,4023,Blocker,False
6135,637,4024,Champion,True
6136,1509,4025,End User,False
6137,119,4026,Champion,True
6138,2489,4026,Technical Evaluator,False
6139,1721,4027,Champion,True
6140,1219,4027,Economic Buyer,True
6141,2194,4028,Technical Evaluator,False
6142,2035,4029,Technical Evaluator,False
6143,2586,4029,Champion,True
6144,2608,4030,Champion,True
6145,305,4030,Technical Evaluator,False
6146,1006,4031,Technical Evaluator,False
6147,986,4031,Blocker,False
6148,1009,4032,Blocker,False
6149,261,4033,Economic Buyer,True
6150,2282,4033,Champion,True
6151,482,4034,End User,False
6152,1887,4035,Coach,False
6153,667,4035,End User,False
6154,2378,4035,Blocker,False
6155,1966,4036,Technical Evaluator,False
6156,1471,4036,Champion,True
6157,386,4037,Coach,False
6158,266,4037,Champion,True
6159,647,4038,Blocker,False
6160,898,4038,Champion,True
6161,825,4039,Champion,True
6162,850,4039,Executive Sponsor,True
6163,2270,4040,Blocker,False
6164,2000,4040,Economic Buyer,True
6165,69,4040,Technical Evaluator,False
6166,683,4041,Economic Buyer,True
6167,2910,4042,Champion,True
6168,1444,4042,Coach,False
6169,1607,4043,Executive Sponsor,True
6170,1650,4044,Technical Evaluator,False
6171,221,4045,Champion,True
6172,393,4046,End User,False
6173,963,4046,Technical Evaluator,False
6174,962,4047,Coach,False
6175,2592,4048,Coach,False
6176,45,4048,Champion,True
6177,939,4049,Executive Sponsor,True
6178,2260,4050,Champion,True
6179,2521,4050,End User,False
6180,534,4051,Economic Buyer,True
6181,430,4051,Blocker,False
6182,1413,4051,Champion,True
6183,1011,4052,Technical Evaluator,False
6184,1022,4054,Champion,True
6185,1933,4054,End User,False
6186,1008,4055,Technical Evaluator,False
6187,542,4056,Executive Sponsor,True
6188,2955,4057,End User,False
6189,1950,4058,Economic Buyer,True
6190,791,4059,Champion,True
6191,51,4059,End User,False
6192,1383,4059,Economic Buyer,True
6193,2016,4060,End User,False
6194,2678,4061,Economic Buyer,True
6195,2083,4061,Champion,True
6196,225,4062,Blocker,False
6197,714,4063,End User,False
6198,1964,4064,Champion,True
6199,402,4064,Economic Buyer,True
6200,1965,4065,Champion,True
6201,1527,4065,End User,False
6202,1151,4066,Coach,False
6203,1858,4066,Technical Evaluator,False
6204,908,3461,Executive Sponsor,True
6205,1063,3461,Coach,False
6206,1975,3461,End User,False
6207,1383,4068,Blocker,False
6208,791,4068,Economic Buyer,True
6209,956,4069,Blocker,False
6210,2339,4071,End User,False
6211,1538,4072,Champion,True
6212,508,4073,Champion,True
6213,1807,4074,Champion,True
6214,626,4074,End User,False
6215,1434,4074,Blocker,False
6216,2942,4075,Technical Evaluator,False
6217,2754,4076,Coach,False
6218,2217,4077,End User,False
6219,240,4078,Technical Evaluator,False
6220,311,4078,Coach,False
6221,1282,4079,Economic Buyer,True
6222,1302,4080,Coach,False
6223,495,4080,Champion,True
6224,1743,4081,Economic Buyer,True
6225,587,4082,Technical Evaluator,False
6226,2773,4082,Champion,True
6227,2673,4082,Coach,False
6228,917,4083,Champion,True
6229,1251,4084,Champion,True
6230,454,4084,Economic Buyer,True
6231,2070,4085,Champion,True
6232,1617,4085,Technical Evaluator,False
6233,1886,4086,Economic Buyer,True
6234,442,4087,End User,False
6235,304,4088,End User,False
6236,2690,4089,Legal Reviewer,False
6237,1048,4089,End User,False
6238,554,4090,Technical Evaluator,False
6239,1722,4090,Coach,False
6240,2855,4091,Technical Evaluator,False
6241,353,4091,Executive Sponsor,True
6242,1480,265,Economic Buyer,True
6243,57,265,Legal Reviewer,False
6244,2122,4093,End User,False
6245,955,4093,Legal Reviewer,False
6246,645,4094,Economic Buyer,True
6247,1865,4094,End User,False
6248,1898,4095,Blocker,False
6249,2561,4096,Technical Evaluator,False
6250,2607,4096,Economic Buyer,True
6251,2746,4096,End User,False
6252,1837,4097,Technical Evaluator,False
6253,821,4097,End User,False
6254,2676,4097,Executive Sponsor,True
6255,1013,3339,Coach,False
6256,2630,3339,Champion,True
6257,1805,3339,Economic Buyer,True
6258,1719,4099,Coach,False
6259,2278,4099,Economic Buyer,True
6260,1780,4099,Champion,True
6261,2850,4100,Coach,False
6262,2688,4101,Blocker,False
6263,2409,4102,Coach,False
6264,1300,4103,Champion,True
6265,744,4104,Coach,False
6266,497,4105,Technical Evaluator,False
6267,674,4106,Executive Sponsor,True
6268,2321,4106,Economic Buyer,True
6269,2531,4107,Champion,True
6270,542,4108,Executive Sponsor,True
6271,1734,4109,Executive Sponsor,True
6272,2029,4110,Legal Reviewer,False
6273,1819,4111,End User,False
6274,1774,4112,Economic Buyer,True
6275,452,4112,Blocker,False
6276,2909,4112,Champion,True
6277,888,4113,Executive Sponsor,True
6278,1447,4114,Champion,True
6279,2025,4114,Blocker,False
6280,2537,4115,Champion,True
6281,1220,4116,Economic Buyer,True
6282,422,4116,Champion,True
6283,514,4117,End User,False
6284,200,4118,Champion,True
6285,1625,4119,Champion,True
6286,2232,4120,Technical Evaluator,False
6287,971,4121,End User,False
6288,1971,4122,Technical Evaluator,False
6289,759,4122,Champion,True
6290,1229,4123,Champion,True
6291,1641,4123,Economic Buyer,True
6292,2753,4124,Executive Sponsor,True
6293,1939,4125,Economic Buyer,True
6294,1276,4126,Blocker,False
6295,1848,4126,Technical Evaluator,False
6296,2106,4127,Technical Evaluator,False
6297,2895,4128,Champion,True
6298,2251,4128,Economic Buyer,True
6299,2013,4129,Champion,True
6300,2085,4129,Technical Evaluator,False
6301,828,4130,End User,False
6302,1899,4130,Technical Evaluator,False
6303,1643,4132,Economic Buyer,True
6304,2467,4132,Legal Reviewer,False
6305,2100,4132,Technical Evaluator,False
6306,2740,4133,Economic Buyer,True
6307,2693,4133,End User,False
6308,2576,3444,Coach,False
6309,2981,3444,Technical Evaluator,False
6310,150,4135,Blocker,False
6311,444,4136,Champion,True
6312,623,4137,Technical Evaluator,False
6313,430,1078,Technical Evaluator,False
6314,534,1078,Economic Buyer,True
6315,1413,1078,Executive Sponsor,True
6316,1638,4140,Economic Buyer,True
6317,2830,4141,Champion,True
6318,612,4141,End User,False
6319,1325,4141,Legal Reviewer,False
6320,176,4142,Technical Evaluator,False
6321,845,4142,End User,False
6322,642,4143,Economic Buyer,True
6323,1139,4144,Executive Sponsor,True
6324,997,4145,Technical Evaluator,False
6325,2554,4146,Legal Reviewer,False
6326,2283,4147,Economic Buyer,True
6327,2034,4149,Economic Buyer,True
6328,228,4150,Legal Reviewer,False
6329,1566,4150,Economic Buyer,True
6330,1434,4151,Champion,True
6331,1278,4151,Executive Sponsor,True
6332,1379,4152,Economic Buyer,True
6333,867,4152,Technical Evaluator,False
6334,2547,4153,Coach,False
6335,2863,4154,Economic Buyer,True
6336,2609,4154,Executive Sponsor,True
6337,49,4154,Technical Evaluator,False
6338,1944,4155,Champion,True
6339,2307,4156,Technical Evaluator,False
6340,1003,4157,End User,False
6341,547,4158,Coach,False
6342,2172,4159,Technical Evaluator,False
6343,2824,4160,Technical Evaluator,False
6344,719,4161,Blocker,False
6345,548,4162,Executive Sponsor,True
6346,1710,4162,End User,False
6347,748,4163,Executive Sponsor,True
6348,1588,4164,Economic Buyer,True
6349,1232,4165,Economic Buyer,True
6350,2783,4166,Champion,True
6351,765,4167,Technical Evaluator,False
6352,2999,4167,Economic Buyer,True
6353,74,4168,Executive Sponsor,True
6354,1630,4169,Technical Evaluator,False
6355,997,4170,Economic Buyer,True
6356,1118,4171,Champion,True
6357,694,4171,Coach,False
6358,2399,4172,Coach,False
6359,747,4173,Economic Buyer,True
6360,2661,4174,Economic Buyer,True
6361,2931,4174,Technical Evaluator,False
6362,75,4174,End User,False
6363,1770,4175,Technical Evaluator,False
6364,359,4176,End User,False
6365,2002,4177,Economic Buyer,True
6366,389,4178,Champion,True
6367,2614,4179,Technical Evaluator,False
6368,163,4179,End User,False
6369,264,4180,End User,False
6370,2613,4181,End User,False
6371,145,4182,Economic Buyer,True
6372,1542,4183,Legal Reviewer,False
6373,399,4183,Champion,True
6374,357,4184,Technical Evaluator,False
6375,751,4184,Economic Buyer,True
6376,1750,4184,Champion,True
6377,1568,4185,End User,False
6378,643,4185,Executive Sponsor,True
6379,2319,4186,Executive Sponsor,True
6380,2502,4187,Champion,True
6381,836,4188,Coach,False
6382,1716,4188,Economic Buyer,True
6383,1122,4190,Champion,True
6384,1059,4190,End User,False
6385,127,4191,Blocker,False
6386,1606,4191,Champion,True
6387,1481,4192,Blocker,False
6388,388,4192,End User,False
6389,2606,4193,Legal Reviewer,False
6390,2390,4193,Champion,True
6391,2777,4194,Champion,True
6392,2218,4195,Technical Evaluator,False
6393,772,4196,End User,False
6394,1149,4196,Champion,True
6395,395,4197,Champion,True
6396,1582,4197,End User,False
6397,1165,4198,Champion,True
6398,2650,4198,Legal Reviewer,False
6399,974,4198,Coach,False
6400,184,4199,End User,False
6401,1218,4199,Economic Buyer,True
6402,1696,4199,Technical Evaluator,False
6403,1139,4200,End User,False
6404,1330,4200,Economic Buyer,True
6405,1525,4201,Technical Evaluator,False
6406,2089,4202,Coach,False
6407,108,4203,Economic Buyer,True
6408,2357,4204,Technical Evaluator,False
6409,2045,4204,End User,False
6410,2326,4205,Champion,True
6411,1470,4206,Technical Evaluator,False
6412,469,4206,Economic Buyer,True
6413,351,4207,Blocker,False
6414,1444,4208,Blocker,False
6415,2947,4209,End User,False
6416,1217,4210,Executive Sponsor,True
6417,2158,4211,Champion,True
6418,710,4211,Executive Sponsor,True
6419,1218,571,End User,False
6420,1394,4213,Coach,False
6421,798,4213,End User,False
6422,2074,4214,Economic Buyer,True
6423,183,4214,Technical Evaluator,False
6424,2349,4215,Legal Reviewer,False
6425,2388,4215,Blocker,False
6426,2084,4216,Economic Buyer,True
6427,211,4216,Champion,True
6428,2887,4217,Legal Reviewer,False
6429,153,4217,Executive Sponsor,True
6430,1879,4218,Champion,True
6431,1111,4218,Blocker,False
6432,1258,4219,Technical Evaluator,False
6433,2285,4219,Economic Buyer,True
6434,463,4220,Economic Buyer,True
6435,1976,4221,Technical Evaluator,False
6436,2509,4222,Executive Sponsor,True
6437,888,4223,Economic Buyer,True
6438,2610,4224,Champion,True
6439,492,4224,Executive Sponsor,True
6440,10,4225,End User,False
6441,2435,4225,Champion,True
6442,2430,4226,Technical Evaluator,False
6443,1859,4227,Blocker,False
6444,1973,4227,Legal Reviewer,False
6445,1048,4228,Technical Evaluator,False
6446,2573,4228,Blocker,False
6447,2690,4228,Legal Reviewer,False
6448,2053,4229,Coach,False
6449,661,4230,Champion,True
6450,1677,4230,Coach,False
6451,1323,4231,Technical Evaluator,False
6452,1741,4231,Champion,True
6453,1192,4232,Economic Buyer,True
6454,1503,4232,Technical Evaluator,False
6455,2414,4232,Champion,True
6456,2461,4233,Executive Sponsor,True
6457,319,4234,Economic Buyer,True
6458,1226,4235,Champion,True
6459,101,4235,Technical Evaluator,False
6460,2128,4235,Blocker,False
6461,1613,4236,End User,False
6462,215,4236,Technical Evaluator,False
6463,2251,4237,Economic Buyer,True
6464,2895,4237,Coach,False
6465,495,4238,Coach,False
6466,2680,4239,Blocker,False
6467,1127,4239,Technical Evaluator,False
6468,103,4241,Economic Buyer,True
6469,2107,4242,Champion,True
6470,2676,4243,End User,False
6471,1345,4243,Coach,False
6472,72,4243,Blocker,False
6473,58,4244,Technical Evaluator,False
6474,456,4244,Champion,True
6475,1368,4245,Coach,False
6476,620,4245,Champion,True
6477,1413,4246,End User,False
6478,302,4247,Champion,True
6479,1043,4247,Economic Buyer,True
6480,1188,4247,Technical Evaluator,False
6481,1574,4248,Technical Evaluator,False
6482,2965,4248,Coach,False
6483,2860,4248,Economic Buyer,True
6484,1042,4248,Legal Reviewer,False
6485,1511,4249,Technical Evaluator,False
6486,623,4250,End User,False
6487,2570,4251,Champion,True
6488,2284,4251,Economic Buyer,True
6489,1769,4252,Technical Evaluator,False
6490,1995,4252,Champion,True
6491,2048,4253,End User,False
6492,1113,4253,Blocker,False
6493,445,4253,Technical Evaluator,False
6494,1627,4254,End User,False
6495,2605,4255,Legal Reviewer,False
6496,2659,4256,Economic Buyer,True
6497,885,4257,Executive Sponsor,True
6498,1238,4257,Coach,False
6499,1636,4258,Champion,True
6500,2491,4259,Legal Reviewer,False
6501,1844,4259,Champion,True
6502,545,4259,End User,False
6503,2221,4260,Technical Evaluator,False
6504,2974,4260,End User,False
6505,482,4261,End User,False
6506,2012,4262,End User,False
6507,2665,1971,Coach,False
6508,153,4264,Technical Evaluator,False
6509,2887,4264,End User,False
6510,60,4265,Executive Sponsor,True
6511,939,4265,Champion,True
6512,1331,4266,Blocker,False
6513,2419,4267,Technical Evaluator,False
6514,267,4267,Executive Sponsor,True
6515,1562,4267,Economic Buyer,True
6516,1576,4268,Economic Buyer,True
6517,1532,4268,Technical Evaluator,False
6518,1090,4268,End User,False
6519,657,4269,Executive Sponsor,True
6520,347,4269,Champion,True
6521,1089,4270,Economic Buyer,True
6522,2121,4271,End User,False
6523,521,4271,Executive Sponsor,True
6524,996,4272,Economic Buyer,True
6525,2517,4272,Champion,True
6526,814,4273,End User,False
6527,1542,4273,Legal Reviewer,False
6528,399,4273,Economic Buyer,True
6529,2549,4274,Champion,True
6530,1027,4275,Economic Buyer,True
6531,483,4275,Executive Sponsor,True
6532,330,4275,End User,False
6533,2882,4275,Champion,True
6534,1429,4276,Technical Evaluator,False
6535,262,4202,Coach,False
6536,2385,4202,Technical Evaluator,False
6537,2392,4279,Economic Buyer,True
6538,2030,4280,Technical Evaluator,False
6539,2471,4280,Economic Buyer,True
6540,863,4281,End User,False
6541,2937,4281,Coach,False
6542,426,4281,Technical Evaluator,False
6543,1458,4282,Coach,False
6544,1350,4283,Economic Buyer,True
6545,855,4283,Technical Evaluator,False
6546,317,4283,Legal Reviewer,False
6547,150,4283,End User,False
6548,1160,4284,Champion,True
6549,1056,4284,End User,False
6550,2079,4285,Champion,True
6551,2227,4285,Blocker,False
6552,1788,4286,End User,False
6553,2850,4287,Technical Evaluator,False
6554,401,4288,Champion,True
6555,1444,4289,Executive Sponsor,True
6556,2249,4290,Economic Buyer,True
6557,436,4290,Legal Reviewer,False
6558,2798,4291,Technical Evaluator,False
6559,2904,4291,Legal Reviewer,False
6560,1133,4292,Legal Reviewer,False
6561,301,4292,Executive Sponsor,True
6562,131,4293,Technical Evaluator,False
6563,2912,4294,Blocker,False
6564,2795,4294,Coach,False
6565,2496,4295,Champion,True
6566,133,4296,Coach,False
6567,1563,4297,Legal Reviewer,False
6568,951,4298,Technical Evaluator,False
6569,2639,4299,Technical Evaluator,False
6570,55,4300,Technical Evaluator,False
6571,1348,4301,Champion,True
6572,1436,4302,Champion,True
6573,2397,4302,Technical Evaluator,False
6574,1351,4302,Coach,False
6575,1806,4303,Economic Buyer,True
6576,1942,4303,Champion,True
6577,1987,4303,Technical Evaluator,False
6578,168,4304,Technical Evaluator,False
6579,200,4305,Executive Sponsor,True
6580,2881,4306,Champion,True
6581,2029,4307,Economic Buyer,True
6582,1591,4308,Legal Reviewer,False
6583,30,4308,Executive Sponsor,True
6584,1388,4309,Champion,True
6585,1644,4310,Technical Evaluator,False
6586,2571,4310,Coach,False
6587,350,4311,Legal Reviewer,False
6588,406,4311,Executive Sponsor,True
6589,2550,4312,Legal Reviewer,False
6590,1670,4313,Economic Buyer,True
6591,2772,4313,Champion,True
6592,1477,4313,Technical Evaluator,False
6593,2044,4314,Technical Evaluator,False
6594,120,4314,End User,False
6595,133,4315,Technical Evaluator,False
6596,2455,4316,Champion,True
6597,2412,4317,End User,False
6598,521,4317,Economic Buyer,True
6599,1458,4318,Economic Buyer,True
6600,2503,4319,Champion,True
6601,2630,4320,Executive Sponsor,True
6602,506,4095,Blocker,False
6603,2961,4095,Economic Buyer,True
6604,2093,4095,Technical Evaluator,False
6605,1708,4322,Champion,True
6606,2320,4323,Blocker,False
6607,2011,4324,End User,False
6608,1921,4325,Champion,True
6609,2370,4325,Blocker,False
6610,483,4326,Champion,True
6611,1453,4327,Economic Buyer,True
6612,2515,4327,Blocker,False
6613,252,4328,Champion,True
6614,1856,4330,Technical Evaluator,False
6615,1730,2293,Technical Evaluator,False
6616,359,4332,Economic Buyer,True
6617,1586,4332,Champion,True
6618,1363,4333,Economic Buyer,True
6619,27,4333,Technical Evaluator,False
6620,662,4333,Coach,False
6621,1083,4334,Technical Evaluator,False
6622,1783,4334,Champion,True
6623,2504,4335,Blocker,False
6624,627,4336,Champion,True
6625,1952,4336,Technical Evaluator,False
6626,2003,4337,End User,False
6627,1416,4338,Champion,True
6628,1509,4338,Coach,False
6629,2738,4338,Technical Evaluator,False
6630,1802,4339,Technical Evaluator,False
6631,616,4340,Champion,True
6632,2981,4341,Technical Evaluator,False
6633,2576,4341,Champion,True
6634,108,4342,Economic Buyer,True
6635,2781,4343,End User,False
6636,1205,4344,Champion,True
6637,482,4345,Executive Sponsor,True
6638,417,4346,Economic Buyer,True
6639,211,4346,End User,False
6640,2897,4346,Technical Evaluator,False
6641,678,4347,Technical Evaluator,False
6642,1467,4348,Technical Evaluator,False
6643,1117,4349,Champion,True
6644,498,4350,Executive Sponsor,True
6645,2872,4350,Economic Buyer,True
6646,1875,4351,Legal Reviewer,False
6647,861,4351,Technical Evaluator,False
6648,133,4352,End User,False
6649,1125,4353,Blocker,False
6650,2531,4354,Economic Buyer,True
6651,1025,4355,Technical Evaluator,False
6652,625,4355,Champion,True
6653,2672,4355,Economic Buyer,True
6654,23,4356,Blocker,False
6655,772,4357,End User,False
6656,1149,4357,Champion,True
6657,2813,4358,Economic Buyer,True
6658,440,4359,Executive Sponsor,True
6659,350,4359,Champion,True
6660,694,4360,Economic Buyer,True
6661,99,4361,End User,False
6662,1246,4362,Economic Buyer,True
6663,315,4363,Economic Buyer,True
6664,2421,4364,Economic Buyer,True
6665,1408,4364,End User,False
6666,1195,4366,Economic Buyer,True
6667,2032,4368,Economic Buyer,True
6668,819,4369,Champion,True
6669,478,4370,Legal Reviewer,False
6670,75,4371,Technical Evaluator,False
6671,2661,4371,Economic Buyer,True
6672,262,4372,Economic Buyer,True
6673,1551,4373,Coach,False
6674,835,4374,Legal Reviewer,False
6675,1664,4374,Economic Buyer,True
6676,1514,4374,Blocker,False
6677,2850,4375,Blocker,False
6678,515,4375,Coach,False
6679,570,4376,Technical Evaluator,False
6680,2671,4377,Technical Evaluator,False
6681,431,4377,Executive Sponsor,True
6682,2821,4377,Blocker,False
6683,1174,4378,Technical Evaluator,False
6684,1417,4379,Coach,False
6685,2897,4380,Economic Buyer,True
6686,417,4380,Technical Evaluator,False
6687,2156,4381,Technical Evaluator,False
6688,2709,4381,Champion,True
6689,2331,4381,Blocker,False
6690,71,4382,End User,False
6691,424,4383,End User,False
6692,1374,4383,Champion,True
6693,40,4383,Legal Reviewer,False
6694,2365,4384,Champion,True
6695,211,4385,Technical Evaluator,False
6696,1950,4386,Technical Evaluator,False
6697,1714,4386,Champion,True
6698,243,4386,End User,False
6699,1683,4387,Technical Evaluator,False
6700,2439,4388,Legal Reviewer,False
6701,2259,4388,Champion,True
6702,2114,4388,Technical Evaluator,False
6703,1873,4389,Coach,False
6704,2659,4390,Economic Buyer,True
6705,1263,4391,Champion,True
6706,1062,4392,Champion,True
6707,773,4393,Technical Evaluator,False
6708,469,4394,Champion,True
6709,1470,4394,End User,False
6710,779,4396,Coach,False
6711,2989,4396,End User,False
6712,2472,4397,Champion,True
6713,2262,4397,Economic Buyer,True
6714,2520,4398,Technical Evaluator,False
6715,2095,4398,Champion,True
6716,1126,4398,Blocker,False
6717,1704,4399,Technical Evaluator,False
6718,671,4400,Economic Buyer,True
6719,392,4400,Champion,True
6720,1657,3685,Legal Reviewer,False
6721,2947,4402,Technical Evaluator,False
6722,2851,4403,Executive Sponsor,True
6723,1381,4404,Economic Buyer,True
6724,1839,4405,Champion,True
6725,211,4406,Champion,True
6726,1344,4406,Technical Evaluator,False
6727,2698,4407,Economic Buyer,True
6728,1379,4408,Technical Evaluator,False
6729,1396,4409,Technical Evaluator,False
6730,2854,4409,Champion,True
6731,1715,4411,Coach,False
6732,2081,4411,Champion,True
6733,1867,4412,Coach,False
6734,1624,4412,Champion,True
6735,2558,4413,Coach,False
6736,2847,4413,Legal Reviewer,False
6737,407,4414,Blocker,False
6738,360,4415,Champion,True
6739,584,4417,Champion,True
6740,2176,4417,End User,False
6741,1700,4418,Coach,False
6742,2656,4418,Technical Evaluator,False
6743,2986,4419,Coach,False
6744,1215,4420,Legal Reviewer,False
6745,1521,4420,Technical Evaluator,False
6746,487,4420,Champion,True
6747,175,4421,Coach,False
6748,2589,4421,Executive Sponsor,True
6749,295,4422,Executive Sponsor,True
6750,2205,4423,Technical Evaluator,False
6751,1481,4424,Economic Buyer,True
6752,1835,4425,End User,False
6753,880,4426,Technical Evaluator,False
6754,162,2252,Champion,True
6755,2054,4428,Economic Buyer,True
6756,2440,4428,Coach,False
6757,134,4428,End User,False
6758,1101,4429,End User,False
6759,953,4430,Legal Reviewer,False
6760,764,4431,Blocker,False
6761,1283,4431,Technical Evaluator,False
6762,1789,4432,Blocker,False
6763,1789,4433,Executive Sponsor,True
6764,2979,4435,Coach,False
6765,2916,4436,Technical Evaluator,False
6766,1909,4436,Champion,True
6767,2065,4436,Legal Reviewer,False
6768,1713,4437,End User,False
6769,1679,4437,Executive Sponsor,True
6770,1705,4438,Technical Evaluator,False
6771,1321,4438,Legal Reviewer,False
6772,1954,4438,Champion,True
6773,1397,4439,Champion,True
6774,2800,4439,Coach,False
6775,2947,4440,Executive Sponsor,True
6776,514,4441,Champion,True
6777,892,4441,Technical Evaluator,False
6778,1942,4442,Champion,True
6779,1987,4442,Technical Evaluator,False
6780,2310,4443,Economic Buyer,True
6781,737,4444,Champion,True
6782,2896,4445,Technical Evaluator,False
6783,2139,4445,Champion,True
6784,540,4446,Coach,False
6785,368,4446,Champion,True
6786,225,4447,Economic Buyer,True
6787,260,4448,Technical Evaluator,False
6788,1230,4448,Legal Reviewer,False
6789,2087,4449,End User,False
6790,245,4449,Blocker,False
6791,890,4450,End User,False
6792,1867,4450,Executive Sponsor,True
6793,1624,4450,Champion,True
6794,2754,4451,Champion,True
6795,1339,4452,Champion,True
6796,1377,1946,Technical Evaluator,False
6797,1008,1946,Champion,True
6798,1832,4454,Champion,True
6799,1585,4455,Champion,True
6800,2055,4455,Blocker,False
6801,1821,4456,Executive Sponsor,True
6802,2938,4457,Executive Sponsor,True
6803,2928,4457,Champion,True
6804,184,4458,Champion,True
6805,1696,4458,Technical Evaluator,False
6806,530,4459,End User,False
6807,954,4459,Champion,True
6808,1455,4460,Champion,True
6809,2593,4460,Blocker,False
6810,2623,4461,Champion,True
6811,1956,4462,Blocker,False
6812,1525,4463,Economic Buyer,True
6813,1858,4464,Blocker,False
6814,1151,4464,Legal Reviewer,False
6815,1550,4465,Blocker,False
6816,515,4465,End User,False
6817,2850,4465,Champion,True
6818,2214,4466,Technical Evaluator,False
6819,1720,4466,Executive Sponsor,True
6820,814,4467,End User,False
6821,399,4467,Executive Sponsor,True
6822,1542,4467,Technical Evaluator,False
6823,2580,4468,End User,False
6824,2159,4468,Technical Evaluator,False
6825,944,4469,Technical Evaluator,False
6826,2322,4469,Champion,True
6827,2867,4469,Economic Buyer,True
6828,2947,4470,Coach,False
6829,2188,4471,Economic Buyer,True
6830,1742,4472,Coach,False
6831,580,4472,Champion,True
6832,2177,1829,Champion,True
6833,1618,1829,Technical Evaluator,False
6834,1717,4474,Economic Buyer,True
6835,965,4474,End User,False
6836,1172,4475,Champion,True
6837,2428,4475,Economic Buyer,True
6838,2176,4476,Legal Reviewer,False
6839,584,4476,End User,False
6840,2301,4477,Coach,False
6841,181,4478,Economic Buyer,True
6842,1496,4479,Executive Sponsor,True
6843,140,4480,Champion,True
6844,2169,4480,Legal Reviewer,False
6845,56,4480,Economic Buyer,True
6846,225,4481,Economic Buyer,True
6847,2293,4482,Economic Buyer,True
6848,878,4483,Blocker,False
6849,1439,4484,End User,False
6850,1886,4484,Technical Evaluator,False
6851,241,4485,Technical Evaluator,False
6852,2438,4485,Executive Sponsor,True
6853,232,4485,Champion,True
6854,1980,4485,Economic Buyer,True
6855,2870,4486,Technical Evaluator,False
6856,305,4487,Technical Evaluator,False
6857,1577,4487,Champion,True
6858,2572,4488,Champion,True
6859,2782,4489,Legal Reviewer,False
6860,837,4490,Technical Evaluator,False
6861,1293,4491,Technical Evaluator,False
6862,967,4492,Legal Reviewer,False
6863,2423,4492,Technical Evaluator,False
6864,2816,4493,Technical Evaluator,False
6865,1018,4493,Champion,True
6866,162,4494,Champion,True
6867,345,4495,Champion,True
6868,1300,4495,Economic Buyer,True
6869,687,4496,Technical Evaluator,False
6870,2677,4497,End User,False
6871,297,4498,Technical Evaluator,False
6872,2737,4498,Coach,False
6873,1311,4499,Champion,True
6874,339,4500,Technical Evaluator,False
6875,1793,4501,Technical Evaluator,False
6876,391,4501,Executive Sponsor,True
6877,2222,4502,Technical Evaluator,False
6878,1195,4503,End User,False
6879,2187,4504,Champion,True
6880,744,4505,Blocker,False
6881,1743,4506,Champion,True
6882,1134,4507,Coach,False
6883,1737,4508,Champion,True
6884,2465,4508,Economic Buyer,True
6885,2882,4509,Executive Sponsor,True
6886,330,4509,Technical Evaluator,False
6887,755,3717,Executive Sponsor,True
6888,957,4512,Technical Evaluator,False
6889,740,4512,Economic Buyer,True
6890,2501,4513,Blocker,False
6891,598,4514,End User,False
6892,2730,4515,Economic Buyer,True
6893,1433,4516,Coach,False
6894,2130,4516,Economic Buyer,True
6895,2493,4517,Blocker,False
6896,1022,4519,Technical Evaluator,False
6897,1632,4519,Economic Buyer,True
6898,2667,4520,Champion,True
6899,2793,4520,Coach,False
6900,2369,4520,Technical Evaluator,False
6901,363,4521,Technical Evaluator,False
6902,1073,4522,Coach,False
6903,1348,4523,Coach,False
6904,1824,4524,Champion,True
6905,1861,4524,Technical Evaluator,False
6906,1034,4525,Economic Buyer,True
6907,577,4525,Technical Evaluator,False
6908,2857,4526,Coach,False
6909,1016,4526,Technical Evaluator,False
6910,1698,4527,Coach,False
6911,2661,4528,Executive Sponsor,True
6912,2931,4528,Economic Buyer,True
6913,2230,4529,Technical Evaluator,False
6914,1433,4529,Champion,True
6915,1376,4529,Legal Reviewer,False
6916,2130,4529,Blocker,False
6917,450,4530,Technical Evaluator,False
6918,2076,4530,Champion,True
6919,2935,4531,Champion,True
6920,2140,4532,Technical Evaluator,False
6921,687,4533,End User,False
6922,1025,2803,End User,False
6923,625,2803,Champion,True
6924,1802,4535,Executive Sponsor,True
6925,140,4536,Champion,True
6926,56,4536,Legal Reviewer,False
6927,2169,4536,Executive Sponsor,True
6928,1036,4537,Champion,True
6929,2588,4538,Champion,True
6930,2539,4538,Blocker,False
6931,2952,4539,Technical Evaluator,False
6932,805,4539,Champion,True
6933,1318,4539,Legal Reviewer,False
6934,540,4540,Technical Evaluator,False
6935,56,4541,Champion,True
6936,96,4542,Blocker,False
6937,2266,4543,Coach,False
6938,552,4543,Technical Evaluator,False
6939,647,4544,End User,False
6940,1084,4545,End User,False
6941,2731,4546,Technical Evaluator,False
6942,1664,4547,End User,False
6943,2101,4547,Coach,False
6944,835,4547,Technical Evaluator,False
6945,1081,4548,Technical Evaluator,False
6946,2714,4549,Economic Buyer,True
6947,155,4550,Executive Sponsor,True
6948,2142,4550,Coach,False
6949,570,1003,Legal Reviewer,False
6950,1397,4552,Legal Reviewer,False
6951,2800,4552,Executive Sponsor,True
6952,1720,4553,Technical Evaluator,False
6953,1948,4553,End User,False
6954,2891,4554,Economic Buyer,True
6955,1996,4554,Executive Sponsor,True
6956,1741,4555,Technical Evaluator,False
6957,1323,4555,Economic Buyer,True
6958,703,4556,Executive Sponsor,True
6959,675,4557,Blocker,False
6960,50,4558,Technical Evaluator,False
6961,2806,4560,Champion,True
6962,2590,4560,End User,False
6963,328,4561,Champion,True
6964,347,4562,Executive Sponsor,True
6965,657,4562,Legal Reviewer,False
6966,1234,4563,Economic Buyer,True
6967,2725,4563,End User,False
6968,2159,4565,Technical Evaluator,False
6969,96,4566,Blocker,False
6970,1516,4566,Coach,False
6971,289,4566,Economic Buyer,True
6972,2051,4567,End User,False
6973,1224,4568,Economic Buyer,True
6974,1138,4569,Technical Evaluator,False
6975,2280,4569,Legal Reviewer,False
6976,2619,4569,Blocker,False
6977,541,4570,Legal Reviewer,False
6978,2344,4571,Blocker,False
6979,1482,4571,Technical Evaluator,False
6980,2827,4572,Champion,True
6981,2636,4572,Technical Evaluator,False
6982,1702,4573,Legal Reviewer,False
6983,1028,4574,Champion,True
6984,2883,4575,Technical Evaluator,False
6985,464,4575,Blocker,False
6986,1084,4576,End User,False
6987,2688,4577,Champion,True
6988,2453,4577,Blocker,False
6989,68,4577,Technical Evaluator,False
6990,1465,4313,End User,False
6991,1116,4579,Technical Evaluator,False
6992,1241,4580,Technical Evaluator,False
6993,39,4581,Legal Reviewer,False
6994,584,4581,Technical Evaluator,False
6995,2176,4581,Executive Sponsor,True
6996,139,2648,Legal Reviewer,False
6997,1783,4583,Champion,True
6998,1083,4583,Blocker,False
6999,2611,4584,Economic Buyer,True
7000,1911,4584,End User,False
7001,2969,4584,Champion,True
7002,388,4585,Technical Evaluator,False
7003,2801,4585,End User,False
7004,1481,4585,Champion,True
7005,2465,4586,Executive Sponsor,True
7006,1222,4587,End User,False
7007,2784,4588,Executive Sponsor,True
7008,124,4588,Technical Evaluator,False
7009,2943,4588,Economic Buyer,True
7010,2851,4588,Champion,True
7011,771,4589,Technical Evaluator,False
7012,1961,4589,Champion,True
7013,218,4589,Legal Reviewer,False
7014,2566,4589,End User,False
7015,2929,4590,End User,False
7016,2280,4591,Technical Evaluator,False
7017,2191,4592,Technical Evaluator,False
7018,1730,4593,Coach,False
7019,1421,4594,Champion,True
7020,325,4595,End User,False
7021,1172,4598,Technical Evaluator,False
7022,810,4598,Legal Reviewer,False
7023,686,4599,Technical Evaluator,False
7024,1976,4599,Economic Buyer,True
7025,2782,4599,Champion,True
7026,65,4600,Technical Evaluator,False
7027,2743,4601,Champion,True
7028,2172,4602,Legal Reviewer,False
7029,375,4603,Executive Sponsor,True
7030,744,4603,Technical Evaluator,False
7031,339,4604,End User,False
7032,2895,4605,Technical Evaluator,False
7033,2251,4605,End User,False
7034,1178,4606,Economic Buyer,True
7035,2717,4606,Champion,True
7036,22,4607,Champion,True
7037,1120,4608,Executive Sponsor,True
7038,1472,4608,End User,False
7039,519,4608,Economic Buyer,True
7040,2740,4610,Legal Reviewer,False
7041,752,4610,Technical Evaluator,False
7042,2693,4610,Coach,False
7043,1223,4611,End User,False
7044,961,4612,Coach,False
7045,1085,4613,Champion,True
7046,398,4614,Technical Evaluator,False
7047,1698,4615,Economic Buyer,True
7048,1181,4616,Legal Reviewer,False
7049,1618,4617,End User,False
7050,98,4617,Technical Evaluator,False
7051,1406,4618,Economic Buyer,True
7052,1149,4619,Executive Sponsor,True
7053,2908,4620,Economic Buyer,True
7054,379,4621,Coach,False
7055,1694,4622,Technical Evaluator,False
7056,1130,4623,Technical Evaluator,False
7057,704,4624,Champion,True
7058,1074,4625,Champion,True
7059,1072,4626,Champion,True
7060,47,4626,Blocker,False
7061,53,4628,End User,False
7062,3000,4628,Champion,True
7063,2307,4629,Technical Evaluator,False
7064,308,4630,Champion,True
7065,616,4631,Blocker,False
7066,498,4632,Technical Evaluator,False
7067,2034,4632,Blocker,False
7068,2872,4632,Champion,True
7069,966,4633,Technical Evaluator,False
7070,1057,4634,Coach,False
7071,492,4635,End User,False
7072,2610,4635,Coach,False
7073,89,4635,Technical Evaluator,False
7074,2700,4637,Technical Evaluator,False
7075,1869,4638,Coach,False
7076,1459,4639,Executive Sponsor,True
7077,905,4639,End User,False
7078,1249,4639,Champion,True
7079,2038,4640,Technical Evaluator,False
7080,586,4640,Champion,True
7081,1795,4641,Legal Reviewer,False
7082,262,4642,Champion,True
7083,2385,4642,Technical Evaluator,False
7084,489,4643,Technical Evaluator,False
7085,1244,4644,Executive Sponsor,True
7086,2184,4644,Coach,False
7087,433,4644,Champion,True
7088,2892,4645,Blocker,False
7089,2539,4040,Economic Buyer,True
7090,2588,4040,Champion,True
7091,558,4647,Champion,True
7092,127,4648,Economic Buyer,True
7093,1606,4648,Technical Evaluator,False
7094,1163,4649,Coach,False
7095,84,4650,Technical Evaluator,False
7096,2786,4650,Coach,False
7097,871,4650,End User,False
7098,925,4651,End User,False
7099,2910,768,End User,False
7100,1500,4653,Technical Evaluator,False
7101,858,4655,Champion,True
7102,1770,4656,End User,False
7103,51,4657,Technical Evaluator,False
7104,166,4658,Technical Evaluator,False
7105,960,4659,Economic Buyer,True
7106,986,4659,Coach,False
7107,1006,4659,Executive Sponsor,True
7108,2243,4660,Coach,False
7109,1424,4660,Legal Reviewer,False
7110,658,4660,Economic Buyer,True
7111,2611,4661,Legal Reviewer,False
7112,1911,4661,Technical Evaluator,False
7113,2969,4661,Executive Sponsor,True
7114,1986,4662,Technical Evaluator,False
7115,85,4662,End User,False
7116,436,4662,Coach,False
7117,2249,4662,Blocker,False
7118,1573,4663,Champion,True
7119,485,4664,Champion,True
7120,1447,4664,Technical Evaluator,False
7121,2025,4664,Economic Buyer,True
7122,2170,4664,Blocker,False
7123,1089,4664,End User,False
7124,1574,4665,Economic Buyer,True
7125,546,4665,Coach,False
7126,821,4666,End User,False
7127,1837,4666,Economic Buyer,True
7128,1345,4666,Coach,False
7129,1334,1579,Champion,True
7130,1361,1579,Coach,False
7131,1675,4669,Executive Sponsor,True
7132,1903,4669,Champion,True
7133,2145,4670,Economic Buyer,True
7134,656,4671,Champion,True
7135,605,4671,Economic Buyer,True
7136,525,4671,Coach,False
7137,1199,4672,Champion,True
7138,2045,4673,Economic Buyer,True
7139,1435,4673,End User,False
7140,2254,4674,Technical Evaluator,False
7141,1087,4675,Technical Evaluator,False
7142,2160,4676,Economic Buyer,True
7143,350,4676,Legal Reviewer,False
7144,440,4676,Technical Evaluator,False
7145,1337,4677,End User,False
7146,843,4677,Legal Reviewer,False
7147,1577,4678,End User,False
7148,2608,4678,Economic Buyer,True
7149,1456,4679,Champion,True
7150,2486,4680,Technical Evaluator,False
7151,2113,4681,End User,False
7152,930,4682,Technical Evaluator,False
7153,1206,4683,Technical Evaluator,False
7154,1784,4683,Champion,True
7155,536,4684,Champion,True
7156,1688,4684,End User,False
7157,2291,4685,Technical Evaluator,False
7158,1623,4685,Champion,True
7159,1805,4686,Executive Sponsor,True
7160,2630,4686,Champion,True
7161,92,4687,End User,False
7162,111,4687,Technical Evaluator,False
7163,742,4688,Technical Evaluator,False
7164,379,4689,Legal Reviewer,False
7165,1881,4689,End User,False
7166,655,4690,Executive Sponsor,True
7167,1061,4691,End User,False
7168,504,4691,Legal Reviewer,False
7169,1359,4212,Blocker,False
7170,1210,4693,Technical Evaluator,False
7171,1204,4693,End User,False
7172,2843,4694,Technical Evaluator,False
7173,1248,4694,Economic Buyer,True
7174,2313,4695,Technical Evaluator,False
7175,277,4695,End User,False
7176,1814,4695,Economic Buyer,True
7177,468,4695,Executive Sponsor,True
7178,757,4695,Champion,True
7179,684,4696,Technical Evaluator,False
7180,2895,4697,End User,False
7181,823,4698,Champion,True
7182,579,4699,Coach,False
7183,626,1630,Blocker,False
7184,1883,4701,Executive Sponsor,True
7185,2105,4701,Champion,True
7186,2191,4702,Legal Reviewer,False
7187,224,4702,Champion,True
7188,342,4702,Technical Evaluator,False
7189,2890,4703,Technical Evaluator,False
7190,1291,4705,Economic Buyer,True
7191,1366,4705,Coach,False
7192,867,4706,Economic Buyer,True
7193,2868,4707,Executive Sponsor,True
7194,1773,4708,Economic Buyer,True
7195,2941,4709,Technical Evaluator,False
7196,2285,4710,End User,False
7197,2670,4711,Economic Buyer,True
7198,1638,4712,Technical Evaluator,False
7199,2143,4713,Blocker,False
7200,1850,4713,Technical Evaluator,False
7201,1771,4713,End User,False
7202,1326,4714,Economic Buyer,True
7203,251,4715,End User,False
7204,1491,4715,Technical Evaluator,False
7205,1250,4715,Executive Sponsor,True
7206,347,4716,Economic Buyer,True
7207,662,4717,Legal Reviewer,False
7208,542,4718,Technical Evaluator,False
7209,2832,4720,Champion,True
7210,1093,4721,End User,False
7211,1523,4721,Executive Sponsor,True
7212,2695,4722,Technical Evaluator,False
7213,1768,4722,End User,False
7214,1365,4722,Champion,True
7215,1723,4722,Economic Buyer,True
7216,110,4722,Coach,False
7217,707,4723,Champion,True
7218,2212,4724,Champion,True
7219,43,4725,Technical Evaluator,False
7220,2102,4725,End User,False
7221,827,4725,Champion,True
7222,772,4726,Champion,True
7223,1160,4727,Technical Evaluator,False
7224,1601,4728,Technical Evaluator,False
7225,1378,4728,Executive Sponsor,True
7226,792,4729,Coach,False
7227,2685,4729,Technical Evaluator,False
7228,712,4730,Executive Sponsor,True
7229,209,4731,Blocker,False
7230,1055,4731,Champion,True
7231,1735,4731,Economic Buyer,True
7232,1385,4732,End User,False
7233,1191,4732,Executive Sponsor,True
7234,1085,4733,Coach,False
7235,2196,4734,Blocker,False
7236,70,4734,Champion,True
7237,667,4736,Technical Evaluator,False
7238,1887,4736,Coach,False
7239,544,4737,Economic Buyer,True
7240,953,4738,Champion,True
7241,1887,4739,Technical Evaluator,False
7242,2087,4740,Coach,False
7243,2660,4741,Blocker,False
7244,1407,4741,Technical Evaluator,False
7245,699,4742,Economic Buyer,True
7246,339,4742,Champion,True
7247,1380,4742,End User,False
7248,2504,4743,End User,False
7249,2660,4744,Technical Evaluator,False
7250,461,4745,Blocker,False
7251,2659,4746,End User,False
7252,848,4747,Champion,True
7253,2709,4748,Champion,True
7254,2331,4748,Technical Evaluator,False
7255,2034,4749,End User,False
7256,498,4749,Technical Evaluator,False
7257,2461,4749,Champion,True
7258,2872,4749,Coach,False
7259,2699,4750,Champion,True
7260,1651,4750,Economic Buyer,True
7261,1983,4750,Technical Evaluator,False
7262,2879,4751,End User,False
7263,1364,4752,Economic Buyer,True
7264,447,4753,Technical Evaluator,False
7265,1215,4754,Technical Evaluator,False
7266,487,4754,Blocker,False
7267,1521,4754,Economic Buyer,True
7268,1394,4755,Champion,True
7269,1878,4755,End User,False
7270,798,4755,Executive Sponsor,True
7271,1204,4756,Champion,True
7272,1302,4757,Technical Evaluator,False
7273,512,4758,Coach,False
7274,2458,4758,Executive Sponsor,True
7275,2568,4758,Economic Buyer,True
7276,486,4759,End User,False
7277,2250,4760,Technical Evaluator,False
7278,1008,4761,Economic Buyer,True
7279,1377,4761,Champion,True
7280,2646,4762,Champion,True
7281,2543,4763,Economic Buyer,True
7282,1659,4764,Technical Evaluator,False
7283,550,4764,Coach,False
7284,2092,4764,Economic Buyer,True
7285,1043,4765,Champion,True
7286,2251,4766,Champion,True
7287,804,4767,Champion,True
7288,34,4767,Economic Buyer,True
7289,1588,4768,End User,False
7290,1178,4769,Executive Sponsor,True
7291,85,4770,Economic Buyer,True
7292,2249,4770,Technical Evaluator,False
7293,711,4770,Legal Reviewer,False
7294,1986,4770,End User,False
7295,436,4770,Champion,True
7296,774,4771,Economic Buyer,True
7297,2745,4772,Champion,True
7298,497,4773,Executive Sponsor,True
7299,1079,4773,Technical Evaluator,False
7300,2090,4774,Champion,True
7301,1065,4774,Executive Sponsor,True
7302,659,4774,Economic Buyer,True
7303,141,4775,Champion,True
7304,240,4775,Blocker,False
7305,247,4776,Executive Sponsor,True
7306,1709,4776,Champion,True
7307,2320,4777,Economic Buyer,True
7308,2807,4778,Executive Sponsor,True
7309,2568,4779,Economic Buyer,True
7310,375,4780,Coach,False
7311,744,4780,Technical Evaluator,False
7312,936,4781,Coach,False
7313,1155,4781,Technical Evaluator,False
7314,1949,4781,Champion,True
7315,527,4782,Champion,True
7316,828,4783,Economic Buyer,True
7317,750,4783,Champion,True
7318,1525,4784,Economic Buyer,True
7319,1103,4785,Economic Buyer,True
7320,2929,4785,Blocker,False
7321,1453,4786,Champion,True
7322,672,4786,Technical Evaluator,False
7323,2515,4786,Executive Sponsor,True
7324,558,4787,Champion,True
7325,988,4788,Economic Buyer,True
7326,2908,4789,Technical Evaluator,False
7327,2277,4789,End User,False
7328,2398,4790,End User,False
7329,1571,4791,Champion,True
7330,2165,4791,Economic Buyer,True
7331,534,4792,Champion,True
7332,430,4792,End User,False
7333,2229,4793,Economic Buyer,True
7334,2988,4794,Blocker,False
7335,520,4795,Economic Buyer,True
7336,2754,4796,Economic Buyer,True
7337,418,4797,Technical Evaluator,False
7338,71,4798,Technical Evaluator,False
7339,2416,4799,End User,False
7340,271,4800,Coach,False
7341,1094,4801,Champion,True
7342,338,4802,Legal Reviewer,False
7343,1694,4802,Coach,False
7344,2714,4803,Blocker,False
7345,2875,4803,Economic Buyer,True
7346,1942,4804,Economic Buyer,True
7347,1806,4804,Legal Reviewer,False
7348,2206,4805,Technical Evaluator,False
7349,2501,4805,End User,False
7350,2498,4806,End User,False
7351,1314,4807,Champion,True
7352,2657,4807,Blocker,False
7353,2778,4808,Champion,True
7354,2146,4809,Coach,False
7355,238,4810,Blocker,False
7356,326,4810,Champion,True
7357,191,4810,Economic Buyer,True
7358,2887,4811,Champion,True
7359,153,4811,Economic Buyer,True
7360,2253,4813,Champion,True
7361,567,4814,Technical Evaluator,False
7362,294,4814,Economic Buyer,True
7363,1854,4815,Technical Evaluator,False
7364,2840,4816,Executive Sponsor,True
7365,2862,4816,End User,False
7366,1464,4816,Technical Evaluator,False
7367,561,4816,Coach,False
7368,2404,4817,Economic Buyer,True
7369,2693,4818,Legal Reviewer,False
7370,936,4476,Technical Evaluator,False
7371,1155,4476,Economic Buyer,True
7372,1388,4820,Blocker,False
7373,1401,4821,Champion,True
7374,239,4821,Coach,False
7375,1157,4821,Technical Evaluator,False
7376,747,4822,Legal Reviewer,False
7377,1095,4823,Economic Buyer,True
7378,738,4824,Champion,True
7379,675,4824,Legal Reviewer,False
7380,1620,4825,End User,False
7381,579,4826,Technical Evaluator,False
7382,819,4827,Technical Evaluator,False
7383,2161,4828,Executive Sponsor,True
7384,2797,4829,Economic Buyer,True
7385,2751,4829,Champion,True
7386,226,4830,Legal Reviewer,False
7387,1775,4831,Blocker,False
7388,1630,4832,End User,False
7389,842,4833,Technical Evaluator,False
7390,2244,4833,Economic Buyer,True
7391,2947,4834,Technical Evaluator,False
7392,2263,2097,Champion,True
7393,334,4836,Economic Buyer,True
7394,1077,4836,Champion,True
7395,1372,4837,Coach,False
7396,335,4837,Technical Evaluator,False
7397,43,4838,Legal Reviewer,False
7398,2830,4839,Coach,False
7399,1626,4840,Economic Buyer,True
7400,1203,4840,Coach,False
7401,681,4841,Champion,True
7402,1765,4843,Economic Buyer,True
7403,2919,4843,Executive Sponsor,True
7404,1763,4843,Champion,True
7405,40,4844,Technical Evaluator,False
7406,424,4844,End User,False
7407,478,4844,Coach,False
7408,1374,4844,Champion,True
7409,559,4845,Champion,True
7410,1422,4845,Blocker,False
7411,2732,4846,Champion,True
7412,1294,4848,Champion,True
7413,1180,4848,End User,False
7414,203,4849,Champion,True
7415,298,4850,End User,False
7416,2647,4851,Technical Evaluator,False
7417,1582,4852,Champion,True
7418,395,4852,End User,False
7419,2867,4853,Champion,True
7420,434,4853,End User,False
7421,2568,4854,Champion,True
7422,872,4854,Coach,False
7423,37,4854,End User,False
7424,2456,4855,Legal Reviewer,False
7425,641,4855,Champion,True
7426,913,4855,End User,False
7427,2912,4857,Coach,False
7428,1413,4858,Champion,True
7429,534,4858,Blocker,False
7430,2187,4859,Executive Sponsor,True
7431,2043,4859,Legal Reviewer,False
7432,829,4859,Economic Buyer,True
7433,389,4860,Legal Reviewer,False
7434,329,4860,End User,False
7435,403,4860,Technical Evaluator,False
7436,1741,4861,Economic Buyer,True
7437,2907,4862,End User,False
7438,1310,4863,Champion,True
7439,427,4864,Executive Sponsor,True
7440,541,4865,Economic Buyer,True
7441,2553,4866,Technical Evaluator,False
7442,1134,4866,Coach,False
7443,1730,4867,Economic Buyer,True
7444,75,4868,Champion,True
7445,2931,4868,Economic Buyer,True
7446,2661,4868,Technical Evaluator,False
7447,243,4869,Technical Evaluator,False
7448,1714,4869,Champion,True
7449,1950,4869,Economic Buyer,True
7450,1538,4870,End User,False
7451,690,4870,Executive Sponsor,True
7452,636,4871,Economic Buyer,True
7453,2200,4871,Champion,True
7454,1944,4872,Technical Evaluator,False
7455,2373,4873,Champion,True
7456,2466,4873,End User,False
7457,1490,4873,Blocker,False
7458,2397,4874,Economic Buyer,True
7459,1351,4874,Coach,False
7460,1927,4875,Executive Sponsor,True
7461,578,4876,Economic Buyer,True
7462,1086,4877,Champion,True
7463,1588,4878,Champion,True
7464,1153,4879,Executive Sponsor,True
7465,1114,4879,End User,False
7466,2846,4880,Technical Evaluator,False
7467,2921,2286,Blocker,False
7468,2849,4882,Champion,True
7469,1140,4883,Champion,True
7470,2684,4883,Technical Evaluator,False
7471,1566,4884,Coach,False
7472,1692,4885,Technical Evaluator,False
7473,2477,4886,Technical Evaluator,False
7474,196,4887,Technical Evaluator,False
7475,557,4888,End User,False
7476,987,4888,Economic Buyer,True
7477,398,4889,Champion,True
7478,582,4890,End User,False
7479,1038,4891,Champion,True
7480,2261,4892,Champion,True
7481,2038,4894,Champion,True
7482,720,4895,Economic Buyer,True
7483,2459,4895,Blocker,False
7484,913,4896,Champion,True
7485,2300,4897,Executive Sponsor,True
7486,538,4898,End User,False
7487,1599,4898,Champion,True
7488,2097,4899,Economic Buyer,True
7489,1652,4900,Legal Reviewer,False
7490,2922,4901,Technical Evaluator,False
7491,1380,4902,Technical Evaluator,False
7492,2469,4903,Champion,True
7493,188,4903,Technical Evaluator,False
7494,774,4904,Coach,False
7495,1261,4904,Technical Evaluator,False
7496,704,4905,Executive Sponsor,True
7497,2090,4905,Champion,True
7498,670,4905,Coach,False
7499,2119,4906,Economic Buyer,True
7500,2320,4907,Champion,True
7501,1686,4908,Executive Sponsor,True
7502,595,4908,Technical Evaluator,False
7503,414,2988,Economic Buyer,True
7504,176,4910,Economic Buyer,True
7505,1741,4911,Executive Sponsor,True
7506,1323,4911,Blocker,False
7507,12,4911,Technical Evaluator,False
7508,295,4912,Technical Evaluator,False
7509,1249,4913,Champion,True
7510,2503,4914,Economic Buyer,True
7511,1796,4915,End User,False
7512,1645,4916,Executive Sponsor,True
7513,932,4916,Technical Evaluator,False
7514,1704,4916,Champion,True
7515,732,4917,Economic Buyer,True
7516,1081,4917,Technical Evaluator,False
7517,36,4918,Executive Sponsor,True
7518,2817,4919,Coach,False
7519,1210,4920,Technical Evaluator,False
7520,1204,4920,Economic Buyer,True
7521,1049,4921,Technical Evaluator,False
7522,1572,4921,Economic Buyer,True
7523,2667,4922,Champion,True
7524,2793,4922,Blocker,False
7525,1596,4923,Champion,True
7526,1268,4923,Executive Sponsor,True
7527,2555,4923,Economic Buyer,True
7528,95,4924,Champion,True
7529,1072,4925,End User,False
7530,47,4925,Technical Evaluator,False
7531,961,4926,Technical Evaluator,False
7532,551,4927,Technical Evaluator,False
7533,1786,4928,End User,False
7534,54,4928,Technical Evaluator,False
7535,838,4929,Technical Evaluator,False
7536,188,4929,End User,False
7537,258,4929,Champion,True
7538,2469,4929,Economic Buyer,True
7539,1173,4929,Legal Reviewer,False
7540,1394,4930,Champion,True
7541,798,4930,Technical Evaluator,False
7542,1138,4931,Economic Buyer,True
7543,108,4932,Technical Evaluator,False
7544,299,4933,Technical Evaluator,False
7545,2123,4933,Champion,True
7546,1520,2903,Technical Evaluator,False
7547,2175,2903,Executive Sponsor,True
7548,1913,4935,Champion,True
7549,1397,4936,Technical Evaluator,False
7550,2800,4936,Champion,True
7551,648,4937,Technical Evaluator,False
7552,1270,4937,Champion,True
7553,250,4937,Executive Sponsor,True
7554,614,4938,End User,False
7555,212,4939,Economic Buyer,True
7556,190,4940,Technical Evaluator,False
7557,125,4940,Coach,False
7558,290,4941,Technical Evaluator,False
7559,950,4941,Blocker,False
7560,2227,4942,Technical Evaluator,False
7561,207,4943,Economic Buyer,True
7562,1079,4944,End User,False
7563,1244,4945,Technical Evaluator,False
7564,410,4945,Blocker,False
7565,433,4945,Economic Buyer,True
7566,1223,4946,End User,False
7567,733,4947,Coach,False
7568,1559,4948,Technical Evaluator,False
7569,1700,4948,End User,False
7570,2424,4949,Technical Evaluator,False
7571,1896,4949,Champion,True
7572,1588,4950,Economic Buyer,True
7573,2981,4951,Economic Buyer,True
7574,2576,4951,Champion,True
7575,2339,4952,Executive Sponsor,True
7576,1220,4953,Champion,True
7577,878,4954,Economic Buyer,True
7578,2296,4955,Economic Buyer,True
7579,1450,4955,End User,False
7580,1207,4956,Champion,True
7581,1782,4957,Coach,False
7582,2757,4957,Champion,True
7583,303,4958,Economic Buyer,True
7584,1052,4958,Technical Evaluator,False
7585,1084,4959,Legal Reviewer,False
7586,1510,4959,Technical Evaluator,False
7587,2891,4960,Economic Buyer,True
7588,1922,4961,Coach,False
7589,2944,4961,End User,False
7590,716,4961,Technical Evaluator,False
7591,2664,4962,Coach,False
7592,116,4962,Technical Evaluator,False
7593,1656,4962,Champion,True
7594,1734,4963,Champion,True
7595,2647,4964,Economic Buyer,True
7596,1620,4964,Champion,True
7597,1844,4965,Champion,True
7598,2856,4966,End User,False
7599,2042,4967,End User,False
7600,1750,4968,Champion,True
7601,751,4968,Legal Reviewer,False
7602,86,4968,Technical Evaluator,False
7603,357,4968,Blocker,False
7604,62,4969,Champion,True
7605,2108,4969,Executive Sponsor,True
7606,2674,4969,Technical Evaluator,False
7607,175,4970,Executive Sponsor,True
7608,762,4971,Champion,True
7609,131,4971,Executive Sponsor,True
7610,2582,4972,Champion,True
7611,2898,4972,Technical Evaluator,False
7612,619,4973,Executive Sponsor,True
7613,355,4974,End User,False
7614,922,4974,Technical Evaluator,False
7615,2135,4974,Economic Buyer,True
7616,1534,4975,Champion,True
7617,1044,4975,Technical Evaluator,False
7618,2541,4976,Technical Evaluator,False
7619,1135,4977,Champion,True
7620,394,4977,Economic Buyer,True
7621,516,4978,Champion,True
7622,1902,4978,End User,False
7623,1119,4978,Technical Evaluator,False
7624,912,4980,End User,False
7625,1584,4981,Champion,True
7626,2265,4982,Technical Evaluator,False
7627,73,4982,Legal Reviewer,False
7628,1319,4982,Economic Buyer,True
7629,2093,4983,Champion,True
7630,506,4983,Economic Buyer,True
7631,2877,4984,Champion,True
7632,2659,4985,End User,False
7633,1796,4986,Technical Evaluator,False
7634,2500,4986,Champion,True
7635,1457,4987,Coach,False
7636,514,4987,Technical Evaluator,False
7637,1595,4987,Champion,True
7638,892,4987,End User,False
7639,414,4988,Technical Evaluator,False
7640,593,4990,Technical Evaluator,False
7641,870,4990,End User,False
7642,937,4990,Legal Reviewer,False
7643,1898,4991,End User,False
7644,1105,4992,End User,False
7645,1386,4993,Blocker,False
7646,2630,4994,Champion,True
7647,1013,4994,End User,False
7648,1805,4994,Economic Buyer,True
7649,314,4995,Technical Evaluator,False
7650,328,4995,Champion,True
7651,3000,4996,Economic Buyer,True
7652,476,4996,Champion,True
7653,1141,4997,Champion,True
7654,2251,4998,Technical Evaluator,False
7655,2895,4998,Coach,False
7656,1944,4999,Coach,False
7657,1525,5000,Legal Reviewer,False
