contact_id,account_id,first_name,last_name,email,phone,title,role,created_at
1,201,Steven,Jackson,steven.jackson@umbrella.co,,CEO,Economic Buyer,2024-12-05T00:00:00
2,273,Donald,Martin,donald.martin@piedpiper.com,+1-920-129-6414,Head of Data,Champion,2024-09-28T00:00:00
3,69,Linda,Lewis,linda.lewis@umbrella.co,+1-940-981-2065,Director of Operations,End User,2023-01-03T00:00:00
4,85,Patricia,Brown,patricia.brown@waystar.io,+1-455-490-8265,Director of Operations,Technical Evaluator,2022-04-15T00:00:00
5,501,Patricia,Jackson,patricia.jackson@piedpiper.com,+1-206-166-1750,CEO,End User,2021-02-07T00:00:00
6,845,Robert,Moore,robert.moore@acme.com,+1-618-456-4791,CEO,Champion,2022-11-18T00:00:00
7,162,John,Davis,john.davis@umbrella.co,+1-943-481-4741,VP of Engineering,End User,2023-12-10T00:00:00
8,281,Robert,Williams,robert.williams@waystar.io,+1-216-485-7087,Director of IT,Champion,2023-02-06T00:00:00
9,815,Jessica,Martin,,+1-341-102-1321,Head of Security,Technical Evaluator,2024-09-24T00:00:00
10,393,Joshua,Walker,joshua.walker@waystar.io,+1-456-663-3432,Solutions Architect,Technical Evaluator,2021-06-26T00:00:00
11,64,Lisa,Robinson,lisa.robinson@waystar.io,+1-358-546-7725,IT Manager,Coach,2023-09-21T00:00:00
12,247,Barbara,Williams,barbara.williams@globex.com,+1-609-572-5685,DevOps Lead,Coach,2023-09-26T00:00:00
13,891,James,Ramirez,james.ramirez@waystar.io,,Product Manager,End User,2024-11-27T00:00:00
14,261,Joshua,Jones,joshua.jones@waystar.io,+1-816-814-8754,Solutions Architect,Champion,2024-11-24T00:00:00
15,897,Margaret,Miller,margaret.miller@waystar.io,+1-924-187-5762,DevOps Lead,Technical Evaluator,2024-08-21T00:00:00
16,790,Mary,Jones,mary.jones@umbrella.co,+1-476-110-5909,VP of Product,Champion,2024-09-16T00:00:00
17,939,Matthew,Ramirez,matthew.ramirez@waystar.io,+1-514-172-8340,Chief Revenue Officer,Champion,2024-04-26T00:00:00
18,597,Betty,Lee,betty.lee@piedpiper.com,+1-610-448-7461,Director of Marketing,Technical Evaluator,2024-08-28T00:00:00
19,746,Sandra,Lewis,sandra.lewis@globex.com,+1-215-733-5310,Solutions Architect,End User,2024-12-16T00:00:00
20,768,Michael,Moore,michael.moore@initech.com,+1-418-680-4946,VP of Product,Blocker,2023-09-05T00:00:00
21,985,Linda,Johnson,linda.johnson@acme.com,+1-267-843-3824,CTO,Champion,2024-12-16T00:00:00
22,325,Patricia,Jackson,patricia.jackson@acme.com,+1-544-371-4166,VP of Engineering,Champion,2024-09-04T00:00:00
23,437,Daniel,Williams,daniel.williams@umbrella.co,,COO,Technical Evaluator,2021-10-23T00:00:00
24,92,David,White,david.white@globex.com,,COO,Technical Evaluator,2023-03-01T00:00:00
25,487,Margaret,Harris,margaret.harris@waystar.io,+1-965-843-8271,Head of Security,Champion,2023-05-22T00:00:00
26,514,Michael,Martin,michael.martin@umbrella.co,+1-280-920-5683,Director of Marketing,Technical Evaluator,2024-12-25T00:00:00
27,542,Mary,Smith,mary.smith@globex.com,+1-379-994-2469,IT Manager,End User,2024-06-24T00:00:00
28,550,Joseph,Moore,joseph.moore@globex.com,+1-798-291-1401,Head of Data,Champion,2022-05-10T00:00:00
29,66,Michelle,Johnson,michelle.johnson@globex.com,+1-852-780-9206,Head of Security,Champion,2024-06-05T00:00:00
30,482,Susan,Lee,susan.lee@piedpiper.com,+1-421-900-1462,CEO,Champion,2024-08-06T00:00:00
31,138,Jennifer,Jones,jennifer.jones@waystar.io,+1-395-938-1019,Engineering Manager,Coach,2024-03-23T00:00:00
32,299,Daniel,Johnson,daniel.johnson,+1-320-897-2543,Solutions Architect,Economic Buyer,2023-02-20T00:00:00
33,626,James,Thomas,james.thomas@waystar.io,+1-240-183-2370,Product Manager,Champion,2024-01-29T00:00:00
34,944,William,Williams,william.williams@piedpiper.com,+1-703-538-9758,VP of Sales,Technical Evaluator,2024-12-31T00:00:00
35,664,Susan,Williams,susan.williams@umbrella.co,,CTO,End User,2024-06-15T00:00:00
36,851,William,Sanchez,william.sanchez@acme.com,+1-330-854-3441,VP of Product,Coach,2022-03-31T00:00:00
37,843,Susan,Martinez,susan.martinez@globex.com,+1-252-156-5647,VP of Infrastructure,End User,2024-05-27T00:00:00
38,564,Anthony,Perez,anthony.perez@umbrella.co,+1-888-671-9854,Head of Data,End User,2024-12-14T00:00:00
39,376,Joseph,Jackson,joseph.jackson@initech.com,+1-503-536-7996,Solutions Architect,Economic Buyer,2024-12-22T00:00:00
40,228,Steven,Smith,steven.smith@initech.com,+1-329-168-1149,CTO,Technical Evaluator,2023-03-21T00:00:00
41,709,John,Sanchez,john.sanchez@globex.com,+1-648-996-6691,CTO,Technical Evaluator,2023-08-16T00:00:00
42,260,Paul,Martin,paul.martin@waystar.io,+1-947-871-7031,Data Engineer,End User,2023-10-28T00:00:00
43,811,Linda,Brown,linda.brown@waystar.io,+1-489-720-6435,DevOps Lead,Champion,2024-10-20T00:00:00
44,676,Paul,Wilson,paul.wilson@umbrella.co,+1-533-625-3195,CTO,End User,2024-02-23T00:00:00
45,113,Richard,Lopez,richard.lopez@piedpiper.com,+1-341-287-3760,VP of Engineering,Economic Buyer,2024-07-07T00:00:00
46,511,Michael,White,michael.white@umbrella.co,,Chief Revenue Officer,Coach,2024-12-16T00:00:00
47,686,Mary,Wilson,mary.wilson@globex.com,+1-954-938-1953,CTO,Technical Evaluator,2024-04-26T00:00:00
48,904,Donald,Rodriguez,donald.rodriguez@umbrella.co,+1-906-373-7905,CEO,End User,2022-10-30T00:00:00
49,743,Betty,Martin,betty.martin@waystar.io,+1-328-652-6547,VP of Product,Economic Buyer,2024-04-11T00:00:00
50,493,Jessica,Williams,jessica.williams@acme.com,+1-763-434-6062,Product Manager,Champion,2024-08-16T00:00:00
51,755,Richard,Ramirez,richard.ramirez@umbrella.co,+1-506-301-5468,DevOps Lead,Technical Evaluator,2024-09-11T00:00:00
52,36,Charles,Robinson,charles.robinson@umbrella.co,+1-625-151-1165,Director of Operations,Champion,2024-12-25T00:00:00
53,818,Kimberly,Davis,kimberly.davis@acme.com,+1-377-426-7202,CFO,End User,2021-07-31T00:00:00
54,909,Elizabeth,Thompson,elizabeth.thompson@acme.com,+1-678-240-9936,VP of Product,Champion,2024-09-22T00:00:00
55,214,Emily,Rodriguez,emily.rodriguez@globex.com,+1-818-738-7442,VP of Sales,Blocker,2024-05-31T00:00:00
56,244,Betty,Martinez,betty.martinez@umbrella.co,+1-899-376-8396,Head of Data,Champion,2022-04-01T00:00:00
57,519,Sarah,Thomas,sarah.thomas@globex.com,+1-686-746-6017,CEO,Technical Evaluator,2024-12-02T00:00:00
58,582,Jessica,Sanchez,jessica.sanchez@piedpiper.com,+1-531-344-7462,CTO,Coach,2024-10-01T00:00:00
59,952,Jessica,Thomas,jessica.thomas,+1-636-974-8755,CTO,Technical Evaluator,2024-10-09T00:00:00
60,299,Emily,Clark,emily.clark@waystar.io,+1-882-875-8504,COO,Technical Evaluator,2022-11-28T00:00:00
61,871,Michael,Walker,michael.walker@initech.com,+1-560-491-5775,Engineering Manager,Champion,2021-06-04T00:00:00
62,629,Christopher,Robinson,christopher.robinson@piedpiper.com,,Head of Data,Champion,2023-10-06T00:00:00
63,350,Elizabeth,White,elizabeth.white@globex.com,+1-665-367-9755,VP of Sales,Champion,2024-10-12T00:00:00
64,608,Margaret,Gonzalez,margaret.gonzalez@initech.com,+1-919-392-4033,Data Engineer,Technical Evaluator,2022-01-19T00:00:00
65,197,Lisa,Robinson,lisa.robinson@acme.com,+1-569-559-3472,DevOps Lead,Coach,2024-10-04T00:00:00
66,163,Nancy,Brown,nancy.brown@umbrella.co,+1-980-314-3255,Engineering Manager,Champion,2022-06-28T00:00:00
67,788,Steven,Hernandez,steven.hernandez@acme.com,+1-784-200-2159,Director of Operations,Champion,2024-09-29T00:00:00
68,917,David,Lee,david.lee@umbrella.co,+1-575-581-9524,IT Manager,Blocker,2024-12-05T00:00:00
69,257,Richard,Moore,richard.moore@waystar.io,+1-467-943-3611,CEO,Technical Evaluator,2022-02-09T00:00:00
70,14,Susan,Thompson,susan.thompson@umbrella.co,+1-222-341-5873,Engineering Manager,Economic Buyer,2024-07-17T00:00:00
71,67,Jessica,Clark,jessica.clark@globex.com,+1-743-806-7023,Solutions Architect,Champion,2024-11-25T00:00:00
72,188,Nancy,Martin,nancy.martin@waystar.io,+1-828-631-4440,CFO,Technical Evaluator,2023-08-22T00:00:00
73,893,Matthew,Jones,matthew.jones@initech.com,,IT Manager,Coach,2024-09-01T00:00:00
74,323,Sandra,Lee,sandra.lee@acme.com,+1-890-258-2178,Solutions Architect,Technical Evaluator,2023-05-09T00:00:00
75,605,Thomas,Harris,thomas.harris@waystar.io,+1-342-296-9465,DevOps Lead,Technical Evaluator,2024-07-21T00:00:00
76,821,Christopher,Thompson,christopher.thompson@globex.com,,Director of Operations,Economic Buyer,2023-03-02T00:00:00
77,921,Jessica,Ramirez,jessica.ramirez@acme.com,,Data Engineer,Technical Evaluator,2024-11-12T00:00:00
78,54,Ashley,Gonzalez,ashley.gonzalez@umbrella.co,,DevOps Lead,Champion,2021-07-09T00:00:00
79,5,Michael,Harris,michael.harris@waystar.io,+1-790-749-6523,Director of Operations,Coach,2024-02-04T00:00:00
80,433,Susan,Jackson,susan.jackson@initech.com,+1-266-567-7650,Head of Data,Economic Buyer,2024-05-18T00:00:00
81,282,Nancy,White,nancy.white@piedpiper.com,+1-211-147-8246,Head of Security,Economic Buyer,2020-09-29T00:00:00
82,902,Donna,Davis,donna.davis@umbrella.co,+1-742-759-5590,CFO,End User,2024-06-17T00:00:00
83,854,John,Jackson,john.jackson@acme.com,+1-791-812-5734,VP of Infrastructure,Economic Buyer,2021-11-14T00:00:00
84,591,Elizabeth,Perez,elizabeth.perez@initech.com,+1-511-642-6978,Head of Security,Blocker,2024-12-25T00:00:00
85,441,Sandra,Thompson,sandra.thompson@globex.com,+1-589-300-9467,CEO,End User,2024-08-17T00:00:00
86,127,Jessica,Moore,jessica.moore@umbrella.co,+1-664-321-5201,Engineering Manager,Champion,2024-02-11T00:00:00
87,457,Jennifer,Taylor,jennifer.taylor@acme.com,+1-380-156-4861,VP of Infrastructure,End User,2024-10-23T00:00:00
88,40,Donna,Martinez,donna.martinez@acme.com,+1-545-620-8209,Director of Operations,Coach,2024-11-15T00:00:00
89,874,Jessica,Taylor,jessica.taylor@acme.com,+1-929-476-9649,VP of Infrastructure,Technical Evaluator,2023-10-11T00:00:00
90,286,Michelle,Lewis,michelle.lewis@umbrella.co,+1-998-596-8438,Director of Marketing,Coach,2024-11-03T00:00:00
91,383,Daniel,Garcia,daniel.garcia@waystar.io,+1-798-372-3681,CEO,Blocker,2023-07-25T00:00:00
92,650,Lisa,Clark,lisa.clark@globex.com,+1-837-847-8495,CEO,Champion,2023-04-07T00:00:00
93,328,Nancy,Lopez,,+1-571-505-4677,DevOps Lead,Champion,2024-10-11T00:00:00
94,805,Sarah,Perez,sarah.perez@umbrella.co,+1-705-917-8910,Data Engineer,Champion,2024-08-03T00:00:00
95,503,Susan,Sanchez,susan.sanchez@piedpiper.com,,CTO,Blocker,2024-12-28T00:00:00
96,266,Anthony,Lopez,anthony.lopez@umbrella.co,+1-816-524-4956,IT Manager,Economic Buyer,2024-08-03T00:00:00
97,671,Karen,Garcia,karen.garcia@umbrella.co,+1-651-489-6936,DevOps Lead,Technical Evaluator,2024-03-18T00:00:00
98,59,Joseph,Thomas,joseph.thomas@initech.com,+1-865-983-6196,CEO,Blocker,2024-04-30T00:00:00
99,728,Richard,Martin,richard.martin@initech.com,+1-217-494-8575,VP of Product,End User,2022-02-18T00:00:00
100,950,Paul,Lee,paul.lee@piedpiper.com,,VP of Infrastructure,Blocker,2023-06-26T00:00:00
101,235,John,Anderson,john.anderson@globex.com,+1-357-903-6631,Engineering Manager,Champion,2024-08-21T00:00:00
102,452,Kimberly,Davis,kimberly.davis@waystar.io,+1-730-998-5728,Chief Revenue Officer,End User,2022-10-23T00:00:00
103,60,Karen,Johnson,karen.johnson@piedpiper.com,+1-310-432-8370,Solutions Architect,Champion,2024-05-27T00:00:00
104,906,Sarah,Williams,sarah.williams@waystar.io,,COO,Champion,2023-11-28T00:00:00
105,873,Susan,Lopez,susan.lopez@globex.com,+1-770-418-7725,Data Engineer,Coach,2020-06-12T00:00:00
106,873,Paul,Hernandez,paul.hernandez@waystar.io,,,Technical Evaluator,2022-01-13T00:00:00
107,196,Michelle,Thomas,michelle.thomas@globex.com,+1-315-751-4245,VP of Sales,Champion,2022-12-09T00:00:00
108,94,James,Wilson,james.wilson@waystar.io,+1-239-775-4254,Chief Revenue Officer,End User,2024-08-03T00:00:00
109,668,Joshua,Lee,joshua.lee@waystar.io,+1-449-467-1323,Product Manager,Champion,2024-09-01T00:00:00
110,540,Karen,White,karen.white@acme.com,+1-726-923-6016,Data Engineer,Champion,2020-06-30T00:00:00
111,650,Patricia,Taylor,patricia.taylor@globex.com,+1-280-271-5453,Engineering Manager,End User,2023-10-28T00:00:00
112,596,David,Lee,david.lee,+1-908-708-2804,Product Manager,End User,2024-11-23T00:00:00
113,468,Thomas,Wilson,thomas.wilson@globex.com,+1-521-151-3640,VP of Engineering,End User,2024-10-30T00:00:00
114,664,Lisa,Anderson,lisa.anderson@acme.com,,CTO,Champion,2023-08-13T00:00:00
115,358,Donald,Martin,donald.martin@acme.com,+1-303-286-7408,Solutions Architect,Coach,2023-01-21T00:00:00
116,110,Joseph,White,joseph.white@piedpiper.com,+1-448-528-4260,Director of Operations,Economic Buyer,2023-09-20T00:00:00
117,332,Anthony,Ramirez,anthony.ramirez@waystar.io,+1-668-970-2444,VP of Engineering,Champion,2023-06-28T00:00:00
118,474,Susan,Gonzalez,susan.gonzalez@piedpiper.com,+1-935-836-6462,VP of Infrastructure,Champion,2021-09-04T00:00:00
119,718,Donna,Rodriguez,donna.rodriguez@umbrella.co,+1-371-713-1762,CTO,Technical Evaluator,2024-12-07T00:00:00
120,187,Paul,Clark,paul.clark,+1-854-503-3556,COO,Champion,2023-02-28T00:00:00
121,766,Betty,White,betty.white@waystar.io,+1-337-728-8472,VP of Infrastructure,Champion,2023-06-28T00:00:00
122,452,Jessica,Wilson,jessica.wilson@globex.com,,Engineering Manager,End User,2024-02-08T00:00:00
123,66,Anthony,White,,+1-394-867-1069,Head of Data,End User,2024-07-15T00:00:00
124,750,Daniel,Johnson,daniel.johnson@umbrella.co,+1-891-217-4624,Director of Marketing,Champion,2024-06-22T00:00:00
125,372,Jessica,Miller,jessica.miller@piedpiper.com,+1-504-947-9987,Director of IT,Technical Evaluator,2023-07-15T00:00:00
126,801,David,Williams,david.williams@umbrella.co,+1-390-830-7664,Director of Marketing,Champion,2024-12-07T00:00:00
127,362,Lisa,Martin,lisa.martin@initech.com,+1-878-420-7089,DevOps Lead,Blocker,2022-02-26T00:00:00
128,658,Jessica,Williams,jessica.williams@waystar.io,+1-416-309-3679,Chief Revenue Officer,Champion,2024-02-24T00:00:00
129,272,Robert,Taylor,robert.taylor@waystar.io,+1-709-189-8666,VP of Sales,Champion,2023-10-17T00:00:00
130,183,Elizabeth,Martin,elizabeth.martin@waystar.io,+1-523-245-3954,Solutions Architect,Blocker,2024-11-04T00:00:00
131,158,Jessica,Moore,jessica.moore@piedpiper.com,+1-438-639-5022,VP of Product,End User,2024-01-11T00:00:00
132,163,Mark,Rodriguez,mark.rodriguez@acme.com,+1-635-420-9151,Engineering Manager,Champion,2022-03-05T00:00:00
133,602,Michael,Brown,michael.brown@initech.com,+1-397-851-5346,Chief Revenue Officer,Champion,2023-09-13T00:00:00
134,456,Ashley,Lee,ashley.lee@initech.com,+1-943-772-6445,Head of Security,End User,2023-04-05T00:00:00
135,551,Daniel,Garcia,daniel.garcia@waystar.io,+1-535-684-2256,Director of Operations,Champion,2024-05-11T00:00:00
136,140,Linda,Gonzalez,linda.gonzalez@waystar.io,+1-994-295-9027,Director of IT,Champion,2024-12-21T00:00:00
137,234,Patricia,Harris,patricia.harris@waystar.io,+1-706-316-8685,Director of Marketing,Economic Buyer,2024-11-19T00:00:00
138,919,Margaret,White,margaret.white@acme.com,+1-946-436-4918,Head of Security,End User,2024-12-25T00:00:00
139,414,Sarah,Wilson,sarah.wilson@initech.com,+1-856-662-2485,Data Engineer,Coach,2022-09-03T00:00:00
140,244,Sarah,Martin,sarah.martin@piedpiper.com,+1-525-147-5854,IT Manager,Technical Evaluator,2022-05-16T00:00:00
141,189,Joshua,Gonzalez,,+1-972-419-2870,Data Engineer,Blocker,2024-12-24T00:00:00
142,658,Mark,Davis,mark.davis@piedpiper.com,+1-617-575-9779,Product Manager,Economic Buyer,2024-12-05T00:00:00
143,386,Sarah,Smith,sarah.smith@waystar.io,+1-913-443-9790,Director of IT,Economic Buyer,2024-03-23T00:00:00
144,446,Richard,Walker,richard.walker@umbrella.co,+1-520-820-9523,Director of Operations,Coach,2024-05-21T00:00:00
145,841,Joshua,Thomas,joshua.thomas@piedpiper.com,+1-505-750-2923,VP of Product,Champion,2024-09-05T00:00:00
146,281,James,Martinez,james.martinez@globex.com,+1-642-238-6297,Director of Operations,End User,2021-03-11T00:00:00
147,815,Margaret,Lopez,margaret.lopez@umbrella.co,+1-345-980-8200,Product Manager,Blocker,2024-08-20T00:00:00
148,389,Joshua,Johnson,joshua.johnson@umbrella.co,+1-927-468-4890,Director of Marketing,Champion,2024-09-12T00:00:00
149,419,Betty,Clark,betty.clark@piedpiper.com,+1-273-177-2119,Engineering Manager,Champion,2023-07-26T00:00:00
150,75,Margaret,Gonzalez,margaret.gonzalez@waystar.io,+1-485-781-8203,Director of Operations,Technical Evaluator,2024-11-21T00:00:00
151,789,Daniel,Robinson,daniel.robinson@umbrella.co,+1-618-624-5654,Head of Security,End User,2024-05-27T00:00:00
152,259,Nancy,Martin,nancy.martin@waystar.io,+1-805-344-9180,Head of Data,Economic Buyer,2024-10-22T00:00:00
153,725,Sandra,Thompson,sandra.thompson@umbrella.co,+1-700-777-4185,CFO,Technical Evaluator,2023-05-05T00:00:00
154,677,Nancy,Walker,nancy.walker@piedpiper.com,,VP of Infrastructure,Economic Buyer,2022-05-17T00:00:00
155,831,Michelle,Thomas,michelle.thomas@piedpiper.com,+1-635-932-7580,Chief Revenue Officer,Economic Buyer,2024-02-02T00:00:00
156,632,Betty,Thomas,betty.thomas@acme.com,+1-260-239-9268,Director of Marketing,Economic Buyer,2021-08-08T00:00:00
157,719,Margaret,Walker,margaret.walker@globex.com,+1-630-450-3952,Engineering Manager,End User,2024-09-03T00:00:00
158,700,Ashley,Jones,,+1-872-901-2012,DevOps Lead,Champion,2023-10-06T00:00:00
159,664,Kimberly,Jackson,kimberly.jackson@globex.com,+1-612-404-7815,VP of Sales,Technical Evaluator,2023-04-22T00:00:00
160,584,Mark,Lopez,mark.lopez@initech.com,+1-305-659-1348,CFO,Champion,2023-01-11T00:00:00
161,546,Joshua,Lopez,joshua.lopez@acme.com,,DevOps Lead,Champion,2024-06-28T00:00:00
162,675,Margaret,Lopez,margaret.lopez@initech.com,+1-879-181-2968,VP of Infrastructure,Economic Buyer,2023-03-12T00:00:00
163,81,Sarah,White,sarah.white@piedpiper.com,+1-444-208-2077,IT Manager,Champion,2024-08-15T00:00:00
164,483,Barbara,Harris,,+1-533-726-2576,Solutions Architect,Coach,2024-06-11T00:00:00
165,79,Thomas,Lee,,+1-989-245-8696,CEO,End User,2023-04-17T00:00:00
166,150,Sandra,Garcia,sandra.garcia@piedpiper.com,+1-608-423-5466,DevOps Lead,Blocker,2022-11-05T00:00:00
167,922,Betty,Davis,betty.davis@globex.com,+1-961-929-4341,Director of Operations,Blocker,2023-10-18T00:00:00
168,234,William,Thompson,,+1-916-774-8677,Product Manager,Economic Buyer,2024-09-23T00:00:00
169,480,Donald,Hernandez,donald.hernandez@acme.com,+1-390-240-3311,IT Manager,Champion,2022-06-04T00:00:00
170,12,Betty,Martinez,betty.martinez@acme.com,+1-249-648-9319,Engineering Manager,End User,2024-10-17T00:00:00
171,706,Jennifer,Brown,jennifer.brown@waystar.io,+1-987-671-1009,CEO,Technical Evaluator,2020-12-26T00:00:00
172,822,Joseph,Hernandez,joseph.hernandez,+1-543-498-4905,CFO,Champion,2024-12-31T00:00:00
173,563,Michelle,Martinez,michelle.martinez@acme.com,+1-621-135-8162,Head of Security,Champion,2024-10-30T00:00:00
174,234,Anthony,Williams,anthony.williams@umbrella.co,+1-574-861-2341,VP of Engineering,Technical Evaluator,2024-10-18T00:00:00
175,400,Sarah,Jones,sarah.jones@umbrella.co,+1-730-735-9364,CTO,Technical Evaluator,2023-03-23T00:00:00
176,763,William,Ramirez,william.ramirez@acme.com,+1-824-844-3616,Solutions Architect,Technical Evaluator,2024-04-12T00:00:00
177,654,Nancy,Garcia,nancy.garcia@initech.com,+1-593-974-7408,Data Engineer,Coach,2024-02-04T00:00:00
178,117,Mark,Walker,mark.walker,+1-984-654-7401,Data Engineer,Technical Evaluator,2022-04-13T00:00:00
179,117,Richard,Martin,richard.martin@piedpiper.com,+1-712-739-7854,VP of Product,End User,2023-06-15T00:00:00
180,872,David,Williams,david.williams@initech.com,+1-307-490-1900,Product Manager,Economic Buyer,2024-11-17T00:00:00
181,977,Sandra,Walker,sandra.walker@piedpiper.com,+1-496-103-3686,Director of Operations,End User,2023-12-06T00:00:00
182,444,Andrew,Anderson,andrew.anderson@waystar.io,+1-409-338-8784,VP of Sales,Champion,2022-05-02T00:00:00
183,89,Steven,Lee,steven.lee@piedpiper.com,+1-705-184-8673,Chief Revenue Officer,Technical Evaluator,2024-10-06T00:00:00
184,91,John,Johnson,john.johnson@piedpiper.com,+1-251-109-6672,Data Engineer,Economic Buyer,2023-12-13T00:00:00
185,651,Joseph,Moore,joseph.moore@acme.com,+1-816-282-1574,VP of Engineering,Economic Buyer,2024-11-02T00:00:00
186,786,Joshua,Clark,joshua.clark@acme.com,+1-842-906-4775,Head of Security,Economic Buyer,2024-12-14T00:00:00
187,467,Matthew,Miller,matthew.miller@umbrella.co,+1-371-950-3728,,End User,2024-12-27T00:00:00
188,324,Daniel,Williams,daniel.williams@initech.com,+1-983-562-5680,Engineering Manager,Champion,2023-04-04T00:00:00
189,383,Donald,Thompson,donald.thompson@piedpiper.com,+1-279-460-5399,Director of Operations,Technical Evaluator,2024-11-16T00:00:00
190,372,Thomas,Davis,thomas.davis@waystar.io,+1-863-689-5514,VP of Product,Coach,2020-11-24T00:00:00
191,659,Nancy,Brown,nancy.brown@acme.com,+1-208-853-3536,VP of Sales,Economic Buyer,2021-05-15T00:00:00
192,953,Margaret,Anderson,margaret.anderson@umbrella.co,+1-995-645-6269,VP of Engineering,Economic Buyer,2024-12-30T00:00:00
193,753,Jennifer,Rodriguez,jennifer.rodriguez@piedpiper.com,,DevOps Lead,Technical Evaluator,2021-08-19T00:00:00
194,785,Paul,Perez,paul.perez@acme.com,+1-740-256-8143,Chief Revenue Officer,Economic Buyer,2023-11-29T00:00:00
195,707,John,Martinez,john.martinez@initech.com,+1-793-611-7487,CFO,Champion,2023-02-21T00:00:00
196,981,Sandra,Brown,sandra.brown@acme.com,+1-468-348-8646,Head of Security,Coach,2023-06-28T00:00:00
197,838,Daniel,Sanchez,daniel.sanchez@initech.com,+1-309-240-6183,VP of Sales,Champion,2024-12-17T00:00:00
198,17,Sarah,Lewis,sarah.lewis@umbrella.co,+1-636-385-4702,VP of Sales,End User,2024-12-30T00:00:00
199,541,James,Brown,james.brown@piedpiper.com,+1-380-348-3784,VP of Sales,Champion,2024-12-30T00:00:00
200,476,Patricia,White,patricia.white@umbrella.co,+1-295-149-4140,VP of Product,Technical Evaluator,2023-04-21T00:00:00
201,934,Joseph,Clark,joseph.clark,+1-271-223-5289,CFO,Champion,2024-08-10T00:00:00
202,778,Joseph,Davis,joseph.davis@globex.com,+1-409-495-5148,Chief Revenue Officer,Technical Evaluator,2021-11-01T00:00:00
203,722,Linda,Williams,linda.williams@globex.com,+1-524-972-5137,IT Manager,Economic Buyer,2024-11-14T00:00:00
204,695,Paul,Williams,paul.williams,+1-937-633-4857,IT Manager,End User,2023-08-09T00:00:00
205,323,Donald,White,donald.white@globex.com,+1-681-578-6881,Head of Data,Economic Buyer,2022-08-16T00:00:00
206,467,Mark,Sanchez,mark.sanchez@acme.com,+1-511-528-3800,Product Manager,Economic Buyer,2024-12-13T00:00:00
207,751,Margaret,Ramirez,margaret.ramirez@umbrella.co,+1-924-935-8816,Solutions Architect,Technical Evaluator,2024-08-06T00:00:00
208,348,Ashley,Robinson,ashley.robinson@acme.com,+1-677-673-2004,Product Manager,Champion,2024-01-15T00:00:00
209,523,Charles,Lopez,charles.lopez@initech.com,+1-815-410-8344,CEO,Economic Buyer,2024-11-29T00:00:00
210,201,Daniel,Johnson,,+1-596-879-7772,VP of Sales,Technical Evaluator,2024-12-18T00:00:00
211,179,Thomas,Clark,thomas.clark@piedpiper.com,+1-806-595-6390,Product Manager,Champion,2023-07-18T00:00:00
212,62,Mark,Harris,mark.harris@piedpiper.com,+1-340-384-8153,Director of Marketing,Champion,2024-12-07T00:00:00
213,37,Linda,Thompson,linda.thompson@umbrella.co,+1-358-997-6534,Head of Security,End User,2024-02-12T00:00:00
214,339,John,Anderson,john.anderson@waystar.io,+1-334-694-2413,COO,Champion,2024-10-30T00:00:00
215,29,Betty,White,betty.white@globex.com,+1-771-265-4181,CTO,Champion,2024-01-22T00:00:00
216,745,Susan,Garcia,,+1-435-494-3202,Director of Marketing,Coach,2024-12-10T00:00:00
217,953,Christopher,Wilson,christopher.wilson@acme.com,+1-857-693-8556,Chief Revenue Officer,Coach,2024-06-19T00:00:00
218,689,John,Davis,john.davis@initech.com,+1-339-594-6751,Solutions Architect,Champion,2024-12-12T00:00:00
219,274,James,Ramirez,james.ramirez@globex.com,+1-789-729-2491,CTO,Technical Evaluator,2024-10-29T00:00:00
220,32,Patricia,Gonzalez,patricia.gonzalez@acme.com,+1-534-241-3444,CEO,Economic Buyer,2022-02-01T00:00:00
221,962,Barbara,Hernandez,barbara.hernandez@umbrella.co,+1-470-808-6616,Director of IT,Champion,2024-04-26T00:00:00
222,791,Margaret,Johnson,margaret.johnson@globex.com,+1-334-749-5598,Solutions Architect,Champion,2023-02-25T00:00:00
223,839,Patricia,Smith,patricia.smith@umbrella.co,+1-654-751-3178,Director of Marketing,Blocker,2024-12-07T00:00:00
224,208,Lisa,Sanchez,lisa.sanchez@waystar.io,,Director of Operations,Champion,2024-11-02T00:00:00
225,159,Jessica,Martin,jessica.martin@umbrella.co,+1-253-915-8972,IT Manager,Champion,2022-03-18T00:00:00
226,814,Donna,Gonzalez,donna.gonzalez@waystar.io,+1-947-417-8081,Chief Revenue Officer,Champion,2021-06-06T00:00:00
227,526,Margaret,Smith,margaret.smith@piedpiper.com,+1-651-826-5723,Engineering Manager,Economic Buyer,2022-03-17T00:00:00
228,451,David,Martin,david.martin@piedpiper.com,+1-844-350-7563,VP of Product,Economic Buyer,2024-01-06T00:00:00
229,259,Karen,Davis,karen.davis@acme.com,+1-715-578-9875,VP of Product,Champion,2024-12-04T00:00:00
230,116,Mary,Moore,mary.moore@piedpiper.com,+1-322-546-7881,CEO,Technical Evaluator,2023-01-15T00:00:00
231,599,Emily,Martin,emily.martin@acme.com,,Chief Revenue Officer,End User,2022-08-04T00:00:00
232,655,Ashley,Hernandez,ashley.hernandez@initech.com,+1-750-304-9572,VP of Engineering,Technical Evaluator,2024-11-20T00:00:00
233,622,Paul,Thomas,paul.thomas@waystar.io,+1-994-795-5668,VP of Product,Coach,2024-12-29T00:00:00
234,174,Michael,Gonzalez,michael.gonzalez@piedpiper.com,+1-386-914-6619,Data Engineer,Technical Evaluator,2023-12-05T00:00:00
235,301,Michael,Garcia,michael.garcia@initech.com,+1-702-187-5437,COO,End User,2024-02-23T00:00:00
236,919,Karen,Martin,karen.martin@umbrella.co,+1-450-819-5996,Product Manager,Coach,2024-10-02T00:00:00
237,767,Linda,Robinson,linda.robinson,+1-578-875-2895,DevOps Lead,Economic Buyer,2022-01-02T00:00:00
238,659,Kimberly,Moore,kimberly.moore@umbrella.co,+1-674-679-6374,Director of Marketing,End User,2024-06-29T00:00:00
239,883,Jessica,Gonzalez,jessica.gonzalez@piedpiper.com,+1-280-716-4750,Director of Marketing,Champion,2024-05-30T00:00:00
240,189,Margaret,Lopez,margaret.lopez@umbrella.co,+1-464-917-4690,Solutions Architect,Economic Buyer,2024-12-12T00:00:00
241,655,Nancy,Clark,nancy.clark@piedpiper.com,+1-306-950-8585,Engineering Manager,Blocker,2024-11-17T00:00:00
242,857,Margaret,Thomas,margaret.thomas@acme.com,+1-989-135-5846,Product Manager,Technical Evaluator,2024-11-14T00:00:00
243,500,Karen,Lewis,karen.lewis@umbrella.co,+1-771-650-2855,IT Manager,Blocker,2024-12-26T00:00:00
244,143,Sarah,Miller,sarah.miller@acme.com,+1-710-799-4888,Head of Data,Economic Buyer,2024-07-28T00:00:00
245,128,Matthew,Brown,matthew.brown@umbrella.co,+1-775-355-2259,DevOps Lead,Economic Buyer,2023-06-08T00:00:00
246,466,Steven,Thompson,steven.thompson@piedpiper.com,+1-238-137-5965,Director of Operations,Coach,2023-09-23T00:00:00
247,944,Mary,Wilson,mary.wilson@piedpiper.com,+1-876-435-3983,CEO,Technical Evaluator,2024-09-15T00:00:00
248,114,Patricia,Harris,patricia.harris@initech.com,+1-363-544-4546,VP of Infrastructure,Technical Evaluator,2024-07-06T00:00:00
249,773,Andrew,Smith,andrew.smith@waystar.io,+1-364-497-7372,VP of Infrastructure,Technical Evaluator,2024-10-13T00:00:00
250,248,Thomas,Johnson,thomas.johnson@acme.com,+1-719-789-5998,Director of Marketing,Technical Evaluator,2023-01-31T00:00:00
251,607,Mary,Walker,mary.walker@acme.com,+1-576-939-2817,VP of Product,Technical Evaluator,2023-02-24T00:00:00
252,639,Paul,Jones,paul.jones@initech.com,+1-220-298-6048,IT Manager,Blocker,2024-12-16T00:00:00
253,404,Ashley,Anderson,ashley.anderson@waystar.io,+1-590-869-9721,Director of IT,Economic Buyer,2024-07-17T00:00:00
254,417,Emily,Martinez,emily.martinez@globex.com,+1-691-320-2660,Product Manager,Technical Evaluator,2024-07-07T00:00:00
255,912,John,Jones,john.jones@globex.com,+1-805-153-2987,Chief Revenue Officer,Economic Buyer,2023-06-22T00:00:00
256,22,Ashley,Brown,ashley.brown@initech.com,,Product Manager,End User,2023-09-29T00:00:00
257,585,Charles,Miller,charles.miller@waystar.io,,CFO,Technical Evaluator,2022-12-19T00:00:00
258,324,Elizabeth,Brown,elizabeth.brown@umbrella.co,+1-254-917-3702,VP of Infrastructure,Coach,2022-04-13T00:00:00
259,504,Donald,Jackson,donald.jackson@piedpiper.com,+1-357-130-3614,Chief Revenue Officer,Economic Buyer,2023-03-09T00:00:00
260,34,Nancy,Wilson,nancy.wilson@initech.com,+1-793-859-6850,Data Engineer,End User,2024-03-23T00:00:00
261,868,Jennifer,Davis,jennifer.davis@globex.com,+1-894-904-1627,VP of Sales,Technical Evaluator,2024-07-09T00:00:00
262,365,Nancy,Jones,nancy.jones@waystar.io,+1-715-671-2017,VP of Sales,Champion,2024-12-28T00:00:00
263,603,Paul,Davis,paul.davis@umbrella.co,+1-858-211-5953,COO,Economic Buyer,2024-04-16T00:00:00
264,562,Susan,Martin,susan.martin,+1-369-927-4236,VP of Infrastructure,Champion,2024-10-25T00:00:00
265,155,Karen,Thomas,karen.thomas@piedpiper.com,,Director of Operations,Technical Evaluator,2024-11-29T00:00:00
266,510,Lisa,Taylor,lisa.taylor@piedpiper.com,+1-463-351-3186,Director of Marketing,Economic Buyer,2021-10-27T00:00:00
267,494,Lisa,Miller,lisa.miller@piedpiper.com,,Head of Security,Technical Evaluator,2024-10-24T00:00:00
268,931,Emily,Walker,emily.walker@globex.com,+1-667-189-9134,VP of Sales,Economic Buyer,2024-12-07T00:00:00
269,457,Michael,Brown,michael.brown@piedpiper.com,+1-779-849-6795,CFO,Coach,2024-10-04T00:00:00
270,483,Paul,Garcia,,+1-568-479-5587,VP of Infrastructure,Coach,2024-07-21T00:00:00
271,529,Emily,Rodriguez,emily.rodriguez@umbrella.co,+1-995-360-6035,CFO,Technical Evaluator,2024-03-24T00:00:00
272,639,Matthew,Garcia,matthew.garcia@acme.com,+1-645-123-5230,Director of Marketing,End User,2024-06-02T00:00:00
273,170,Ashley,Davis,ashley.davis@waystar.io,+1-905-824-3198,Engineering Manager,Blocker,2024-12-07T00:00:00
274,635,Patricia,Martinez,patricia.martinez@globex.com,,VP of Engineering,Technical Evaluator,2024-08-10T00:00:00
275,551,Lisa,Anderson,lisa.anderson@acme.com,+1-742-666-9189,CEO,Economic Buyer,2024-06-16T00:00:00
276,812,Jennifer,Wilson,jennifer.wilson@initech.com,+1-701-913-1285,VP of Engineering,End User,2023-01-02T00:00:00
277,484,James,Brown,james.brown@acme.com,+1-604-977-4578,Chief Revenue Officer,Technical Evaluator,2023-06-17T00:00:00
278,945,Patricia,Walker,patricia.walker@acme.com,+1-297-735-8949,Data Engineer,End User,2024-06-23T00:00:00
279,544,Linda,Smith,linda.smith@umbrella.co,+1-467-265-2211,Head of Data,Champion,2022-06-18T00:00:00
280,325,Kimberly,Clark,kimberly.clark@globex.com,+1-631-752-7676,DevOps Lead,Blocker,2024-05-24T00:00:00
281,469,Ashley,Walker,ashley.walker@globex.com,+1-921-504-4111,VP of Infrastructure,Economic Buyer,2024-10-30T00:00:00
282,114,Robert,Jones,robert.jones@initech.com,+1-424-317-1201,VP of Sales,Blocker,2023-12-29T00:00:00
283,823,John,Harris,john.harris@acme.com,+1-298-688-6991,VP of Engineering,Technical Evaluator,2024-12-06T00:00:00
284,485,David,Smith,david.smith@umbrella.co,,VP of Engineering,Economic Buyer,2022-11-05T00:00:00
285,534,Patricia,Davis,patricia.davis@piedpiper.com,+1-370-983-8086,COO,Technical Evaluator,2023-12-11T00:00:00
286,835,Daniel,Thomas,daniel.thomas@globex.com,,CFO,Champion,2023-09-10T00:00:00
287,93,Joshua,Hernandez,joshua.hernandez@waystar.io,+1-471-437-2606,Solutions Architect,Technical Evaluator,2024-10-24T00:00:00
288,906,Kimberly,Sanchez,kimberly.sanchez@acme.com,+1-435-781-5841,Head of Data,Coach,2023-05-05T00:00:00
289,266,Linda,Miller,linda.miller@globex.com,+1-276-808-1910,Solutions Architect,Coach,2024-12-27T00:00:00
290,466,Andrew,Anderson,andrew.anderson@initech.com,+1-503-305-2193,CEO,Champion,2021-11-01T00:00:00
291,414,Jessica,Taylor,jessica.taylor@acme.com,+1-783-939-4442,VP of Sales,Champion,2024-12-28T00:00:00
292,646,Richard,Walker,richard.walker@waystar.io,+1-889-381-3485,Chief Revenue Officer,End User,2023-07-15T00:00:00
293,652,Kimberly,Hernandez,kimberly.hernandez@globex.com,+1-671-472-5344,CFO,Champion,2024-09-05T00:00:00
294,632,Steven,Walker,steven.walker@initech.com,+1-906-480-1848,COO,End User,2024-07-28T00:00:00
295,872,Ashley,Williams,ashley.williams@acme.com,+1-543-936-4243,Data Engineer,Economic Buyer,2024-10-25T00:00:00
296,288,Richard,Thomas,richard.thomas@initech.com,+1-215-323-6850,VP of Infrastructure,Economic Buyer,2024-05-19T00:00:00
297,773,Daniel,Lee,daniel.lee@umbrella.co,+1-496-867-7484,VP of Engineering,Technical Evaluator,2024-10-14T00:00:00
298,70,Richard,Jones,richard.jones@acme.com,+1-336-513-2057,COO,Blocker,2020-11-19T00:00:00
299,380,Margaret,Robinson,margaret.robinson@waystar.io,+1-476-332-4215,CFO,Technical Evaluator,2024-06-04T00:00:00
300,527,Jennifer,Davis,jennifer.davis@initech.com,+1-339-502-7358,Engineering Manager,Technical Evaluator,2023-07-12T00:00:00
301,695,Robert,Williams,robert.williams@acme.com,+1-378-781-9061,Director of Operations,Champion,2023-11-15T00:00:00
302,748,Margaret,Jones,margaret.jones@waystar.io,+1-697-444-6007,Data Engineer,Champion,2024-07-09T00:00:00
303,53,Margaret,Harris,margaret.harris,+1-703-955-4375,VP of Product,Champion,2023-06-09T00:00:00
304,206,Lisa,Harris,lisa.harris@waystar.io,+1-756-738-4226,CTO,Technical Evaluator,2023-08-20T00:00:00
305,175,Sarah,Moore,sarah.moore@waystar.io,+1-634-530-8434,DevOps Lead,Coach,2024-05-08T00:00:00
306,640,Betty,Gonzalez,betty.gonzalez@initech.com,+1-991-774-2419,CEO,End User,2024-01-19T00:00:00
307,200,Steven,Williams,steven.williams@acme.com,,Head of Security,Blocker,2024-10-11T00:00:00
308,889,Robert,Harris,robert.harris@initech.com,+1-434-476-1557,Director of Marketing,End User,2023-12-07T00:00:00
309,452,Kimberly,Gonzalez,kimberly.gonzalez@initech.com,+1-295-348-4142,Solutions Architect,Technical Evaluator,2022-10-12T00:00:00
310,910,Emily,Thompson,emily.thompson@acme.com,+1-962-712-8418,VP of Product,Economic Buyer,2021-09-23T00:00:00
311,189,Anthony,Perez,anthony.perez@acme.com,+1-560-985-5937,Head of Security,Technical Evaluator,2024-12-20T00:00:00
312,148,Christopher,Martin,christopher.martin@globex.com,+1-912-602-3404,Product Manager,Coach,2020-01-22T00:00:00
313,329,James,Lee,james.lee@piedpiper.com,+1-551-926-1024,DevOps Lead,Technical Evaluator,2024-01-25T00:00:00
314,259,Charles,Brown,charles.brown@piedpiper.com,+1-311-426-3804,Chief Revenue Officer,Champion,2024-03-29T00:00:00
315,226,William,Sanchez,william.sanchez@initech.com,+1-542-488-9884,CTO,Champion,2020-12-06T00:00:00
316,455,Thomas,Ramirez,thomas.ramirez@globex.com,+1-240-437-5526,CFO,Technical Evaluator,2024-10-25T00:00:00
317,75,Lisa,Brown,lisa.brown@umbrella.co,+1-560-468-9324,IT Manager,Coach,2024-12-08T00:00:00
318,464,Andrew,Wilson,andrew.wilson@globex.com,+1-975-374-7586,Chief Revenue Officer,Economic Buyer,2022-01-02T00:00:00
319,984,Charles,Moore,charles.moore@waystar.io,+1-567-548-6214,Chief Revenue Officer,End User,2023-01-18T00:00:00
320,279,Andrew,Ramirez,andrew.ramirez@piedpiper.com,+1-300-925-1885,DevOps Lead,End User,2022-04-28T00:00:00
321,489,Karen,Gonzalez,karen.gonzalez@acme.com,+1-718-506-5600,CFO,Coach,2024-11-13T00:00:00
322,852,Jennifer,Martin,jennifer.martin@globex.com,+1-860-115-4340,Engineering Manager,Economic Buyer,2024-01-24T00:00:00
323,687,Michael,Wilson,michael.wilson@globex.com,+1-484-980-3987,DevOps Lead,Economic Buyer,2024-10-29T00:00:00
324,850,Patricia,Walker,patricia.walker@umbrella.co,+1-693-273-6402,VP of Infrastructure,End User,2024-10-21T00:00:00
325,757,Susan,Thomas,susan.thomas@umbrella.co,+1-787-305-3903,Head of Data,Technical Evaluator,2023-12-07T00:00:00
326,659,Christopher,Ramirez,christopher.ramirez@waystar.io,+1-636-847-6302,Data Engineer,Technical Evaluator,2024-07-25T00:00:00
327,956,Susan,Johnson,susan.johnson@waystar.io,+1-420-780-1879,VP of Engineering,Champion,2023-05-26T00:00:00
328,259,Joshua,Walker,joshua.walker@initech.com,+1-500-495-4575,Director of IT,Blocker,2024-03-23T00:00:00
329,251,Daniel,Wilson,daniel.wilson@acme.com,+1-718-429-7551,IT Manager,Blocker,2024-05-17T00:00:00
330,682,Matthew,White,matthew.white,+1-640-928-1927,Director of IT,Technical Evaluator,2023-07-06T00:00:00
331,527,Joshua,Jackson,joshua.jackson@piedpiper.com,,VP of Product,Technical Evaluator,2024-10-12T00:00:00
332,995,Patricia,Walker,patricia.walker@umbrella.co,+1-223-145-7178,Data Engineer,Champion,2024-02-23T00:00:00
333,338,David,Lopez,david.lopez@waystar.io,+1-786-292-9764,VP of Engineering,Champion,2023-08-13T00:00:00
334,960,Richard,Moore,richard.moore@acme.com,,CFO,End User,2024-01-19T00:00:00
335,934,Betty,Moore,betty.moore@umbrella.co,+1-832-854-5110,VP of Product,Technical Evaluator,2024-10-13T00:00:00
336,639,Betty,Thomas,betty.thomas@initech.com,+1-627-223-5209,Product Manager,Blocker,2024-09-07T00:00:00
337,618,Anthony,White,anthony.white@waystar.io,+1-911-613-9367,VP of Sales,Coach,2024-09-27T00:00:00
338,407,Margaret,Gonzalez,margaret.gonzalez@initech.com,+1-385-251-7407,VP of Engineering,Economic Buyer,2024-11-17T00:00:00
339,713,Thomas,Martin,thomas.martin@piedpiper.com,+1-452-376-8485,Solutions Architect,Economic Buyer,2024-02-08T00:00:00
340,912,Daniel,Hernandez,daniel.hernandez@acme.com,+1-236-966-6963,CEO,Champion,2024-02-25T00:00:00
341,182,David,Anderson,david.anderson@waystar.io,,Engineering Manager,Champion,2024-02-03T00:00:00
342,208,Michael,Davis,michael.davis@umbrella.co,+1-602-395-6533,Product Manager,Technical Evaluator,2024-04-15T00:00:00
343,336,Donald,White,donald.white@initech.com,+1-532-413-4235,VP of Engineering,Champion,2024-04-05T00:00:00
344,526,Matthew,Moore,,+1-514-958-5192,CFO,Coach,2022-10-16T00:00:00
345,786,Jessica,Lopez,jessica.lopez@umbrella.co,+1-881-519-4497,Director of Marketing,Blocker,2024-08-25T00:00:00
346,427,Sarah,Robinson,sarah.robinson@piedpiper.com,+1-629-264-2681,Director of Operations,Blocker,2020-08-26T00:00:00
347,136,Richard,Lopez,richard.lopez,+1-348-605-2801,VP of Sales,Economic Buyer,2024-02-19T00:00:00
348,110,Thomas,Clark,thomas.clark@umbrella.co,+1-946-981-2687,Solutions Architect,End User,2022-08-07T00:00:00
349,655,Patricia,Anderson,patricia.anderson@acme.com,+1-571-909-7683,IT Manager,Blocker,2024-11-29T00:00:00
350,963,Nancy,Taylor,nancy.taylor@initech.com,+1-283-717-9096,Product Manager,Champion,2024-08-02T00:00:00
351,181,Joshua,Ramirez,joshua.ramirez@acme.com,+1-460-624-3164,Chief Revenue Officer,Champion,2023-01-10T00:00:00
352,745,Mark,Lopez,mark.lopez@globex.com,+1-755-553-3555,CFO,Economic Buyer,2024-09-28T00:00:00
353,954,Anthony,Thomas,anthony.thomas@umbrella.co,+1-882-631-6095,Engineering Manager,Economic Buyer,2023-10-10T00:00:00
354,858,Jennifer,Jones,jennifer.jones@initech.com,+1-660-265-1407,Product Manager,Technical Evaluator,2024-09-06T00:00:00
355,780,Kimberly,Wilson,kimberly.wilson@acme.com,+1-829-467-7260,DevOps Lead,Champion,2022-05-31T00:00:00
356,736,William,White,william.white@initech.com,+1-846-413-8986,Solutions Architect,Economic Buyer,2024-09-07T00:00:00
357,127,Linda,Robinson,linda.robinson@piedpiper.com,+1-599-462-6990,Data Engineer,Blocker,2024-02-17T00:00:00
358,612,Jennifer,Lewis,jennifer.lewis@initech.com,+1-483-847-6618,Engineering Manager,Technical Evaluator,2021-12-19T00:00:00
359,656,Michelle,Lopez,michelle.lopez@piedpiper.com,+1-207-806-6656,Head of Data,Technical Evaluator,2024-08-31T00:00:00
360,348,Jennifer,Johnson,jennifer.johnson@globex.com,+1-823-411-3884,Director of Operations,Technical Evaluator,2024-04-12T00:00:00
361,339,Steven,Taylor,steven.taylor@globex.com,+1-753-775-7756,Solutions Architect,Champion,2024-09-02T00:00:00
362,126,Sarah,Sanchez,sarah.sanchez@umbrella.co,+1-424-431-4696,Director of Operations,Champion,2024-04-24T00:00:00
363,930,Richard,Lee,richard.lee@acme.com,+1-828-429-3267,CFO,Technical Evaluator,2021-12-06T00:00:00
364,115,Nancy,Walker,nancy.walker@umbrella.co,,CFO,Economic Buyer,2024-10-04T00:00:00
365,804,Mary,Gonzalez,mary.gonzalez@waystar.io,+1-552-872-6699,Engineering Manager,Technical Evaluator,2023-02-12T00:00:00
366,925,James,Williams,james.williams@waystar.io,+1-571-716-9451,VP of Infrastructure,Technical Evaluator,2024-06-06T00:00:00
367,411,Linda,Martin,,+1-582-915-3607,Director of Marketing,Coach,2024-12-10T00:00:00
368,377,Steven,Harris,steven.harris,+1-612-547-6815,Chief Revenue Officer,Economic Buyer,2021-10-23T00:00:00
369,398,Paul,Williams,paul.williams@waystar.io,+1-421-647-4756,DevOps Lead,Blocker,2024-06-29T00:00:00
370,765,John,Jones,john.jones@globex.com,+1-401-443-3024,Director of Marketing,Technical Evaluator,2024-10-07T00:00:00
371,563,Lisa,Martinez,lisa.martinez@initech.com,+1-559-504-4311,Engineering Manager,Champion,2024-11-25T00:00:00
372,854,Matthew,Lewis,matthew.lewis@initech.com,+1-679-494-4145,VP of Infrastructure,Champion,2022-08-08T00:00:00
373,352,Michael,Lewis,michael.lewis,+1-240-504-4968,VP of Sales,End User,2024-11-18T00:00:00
374,306,Michael,Lee,michael.lee@piedpiper.com,+1-673-422-9308,CFO,Technical Evaluator,2022-05-15T00:00:00
375,302,Richard,Perez,richard.perez@initech.com,+1-628-615-6122,Solutions Architect,Champion,2023-02-25T00:00:00
376,146,Charles,Hernandez,charles.hernandez@umbrella.co,+1-354-252-6887,Head of Data,End User,2024-09-10T00:00:00
377,646,Robert,Moore,robert.moore@piedpiper.com,+1-703-640-5342,VP of Infrastructure,Champion,2024-04-13T00:00:00
378,243,David,Williams,david.williams@waystar.io,+1-481-324-8050,VP of Infrastructure,End User,2021-09-11T00:00:00
379,731,Steven,Anderson,steven.anderson@waystar.io,+1-385-524-6227,VP of Sales,Champion,2021-10-31T00:00:00
380,925,Donna,Smith,donna.smith@initech.com,+1-480-344-5793,CTO,Champion,2023-06-18T00:00:00
381,275,Mary,Jones,mary.jones@globex.com,,CFO,Coach,2023-12-02T00:00:00
382,45,Richard,Ramirez,richard.ramirez@umbrella.co,+1-383-379-3084,CTO,Blocker,2024-02-05T00:00:00
383,972,William,Rodriguez,william.rodriguez@globex.com,+1-693-356-2986,Product Manager,End User,2024-02-05T00:00:00
384,712,John,Rodriguez,john.rodriguez@acme.com,+1-515-880-8029,VP of Product,End User,2024-12-27T00:00:00
385,972,David,Ramirez,david.ramirez@initech.com,+1-219-693-3710,VP of Infrastructure,Blocker,2023-11-30T00:00:00
386,510,Mark,White,mark.white,+1-462-542-1486,Chief Revenue Officer,Champion,2020-06-07T00:00:00
387,88,Ashley,Moore,ashley.moore@globex.com,+1-930-775-8553,CFO,Technical Evaluator,2023-12-26T00:00:00
388,762,James,Walker,james.walker@acme.com,+1-582-759-1908,Data Engineer,Economic Buyer,2020-12-03T00:00:00
389,251,Betty,Smith,betty.smith@piedpiper.com,+1-225-891-6862,DevOps Lead,Economic Buyer,2022-06-13T00:00:00
390,600,Thomas,Gonzalez,thomas.gonzalez,+1-424-783-5750,CTO,Champion,2023-11-26T00:00:00
391,581,Sandra,Thomas,sandra.thomas@waystar.io,+1-358-738-5825,VP of Sales,Economic Buyer,2024-12-29T00:00:00
392,263,Charles,Wilson,charles.wilson@initech.com,+1-927-627-6537,Chief Revenue Officer,Champion,2024-04-08T00:00:00
393,419,Emily,Martinez,emily.martinez@piedpiper.com,+1-501-933-6472,VP of Infrastructure,Technical Evaluator,2023-07-15T00:00:00
394,806,Richard,Moore,richard.moore@umbrella.co,+1-743-537-3515,VP of Infrastructure,Champion,2024-08-01T00:00:00
395,890,Donna,Jones,donna.jones@initech.com,+1-733-985-3621,VP of Infrastructure,End User,2024-12-21T00:00:00
396,692,Mary,Williams,mary.williams@waystar.io,+1-526-988-1337,VP of Engineering,Coach,2024-01-30T00:00:00
397,32,Daniel,Walker,daniel.walker@acme.com,+1-657-392-2338,Chief Revenue Officer,Technical Evaluator,2022-01-25T00:00:00
398,940,Mark,Williams,mark.williams@waystar.io,+1-366-310-8621,Head of Data,Coach,2021-11-11T00:00:00
399,661,Nancy,Miller,nancy.miller@globex.com,+1-565-461-5286,VP of Sales,Technical Evaluator,2021-12-15T00:00:00
400,128,Jessica,Thomas,jessica.thomas@initech.com,+1-249-942-4373,Head of Data,Blocker,2024-02-20T00:00:00
401,423,Steven,Lee,steven.lee@waystar.io,+1-504-532-1901,VP of Engineering,Blocker,2024-11-11T00:00:00
402,567,Matthew,Sanchez,matthew.sanchez@umbrella.co,+1-825-759-5040,VP of Sales,Blocker,2024-07-13T00:00:00
403,251,Jessica,Wilson,jessica.wilson@piedpiper.com,+1-920-106-5511,Engineering Manager,Blocker,2023-03-24T00:00:00
404,186,Emily,Ramirez,emily.ramirez@acme.com,+1-428-709-1269,Director of Operations,Champion,2024-11-20T00:00:00
405,894,Thomas,Rodriguez,thomas.rodriguez@umbrella.co,+1-806-453-7006,Director of IT,Technical Evaluator,2023-08-03T00:00:00
406,963,William,Jones,william.jones@piedpiper.com,+1-553-645-2708,Director of Operations,Champion,2024-07-14T00:00:00
407,793,Mary,Robinson,mary.robinson@initech.com,+1-788-637-9525,Solutions Architect,Blocker,2024-02-16T00:00:00
408,985,Paul,White,paul.white@acme.com,+1-965-522-3494,VP of Engineering,Technical Evaluator,2024-06-04T00:00:00
409,261,Richard,Brown,richard.brown@acme.com,,CTO,Champion,2024-09-06T00:00:00
410,381,Margaret,Anderson,margaret.anderson@acme.com,+1-881-321-6731,COO,Champion,2023-10-28T00:00:00
411,66,Elizabeth,Garcia,elizabeth.garcia,+1-510-292-1754,Chief Revenue Officer,Economic Buyer,2024-07-30T00:00:00
412,79,Donna,Williams,donna.williams@piedpiper.com,+1-753-117-7560,Solutions Architect,Champion,2024-05-16T00:00:00
413,329,Michael,Wilson,michael.wilson@initech.com,+1-257-640-1969,CFO,Coach,2024-11-05T00:00:00
414,915,Thomas,Rodriguez,thomas.rodriguez@umbrella.co,+1-813-587-5908,VP of Infrastructure,Champion,2024-10-09T00:00:00
415,415,Linda,Johnson,linda.johnson@umbrella.co,+1-472-704-3650,IT Manager,End User,2024-08-30T00:00:00
416,754,Donna,Robinson,donna.robinson@globex.com,+1-781-570-8844,VP of Sales,Economic Buyer,2023-07-12T00:00:00
417,179,Lisa,Hernandez,lisa.hernandez@globex.com,+1-371-836-6362,VP of Product,End User,2022-11-23T00:00:00
418,934,Nancy,Thompson,nancy.thompson@acme.com,+1-443-560-7659,IT Manager,Technical Evaluator,2024-07-07T00:00:00
419,267,Patricia,Davis,patricia.davis@initech.com,+1-974-166-3205,CFO,Champion,2023-04-20T00:00:00
420,218,Anthony,Johnson,anthony.johnson@piedpiper.com,+1-719-482-9631,Solutions Architect,Champion,2024-06-18T00:00:00
421,742,Matthew,Brown,matthew.brown@waystar.io,+1-417-331-9006,IT Manager,Coach,2024-08-29T00:00:00
422,670,Susan,Lopez,susan.lopez,+1-896-221-3362,Head of Security,Technical Evaluator,2024-08-27T00:00:00
423,761,Charles,Martinez,charles.martinez@waystar.io,+1-492-394-1494,Director of Operations,Coach,2024-12-13T00:00:00
424,228,Margaret,Walker,margaret.walker@waystar.io,+1-209-114-3844,Product Manager,Technical Evaluator,2023-09-15T00:00:00
425,799,Joshua,Jackson,joshua.jackson@umbrella.co,+1-712-806-5544,Solutions Architect,Champion,2024-06-29T00:00:00
426,1000,Betty,Thompson,betty.thompson@globex.com,+1-349-763-5855,CTO,Champion,2024-05-29T00:00:00
427,250,Kimberly,Rodriguez,kimberly.rodriguez@piedpiper.com,+1-637-877-3792,Director of IT,End User,2024-07-30T00:00:00
428,920,Ashley,Sanchez,ashley.sanchez@acme.com,+1-308-115-1507,CFO,Blocker,2023-04-11T00:00:00
429,824,John,Brown,john.brown@initech.com,+1-397-173-6771,VP of Sales,Economic Buyer,2024-11-18T00:00:00
430,103,Charles,Sanchez,charles.sanchez@initech.com,+1-883-243-9790,Director of Operations,Coach,2024-07-18T00:00:00
431,709,Margaret,Johnson,,+1-538-917-3954,COO,Champion,2023-07-12T00:00:00
432,828,Anthony,Sanchez,anthony.sanchez@umbrella.co,+1-983-895-1103,Engineering Manager,End User,2024-08-19T00:00:00
433,381,Mary,White,mary.white@piedpiper.com,+1-914-719-4743,COO,Technical Evaluator,2024-08-23T00:00:00
434,292,Michelle,Martinez,michelle.martinez@acme.com,+1-428-379-4427,Solutions Architect,Coach,2024-04-16T00:00:00
435,638,Michelle,Davis,michelle.davis@piedpiper.com,+1-518-936-4233,Solutions Architect,Blocker,2024-11-15T00:00:00
436,441,Joshua,Smith,joshua.smith@acme.com,+1-521-336-5108,VP of Infrastructure,Champion,2023-06-14T00:00:00
437,163,Matthew,Harris,matthew.harris@umbrella.co,+1-351-898-3737,VP of Engineering,End User,2020-11-12T00:00:00
438,486,David,Perez,david.perez@acme.com,+1-583-240-9910,VP of Product,End User,2024-06-14T00:00:00
439,420,David,Davis,david.davis@acme.com,+1-266-585-7938,IT Manager,Technical Evaluator,2024-12-26T00:00:00
440,963,William,Thomas,william.thomas@acme.com,+1-398-375-3925,Director of Marketing,Economic Buyer,2024-05-13T00:00:00
441,829,Jennifer,Ramirez,jennifer.ramirez@acme.com,+1-809-864-8155,VP of Infrastructure,Technical Evaluator,2024-03-21T00:00:00
442,479,Robert,Perez,robert.perez@acme.com,+1-783-206-4422,Head of Data,End User,2023-06-30T00:00:00
443,21,Emily,Jackson,emily.jackson@initech.com,+1-417-266-6365,VP of Product,Champion,2024-03-30T00:00:00
444,907,James,Miller,james.miller@piedpiper.com,+1-531-369-8175,Solutions Architect,End User,2024-06-15T00:00:00
445,691,Jennifer,Robinson,jennifer.robinson@initech.com,+1-679-341-9245,VP of Product,Champion,2022-11-17T00:00:00
446,389,Sandra,Smith,sandra.smith@initech.com,+1-558-959-9654,CEO,Blocker,2024-11-17T00:00:00
447,905,Sarah,Garcia,sarah.garcia,+1-912-514-2858,CEO,Technical Evaluator,2024-06-02T00:00:00
448,823,Christopher,Walker,christopher.walker@initech.com,+1-215-619-9490,IT Manager,Champion,2024-12-21T00:00:00
449,32,John,Thompson,john.thompson@globex.com,+1-614-118-3730,Data Engineer,Champion,2021-02-16T00:00:00
450,671,Jennifer,Martin,jennifer.martin@umbrella.co,+1-535-715-5344,Director of IT,Technical Evaluator,2023-05-03T00:00:00
451,767,Susan,Johnson,,,Director of Marketing,Champion,2022-12-06T00:00:00
452,42,Daniel,Walker,daniel.walker@umbrella.co,+1-956-986-1092,DevOps Lead,End User,2023-09-20T00:00:00
453,985,Donna,Moore,donna.moore@waystar.io,+1-275-105-2174,VP of Sales,Champion,2024-08-12T00:00:00
454,446,Elizabeth,Wilson,elizabeth.wilson@piedpiper.com,+1-231-869-8174,Chief Revenue Officer,Blocker,2024-05-30T00:00:00
455,837,Matthew,Hernandez,matthew.hernandez@globex.com,+1-799-299-2608,Chief Revenue Officer,Champion,2024-06-17T00:00:00
456,582,Susan,Davis,susan.davis@initech.com,+1-558-765-8865,Solutions Architect,Economic Buyer,2024-06-15T00:00:00
457,610,Barbara,Rodriguez,barbara.rodriguez@piedpiper.com,+1-663-662-4747,VP of Engineering,Blocker,2023-11-02T00:00:00
458,151,Linda,Garcia,linda.garcia@globex.com,+1-555-946-2083,CTO,End User,2023-11-09T00:00:00
459,177,James,Miller,james.miller@waystar.io,+1-359-579-6181,VP of Engineering,End User,2024-10-28T00:00:00
460,470,Sandra,Miller,sandra.miller@umbrella.co,+1-959-979-6911,VP of Product,Champion,2024-09-18T00:00:00
461,826,Joseph,Davis,joseph.davis@waystar.io,+1-647-980-5078,Head of Security,Technical Evaluator,2022-08-17T00:00:00
462,939,Emily,Davis,emily.davis@waystar.io,+1-371-758-5985,CEO,Economic Buyer,2024-06-28T00:00:00
463,170,Charles,Brown,,+1-751-701-5124,VP of Product,Coach,2023-12-24T00:00:00
464,550,Andrew,Garcia,andrew.garcia@piedpiper.com,+1-461-659-7887,DevOps Lead,Economic Buyer,2024-11-22T00:00:00
465,690,Susan,Sanchez,susan.sanchez@acme.com,+1-485-884-5205,Engineering Manager,Economic Buyer,2023-07-21T00:00:00
466,442,Emily,Lewis,emily.lewis@piedpiper.com,,VP of Engineering,Champion,2023-09-17T00:00:00
467,217,Donald,Harris,donald.harris@piedpiper.com,+1-560-934-3550,CFO,End User,2024-05-09T00:00:00
468,484,Emily,Smith,emily.smith@piedpiper.com,+1-330-299-6449,IT Manager,Technical Evaluator,2024-11-08T00:00:00
469,887,Daniel,Thomas,daniel.thomas,+1-969-869-8022,Director of Marketing,End User,2024-12-31T00:00:00
470,339,Mary,Ramirez,mary.ramirez@umbrella.co,+1-697-768-2590,VP of Infrastructure,Technical Evaluator,2024-01-01T00:00:00
471,157,Andrew,Ramirez,andrew.ramirez,+1-316-947-7787,VP of Engineering,Coach,2024-10-01T00:00:00
472,552,Joseph,Thompson,joseph.thompson@waystar.io,+1-950-744-4068,Director of Marketing,Coach,2022-01-07T00:00:00
473,504,Thomas,Lopez,thomas.lopez@initech.com,+1-588-836-8687,Director of Operations,End User,2024-06-30T00:00:00
474,265,Karen,Perez,karen.perez@initech.com,+1-773-696-1936,CEO,Technical Evaluator,2021-09-18T00:00:00
475,923,Sarah,Walker,sarah.walker@globex.com,+1-689-331-8269,COO,End User,2024-08-17T00:00:00
476,818,Anthony,Miller,anthony.miller@globex.com,,DevOps Lead,Blocker,2024-04-02T00:00:00
477,314,Barbara,Johnson,barbara.johnson@piedpiper.com,+1-943-908-3429,Head of Data,Coach,2024-06-08T00:00:00
478,228,Charles,Harris,charles.harris@waystar.io,+1-365-623-9377,Data Engineer,Economic Buyer,2023-05-15T00:00:00
479,29,Barbara,Brown,barbara.brown@acme.com,+1-222-112-6091,Director of IT,Economic Buyer,2021-11-22T00:00:00
480,398,James,Walker,james.walker@piedpiper.com,+1-685-921-9459,VP of Engineering,Economic Buyer,2024-08-17T00:00:00
481,841,Joseph,Davis,joseph.davis,+1-794-323-1661,CFO,Champion,2022-02-16T00:00:00
482,431,Matthew,Harris,matthew.harris@globex.com,+1-206-719-4749,IT Manager,Blocker,2024-11-03T00:00:00
483,682,Daniel,Anderson,daniel.anderson@initech.com,+1-854-538-5578,Engineering Manager,Champion,2024-01-13T00:00:00
484,96,James,Brown,james.brown@umbrella.co,,COO,Champion,2024-11-19T00:00:00
485,803,David,Brown,david.brown@piedpiper.com,+1-402-826-1323,IT Manager,Coach,2024-09-27T00:00:00
486,184,John,Davis,john.davis,+1-412-494-8142,Director of Marketing,Champion,2024-09-24T00:00:00
487,448,Betty,Thomas,betty.thomas@globex.com,+1-689-599-1515,Engineering Manager,End User,2024-12-24T00:00:00
488,600,Anthony,Williams,anthony.williams@waystar.io,,VP of Engineering,Technical Evaluator,2024-01-10T00:00:00
489,426,Patricia,Wilson,patricia.wilson@umbrella.co,+1-790-549-8501,Head of Data,Technical Evaluator,2024-08-03T00:00:00
490,830,William,Ramirez,william.ramirez@globex.com,,Head of Security,Economic Buyer,2023-09-23T00:00:00
491,785,Daniel,Lopez,daniel.lopez@piedpiper.com,+1-644-419-3189,VP of Infrastructure,Blocker,2024-06-27T00:00:00
492,874,Steven,Davis,steven.davis@piedpiper.com,+1-915-754-4771,Product Manager,Technical Evaluator,2023-11-07T00:00:00
493,804,Richard,Thompson,richard.thompson@waystar.io,+1-525-973-5308,VP of Sales,Coach,2024-12-07T00:00:00
494,182,Joseph,Moore,joseph.moore@initech.com,+1-992-381-7912,Data Engineer,Technical Evaluator,2023-12-31T00:00:00
495,545,Jennifer,Martin,jennifer.martin@piedpiper.com,+1-868-181-1600,Director of Operations,Coach,2024-11-03T00:00:00
496,272,Charles,Lopez,charles.lopez@umbrella.co,+1-774-259-7085,DevOps Lead,Blocker,2024-04-26T00:00:00
497,233,Daniel,Lopez,daniel.lopez@waystar.io,+1-450-182-8502,Solutions Architect,Coach,2024-11-07T00:00:00
498,882,Charles,Lee,charles.lee@piedpiper.com,+1-382-891-4376,Director of Marketing,Blocker,2024-09-30T00:00:00
499,528,Jennifer,Walker,jennifer.walker@piedpiper.com,+1-215-440-4426,VP of Infrastructure,Technical Evaluator,2023-04-13T00:00:00
500,326,Betty,Lee,betty.lee@acme.com,+1-925-365-7926,Solutions Architect,Champion,2024-10-21T00:00:00
501,537,Mary,Robinson,mary.robinson@acme.com,+1-216-147-1674,Product Manager,Technical Evaluator,2023-02-06T00:00:00
502,364,Joshua,Jones,joshua.jones@umbrella.co,+1-609-168-2853,Director of IT,Economic Buyer,2024-03-06T00:00:00
503,787,Charles,Perez,charles.perez@acme.com,+1-265-734-6164,CTO,Economic Buyer,2023-06-21T00:00:00
504,539,Jennifer,Martin,jennifer.martin,+1-733-371-3477,Solutions Architect,End User,2022-08-11T00:00:00
505,37,Joseph,Lewis,joseph.lewis@globex.com,,Solutions Architect,Champion,2022-01-10T00:00:00
506,958,Joshua,Lee,joshua.lee@waystar.io,+1-348-352-7252,VP of Engineering,Technical Evaluator,2024-12-30T00:00:00
507,164,Elizabeth,Lewis,elizabeth.lewis@umbrella.co,+1-757-126-3239,VP of Engineering,Coach,2024-10-13T00:00:00
508,508,Daniel,Taylor,daniel.taylor,+1-738-348-1796,DevOps Lead,Coach,2024-10-20T00:00:00
509,858,Robert,Clark,robert.clark@umbrella.co,+1-474-583-7289,VP of Infrastructure,Champion,2024-09-03T00:00:00
510,529,Margaret,White,margaret.white@umbrella.co,,VP of Product,End User,2020-12-22T00:00:00
511,856,Michelle,Johnson,michelle.johnson@umbrella.co,+1-700-563-7391,VP of Infrastructure,Coach,2022-12-15T00:00:00
512,843,Mary,Harris,mary.harris@initech.com,+1-433-644-5152,Head of Security,Coach,2024-08-03T00:00:00
513,108,Mary,Walker,mary.walker@initech.com,+1-581-660-8790,COO,Champion,2024-07-21T00:00:00
514,449,Michael,Robinson,,+1-492-757-5910,Director of Operations,Blocker,2023-12-24T00:00:00
515,673,Paul,Harris,paul.harris@acme.com,+1-555-789-5818,CTO,Champion,2021-04-09T00:00:00
516,488,Jennifer,Harris,jennifer.harris@umbrella.co,+1-734-849-2459,CFO,Technical Evaluator,2024-07-30T00:00:00
517,71,David,Thomas,david.thomas@initech.com,,CEO,Technical Evaluator,2024-07-14T00:00:00
518,515,Robert,Brown,robert.brown@umbrella.co,,Director of IT,Champion,2023-07-06T00:00:00
519,83,Margaret,Smith,margaret.smith@globex.com,+1-747-976-4717,COO,Champion,2024-12-16T00:00:00
520,487,Barbara,Johnson,barbara.johnson@globex.com,+1-575-233-1133,CTO,Champion,2023-10-10T00:00:00
521,830,Donna,Perez,donna.perez@acme.com,+1-640-299-9104,CEO,Technical Evaluator,2023-09-02T00:00:00
522,8,Paul,Thompson,paul.thompson@initech.com,+1-614-401-8583,VP of Sales,Technical Evaluator,2023-01-09T00:00:00
523,712,Donna,Robinson,donna.robinson@waystar.io,+1-397-220-3704,VP of Sales,Technical Evaluator,2024-12-28T00:00:00
524,922,James,Ramirez,james.ramirez@umbrella.co,+1-963-612-9717,Director of IT,Coach,2023-07-08T00:00:00
525,10,Daniel,Ramirez,daniel.ramirez@acme.com,+1-820-612-2475,CTO,Technical Evaluator,2023-08-17T00:00:00
526,520,William,Walker,william.walker@globex.com,+1-438-991-2970,Solutions Architect,Economic Buyer,2024-05-14T00:00:00
527,220,Robert,Perez,robert.perez@waystar.io,+1-625-944-5122,Director of Operations,Technical Evaluator,2023-12-09T00:00:00
528,89,Margaret,Davis,margaret.davis@initech.com,,Engineering Manager,Technical Evaluator,2024-09-17T00:00:00
529,258,Lisa,Wilson,lisa.wilson,+1-517-769-7451,Engineering Manager,End User,2024-07-16T00:00:00
530,481,Margaret,Martinez,margaret.martinez@umbrella.co,+1-289-565-1377,VP of Infrastructure,Technical Evaluator,2023-10-27T00:00:00
531,45,Richard,Williams,richard.williams@globex.com,+1-242-679-9252,VP of Sales,Champion,2024-04-12T00:00:00
532,654,Elizabeth,Harris,elizabeth.harris@initech.com,+1-935-313-7809,VP of Sales,End User,2024-01-18T00:00:00
533,141,Barbara,Thomas,barbara.thomas@acme.com,+1-509-642-7969,CTO,Economic Buyer,2024-09-06T00:00:00
534,103,Thomas,Davis,thomas.davis@piedpiper.com,+1-917-744-3833,CEO,Champion,2024-07-03T00:00:00
535,819,Ashley,Harris,ashley.harris@globex.com,+1-864-580-3410,Engineering Manager,Champion,2024-12-28T00:00:00
536,779,John,Lee,john.lee,+1-863-544-8646,VP of Engineering,End User,2022-03-18T00:00:00
537,371,Kimberly,Jackson,kimberly.jackson@acme.com,,DevOps Lead,Technical Evaluator,2024-11-12T00:00:00
538,153,Nancy,Jones,nancy.jones@waystar.io,+1-565-958-1647,VP of Product,Coach,2021-07-06T00:00:00
539,466,Anthony,Martin,anthony.martin@globex.com,+1-702-651-7037,Engineering Manager,Coach,2021-07-19T00:00:00
540,377,Ashley,Walker,ashley.walker@globex.com,,CTO,Champion,2022-09-23T00:00:00
541,33,Matthew,Lopez,matthew.lopez@umbrella.co,+1-237-232-6532,COO,Champion,2024-11-17T00:00:00
542,936,Barbara,Johnson,,,VP of Sales,Economic Buyer,2024-06-08T00:00:00
543,767,Donna,Jones,donna.jones,+1-879-528-2719,DevOps Lead,Technical Evaluator,2022-03-22T00:00:00
544,492,Margaret,Clark,margaret.clark@initech.com,+1-289-374-4690,Director of Marketing,Economic Buyer,2024-03-02T00:00:00
545,609,Robert,Brown,robert.brown,+1-911-491-8976,VP of Sales,Technical Evaluator,2024-02-05T00:00:00
546,240,Kimberly,Brown,kimberly.brown@waystar.io,+1-256-316-5444,DevOps Lead,Economic Buyer,2022-05-21T00:00:00
547,253,Jennifer,Anderson,jennifer.anderson@waystar.io,+1-264-950-2434,Engineering Manager,Economic Buyer,2023-10-17T00:00:00
548,434,Nancy,Davis,nancy.davis@acme.com,+1-961-802-4643,COO,Economic Buyer,2023-11-20T00:00:00
549,731,Margaret,Rodriguez,margaret.rodriguez@globex.com,+1-775-895-7461,CTO,Technical Evaluator,2024-06-22T00:00:00
550,303,Mark,Martin,mark.martin@waystar.io,+1-516-329-5044,Director of Operations,Blocker,2021-12-23T00:00:00
551,206,Thomas,Perez,thomas.perez@umbrella.co,+1-713-211-6466,VP of Engineering,Technical Evaluator,2023-10-08T00:00:00
552,774,Karen,Perez,karen.perez@initech.com,+1-701-841-4271,VP of Sales,Technical Evaluator,2024-11-24T00:00:00
553,378,Robert,Thompson,robert.thompson@piedpiper.com,+1-675-789-6633,Director of IT,Economic Buyer,2024-11-20T00:00:00
554,97,Susan,Williams,susan.williams@waystar.io,+1-777-458-8511,,Technical Evaluator,2022-02-24T00:00:00
555,837,Jennifer,Lewis,jennifer.lewis@piedpiper.com,+1-233-998-5777,VP of Product,Blocker,2024-07-17T00:00:00
556,487,Jennifer,Ramirez,jennifer.ramirez,+1-934-698-1492,VP of Infrastructure,Champion,2023-08-30T00:00:00
557,620,Joseph,Lewis,joseph.lewis@waystar.io,+1-943-997-5885,Engineering Manager,Technical Evaluator,2023-11-22T00:00:00
558,64,Thomas,Jackson,thomas.jackson@globex.com,+1-863-271-5712,,Champion,2024-09-06T00:00:00
559,11,Donna,Moore,donna.moore@acme.com,+1-516-617-6789,CFO,Technical Evaluator,2021-07-22T00:00:00
560,311,Sarah,Thompson,sarah.thompson@acme.com,+1-938-414-6299,Engineering Manager,End User,2023-08-08T00:00:00
561,853,Ashley,Thomas,ashley.thomas@umbrella.co,+1-211-740-1559,Solutions Architect,End User,2024-03-22T00:00:00
562,261,Joshua,Lopez,,+1-767-113-7885,VP of Product,Technical Evaluator,2024-09-24T00:00:00
563,692,Ashley,Taylor,,+1-735-509-1888,Data Engineer,Economic Buyer,2023-11-20T00:00:00
564,564,William,Jones,william.jones@initech.com,,DevOps Lead,Economic Buyer,2024-12-10T00:00:00
565,314,James,Walker,james.walker@acme.com,+1-340-441-9704,DevOps Lead,Champion,2024-05-26T00:00:00
566,321,Jennifer,Harris,jennifer.harris@umbrella.co,+1-698-446-7891,Director of IT,Technical Evaluator,2024-01-14T00:00:00
567,632,Robert,White,robert.white@acme.com,+1-506-310-8495,CEO,End User,2024-11-09T00:00:00
568,55,Emily,Williams,emily.williams@globex.com,+1-866-850-5443,Product Manager,Economic Buyer,2024-08-01T00:00:00
569,465,Elizabeth,Clark,elizabeth.clark@acme.com,+1-822-875-2000,Director of Operations,Champion,2024-02-11T00:00:00
570,817,William,Jackson,william.jackson@initech.com,+1-371-494-2422,VP of Product,Economic Buyer,2024-09-11T00:00:00
571,652,Margaret,Clark,margaret.clark@piedpiper.com,+1-801-588-9650,Head of Data,Economic Buyer,2024-02-05T00:00:00
572,444,Matthew,Robinson,matthew.robinson@acme.com,+1-535-505-9089,COO,End User,2020-12-05T00:00:00
573,320,Linda,Walker,linda.walker@waystar.io,+1-971-462-7054,DevOps Lead,Coach,2021-07-14T00:00:00
574,498,Charles,Robinson,charles.robinson@umbrella.co,+1-381-591-4316,Director of Marketing,Champion,2023-06-15T00:00:00
575,189,Linda,Harris,linda.harris@umbrella.co,,Product Manager,End User,2024-12-31T00:00:00
576,452,Jennifer,Anderson,jennifer.anderson,+1-537-877-8843,CFO,End User,2021-09-05T00:00:00
577,221,William,Jackson,william.jackson@acme.com,+1-593-141-2471,Director of Operations,Technical Evaluator,2022-09-20T00:00:00
578,454,William,Williams,william.williams@acme.com,,Chief Revenue Officer,Coach,2021-02-06T00:00:00
579,472,Kimberly,Perez,kimberly.perez@initech.com,+1-667-432-8495,CTO,Champion,2023-05-11T00:00:00
580,948,Michael,Davis,michael.davis@acme.com,+1-488-322-2500,VP of Infrastructure,Champion,2024-12-30T00:00:00
581,5,Steven,Lee,steven.lee@umbrella.co,+1-866-322-9080,Engineering Manager,End User,2024-04-03T00:00:00
582,27,Matthew,Anderson,matthew.anderson@initech.com,+1-982-762-6225,Head of Data,Champion,2021-09-05T00:00:00
583,260,Mark,Martin,mark.martin@globex.com,+1-266-451-8512,CEO,Technical Evaluator,2024-02-12T00:00:00
584,376,James,Williams,james.williams@globex.com,+1-359-799-2642,Head of Security,Technical Evaluator,2024-10-05T00:00:00
585,614,Barbara,Lewis,barbara.lewis@globex.com,+1-662-665-6379,Head of Data,Technical Evaluator,2024-12-27T00:00:00
586,7,Emily,Taylor,emily.taylor@initech.com,+1-773-354-8741,CEO,Champion,2021-01-06T00:00:00
587,428,Christopher,Lee,christopher.lee@umbrella.co,+1-823-862-4281,Head of Security,Technical Evaluator,2024-12-21T00:00:00
588,426,Anthony,Davis,anthony.davis@acme.com,+1-456-181-5702,VP of Sales,Coach,2024-02-17T00:00:00
589,323,Daniel,Perez,daniel.perez,+1-976-515-6258,VP of Engineering,Technical Evaluator,2024-03-19T00:00:00
590,533,Susan,Martinez,susan.martinez@piedpiper.com,+1-542-687-4831,Data Engineer,Champion,2023-03-04T00:00:00
591,76,Ashley,Lee,ashley.lee@piedpiper.com,+1-328-415-9655,Chief Revenue Officer,Champion,2021-08-20T00:00:00
592,464,Paul,Smith,paul.smith@initech.com,+1-843-689-7380,CFO,Technical Evaluator,2024-03-25T00:00:00
593,438,Matthew,Anderson,matthew.anderson@umbrella.co,+1-722-168-9091,VP of Infrastructure,Coach,2020-03-05T00:00:00
594,465,John,Brown,john.brown@piedpiper.com,+1-568-246-8150,Product Manager,Technical Evaluator,2024-02-01T00:00:00
595,249,Patricia,Robinson,patricia.robinson@acme.com,+1-344-451-2421,Engineering Manager,Economic Buyer,2021-09-23T00:00:00
596,650,John,Lewis,john.lewis@globex.com,+1-654-530-2133,Engineering Manager,Economic Buyer,2022-06-24T00:00:00
597,541,Emily,White,emily.white@globex.com,+1-254-136-2008,Head of Security,Economic Buyer,2024-12-03T00:00:00
598,866,Andrew,White,andrew.white@waystar.io,+1-806-289-8463,Data Engineer,End User,2024-09-13T00:00:00
599,391,Richard,Davis,richard.davis@acme.com,+1-643-543-4920,Chief Revenue Officer,Champion,2021-10-02T00:00:00
600,790,Donald,Davis,donald.davis@umbrella.co,+1-731-440-2224,IT Manager,Coach,2023-11-14T00:00:00
601,411,Thomas,Walker,thomas.walker@waystar.io,+1-420-546-1514,VP of Sales,End User,2024-12-21T00:00:00
602,425,Jennifer,Rodriguez,jennifer.rodriguez@waystar.io,+1-828-302-4096,VP of Infrastructure,Champion,2024-11-11T00:00:00
603,779,David,Lewis,david.lewis@initech.com,+1-683-133-7496,CTO,Technical Evaluator,2022-03-10T00:00:00
604,147,Jennifer,Robinson,jennifer.robinson@piedpiper.com,,VP of Engineering,Economic Buyer,2024-11-10T00:00:00
605,10,William,Harris,william.harris@umbrella.co,+1-687-918-2267,CEO,Economic Buyer,2024-12-21T00:00:00
606,375,Kimberly,Jackson,kimberly.jackson@initech.com,+1-946-791-7424,CFO,Technical Evaluator,2023-12-29T00:00:00
607,498,Michelle,Sanchez,michelle.sanchez,+1-742-926-2607,Data Engineer,Technical Evaluator,2022-11-04T00:00:00
608,856,Lisa,Miller,,+1-815-520-5136,COO,Economic Buyer,2020-11-15T00:00:00
609,593,Emily,Anderson,emily.anderson@globex.com,+1-457-946-4496,VP of Engineering,End User,2024-12-02T00:00:00
610,515,Donald,Lewis,donald.lewis@globex.com,+1-928-428-1271,CTO,Technical Evaluator,2024-03-04T00:00:00
611,54,James,Anderson,,+1-417-801-6091,Head of Security,Champion,2024-04-15T00:00:00
612,270,Joseph,Gonzalez,joseph.gonzalez@initech.com,+1-817-138-7883,Head of Data,Blocker,2023-06-29T00:00:00
613,8,Lisa,Wilson,lisa.wilson@piedpiper.com,+1-477-805-4639,IT Manager,End User,2024-02-04T00:00:00
614,604,Robert,Harris,robert.harris@waystar.io,,VP of Product,Champion,2024-10-10T00:00:00
615,539,Jennifer,Johnson,jennifer.johnson@globex.com,+1-514-718-7569,VP of Product,Technical Evaluator,2023-05-08T00:00:00
616,676,Emily,Jones,emily.jones@umbrella.co,+1-235-521-8074,Director of Operations,Technical Evaluator,2024-12-01T00:00:00
617,115,William,Thompson,william.thompson@waystar.io,+1-820-218-6389,Head of Data,End User,2024-10-30T00:00:00
618,560,Kimberly,Gonzalez,kimberly.gonzalez@acme.com,,Head of Data,Champion,2024-10-20T00:00:00
619,901,Charles,Smith,charles.smith@umbrella.co,+1-295-105-1752,Director of Operations,Economic Buyer,2024-09-25T00:00:00
620,101,Joshua,Miller,joshua.miller@waystar.io,+1-468-773-6654,Engineering Manager,End User,2024-04-16T00:00:00
621,65,Sandra,Thompson,sandra.thompson@piedpiper.com,+1-265-901-9939,VP of Sales,End User,2024-10-05T00:00:00
622,467,Christopher,Moore,,,VP of Engineering,Economic Buyer,2024-12-06T00:00:00
623,986,Daniel,Thompson,daniel.thompson@waystar.io,+1-365-747-7014,CTO,Champion,2022-10-14T00:00:00
624,282,David,Jones,david.jones@umbrella.co,+1-685-332-4339,CTO,Champion,2024-02-15T00:00:00
625,168,Charles,Johnson,charles.johnson@acme.com,+1-614-426-7908,Head of Data,Technical Evaluator,2024-12-23T00:00:00
626,421,Michael,Williams,michael.williams,+1-223-552-3016,CTO,Technical Evaluator,2024-10-22T00:00:00
627,953,Ashley,Lewis,ashley.lewis@globex.com,+1-206-114-4861,IT Manager,Coach,2023-04-15T00:00:00
628,385,Ashley,Moore,ashley.moore@waystar.io,+1-730-530-1628,Data Engineer,Champion,2024-08-23T00:00:00
629,679,Jessica,Thomas,jessica.thomas@umbrella.co,+1-969-252-9041,Solutions Architect,Blocker,2024-01-12T00:00:00
630,494,James,Jones,james.jones@initech.com,+1-894-557-5524,VP of Infrastructure,End User,2024-11-15T00:00:00
631,292,Michelle,Gonzalez,michelle.gonzalez@piedpiper.com,+1-295-362-9395,Product Manager,Technical Evaluator,2022-12-02T00:00:00
632,218,Andrew,Thompson,andrew.thompson@initech.com,+1-880-780-5370,,Champion,2024-04-15T00:00:00
633,919,Michelle,Johnson,michelle.johnson@acme.com,+1-920-349-2787,CTO,Technical Evaluator,2024-08-03T00:00:00
634,646,David,Martin,david.martin@piedpiper.com,+1-270-282-5163,Chief Revenue Officer,Economic Buyer,2024-02-14T00:00:00
635,299,Nancy,Ramirez,nancy.ramirez@piedpiper.com,+1-220-247-1806,Data Engineer,Champion,2024-11-06T00:00:00
636,172,Michelle,Miller,michelle.miller@acme.com,+1-365-328-2446,Head of Data,Economic Buyer,2024-04-06T00:00:00
637,118,Jessica,Clark,jessica.clark@umbrella.co,+1-938-352-8105,Chief Revenue Officer,Coach,2022-10-27T00:00:00
638,439,Michelle,Wilson,michelle.wilson@globex.com,+1-550-227-3815,VP of Engineering,Champion,2024-12-21T00:00:00
639,294,Lisa,Harris,lisa.harris@acme.com,+1-381-248-4201,VP of Sales,Champion,2024-10-17T00:00:00
640,812,Elizabeth,Thompson,elizabeth.thompson@piedpiper.com,+1-778-378-6464,Director of IT,End User,2024-04-05T00:00:00
641,514,Patricia,Lewis,patricia.lewis@umbrella.co,+1-870-328-6561,VP of Engineering,Coach,2021-05-21T00:00:00
642,137,Matthew,Robinson,matthew.robinson@initech.com,+1-381-172-1000,Engineering Manager,Champion,2022-04-05T00:00:00
643,210,Sarah,Smith,sarah.smith@umbrella.co,+1-617-905-2930,Solutions Architect,Blocker,2024-10-28T00:00:00
644,833,Lisa,Davis,lisa.davis@piedpiper.com,+1-233-492-3212,VP of Sales,Technical Evaluator,2024-08-17T00:00:00
645,478,Andrew,Walker,andrew.walker@acme.com,+1-380-514-3805,VP of Engineering,End User,2023-12-30T00:00:00
646,483,Matthew,Thomas,matthew.thomas@acme.com,+1-673-148-9618,Chief Revenue Officer,Technical Evaluator,2024-05-07T00:00:00
647,792,Joshua,Smith,joshua.smith@piedpiper.com,+1-496-894-8741,Chief Revenue Officer,Coach,2023-01-23T00:00:00
648,248,Barbara,Lopez,barbara.lopez@globex.com,+1-837-140-6328,COO,Blocker,2023-10-17T00:00:00
649,826,Charles,Miller,charles.miller@umbrella.co,+1-489-668-4749,IT Manager,Technical Evaluator,2023-04-18T00:00:00
650,140,Michelle,Williams,michelle.williams@acme.com,+1-236-501-9552,Chief Revenue Officer,Champion,2024-12-31T00:00:00
651,77,John,White,john.white@acme.com,+1-614-122-3863,,Economic Buyer,2024-02-13T00:00:00
652,599,Richard,Brown,richard.brown@acme.com,+1-737-238-1413,CFO,End User,2021-09-06T00:00:00
653,708,Michael,Anderson,michael.anderson@waystar.io,+1-720-647-1638,Director of IT,Champion,2024-12-28T00:00:00
654,754,Lisa,Martinez,lisa.martinez@umbrella.co,+1-397-265-1034,VP of Engineering,Blocker,2023-08-11T00:00:00
655,910,Betty,Robinson,betty.robinson@acme.com,+1-455-728-2697,Head of Security,Coach,2022-07-02T00:00:00
656,10,William,Jones,william.jones@waystar.io,+1-362-116-8150,Director of Operations,End User,2022-03-20T00:00:00
657,136,Jennifer,Sanchez,jennifer.sanchez@acme.com,+1-761-146-2292,VP of Sales,Blocker,2023-06-23T00:00:00
658,496,Linda,Martinez,linda.martinez@waystar.io,+1-274-542-5484,VP of Infrastructure,Technical Evaluator,2024-07-13T00:00:00
659,590,Linda,Moore,linda.moore@globex.com,+1-433-591-3902,CTO,Champion,2024-05-05T00:00:00
660,933,Christopher,Lee,christopher.lee,+1-405-236-7823,Solutions Architect,Technical Evaluator,2024-06-29T00:00:00
661,497,Margaret,Jackson,margaret.jackson@globex.com,+1-842-515-3684,DevOps Lead,Champion,2022-06-28T00:00:00
662,542,Matthew,Clark,matthew.clark@initech.com,+1-813-419-9870,IT Manager,Technical Evaluator,2024-06-27T00:00:00
663,61,Barbara,Davis,barbara.davis@acme.com,+1-634-591-3668,Director of Marketing,Technical Evaluator,2024-01-05T00:00:00
664,213,John,Jones,john.jones@waystar.io,+1-490-741-1228,Head of Security,Champion,2024-01-03T00:00:00
665,569,Paul,Lewis,paul.lewis@initech.com,,Chief Revenue Officer,Technical Evaluator,2022-02-18T00:00:00
666,338,Jennifer,Gonzalez,jennifer.gonzalez@umbrella.co,+1-752-114-1465,DevOps Lead,Technical Evaluator,2024-08-06T00:00:00
667,642,Karen,Davis,karen.davis@umbrella.co,+1-814-374-3876,Director of Operations,Champion,2024-09-22T00:00:00
668,603,Nancy,Ramirez,nancy.ramirez@initech.com,,Product Manager,Champion,2024-08-07T00:00:00
669,32,Susan,Wilson,susan.wilson@acme.com,+1-995-990-8577,Head of Security,Blocker,2023-01-26T00:00:00
670,590,Ashley,Ramirez,ashley.ramirez@piedpiper.com,+1-750-761-5468,VP of Infrastructure,Technical Evaluator,2024-03-23T00:00:00
671,263,Anthony,Clark,anthony.clark@umbrella.co,+1-715-604-7044,Chief Revenue Officer,End User,2024-07-01T00:00:00
672,732,Sandra,Miller,sandra.miller@waystar.io,+1-631-783-4633,Engineering Manager,Technical Evaluator,2024-12-02T00:00:00
673,783,David,Martin,david.martin@globex.com,+1-949-358-8052,CEO,Economic Buyer,2023-09-02T00:00:00
674,598,Michael,Brown,michael.brown@piedpiper.com,+1-785-599-4978,VP of Infrastructure,Technical Evaluator,2024-11-22T00:00:00
675,891,Anthony,Miller,anthony.miller@umbrella.co,+1-908-157-4059,Director of Marketing,End User,2024-12-07T00:00:00
676,688,Kimberly,Walker,kimberly.walker@umbrella.co,+1-335-695-1087,VP of Engineering,End User,2024-11-11T00:00:00
677,745,Margaret,Moore,margaret.moore@globex.com,+1-457-286-4218,CFO,Blocker,2024-12-02T00:00:00
678,356,Richard,Ramirez,richard.ramirez@piedpiper.com,+1-596-886-4013,DevOps Lead,Economic Buyer,2023-07-20T00:00:00
679,282,Barbara,Martinez,barbara.martinez@piedpiper.com,+1-581-246-4939,Director of Marketing,Technical Evaluator,2021-11-20T00:00:00
680,822,Christopher,Clark,christopher.clark@globex.com,,VP of Product,Champion,2024-12-31T00:00:00
681,577,Thomas,Thomas,thomas.thomas@globex.com,+1-579-733-1834,Head of Security,Economic Buyer,2024-09-30T00:00:00
682,879,Thomas,Garcia,thomas.garcia@globex.com,+1-335-873-7824,Director of Marketing,End User,2024-08-28T00:00:00
683,107,Paul,Brown,paul.brown@globex.com,,Chief Revenue Officer,Blocker,2022-04-24T00:00:00
684,675,Paul,Lewis,paul.lewis@globex.com,+1-680-223-4260,VP of Infrastructure,Blocker,2024-05-28T00:00:00
685,141,Andrew,Jackson,andrew.jackson@waystar.io,+1-434-485-9310,Director of Operations,Coach,2023-08-19T00:00:00
686,769,William,Sanchez,william.sanchez@umbrella.co,+1-757-776-5491,DevOps Lead,Champion,2023-11-04T00:00:00
687,178,James,Wilson,james.wilson@piedpiper.com,+1-297-363-5787,IT Manager,Technical Evaluator,2022-08-28T00:00:00
688,876,Michael,Sanchez,michael.sanchez@umbrella.co,+1-757-970-8664,Engineering Manager,Economic Buyer,2023-10-15T00:00:00
689,296,Joseph,Clark,joseph.clark@umbrella.co,+1-855-258-1965,VP of Engineering,Champion,2022-04-30T00:00:00
690,877,Karen,Taylor,karen.taylor@waystar.io,+1-550-112-8087,Director of Marketing,Technical Evaluator,2024-12-09T00:00:00
691,491,Robert,Thompson,robert.thompson,+1-625-805-6520,VP of Infrastructure,Coach,2023-05-04T00:00:00
692,730,Linda,Johnson,linda.johnson@globex.com,+1-946-653-3406,Data Engineer,Technical Evaluator,2024-06-01T00:00:00
693,704,Linda,Williams,linda.williams@piedpiper.com,+1-385-452-6118,Product Manager,Champion,2024-06-02T00:00:00
694,827,Ashley,Gonzalez,ashley.gonzalez@umbrella.co,,Data Engineer,Champion,2024-10-21T00:00:00
695,154,Linda,Williams,,+1-655-301-8867,Product Manager,End User,2023-10-23T00:00:00
696,359,Michael,Martinez,michael.martinez@initech.com,+1-237-733-6047,Engineering Manager,Economic Buyer,2024-09-05T00:00:00
697,312,Christopher,Sanchez,christopher.sanchez@initech.com,+1-616-208-1397,CFO,Blocker,2024-11-19T00:00:00
698,675,John,Garcia,,+1-452-767-7256,DevOps Lead,Technical Evaluator,2023-11-28T00:00:00
699,713,James,Miller,james.miller@piedpiper.com,,COO,End User,2024-08-30T00:00:00
700,807,Michelle,Lewis,michelle.lewis@initech.com,+1-223-756-1294,IT Manager,Technical Evaluator,2024-11-22T00:00:00
701,790,Steven,Taylor,steven.taylor@piedpiper.com,+1-911-658-9727,VP of Engineering,Economic Buyer,2024-11-25T00:00:00
702,464,Mark,Gonzalez,mark.gonzalez@acme.com,+1-496-999-5345,Head of Security,Champion,2024-08-27T00:00:00
703,229,Michelle,Jackson,michelle.jackson@initech.com,+1-925-235-1990,Director of Operations,Champion,2024-07-08T00:00:00
704,590,Mary,Lopez,mary.lopez@piedpiper.com,+1-725-342-6418,Director of Marketing,Champion,2024-04-10T00:00:00
705,733,Michael,Miller,michael.miller@globex.com,+1-228-252-4401,CTO,Technical Evaluator,2024-09-20T00:00:00
706,736,Thomas,Rodriguez,thomas.rodriguez@initech.com,+1-657-260-9659,Head of Data,Blocker,2024-10-28T00:00:00
707,260,Margaret,Jones,margaret.jones@globex.com,+1-741-546-9535,,Champion,2020-11-01T00:00:00
708,194,Lisa,Davis,lisa.davis@piedpiper.com,+1-203-507-3720,CFO,Economic Buyer,2024-04-16T00:00:00
709,889,Andrew,Robinson,andrew.robinson@initech.com,+1-620-304-8047,Chief Revenue Officer,Blocker,2023-03-14T00:00:00
710,192,Mary,Clark,mary.clark@umbrella.co,,CFO,Economic Buyer,2024-10-07T00:00:00
711,441,Emily,Johnson,emily.johnson@umbrella.co,+1-821-872-9223,Director of IT,Economic Buyer,2024-06-17T00:00:00
712,284,Matthew,Thompson,matthew.thompson@acme.com,+1-470-641-1201,CEO,End User,2024-11-21T00:00:00
713,525,Anthony,Moore,anthony.moore@globex.com,+1-249-322-7031,Director of Operations,Technical Evaluator,2024-11-13T00:00:00
714,389,Robert,Gonzalez,robert.gonzalez@initech.com,+1-626-898-7134,Product Manager,Coach,2024-10-10T00:00:00
715,595,Mary,Lewis,mary.lewis@acme.com,+1-206-958-1702,Engineering Manager,Champion,2024-09-04T00:00:00
716,321,John,Ramirez,john.ramirez,+1-365-815-1611,DevOps Lead,Technical Evaluator,2024-05-29T00:00:00
717,16,Linda,Taylor,linda.taylor@acme.com,+1-908-933-4949,CTO,Coach,2023-12-08T00:00:00
718,965,Charles,Thompson,charles.thompson@globex.com,+1-750-809-3336,VP of Engineering,Champion,2024-01-17T00:00:00
719,68,Nancy,Sanchez,nancy.sanchez@umbrella.co,,Product Manager,Technical Evaluator,2024-12-17T00:00:00
720,157,Elizabeth,Perez,elizabeth.perez@umbrella.co,,Engineering Manager,Technical Evaluator,2024-12-04T00:00:00
721,157,John,Garcia,john.garcia,+1-719-829-6291,VP of Sales,Champion,2024-11-09T00:00:00
722,47,Sandra,Perez,sandra.perez@piedpiper.com,+1-747-704-1004,Chief Revenue Officer,End User,2024-09-19T00:00:00
723,359,Mark,Robinson,mark.robinson@piedpiper.com,+1-532-558-5971,Director of Marketing,Technical Evaluator,2023-12-26T00:00:00
724,742,Jessica,Anderson,jessica.anderson@acme.com,+1-678-445-6683,CFO,Blocker,2023-08-07T00:00:00
725,793,Mark,White,mark.white@acme.com,,CFO,Technical Evaluator,2024-06-03T00:00:00
726,567,Jennifer,Jackson,jennifer.jackson@initech.com,+1-892-810-1429,CTO,Technical Evaluator,2024-08-14T00:00:00
727,617,Elizabeth,Thomas,elizabeth.thomas@umbrella.co,+1-919-369-4206,Engineering Manager,Champion,2022-05-01T00:00:00
728,131,Joshua,Martinez,joshua.martinez@initech.com,+1-407-504-6831,CTO,Champion,2024-08-02T00:00:00
729,76,Joshua,Lewis,joshua.lewis@globex.com,+1-364-526-3643,Engineering Manager,Champion,2024-11-16T00:00:00
730,427,Mary,Harris,mary.harris@umbrella.co,+1-881-680-6621,COO,End User,2022-11-13T00:00:00
731,916,Steven,Taylor,steven.taylor,+1-417-484-3995,Director of Operations,End User,2023-01-20T00:00:00
732,852,Charles,Brown,charles.brown@acme.com,+1-291-704-2225,Head of Security,Blocker,2024-09-23T00:00:00
733,517,Donna,Sanchez,donna.sanchez@acme.com,+1-817-165-7827,Director of Operations,Economic Buyer,2023-09-30T00:00:00
734,517,Donna,Robinson,donna.robinson@initech.com,+1-297-354-6184,Engineering Manager,Technical Evaluator,2023-11-25T00:00:00
735,766,Ashley,White,ashley.white@piedpiper.com,+1-609-751-5583,IT Manager,Blocker,2024-05-03T00:00:00
736,548,Anthony,Lopez,anthony.lopez@piedpiper.com,+1-421-586-5968,Director of Marketing,Technical Evaluator,2024-12-18T00:00:00
737,421,Richard,Clark,richard.clark@globex.com,+1-603-595-9760,Head of Data,Champion,2024-12-02T00:00:00
738,891,Steven,Anderson,steven.anderson@globex.com,+1-373-736-7363,Head of Data,Champion,2024-09-28T00:00:00
739,660,Kimberly,Martin,kimberly.martin@globex.com,+1-213-188-6881,DevOps Lead,Champion,2022-04-08T00:00:00
740,460,Robert,Moore,robert.moore@initech.com,+1-469-381-4941,Solutions Architect,Economic Buyer,2024-10-13T00:00:00
741,96,Donald,Hernandez,donald.hernandez@piedpiper.com,+1-639-277-5188,CTO,End User,2024-10-30T00:00:00
742,697,Michael,Robinson,michael.robinson@acme.com,+1-606-292-2945,Product Manager,Champion,2024-12-30T00:00:00
743,608,Barbara,Harris,barbara.harris@waystar.io,+1-515-730-8195,VP of Engineering,Blocker,2024-06-24T00:00:00
744,302,Richard,Gonzalez,richard.gonzalez@piedpiper.com,+1-284-974-5085,Data Engineer,End User,2021-11-20T00:00:00
745,387,Anthony,Davis,anthony.davis@globex.com,+1-681-505-8003,IT Manager,Technical Evaluator,2024-11-05T00:00:00
746,757,Steven,Miller,steven.miller@initech.com,+1-355-136-5598,IT Manager,Blocker,2021-05-24T00:00:00
747,176,Lisa,Davis,lisa.davis@acme.com,+1-679-920-1983,VP of Sales,Coach,2024-03-18T00:00:00
748,906,Charles,Walker,charles.walker,+1-907-100-8141,DevOps Lead,Coach,2023-08-19T00:00:00
749,333,Karen,Williams,karen.williams@piedpiper.com,+1-248-513-9909,Head of Data,Economic Buyer,2024-03-01T00:00:00
750,636,Charles,White,charles.white@globex.com,+1-972-158-4901,Data Engineer,Technical Evaluator,2024-04-12T00:00:00
751,127,Mary,Johnson,mary.johnson,,Head of Security,End User,2022-04-17T00:00:00
752,623,Charles,Lee,charles.lee@acme.com,+1-334-541-3715,Head of Security,Champion,2024-02-24T00:00:00
753,918,James,Brown,james.brown@acme.com,+1-718-544-9482,IT Manager,Blocker,2024-11-29T00:00:00
754,922,Robert,Garcia,robert.garcia@piedpiper.com,+1-351-371-4154,COO,Technical Evaluator,2024-07-01T00:00:00
755,731,Richard,Smith,richard.smith@acme.com,+1-380-853-2980,VP of Engineering,Coach,2024-07-24T00:00:00
756,371,Michael,Jackson,michael.jackson@umbrella.co,+1-222-705-3000,Product Manager,Economic Buyer,2024-11-25T00:00:00
757,484,Steven,Clark,steven.clark@initech.com,+1-509-370-7291,CTO,Champion,2022-07-22T00:00:00
758,867,Linda,Robinson,linda.robinson@acme.com,+1-556-528-6945,VP of Sales,Technical Evaluator,2023-09-23T00:00:00
759,997,Michael,Martin,michael.martin@piedpiper.com,+1-212-825-6430,VP of Engineering,Champion,2024-05-09T00:00:00
760,907,Jessica,Davis,jessica.davis@waystar.io,+1-753-506-6006,Head of Security,End User,2024-08-03T00:00:00
761,375,Richard,Taylor,richard.taylor@piedpiper.com,+1-813-701-8097,Head of Security,Champion,2023-11-19T00:00:00
762,158,Thomas,Thomas,thomas.thomas@acme.com,+1-387-802-9136,IT Manager,Champion,2024-01-17T00:00:00
763,241,Elizabeth,Johnson,,+1-802-859-7474,Director of IT,Technical Evaluator,2024-09-15T00:00:00
764,440,John,Williams,john.williams@waystar.io,+1-621-435-2167,DevOps Lead,Economic Buyer,2021-07-07T00:00:00
765,777,Donald,Rodriguez,donald.rodriguez@piedpiper.com,,CFO,Technical Evaluator,2021-04-20T00:00:00
766,204,Nancy,Clark,nancy.clark@umbrella.co,+1-669-822-6891,VP of Infrastructure,Blocker,2024-12-04T00:00:00
767,716,Donald,Anderson,donald.anderson@waystar.io,+1-311-620-6232,VP of Sales,Coach,2024-12-10T00:00:00
768,599,Thomas,Moore,thomas.moore@waystar.io,+1-751-775-2596,Head of Data,End User,2021-07-22T00:00:00
769,563,James,Rodriguez,james.rodriguez@waystar.io,+1-941-660-5217,Product Manager,Economic Buyer,2024-11-11T00:00:00
770,697,Thomas,Garcia,thomas.garcia@umbrella.co,+1-876-555-7003,COO,Blocker,2024-11-16T00:00:00
771,689,Michelle,Robinson,michelle.robinson@globex.com,+1-574-393-2092,Solutions Architect,Champion,2024-09-12T00:00:00
772,433,James,Martinez,james.martinez@initech.com,+1-506-391-7952,IT Manager,Technical Evaluator,2024-10-20T00:00:00
773,179,Patricia,Perez,patricia.perez@umbrella.co,+1-684-935-2188,CFO,Champion,2022-10-29T00:00:00
774,532,Thomas,Taylor,thomas.taylor@globex.com,+1-444-129-9832,Data Engineer,Champion,2021-06-07T00:00:00
775,261,David,Johnson,david.johnson@acme.com,+1-937-433-8624,VP of Product,Coach,2024-09-01T00:00:00
776,948,Charles,Jackson,charles.jackson@acme.com,,VP of Engineering,Economic Buyer,2024-12-25T00:00:00
777,208,Ashley,Davis,ashley.davis@initech.com,+1-299-675-5397,Data Engineer,Blocker,2022-02-18T00:00:00
778,446,Elizabeth,Thompson,elizabeth.thompson@initech.com,+1-454-904-3122,DevOps Lead,End User,2024-10-10T00:00:00
779,368,Linda,Moore,linda.moore@piedpiper.com,+1-747-530-1770,CEO,End User,2021-11-03T00:00:00
780,502,Joshua,Martinez,joshua.martinez@umbrella.co,+1-493-543-5862,CEO,End User,2022-02-24T00:00:00
781,636,Lisa,Johnson,lisa.johnson@globex.com,+1-953-723-1897,Director of Operations,Champion,2024-11-15T00:00:00
782,577,Joshua,Davis,joshua.davis@acme.com,+1-902-882-7254,IT Manager,Champion,2024-10-30T00:00:00
783,250,Lisa,Hernandez,lisa.hernandez,,IT Manager,Champion,2024-06-21T00:00:00
784,385,Christopher,Brown,christopher.brown@waystar.io,+1-875-455-5776,Engineering Manager,Champion,2024-11-04T00:00:00
785,349,Karen,Ramirez,karen.ramirez@piedpiper.com,,VP of Infrastructure,Economic Buyer,2024-09-15T00:00:00
786,651,James,Davis,james.davis@initech.com,+1-805-333-5210,COO,Blocker,2024-11-09T00:00:00
787,833,Barbara,Anderson,barbara.anderson@umbrella.co,,CTO,Blocker,2024-09-12T00:00:00
788,826,Christopher,Smith,christopher.smith@waystar.io,,VP of Sales,Technical Evaluator,2024-02-26T00:00:00
789,739,Christopher,Garcia,christopher.garcia@globex.com,,CTO,Coach,2024-11-03T00:00:00
790,867,John,White,john.white@piedpiper.com,+1-777-344-8584,Director of Marketing,Coach,2023-07-13T00:00:00
791,755,Barbara,Ramirez,barbara.ramirez@globex.com,+1-943-546-7583,DevOps Lead,Coach,2022-12-18T00:00:00
792,227,Linda,Garcia,linda.garcia@umbrella.co,,Engineering Manager,Technical Evaluator,2023-07-30T00:00:00
793,415,David,Thomas,david.thomas@piedpiper.com,+1-643-193-8909,Solutions Architect,Champion,2024-08-20T00:00:00
794,504,Patricia,Smith,patricia.smith@waystar.io,+1-268-289-6553,CFO,Champion,2023-01-12T00:00:00
795,789,Elizabeth,Hernandez,elizabeth.hernandez@umbrella.co,+1-894-389-8240,VP of Sales,Champion,2024-03-28T00:00:00
796,885,Ashley,Smith,ashley.smith@umbrella.co,+1-822-114-3536,Product Manager,Champion,2020-04-25T00:00:00
797,312,Jennifer,Williams,jennifer.williams@initech.com,+1-808-315-2896,Head of Data,Technical Evaluator,2024-09-28T00:00:00
798,881,Michelle,Lopez,michelle.lopez@piedpiper.com,+1-914-690-8014,IT Manager,Technical Evaluator,2024-05-14T00:00:00
799,745,Barbara,Wilson,barbara.wilson@initech.com,+1-628-960-8094,Director of Operations,Coach,2024-09-27T00:00:00
800,328,Sandra,Johnson,sandra.johnson@umbrella.co,+1-473-539-7285,VP of Engineering,End User,2024-10-08T00:00:00
801,929,Ashley,Smith,ashley.smith@piedpiper.com,,Solutions Architect,End User,2022-11-06T00:00:00
802,352,John,Miller,john.miller@piedpiper.com,+1-817-888-7543,VP of Infrastructure,Economic Buyer,2024-01-29T00:00:00
803,666,Charles,Rodriguez,charles.rodriguez@acme.com,+1-546-487-5842,Director of Marketing,Coach,2023-12-31T00:00:00
804,944,Matthew,Martin,matthew.martin@waystar.io,+1-484-361-9896,Product Manager,Champion,2024-11-15T00:00:00
805,815,Jennifer,Taylor,jennifer.taylor@piedpiper.com,+1-750-975-7460,Product Manager,Champion,2024-12-22T00:00:00
806,854,Sandra,Williams,sandra.williams@umbrella.co,+1-828-847-2349,Director of IT,Champion,2022-07-30T00:00:00
807,606,Matthew,Thomas,matthew.thomas@waystar.io,+1-834-490-4528,VP of Product,End User,2024-06-14T00:00:00
808,962,Karen,Lee,karen.lee@umbrella.co,+1-259-255-7559,Product Manager,End User,2024-04-24T00:00:00
809,1,Margaret,Perez,margaret.perez@piedpiper.com,+1-785-624-8476,VP of Infrastructure,Champion,2023-08-24T00:00:00
810,547,Anthony,Martinez,anthony.martinez@initech.com,+1-353-152-2149,CFO,End User,2023-05-18T00:00:00
811,619,Donna,Williams,donna.williams@umbrella.co,+1-532-576-3332,CEO,Technical Evaluator,2021-10-26T00:00:00
812,501,Donna,Sanchez,donna.sanchez@umbrella.co,+1-801-123-9675,Data Engineer,End User,2021-06-17T00:00:00
813,337,Paul,Wilson,paul.wilson@acme.com,+1-592-102-2746,Engineering Manager,Technical Evaluator,2024-12-06T00:00:00
814,661,Michelle,White,michelle.white@acme.com,+1-552-497-6993,Head of Data,Coach,2023-01-28T00:00:00
815,786,Robert,Moore,robert.moore@piedpiper.com,+1-515-336-5394,Head of Data,Champion,2024-07-10T00:00:00
816,220,Sarah,Miller,sarah.miller@acme.com,+1-316-979-4953,DevOps Lead,Champion,2023-11-11T00:00:00
817,595,Michelle,Thompson,michelle.thompson@piedpiper.com,+1-844-716-4120,Director of IT,Technical Evaluator,2023-09-09T00:00:00
818,482,Karen,Martinez,karen.martinez@initech.com,+1-865-895-8910,DevOps Lead,Blocker,2023-05-27T00:00:00
819,180,Andrew,Williams,andrew.williams@globex.com,+1-766-827-3721,VP of Infrastructure,End User,2023-09-15T00:00:00
820,921,Patricia,Lopez,patricia.lopez@umbrella.co,+1-792-900-6372,Director of Operations,Coach,2024-12-03T00:00:00
821,188,David,Thompson,david.thompson@piedpiper.com,+1-815-700-1318,Director of Marketing,Technical Evaluator,2022-09-14T00:00:00
822,333,Sandra,Walker,sandra.walker@umbrella.co,+1-740-574-4604,Chief Revenue Officer,Economic Buyer,2024-07-03T00:00:00
823,709,Charles,Thompson,charles.thompson@waystar.io,+1-495-987-8543,Director of Marketing,Economic Buyer,2022-07-20T00:00:00
824,375,James,Jones,james.jones@umbrella.co,+1-569-999-9471,Chief Revenue Officer,Economic Buyer,2023-11-30T00:00:00
825,796,Elizabeth,Smith,elizabeth.smith@initech.com,+1-710-740-2628,Director of Operations,Economic Buyer,2024-06-10T00:00:00
826,885,Matthew,Thomas,matthew.thomas@waystar.io,+1-762-851-9891,Engineering Manager,Champion,2023-03-18T00:00:00
827,811,Donna,Gonzalez,donna.gonzalez@globex.com,+1-466-485-5210,Solutions Architect,Economic Buyer,2024-07-27T00:00:00
828,636,Donald,Wilson,donald.wilson@acme.com,+1-311-992-5524,IT Manager,Coach,2023-07-14T00:00:00
829,330,John,Johnson,john.johnson@globex.com,+1-513-498-8768,VP of Infrastructure,Coach,2024-05-11T00:00:00
830,915,James,Hernandez,james.hernandez@umbrella.co,+1-840-518-1957,Director of Marketing,Blocker,2024-05-17T00:00:00
831,885,Jessica,Walker,jessica.walker@umbrella.co,+1-997-338-3908,CFO,Coach,2024-08-01T00:00:00
832,805,Sarah,Taylor,sarah.taylor@piedpiper.com,,Data Engineer,Technical Evaluator,2024-11-30T00:00:00
833,942,Lisa,Moore,lisa.moore@piedpiper.com,+1-907-883-4352,COO,End User,2024-02-01T00:00:00
834,139,William,Clark,william.clark@piedpiper.com,+1-796-509-8134,Director of IT,Technical Evaluator,2024-01-15T00:00:00
835,345,Anthony,Smith,anthony.smith@initech.com,+1-427-246-8222,Engineering Manager,Technical Evaluator,2024-05-05T00:00:00
836,418,Christopher,Davis,christopher.davis@globex.com,,Data Engineer,Technical Evaluator,2024-09-03T00:00:00
837,710,David,Wilson,david.wilson@umbrella.co,+1-400-143-5169,Solutions Architect,Coach,2024-07-15T00:00:00
838,324,Anthony,Taylor,anthony.taylor@waystar.io,+1-652-679-6690,Solutions Architect,Champion,2024-04-28T00:00:00
839,254,Matthew,Rodriguez,matthew.rodriguez@waystar.io,+1-644-813-6000,COO,Champion,2023-03-26T00:00:00
840,314,Patricia,Thompson,patricia.thompson@waystar.io,+1-339-883-9819,CFO,Champion,2024-05-20T00:00:00
841,875,Robert,Miller,robert.miller@piedpiper.com,+1-802-393-9695,Director of IT,Technical Evaluator,2023-04-19T00:00:00
842,86,David,Davis,david.davis@acme.com,+1-389-889-2743,Chief Revenue Officer,Technical Evaluator,2023-01-22T00:00:00
843,696,Richard,White,richard.white@acme.com,+1-625-793-6155,VP of Infrastructure,End User,2022-08-04T00:00:00
844,351,Betty,Jackson,betty.jackson@waystar.io,+1-771-401-3178,Director of Operations,Champion,2024-12-25T00:00:00
845,763,Jennifer,Perez,jennifer.perez@waystar.io,+1-698-365-3182,Data Engineer,End User,2023-03-21T00:00:00
846,508,Joseph,Thompson,joseph.thompson@waystar.io,+1-331-298-2309,Head of Data,Economic Buyer,2024-12-20T00:00:00
847,77,Sarah,Jones,sarah.jones@initech.com,+1-399-878-8708,COO,Technical Evaluator,2024-06-29T00:00:00
848,375,Lisa,Harris,lisa.harris@umbrella.co,+1-399-593-1257,COO,End User,2024-11-02T00:00:00
849,987,Barbara,Moore,barbara.moore@acme.com,+1-469-242-9572,Product Manager,Economic Buyer,2024-03-06T00:00:00
850,796,William,Jones,william.jones,+1-381-753-7336,VP of Engineering,Economic Buyer,2024-06-10T00:00:00
851,600,Karen,Anderson,karen.anderson,+1-588-345-2949,Director of Marketing,Champion,2024-04-11T00:00:00
852,624,Elizabeth,Davis,elizabeth.davis@piedpiper.com,+1-287-132-4316,VP of Sales,Champion,2024-11-01T00:00:00
853,738,Michelle,Martin,michelle.martin@umbrella.co,+1-415-702-2659,Chief Revenue Officer,Technical Evaluator,2024-07-23T00:00:00
854,76,Andrew,Lopez,andrew.lopez@initech.com,+1-979-747-2206,IT Manager,Champion,2021-07-07T00:00:00
855,75,Elizabeth,Smith,elizabeth.smith@globex.com,+1-261-706-7277,Head of Security,End User,2024-08-13T00:00:00
856,382,Michael,Lee,michael.lee@globex.com,+1-980-733-1385,Engineering Manager,End User,2021-03-12T00:00:00
857,923,Jennifer,Brown,jennifer.brown@waystar.io,+1-484-695-6310,Director of Operations,Champion,2024-03-21T00:00:00
858,310,Paul,Anderson,paul.anderson@umbrella.co,+1-523-491-2057,Engineering Manager,Technical Evaluator,2022-01-21T00:00:00
859,115,Andrew,Jackson,andrew.jackson@acme.com,+1-997-903-8641,Product Manager,Economic Buyer,2024-10-06T00:00:00
860,294,Matthew,Williams,matthew.williams@acme.com,+1-732-281-9626,VP of Sales,Champion,2024-10-19T00:00:00
861,174,Michael,Moore,michael.moore@umbrella.co,+1-495-647-1939,,Economic Buyer,2024-03-20T00:00:00
862,608,Jennifer,Moore,jennifer.moore@acme.com,+1-211-462-7117,CFO,Blocker,2024-05-22T00:00:00
863,1000,Andrew,Lee,andrew.lee,+1-899-862-6979,Head of Data,Coach,2024-07-07T00:00:00
864,783,Margaret,Miller,margaret.miller@piedpiper.com,+1-219-357-1308,VP of Product,Economic Buyer,2023-11-03T00:00:00
865,793,Susan,Smith,susan.smith@waystar.io,+1-761-979-5734,Director of Operations,Blocker,2024-11-18T00:00:00
866,916,Mark,Gonzalez,mark.gonzalez@initech.com,+1-361-614-9500,COO,Champion,2023-09-13T00:00:00
867,216,Michelle,Harris,michelle.harris@acme.com,+1-815-324-5379,COO,End User,2024-04-23T00:00:00
868,379,Christopher,Jackson,christopher.jackson@acme.com,+1-581-396-9098,IT Manager,Technical Evaluator,2024-08-04T00:00:00
869,114,Jessica,Harris,jessica.harris@acme.com,+1-412-555-6528,Solutions Architect,Economic Buyer,2023-07-07T00:00:00
870,438,Linda,Lopez,linda.lopez@initech.com,+1-445-614-9141,Director of Marketing,Technical Evaluator,2023-04-12T00:00:00
871,591,Mark,Lopez,mark.lopez@acme.com,+1-565-223-2878,Chief Revenue Officer,Blocker,2024-12-22T00:00:00
872,843,Joshua,Sanchez,joshua.sanchez,+1-606-863-2654,Solutions Architect,Technical Evaluator,2024-11-23T00:00:00
873,351,Jessica,Anderson,jessica.anderson@acme.com,+1-400-231-3109,Product Manager,Technical Evaluator,2024-12-20T00:00:00
874,974,Susan,Smith,susan.smith@piedpiper.com,,Director of Operations,Economic Buyer,2023-11-14T00:00:00
875,318,William,Lopez,william.lopez@acme.com,+1-205-785-7302,VP of Sales,Coach,2022-09-02T00:00:00
876,12,Donald,Smith,,+1-344-914-7998,Chief Revenue Officer,Champion,2024-10-11T00:00:00
877,351,Joshua,Anderson,joshua.anderson@piedpiper.com,+1-364-502-6119,Director of Operations,Blocker,2024-12-09T00:00:00
878,145,Daniel,Lee,daniel.lee@umbrella.co,+1-363-467-9235,VP of Sales,Champion,2024-01-30T00:00:00
879,702,Michael,Garcia,michael.garcia@initech.com,+1-231-413-6475,Engineering Manager,Blocker,2024-10-31T00:00:00
880,688,Charles,Lewis,charles.lewis@umbrella.co,+1-655-450-8248,Data Engineer,Economic Buyer,2024-05-22T00:00:00
881,70,Daniel,Smith,daniel.smith@globex.com,+1-594-116-4514,IT Manager,Champion,2021-02-24T00:00:00
882,452,Ashley,Moore,ashley.moore@waystar.io,+1-712-173-1313,Chief Revenue Officer,Technical Evaluator,2024-04-10T00:00:00
883,383,Sandra,Perez,sandra.perez@initech.com,+1-512-501-9635,CTO,Champion,2023-09-23T00:00:00
884,849,Nancy,Anderson,nancy.anderson@acme.com,+1-955-421-8685,Head of Data,Blocker,2024-10-24T00:00:00
885,672,Richard,Lewis,richard.lewis@piedpiper.com,+1-835-263-5636,Chief Revenue Officer,Economic Buyer,2024-03-20T00:00:00
886,879,David,Jones,david.jones@acme.com,+1-654-842-7790,CFO,Economic Buyer,2024-11-04T00:00:00
887,905,Jessica,Wilson,jessica.wilson@waystar.io,,VP of Product,Blocker,2024-09-06T00:00:00
888,752,Daniel,Robinson,daniel.robinson@globex.com,+1-789-266-2329,Head of Data,Economic Buyer,2024-07-18T00:00:00
889,767,Andrew,Thomas,andrew.thomas@waystar.io,+1-414-606-4948,Director of IT,Champion,2024-03-22T00:00:00
890,705,Donna,Clark,donna.clark@initech.com,+1-903-346-3482,CFO,Blocker,2021-10-21T00:00:00
891,723,Joseph,White,joseph.white@globex.com,+1-954-327-7271,VP of Sales,Blocker,2024-12-02T00:00:00
892,449,Kimberly,Miller,kimberly.miller@piedpiper.com,+1-732-622-7198,IT Manager,Champion,2024-07-22T00:00:00
893,821,Robert,Moore,robert.moore@globex.com,+1-263-286-1658,IT Manager,Technical Evaluator,2023-02-14T00:00:00
894,719,Michael,Wilson,michael.wilson@waystar.io,+1-600-841-8271,Product Manager,Technical Evaluator,2023-06-29T00:00:00
895,991,Robert,Clark,robert.clark@acme.com,+1-941-490-2211,COO,Economic Buyer,2024-11-23T00:00:00
896,775,Lisa,Brown,lisa.brown@globex.com,+1-982-299-2185,Director of Marketing,End User,2023-12-15T00:00:00
897,909,William,Jones,william.jones@umbrella.co,+1-805-847-5753,Director of Operations,Economic Buyer,2024-12-25T00:00:00
898,792,Charles,Wilson,charles.wilson@umbrella.co,+1-832-718-5216,Chief Revenue Officer,Economic Buyer,2024-05-18T00:00:00
899,693,Elizabeth,Lee,elizabeth.lee@piedpiper.com,+1-736-443-4436,VP of Sales,Technical Evaluator,2024-12-27T00:00:00
900,733,Robert,Garcia,robert.garcia@acme.com,+1-361-547-9033,VP of Infrastructure,Economic Buyer,2022-11-24T00:00:00
901,388,Richard,Jackson,richard.jackson,+1-904-754-4536,Head of Security,End User,2024-12-20T00:00:00
902,925,Margaret,Anderson,margaret.anderson@acme.com,+1-894-774-2959,Chief Revenue Officer,Champion,2023-03-10T00:00:00
903,306,Steven,White,steven.white@umbrella.co,+1-474-807-8353,Solutions Architect,Coach,2024-11-08T00:00:00
904,96,Michael,Jones,michael.jones@umbrella.co,+1-947-282-5198,Chief Revenue Officer,End User,2024-08-25T00:00:00
905,301,Mary,Ramirez,mary.ramirez@globex.com,+1-471-748-4607,Head of Data,Economic Buyer,2024-09-08T00:00:00
906,647,Sarah,Harris,sarah.harris@piedpiper.com,+1-655-992-2634,Engineering Manager,Blocker,2024-04-25T00:00:00
907,88,John,Garcia,john.garcia@initech.com,+1-752-204-4434,CFO,Technical Evaluator,2023-10-12T00:00:00
908,72,Robert,Clark,robert.clark@globex.com,+1-919-175-4937,COO,Champion,2022-11-24T00:00:00
909,564,Andrew,Garcia,andrew.garcia,+1-622-627-6013,Chief Revenue Officer,Technical Evaluator,2024-11-10T00:00:00
910,99,Jessica,Taylor,jessica.taylor@waystar.io,+1-458-762-8246,IT Manager,Blocker,2024-03-02T00:00:00
911,370,Betty,Perez,betty.perez@umbrella.co,+1-431-980-5348,CTO,Economic Buyer,2023-08-10T00:00:00
912,678,William,Williams,william.williams@umbrella.co,+1-420-690-5833,VP of Sales,Champion,2024-02-09T00:00:00
913,514,Patricia,Williams,patricia.williams@umbrella.co,+1-302-208-2663,Director of Operations,End User,2023-09-22T00:00:00
914,245,Charles,Lee,charles.lee@globex.com,,Engineering Manager,Economic Buyer,2024-12-29T00:00:00
915,485,Paul,Williams,paul.williams@umbrella.co,+1-282-166-2730,VP of Product,Economic Buyer,2021-10-01T00:00:00
916,554,Matthew,Thompson,matthew.thompson@globex.com,+1-547-331-1821,Director of Marketing,Technical Evaluator,2023-03-28T00:00:00
917,922,Christopher,Johnson,christopher.johnson@initech.com,+1-419-607-8543,VP of Sales,Technical Evaluator,2024-11-18T00:00:00
918,134,Daniel,Smith,daniel.smith@umbrella.co,+1-226-192-3966,IT Manager,Technical Evaluator,2024-07-10T00:00:00
919,217,Joshua,Clark,joshua.clark@waystar.io,+1-861-778-8608,Director of Marketing,Economic Buyer,2023-05-31T00:00:00
920,834,Joshua,Garcia,joshua.garcia@acme.com,+1-393-655-6418,VP of Sales,Economic Buyer,2024-07-01T00:00:00
921,46,Joshua,Lopez,joshua.lopez@waystar.io,+1-856-831-5795,DevOps Lead,Champion,2022-01-13T00:00:00
922,780,Thomas,Harris,thomas.harris,+1-500-253-8045,Chief Revenue Officer,Coach,2023-02-13T00:00:00
923,912,Margaret,Martinez,margaret.martinez@initech.com,+1-228-555-8501,COO,Technical Evaluator,2023-06-04T00:00:00
924,899,Anthony,Rodriguez,anthony.rodriguez@piedpiper.com,+1-736-684-1302,COO,Champion,2022-11-24T00:00:00
925,625,Patricia,Rodriguez,patricia.rodriguez@initech.com,+1-843-431-8548,Head of Security,Champion,2024-11-25T00:00:00
926,18,Robert,Robinson,robert.robinson@acme.com,+1-719-669-6409,VP of Sales,Blocker,2024-05-01T00:00:00
927,367,Nancy,Martin,nancy.martin@globex.com,+1-704-578-3071,IT Manager,Economic Buyer,2024-01-03T00:00:00
928,624,Matthew,Robinson,matthew.robinson@umbrella.co,+1-208-633-3383,VP of Product,Economic Buyer,2024-10-21T00:00:00
929,245,Joshua,Harris,joshua.harris@globex.com,+1-265-805-7766,Director of Marketing,Champion,2024-12-31T00:00:00
930,469,Barbara,Brown,barbara.brown@initech.com,+1-761-508-5052,DevOps Lead,Champion,2024-05-27T00:00:00
931,154,Jessica,Wilson,jessica.wilson@globex.com,+1-679-562-5576,Director of IT,Technical Evaluator,2022-07-08T00:00:00
932,734,Michael,Brown,michael.brown@initech.com,+1-579-329-2830,IT Manager,Champion,2023-11-14T00:00:00
933,637,Jessica,Taylor,jessica.taylor@waystar.io,+1-840-126-7117,IT Manager,Champion,2024-08-29T00:00:00
934,58,Sarah,Williams,sarah.williams@piedpiper.com,,CEO,Coach,2022-11-11T00:00:00
935,357,Emily,Thompson,emily.thompson,+1-607-185-8381,Product Manager,Technical Evaluator,2024-06-23T00:00:00
936,820,Kimberly,Hernandez,kimberly.hernandez@waystar.io,+1-698-850-2455,Director of Operations,Champion,2024-12-29T00:00:00
937,438,Susan,Walker,,+1-680-111-3044,CFO,Technical Evaluator,2022-02-20T00:00:00
938,202,Donna,Walker,donna.walker@globex.com,+1-203-914-6084,CFO,Technical Evaluator,2023-08-07T00:00:00
939,299,Betty,Lee,betty.lee@waystar.io,+1-462-576-9687,CFO,Champion,2022-02-09T00:00:00
940,229,John,Perez,john.perez@globex.com,+1-381-943-8328,VP of Engineering,Economic Buyer,2023-03-25T00:00:00
941,306,Andrew,Taylor,andrew.taylor@globex.com,+1-706-696-2351,DevOps Lead,Technical Evaluator,2024-03-20T00:00:00
942,276,Elizabeth,Walker,,+1-847-773-7704,CTO,End User,2024-08-15T00:00:00
943,804,Barbara,Anderson,barbara.anderson@umbrella.co,+1-505-672-8721,VP of Engineering,Economic Buyer,2024-07-02T00:00:00
944,292,John,Harris,john.harris,+1-709-775-4348,DevOps Lead,Economic Buyer,2023-05-03T00:00:00
945,282,William,Miller,william.miller@acme.com,+1-301-443-6353,DevOps Lead,Technical Evaluator,2022-05-10T00:00:00
946,804,Jennifer,Hernandez,jennifer.hernandez@waystar.io,+1-338-948-6279,Director of IT,Economic Buyer,2024-11-21T00:00:00
947,708,Daniel,Lee,daniel.lee@acme.com,+1-939-461-9203,VP of Infrastructure,Blocker,2024-12-28T00:00:00
948,706,Patricia,Johnson,patricia.johnson@umbrella.co,+1-209-901-5831,CFO,Technical Evaluator,2020-11-15T00:00:00
949,194,Nancy,Lewis,nancy.lewis@globex.com,+1-469-149-2941,Solutions Architect,Champion,2023-01-01T00:00:00
950,466,Joseph,Lewis,joseph.lewis@initech.com,+1-688-598-2561,IT Manager,Technical Evaluator,2022-10-11T00:00:00
951,724,Margaret,Wilson,,+1-760-840-2312,Director of IT,Technical Evaluator,2023-07-02T00:00:00
952,774,Susan,Brown,susan.brown@waystar.io,+1-996-825-1327,Director of Operations,Champion,2024-11-30T00:00:00
953,322,Mark,Sanchez,mark.sanchez@initech.com,+1-482-735-7250,Director of Operations,Technical Evaluator,2024-12-30T00:00:00
954,481,Christopher,Thompson,christopher.thompson@piedpiper.com,+1-370-352-8465,Product Manager,Technical Evaluator,2023-11-23T00:00:00
955,861,Ashley,Clark,ashley.clark@umbrella.co,+1-814-393-1883,VP of Engineering,Technical Evaluator,2023-03-13T00:00:00
956,379,Sandra,Smith,sandra.smith@acme.com,+1-267-287-1819,Head of Data,End User,2024-09-15T00:00:00
957,460,Sandra,Hernandez,sandra.hernandez@waystar.io,+1-627-880-8300,Director of IT,Technical Evaluator,2024-10-11T00:00:00
958,885,William,Thomas,william.thomas,+1-882-253-6050,Head of Data,Champion,2024-03-07T00:00:00
959,736,Donna,Gonzalez,donna.gonzalez@initech.com,+1-909-992-1894,Engineering Manager,Champion,2024-10-18T00:00:00
960,297,Mary,Davis,mary.davis@waystar.io,,VP of Product,Coach,2024-10-13T00:00:00
961,391,Jessica,Moore,jessica.moore@umbrella.co,+1-477-300-7266,VP of Sales,End User,2022-09-28T00:00:00
962,34,Barbara,White,barbara.white@initech.com,,,End User,2024-01-14T00:00:00
963,419,Charles,Sanchez,charles.sanchez@acme.com,+1-919-328-4057,CEO,Technical Evaluator,2024-09-17T00:00:00
964,8,Betty,Thompson,betty.thompson@waystar.io,+1-996-108-1642,Head of Data,End User,2023-07-02T00:00:00
965,667,Emily,Lewis,emily.lewis,+1-243-593-3649,Solutions Architect,Blocker,2024-11-04T00:00:00
966,596,Mary,White,mary.white@piedpiper.com,+1-673-492-8732,Head of Security,End User,2024-08-12T00:00:00
967,207,Margaret,Miller,margaret.miller@umbrella.co,+1-589-362-2172,Director of Marketing,Champion,2024-06-17T00:00:00
968,719,Anthony,Robinson,anthony.robinson@piedpiper.com,+1-955-731-1536,Director of Operations,Champion,2024-07-29T00:00:00
969,405,Sandra,Sanchez,sandra.sanchez@waystar.io,+1-584-822-1626,Chief Revenue Officer,End User,2022-11-14T00:00:00
970,135,Kimberly,Taylor,kimberly.taylor,+1-971-988-3973,VP of Engineering,Champion,2023-06-27T00:00:00
971,146,David,Williams,david.williams@umbrella.co,+1-809-967-2410,Director of Operations,Economic Buyer,2024-12-11T00:00:00
972,554,Patricia,Walker,patricia.walker@umbrella.co,+1-290-442-8871,CEO,End User,2023-05-16T00:00:00
973,638,Ashley,Davis,ashley.davis@umbrella.co,+1-506-427-3630,COO,Champion,2024-08-22T00:00:00
974,615,Patricia,Robinson,,,VP of Product,Technical Evaluator,2024-06-09T00:00:00
975,396,Jessica,Hernandez,jessica.hernandez@umbrella.co,+1-244-194-9208,Director of Operations,End User,2023-02-03T00:00:00
976,277,Paul,Sanchez,paul.sanchez@acme.com,+1-530-914-8157,DevOps Lead,Technical Evaluator,2022-03-26T00:00:00
977,112,Jessica,Martin,jessica.martin@umbrella.co,+1-329-538-1936,Chief Revenue Officer,Technical Evaluator,2022-08-02T00:00:00
978,938,Michael,Perez,michael.perez@globex.com,+1-495-699-4577,IT Manager,Champion,2024-07-29T00:00:00
979,809,Anthony,Davis,anthony.davis@initech.com,+1-251-490-9851,CFO,End User,2023-04-04T00:00:00
980,378,Barbara,Hernandez,barbara.hernandez@piedpiper.com,+1-241-262-4100,Chief Revenue Officer,Coach,2023-01-06T00:00:00
981,758,Mary,Lee,mary.lee@initech.com,+1-337-372-2097,Head of Data,Technical Evaluator,2023-08-18T00:00:00
982,520,Richard,Lopez,richard.lopez@acme.com,+1-287-459-9687,Head of Data,Technical Evaluator,2023-11-29T00:00:00
983,565,William,Lopez,william.lopez@umbrella.co,+1-655-859-6573,Chief Revenue Officer,Technical Evaluator,2024-11-19T00:00:00
984,846,Betty,Thomas,betty.thomas@globex.com,,VP of Engineering,Coach,2023-11-30T00:00:00
985,250,Karen,Clark,karen.clark@initech.com,+1-278-138-3463,Engineering Manager,Economic Buyer,2024-11-03T00:00:00
986,297,Daniel,Lee,daniel.lee@initech.com,+1-865-778-7713,Product Manager,Technical Evaluator,2024-10-23T00:00:00
987,620,Matthew,Garcia,matthew.garcia@initech.com,+1-922-194-7418,VP of Engineering,Blocker,2023-11-15T00:00:00
988,174,Barbara,Johnson,barbara.johnson@acme.com,+1-854-931-8285,DevOps Lead,Champion,2023-04-12T00:00:00
989,361,Matthew,Moore,matthew.moore,+1-908-330-4097,Engineering Manager,End User,2024-08-07T00:00:00
990,677,Nancy,Rodriguez,nancy.rodriguez@piedpiper.com,+1-802-848-6271,Director of Marketing,Economic Buyer,2023-01-10T00:00:00
991,704,Robert,Smith,robert.smith@umbrella.co,+1-455-435-1211,COO,Blocker,2022-09-12T00:00:00
992,492,Paul,Lewis,paul.lewis@waystar.io,+1-931-348-2365,CTO,Blocker,2024-11-05T00:00:00
993,455,Elizabeth,Gonzalez,elizabeth.gonzalez@umbrella.co,+1-504-143-2189,Solutions Architect,Champion,2024-08-20T00:00:00
994,282,James,Wilson,james.wilson@acme.com,+1-478-669-8778,CTO,Champion,2023-03-02T00:00:00
995,837,Ashley,Harris,ashley.harris@globex.com,+1-236-223-3366,Data Engineer,Technical Evaluator,2024-05-24T00:00:00
996,219,Donna,Gonzalez,donna.gonzalez@piedpiper.com,+1-414-369-7878,Director of Marketing,Technical Evaluator,2021-12-03T00:00:00
997,319,Mary,Sanchez,mary.sanchez@acme.com,+1-532-672-7079,VP of Sales,Economic Buyer,2024-10-17T00:00:00
998,170,Patricia,Gonzalez,patricia.gonzalez@acme.com,+1-552-643-3611,VP of Product,Coach,2024-04-23T00:00:00
999,541,Richard,Thompson,richard.thompson@initech.com,+1-362-851-1922,Product Manager,Technical Evaluator,2024-11-26T00:00:00
1000,531,Donald,Davis,donald.davis@globex.com,,Engineering Manager,Coach,2024-04-01T00:00:00
1001,312,Jennifer,Martinez,jennifer.martinez@acme.com,+1-266-257-4189,VP of Sales,End User,2024-09-15T00:00:00
1002,395,Joseph,Johnson,joseph.johnson,+1-842-562-4381,Director of Operations,Economic Buyer,2024-12-17T00:00:00
1003,459,Barbara,Thompson,barbara.thompson@waystar.io,+1-997-409-8570,Head of Data,End User,2023-06-08T00:00:00
1004,112,Mary,Johnson,mary.johnson@acme.com,+1-418-942-3497,VP of Infrastructure,End User,2024-12-12T00:00:00
1005,12,Paul,White,paul.white@waystar.io,+1-503-780-8876,,Champion,2024-10-01T00:00:00
1006,297,Mary,Thompson,mary.thompson@waystar.io,+1-696-766-1002,,Technical Evaluator,2024-10-14T00:00:00
1007,516,John,Robinson,john.robinson,+1-642-709-4874,IT Manager,End User,2024-10-12T00:00:00
1008,999,Emily,Rodriguez,emily.rodriguez@piedpiper.com,+1-303-322-4616,Director of Marketing,Technical Evaluator,2024-11-17T00:00:00
1009,115,Michelle,Smith,michelle.smith@globex.com,+1-430-923-7419,COO,Technical Evaluator,2024-12-08T00:00:00
1010,899,Daniel,Lopez,daniel.lopez@globex.com,+1-654-450-2470,,Economic Buyer,2022-12-25T00:00:00
1011,801,Thomas,Moore,thomas.moore,+1-405-124-7293,Chief Revenue Officer,End User,2024-11-22T00:00:00
1012,200,Anthony,Wilson,anthony.wilson@initech.com,+1-250-655-5585,IT Manager,Champion,2024-06-27T00:00:00
1013,937,Lisa,Lee,lisa.lee@initech.com,+1-269-463-5185,VP of Sales,Blocker,2023-11-27T00:00:00
1014,790,Elizabeth,Lewis,elizabeth.lewis@piedpiper.com,,Director of IT,Blocker,2024-08-09T00:00:00
1015,397,Richard,Jackson,richard.jackson@waystar.io,+1-979-922-5613,Engineering Manager,End User,2023-10-27T00:00:00
1016,804,Thomas,Smith,thomas.smith@umbrella.co,+1-375-232-7048,Director of Marketing,Economic Buyer,2024-04-28T00:00:00
1017,135,Joseph,Sanchez,joseph.sanchez@acme.com,+1-777-700-6047,DevOps Lead,End User,2021-04-29T00:00:00
1018,147,Emily,Brown,emily.brown,+1-235-848-8804,Chief Revenue Officer,Technical Evaluator,2024-08-11T00:00:00
1019,300,James,Harris,james.harris@waystar.io,+1-484-596-2574,Director of Marketing,Blocker,2024-12-18T00:00:00
1020,797,Joshua,Smith,joshua.smith@globex.com,+1-277-569-4426,Head of Security,Champion,2024-02-07T00:00:00
1021,527,Emily,Hernandez,emily.hernandez@initech.com,+1-976-968-8280,Head of Security,Economic Buyer,2023-02-20T00:00:00
1022,57,Elizabeth,Brown,elizabeth.brown@waystar.io,+1-415-603-1678,Chief Revenue Officer,Technical Evaluator,2024-10-13T00:00:00
1023,647,Anthony,Ramirez,anthony.ramirez@acme.com,+1-616-209-6850,Director of Marketing,Technical Evaluator,2024-05-16T00:00:00
1024,80,Donna,Harris,donna.harris@acme.com,+1-477-201-5970,VP of Sales,Blocker,2023-08-10T00:00:00
1025,168,Karen,Moore,karen.moore@waystar.io,+1-946-744-5726,Director of IT,Champion,2022-05-04T00:00:00
1026,296,Kimberly,Martinez,kimberly.martinez@acme.com,+1-298-522-7704,Director of IT,Blocker,2021-08-28T00:00:00
1027,682,Paul,Williams,paul.williams@acme.com,+1-370-868-6615,Chief Revenue Officer,Champion,2023-06-27T00:00:00
1028,916,Matthew,Wilson,matthew.wilson,+1-245-637-2439,CFO,Champion,2024-12-24T00:00:00
1029,921,Jessica,Brown,jessica.brown@initech.com,+1-765-339-2573,Data Engineer,Coach,2024-11-03T00:00:00
1030,499,Margaret,Lopez,margaret.lopez@umbrella.co,+1-646-762-3997,CFO,Champion,2024-11-07T00:00:00
1031,18,Sarah,Wilson,sarah.wilson@waystar.io,+1-807-710-1809,VP of Engineering,Coach,2024-10-12T00:00:00
1032,528,William,Walker,william.walker@umbrella.co,+1-587-981-7212,VP of Engineering,End User,2023-04-17T00:00:00
1033,147,Jessica,Johnson,jessica.johnson@piedpiper.com,+1-675-929-8624,CFO,Economic Buyer,2024-11-29T00:00:00
1034,221,Mark,Lewis,,+1-304-533-1531,IT Manager,Technical Evaluator,2024-05-28T00:00:00
1035,556,Steven,Jackson,steven.jackson@waystar.io,+1-920-629-6939,Solutions Architect,Economic Buyer,2024-10-20T00:00:00
1036,558,Andrew,Lopez,andrew.lopez@waystar.io,+1-940-230-7779,Product Manager,Technical Evaluator,2021-04-07T00:00:00
1037,815,Richard,Martinez,richard.martinez@acme.com,+1-330-225-9292,VP of Sales,Technical Evaluator,2024-12-18T00:00:00
1038,860,Sarah,White,sarah.white@umbrella.co,+1-768-350-3029,DevOps Lead,Champion,2024-10-10T00:00:00
1039,647,Margaret,Johnson,margaret.johnson@globex.com,+1-496-924-5709,Solutions Architect,Technical Evaluator,2024-03-27T00:00:00
1040,684,Richard,Moore,richard.moore@piedpiper.com,+1-307-657-6974,CFO,Technical Evaluator,2024-12-11T00:00:00
1041,546,Nancy,Williams,nancy.williams@piedpiper.com,,Engineering Manager,Coach,2024-10-03T00:00:00
1042,240,Karen,Clark,karen.clark@acme.com,+1-487-167-7890,Director of Operations,End User,2023-10-07T00:00:00
1043,748,William,Brown,william.brown@waystar.io,+1-412-813-5878,Director of Marketing,End User,2024-11-12T00:00:00
1044,161,John,Lewis,john.lewis@globex.com,+1-899-529-2133,VP of Product,Technical Evaluator,2024-11-01T00:00:00
1045,770,Mary,Smith,mary.smith,+1-557-743-8837,Solutions Architect,Champion,2023-11-01T00:00:00
1046,504,Thomas,Martin,thomas.martin@waystar.io,+1-970-488-3629,Chief Revenue Officer,Champion,2023-09-08T00:00:00
1047,543,Sandra,Sanchez,sandra.sanchez@piedpiper.com,+1-444-124-7120,Solutions Architect,Champion,2024-03-29T00:00:00
1048,553,Joshua,Ramirez,joshua.ramirez@waystar.io,+1-652-456-4248,COO,Coach,2024-12-29T00:00:00
1049,945,Karen,Perez,,+1-479-818-8803,COO,Technical Evaluator,2024-11-06T00:00:00
1050,62,Patricia,Miller,patricia.miller@umbrella.co,+1-260-178-7229,CFO,Coach,2024-05-30T00:00:00
1051,433,Susan,Davis,susan.davis@initech.com,,,Economic Buyer,2023-01-11T00:00:00
1052,53,Joseph,Williams,joseph.williams@globex.com,+1-610-173-3773,IT Manager,Blocker,2021-09-06T00:00:00
1053,64,Paul,Thomas,paul.thomas@globex.com,+1-307-625-2263,VP of Engineering,Technical Evaluator,2024-02-27T00:00:00
1054,225,Richard,Miller,richard.miller@globex.com,+1-876-629-6669,CTO,Champion,2020-02-19T00:00:00
1055,523,Donald,Jackson,donald.jackson@acme.com,+1-702-652-8529,Head of Data,Economic Buyer,2024-07-10T00:00:00
1056,52,Sandra,Harris,sandra.harris@acme.com,+1-338-179-9653,VP of Engineering,Technical Evaluator,2022-08-18T00:00:00
1057,839,Donald,Hernandez,donald.hernandez,+1-506-764-5700,VP of Sales,Economic Buyer,2024-12-21T00:00:00
1058,66,Sarah,Brown,sarah.brown@piedpiper.com,+1-564-794-9888,Solutions Architect,Technical Evaluator,2024-08-17T00:00:00
1059,895,James,Thomas,james.thomas@initech.com,+1-319-754-2972,IT Manager,Technical Evaluator,2022-09-24T00:00:00
1060,193,Margaret,Martin,margaret.martin@initech.com,+1-806-453-6874,IT Manager,Blocker,2023-11-25T00:00:00
1061,539,Patricia,Wilson,patricia.wilson@acme.com,+1-613-439-2493,VP of Sales,End User,2024-02-15T00:00:00
1062,48,Joseph,Brown,joseph.brown@waystar.io,+1-325-799-7072,IT Manager,Coach,2024-07-04T00:00:00
1063,72,James,Wilson,james.wilson@globex.com,+1-613-309-6534,Head of Data,Economic Buyer,2021-03-21T00:00:00
1064,123,Patricia,Wilson,,+1-637-771-7842,IT Manager,Technical Evaluator,2022-09-24T00:00:00
1065,590,Joshua,White,joshua.white@acme.com,+1-212-484-3481,Director of Marketing,End User,2024-07-28T00:00:00
1066,414,John,Davis,john.davis@initech.com,+1-233-558-6457,Director of Operations,Blocker,2023-07-14T00:00:00
1067,555,Donald,Robinson,donald.robinson@piedpiper.com,+1-716-206-7904,DevOps Lead,Technical Evaluator,2024-09-27T00:00:00
1068,140,Christopher,Davis,christopher.davis@globex.com,+1-485-752-1945,VP of Infrastructure,End User,2024-12-18T00:00:00
1069,957,Patricia,Hernandez,patricia.hernandez@piedpiper.com,+1-692-534-5291,Director of IT,Champion,2024-08-07T00:00:00
1070,759,Patricia,Harris,patricia.harris@piedpiper.com,+1-524-915-8367,Director of IT,Champion,2024-10-06T00:00:00
1071,352,Richard,Perez,richard.perez@umbrella.co,+1-683-807-1633,Data Engineer,Coach,2024-02-21T00:00:00
1072,686,William,Ramirez,,+1-795-507-8156,Head of Security,Champion,2024-09-24T00:00:00
1073,41,Margaret,Gonzalez,margaret.gonzalez@piedpiper.com,+1-620-387-4056,,Technical Evaluator,2023-11-24T00:00:00
1074,693,Ashley,Gonzalez,ashley.gonzalez@acme.com,+1-308-876-2656,CTO,Technical Evaluator,2024-12-19T00:00:00
1075,193,Joseph,Lewis,joseph.lewis,+1-770-295-2449,Product Manager,Champion,2023-12-10T00:00:00
1076,367,Elizabeth,Clark,elizabeth.clark@umbrella.co,+1-548-436-6982,Director of IT,Champion,2024-03-17T00:00:00
1077,960,Margaret,Perez,margaret.perez@waystar.io,+1-729-281-9425,CEO,End User,2023-10-17T00:00:00
1078,837,Susan,Lewis,susan.lewis@umbrella.co,+1-318-491-2628,CFO,Blocker,2024-11-08T00:00:00
1079,233,Margaret,Perez,margaret.perez@umbrella.co,+1-215-612-9365,Product Manager,Champion,2024-12-07T00:00:00
1080,603,John,Martinez,john.martinez@umbrella.co,+1-922-334-1915,Director of Operations,Champion,2024-05-06T00:00:00
1081,852,Joseph,Martinez,joseph.martinez@waystar.io,+1-320-401-7666,VP of Infrastructure,Coach,2024-03-10T00:00:00
1082,846,William,Taylor,william.taylor@umbrella.co,+1-849-352-3998,Director of Operations,Technical Evaluator,2024-08-18T00:00:00
1083,133,Sarah,Hernandez,sarah.hernandez@umbrella.co,+1-854-760-3307,COO,Technical Evaluator,2023-09-05T00:00:00
1084,727,James,Lewis,james.lewis@initech.com,+1-929-249-2980,IT Manager,Economic Buyer,2024-11-21T00:00:00
1085,968,Donald,Rodriguez,donald.rodriguez@acme.com,+1-464-165-4910,VP of Engineering,Blocker,2023-11-16T00:00:00
1086,706,Donna,Gonzalez,donna.gonzalez@waystar.io,+1-207-426-2086,Director of Operations,Champion,2021-09-19T00:00:00
1087,667,Michael,Jones,michael.jones@initech.com,+1-525-561-9445,DevOps Lead,Technical Evaluator,2024-08-07T00:00:00
1088,387,Richard,Hernandez,richard.hernandez@initech.com,+1-750-314-5073,Data Engineer,End User,2024-12-30T00:00:00
1089,803,Richard,Moore,richard.moore@globex.com,+1-900-532-1258,VP of Infrastructure,Champion,2024-05-07T00:00:00
1090,300,Matthew,Taylor,matthew.taylor@waystar.io,+1-851-434-6032,Head of Security,Coach,2024-12-06T00:00:00
1091,479,Sandra,Martinez,sandra.martinez@waystar.io,+1-588-218-6766,COO,Economic Buyer,2024-03-19T00:00:00
1092,566,Thomas,Sanchez,thomas.sanchez@acme.com,+1-545-198-1475,CEO,End User,2024-06-12T00:00:00
1093,533,Margaret,Jackson,margaret.jackson@waystar.io,+1-872-575-2276,Head of Security,End User,2021-10-09T00:00:00
1094,305,Nancy,Thompson,nancy.thompson@globex.com,+1-310-950-6292,Engineering Manager,Champion,2022-04-05T00:00:00
1095,838,Emily,Smith,emily.smith@waystar.io,+1-681-983-7889,VP of Infrastructure,Economic Buyer,2024-11-09T00:00:00
1096,658,Susan,Jones,susan.jones@waystar.io,+1-608-649-1046,CFO,Technical Evaluator,2023-02-02T00:00:00
1097,347,Lisa,Garcia,lisa.garcia@acme.com,+1-644-383-8925,VP of Infrastructure,Champion,2021-08-28T00:00:00
1098,768,Ashley,Thompson,ashley.thompson@umbrella.co,+1-524-520-9575,Head of Data,Technical Evaluator,2022-06-07T00:00:00
1099,960,Sarah,Sanchez,sarah.sanchez@globex.com,+1-639-365-7195,DevOps Lead,End User,2024-02-14T00:00:00
1100,909,Andrew,Martinez,andrew.martinez@umbrella.co,,IT Manager,Technical Evaluator,2024-12-12T00:00:00
1101,521,Paul,Martinez,paul.martinez@globex.com,+1-505-184-5296,CTO,Blocker,2024-05-26T00:00:00
1102,191,Donna,Miller,donna.miller@umbrella.co,+1-395-705-6415,VP of Product,Economic Buyer,2021-11-06T00:00:00
1103,31,Linda,Miller,linda.miller@piedpiper.com,+1-507-356-2476,DevOps Lead,Blocker,2023-03-31T00:00:00
1104,389,Anthony,Hernandez,anthony.hernandez@waystar.io,+1-997-189-3832,VP of Product,End User,2024-07-03T00:00:00
1105,41,Michelle,Gonzalez,michelle.gonzalez@waystar.io,+1-462-249-6369,VP of Engineering,Coach,2024-11-26T00:00:00
1106,499,Thomas,Clark,thomas.clark@umbrella.co,+1-838-766-2205,Director of Marketing,Technical Evaluator,2024-09-22T00:00:00
1107,654,Robert,Moore,robert.moore@globex.com,,Head of Data,Champion,2024-05-08T00:00:00
1108,58,Linda,Williams,linda.williams@piedpiper.com,+1-899-625-8913,Chief Revenue Officer,Coach,2023-02-15T00:00:00
1109,391,Mary,Walker,mary.walker@piedpiper.com,+1-541-181-6234,Product Manager,Blocker,2020-05-19T00:00:00
1110,706,Nancy,Ramirez,nancy.ramirez@initech.com,+1-890-765-3127,CTO,Champion,2021-06-30T00:00:00
1111,824,Patricia,Martinez,,+1-971-252-1509,COO,Champion,2024-10-27T00:00:00
1112,971,Emily,Davis,emily.davis@waystar.io,+1-491-900-8793,CFO,End User,2023-05-09T00:00:00
1113,691,Joshua,Taylor,joshua.taylor@waystar.io,+1-955-396-6547,DevOps Lead,Coach,2024-11-11T00:00:00
1114,489,Linda,Moore,linda.moore,+1-719-441-2070,Director of Operations,Coach,2024-09-20T00:00:00
1115,370,Elizabeth,Miller,elizabeth.miller@piedpiper.com,+1-388-778-6868,VP of Infrastructure,Coach,2023-03-08T00:00:00
1116,372,Joseph,Harris,joseph.harris@initech.com,+1-926-299-8563,VP of Infrastructure,Economic Buyer,2023-09-05T00:00:00
1117,865,Michael,Sanchez,michael.sanchez@initech.com,+1-245-537-7998,VP of Engineering,Champion,2024-12-02T00:00:00
1118,827,Christopher,Lee,christopher.lee@umbrella.co,+1-469-922-1304,Head of Security,Champion,2024-07-26T00:00:00
1119,488,Matthew,Harris,matthew.harris@umbrella.co,+1-639-177-4406,Director of Marketing,Blocker,2024-06-19T00:00:00
1120,83,Kimberly,Thomas,kimberly.thomas@waystar.io,+1-819-616-2321,CEO,Champion,2024-12-15T00:00:00
1121,50,Sarah,Williams,sarah.williams@acme.com,+1-967-104-5816,VP of Product,Coach,2024-10-06T00:00:00
1122,895,Michael,Brown,michael.brown@acme.com,+1-701-685-7001,Solutions Architect,Champion,2022-11-11T00:00:00
1123,64,Ashley,Williams,ashley.williams@waystar.io,+1-818-802-9891,Head of Data,Blocker,2024-11-28T00:00:00
1124,135,Daniel,Moore,daniel.moore@initech.com,+1-542-900-1175,VP of Product,Champion,2022-08-17T00:00:00
1125,58,Nancy,Brown,nancy.brown@piedpiper.com,+1-629-668-9566,VP of Infrastructure,Technical Evaluator,2023-06-18T00:00:00
1126,84,Robert,Ramirez,robert.ramirez@piedpiper.com,,VP of Sales,Blocker,2024-11-14T00:00:00
1127,699,Emily,Lewis,emily.lewis@initech.com,,,Blocker,2022-12-23T00:00:00
1128,212,Emily,Wilson,emily.wilson,+1-236-399-6837,VP of Sales,Technical Evaluator,2024-06-22T00:00:00
1129,350,Donna,Lee,,+1-520-972-1770,Director of Operations,Economic Buyer,2023-11-21T00:00:00
1130,683,Joseph,Martinez,joseph.martinez@acme.com,+1-253-425-7314,COO,Champion,2024-10-26T00:00:00
1131,403,Andrew,Harris,,+1-504-903-9267,Engineering Manager,Technical Evaluator,2023-06-29T00:00:00
1132,823,David,Smith,david.smith@acme.com,+1-318-338-1097,Engineering Manager,Blocker,2024-11-19T00:00:00
1133,695,Michelle,Lee,michelle.lee@umbrella.co,+1-840-889-6181,Director of Operations,Coach,2024-07-04T00:00:00
1134,626,Mary,Moore,mary.moore@acme.com,+1-372-230-2257,CFO,Technical Evaluator,2023-02-17T00:00:00
1135,806,Robert,Davis,robert.davis@acme.com,+1-343-884-5272,CEO,End User,2024-09-22T00:00:00
1136,959,Barbara,Anderson,barbara.anderson@acme.com,,Chief Revenue Officer,Coach,2021-03-12T00:00:00
1137,854,Linda,White,linda.white@waystar.io,+1-540-244-5781,VP of Infrastructure,End User,2021-05-16T00:00:00
1138,443,Susan,Moore,susan.moore@waystar.io,+1-375-762-7221,Head of Security,Economic Buyer,2024-12-18T00:00:00
1139,970,Thomas,White,thomas.white@waystar.io,+1-780-111-9224,CFO,Coach,2024-12-22T00:00:00
1140,165,Michael,White,michael.white@globex.com,+1-557-295-8356,COO,Champion,2023-05-21T00:00:00
1141,805,Sarah,Moore,sarah.moore@umbrella.co,+1-649-731-8864,VP of Engineering,Technical Evaluator,2024-11-22T00:00:00
1142,829,Sandra,Lopez,sandra.lopez@initech.com,+1-298-769-4793,Product Manager,Blocker,2024-07-12T00:00:00
1143,939,Sarah,Williams,sarah.williams@umbrella.co,+1-614-541-6093,Data Engineer,End User,2024-11-16T00:00:00
1144,250,Andrew,Smith,,+1-744-327-9282,Product Manager,Champion,2024-06-23T00:00:00
1145,462,Linda,Martin,linda.martin@acme.com,+1-909-948-8718,CFO,Coach,2023-08-27T00:00:00
1146,720,Robert,Jackson,robert.jackson@acme.com,+1-995-904-4365,Engineering Manager,Technical Evaluator,2024-07-18T00:00:00
1147,467,Michelle,Clark,michelle.clark@umbrella.co,+1-243-692-4432,CFO,Champion,2024-12-19T00:00:00
1148,589,James,Thomas,james.thomas@globex.com,+1-803-389-1807,COO,Technical Evaluator,2024-10-31T00:00:00
1149,433,Michael,Garcia,michael.garcia@umbrella.co,+1-991-796-3528,Director of Operations,Champion,2023-06-04T00:00:00
1150,335,David,Martin,david.martin@waystar.io,+1-561-891-7856,Product Manager,Technical Evaluator,2024-11-14T00:00:00
1151,477,Joseph,Robinson,joseph.robinson@piedpiper.com,+1-417-959-3873,CFO,Technical Evaluator,2024-09-16T00:00:00
1152,152,Karen,Jones,karen.jones@globex.com,+1-679-269-4099,Chief Revenue Officer,Technical Evaluator,2022-10-16T00:00:00
1153,489,John,Davis,john.davis@initech.com,+1-228-705-1346,Engineering Manager,End User,2024-09-25T00:00:00
1154,223,Steven,Robinson,steven.robinson@piedpiper.com,+1-471-162-3462,Solutions Architect,Champion,2024-12-27T00:00:00
1155,820,James,Walker,james.walker@acme.com,+1-621-762-6324,IT Manager,Technical Evaluator,2024-02-28T00:00:00
1156,581,Mary,Lee,mary.lee@initech.com,+1-867-954-8669,CEO,Economic Buyer,2024-11-06T00:00:00
1157,883,Patricia,Martin,patricia.martin@umbrella.co,+1-846-217-4018,CTO,Economic Buyer,2024-02-29T00:00:00
1158,387,Emily,Clark,emily.clark@umbrella.co,+1-223-471-2888,Solutions Architect,Technical Evaluator,2024-12-20T00:00:00
1159,772,David,Williams,david.williams@waystar.io,+1-248-452-3396,Solutions Architect,Technical Evaluator,2024-03-14T00:00:00
1160,52,Anthony,Moore,anthony.moore@initech.com,+1-828-876-5494,CTO,End User,2023-12-07T00:00:00
1161,947,Mark,Johnson,mark.johnson@globex.com,+1-338-356-5396,Data Engineer,End User,2024-08-27T00:00:00
1162,314,Jessica,Brown,jessica.brown@piedpiper.com,+1-222-933-6205,Engineering Manager,Coach,2024-10-13T00:00:00
1163,281,Patricia,Lee,patricia.lee@umbrella.co,+1-709-973-4860,Solutions Architect,End User,2024-08-07T00:00:00
1164,339,Jessica,Moore,jessica.moore@globex.com,+1-268-430-3730,CTO,Economic Buyer,2023-08-23T00:00:00
1165,615,Jessica,Miller,jessica.miller@acme.com,+1-852-644-7487,Product Manager,Champion,2024-11-03T00:00:00
1166,339,Thomas,Moore,thomas.moore@umbrella.co,+1-865-665-3970,COO,End User,2024-01-05T00:00:00
1167,585,Donald,Davis,donald.davis@globex.com,+1-315-329-8477,Head of Security,Economic Buyer,2022-06-21T00:00:00
1168,232,Donald,Ramirez,donald.ramirez,,Engineering Manager,Economic Buyer,2024-04-09T00:00:00
1169,499,Betty,Lopez,betty.lopez@globex.com,+1-483-954-1650,,Blocker,2024-09-14T00:00:00
1170,536,James,Gonzalez,james.gonzalez@piedpiper.com,+1-375-561-7252,VP of Infrastructure,Blocker,2024-01-24T00:00:00
1171,355,Matthew,Jackson,matthew.jackson@umbrella.co,,VP of Product,Technical Evaluator,2022-06-26T00:00:00
1172,547,Charles,Johnson,charles.johnson@waystar.io,+1-216-690-1829,CEO,Technical Evaluator,2021-10-06T00:00:00
1173,324,Lisa,Martinez,lisa.martinez@umbrella.co,+1-433-474-3134,Engineering Manager,Economic Buyer,2022-04-04T00:00:00
1174,347,Michelle,Lee,michelle.lee@umbrella.co,+1-900-250-3080,CFO,Coach,2024-05-22T00:00:00
1175,211,Robert,Lee,robert.lee@globex.com,+1-700-134-5040,,Technical Evaluator,2024-02-04T00:00:00
1176,531,Kimberly,Thomas,kimberly.thomas@piedpiper.com,+1-324-675-3783,CFO,Coach,2024-06-26T00:00:00
1177,913,Linda,Garcia,linda.garcia@initech.com,,Director of Operations,Champion,2023-10-24T00:00:00
1178,741,Linda,Robinson,linda.robinson@piedpiper.com,+1-805-191-7118,VP of Product,Champion,2021-08-20T00:00:00
1179,276,Daniel,Walker,daniel.walker,+1-207-645-1384,CTO,End User,2023-01-08T00:00:00
1180,242,Jennifer,Rodriguez,jennifer.rodriguez@piedpiper.com,+1-506-785-7412,Head of Data,Coach,2024-11-14T00:00:00
1181,92,Sandra,Martin,sandra.martin@umbrella.co,+1-808-380-7762,Solutions Architect,Champion,2024-02-06T00:00:00
1182,696,Christopher,Ramirez,christopher.ramirez@acme.com,+1-543-650-5274,Data Engineer,Economic Buyer,2023-12-28T00:00:00
1183,284,Charles,Lewis,charles.lewis@umbrella.co,+1-772-421-8867,CTO,Champion,2023-08-15T00:00:00
1184,425,Susan,Hernandez,susan.hernandez@globex.com,+1-844-179-6508,CTO,Champion,2024-04-10T00:00:00
1185,603,Joshua,Ramirez,joshua.ramirez@piedpiper.com,+1-669-604-7510,COO,Economic Buyer,2024-05-11T00:00:00
1186,429,James,Perez,james.perez@waystar.io,+1-230-583-9520,Director of IT,Champion,2024-12-28T00:00:00
1187,395,Margaret,Martinez,margaret.martinez@initech.com,+1-421-974-5813,DevOps Lead,Technical Evaluator,2024-08-10T00:00:00
1188,748,Matthew,Hernandez,matthew.hernandez@piedpiper.com,+1-419-682-3198,VP of Product,Technical Evaluator,2024-08-20T00:00:00
1189,409,Nancy,Wilson,nancy.wilson@acme.com,+1-773-722-1377,Head of Data,Blocker,2023-11-04T00:00:00
1190,272,Joseph,Williams,joseph.williams@umbrella.co,+1-488-561-7468,Chief Revenue Officer,Coach,2024-12-25T00:00:00
1191,278,Thomas,Rodriguez,thomas.rodriguez@initech.com,,VP of Infrastructure,Economic Buyer,2024-05-31T00:00:00
1192,578,Elizabeth,Thompson,elizabeth.thompson@waystar.io,+1-791-580-1169,Product Manager,Coach,2022-05-07T00:00:00
1193,589,Richard,Perez,richard.perez@initech.com,+1-721-817-8041,VP of Sales,Economic Buyer,2024-11-10T00:00:00
1194,196,Ashley,Wilson,ashley.wilson@waystar.io,+1-638-370-2228,VP of Infrastructure,Technical Evaluator,2022-02-27T00:00:00
1195,698,Emily,Thompson,,+1-414-700-9689,Solutions Architect,Blocker,2024-10-27T00:00:00
1196,611,Michelle,Lewis,michelle.lewis@umbrella.co,+1-477-612-8208,Director of Operations,Blocker,2023-05-31T00:00:00
1197,759,Joshua,Hernandez,joshua.hernandez@initech.com,+1-490-639-9991,Director of IT,Technical Evaluator,2024-07-09T00:00:00
1198,845,Andrew,Davis,andrew.davis@initech.com,+1-509-609-7418,Engineering Manager,Technical Evaluator,2021-04-13T00:00:00
1199,495,Sandra,Garcia,sandra.garcia@umbrella.co,+1-759-357-2089,Chief Revenue Officer,Champion,2024-12-01T00:00:00
1200,19,Joseph,Hernandez,joseph.hernandez@acme.com,+1-942-978-4224,,End User,2023-05-11T00:00:00
1201,849,Jennifer,Williams,jennifer.williams@initech.com,+1-824-886-7243,Solutions Architect,End User,2024-03-21T00:00:00
1202,920,Christopher,Martin,christopher.martin@umbrella.co,,Head of Data,End User,2024-04-05T00:00:00
1203,864,Daniel,Rodriguez,daniel.rodriguez@piedpiper.com,+1-316-490-9229,COO,End User,2023-10-04T00:00:00
1204,574,David,Jackson,david.jackson@acme.com,+1-413-517-2613,CEO,Blocker,2023-05-28T00:00:00
1205,558,Ashley,Lopez,ashley.lopez@piedpiper.com,+1-663-110-5148,CFO,Technical Evaluator,2023-12-13T00:00:00
1206,941,William,Martinez,william.martinez@initech.com,,Director of Marketing,Champion,2022-06-03T00:00:00
1207,863,Michelle,Thomas,michelle.thomas@initech.com,+1-422-757-3946,Director of IT,Blocker,2024-06-11T00:00:00
1208,121,Linda,Brown,linda.brown@piedpiper.com,+1-485-849-5823,VP of Product,End User,2022-06-08T00:00:00
1209,224,Elizabeth,White,elizabeth.white@piedpiper.com,+1-707-860-3398,DevOps Lead,End User,2024-09-03T00:00:00
1210,574,Elizabeth,Gonzalez,elizabeth.gonzalez,+1-501-342-1250,Head of Data,Technical Evaluator,2023-12-13T00:00:00
1211,637,Linda,Gonzalez,linda.gonzalez@waystar.io,+1-481-535-7858,Director of Marketing,Champion,2023-08-15T00:00:00
1212,634,Nancy,Garcia,nancy.garcia,+1-955-107-9729,VP of Product,End User,2023-09-04T00:00:00
1213,591,Christopher,Miller,christopher.miller@globex.com,+1-406-179-4867,CTO,Economic Buyer,2024-12-22T00:00:00
1214,396,Susan,Walker,susan.walker@waystar.io,+1-651-249-9470,Engineering Manager,Blocker,2023-01-02T00:00:00
1215,448,Kimberly,Ramirez,kimberly.ramirez@acme.com,+1-642-608-1076,VP of Engineering,End User,2024-10-18T00:00:00
1216,761,Matthew,Garcia,matthew.garcia@acme.com,+1-433-437-7496,Solutions Architect,Economic Buyer,2024-11-23T00:00:00
1217,714,Kimberly,Lee,kimberly.lee@initech.com,+1-941-377-6440,COO,Champion,2024-09-09T00:00:00
1218,91,David,Lopez,david.lopez@piedpiper.com,+1-740-431-7655,CEO,Coach,2024-11-17T00:00:00
1219,740,John,Jackson,john.jackson,+1-318-826-8423,Engineering Manager,Economic Buyer,2024-09-10T00:00:00
1220,670,Sandra,Gonzalez,sandra.gonzalez@waystar.io,,VP of Sales,Champion,2024-12-31T00:00:00
1221,180,David,Robinson,david.robinson@acme.com,+1-755-774-2951,Director of IT,Champion,2023-02-09T00:00:00
1222,919,Elizabeth,Clark,elizabeth.clark@waystar.io,+1-257-930-2709,Head of Data,Blocker,2024-07-30T00:00:00
1223,507,Christopher,Rodriguez,christopher.rodriguez@piedpiper.com,+1-350-854-8384,VP of Product,Champion,2024-09-05T00:00:00
1224,125,William,Miller,william.miller@piedpiper.com,+1-233-375-6035,Director of Marketing,Blocker,2024-09-06T00:00:00
1225,759,Nancy,Martinez,nancy.martinez@waystar.io,+1-959-950-3188,Solutions Architect,Economic Buyer,2024-01-23T00:00:00
1226,235,Kimberly,Anderson,kimberly.anderson@acme.com,+1-596-114-1169,Engineering Manager,End User,2024-07-02T00:00:00
1227,651,Anthony,Thomas,anthony.thomas@waystar.io,+1-340-536-9566,DevOps Lead,Champion,2024-01-30T00:00:00
1228,643,Thomas,Garcia,thomas.garcia@globex.com,+1-958-570-6776,Director of IT,Champion,2023-11-02T00:00:00
1229,454,Paul,Lewis,paul.lewis@waystar.io,+1-513-767-2755,DevOps Lead,Champion,2021-03-03T00:00:00
1230,34,Michael,Smith,michael.smith@initech.com,+1-981-814-6496,VP of Sales,Coach,2024-03-18T00:00:00
1231,663,Charles,Walker,charles.walker@initech.com,,Solutions Architect,Champion,2024-09-23T00:00:00
1232,205,Matthew,Taylor,matthew.taylor@umbrella.co,,VP of Infrastructure,Champion,2024-04-18T00:00:00
1233,403,Matthew,Brown,matthew.brown@globex.com,+1-918-944-4636,CTO,Champion,2020-06-05T00:00:00
1234,616,Matthew,Moore,matthew.moore@waystar.io,+1-546-763-6088,Head of Security,Blocker,2022-11-17T00:00:00
1235,745,Linda,Garcia,linda.garcia@piedpiper.com,+1-335-364-3405,IT Manager,Economic Buyer,2024-11-25T00:00:00
1236,312,Susan,Lee,susan.lee@acme.com,+1-597-871-3355,Chief Revenue Officer,Technical Evaluator,2024-11-15T00:00:00
1237,945,Patricia,Rodriguez,patricia.rodriguez@waystar.io,+1-815-200-5181,Engineering Manager,Coach,2023-10-10T00:00:00
1238,672,Mary,Lopez,mary.lopez@waystar.io,+1-651-105-4737,Director of Marketing,Technical Evaluator,2024-10-11T00:00:00
1239,961,Nancy,Clark,,+1-832-441-9969,VP of Sales,Economic Buyer,2023-08-30T00:00:00
1240,151,Jessica,Anderson,jessica.anderson@initech.com,,Director of IT,Coach,2024-07-08T00:00:00
1241,964,Barbara,Johnson,barbara.johnson@initech.com,+1-374-963-9290,Director of Marketing,Coach,2023-04-22T00:00:00
1242,355,Donald,Thompson,donald.thompson@umbrella.co,+1-365-543-4310,CTO,End User,2024-05-26T00:00:00
1243,418,Margaret,Clark,margaret.clark@globex.com,+1-680-852-3166,VP of Infrastructure,Champion,2024-10-29T00:00:00
1244,381,Michael,Hernandez,michael.hernandez@acme.com,+1-845-550-6587,VP of Infrastructure,End User,2024-06-07T00:00:00
1245,375,Sandra,Ramirez,sandra.ramirez@globex.com,+1-551-941-5971,DevOps Lead,Champion,2024-04-03T00:00:00
1246,520,Joseph,Moore,joseph.moore@waystar.io,+1-332-678-1163,Director of IT,Champion,2024-12-26T00:00:00
1247,88,Michelle,Martinez,michelle.martinez@piedpiper.com,+1-456-567-9297,VP of Product,Champion,2024-02-01T00:00:00
1248,106,Charles,Thompson,charles.thompson@acme.com,+1-353-155-2471,VP of Product,End User,2023-05-30T00:00:00
1249,301,William,Miller,william.miller@initech.com,+1-760-941-3770,DevOps Lead,Champion,2024-12-21T00:00:00
1250,607,Sandra,Lopez,sandra.lopez@acme.com,+1-438-892-2901,VP of Sales,Coach,2024-04-27T00:00:00
1251,446,Nancy,Lewis,nancy.lewis@initech.com,+1-518-381-4309,VP of Engineering,Champion,2024-11-29T00:00:00
1252,465,Karen,Lewis,karen.lewis,+1-227-309-6889,Data Engineer,Economic Buyer,2023-07-04T00:00:00
1253,151,Donna,Martinez,donna.martinez@initech.com,,Head of Security,End User,2024-03-25T00:00:00
1254,836,Sandra,Williams,sandra.williams@umbrella.co,+1-510-670-4235,Director of Marketing,Coach,2024-06-30T00:00:00
1255,43,Betty,Sanchez,betty.sanchez@globex.com,+1-781-562-7024,Director of Marketing,Blocker,2024-11-19T00:00:00
1256,823,Anthony,Moore,anthony.moore,,VP of Infrastructure,Economic Buyer,2024-12-22T00:00:00
1257,442,Richard,Johnson,richard.johnson@globex.com,+1-557-771-9380,VP of Product,Technical Evaluator,2023-01-30T00:00:00
1258,169,Donna,Davis,donna.davis,+1-720-471-3163,Engineering Manager,Economic Buyer,2023-09-10T00:00:00
1259,720,Donald,Hernandez,donald.hernandez@umbrella.co,+1-308-921-8275,IT Manager,Economic Buyer,2024-08-30T00:00:00
1260,614,John,Johnson,john.johnson@piedpiper.com,+1-253-731-4032,Chief Revenue Officer,Technical Evaluator,2024-10-09T00:00:00
1261,532,Donna,Robinson,donna.robinson@piedpiper.com,+1-889-693-8169,DevOps Lead,Technical Evaluator,2024-11-02T00:00:00
1262,427,Paul,Thomas,paul.thomas@initech.com,+1-444-379-4936,Engineering Manager,Coach,2023-11-10T00:00:00
1263,201,Steven,Martinez,steven.martinez@acme.com,+1-274-756-8945,Director of Operations,Technical Evaluator,2024-12-15T00:00:00
1264,579,John,Clark,john.clark@umbrella.co,+1-261-946-5597,Director of Marketing,Champion,2024-03-07T00:00:00
1265,485,Mary,Rodriguez,mary.rodriguez@acme.com,+1-329-853-1733,VP of Engineering,Champion,2024-12-28T00:00:00
1266,232,Jennifer,Martinez,jennifer.martinez@acme.com,+1-817-758-2367,DevOps Lead,Technical Evaluator,2024-01-26T00:00:00
1267,585,Elizabeth,Ramirez,elizabeth.ramirez@umbrella.co,,CFO,Technical Evaluator,2023-09-13T00:00:00
1268,575,William,Harris,william.harris@initech.com,+1-940-354-6644,Head of Security,Coach,2023-11-29T00:00:00
1269,818,Anthony,Wilson,anthony.wilson@piedpiper.com,+1-451-399-3758,Product Manager,Champion,2020-10-19T00:00:00
1270,248,Christopher,Taylor,christopher.taylor@acme.com,+1-762-515-1098,Head of Data,Champion,2024-06-28T00:00:00
1271,117,Anthony,Perez,anthony.perez@waystar.io,+1-986-138-9966,VP of Engineering,End User,2022-02-26T00:00:00
1272,561,Nancy,Smith,nancy.smith@initech.com,+1-283-653-9226,Director of Operations,Technical Evaluator,2024-11-30T00:00:00
1273,603,Michelle,Johnson,michelle.johnson@waystar.io,+1-235-568-3959,Solutions Architect,Economic Buyer,2024-07-03T00:00:00
1274,959,Andrew,Lewis,andrew.lewis@umbrella.co,+1-483-230-2463,Data Engineer,Economic Buyer,2022-02-28T00:00:00
1275,931,Jennifer,Robinson,jennifer.robinson@initech.com,+1-523-574-7711,Head of Security,End User,2024-11-24T00:00:00
1276,538,John,Gonzalez,john.gonzalez@initech.com,+1-272-174-7891,VP of Product,Champion,2024-06-21T00:00:00
1277,286,Michael,White,michael.white@initech.com,,COO,End User,2023-08-31T00:00:00
1278,421,William,Williams,william.williams@umbrella.co,+1-637-338-4075,VP of Product,Economic Buyer,2024-09-08T00:00:00
1279,360,Sandra,Clark,sandra.clark@piedpiper.com,+1-480-207-8106,CFO,Blocker,2024-04-19T00:00:00
1280,677,Ashley,Perez,ashley.perez@acme.com,+1-910-287-2168,Engineering Manager,Champion,2024-12-17T00:00:00
1281,569,William,Brown,william.brown@waystar.io,+1-373-921-6952,COO,Technical Evaluator,2024-01-17T00:00:00
1282,701,Elizabeth,Harris,elizabeth.harris@acme.com,+1-823-991-6627,Head of Data,Technical Evaluator,2024-03-11T00:00:00
1283,440,Charles,Gonzalez,charles.gonzalez@umbrella.co,+1-439-131-4990,Data Engineer,Technical Evaluator,2023-10-28T00:00:00
1284,232,Margaret,Ramirez,margaret.ramirez@piedpiper.com,+1-576-164-3570,Director of IT,Technical Evaluator,2024-03-28T00:00:00
1285,29,Karen,Miller,karen.miller@globex.com,+1-982-652-4040,Director of IT,Champion,2022-07-09T00:00:00
1286,225,Daniel,White,daniel.white,+1-298-755-3703,IT Manager,Champion,2024-12-05T00:00:00
1287,347,Jessica,Thompson,jessica.thompson@acme.com,+1-785-819-8746,VP of Infrastructure,Technical Evaluator,2021-02-11T00:00:00
1288,531,Joshua,Jackson,joshua.jackson@waystar.io,+1-942-378-9157,VP of Engineering,Blocker,2024-12-27T00:00:00
1289,164,Andrew,Miller,andrew.miller@umbrella.co,+1-268-311-2883,VP of Product,Economic Buyer,2024-12-30T00:00:00
1290,857,Richard,Anderson,richard.anderson@piedpiper.com,+1-294-432-6657,Director of IT,End User,2024-12-16T00:00:00
1291,614,Charles,Thompson,charles.thompson@umbrella.co,+1-577-202-3666,Head of Security,Economic Buyer,2024-10-30T00:00:00
1292,988,Jessica,Sanchez,jessica.sanchez@piedpiper.com,+1-647-692-1544,VP of Engineering,Champion,2024-10-04T00:00:00
1293,832,Lisa,Lopez,lisa.lopez@waystar.io,+1-630-113-4429,Engineering Manager,Technical Evaluator,2023-11-01T00:00:00
1294,242,Michelle,Gonzalez,michelle.gonzalez@piedpiper.com,+1-208-672-9084,Director of Operations,Champion,2024-12-25T00:00:00
1295,43,Joshua,Thomas,joshua.thomas@initech.com,+1-400-978-8184,Director of Operations,Technical Evaluator,2021-01-10T00:00:00
1296,104,Charles,Perez,charles.perez@acme.com,+1-719-432-8670,Chief Revenue Officer,Economic Buyer,2022-07-28T00:00:00
1297,893,Michelle,Gonzalez,michelle.gonzalez,+1-443-799-8579,Director of Marketing,Champion,2024-12-27T00:00:00
1298,757,Susan,Anderson,susan.anderson@acme.com,+1-651-193-4288,VP of Engineering,Champion,2021-04-09T00:00:00
1299,918,Sarah,Lopez,sarah.lopez@piedpiper.com,+1-990-890-8567,VP of Engineering,Technical Evaluator,2024-12-13T00:00:00
1300,786,Daniel,Brown,daniel.brown,+1-453-119-5395,CFO,Champion,2024-02-17T00:00:00
1301,397,Michelle,Thompson,michelle.thompson@waystar.io,+1-735-375-9787,COO,Economic Buyer,2024-11-12T00:00:00
1302,545,William,Jackson,william.jackson@umbrella.co,+1-408-585-5915,Solutions Architect,Champion,2024-02-23T00:00:00
1303,837,Susan,Wilson,,+1-480-633-6506,Data Engineer,Technical Evaluator,2024-10-25T00:00:00
1304,722,Joshua,Smith,joshua.smith@piedpiper.com,+1-693-450-9792,CEO,Economic Buyer,2024-05-24T00:00:00
1305,705,Steven,Thompson,steven.thompson@initech.com,+1-365-902-2307,Product Manager,Coach,2021-11-01T00:00:00
1306,97,Emily,Harris,emily.harris@initech.com,,Product Manager,Technical Evaluator,2023-07-21T00:00:00
1307,360,Charles,Lewis,charles.lewis@waystar.io,+1-785-578-7329,Director of Marketing,Technical Evaluator,2021-10-13T00:00:00
1308,317,Sandra,Martin,sandra.martin@initech.com,,Director of IT,Champion,2024-01-07T00:00:00
1309,218,Paul,Lee,paul.lee@acme.com,+1-597-549-2076,VP of Engineering,Champion,2024-04-26T00:00:00
1310,521,Paul,Ramirez,paul.ramirez@globex.com,+1-734-883-9166,Director of Marketing,Economic Buyer,2024-11-04T00:00:00
1311,906,Michael,Thomas,michael.thomas@initech.com,+1-810-603-5533,Head of Security,Champion,2021-09-04T00:00:00
1312,616,Donna,Clark,,+1-455-713-2113,DevOps Lead,Champion,2024-04-22T00:00:00
1313,819,Robert,Martinez,robert.martinez@waystar.io,+1-312-933-7058,Engineering Manager,Champion,2024-12-30T00:00:00
1314,641,Richard,Davis,richard.davis@umbrella.co,+1-382-881-6977,COO,Champion,2021-06-24T00:00:00
1315,761,Daniel,Ramirez,daniel.ramirez,+1-761-361-6567,Product Manager,Champion,2024-12-02T00:00:00
1316,630,Christopher,Thomas,christopher.thomas@initech.com,+1-799-114-5329,Engineering Manager,Coach,2024-01-03T00:00:00
1317,3,Sandra,Harris,sandra.harris@initech.com,+1-232-232-1723,Head of Security,Technical Evaluator,2022-06-15T00:00:00
1318,815,Donna,Perez,donna.perez@piedpiper.com,+1-505-367-6754,DevOps Lead,End User,2024-11-02T00:00:00
1319,893,Mary,Walker,mary.walker@umbrella.co,+1-915-238-1461,VP of Engineering,Economic Buyer,2024-03-06T00:00:00
1320,489,Michael,Brown,michael.brown@initech.com,+1-708-335-7037,Director of Marketing,End User,2024-12-04T00:00:00
1321,562,Barbara,Hernandez,barbara.hernandez@umbrella.co,+1-957-444-6564,,Coach,2024-11-02T00:00:00
1322,276,Patricia,Lee,patricia.lee@umbrella.co,+1-228-407-5968,VP of Product,Technical Evaluator,2021-10-13T00:00:00
1323,247,Robert,Perez,robert.perez@initech.com,+1-845-293-5325,Director of IT,Technical Evaluator,2024-08-05T00:00:00
1324,700,Karen,Robinson,karen.robinson@umbrella.co,+1-750-950-3708,Engineering Manager,Coach,2024-06-24T00:00:00
1325,270,John,Martin,john.martin,+1-620-377-1830,VP of Sales,Champion,2024-08-20T00:00:00
1326,294,Nancy,Jackson,nancy.jackson@umbrella.co,+1-262-517-7533,Product Manager,Technical Evaluator,2024-04-11T00:00:00
1327,147,Kimberly,Miller,kimberly.miller@piedpiper.com,+1-644-796-9917,VP of Infrastructure,Technical Evaluator,2024-10-08T00:00:00
1328,444,Richard,Thomas,richard.thomas@waystar.io,+1-758-323-7277,DevOps Lead,Economic Buyer,2023-04-07T00:00:00
1329,272,David,Wilson,,+1-890-726-1925,Director of Operations,End User,2024-12-10T00:00:00
1330,970,Steven,Sanchez,steven.sanchez,+1-872-379-1471,Chief Revenue Officer,End User,2024-12-30T00:00:00
1331,243,Donald,Taylor,donald.taylor@acme.com,,Data Engineer,End User,2021-08-07T00:00:00
1332,646,Christopher,Williams,christopher.williams@piedpiper.com,+1-496-271-9125,Director of IT,Champion,2023-06-24T00:00:00
1333,599,Steven,Lewis,steven.lewis@piedpiper.com,+1-452-510-1403,Head of Security,Blocker,2021-07-22T00:00:00
1334,203,Thomas,Williams,,+1-522-528-4054,Engineering Manager,Economic Buyer,2024-09-20T00:00:00
1335,333,Jennifer,White,jennifer.white@umbrella.co,+1-455-150-7024,Head of Data,Champion,2024-04-07T00:00:00
1336,742,Kimberly,Sanchez,kimberly.sanchez@globex.com,+1-738-789-7401,IT Manager,Technical Evaluator,2023-06-16T00:00:00
1337,696,Mark,Miller,mark.miller@umbrella.co,+1-455-286-9163,Product Manager,End User,2024-08-21T00:00:00
1338,666,Nancy,Sanchez,nancy.sanchez@waystar.io,+1-833-815-8265,CTO,End User,2024-03-25T00:00:00
1339,206,Ashley,Wilson,ashley.wilson@waystar.io,+1-461-567-8964,VP of Engineering,End User,2023-12-05T00:00:00
1340,186,Kimberly,Rodriguez,kimberly.rodriguez@acme.com,+1-847-739-5272,CTO,Champion,2024-09-21T00:00:00
1341,423,Jennifer,Martinez,jennifer.martinez@initech.com,+1-471-593-4617,Director of Marketing,Technical Evaluator,2024-07-20T00:00:00
1342,81,Joseph,Rodriguez,joseph.rodriguez@globex.com,+1-238-177-2842,CEO,End User,2023-08-14T00:00:00
1343,961,Donna,Lee,donna.lee@initech.com,+1-764-597-3439,VP of Product,Technical Evaluator,2024-03-18T00:00:00
1344,179,Mary,Robinson,mary.robinson@piedpiper.com,+1-385-452-8838,Director of Operations,Champion,2023-08-24T00:00:00
1345,188,Elizabeth,Sanchez,elizabeth.sanchez@waystar.io,+1-475-671-8832,VP of Sales,Technical Evaluator,2023-09-06T00:00:00
1346,485,Andrew,White,andrew.white@umbrella.co,+1-680-240-2731,COO,Coach,2023-11-12T00:00:00
1347,772,Thomas,Walker,thomas.walker@umbrella.co,+1-992-995-4055,CTO,Coach,2023-09-25T00:00:00
1348,530,Daniel,Martinez,daniel.martinez@piedpiper.com,+1-989-562-1214,DevOps Lead,Economic Buyer,2023-03-15T00:00:00
1349,132,Steven,Rodriguez,steven.rodriguez@globex.com,+1-407-908-1593,DevOps Lead,End User,2024-01-05T00:00:00
1350,75,Karen,Rodriguez,karen.rodriguez@piedpiper.com,+1-868-213-1299,IT Manager,Champion,2024-07-07T00:00:00
1351,373,Elizabeth,Martinez,elizabeth.martinez@globex.com,+1-452-767-4644,Director of IT,Champion,2022-09-18T00:00:00
1352,790,Linda,Ramirez,linda.ramirez@umbrella.co,+1-727-777-3688,DevOps Lead,Technical Evaluator,2023-06-28T00:00:00
1353,245,Michael,Thompson,michael.thompson@piedpiper.com,+1-277-586-6719,CFO,Technical Evaluator,2024-12-30T00:00:00
1354,271,William,Lee,william.lee@globex.com,+1-243-330-5903,Head of Data,Technical Evaluator,2024-06-24T00:00:00
1355,193,Margaret,Martin,margaret.martin@globex.com,+1-241-350-5005,CTO,Coach,2024-10-01T00:00:00
1356,202,Betty,Thomas,betty.thomas@globex.com,+1-719-195-1952,Solutions Architect,Technical Evaluator,2022-02-28T00:00:00
1357,195,Barbara,White,barbara.white@piedpiper.com,+1-482-826-1059,Data Engineer,Coach,2024-03-25T00:00:00
1358,260,Sarah,Martinez,sarah.martinez@acme.com,+1-790-729-2151,VP of Infrastructure,Champion,2022-04-24T00:00:00
1359,301,Steven,White,steven.white@globex.com,+1-368-470-9958,CEO,End User,2024-02-25T00:00:00
1360,526,Richard,Miller,richard.miller@piedpiper.com,,,Champion,2022-04-05T00:00:00
1361,203,Jessica,Harris,jessica.harris@piedpiper.com,,CTO,Blocker,2024-07-12T00:00:00
1362,884,Ashley,Lopez,ashley.lopez@umbrella.co,,COO,Champion,2023-04-27T00:00:00
1363,542,Emily,Rodriguez,emily.rodriguez@acme.com,+1-969-941-8526,VP of Engineering,Economic Buyer,2024-07-21T00:00:00
1364,941,Paul,Clark,paul.clark@umbrella.co,+1-415-944-6503,Chief Revenue Officer,Technical Evaluator,2024-10-31T00:00:00
1365,540,Paul,Taylor,paul.taylor@acme.com,+1-895-102-2572,Engineering Manager,End User,2022-05-31T00:00:00
1366,614,David,Jones,david.jones@globex.com,+1-926-167-6250,Chief Revenue Officer,End User,2024-10-14T00:00:00
1367,117,Paul,Rodriguez,paul.rodriguez@acme.com,+1-735-290-9624,CTO,Technical Evaluator,2023-12-04T00:00:00
1368,101,Elizabeth,Miller,elizabeth.miller@waystar.io,+1-936-524-5349,Director of Operations,Coach,2024-04-29T00:00:00
1369,482,Joseph,White,joseph.white@acme.com,+1-489-739-3787,CTO,Technical Evaluator,2023-10-21T00:00:00
1370,405,Thomas,Rodriguez,thomas.rodriguez@initech.com,+1-618-572-1442,Director of Marketing,End User,2022-08-04T00:00:00
1371,373,Betty,Lee,betty.lee@waystar.io,+1-353-360-1464,DevOps Lead,Blocker,2023-11-21T00:00:00
1372,934,Linda,Sanchez,linda.sanchez@umbrella.co,+1-798-265-1317,Chief Revenue Officer,Technical Evaluator,2024-11-27T00:00:00
1373,612,Jessica,Anderson,jessica.anderson@acme.com,+1-908-974-8028,IT Manager,Coach,2022-05-09T00:00:00
1374,228,Nancy,Anderson,nancy.anderson@acme.com,+1-780-604-8577,Head of Security,Technical Evaluator,2023-08-24T00:00:00
1375,787,Joseph,Miller,joseph.miller@piedpiper.com,+1-664-602-9130,CTO,End User,2022-09-02T00:00:00
1376,601,John,Jackson,john.jackson@umbrella.co,+1-821-589-4928,IT Manager,End User,2024-01-22T00:00:00
1377,999,Emily,Brown,emily.brown@umbrella.co,+1-660-466-7812,Data Engineer,Economic Buyer,2024-11-09T00:00:00
1378,190,Sandra,Davis,sandra.davis@waystar.io,+1-501-912-9633,Engineering Manager,Technical Evaluator,2023-12-19T00:00:00
1379,216,Richard,Brown,richard.brown@umbrella.co,+1-681-541-9391,VP of Sales,Technical Evaluator,2023-04-12T00:00:00
1380,713,Paul,Moore,paul.moore@piedpiper.com,+1-951-155-6892,Director of IT,Coach,2023-04-24T00:00:00
1381,117,Michael,White,michael.white@initech.com,+1-252-585-6539,Solutions Architect,Blocker,2023-01-09T00:00:00
1382,409,Christopher,Thomas,christopher.thomas@umbrella.co,+1-346-924-7385,Director of Marketing,Champion,2024-07-06T00:00:00
1383,755,Sandra,Taylor,sandra.taylor@acme.com,+1-920-865-9094,IT Manager,Champion,2024-12-29T00:00:00
1384,379,Margaret,Wilson,margaret.wilson@waystar.io,+1-961-315-7323,CTO,End User,2024-02-26T00:00:00
1385,278,Kimberly,Martinez,kimberly.martinez@initech.com,+1-332-545-5460,VP of Infrastructure,Blocker,2022-12-29T00:00:00
1386,528,Charles,Martin,charles.martin@piedpiper.com,+1-213-390-3448,Head of Security,Coach,2023-06-20T00:00:00
1387,809,David,Jones,david.jones,+1-567-456-9963,COO,Champion,2020-10-08T00:00:00
1388,753,Christopher,Jackson,christopher.jackson@waystar.io,+1-381-701-3608,Director of IT,Technical Evaluator,2021-12-01T00:00:00
1389,83,Robert,Sanchez,robert.sanchez@acme.com,+1-415-164-5862,Head of Data,Blocker,2024-12-17T00:00:00
1390,506,Elizabeth,Rodriguez,elizabeth.rodriguez@initech.com,+1-861-264-6235,Director of IT,End User,2022-02-03T00:00:00
1391,719,William,Lee,william.lee@waystar.io,+1-817-872-3199,Director of Operations,Blocker,2023-02-09T00:00:00
1392,357,Thomas,Clark,thomas.clark@globex.com,+1-826-658-8537,Chief Revenue Officer,Coach,2023-07-01T00:00:00
1393,465,Steven,Martin,steven.martin@initech.com,+1-203-453-5833,CEO,Champion,2023-06-25T00:00:00
1394,881,Jennifer,Clark,jennifer.clark@umbrella.co,+1-328-229-9513,Director of Operations,Champion,2023-01-18T00:00:00
1395,268,Andrew,Rodriguez,andrew.rodriguez@waystar.io,,CTO,Economic Buyer,2022-12-29T00:00:00
1396,903,Mary,Lewis,mary.lewis@globex.com,+1-319-350-6697,VP of Engineering,Economic Buyer,2023-08-20T00:00:00
1397,808,Mary,Robinson,mary.robinson@waystar.io,+1-790-920-8623,Director of Marketing,Champion,2020-04-29T00:00:00
1398,191,Ashley,Clark,ashley.clark@umbrella.co,+1-945-474-1957,Head of Data,Blocker,2023-04-02T00:00:00
1399,24,Christopher,Gonzalez,christopher.gonzalez@umbrella.co,+1-551-545-3910,VP of Engineering,End User,2024-08-05T00:00:00
1400,436,Matthew,Lee,matthew.lee@umbrella.co,+1-860-777-4881,Data Engineer,Blocker,2024-10-30T00:00:00
1401,883,Karen,Perez,karen.perez@initech.com,,Director of IT,Champion,2024-03-01T00:00:00
1402,637,Mary,Smith,mary.smith@globex.com,+1-906-580-8638,Product Manager,Champion,2024-01-06T00:00:00
1403,692,Patricia,Wilson,patricia.wilson@initech.com,+1-604-735-1584,VP of Product,Champion,2024-04-03T00:00:00
1404,190,David,Sanchez,david.sanchez@acme.com,+1-616-712-1391,Data Engineer,Champion,2024-01-15T00:00:00
1405,385,Sandra,Smith,sandra.smith@acme.com,+1-928-372-4625,Head of Security,Technical Evaluator,2022-08-15T00:00:00
1406,432,Charles,Taylor,charles.taylor@acme.com,+1-337-405-2795,Solutions Architect,Blocker,2023-02-05T00:00:00
1407,39,William,White,william.white@umbrella.co,+1-916-600-1922,CFO,End User,2024-09-02T00:00:00
1408,603,Emily,Thompson,emily.thompson@initech.com,+1-934-458-3941,Head of Data,Technical Evaluator,2024-02-07T00:00:00
1409,720,Patricia,Jones,patricia.jones@piedpiper.com,+1-709-230-5252,COO,Champion,2023-12-16T00:00:00
1410,708,Sarah,Lee,sarah.lee@acme.com,+1-300-475-7721,COO,Technical Evaluator,2024-12-28T00:00:00
1411,753,Matthew,Moore,matthew.moore@piedpiper.com,,Product Manager,Technical Evaluator,2023-10-07T00:00:00
1412,560,Steven,Smith,steven.smith@initech.com,,Product Manager,End User,2024-10-31T00:00:00
1413,103,Emily,Thomas,emily.thomas@piedpiper.com,+1-331-492-1716,COO,Blocker,2024-03-03T00:00:00
1414,488,Paul,Martin,paul.martin@globex.com,+1-424-159-2163,IT Manager,End User,2024-05-26T00:00:00
1415,815,Matthew,White,matthew.white@globex.com,+1-780-343-9900,CFO,Technical Evaluator,2024-10-30T00:00:00
1416,463,Christopher,Gonzalez,christopher.gonzalez@waystar.io,+1-907-287-3736,VP of Product,Coach,2024-02-02T00:00:00
1417,407,James,Rodriguez,james.rodriguez@initech.com,+1-637-775-1749,IT Manager,Coach,2024-12-28T00:00:00
1418,926,Karen,Perez,karen.perez@initech.com,+1-998-437-6316,Solutions Architect,Technical Evaluator,2022-02-16T00:00:00
1419,475,Ashley,Garcia,ashley.garcia@globex.com,+1-788-556-5727,Director of Operations,Blocker,2024-09-11T00:00:00
1420,796,Steven,Thomas,steven.thomas,+1-449-555-1204,VP of Sales,Technical Evaluator,2024-12-05T00:00:00
1421,668,Joseph,Martinez,joseph.martinez@initech.com,+1-613-548-9422,VP of Product,Economic Buyer,2023-08-28T00:00:00
1422,11,Susan,Robinson,susan.robinson@umbrella.co,+1-446-378-1221,Director of Marketing,Economic Buyer,2021-03-09T00:00:00
1423,344,Anthony,Rodriguez,anthony.rodriguez@umbrella.co,+1-998-120-9957,VP of Sales,Technical Evaluator,2024-09-26T00:00:00
1424,496,Anthony,Martinez,anthony.martinez@umbrella.co,+1-470-339-9133,COO,Blocker,2023-03-14T00:00:00
1425,912,Lisa,Martinez,lisa.martinez@globex.com,+1-609-456-9131,CTO,Blocker,2023-01-25T00:00:00
1426,336,Mark,Lewis,mark.lewis@waystar.io,+1-894-813-5943,VP of Engineering,Champion,2023-10-10T00:00:00
1427,326,Elizabeth,Garcia,elizabeth.garcia,+1-535-853-3745,Director of Operations,Technical Evaluator,2023-08-17T00:00:00
1428,288,Mark,Lopez,mark.lopez@globex.com,+1-431-792-5420,Director of Marketing,Champion,2024-09-14T00:00:00
1429,288,Jessica,Lopez,jessica.lopez@acme.com,+1-881-797-9426,VP of Product,Technical Evaluator,2024-01-28T00:00:00
1430,838,Ashley,Martinez,ashley.martinez@piedpiper.com,+1-787-827-1592,Chief Revenue Officer,Technical Evaluator,2024-10-11T00:00:00
1431,419,Thomas,Perez,thomas.perez@acme.com,+1-307-648-8591,Head of Data,Coach,2024-03-28T00:00:00
1432,684,Anthony,Thompson,anthony.thompson@waystar.io,+1-333-790-9331,CEO,Blocker,2024-12-02T00:00:00
1433,601,Elizabeth,Wilson,elizabeth.wilson@globex.com,+1-390-982-4120,VP of Infrastructure,Economic Buyer,2024-01-24T00:00:00
1434,421,Christopher,Moore,christopher.moore@acme.com,+1-745-504-2567,Director of Marketing,Champion,2024-09-08T00:00:00
1435,262,Emily,Johnson,emily.johnson@waystar.io,+1-645-262-5728,Product Manager,Technical Evaluator,2021-01-06T00:00:00
1436,373,Anthony,Perez,anthony.perez@globex.com,+1-555-873-4223,Chief Revenue Officer,Economic Buyer,2023-10-18T00:00:00
1437,401,Thomas,Anderson,thomas.anderson@acme.com,,Director of Operations,Champion,2024-06-10T00:00:00
1438,242,Robert,Ramirez,robert.ramirez@piedpiper.com,+1-397-469-4061,Chief Revenue Officer,Technical Evaluator,2024-12-01T00:00:00
1439,859,Karen,Anderson,karen.anderson@initech.com,+1-945-179-6666,Data Engineer,Blocker,2023-08-31T00:00:00
1440,429,Andrew,Rodriguez,andrew.rodriguez@waystar.io,+1-444-299-6381,Product Manager,End User,2024-11-18T00:00:00
1441,307,Jennifer,Lewis,jennifer.lewis@waystar.io,+1-370-812-2014,COO,Technical Evaluator,2024-11-17T00:00:00
1442,269,Jessica,Williams,jessica.williams,+1-308-215-6964,CFO,Champion,2024-08-21T00:00:00
1443,812,Margaret,Lewis,margaret.lewis@acme.com,+1-428-806-7465,Solutions Architect,Champion,2023-01-18T00:00:00
1444,649,Karen,Clark,karen.clark@globex.com,+1-866-650-1249,,End User,2023-10-16T00:00:00
1445,951,Christopher,Lewis,christopher.lewis@piedpiper.com,+1-651-486-2631,Solutions Architect,Technical Evaluator,2024-01-03T00:00:00
1446,415,James,Smith,james.smith@piedpiper.com,+1-861-392-1502,Solutions Architect,Technical Evaluator,2024-10-31T00:00:00
1447,803,Kimberly,Davis,kimberly.davis@piedpiper.com,+1-588-463-6231,VP of Engineering,Champion,2024-08-19T00:00:00
1448,419,Nancy,Robinson,nancy.robinson@initech.com,+1-421-905-3467,IT Manager,Blocker,2024-06-19T00:00:00
1449,904,Susan,Harris,susan.harris@initech.com,+1-686-232-7058,VP of Engineering,Champion,2021-05-10T00:00:00
1450,493,James,Johnson,james.johnson@initech.com,+1-651-652-1701,VP of Engineering,Economic Buyer,2023-12-30T00:00:00
1451,281,John,Brown,john.brown@globex.com,+1-321-725-4406,Engineering Manager,Blocker,2023-03-22T00:00:00
1452,758,Elizabeth,Hernandez,elizabeth.hernandez@globex.com,+1-623-857-5999,Head of Data,Champion,2024-07-16T00:00:00
1453,732,Daniel,Anderson,daniel.anderson@acme.com,,VP of Engineering,Blocker,2024-10-11T00:00:00
1454,116,Emily,White,emily.white@globex.com,+1-619-637-2481,CTO,Coach,2024-05-05T00:00:00
1455,410,Emily,Anderson,emily.anderson@piedpiper.com,+1-763-398-3260,Head of Security,Technical Evaluator,2021-08-04T00:00:00
1456,95,Ashley,Anderson,ashley.anderson@acme.com,+1-511-206-9044,Head of Security,Technical Evaluator,2024-09-14T00:00:00
1457,449,Jennifer,Sanchez,jennifer.sanchez@umbrella.co,+1-288-594-6755,VP of Product,Champion,2024-08-03T00:00:00
1458,327,Emily,Jones,emily.jones@initech.com,+1-397-786-3962,VP of Product,Blocker,2023-04-24T00:00:00
1459,301,Sarah,Davis,sarah.davis@initech.com,+1-950-699-5464,COO,Coach,2024-12-16T00:00:00
1460,706,Linda,Thomas,linda.thomas@initech.com,+1-992-521-2064,VP of Engineering,End User,2024-02-05T00:00:00
1461,722,Linda,Taylor,linda.taylor@umbrella.co,+1-746-742-4976,Engineering Manager,Economic Buyer,2024-05-16T00:00:00
1462,191,Linda,Harris,linda.harris@waystar.io,+1-727-601-9083,CTO,End User,2022-04-16T00:00:00
1463,754,Jennifer,Hernandez,jennifer.hernandez@acme.com,+1-974-966-6718,Director of Marketing,Economic Buyer,2024-08-19T00:00:00
1464,853,Christopher,Thomas,christopher.thomas@acme.com,+1-591-240-5170,VP of Infrastructure,Economic Buyer,2024-11-04T00:00:00
1465,935,Ashley,Walker,ashley.walker@umbrella.co,+1-721-321-5552,CTO,Champion,2023-10-07T00:00:00
1466,337,Thomas,Harris,thomas.harris@piedpiper.com,+1-782-599-4289,VP of Product,Technical Evaluator,2024-07-13T00:00:00
1467,904,Joseph,Taylor,joseph.taylor@piedpiper.com,+1-415-572-6515,VP of Infrastructure,Technical Evaluator,2024-06-03T00:00:00
1468,643,Michael,Lopez,michael.lopez@acme.com,+1-397-340-7677,CEO,End User,2024-08-06T00:00:00
1469,739,Emily,Smith,emily.smith@piedpiper.com,+1-301-100-2295,Director of Operations,Blocker,2024-10-06T00:00:00
1470,887,Mary,Harris,mary.harris@globex.com,+1-876-949-8175,CFO,Champion,2024-12-31T00:00:00
1471,721,Michelle,Jones,michelle.jones@globex.com,+1-284-928-8055,CFO,Coach,2023-11-29T00:00:00
1472,83,Patricia,Johnson,patricia.johnson@globex.com,+1-641-163-1426,VP of Infrastructure,Champion,2024-12-29T00:00:00
1473,4,Michelle,Johnson,michelle.johnson@globex.com,+1-356-508-5564,IT Manager,Blocker,2024-04-20T00:00:00
1474,671,Matthew,Smith,matthew.smith@umbrella.co,+1-391-730-4131,VP of Sales,Blocker,2022-03-15T00:00:00
1475,828,Betty,Gonzalez,betty.gonzalez@initech.com,+1-338-482-2676,VP of Product,Champion,2024-05-20T00:00:00
1476,436,Susan,Clark,susan.clark@initech.com,+1-862-401-3635,Solutions Architect,Blocker,2024-11-08T00:00:00
1477,290,Thomas,Robinson,thomas.robinson@umbrella.co,+1-661-683-9289,Chief Revenue Officer,Champion,2024-12-16T00:00:00
1478,77,Richard,Sanchez,richard.sanchez@umbrella.co,+1-352-176-3803,CTO,Champion,2024-11-06T00:00:00
1479,480,Patricia,Williams,patricia.williams,+1-745-197-8184,VP of Sales,Blocker,2022-05-26T00:00:00
1480,519,Patricia,Rodriguez,patricia.rodriguez@umbrella.co,+1-619-875-8397,Director of Marketing,Blocker,2024-09-29T00:00:00
1481,762,Donna,Williams,donna.williams@piedpiper.com,+1-915-295-2209,IT Manager,Technical Evaluator,2021-12-13T00:00:00
1482,20,Joshua,Davis,joshua.davis@globex.com,+1-328-516-7475,COO,End User,2024-06-16T00:00:00
1483,54,Sarah,Thomas,sarah.thomas@umbrella.co,+1-351-279-4922,CTO,Economic Buyer,2024-07-25T00:00:00
1484,736,Paul,Clark,paul.clark@piedpiper.com,,Head of Data,Coach,2024-10-08T00:00:00
1485,117,Sandra,Gonzalez,sandra.gonzalez@waystar.io,+1-883-606-8404,Data Engineer,Champion,2024-04-01T00:00:00
1486,907,Emily,Gonzalez,emily.gonzalez@umbrella.co,+1-380-857-9874,DevOps Lead,Coach,2024-03-25T00:00:00
1487,776,Kimberly,Clark,kimberly.clark@acme.com,+1-854-233-6990,CFO,Champion,2024-12-31T00:00:00
1488,879,Patricia,Miller,patricia.miller@piedpiper.com,+1-479-827-7638,DevOps Lead,Champion,2024-08-05T00:00:00
1489,516,Joseph,Johnson,joseph.johnson@waystar.io,,Head of Data,Economic Buyer,2023-12-10T00:00:00
1490,729,Jessica,Ramirez,jessica.ramirez@waystar.io,+1-429-541-1805,CTO,Champion,2023-02-09T00:00:00
1491,607,Paul,Thompson,paul.thompson@umbrella.co,+1-972-710-7816,Head of Security,Technical Evaluator,2023-07-19T00:00:00
1492,248,Sarah,Gonzalez,sarah.gonzalez@globex.com,+1-884-570-4871,VP of Sales,Champion,2022-11-09T00:00:00
1493,411,Charles,White,charles.white@umbrella.co,+1-831-246-3639,Director of IT,Technical Evaluator,2024-12-03T00:00:00
1494,69,Michael,Martin,michael.martin@acme.com,+1-653-533-4697,VP of Infrastructure,End User,2024-05-20T00:00:00
1495,517,Sandra,Anderson,sandra.anderson@globex.com,+1-676-667-9977,Product Manager,End User,2021-11-20T00:00:00
1496,142,Barbara,Walker,,+1-759-389-3546,VP of Engineering,Economic Buyer,2024-12-31T00:00:00
1497,618,Nancy,Perez,nancy.perez@piedpiper.com,+1-818-751-5995,IT Manager,End User,2024-10-14T00:00:00
1498,430,Joseph,Johnson,joseph.johnson@initech.com,+1-412-763-4633,Director of Operations,Technical Evaluator,2024-11-22T00:00:00
1499,608,Mark,Brown,mark.brown@piedpiper.com,,VP of Infrastructure,Champion,2024-04-22T00:00:00
1500,279,Barbara,Wilson,barbara.wilson@waystar.io,+1-799-381-8535,VP of Product,Economic Buyer,2024-04-11T00:00:00
1501,61,Ashley,Anderson,ashley.anderson@initech.com,+1-900-928-1240,Chief Revenue Officer,Champion,2024-08-18T00:00:00
1502,426,Donna,Wilson,donna.wilson@umbrella.co,+1-354-624-1981,Engineering Manager,Champion,2024-12-26T00:00:00
1503,578,Sandra,Martinez,sandra.martinez@globex.com,+1-726-539-2537,VP of Engineering,Economic Buyer,2024-09-20T00:00:00
1504,68,Sandra,Lewis,sandra.lewis@globex.com,,DevOps Lead,Technical Evaluator,2024-10-28T00:00:00
1505,326,Elizabeth,Thompson,elizabeth.thompson@globex.com,+1-997-657-5855,Head of Data,Blocker,2020-04-22T00:00:00
1506,757,Thomas,Gonzalez,thomas.gonzalez@piedpiper.com,+1-909-951-1058,VP of Infrastructure,End User,2022-12-25T00:00:00
1507,906,Karen,Ramirez,karen.ramirez,+1-223-674-5474,CFO,Champion,2024-12-19T00:00:00
1508,531,Michelle,Anderson,michelle.anderson@globex.com,+1-906-329-1726,VP of Sales,Technical Evaluator,2024-06-06T00:00:00
1509,463,Barbara,Williams,barbara.williams@piedpiper.com,+1-968-269-5104,VP of Infrastructure,Economic Buyer,2024-04-26T00:00:00
1510,727,Mary,Ramirez,mary.ramirez@waystar.io,+1-964-774-5865,Director of Marketing,Champion,2024-09-22T00:00:00
1511,326,Ashley,Perez,ashley.perez@globex.com,+1-849-143-5178,COO,Champion,2020-08-30T00:00:00
1512,896,Barbara,Davis,barbara.davis@piedpiper.com,+1-613-572-4927,Chief Revenue Officer,Economic Buyer,2022-06-29T00:00:00
1513,857,Richard,Jones,richard.jones@waystar.io,+1-603-109-5209,CTO,Blocker,2024-10-15T00:00:00
1514,345,Paul,Walker,paul.walker@acme.com,+1-345-937-2501,VP of Infrastructure,End User,2024-09-06T00:00:00
1515,8,Richard,Garcia,richard.garcia@initech.com,+1-222-653-7288,CFO,Champion,2024-07-23T00:00:00
1516,266,Donald,Davis,donald.davis,,Solutions Architect,Coach,2024-09-19T00:00:00
1517,366,Andrew,Sanchez,andrew.sanchez@piedpiper.com,+1-638-675-9051,Data Engineer,Technical Evaluator,2024-11-06T00:00:00
1518,928,Matthew,Moore,matthew.moore@waystar.io,+1-894-912-7964,Solutions Architect,Champion,2024-09-18T00:00:00
1519,768,Robert,Lopez,robert.lopez@initech.com,+1-427-693-4082,VP of Engineering,Blocker,2023-10-29T00:00:00
1520,669,Jessica,Smith,jessica.smith@acme.com,+1-325-686-6337,CEO,Technical Evaluator,2024-11-04T00:00:00
1521,448,James,Jackson,james.jackson@initech.com,+1-261-754-6692,CTO,Coach,2024-12-16T00:00:00
1522,959,Barbara,Gonzalez,,,Product Manager,Technical Evaluator,2022-06-16T00:00:00
1523,533,Matthew,White,matthew.white@initech.com,+1-558-997-5122,DevOps Lead,End User,2023-01-05T00:00:00
1524,939,Donna,Anderson,donna.anderson@acme.com,+1-434-799-9309,COO,Champion,2024-03-30T00:00:00
1525,900,Jessica,Gonzalez,jessica.gonzalez@acme.com,+1-940-356-8660,Head of Security,Champion,2022-03-25T00:00:00
1526,36,Sandra,Davis,sandra.davis@initech.com,+1-945-619-5912,CEO,Technical Evaluator,2024-12-13T00:00:00
1527,680,Christopher,Jackson,,,VP of Sales,End User,2022-10-16T00:00:00
1528,944,Nancy,Clark,nancy.clark@waystar.io,+1-946-283-5426,Director of IT,Technical Evaluator,2024-10-22T00:00:00
1529,54,Linda,Taylor,linda.taylor@acme.com,,VP of Product,Champion,2022-04-24T00:00:00
1530,680,Karen,Hernandez,karen.hernandez@waystar.io,,IT Manager,Coach,2024-08-30T00:00:00
1531,415,Michael,Thompson,michael.thompson@globex.com,+1-737-187-1934,Engineering Manager,Technical Evaluator,2024-04-17T00:00:00
1532,300,Daniel,Martin,daniel.martin@waystar.io,+1-521-336-4016,Director of IT,End User,2024-10-05T00:00:00
1533,363,Elizabeth,Ramirez,elizabeth.ramirez@globex.com,,Solutions Architect,Blocker,2022-05-11T00:00:00
1534,161,Ashley,Lewis,ashley.lewis@umbrella.co,+1-837-636-4810,Head of Security,End User,2023-10-05T00:00:00
1535,40,Kimberly,Johnson,kimberly.johnson@umbrella.co,+1-852-504-8274,CTO,Technical Evaluator,2024-10-06T00:00:00
1536,424,Robert,Martin,robert.martin@piedpiper.com,+1-828-699-5562,Product Manager,Blocker,2024-12-25T00:00:00
1537,652,Joseph,Lopez,joseph.lopez@piedpiper.com,+1-548-360-1025,DevOps Lead,Champion,2024-03-13T00:00:00
1538,877,Barbara,Robinson,barbara.robinson@initech.com,+1-970-772-6068,Product Manager,Champion,2024-12-16T00:00:00
1539,113,Ashley,Johnson,ashley.johnson@umbrella.co,+1-352-411-1504,VP of Infrastructure,End User,2024-10-04T00:00:00
1540,269,Joseph,Brown,joseph.brown@globex.com,+1-732-610-9780,CFO,End User,2022-06-01T00:00:00
1541,786,David,Rodriguez,david.rodriguez@globex.com,+1-540-459-9525,CTO,Blocker,2023-08-07T00:00:00
1542,661,Mary,Clark,mary.clark@umbrella.co,+1-932-292-1328,VP of Product,Champion,2024-09-24T00:00:00
1543,643,Patricia,Lopez,patricia.lopez@umbrella.co,+1-509-797-7557,Head of Security,Economic Buyer,2024-10-16T00:00:00
1544,885,Jennifer,Lee,jennifer.lee@piedpiper.com,,CFO,Economic Buyer,2024-10-19T00:00:00
1545,983,Susan,Thompson,susan.thompson@piedpiper.com,+1-512-310-6139,Director of Marketing,Blocker,2024-03-08T00:00:00
1546,382,Patricia,Thomas,patricia.thomas@waystar.io,,Director of Marketing,Economic Buyer,2022-12-22T00:00:00
1547,721,Christopher,Williams,christopher.williams@acme.com,+1-869-775-2088,Engineering Manager,Champion,2024-10-07T00:00:00
1548,839,Donna,Sanchez,donna.sanchez@piedpiper.com,+1-233-302-5184,CFO,Technical Evaluator,2024-12-29T00:00:00
1549,77,Susan,Hernandez,susan.hernandez@acme.com,+1-645-536-2308,CFO,Blocker,2024-04-05T00:00:00
1550,673,Joshua,Sanchez,joshua.sanchez@piedpiper.com,+1-271-967-1455,DevOps Lead,Coach,2022-12-07T00:00:00
1551,992,Christopher,Clark,christopher.clark@waystar.io,+1-287-460-9580,VP of Product,Blocker,2023-12-16T00:00:00
1552,849,Paul,Sanchez,paul.sanchez@piedpiper.com,+1-739-331-9338,Engineering Manager,Economic Buyer,2024-06-05T00:00:00
1553,265,Lisa,Gonzalez,lisa.gonzalez@globex.com,+1-557-849-8810,VP of Engineering,Champion,2022-08-25T00:00:00
1554,625,Christopher,Williams,christopher.williams@umbrella.co,+1-842-792-5657,CTO,End User,2024-11-22T00:00:00
1555,332,Anthony,Jones,anthony.jones@initech.com,,DevOps Lead,End User,2023-09-12T00:00:00
1556,823,William,Rodriguez,william.rodriguez@initech.com,,Engineering Manager,Technical Evaluator,2024-12-31T00:00:00
1557,413,Joseph,Robinson,joseph.robinson@umbrella.co,+1-234-145-7540,Director of Marketing,Champion,2023-12-12T00:00:00
1558,712,Linda,Harris,linda.harris@waystar.io,+1-561-345-5887,CEO,Coach,2024-12-31T00:00:00
1559,717,Nancy,Perez,nancy.perez,,Solutions Architect,Economic Buyer,2024-12-25T00:00:00
1560,963,Daniel,Anderson,daniel.anderson@initech.com,+1-561-321-4760,Director of Marketing,Champion,2024-10-04T00:00:00
1561,600,Betty,Jackson,betty.jackson@umbrella.co,+1-603-444-4190,IT Manager,Technical Evaluator,2024-05-17T00:00:00
1562,494,Linda,Sanchez,linda.sanchez,,Head of Data,Coach,2021-11-13T00:00:00
1563,692,Mark,Sanchez,mark.sanchez@umbrella.co,+1-840-789-2670,CTO,End User,2023-05-27T00:00:00
1564,213,William,Lee,william.lee@piedpiper.com,+1-601-268-1287,Director of Operations,Champion,2020-08-02T00:00:00
1565,987,Christopher,Martinez,christopher.martinez@globex.com,+1-381-941-9576,COO,Champion,2024-03-24T00:00:00
1566,451,Donna,Harris,donna.harris@initech.com,+1-334-332-4875,COO,End User,2024-09-18T00:00:00
1567,812,Margaret,Johnson,margaret.johnson@globex.com,+1-775-379-8284,,Coach,2024-01-03T00:00:00
1568,210,Charles,Martinez,charles.martinez@initech.com,+1-716-477-2876,Head of Security,Economic Buyer,2023-01-14T00:00:00
1569,351,Andrew,Anderson,andrew.anderson@globex.com,+1-313-798-7886,DevOps Lead,Coach,2024-12-29T00:00:00
1570,462,Sarah,Lopez,sarah.lopez@umbrella.co,+1-386-213-2061,COO,Coach,2023-08-16T00:00:00
1571,291,Karen,Wilson,,+1-381-225-3409,Chief Revenue Officer,Champion,2024-10-28T00:00:00
1572,945,Susan,Wilson,susan.wilson@acme.com,+1-723-254-1212,CTO,Champion,2024-09-08T00:00:00
1573,891,Paul,Garcia,paul.garcia@globex.com,+1-260-287-4817,CFO,Champion,2024-09-10T00:00:00
1574,240,Daniel,Lewis,daniel.lewis@piedpiper.com,+1-294-278-6237,CFO,End User,2024-08-07T00:00:00
1575,920,Joseph,Thomas,joseph.thomas@umbrella.co,+1-593-578-3519,Chief Revenue Officer,Champion,2024-05-06T00:00:00
1576,300,Jessica,Walker,jessica.walker@initech.com,+1-987-766-3995,CTO,Blocker,2024-04-19T00:00:00
1577,175,Joseph,Jackson,joseph.jackson@waystar.io,+1-498-764-1431,IT Manager,Economic Buyer,2024-04-13T00:00:00
1578,212,Betty,Thompson,betty.thompson@globex.com,,Data Engineer,Champion,2024-02-19T00:00:00
1579,237,Sandra,Taylor,sandra.taylor@umbrella.co,+1-348-520-1955,Chief Revenue Officer,Champion,2024-10-18T00:00:00
1580,473,Karen,Hernandez,karen.hernandez@acme.com,+1-374-934-1906,VP of Infrastructure,Champion,2024-12-20T00:00:00
1581,209,Christopher,Thompson,christopher.thompson@piedpiper.com,,Director of Marketing,Economic Buyer,2024-11-23T00:00:00
1582,890,Emily,Martinez,emily.martinez@waystar.io,+1-291-908-7567,VP of Infrastructure,Champion,2024-10-23T00:00:00
1583,849,Paul,Jackson,paul.jackson@acme.com,,Director of IT,Economic Buyer,2024-10-28T00:00:00
1584,447,David,Thomas,david.thomas@waystar.io,+1-713-900-6404,Data Engineer,Technical Evaluator,2022-11-17T00:00:00
1585,549,Nancy,Taylor,nancy.taylor@acme.com,+1-987-523-9769,Engineering Manager,Economic Buyer,2023-10-07T00:00:00
1586,656,John,Thomas,john.thomas@globex.com,+1-540-652-6558,Product Manager,Champion,2023-12-24T00:00:00
1587,54,Susan,Lopez,susan.lopez@initech.com,+1-797-677-2101,Head of Data,Economic Buyer,2022-12-13T00:00:00
1588,512,Matthew,Ramirez,matthew.ramirez@piedpiper.com,+1-951-115-6713,COO,Technical Evaluator,2023-09-05T00:00:00
1589,275,William,Moore,william.moore@piedpiper.com,+1-745-242-5777,CTO,Coach,2023-09-11T00:00:00
1590,419,Susan,Garcia,susan.garcia@initech.com,,VP of Product,Blocker,2023-04-17T00:00:00
1591,482,Nancy,Jones,nancy.jones@acme.com,+1-597-232-6507,Data Engineer,Blocker,2023-06-27T00:00:00
1592,800,Barbara,Johnson,barbara.johnson@acme.com,+1-290-972-1553,Director of Marketing,Coach,2024-10-06T00:00:00
1593,532,Joseph,Brown,joseph.brown@initech.com,+1-940-423-7553,IT Manager,Champion,2022-07-19T00:00:00
1594,811,Michelle,Anderson,michelle.anderson,+1-220-160-3450,VP of Infrastructure,Technical Evaluator,2024-12-19T00:00:00
1595,449,Sarah,Thompson,sarah.thompson@initech.com,+1-602-423-9420,CEO,Technical Evaluator,2024-04-26T00:00:00
1596,575,Linda,Martinez,linda.martinez@globex.com,+1-598-840-9170,Head of Data,End User,2022-10-08T00:00:00
1597,260,Patricia,Thompson,patricia.thompson@waystar.io,+1-876-678-5424,Director of IT,Blocker,2022-01-13T00:00:00
1598,722,Betty,Thomas,betty.thomas@piedpiper.com,+1-232-365-3559,VP of Infrastructure,Technical Evaluator,2024-04-23T00:00:00
1599,153,Robert,Perez,robert.perez@piedpiper.com,+1-971-849-3905,Product Manager,Economic Buyer,2021-06-27T00:00:00
1600,510,William,Lewis,william.lewis@globex.com,+1-880-450-4467,VP of Engineering,Technical Evaluator,2023-06-12T00:00:00
1601,190,Lisa,Robinson,lisa.robinson@waystar.io,+1-440-751-2851,CFO,Economic Buyer,2024-07-30T00:00:00
1602,63,Mary,White,mary.white@umbrella.co,+1-397-271-4172,CFO,Economic Buyer,2024-05-25T00:00:00
1603,201,John,Hernandez,john.hernandez@globex.com,+1-593-423-7046,Data Engineer,End User,2024-10-16T00:00:00
1604,778,Sandra,Sanchez,sandra.sanchez@waystar.io,+1-725-937-4608,IT Manager,Coach,2024-12-30T00:00:00
1605,43,Paul,Perez,paul.perez,+1-362-116-8305,VP of Sales,Blocker,2021-04-04T00:00:00
1606,362,Donna,Robinson,donna.robinson@umbrella.co,+1-987-285-1084,VP of Product,Technical Evaluator,2024-02-29T00:00:00
1607,248,Anthony,Martin,anthony.martin,+1-916-978-7268,VP of Engineering,Economic Buyer,2024-06-04T00:00:00
1608,194,Kimberly,Smith,kimberly.smith@initech.com,+1-601-721-7666,CFO,End User,2023-06-05T00:00:00
1609,703,Mary,Smith,,+1-477-200-1626,COO,Blocker,2020-10-22T00:00:00
1610,465,Paul,White,paul.white@umbrella.co,+1-259-591-3743,Chief Revenue Officer,Champion,2023-09-17T00:00:00
1611,465,David,Anderson,david.anderson@globex.com,+1-509-724-4987,Product Manager,Technical Evaluator,2023-12-14T00:00:00
1612,9,James,Thomas,james.thomas@waystar.io,+1-466-557-4932,COO,Economic Buyer,2023-09-23T00:00:00
1613,29,Michelle,Thompson,michelle.thompson@umbrella.co,+1-356-520-1012,CTO,Champion,2023-02-04T00:00:00
1614,577,Anthony,Jackson,anthony.jackson@umbrella.co,+1-233-158-4808,VP of Product,End User,2024-10-30T00:00:00
1615,614,Emily,Perez,emily.perez@waystar.io,,COO,End User,2024-09-15T00:00:00
1616,876,Donald,Lopez,donald.lopez@initech.com,,Data Engineer,Economic Buyer,2023-02-11T00:00:00
1617,25,Michelle,Thomas,michelle.thomas@umbrella.co,+1-651-846-9763,Director of Marketing,Blocker,2022-09-04T00:00:00
1618,59,Ashley,Gonzalez,ashley.gonzalez@initech.com,+1-986-821-1340,VP of Sales,End User,2024-08-17T00:00:00
1619,566,Ashley,Jackson,ashley.jackson@globex.com,+1-838-954-8189,VP of Product,Technical Evaluator,2024-02-15T00:00:00
1620,870,Emily,Smith,emily.smith@globex.com,+1-482-301-1718,CFO,Champion,2024-03-10T00:00:00
1621,483,Andrew,Smith,andrew.smith@acme.com,+1-740-549-5615,VP of Product,End User,2024-10-19T00:00:00
1622,885,Margaret,Taylor,margaret.taylor@waystar.io,+1-334-973-1879,Director of Operations,Champion,2021-02-06T00:00:00
1623,580,Mark,Miller,mark.miller@globex.com,+1-513-321-4125,VP of Infrastructure,Economic Buyer,2024-09-24T00:00:00
1624,705,Charles,Anderson,,+1-765-569-6338,VP of Infrastructure,End User,2024-07-04T00:00:00
1625,639,Thomas,Garcia,thomas.garcia@piedpiper.com,+1-875-589-1878,Head of Security,Champion,2024-06-11T00:00:00
1626,864,David,Miller,david.miller@waystar.io,+1-904-226-2797,Engineering Manager,Economic Buyer,2022-06-07T00:00:00
1627,929,Richard,Garcia,richard.garcia@initech.com,+1-243-392-1917,VP of Product,Technical Evaluator,2023-02-16T00:00:00
1628,754,James,Miller,,+1-556-861-2463,Data Engineer,End User,2023-08-27T00:00:00
1629,240,James,Hernandez,james.hernandez@initech.com,+1-969-850-9059,COO,Technical Evaluator,2021-12-08T00:00:00
1630,735,Margaret,Williams,margaret.williams@piedpiper.com,+1-565-526-8849,DevOps Lead,Blocker,2022-08-21T00:00:00
1631,339,Jennifer,Harris,jennifer.harris@piedpiper.com,,VP of Product,Economic Buyer,2024-03-08T00:00:00
1632,57,Donna,Taylor,donna.taylor@initech.com,+1-626-634-9789,,Blocker,2022-07-25T00:00:00
1633,792,Joshua,Davis,joshua.davis@waystar.io,+1-424-916-4188,Chief Revenue Officer,Blocker,2023-04-26T00:00:00
1634,194,Margaret,Lee,margaret.lee@initech.com,+1-544-504-7835,,End User,2022-02-19T00:00:00
1635,638,Sandra,Robinson,sandra.robinson@initech.com,+1-441-730-9077,VP of Sales,Technical Evaluator,2024-05-02T00:00:00
1636,197,Jennifer,Martin,jennifer.martin@umbrella.co,+1-964-639-4296,Director of Operations,Coach,2024-09-17T00:00:00
1637,30,Kimberly,Williams,kimberly.williams@globex.com,+1-847-630-4401,VP of Sales,End User,2023-08-31T00:00:00
1638,5,Paul,Anderson,paul.anderson@initech.com,+1-986-106-4531,VP of Engineering,End User,2024-05-22T00:00:00
1639,451,Patricia,Ramirez,patricia.ramirez@globex.com,+1-490-488-8609,Head of Data,End User,2024-08-15T00:00:00
1640,382,Mary,Thomas,mary.thomas@piedpiper.com,+1-300-572-9885,Director of Marketing,Technical Evaluator,2023-10-06T00:00:00
1641,454,Christopher,Thomas,,+1-304-284-1736,Chief Revenue Officer,End User,2023-08-12T00:00:00
1642,793,Margaret,White,margaret.white@umbrella.co,+1-469-479-2421,,Champion,2022-04-02T00:00:00
1643,35,Mary,Taylor,mary.taylor,+1-673-931-3071,VP of Sales,Coach,2023-10-09T00:00:00
1644,298,Kimberly,Thompson,kimberly.thompson@acme.com,+1-966-516-1943,Engineering Manager,Technical Evaluator,2023-04-23T00:00:00
1645,734,Margaret,Harris,margaret.harris@umbrella.co,+1-894-202-1409,COO,Champion,2024-03-16T00:00:00
1646,452,Richard,Clark,richard.clark@globex.com,+1-826-237-4236,VP of Infrastructure,Champion,2024-07-02T00:00:00
1647,956,Lisa,Davis,lisa.davis@initech.com,+1-975-108-4082,Data Engineer,Economic Buyer,2024-09-24T00:00:00
1648,968,Karen,Sanchez,,+1-639-812-1192,IT Manager,End User,2023-10-03T00:00:00
1649,904,Christopher,Lewis,christopher.lewis@piedpiper.com,+1-979-273-8031,Head of Data,Blocker,2022-02-01T00:00:00
1650,144,Anthony,Moore,anthony.moore@umbrella.co,,Product Manager,Economic Buyer,2024-08-17T00:00:00
1651,252,Sandra,Miller,sandra.miller@waystar.io,+1-243-166-7546,DevOps Lead,Technical Evaluator,2024-04-15T00:00:00
1652,902,Elizabeth,Sanchez,elizabeth.sanchez@umbrella.co,+1-427-419-3845,Director of Marketing,Champion,2023-07-16T00:00:00
1653,678,Elizabeth,Martin,elizabeth.martin@umbrella.co,+1-227-614-6772,Chief Revenue Officer,Champion,2024-05-19T00:00:00
1654,489,Emily,Taylor,emily.taylor@piedpiper.com,+1-267-698-9454,VP of Product,Economic Buyer,2024-12-03T00:00:00
1655,596,Paul,Thomas,paul.thomas@piedpiper.com,+1-746-519-2280,Product Manager,Coach,2024-09-23T00:00:00
1656,110,Charles,White,charles.white@globex.com,+1-763-537-2402,CEO,Champion,2022-09-07T00:00:00
1657,507,Betty,Smith,betty.smith@acme.com,+1-206-666-8709,CTO,Economic Buyer,2024-10-19T00:00:00
1658,444,Barbara,Thompson,barbara.thompson@piedpiper.com,+1-801-463-9802,CEO,Technical Evaluator,2023-07-20T00:00:00
1659,303,Anthony,White,anthony.white@piedpiper.com,+1-637-757-5583,Director of Marketing,Champion,2023-08-14T00:00:00
1660,261,Emily,Sanchez,emily.sanchez,+1-712-176-7667,Head of Data,Technical Evaluator,2024-12-30T00:00:00
1661,396,Christopher,Thomas,christopher.thomas@acme.com,+1-537-704-4999,VP of Engineering,Blocker,2023-06-30T00:00:00
1662,828,Linda,Wilson,linda.wilson@umbrella.co,+1-416-532-4813,COO,Champion,2024-11-16T00:00:00
1663,654,Sarah,Lewis,sarah.lewis@globex.com,+1-705-504-1444,Solutions Architect,Coach,2024-03-21T00:00:00
1664,345,Joseph,Anderson,joseph.anderson@initech.com,+1-941-918-5199,DevOps Lead,End User,2024-11-20T00:00:00
1665,268,Barbara,Thompson,barbara.thompson@initech.com,+1-826-919-7102,Engineering Manager,Technical Evaluator,2023-05-14T00:00:00
1666,959,Joshua,Lee,joshua.lee@piedpiper.com,+1-838-630-1567,CEO,Economic Buyer,2023-01-04T00:00:00
1667,267,Paul,Lewis,paul.lewis@acme.com,+1-908-799-8505,Data Engineer,End User,2023-08-13T00:00:00
1668,676,Karen,Jackson,karen.jackson@waystar.io,+1-228-232-1182,Director of Operations,Champion,2022-07-28T00:00:00
1669,711,Betty,Wilson,betty.wilson@umbrella.co,+1-928-988-5339,COO,Technical Evaluator,2024-02-24T00:00:00
1670,290,William,Ramirez,william.ramirez@umbrella.co,+1-949-556-3072,Product Manager,Economic Buyer,2024-08-30T00:00:00
1671,660,Richard,Brown,richard.brown@acme.com,,VP of Engineering,Champion,2023-11-17T00:00:00
1672,182,William,Thomas,william.thomas@globex.com,+1-331-362-6747,VP of Engineering,Coach,2024-07-21T00:00:00
1673,724,Steven,Sanchez,steven.sanchez@globex.com,+1-208-337-3326,Chief Revenue Officer,Coach,2024-03-30T00:00:00
1674,543,Richard,Perez,richard.perez@waystar.io,,CFO,End User,2022-09-04T00:00:00
1675,138,Barbara,Johnson,barbara.johnson@acme.com,+1-631-534-6280,Solutions Architect,Economic Buyer,2024-10-11T00:00:00
1676,517,Mary,Smith,mary.smith,+1-774-204-4082,CFO,Blocker,2021-10-03T00:00:00
1677,497,Ashley,Hernandez,ashley.hernandez@piedpiper.com,+1-714-531-9727,Data Engineer,Economic Buyer,2023-01-07T00:00:00
1678,547,Nancy,Anderson,nancy.anderson@piedpiper.com,+1-441-655-5417,Director of IT,End User,2022-06-07T00:00:00
1679,342,Steven,Williams,steven.williams@waystar.io,+1-678-301-2130,Data Engineer,End User,2021-11-10T00:00:00
1680,279,Kimberly,Williams,kimberly.williams,+1-688-440-9214,CTO,End User,2022-05-01T00:00:00
1681,848,Matthew,Ramirez,matthew.ramirez@globex.com,+1-737-902-2362,CFO,End User,2024-12-24T00:00:00
1682,284,John,Rodriguez,john.rodriguez@initech.com,,CEO,End User,2024-05-17T00:00:00
1683,296,Christopher,Sanchez,christopher.sanchez@acme.com,+1-794-295-4882,VP of Sales,Champion,2022-03-20T00:00:00
1684,435,Mary,Williams,mary.williams@waystar.io,+1-215-859-7522,Director of IT,Technical Evaluator,2024-12-09T00:00:00
1685,790,Patricia,Lopez,patricia.lopez@waystar.io,+1-419-663-6064,VP of Engineering,Coach,2023-12-18T00:00:00
1686,249,Thomas,Harris,thomas.harris@globex.com,+1-903-410-8103,CFO,Economic Buyer,2024-07-17T00:00:00
1687,111,Paul,Smith,paul.smith@piedpiper.com,+1-802-965-8596,DevOps Lead,Champion,2024-04-30T00:00:00
1688,779,David,Garcia,david.garcia@waystar.io,+1-997-720-8702,Director of Marketing,Blocker,2022-08-09T00:00:00
1689,902,Thomas,Martin,thomas.martin@piedpiper.com,,Director of IT,Coach,2023-11-11T00:00:00
1690,183,Jennifer,Lewis,jennifer.lewis@acme.com,+1-920-392-6212,VP of Product,Economic Buyer,2024-12-23T00:00:00
1691,971,William,Martin,william.martin@acme.com,+1-878-126-2715,COO,Blocker,2024-04-22T00:00:00
1692,684,Andrew,Thompson,andrew.thompson@waystar.io,+1-905-209-5495,Director of IT,Champion,2024-11-18T00:00:00
1693,284,Jessica,Johnson,jessica.johnson@piedpiper.com,,VP of Engineering,Champion,2023-06-25T00:00:00
1694,407,Michelle,Martin,michelle.martin@waystar.io,+1-381-428-7052,VP of Engineering,End User,2024-10-31T00:00:00
1695,647,John,Rodriguez,john.rodriguez,+1-246-446-5014,Data Engineer,Champion,2024-02-14T00:00:00
1696,91,Donna,Harris,donna.harris@waystar.io,+1-281-249-3774,CTO,Economic Buyer,2023-12-14T00:00:00
1697,332,Patricia,Davis,patricia.davis@acme.com,+1-332-345-8534,VP of Product,Technical Evaluator,2024-09-24T00:00:00
1698,227,Steven,Anderson,steven.anderson@acme.com,,CTO,Technical Evaluator,2022-09-20T00:00:00
1699,612,John,Davis,john.davis@umbrella.co,+1-751-970-6930,Director of IT,Technical Evaluator,2022-09-28T00:00:00
1700,717,Donna,Perez,donna.perez@initech.com,+1-930-719-1650,VP of Sales,Economic Buyer,2024-12-13T00:00:00
1701,569,Karen,Perez,karen.perez@globex.com,+1-858-552-1422,DevOps Lead,Technical Evaluator,2022-02-03T00:00:00
1702,470,Patricia,Lee,patricia.lee@piedpiper.com,+1-357-721-3126,Chief Revenue Officer,Champion,2024-09-18T00:00:00
1703,910,Betty,Robinson,betty.robinson@initech.com,+1-488-485-9317,VP of Sales,Economic Buyer,2021-07-12T00:00:00
1704,734,James,Miller,,+1-464-227-9084,DevOps Lead,Champion,2024-03-02T00:00:00
1705,562,Emily,Walker,emily.walker@waystar.io,+1-304-978-5160,CEO,Economic Buyer,2024-10-11T00:00:00
1706,691,Donna,Thomas,donna.thomas@globex.com,+1-279-867-2961,VP of Infrastructure,Champion,2024-06-01T00:00:00
1707,764,Thomas,Walker,,+1-991-325-6231,Product Manager,Coach,2024-09-28T00:00:00
1708,916,Donald,Gonzalez,donald.gonzalez@acme.com,+1-782-139-2856,Head of Data,End User,2023-07-13T00:00:00
1709,944,Charles,White,charles.white@acme.com,+1-948-455-9199,VP of Infrastructure,Technical Evaluator,2024-09-29T00:00:00
1710,434,Robert,Walker,robert.walker@globex.com,+1-201-962-2627,Data Engineer,Technical Evaluator,2024-02-25T00:00:00
1711,600,David,Thomas,david.thomas@waystar.io,+1-648-239-1046,VP of Infrastructure,Technical Evaluator,2023-11-26T00:00:00
1712,647,Joseph,Gonzalez,joseph.gonzalez@initech.com,+1-237-724-1886,COO,Champion,2024-09-23T00:00:00
1713,342,Jessica,Sanchez,jessica.sanchez@initech.com,+1-701-375-7209,Product Manager,Economic Buyer,2023-11-28T00:00:00
1714,500,Donald,Clark,donald.clark@waystar.io,+1-469-650-8223,IT Manager,Technical Evaluator,2024-11-07T00:00:00
1715,679,Charles,Sanchez,charles.sanchez@piedpiper.com,+1-569-390-3838,VP of Infrastructure,Economic Buyer,2024-07-29T00:00:00
1716,418,Mark,White,mark.white@waystar.io,+1-664-792-7651,Director of Operations,Champion,2024-12-30T00:00:00
1717,667,Betty,Ramirez,betty.ramirez@waystar.io,+1-869-730-6780,Head of Security,Technical Evaluator,2024-10-12T00:00:00
1718,875,Jessica,Thomas,jessica.thomas@piedpiper.com,+1-666-770-3540,Chief Revenue Officer,End User,2024-02-09T00:00:00
1719,622,Mark,Lopez,mark.lopez@waystar.io,+1-311-543-3115,Chief Revenue Officer,Technical Evaluator,2024-11-06T00:00:00
1720,973,Betty,Robinson,betty.robinson@initech.com,+1-712-901-1957,DevOps Lead,Technical Evaluator,2024-05-13T00:00:00
1721,740,Kimberly,Martinez,kimberly.martinez@globex.com,+1-491-746-7142,CFO,Economic Buyer,2024-11-11T00:00:00
1722,97,Michael,Lewis,michael.lewis@acme.com,+1-301-555-5690,VP of Sales,Blocker,2022-03-04T00:00:00
1723,540,Elizabeth,Smith,elizabeth.smith@acme.com,+1-860-551-4949,Head of Security,End User,2021-05-27T00:00:00
1724,790,Mary,Walker,mary.walker@piedpiper.com,+1-740-532-9582,Director of Marketing,End User,2024-10-04T00:00:00
1725,681,David,Clark,david.clark@initech.com,+1-592-739-1599,Solutions Architect,Technical Evaluator,2024-07-26T00:00:00
1726,585,Kimberly,Garcia,kimberly.garcia@piedpiper.com,+1-335-324-1288,CTO,Economic Buyer,2022-04-02T00:00:00
1727,993,Donald,Martinez,donald.martinez@globex.com,+1-589-150-9929,VP of Product,Economic Buyer,2024-12-31T00:00:00
1728,242,Donna,Brown,donna.brown@umbrella.co,+1-856-447-1100,DevOps Lead,Technical Evaluator,2024-11-20T00:00:00
1729,200,Steven,Hernandez,steven.hernandez@piedpiper.com,+1-267-305-7835,VP of Engineering,Champion,2024-11-10T00:00:00
1730,989,Kimberly,Harris,kimberly.harris@umbrella.co,+1-480-533-1192,VP of Infrastructure,Champion,2024-04-12T00:00:00
1731,205,Ashley,Jackson,ashley.jackson@piedpiper.com,,CFO,Technical Evaluator,2023-05-22T00:00:00
1732,627,Charles,Lewis,charles.lewis@globex.com,+1-256-911-5815,Product Manager,Champion,2024-10-18T00:00:00
1733,921,Lisa,Thompson,,+1-356-607-6067,Head of Data,Economic Buyer,2024-10-26T00:00:00
1734,749,Anthony,Davis,,+1-807-562-3314,VP of Sales,Blocker,2023-05-30T00:00:00
1735,523,Susan,Martinez,susan.martinez@globex.com,+1-905-571-7059,Director of Operations,Technical Evaluator,2024-08-26T00:00:00
1736,196,William,Thompson,william.thompson@globex.com,+1-610-971-4494,Head of Security,Champion,2022-07-10T00:00:00
1737,46,Kimberly,Davis,kimberly.davis@umbrella.co,,DevOps Lead,Economic Buyer,2021-02-08T00:00:00
1738,273,Kimberly,Smith,kimberly.smith@globex.com,+1-301-968-2203,CEO,Champion,2024-02-07T00:00:00
1739,703,William,Garcia,william.garcia@waystar.io,+1-448-904-5052,CFO,Technical Evaluator,2023-01-16T00:00:00
1740,335,Margaret,Gonzalez,margaret.gonzalez@acme.com,+1-499-178-7993,Product Manager,Blocker,2024-09-01T00:00:00
1741,247,Matthew,Miller,matthew.miller@globex.com,+1-736-976-3953,Chief Revenue Officer,Champion,2023-12-19T00:00:00
1742,948,Andrew,Jones,andrew.jones@initech.com,+1-741-181-7022,IT Manager,Champion,2024-12-26T00:00:00
1743,167,Barbara,Hernandez,barbara.hernandez@acme.com,+1-591-902-7891,Product Manager,Champion,2022-11-19T00:00:00
1744,979,Andrew,Jones,andrew.jones@piedpiper.com,+1-929-573-7559,Solutions Architect,Technical Evaluator,2023-09-11T00:00:00
1745,37,Robert,Jackson,robert.jackson@globex.com,+1-579-894-2890,Product Manager,End User,2024-04-19T00:00:00
1746,464,Joshua,Jones,joshua.jones@piedpiper.com,+1-318-219-8710,Solutions Architect,Technical Evaluator,2022-11-18T00:00:00
1747,957,James,Brown,james.brown@umbrella.co,+1-539-824-6523,VP of Engineering,Technical Evaluator,2024-11-25T00:00:00
1748,991,Emily,Martin,emily.martin@umbrella.co,,COO,End User,2024-08-05T00:00:00
1749,149,Michelle,Martin,michelle.martin@initech.com,+1-385-983-5394,Director of Marketing,Technical Evaluator,2024-01-29T00:00:00
1750,127,Steven,Johnson,steven.johnson@globex.com,+1-666-206-7398,Director of Operations,End User,2021-12-15T00:00:00
1751,125,Kimberly,Garcia,kimberly.garcia@waystar.io,+1-663-544-3920,VP of Sales,Economic Buyer,2024-12-07T00:00:00
1752,883,Margaret,Lee,margaret.lee@initech.com,+1-618-441-6340,VP of Sales,Coach,2024-06-04T00:00:00
1753,566,Margaret,Gonzalez,margaret.gonzalez@globex.com,+1-620-170-6442,CFO,End User,2022-10-22T00:00:00
1754,417,Ashley,Rodriguez,ashley.rodriguez@umbrella.co,+1-860-488-4412,CFO,End User,2023-04-20T00:00:00
1755,352,Mark,Johnson,mark.johnson@initech.com,,VP of Infrastructure,Blocker,2024-09-07T00:00:00
1756,664,Donna,Rodriguez,donna.rodriguez@waystar.io,+1-392-318-3203,Engineering Manager,Economic Buyer,2024-10-04T00:00:00
1757,474,Nancy,Jones,nancy.jones@waystar.io,+1-242-706-4539,Director of Marketing,Economic Buyer,2024-04-10T00:00:00
1758,447,Joshua,Garcia,joshua.garcia@initech.com,+1-969-997-7063,IT Manager,Blocker,2023-01-27T00:00:00
1759,720,David,Taylor,david.taylor@umbrella.co,+1-928-626-9973,DevOps Lead,Champion,2024-04-23T00:00:00
1760,906,Nancy,Thomas,nancy.thomas@waystar.io,+1-692-315-3805,Solutions Architect,Technical Evaluator,2020-12-02T00:00:00
1761,823,Jennifer,Lopez,jennifer.lopez@initech.com,+1-896-914-1427,Director of Marketing,Economic Buyer,2024-12-18T00:00:00
1762,824,Elizabeth,Jackson,elizabeth.jackson@acme.com,+1-715-477-4863,Director of Operations,Champion,2024-09-22T00:00:00
1763,880,Sarah,White,sarah.white@globex.com,+1-307-181-8873,Director of Operations,Champion,2024-06-17T00:00:00
1764,64,Linda,Lee,linda.lee@initech.com,+1-655-476-1840,Solutions Architect,Technical Evaluator,2024-04-15T00:00:00
1765,880,Paul,Anderson,paul.anderson,+1-649-684-7551,Chief Revenue Officer,Champion,2024-09-28T00:00:00
1766,929,Steven,Smith,steven.smith@umbrella.co,+1-441-375-3272,Product Manager,Blocker,2024-01-10T00:00:00
1767,985,Patricia,Lee,patricia.lee@initech.com,+1-872-445-4009,CFO,End User,2024-05-20T00:00:00
1768,540,Matthew,Taylor,matthew.taylor@waystar.io,+1-565-796-1763,CFO,Technical Evaluator,2023-02-03T00:00:00
1769,966,David,Lewis,david.lewis@globex.com,+1-559-323-1755,VP of Engineering,End User,2022-08-18T00:00:00
1770,416,Karen,Sanchez,karen.sanchez@acme.com,+1-431-120-4266,VP of Sales,Economic Buyer,2022-11-25T00:00:00
1771,198,Richard,Martin,richard.martin@initech.com,+1-652-707-6567,VP of Sales,Technical Evaluator,2021-06-24T00:00:00
1772,536,Charles,Brown,charles.brown@globex.com,+1-863-787-9664,CEO,Champion,2024-07-20T00:00:00
1773,386,Michael,Rodriguez,michael.rodriguez@initech.com,+1-650-864-8220,Director of Operations,End User,2023-09-03T00:00:00
1774,42,Nancy,Lee,nancy.lee,+1-596-392-6154,Director of Marketing,Coach,2023-04-19T00:00:00
1775,938,Betty,Gonzalez,betty.gonzalez@umbrella.co,+1-941-251-5709,Director of Operations,Coach,2023-09-11T00:00:00
1776,508,James,Walker,james.walker@globex.com,+1-615-408-4580,VP of Product,End User,2023-02-03T00:00:00
1777,619,Steven,Thompson,steven.thompson@waystar.io,,CEO,Economic Buyer,2023-02-28T00:00:00
1778,963,David,White,david.white@umbrella.co,+1-813-835-2998,IT Manager,Technical Evaluator,2024-03-03T00:00:00
1779,311,John,Garcia,john.garcia@globex.com,+1-488-737-2173,Head of Security,End User,2024-01-29T00:00:00
1780,622,Mary,Garcia,mary.garcia@piedpiper.com,+1-531-953-7049,Product Manager,Champion,2024-12-23T00:00:00
1781,452,Karen,Jackson,karen.jackson@globex.com,+1-324-469-8369,Director of Marketing,Champion,2023-08-23T00:00:00
1782,309,Mark,Martin,mark.martin@acme.com,+1-335-110-1150,Engineering Manager,Coach,2024-08-04T00:00:00
1783,133,David,Lopez,david.lopez@waystar.io,+1-841-741-2612,Head of Data,End User,2024-12-24T00:00:00
1784,941,Emily,Rodriguez,emily.rodriguez@piedpiper.com,+1-935-646-6477,Data Engineer,End User,2023-02-13T00:00:00
1785,217,Christopher,Thompson,christopher.thompson@piedpiper.com,+1-291-966-5009,Director of Marketing,Economic Buyer,2024-12-13T00:00:00
1786,909,Ashley,Williams,ashley.williams@waystar.io,+1-784-603-6831,IT Manager,Blocker,2024-10-13T00:00:00
1787,30,Betty,Harris,betty.harris@initech.com,+1-900-299-1498,CEO,Economic Buyer,2024-08-27T00:00:00
1788,209,Barbara,Harris,barbara.harris@piedpiper.com,+1-956-565-5328,CFO,Technical Evaluator,2024-12-19T00:00:00
1789,144,Donna,Thomas,donna.thomas@waystar.io,+1-410-176-7645,Product Manager,Technical Evaluator,2024-10-08T00:00:00
1790,669,Richard,Robinson,richard.robinson@globex.com,+1-471-619-9771,Solutions Architect,Champion,2024-10-23T00:00:00
1791,683,Andrew,Wilson,andrew.wilson@globex.com,+1-725-875-5081,Head of Data,Technical Evaluator,2024-07-12T00:00:00
1792,825,Anthony,Martinez,anthony.martinez@acme.com,+1-798-905-1588,Director of Operations,Technical Evaluator,2024-02-05T00:00:00
1793,581,Michael,Robinson,michael.robinson@waystar.io,+1-945-579-9143,Engineering Manager,End User,2024-12-22T00:00:00
1794,201,Charles,Martinez,charles.martinez@initech.com,+1-983-698-2617,DevOps Lead,Economic Buyer,2024-10-10T00:00:00
1795,78,Michelle,Walker,michelle.walker,+1-341-290-7396,Director of Marketing,Technical Evaluator,2022-11-02T00:00:00
1796,453,Michelle,Robinson,michelle.robinson@acme.com,+1-674-825-1397,Engineering Manager,Economic Buyer,2024-12-06T00:00:00
1797,61,Matthew,Lewis,matthew.lewis@initech.com,+1-304-151-8044,CFO,Technical Evaluator,2023-08-06T00:00:00
1798,357,Jennifer,Thompson,jennifer.thompson@initech.com,+1-515-842-5712,DevOps Lead,Technical Evaluator,2024-01-17T00:00:00
1799,785,Linda,Thomas,linda.thomas@umbrella.co,+1-954-820-4496,CFO,Blocker,2024-08-14T00:00:00
1800,732,Daniel,Martin,daniel.martin@umbrella.co,+1-484-755-7648,VP of Product,End User,2022-11-16T00:00:00
1801,132,Karen,Robinson,karen.robinson@acme.com,+1-750-173-6616,Product Manager,Coach,2022-12-25T00:00:00
1802,914,Karen,Smith,karen.smith@acme.com,+1-827-247-6441,VP of Sales,Technical Evaluator,2024-06-01T00:00:00
1803,524,Paul,Lee,paul.lee@initech.com,+1-673-703-2194,Head of Security,Technical Evaluator,2024-07-19T00:00:00
1804,182,Paul,Jones,paul.jones@acme.com,+1-339-563-5339,CFO,Technical Evaluator,2024-10-23T00:00:00
1805,937,Sandra,Hernandez,sandra.hernandez@initech.com,+1-641-700-7843,Data Engineer,Technical Evaluator,2023-04-24T00:00:00
1806,886,Donna,Jones,donna.jones@waystar.io,+1-266-787-6925,DevOps Lead,Champion,2024-05-24T00:00:00
1807,421,Kimberly,Taylor,kimberly.taylor@acme.com,+1-849-221-1045,VP of Engineering,Economic Buyer,2024-09-21T00:00:00
1808,995,Ashley,Brown,ashley.brown@initech.com,+1-421-877-4979,DevOps Lead,End User,2023-05-27T00:00:00
1809,738,David,Williams,david.williams@umbrella.co,,Engineering Manager,Champion,2024-04-26T00:00:00
1810,317,Barbara,Williams,barbara.williams@acme.com,+1-955-355-7701,Director of Marketing,Economic Buyer,2023-11-02T00:00:00
1811,22,Sarah,Clark,sarah.clark@waystar.io,+1-811-686-3807,CTO,Economic Buyer,2024-11-12T00:00:00
1812,652,Michelle,Martinez,michelle.martinez@acme.com,+1-417-937-4206,Chief Revenue Officer,Coach,2024-04-02T00:00:00
1813,428,Patricia,Gonzalez,patricia.gonzalez@umbrella.co,+1-547-125-1403,CEO,Champion,2024-11-23T00:00:00
1814,484,Barbara,Sanchez,barbara.sanchez@initech.com,+1-783-681-2573,Head of Data,Economic Buyer,2024-11-17T00:00:00
1815,708,Nancy,Walker,nancy.walker@piedpiper.com,+1-551-146-7466,COO,Technical Evaluator,2024-12-31T00:00:00
1816,317,Anthony,Thompson,,+1-284-886-9509,Product Manager,Champion,2022-12-15T00:00:00
1817,826,Michael,Robinson,michael.robinson@initech.com,+1-563-565-2676,VP of Product,Technical Evaluator,2023-05-13T00:00:00
1818,521,Linda,Garcia,,+1-452-800-1468,Head of Security,Coach,2024-07-02T00:00:00
1819,152,Andrew,Smith,andrew.smith@globex.com,+1-432-843-4063,DevOps Lead,End User,2024-06-13T00:00:00
1820,444,Paul,Wilson,paul.wilson@piedpiper.com,+1-446-134-8158,Engineering Manager,Technical Evaluator,2022-03-19T00:00:00
1821,505,Daniel,Ramirez,daniel.ramirez@umbrella.co,+1-929-818-7543,CFO,End User,2024-11-09T00:00:00
1822,563,Mark,Robinson,mark.robinson@globex.com,+1-219-983-8091,Data Engineer,Technical Evaluator,2024-10-18T00:00:00
1823,151,Mary,Hernandez,,+1-961-719-6549,COO,Champion,2022-07-04T00:00:00
1824,594,Paul,White,paul.white@umbrella.co,+1-576-642-7938,IT Manager,Technical Evaluator,2020-11-18T00:00:00
1825,608,Margaret,Robinson,margaret.robinson@waystar.io,+1-277-281-6664,,Champion,2024-12-16T00:00:00
1826,370,Sarah,Williams,sarah.williams@umbrella.co,+1-268-487-7966,DevOps Lead,Coach,2024-01-02T00:00:00
1827,387,Richard,Lee,richard.lee@acme.com,+1-354-397-1304,Solutions Architect,Economic Buyer,2024-12-12T00:00:00
1828,435,Steven,Johnson,steven.johnson@umbrella.co,+1-259-130-4355,CFO,End User,2024-12-28T00:00:00
1829,120,Sandra,Wilson,sandra.wilson@acme.com,+1-523-758-9002,Product Manager,Technical Evaluator,2024-12-16T00:00:00
1830,79,James,Rodriguez,james.rodriguez@umbrella.co,+1-964-475-8345,Head of Security,Champion,2022-01-16T00:00:00
1831,552,Jessica,Thomas,jessica.thomas@waystar.io,+1-476-480-5997,IT Manager,Champion,2024-05-12T00:00:00
1832,982,Sandra,Gonzalez,sandra.gonzalez,+1-312-384-8448,Chief Revenue Officer,Economic Buyer,2024-12-19T00:00:00
1833,348,Daniel,Wilson,daniel.wilson@piedpiper.com,+1-604-661-9812,IT Manager,Technical Evaluator,2024-11-04T00:00:00
1834,347,Elizabeth,Lewis,elizabeth.lewis@acme.com,+1-484-871-6980,CEO,Technical Evaluator,2024-09-20T00:00:00
1835,564,David,Harris,david.harris@piedpiper.com,+1-337-407-1493,IT Manager,End User,2024-12-04T00:00:00
1836,301,Elizabeth,Brown,elizabeth.brown@acme.com,+1-806-514-4539,Director of Operations,End User,2024-02-24T00:00:00
1837,188,Betty,White,betty.white@globex.com,+1-651-303-2902,CEO,End User,2022-04-10T00:00:00
1838,559,Jennifer,Anderson,jennifer.anderson@waystar.io,,Head of Data,Blocker,2024-04-18T00:00:00
1839,987,Barbara,Wilson,barbara.wilson@acme.com,+1-447-397-3609,DevOps Lead,Coach,2024-10-02T00:00:00
1840,368,Lisa,Jones,lisa.jones@globex.com,+1-918-989-9601,Chief Revenue Officer,Champion,2022-12-15T00:00:00
1841,954,Sandra,Walker,sandra.walker@waystar.io,+1-992-848-2998,Director of IT,Economic Buyer,2023-11-26T00:00:00
1842,367,Jennifer,Clark,jennifer.clark@piedpiper.com,+1-819-237-8908,VP of Product,Economic Buyer,2024-01-19T00:00:00
1843,96,Elizabeth,Lopez,,+1-510-978-9576,Director of Operations,Champion,2024-11-14T00:00:00
1844,609,Richard,Lee,richard.lee@initech.com,+1-290-601-2172,VP of Engineering,Technical Evaluator,2023-12-25T00:00:00
1845,991,Robert,Walker,robert.walker@umbrella.co,+1-852-792-2277,CEO,Coach,2024-09-26T00:00:00
1846,304,Margaret,Johnson,margaret.johnson@globex.com,+1-660-732-6876,CTO,Technical Evaluator,2024-12-16T00:00:00
1847,677,Ashley,Taylor,ashley.taylor@umbrella.co,+1-660-868-5253,COO,Economic Buyer,2022-11-18T00:00:00
1848,538,Lisa,Davis,lisa.davis@acme.com,+1-685-832-9117,CEO,Coach,2024-06-19T00:00:00
1849,826,Matthew,Perez,matthew.perez@umbrella.co,+1-917-186-8352,Head of Data,Technical Evaluator,2022-12-23T00:00:00
1850,198,James,Thompson,james.thompson@acme.com,+1-700-983-8287,Engineering Manager,Champion,2022-09-04T00:00:00
1851,230,Linda,Perez,linda.perez@globex.com,+1-516-342-8060,IT Manager,Technical Evaluator,2023-07-11T00:00:00
1852,966,Andrew,Jackson,andrew.jackson@initech.com,,VP of Sales,Economic Buyer,2022-07-21T00:00:00
1853,873,Jennifer,Walker,jennifer.walker,+1-717-977-1012,Director of IT,Economic Buyer,2024-01-18T00:00:00
1854,155,Paul,Lewis,paul.lewis,+1-756-172-3497,Solutions Architect,Technical Evaluator,2023-07-24T00:00:00
1855,125,Thomas,Taylor,thomas.taylor@globex.com,+1-749-872-8615,CTO,End User,2024-12-15T00:00:00
1856,256,Lisa,Williams,lisa.williams@globex.com,+1-299-687-1040,VP of Product,Coach,2024-06-28T00:00:00
1857,788,Joshua,Robinson,joshua.robinson@globex.com,+1-769-485-1099,Data Engineer,Technical Evaluator,2024-09-23T00:00:00
1858,477,Matthew,Martinez,matthew.martinez@piedpiper.com,+1-242-193-5309,VP of Engineering,Technical Evaluator,2023-01-12T00:00:00
1859,325,Patricia,Clark,patricia.clark@umbrella.co,+1-966-166-6281,VP of Infrastructure,Champion,2024-09-29T00:00:00
1860,865,Joseph,Thompson,joseph.thompson@acme.com,+1-247-978-5031,Director of IT,Technical Evaluator,2024-11-19T00:00:00
1861,594,Margaret,Jones,margaret.jones@umbrella.co,+1-692-242-2964,VP of Sales,Coach,2023-02-15T00:00:00
1862,950,Nancy,Miller,nancy.miller@acme.com,+1-233-803-6811,,Champion,2023-06-11T00:00:00
1863,611,Jessica,Jackson,jessica.jackson@umbrella.co,+1-950-749-3930,Data Engineer,Coach,2024-03-14T00:00:00
1864,960,Nancy,Perez,,+1-534-805-7872,Director of IT,Champion,2023-12-16T00:00:00
1865,478,Daniel,Jackson,daniel.jackson,+1-393-540-9457,Product Manager,End User,2024-03-12T00:00:00
1866,951,Robert,Sanchez,robert.sanchez@initech.com,+1-538-750-7782,DevOps Lead,Blocker,2024-08-09T00:00:00
1867,705,Andrew,Thomas,andrew.thomas@umbrella.co,,Head of Security,Champion,2022-02-19T00:00:00
1868,826,Richard,Martinez,richard.martinez@acme.com,+1-961-234-6563,VP of Sales,Champion,2022-09-11T00:00:00
1869,873,Matthew,Wilson,matthew.wilson@waystar.io,+1-259-468-4453,Product Manager,Coach,2020-03-28T00:00:00
1870,194,Andrew,Clark,andrew.clark,+1-217-982-9715,CTO,End User,2024-03-06T00:00:00
1871,833,Michael,Jones,michael.jones@piedpiper.com,+1-632-159-1663,Director of Marketing,Blocker,2024-09-10T00:00:00
1872,956,Nancy,Robinson,nancy.robinson@acme.com,+1-282-957-7477,Product Manager,Economic Buyer,2023-04-21T00:00:00
1873,965,Matthew,Anderson,matthew.anderson@piedpiper.com,,,Technical Evaluator,2024-01-27T00:00:00
1874,258,Matthew,Martin,matthew.martin@waystar.io,+1-243-167-6528,DevOps Lead,Champion,2023-11-20T00:00:00
1875,174,Michelle,Lopez,michelle.lopez@globex.com,+1-647-229-3893,CFO,Coach,2023-11-25T00:00:00
1876,200,Elizabeth,Martinez,elizabeth.martinez@waystar.io,+1-376-909-3634,Solutions Architect,End User,2024-06-25T00:00:00
1877,138,Susan,Rodriguez,susan.rodriguez,+1-232-890-4837,Engineering Manager,End User,2024-03-20T00:00:00
1878,881,Matthew,Hernandez,matthew.hernandez@acme.com,+1-852-201-7781,COO,Technical Evaluator,2023-05-28T00:00:00
1879,824,Ashley,Taylor,ashley.taylor@globex.com,+1-719-121-9923,COO,Blocker,2024-11-26T00:00:00
1880,611,Linda,White,linda.white@umbrella.co,+1-230-973-6784,Chief Revenue Officer,Blocker,2024-04-30T00:00:00
1881,731,John,Martinez,john.martinez@piedpiper.com,+1-799-149-6758,CEO,End User,2024-11-01T00:00:00
1882,417,David,Miller,david.miller@piedpiper.com,+1-273-135-5957,Director of IT,Coach,2024-07-06T00:00:00
1883,653,Elizabeth,Brown,elizabeth.brown@piedpiper.com,+1-390-597-1564,Product Manager,Economic Buyer,2023-05-15T00:00:00
1884,932,Barbara,Smith,barbara.smith@waystar.io,+1-343-878-7160,CTO,Technical Evaluator,2024-08-09T00:00:00
1885,657,Joshua,Taylor,joshua.taylor@initech.com,+1-566-631-6042,Chief Revenue Officer,Coach,2022-11-28T00:00:00
1886,859,Christopher,Wilson,christopher.wilson@waystar.io,+1-453-512-3548,Director of Marketing,Technical Evaluator,2024-09-29T00:00:00
1887,642,Anthony,Brown,anthony.brown@acme.com,+1-765-726-7821,CFO,End User,2024-06-17T00:00:00
1888,616,Michelle,Thompson,michelle.thompson,+1-594-746-6472,COO,Coach,2022-09-16T00:00:00
1889,544,Jennifer,Miller,jennifer.miller,+1-412-790-5824,VP of Engineering,Economic Buyer,2022-09-01T00:00:00
1890,625,Joseph,White,joseph.white@acme.com,+1-932-755-1340,Director of Marketing,End User,2024-12-19T00:00:00
1891,663,Karen,Lee,karen.lee@umbrella.co,+1-567-167-6199,VP of Sales,Champion,2024-02-09T00:00:00
1892,170,Mary,Taylor,mary.taylor@piedpiper.com,+1-449-616-1925,Engineering Manager,End User,2024-09-10T00:00:00
1893,164,Joseph,Walker,joseph.walker@globex.com,+1-734-954-2882,VP of Product,Technical Evaluator,2024-09-12T00:00:00
1894,414,Donald,Sanchez,donald.sanchez@waystar.io,+1-641-468-6667,IT Manager,Technical Evaluator,2022-08-29T00:00:00
1895,691,Anthony,Garcia,anthony.garcia@initech.com,+1-744-957-4303,Head of Data,End User,2023-07-25T00:00:00
1896,654,Thomas,White,thomas.white@umbrella.co,+1-417-881-9398,CTO,Coach,2024-10-31T00:00:00
1897,306,Margaret,Wilson,,+1-372-160-5538,Director of Marketing,Coach,2023-10-15T00:00:00
1898,781,Susan,Martinez,susan.martinez@initech.com,+1-642-135-8001,Head of Data,Technical Evaluator,2024-07-07T00:00:00
1899,636,Robert,White,robert.white,+1-679-400-9323,CEO,End User,2023-09-13T00:00:00
1900,671,Jessica,Jackson,jessica.jackson@piedpiper.com,,VP of Product,End User,2023-01-18T00:00:00
1901,826,Michael,Taylor,,+1-412-491-4958,VP of Infrastructure,Champion,2024-02-17T00:00:00
1902,488,Donna,Wilson,donna.wilson@umbrella.co,+1-618-678-5330,VP of Engineering,Coach,2024-11-24T00:00:00
1903,138,Steven,Clark,steven.clark@waystar.io,+1-464-992-8081,Chief Revenue Officer,Champion,2024-10-04T00:00:00
1904,88,Paul,Jones,paul.jones@acme.com,+1-738-796-8070,CFO,Technical Evaluator,2024-09-15T00:00:00
1905,272,Barbara,Ramirez,barbara.ramirez@waystar.io,+1-852-644-9353,Data Engineer,Champion,2023-09-09T00:00:00
1906,925,Lisa,Martin,lisa.martin@umbrella.co,+1-588-685-2019,CTO,Technical Evaluator,2023-04-03T00:00:00
1907,946,Jessica,Lewis,jessica.lewis@piedpiper.com,+1-812-567-9404,VP of Infrastructure,Champion,2024-07-08T00:00:00
1908,578,James,Sanchez,james.sanchez@globex.com,+1-873-535-4970,CFO,Champion,2024-01-22T00:00:00
1909,798,Margaret,Thompson,margaret.thompson@piedpiper.com,+1-796-167-6997,CEO,Champion,2024-11-15T00:00:00
1910,766,Michael,Davis,michael.davis@waystar.io,+1-918-648-8655,DevOps Lead,Champion,2022-12-08T00:00:00
1911,90,Donald,Jackson,donald.jackson@umbrella.co,+1-527-325-6624,Director of Marketing,Economic Buyer,2024-11-14T00:00:00
1912,321,Mark,Sanchez,mark.sanchez@umbrella.co,+1-771-834-8649,DevOps Lead,Champion,2023-10-25T00:00:00
1913,155,Andrew,Jones,andrew.jones@initech.com,,Product Manager,Blocker,2023-02-16T00:00:00
1914,950,Andrew,Brown,andrew.brown@acme.com,+1-816-584-7138,VP of Product,Coach,2024-12-29T00:00:00
1915,296,Betty,Taylor,betty.taylor@globex.com,+1-496-679-5862,Director of Marketing,End User,2024-09-16T00:00:00
1916,599,Richard,White,richard.white@umbrella.co,+1-271-939-4944,VP of Infrastructure,End User,2022-05-05T00:00:00
1917,56,Michelle,Robinson,michelle.robinson@globex.com,+1-662-148-1022,VP of Infrastructure,Champion,2023-06-15T00:00:00
1918,446,Sarah,Jones,sarah.jones@waystar.io,+1-361-728-8222,IT Manager,Champion,2024-10-13T00:00:00
1919,260,Sandra,Clark,sandra.clark@waystar.io,+1-446-311-1809,Head of Security,Economic Buyer,2023-08-08T00:00:00
1920,406,Sandra,Jackson,sandra.jackson@globex.com,+1-692-205-1160,VP of Sales,Champion,2024-10-01T00:00:00
1921,156,Sarah,Brown,sarah.brown@piedpiper.com,+1-244-302-3144,Solutions Architect,End User,2024-10-16T00:00:00
1922,321,Christopher,Lee,christopher.lee@umbrella.co,+1-926-728-1447,VP of Infrastructure,Champion,2024-10-24T00:00:00
1923,100,Karen,Robinson,karen.robinson@waystar.io,+1-775-509-8544,,End User,2024-09-06T00:00:00
1924,96,Karen,Johnson,karen.johnson@piedpiper.com,+1-599-899-2219,VP of Sales,Blocker,2024-11-22T00:00:00
1925,565,Linda,Williams,linda.williams@initech.com,+1-451-400-6614,VP of Infrastructure,Economic Buyer,2024-05-29T00:00:00
1926,765,Daniel,White,daniel.white@globex.com,+1-462-958-5065,VP of Product,Blocker,2024-08-18T00:00:00
1927,746,James,Wilson,james.wilson@initech.com,+1-327-891-7467,Chief Revenue Officer,Technical Evaluator,2024-12-10T00:00:00
1928,7,Joseph,Anderson,joseph.anderson@initech.com,+1-307-647-7047,Data Engineer,Technical Evaluator,2020-11-02T00:00:00
1929,554,Linda,Moore,linda.moore@globex.com,+1-857-860-9646,Head of Data,Technical Evaluator,2024-04-28T00:00:00
1930,929,Andrew,Smith,andrew.smith@waystar.io,+1-877-968-3501,VP of Infrastructure,Technical Evaluator,2023-07-14T00:00:00
1931,387,Anthony,Thomas,anthony.thomas@initech.com,+1-990-553-9812,Director of Marketing,Technical Evaluator,2024-12-04T00:00:00
1932,99,Emily,Moore,emily.moore@waystar.io,+1-454-120-2160,VP of Engineering,Champion,2023-06-09T00:00:00
1933,57,Karen,Martinez,karen.martinez@initech.com,+1-333-136-3308,Head of Security,Blocker,2021-12-24T00:00:00
1934,282,Mark,Anderson,mark.anderson@globex.com,+1-319-781-5633,,End User,2022-03-31T00:00:00
1935,785,Robert,Perez,robert.perez@acme.com,+1-403-212-4422,COO,Technical Evaluator,2024-11-01T00:00:00
1936,786,John,Lewis,john.lewis@umbrella.co,+1-236-277-4399,Director of Operations,Technical Evaluator,2022-09-01T00:00:00
1937,516,Joseph,Taylor,joseph.taylor@piedpiper.com,+1-778-487-2518,IT Manager,Economic Buyer,2023-03-26T00:00:00
1938,622,Nancy,Garcia,nancy.garcia@piedpiper.com,+1-398-629-3041,Director of IT,Champion,2024-11-13T00:00:00
1939,110,Sarah,Robinson,sarah.robinson@globex.com,+1-428-345-7702,Engineering Manager,Coach,2022-03-08T00:00:00
1940,480,Mary,Williams,mary.williams@umbrella.co,+1-810-951-3829,CFO,Champion,2024-09-09T00:00:00
1941,658,Margaret,Lee,margaret.lee@globex.com,+1-840-997-1302,Head of Data,End User,2024-02-14T00:00:00
1942,886,Mark,Smith,mark.smith@globex.com,,Head of Security,Coach,2024-06-11T00:00:00
1943,275,Steven,Thompson,steven.thompson@initech.com,+1-211-452-4206,COO,Blocker,2024-04-02T00:00:00
1944,878,Andrew,Moore,andrew.moore@waystar.io,+1-759-681-5418,Director of IT,End User,2024-08-24T00:00:00
1945,756,Barbara,Jackson,,+1-447-753-9474,CFO,Technical Evaluator,2023-11-05T00:00:00
1946,367,Anthony,Perez,anthony.perez@waystar.io,+1-373-766-9779,VP of Infrastructure,Coach,2024-12-01T00:00:00
1947,132,Matthew,Harris,matthew.harris@globex.com,+1-241-284-3469,Head of Data,Blocker,2024-09-28T00:00:00
1948,973,Thomas,Miller,thomas.miller@waystar.io,+1-378-437-7520,Data Engineer,Blocker,2020-07-17T00:00:00
1949,820,Susan,Jones,susan.jones@waystar.io,+1-704-422-2018,CFO,Technical Evaluator,2024-08-30T00:00:00
1950,500,Jennifer,Harris,,+1-743-331-4167,VP of Engineering,Champion,2024-07-05T00:00:00
1951,652,Mark,Robinson,mark.robinson@piedpiper.com,+1-285-807-5844,Head of Data,Champion,2024-03-19T00:00:00
1952,953,Robert,Miller,robert.miller@initech.com,+1-597-191-7852,COO,Champion,2024-07-10T00:00:00
1953,288,Nancy,Perez,nancy.perez@acme.com,+1-250-556-3742,Engineering Manager,Economic Buyer,2024-05-11T00:00:00
1954,562,Robert,Lee,robert.lee@umbrella.co,+1-958-621-1351,Chief Revenue Officer,End User,2024-12-04T00:00:00
1955,580,Michael,Garcia,michael.garcia@piedpiper.com,+1-707-752-3251,,Economic Buyer,2022-05-18T00:00:00
1956,258,Daniel,Lewis,daniel.lewis@initech.com,+1-343-455-9204,CTO,Technical Evaluator,2023-09-03T00:00:00
1957,971,Christopher,Garcia,christopher.garcia@waystar.io,+1-661-428-2800,CEO,Coach,2023-09-26T00:00:00
1958,132,Sandra,Clark,sandra.clark@globex.com,+1-569-603-2563,CFO,Coach,2022-12-17T00:00:00
1959,760,Michelle,Lewis,michelle.lewis@waystar.io,+1-297-131-8840,CEO,Blocker,2022-01-26T00:00:00
1960,420,Joseph,Martin,joseph.martin@globex.com,+1-990-849-7502,VP of Infrastructure,Blocker,2024-12-26T00:00:00
1961,689,Mark,Martinez,mark.martinez@acme.com,,Head of Security,End User,2024-09-02T00:00:00
1962,703,Christopher,Ramirez,christopher.ramirez@waystar.io,+1-549-534-2335,Chief Revenue Officer,Economic Buyer,2021-08-30T00:00:00
1963,84,Elizabeth,Miller,elizabeth.miller@umbrella.co,+1-597-650-3932,Director of IT,Technical Evaluator,2024-10-04T00:00:00
1964,567,Michael,Williams,michael.williams@globex.com,+1-326-498-3699,Data Engineer,Technical Evaluator,2024-03-25T00:00:00
1965,680,Mary,Williams,mary.williams@acme.com,+1-976-648-3986,IT Manager,Champion,2023-09-06T00:00:00
1966,721,Joshua,Davis,joshua.davis@initech.com,+1-366-349-1586,CTO,Champion,2023-10-19T00:00:00
1967,442,Margaret,Martin,margaret.martin@acme.com,+1-265-172-1112,Solutions Architect,End User,2024-05-01T00:00:00
1968,292,Thomas,Walker,thomas.walker@acme.com,+1-586-706-1430,Product Manager,Champion,2023-08-20T00:00:00
1969,690,Betty,Rodriguez,betty.rodriguez@initech.com,+1-455-867-4827,Product Manager,Technical Evaluator,2024-10-12T00:00:00
1970,884,Emily,Lewis,emily.lewis@umbrella.co,+1-818-480-4089,Engineering Manager,Technical Evaluator,2024-06-07T00:00:00
1971,997,Richard,Garcia,richard.garcia@waystar.io,,IT Manager,End User,2024-06-19T00:00:00
1972,350,Robert,Johnson,robert.johnson@umbrella.co,+1-895-601-5849,Head of Security,Economic Buyer,2024-03-15T00:00:00
1973,325,Karen,Perez,karen.perez@globex.com,+1-532-248-5553,Director of IT,Champion,2024-09-20T00:00:00
1974,558,Betty,Williams,betty.williams@umbrella.co,+1-223-672-7789,Data Engineer,Technical Evaluator,2023-04-29T00:00:00
1975,72,Robert,Walker,robert.walker@globex.com,,VP of Engineering,Economic Buyer,2023-08-05T00:00:00
1976,769,Thomas,Robinson,thomas.robinson@acme.com,,Data Engineer,End User,2022-06-30T00:00:00
1977,29,Susan,Martin,susan.martin@piedpiper.com,+1-924-755-7637,Chief Revenue Officer,Coach,2022-05-11T00:00:00
1978,343,Christopher,Clark,christopher.clark@piedpiper.com,+1-269-198-4654,Head of Data,Economic Buyer,2024-11-09T00:00:00
1979,894,Karen,Moore,karen.moore@acme.com,+1-256-719-9772,Head of Data,Technical Evaluator,2022-11-29T00:00:00
1980,655,Robert,Wilson,robert.wilson@initech.com,+1-907-968-7190,Chief Revenue Officer,Champion,2024-11-29T00:00:00
1981,577,Nancy,Davis,nancy.davis@waystar.io,+1-954-127-7386,VP of Infrastructure,Champion,2024-07-17T00:00:00
1982,724,Patricia,Hernandez,patricia.hernandez@acme.com,+1-918-569-6786,IT Manager,Technical Evaluator,2024-05-24T00:00:00
1983,252,Michelle,Jackson,michelle.jackson@waystar.io,+1-727-718-5765,VP of Product,End User,2022-06-30T00:00:00
1984,855,Michael,Martinez,michael.martinez@initech.com,+1-358-997-8503,Chief Revenue Officer,Champion,2024-04-09T00:00:00
1985,108,Richard,Wilson,richard.wilson@waystar.io,+1-530-280-8814,Data Engineer,Technical Evaluator,2024-09-28T00:00:00
1986,441,William,Martin,william.martin@acme.com,+1-689-415-3776,CEO,Economic Buyer,2022-02-05T00:00:00
1987,886,Charles,Brown,charles.brown@piedpiper.com,+1-387-381-4411,Director of Operations,Technical Evaluator,2024-04-21T00:00:00
1988,819,Andrew,Jackson,andrew.jackson@umbrella.co,+1-265-157-4009,Director of IT,Economic Buyer,2024-12-30T00:00:00
1989,597,William,Harris,william.harris@umbrella.co,+1-590-793-1956,Data Engineer,Technical Evaluator,2024-08-28T00:00:00
1990,987,James,Taylor,james.taylor@umbrella.co,+1-507-316-5610,Solutions Architect,Technical Evaluator,2023-12-21T00:00:00
1991,382,Thomas,Wilson,thomas.wilson@globex.com,+1-515-272-2196,CFO,Technical Evaluator,2023-07-31T00:00:00
1992,351,Ashley,Williams,ashley.williams@waystar.io,+1-773-748-6234,Engineering Manager,Technical Evaluator,2024-12-18T00:00:00
1993,966,Donna,Lopez,donna.lopez@globex.com,+1-363-722-6540,VP of Product,Technical Evaluator,2020-09-20T00:00:00
1994,699,James,Smith,james.smith@globex.com,+1-388-450-7472,VP of Product,Champion,2023-10-31T00:00:00
1995,966,Robert,Taylor,,+1-963-462-4211,VP of Product,Economic Buyer,2022-07-14T00:00:00
1996,359,James,Rodriguez,james.rodriguez@acme.com,+1-756-692-8649,VP of Infrastructure,End User,2024-05-10T00:00:00
1997,647,Charles,Davis,charles.davis@waystar.io,+1-581-452-9621,Solutions Architect,Economic Buyer,2024-08-06T00:00:00
1998,722,Joseph,Taylor,joseph.taylor@waystar.io,,VP of Engineering,Technical Evaluator,2024-12-14T00:00:00
1999,612,Mark,Lee,mark.lee@waystar.io,+1-809-238-6864,,Champion,2022-08-22T00:00:00
2000,257,Donna,Smith,donna.smith@piedpiper.com,+1-648-243-2782,VP of Sales,End User,2020-11-25T00:00:00
2001,692,Michelle,Anderson,michelle.anderson@initech.com,+1-903-270-6730,Director of IT,Blocker,2024-02-02T00:00:00
2002,422,Sarah,Perez,sarah.perez@globex.com,+1-263-655-4319,Head of Security,End User,2024-09-23T00:00:00
2003,548,Joshua,Jones,joshua.jones@piedpiper.com,+1-692-530-3758,Product Manager,End User,2024-12-25T00:00:00
2004,974,Anthony,Clark,anthony.clark@piedpiper.com,+1-755-653-5956,CTO,Blocker,2024-05-29T00:00:00
2005,564,Paul,Anderson,paul.anderson@globex.com,+1-951-731-2233,Director of Operations,Technical Evaluator,2024-12-30T00:00:00
2006,759,Michelle,Lopez,,+1-334-600-4239,Solutions Architect,End User,2024-09-15T00:00:00
2007,498,Andrew,Davis,andrew.davis@umbrella.co,+1-219-687-6085,Engineering Manager,Blocker,2023-11-11T00:00:00
2008,50,Patricia,Lopez,patricia.lopez@initech.com,+1-457-724-6803,Director of IT,End User,2024-12-24T00:00:00
2009,209,Barbara,Jackson,barbara.jackson@waystar.io,+1-789-500-6583,Solutions Architect,Blocker,2024-06-26T00:00:00
2010,985,James,Martin,james.martin@acme.com,+1-851-313-7090,Chief Revenue Officer,Economic Buyer,2024-07-20T00:00:00
2011,555,Margaret,Davis,margaret.davis@globex.com,+1-268-168-7571,COO,Coach,2023-07-18T00:00:00
2012,712,Joseph,Moore,joseph.moore@initech.com,+1-266-316-1512,CTO,End User,2024-12-27T00:00:00
2013,945,Thomas,Martin,thomas.martin@globex.com,+1-530-488-8396,Solutions Architect,Technical Evaluator,2023-12-15T00:00:00
2014,242,James,White,james.white@globex.com,+1-584-427-7835,Product Manager,End User,2024-11-17T00:00:00
2015,733,Andrew,Moore,andrew.moore@globex.com,+1-750-159-2313,Chief Revenue Officer,Coach,2023-11-02T00:00:00
2016,786,Susan,Ramirez,susan.ramirez@initech.com,+1-339-345-7076,Data Engineer,Technical Evaluator,2022-10-21T00:00:00
2017,906,Mark,Davis,mark.davis@globex.com,+1-344-657-8702,IT Manager,Blocker,2022-02-08T00:00:00
2018,148,Matthew,Anderson,matthew.anderson@piedpiper.com,+1-417-180-7279,Director of IT,Champion,2021-05-02T00:00:00
2019,97,Michael,Johnson,michael.johnson@piedpiper.com,+1-923-712-7409,Engineering Manager,Champion,2023-05-05T00:00:00
2020,611,Daniel,Robinson,daniel.robinson@globex.com,+1-392-566-7759,CEO,Blocker,2023-08-26T00:00:00
2021,382,James,Lewis,james.lewis@umbrella.co,+1-733-291-2871,CTO,Champion,2021-04-03T00:00:00
2022,767,Margaret,Brown,margaret.brown@initech.com,+1-233-741-8192,CTO,Economic Buyer,2021-12-21T00:00:00
2023,566,Joseph,Thomas,joseph.thomas@umbrella.co,+1-883-249-6831,Chief Revenue Officer,Technical Evaluator,2024-05-15T00:00:00
2024,712,Barbara,Wilson,barbara.wilson@globex.com,+1-958-475-6921,VP of Sales,Blocker,2024-12-30T00:00:00
2025,803,Patricia,Wilson,patricia.wilson@piedpiper.com,+1-378-988-8059,CEO,Technical Evaluator,2024-10-02T00:00:00
2026,425,Daniel,Thompson,daniel.thompson@initech.com,+1-971-502-5251,Director of Marketing,Economic Buyer,2024-04-09T00:00:00
2027,173,Margaret,Clark,margaret.clark@piedpiper.com,+1-972-586-3045,DevOps Lead,Economic Buyer,2022-11-30T00:00:00
2028,564,Paul,Wilson,paul.wilson@umbrella.co,+1-413-179-1916,COO,End User,2024-12-16T00:00:00
2029,358,Lisa,Davis,lisa.davis@initech.com,,Director of Operations,Technical Evaluator,2022-11-11T00:00:00
2030,771,Elizabeth,Rodriguez,elizabeth.rodriguez@piedpiper.com,+1-958-712-3510,Director of Operations,Coach,2024-10-27T00:00:00
2031,594,Sarah,Robinson,sarah.robinson@piedpiper.com,+1-703-812-7871,VP of Product,Technical Evaluator,2023-03-15T00:00:00
2032,223,Donna,Wilson,donna.wilson@acme.com,+1-955-969-1968,Solutions Architect,Economic Buyer,2024-05-21T00:00:00
2033,369,Michael,Smith,michael.smith@globex.com,+1-820-357-2677,VP of Infrastructure,Champion,2021-09-15T00:00:00
2034,882,David,White,david.white@initech.com,+1-994-969-3185,Data Engineer,Coach,2024-09-02T00:00:00
2035,896,Christopher,Lee,christopher.lee@acme.com,+1-472-256-9218,Chief Revenue Officer,End User,2022-11-29T00:00:00
2036,814,Susan,Thomas,,+1-758-837-7062,Solutions Architect,End User,2022-06-02T00:00:00
2037,355,Joseph,Harris,joseph.harris@acme.com,+1-829-856-1015,Director of IT,Technical Evaluator,2024-01-19T00:00:00
2038,7,James,Gonzalez,james.gonzalez@initech.com,+1-684-522-9467,Product Manager,Economic Buyer,2020-11-18T00:00:00
2039,374,Margaret,Clark,margaret.clark@globex.com,+1-630-628-6302,CTO,Technical Evaluator,2023-08-11T00:00:00
2040,538,Robert,Perez,robert.perez@acme.com,+1-813-976-7694,DevOps Lead,Economic Buyer,2024-01-06T00:00:00
2041,775,Robert,Johnson,robert.johnson@umbrella.co,+1-248-494-8168,CTO,Economic Buyer,2024-08-29T00:00:00
2042,295,Joshua,Robinson,joshua.robinson@initech.com,+1-764-348-9350,CFO,Technical Evaluator,2024-03-16T00:00:00
2043,330,David,Williams,david.williams@piedpiper.com,+1-711-492-7700,Engineering Manager,Blocker,2024-07-07T00:00:00
2044,187,Michelle,White,michelle.white@waystar.io,+1-647-469-3953,VP of Engineering,End User,2021-11-23T00:00:00
2045,262,Sandra,Moore,sandra.moore@waystar.io,+1-480-831-6492,COO,Champion,2023-10-11T00:00:00
2046,828,Michelle,Lewis,michelle.lewis@piedpiper.com,,CFO,Technical Evaluator,2024-10-18T00:00:00
2047,253,John,Harris,john.harris@initech.com,+1-608-870-6904,Head of Data,Technical Evaluator,2024-11-30T00:00:00
2048,691,Jessica,Lopez,jessica.lopez@umbrella.co,+1-871-570-4831,VP of Sales,Economic Buyer,2024-11-19T00:00:00
2049,467,Michael,Brown,michael.brown@acme.com,+1-759-579-3121,Product Manager,Champion,2024-12-05T00:00:00
2050,668,Jennifer,Miller,jennifer.miller@waystar.io,+1-860-295-4467,Director of IT,Blocker,2024-08-04T00:00:00
2051,802,Christopher,Clark,christopher.clark@globex.com,+1-961-663-2745,VP of Sales,Economic Buyer,2024-02-08T00:00:00
2052,760,Donald,Garcia,donald.garcia@initech.com,+1-797-696-2955,VP of Engineering,Champion,2024-09-11T00:00:00
2053,296,Barbara,Robinson,barbara.robinson@piedpiper.com,,VP of Engineering,Champion,2023-06-26T00:00:00
2054,456,Paul,Moore,paul.moore@umbrella.co,+1-460-233-4612,VP of Product,End User,2024-05-13T00:00:00
2055,549,David,Anderson,david.anderson@initech.com,+1-683-931-9434,Data Engineer,Champion,2021-02-01T00:00:00
2056,404,Anthony,Martin,,+1-387-514-5153,Data Engineer,Champion,2024-11-20T00:00:00
2057,403,Charles,Garcia,charles.garcia@waystar.io,+1-296-430-8921,VP of Engineering,End User,2022-10-05T00:00:00
2058,485,Joseph,White,joseph.white@umbrella.co,+1-564-441-7484,Head of Security,Technical Evaluator,2022-09-14T00:00:00
2059,708,Betty,Moore,betty.moore@umbrella.co,+1-568-926-8794,VP of Engineering,Champion,2024-12-31T00:00:00
2060,963,Daniel,Smith,daniel.smith@waystar.io,,Product Manager,Technical Evaluator,2024-04-21T00:00:00
2061,807,Kimberly,Taylor,kimberly.taylor@initech.com,,DevOps Lead,Blocker,2024-10-19T00:00:00
2062,776,Barbara,Smith,barbara.smith,+1-681-435-8471,Director of Operations,Coach,2024-12-28T00:00:00
2063,517,Kimberly,Moore,kimberly.moore@globex.com,+1-309-460-3587,DevOps Lead,Technical Evaluator,2022-02-17T00:00:00
2064,535,James,Clark,james.clark@waystar.io,+1-636-986-6411,Director of Operations,Blocker,2024-07-02T00:00:00
2065,798,Susan,Brown,susan.brown@acme.com,+1-288-204-2197,Engineering Manager,Blocker,2024-12-10T00:00:00
2066,773,Daniel,Taylor,daniel.taylor@piedpiper.com,+1-555-587-7107,Data Engineer,Technical Evaluator,2024-08-12T00:00:00
2067,971,Barbara,Anderson,barbara.anderson@initech.com,+1-340-607-9991,Solutions Architect,Champion,2023-11-26T00:00:00
2068,22,Margaret,Martin,margaret.martin@piedpiper.com,+1-702-603-7527,Engineering Manager,Champion,2024-06-19T00:00:00
2069,544,Michelle,Robinson,michelle.robinson@globex.com,+1-317-484-8101,VP of Sales,Technical Evaluator,2023-08-09T00:00:00
2070,25,Elizabeth,Lopez,elizabeth.lopez@umbrella.co,,COO,Blocker,2024-02-22T00:00:00
2071,933,William,Gonzalez,william.gonzalez,+1-804-812-5173,Director of Marketing,Champion,2024-10-22T00:00:00
2072,68,Matthew,Brown,matthew.brown@waystar.io,+1-595-935-9162,Chief Revenue Officer,Technical Evaluator,2024-08-08T00:00:00
2073,498,Thomas,Thompson,thomas.thompson@piedpiper.com,+1-776-412-3312,Director of Operations,Economic Buyer,2024-03-22T00:00:00
2074,89,Michelle,Lewis,michelle.lewis@piedpiper.com,+1-841-444-6854,Director of Operations,Technical Evaluator,2024-06-11T00:00:00
2075,603,Charles,Jones,charles.jones@waystar.io,+1-211-270-6045,IT Manager,Blocker,2024-03-22T00:00:00
2076,671,William,Robinson,william.robinson@piedpiper.com,+1-724-507-2068,Director of IT,Blocker,2022-07-30T00:00:00
2077,529,Mark,Miller,mark.miller@globex.com,+1-655-405-5337,Product Manager,Champion,2024-08-24T00:00:00
2078,614,Barbara,Wilson,barbara.wilson@acme.com,,IT Manager,Technical Evaluator,2024-10-15T00:00:00
2079,390,Nancy,Rodriguez,nancy.rodriguez@umbrella.co,+1-616-477-2386,Director of Operations,End User,2024-03-25T00:00:00
2080,521,Sarah,Lewis,sarah.lewis@globex.com,+1-709-504-8748,VP of Sales,Economic Buyer,2024-05-01T00:00:00
2081,679,David,Hernandez,david.hernandez@globex.com,+1-485-895-9732,CEO,Coach,2023-07-21T00:00:00
2082,559,Linda,Martin,linda.martin@globex.com,+1-847-179-1685,Data Engineer,Champion,2023-12-27T00:00:00
2083,353,Patricia,Johnson,patricia.johnson@acme.com,+1-407-533-5250,Head of Data,Champion,2024-09-23T00:00:00
2084,179,Ashley,Moore,ashley.moore@piedpiper.com,+1-315-646-4650,Head of Security,Champion,2022-03-17T00:00:00
2085,945,Susan,Hernandez,susan.hernandez@umbrella.co,+1-291-961-5426,CFO,Technical Evaluator,2024-05-22T00:00:00
2086,585,Sarah,Johnson,sarah.johnson@umbrella.co,+1-611-709-3346,VP of Product,Champion,2024-09-14T00:00:00
2087,128,Richard,Rodriguez,richard.rodriguez@globex.com,+1-775-281-5522,,Champion,2024-06-23T00:00:00
2088,866,David,Lewis,david.lewis@waystar.io,+1-780-640-2866,Director of Marketing,Blocker,2024-11-09T00:00:00
2089,842,William,Robinson,william.robinson@globex.com,+1-379-188-3746,CTO,Economic Buyer,2024-06-11T00:00:00
2090,590,David,Moore,david.moore@umbrella.co,+1-697-538-6148,CEO,Technical Evaluator,2024-05-19T00:00:00
2091,151,Emily,Thomas,emily.thomas@globex.com,+1-404-356-6365,IT Manager,Champion,2022-06-13T00:00:00
2092,303,Patricia,Williams,patricia.williams@umbrella.co,+1-348-961-4693,VP of Infrastructure,End User,2022-12-26T00:00:00
2093,958,Matthew,Davis,matthew.davis@acme.com,+1-773-662-2341,CTO,Technical Evaluator,2024-09-27T00:00:00
2094,559,John,Thomas,john.thomas@acme.com,+1-793-929-1638,DevOps Lead,Technical Evaluator,2024-03-07T00:00:00
2095,84,Anthony,Robinson,anthony.robinson@piedpiper.com,+1-831-346-4794,IT Manager,Champion,2024-10-14T00:00:00
2096,515,Robert,Jackson,robert.jackson@piedpiper.com,+1-296-564-7738,Director of Marketing,Economic Buyer,2024-06-27T00:00:00
2097,491,John,Thomas,john.thomas@piedpiper.com,+1-643-164-5739,Director of Marketing,Economic Buyer,2023-01-15T00:00:00
2098,676,Joshua,Anderson,joshua.anderson@globex.com,+1-808-361-6221,COO,Economic Buyer,2024-12-28T00:00:00
2099,876,Emily,Hernandez,emily.hernandez@umbrella.co,+1-358-526-9018,Director of IT,Blocker,2024-04-11T00:00:00
2100,35,Nancy,Clark,nancy.clark@waystar.io,+1-342-651-3885,VP of Sales,Champion,2023-08-25T00:00:00
2101,345,Michelle,Walker,michelle.walker@piedpiper.com,+1-799-479-7700,Director of Marketing,Coach,2024-08-19T00:00:00
2102,811,Kimberly,Perez,kimberly.perez@umbrella.co,+1-670-441-3308,Data Engineer,Blocker,2024-07-04T00:00:00
2103,611,John,Johnson,john.johnson@globex.com,+1-977-943-1836,VP of Infrastructure,Coach,2023-04-19T00:00:00
2104,139,Donna,Johnson,donna.johnson@piedpiper.com,+1-701-677-6207,CFO,Champion,2024-09-30T00:00:00
2105,653,Susan,Davis,susan.davis@umbrella.co,+1-962-337-4015,Engineering Manager,Champion,2024-10-21T00:00:00
2106,730,Jennifer,Smith,jennifer.smith@waystar.io,+1-763-772-8298,CFO,Blocker,2024-05-10T00:00:00
2107,44,Lisa,Thomas,lisa.thomas@waystar.io,+1-849-858-5166,CTO,Technical Evaluator,2021-10-04T00:00:00
2108,629,Donna,Harris,donna.harris@piedpiper.com,+1-906-843-4649,Director of Marketing,Blocker,2024-04-08T00:00:00
2109,183,Nancy,Sanchez,nancy.sanchez@waystar.io,+1-257-267-2332,CTO,Champion,2024-10-03T00:00:00
2110,536,Charles,Clark,charles.clark@umbrella.co,+1-984-607-8108,CFO,Blocker,2023-02-02T00:00:00
2111,944,Charles,Ramirez,charles.ramirez@acme.com,+1-688-146-2902,VP of Infrastructure,Economic Buyer,2024-11-04T00:00:00
2112,222,Ashley,Thomas,ashley.thomas@waystar.io,+1-937-173-1272,COO,End User,2024-08-13T00:00:00
2113,658,Andrew,Moore,andrew.moore@waystar.io,+1-305-894-4917,IT Manager,Technical Evaluator,2024-11-13T00:00:00
2114,286,Donna,Sanchez,donna.sanchez@initech.com,+1-685-740-1274,VP of Engineering,Champion,2023-06-24T00:00:00
2115,232,Daniel,Gonzalez,daniel.gonzalez@waystar.io,,DevOps Lead,Economic Buyer,2024-05-28T00:00:00
2116,780,Nancy,Wilson,nancy.wilson@initech.com,+1-551-688-6848,VP of Infrastructure,Economic Buyer,2022-09-28T00:00:00
2117,504,Jessica,Williams,jessica.williams@acme.com,+1-987-393-9852,VP of Infrastructure,Champion,2023-09-09T00:00:00
2118,618,David,Rodriguez,,+1-235-487-6905,Engineering Manager,Champion,2024-09-24T00:00:00
2119,994,Nancy,Davis,nancy.davis@initech.com,+1-817-966-1749,Solutions Architect,Champion,2024-10-30T00:00:00
2120,942,Susan,Thompson,,+1-297-216-9260,CTO,Economic Buyer,2024-02-15T00:00:00
2121,830,Robert,Martinez,robert.martinez@globex.com,+1-416-896-8891,CEO,Coach,2023-10-22T00:00:00
2122,861,Jessica,Walker,jessica.walker@globex.com,+1-958-735-2754,Head of Data,Economic Buyer,2024-01-13T00:00:00
2123,380,Daniel,Jones,daniel.jones@waystar.io,+1-394-600-3620,Director of IT,Technical Evaluator,2022-11-01T00:00:00
2124,918,Mark,Williams,mark.williams@umbrella.co,+1-668-537-1031,CFO,Blocker,2024-12-06T00:00:00
2125,588,Christopher,Johnson,christopher.johnson@globex.com,+1-626-956-3159,VP of Sales,Technical Evaluator,2024-07-28T00:00:00
2126,784,Barbara,Martinez,barbara.martinez@umbrella.co,+1-452-890-4948,Head of Data,Champion,2024-02-07T00:00:00
2127,757,Donald,Wilson,donald.wilson@waystar.io,+1-837-157-7570,Head of Data,Technical Evaluator,2021-04-17T00:00:00
2128,235,Donna,Lopez,donna.lopez@waystar.io,+1-951-624-5493,CTO,Technical Evaluator,2023-10-07T00:00:00
2129,876,Karen,Jones,karen.jones@umbrella.co,+1-285-567-3182,IT Manager,Economic Buyer,2022-12-08T00:00:00
2130,601,Ashley,Lee,ashley.lee@initech.com,+1-872-782-7951,VP of Infrastructure,End User,2022-06-17T00:00:00
2131,13,Sandra,Sanchez,sandra.sanchez@piedpiper.com,+1-687-331-5122,CFO,Coach,2023-06-19T00:00:00
2132,624,Matthew,Brown,matthew.brown@umbrella.co,+1-400-981-6250,VP of Engineering,Technical Evaluator,2024-08-21T00:00:00
2133,357,Richard,Martinez,richard.martinez@piedpiper.com,+1-617-388-9302,VP of Sales,End User,2023-08-03T00:00:00
2134,63,Matthew,Brown,matthew.brown@initech.com,+1-356-656-4459,VP of Sales,Coach,2024-11-21T00:00:00
2135,780,Christopher,Harris,christopher.harris@umbrella.co,+1-929-559-7917,Head of Data,Coach,2024-11-04T00:00:00
2136,787,Elizabeth,Johnson,elizabeth.johnson@umbrella.co,+1-502-101-4864,Director of IT,Champion,2023-02-14T00:00:00
2137,665,James,Taylor,james.taylor@piedpiper.com,,,Champion,2024-06-28T00:00:00
2138,627,Patricia,Sanchez,patricia.sanchez@acme.com,+1-883-203-9429,Product Manager,Blocker,2024-10-02T00:00:00
2139,271,Linda,Martin,linda.martin@umbrella.co,+1-792-410-3552,Engineering Manager,Blocker,2024-02-28T00:00:00
2140,268,Jennifer,Martinez,,+1-680-784-7588,Data Engineer,End User,2022-07-30T00:00:00
2141,430,Elizabeth,Thompson,elizabeth.thompson@umbrella.co,+1-653-915-6979,,End User,2024-11-25T00:00:00
2142,831,William,Miller,william.miller@waystar.io,+1-769-791-6452,CTO,Economic Buyer,2023-08-27T00:00:00
2143,198,Patricia,Wilson,patricia.wilson@initech.com,+1-954-638-1678,Director of Operations,Technical Evaluator,2023-08-12T00:00:00
2144,515,Emily,Anderson,emily.anderson@piedpiper.com,+1-482-701-3306,,Champion,2024-10-14T00:00:00
2145,474,Linda,White,linda.white@umbrella.co,+1-974-405-4141,Product Manager,Champion,2021-05-25T00:00:00
2146,424,Thomas,Martin,thomas.martin@piedpiper.com,+1-721-982-8786,VP of Infrastructure,Blocker,2024-05-25T00:00:00
2147,189,Robert,Martinez,robert.martinez@umbrella.co,+1-302-421-4747,Data Engineer,Champion,2024-12-25T00:00:00
2148,109,Joshua,Walker,joshua.walker@waystar.io,+1-701-806-3601,Head of Data,Champion,2023-03-11T00:00:00
2149,841,Andrew,Robinson,andrew.robinson@piedpiper.com,+1-293-696-3770,VP of Product,Champion,2022-05-21T00:00:00
2150,767,David,Lopez,david.lopez@acme.com,+1-256-268-3078,DevOps Lead,Blocker,2024-06-27T00:00:00
2151,514,Patricia,Martinez,patricia.martinez@waystar.io,+1-319-513-8000,COO,End User,2022-02-28T00:00:00
2152,767,Mark,Anderson,mark.anderson@globex.com,+1-705-126-6951,Director of Operations,Champion,2022-02-18T00:00:00
2153,336,Lisa,Brown,lisa.brown@initech.com,+1-526-337-2572,IT Manager,Technical Evaluator,2024-06-29T00:00:00
2154,143,Christopher,Harris,christopher.harris@waystar.io,+1-592-179-4302,VP of Engineering,End User,2024-04-25T00:00:00
2155,296,Michelle,Rodriguez,michelle.rodriguez@piedpiper.com,+1-445-785-4893,VP of Engineering,Economic Buyer,2022-10-11T00:00:00
2156,981,Daniel,White,daniel.white@globex.com,+1-365-857-2291,Data Engineer,Economic Buyer,2021-09-29T00:00:00
2157,240,Daniel,Wilson,daniel.wilson@waystar.io,+1-536-548-1952,COO,Economic Buyer,2024-10-05T00:00:00
2158,192,Linda,Rodriguez,,+1-598-523-8428,Director of IT,End User,2024-12-08T00:00:00
2159,747,Andrew,Perez,andrew.perez@umbrella.co,+1-381-608-6801,Director of Marketing,Technical Evaluator,2024-12-22T00:00:00
2160,963,Kimberly,Robinson,kimberly.robinson@initech.com,+1-322-100-9451,VP of Product,Economic Buyer,2024-12-31T00:00:00
2161,581,Richard,Williams,richard.williams@initech.com,+1-620-995-2133,Director of Operations,Champion,2024-12-12T00:00:00
2162,26,Jennifer,Lewis,,+1-878-671-2146,Chief Revenue Officer,Champion,2023-02-25T00:00:00
2163,644,Patricia,Perez,patricia.perez@umbrella.co,+1-519-357-1445,DevOps Lead,Blocker,2022-08-05T00:00:00
2164,186,Michael,Thompson,michael.thompson@globex.com,+1-210-340-6367,CTO,End User,2024-11-18T00:00:00
2165,291,Joseph,Robinson,joseph.robinson@waystar.io,+1-793-136-7777,VP of Engineering,Champion,2024-11-18T00:00:00
2166,147,Michael,Garcia,michael.garcia@acme.com,,IT Manager,Champion,2024-11-15T00:00:00
2167,558,Barbara,Williams,barbara.williams@globex.com,+1-476-463-9723,,End User,2024-03-21T00:00:00
2168,685,Robert,Smith,robert.smith@piedpiper.com,+1-293-791-9241,CFO,Champion,2024-12-04T00:00:00
2169,244,John,Thomas,john.thomas@waystar.io,+1-640-375-5261,CTO,Technical Evaluator,2024-09-24T00:00:00
2170,803,Donna,Clark,donna.clark@waystar.io,+1-439-503-5362,Director of Marketing,Champion,2024-05-25T00:00:00
2171,116,Anthony,Anderson,anthony.anderson@acme.com,+1-522-532-9101,VP of Engineering,Economic Buyer,2023-09-25T00:00:00
2172,283,James,Williams,james.williams@piedpiper.com,+1-792-771-4866,Solutions Architect,Economic Buyer,2024-12-30T00:00:00
2173,614,Charles,Thomas,charles.thomas@piedpiper.com,+1-588-907-2222,Head of Data,Technical Evaluator,2024-10-23T00:00:00
2174,464,Karen,Rodriguez,karen.rodriguez@waystar.io,+1-615-806-2032,CTO,Champion,2024-03-05T00:00:00
2175,669,Susan,Thomas,susan.thomas@waystar.io,+1-235-566-3465,IT Manager,End User,2024-11-03T00:00:00
2176,376,Donald,Garcia,donald.garcia@waystar.io,+1-209-975-3456,VP of Engineering,Champion,2024-10-20T00:00:00
2177,59,Lisa,White,lisa.white@initech.com,+1-301-903-7914,Engineering Manager,Technical Evaluator,2024-06-10T00:00:00
2178,9,Joshua,Thomas,joshua.thomas@acme.com,+1-206-603-2894,VP of Infrastructure,Blocker,2023-03-26T00:00:00
2179,616,Daniel,Miller,daniel.miller@globex.com,+1-596-655-6811,Solutions Architect,Champion,2023-03-30T00:00:00
2180,317,Mary,Perez,mary.perez@waystar.io,+1-938-660-9109,CEO,Blocker,2024-08-06T00:00:00
2181,650,Mary,Miller,mary.miller@initech.com,+1-253-568-5513,Data Engineer,Champion,2023-08-09T00:00:00
2182,278,Joseph,Robinson,joseph.robinson@acme.com,+1-944-203-6893,VP of Product,End User,2023-07-19T00:00:00
2183,538,Anthony,Taylor,anthony.taylor@initech.com,+1-472-705-4204,CEO,Champion,2024-05-12T00:00:00
2184,381,Thomas,Miller,thomas.miller@acme.com,+1-453-822-1921,VP of Sales,Champion,2023-11-24T00:00:00
2185,310,Daniel,Robinson,daniel.robinson@umbrella.co,+1-297-151-7247,COO,Technical Evaluator,2022-04-19T00:00:00
2186,502,Betty,Taylor,betty.taylor,+1-540-589-4533,VP of Infrastructure,Technical Evaluator,2023-04-17T00:00:00
2187,330,Joshua,Robinson,joshua.robinson@umbrella.co,+1-515-174-7363,Director of Marketing,End User,2024-09-26T00:00:00
2188,627,Emily,Sanchez,emily.sanchez@acme.com,+1-667-463-5430,IT Manager,Champion,2024-11-08T00:00:00
2189,464,Jessica,Jones,jessica.jones@waystar.io,+1-962-337-8043,Director of IT,Champion,2021-09-10T00:00:00
2190,680,Mark,Jackson,,+1-659-939-5963,Solutions Architect,Blocker,2023-05-30T00:00:00
2191,208,Joshua,Moore,joshua.moore@initech.com,+1-362-295-7514,CTO,Economic Buyer,2024-11-18T00:00:00
2192,97,Margaret,Harris,margaret.harris@umbrella.co,+1-328-254-7745,Director of Marketing,End User,2022-08-23T00:00:00
2193,37,Donna,Martinez,donna.martinez@umbrella.co,+1-816-410-7650,CTO,Coach,2021-10-21T00:00:00
2194,57,Andrew,Taylor,andrew.taylor@waystar.io,+1-619-886-6466,VP of Infrastructure,Technical Evaluator,2021-08-14T00:00:00
2195,884,Linda,Robinson,linda.robinson@initech.com,+1-385-470-1434,Director of IT,Technical Evaluator,2022-12-03T00:00:00
2196,14,Joshua,Walker,joshua.walker@initech.com,+1-765-833-6339,Engineering Manager,End User,2024-08-06T00:00:00
2197,894,Sarah,Perez,sarah.perez@piedpiper.com,+1-445-218-5866,,Champion,2024-04-21T00:00:00
2198,99,Donna,Lee,donna.lee@umbrella.co,+1-855-818-2379,Product Manager,Champion,2021-02-20T00:00:00
2199,988,Michael,Robinson,michael.robinson@globex.com,+1-997-730-7928,VP of Sales,Technical Evaluator,2024-12-13T00:00:00
2200,172,Linda,Walker,linda.walker,+1-615-303-3055,Director of Operations,Technical Evaluator,2024-10-22T00:00:00
2201,467,Sarah,White,sarah.white@initech.com,+1-575-122-1664,Chief Revenue Officer,Champion,2024-12-22T00:00:00
2202,941,Charles,Thomas,charles.thomas@initech.com,+1-952-968-5180,COO,Technical Evaluator,2024-10-04T00:00:00
2203,63,Thomas,Rodriguez,thomas.rodriguez@initech.com,+1-389-680-6459,VP of Infrastructure,Coach,2024-09-20T00:00:00
2204,906,Sarah,Rodriguez,sarah.rodriguez@piedpiper.com,+1-691-724-8310,VP of Engineering,Technical Evaluator,2022-10-13T00:00:00
2205,285,Margaret,Taylor,margaret.taylor@waystar.io,+1-618-190-5273,DevOps Lead,Technical Evaluator,2024-05-12T00:00:00
2206,794,Margaret,White,margaret.white@globex.com,+1-275-392-7947,Head of Data,Blocker,2024-08-16T00:00:00
2207,312,Robert,Garcia,robert.garcia@piedpiper.com,+1-588-942-4017,Director of Marketing,Technical Evaluator,2024-12-02T00:00:00
2208,124,Matthew,Moore,matthew.moore@waystar.io,+1-529-352-6676,IT Manager,Economic Buyer,2023-10-04T00:00:00
2209,991,Kimberly,Garcia,kimberly.garcia@initech.com,+1-829-921-4785,VP of Engineering,Technical Evaluator,2024-11-12T00:00:00
2210,824,Andrew,Ramirez,andrew.ramirez@waystar.io,+1-200-599-7466,VP of Product,Champion,2024-10-22T00:00:00
2211,88,Donna,Lewis,donna.lewis@umbrella.co,,Product Manager,Blocker,2024-03-15T00:00:00
2212,149,James,Perez,james.perez@initech.com,,Head of Security,Champion,2024-02-12T00:00:00
2213,863,Robert,Walker,robert.walker@initech.com,+1-774-807-6129,Engineering Manager,Coach,2024-07-02T00:00:00
2214,973,Linda,Perez,linda.perez@piedpiper.com,+1-213-159-7768,Head of Data,Champion,2021-03-24T00:00:00
2215,177,Michelle,Hernandez,michelle.hernandez@acme.com,+1-668-966-7898,VP of Sales,Economic Buyer,2024-11-09T00:00:00
2216,653,Emily,Brown,emily.brown@acme.com,+1-701-620-4794,CTO,Technical Evaluator,2024-05-15T00:00:00
2217,163,Mark,Jackson,mark.jackson@umbrella.co,+1-723-484-7184,VP of Product,Champion,2022-03-23T00:00:00
2218,984,Joseph,Robinson,joseph.robinson@waystar.io,+1-712-989-3828,Head of Data,Technical Evaluator,2024-06-23T00:00:00
2219,681,Jennifer,Gonzalez,jennifer.gonzalez@initech.com,+1-364-158-8313,DevOps Lead,Technical Evaluator,2024-09-18T00:00:00
2220,852,Donald,Hernandez,donald.hernandez@initech.com,+1-664-121-2515,Head of Security,Blocker,2024-08-05T00:00:00
2221,525,Sandra,Robinson,sandra.robinson@acme.com,+1-202-554-4953,Chief Revenue Officer,Technical Evaluator,2024-01-14T00:00:00
2222,81,Daniel,Gonzalez,daniel.gonzalez@waystar.io,+1-398-587-7000,COO,Economic Buyer,2023-08-20T00:00:00
2223,460,Ashley,Lee,ashley.lee,+1-930-791-4937,VP of Sales,End User,2024-11-23T00:00:00
2224,571,Betty,Hernandez,betty.hernandez,+1-434-308-7954,VP of Infrastructure,Economic Buyer,2023-09-20T00:00:00
2225,475,William,Moore,william.moore@umbrella.co,+1-271-141-4309,CTO,Champion,2024-07-25T00:00:00
2226,761,John,Perez,john.perez@initech.com,+1-829-649-5846,VP of Infrastructure,Blocker,2024-12-18T00:00:00
2227,390,John,Clark,john.clark@waystar.io,+1-205-160-9270,DevOps Lead,Technical Evaluator,2021-12-15T00:00:00
2228,406,Michelle,Williams,michelle.williams@piedpiper.com,+1-439-331-2585,CFO,Technical Evaluator,2024-10-19T00:00:00
2229,349,Margaret,Thomas,margaret.thomas@initech.com,+1-872-165-5691,Chief Revenue Officer,Coach,2024-01-22T00:00:00
2230,601,Thomas,Davis,thomas.davis@globex.com,,Head of Security,Blocker,2022-05-23T00:00:00
2231,112,Christopher,Anderson,christopher.anderson@piedpiper.com,+1-263-377-1849,Product Manager,Technical Evaluator,2022-12-03T00:00:00
2232,514,Steven,Jackson,steven.jackson@globex.com,+1-859-794-7235,COO,Technical Evaluator,2022-03-11T00:00:00
2233,146,Christopher,Robinson,christopher.robinson@waystar.io,+1-282-950-5752,VP of Engineering,End User,2024-11-03T00:00:00
2234,452,Steven,Lewis,steven.lewis,+1-546-315-6256,VP of Sales,Economic Buyer,2023-01-27T00:00:00
2235,109,Betty,Perez,betty.perez@waystar.io,+1-278-881-4790,Head of Data,Technical Evaluator,2024-09-30T00:00:00
2236,19,Susan,Garcia,,+1-201-916-3546,CTO,Technical Evaluator,2024-11-07T00:00:00
2237,631,Anthony,Gonzalez,anthony.gonzalez@globex.com,+1-928-673-6307,Chief Revenue Officer,End User,2024-06-21T00:00:00
2238,588,Christopher,Taylor,christopher.taylor@waystar.io,+1-443-647-1692,Solutions Architect,Champion,2024-12-22T00:00:00
2239,524,Donald,Ramirez,donald.ramirez,+1-979-217-2144,Chief Revenue Officer,Economic Buyer,2024-07-31T00:00:00
2240,230,Susan,Thomas,susan.thomas@umbrella.co,+1-619-862-4173,Product Manager,End User,2021-09-24T00:00:00
2241,588,Paul,Davis,paul.davis@umbrella.co,+1-699-185-4726,Director of Marketing,End User,2024-10-02T00:00:00
2242,7,Andrew,Walker,andrew.walker@globex.com,+1-372-207-8291,CFO,End User,2024-07-17T00:00:00
2243,496,Richard,Hernandez,richard.hernandez,+1-225-975-7542,Solutions Architect,Technical Evaluator,2024-04-06T00:00:00
2244,86,Karen,Wilson,karen.wilson@globex.com,+1-484-617-2308,CTO,End User,2022-11-17T00:00:00
2245,490,Robert,Williams,robert.williams@acme.com,+1-209-853-4798,COO,Champion,2022-08-28T00:00:00
2246,974,David,Lopez,david.lopez@globex.com,+1-263-759-1480,Engineering Manager,Technical Evaluator,2024-08-31T00:00:00
2247,666,James,Harris,james.harris@umbrella.co,+1-948-922-2159,IT Manager,End User,2024-09-16T00:00:00
2248,186,Sarah,Sanchez,sarah.sanchez@umbrella.co,+1-450-628-1386,Data Engineer,End User,2024-11-15T00:00:00
2249,441,Mark,Walker,mark.walker@acme.com,+1-725-722-3515,COO,Blocker,2024-06-02T00:00:00
2250,267,John,Perez,john.perez@initech.com,+1-868-740-5451,Data Engineer,End User,2020-10-10T00:00:00
2251,51,Betty,Brown,betty.brown@globex.com,+1-844-769-7585,COO,Technical Evaluator,2024-07-07T00:00:00
2252,194,Joseph,Jones,joseph.jones@globex.com,+1-799-675-8192,,Blocker,2024-11-04T00:00:00
2253,745,Mary,Lee,mary.lee@initech.com,+1-280-684-7871,Director of Operations,Technical Evaluator,2024-12-26T00:00:00
2254,632,Nancy,Ramirez,nancy.ramirez@waystar.io,+1-445-149-2391,Product Manager,Champion,2024-02-02T00:00:00
2255,232,Daniel,Miller,daniel.miller@acme.com,+1-638-661-4765,CFO,Economic Buyer,2024-09-19T00:00:00
2256,397,Kimberly,Harris,kimberly.harris@acme.com,,VP of Product,Technical Evaluator,2023-10-30T00:00:00
2257,606,Nancy,Gonzalez,nancy.gonzalez@acme.com,+1-451-338-6523,VP of Sales,Blocker,2024-06-14T00:00:00
2258,742,Robert,Martin,robert.martin@globex.com,+1-290-106-7126,VP of Product,Economic Buyer,2022-08-26T00:00:00
2259,286,Margaret,Garcia,margaret.garcia@initech.com,+1-473-868-8181,Solutions Architect,Champion,2023-12-11T00:00:00
2260,308,Anthony,Robinson,anthony.robinson@piedpiper.com,+1-330-781-2741,Engineering Manager,Coach,2022-07-10T00:00:00
2261,241,Christopher,Harris,christopher.harris@initech.com,+1-346-416-4771,Director of Operations,Technical Evaluator,2024-10-01T00:00:00
2262,640,Charles,Anderson,charles.anderson@globex.com,+1-999-464-4205,VP of Product,Economic Buyer,2024-04-23T00:00:00
2263,16,Susan,White,susan.white@initech.com,+1-934-344-8698,DevOps Lead,Champion,2024-05-07T00:00:00
2264,15,Joseph,Thomas,joseph.thomas@globex.com,+1-713-708-1572,VP of Engineering,Economic Buyer,2024-01-22T00:00:00
2265,893,John,Jones,john.jones@waystar.io,+1-270-471-3495,COO,Blocker,2023-12-14T00:00:00
2266,774,Steven,Harris,steven.harris@acme.com,+1-323-420-4899,Head of Data,Coach,2024-11-18T00:00:00
2267,765,Betty,Sanchez,betty.sanchez@initech.com,+1-557-386-8900,CEO,End User,2024-09-22T00:00:00
2268,526,Emily,Martin,emily.martin@initech.com,,Solutions Architect,Coach,2022-08-14T00:00:00
2269,417,Barbara,Smith,barbara.smith@initech.com,+1-521-213-9896,CEO,Champion,2024-03-11T00:00:00
2270,257,Donna,Brown,donna.brown@initech.com,+1-955-521-1946,CTO,Champion,2024-09-12T00:00:00
2271,461,David,Moore,david.moore@piedpiper.com,+1-471-837-6768,Solutions Architect,Technical Evaluator,2023-04-04T00:00:00
2272,632,Jennifer,Taylor,jennifer.taylor@umbrella.co,+1-349-233-1382,IT Manager,Technical Evaluator,2022-06-14T00:00:00
2273,366,David,Ramirez,david.ramirez@piedpiper.com,+1-246-137-9716,VP of Engineering,Coach,2024-11-02T00:00:00
2274,21,Charles,Williams,charles.williams@globex.com,+1-249-677-4077,Director of Operations,Blocker,2023-10-21T00:00:00
2275,226,Karen,Brown,karen.brown@piedpiper.com,+1-494-425-9945,Head of Security,Technical Evaluator,2024-03-27T00:00:00
2276,745,Jessica,Martinez,jessica.martinez@piedpiper.com,+1-652-871-2339,Head of Security,Technical Evaluator,2024-09-29T00:00:00
2277,592,Andrew,White,andrew.white@globex.com,+1-763-698-9643,Data Engineer,Champion,2021-12-05T00:00:00
2278,622,Betty,Taylor,betty.taylor@umbrella.co,+1-691-781-4376,Head of Data,Economic Buyer,2024-12-12T00:00:00
2279,733,Mark,Robinson,mark.robinson@initech.com,+1-902-573-7220,Data Engineer,Blocker,2023-04-11T00:00:00
2280,443,Paul,Harris,paul.harris@acme.com,,Data Engineer,Champion,2024-12-16T00:00:00
2281,597,Mark,Johnson,mark.johnson@umbrella.co,+1-506-937-9997,VP of Sales,Blocker,2024-09-08T00:00:00
2282,868,James,Garcia,james.garcia@umbrella.co,+1-625-923-5201,Director of Marketing,Champion,2024-09-27T00:00:00
2283,722,Ashley,Ramirez,ashley.ramirez@globex.com,+1-520-575-4319,VP of Product,Coach,2024-04-05T00:00:00
2284,631,Mark,Robinson,mark.robinson@waystar.io,+1-677-349-6046,Director of Marketing,End User,2024-08-06T00:00:00
2285,169,James,Moore,james.moore@waystar.io,+1-363-191-1140,DevOps Lead,Economic Buyer,2022-02-11T00:00:00
2286,632,Paul,Brown,paul.brown@acme.com,+1-770-183-7409,,Blocker,2022-09-29T00:00:00
2287,16,Thomas,Lewis,thomas.lewis@piedpiper.com,+1-910-422-2562,CFO,Technical Evaluator,2023-12-30T00:00:00
2288,200,Robert,Martin,robert.martin@umbrella.co,+1-747-338-4221,IT Manager,Coach,2024-09-26T00:00:00
2289,444,Nancy,Lopez,nancy.lopez,+1-272-813-6377,Data Engineer,End User,2020-04-18T00:00:00
2290,873,Donna,Perez,donna.perez@acme.com,+1-287-985-7003,VP of Engineering,Blocker,2022-05-13T00:00:00
2291,580,Thomas,Thomas,thomas.thomas@piedpiper.com,+1-812-543-6940,Director of Operations,Economic Buyer,2023-11-17T00:00:00
2292,342,Susan,Rodriguez,susan.rodriguez@umbrella.co,+1-539-767-4932,Solutions Architect,Economic Buyer,2023-07-13T00:00:00
2293,813,Michael,Walker,michael.walker@globex.com,+1-799-819-8406,Product Manager,Economic Buyer,2024-09-05T00:00:00
2294,857,Karen,Ramirez,karen.ramirez@piedpiper.com,+1-736-524-1561,Engineering Manager,Champion,2024-08-19T00:00:00
2295,48,Lisa,Taylor,lisa.taylor@acme.com,,Head of Security,Blocker,2024-11-17T00:00:00
2296,493,Joshua,Thomas,joshua.thomas@umbrella.co,,CTO,Technical Evaluator,2024-12-25T00:00:00
2297,191,William,Brown,william.brown@umbrella.co,+1-876-722-8358,VP of Sales,Economic Buyer,2023-05-22T00:00:00
2298,705,Ashley,Perez,ashley.perez@piedpiper.com,+1-995-483-3830,Solutions Architect,Champion,2022-07-29T00:00:00
2299,337,William,Miller,william.miller@acme.com,+1-614-591-4223,Director of Marketing,Champion,2024-08-19T00:00:00
2300,224,Susan,Wilson,susan.wilson@waystar.io,+1-681-647-6366,CTO,Technical Evaluator,2024-11-04T00:00:00
2301,647,Sarah,Thomas,sarah.thomas@waystar.io,+1-596-103-1291,Head of Data,Champion,2024-04-17T00:00:00
2302,932,Mary,Lopez,mary.lopez@piedpiper.com,+1-483-113-3309,VP of Engineering,Technical Evaluator,2024-06-21T00:00:00
2303,612,Robert,Rodriguez,robert.rodriguez@globex.com,+1-532-913-7652,IT Manager,Technical Evaluator,2022-11-05T00:00:00
2304,393,Ashley,Wilson,ashley.wilson@waystar.io,+1-671-360-9475,CTO,Champion,2022-05-20T00:00:00
2305,544,Paul,Garcia,paul.garcia@globex.com,,Chief Revenue Officer,Blocker,2022-09-21T00:00:00
2306,378,Linda,Robinson,linda.robinson@umbrella.co,+1-416-945-7737,Data Engineer,Coach,2022-12-22T00:00:00
2307,898,Michelle,Martin,michelle.martin@umbrella.co,+1-784-448-1178,VP of Infrastructure,End User,2022-12-16T00:00:00
2308,43,Margaret,Hernandez,margaret.hernandez@piedpiper.com,+1-232-414-8964,IT Manager,Champion,2021-04-04T00:00:00
2309,761,Mark,Jones,mark.jones,+1-290-668-2477,VP of Product,Economic Buyer,2024-11-19T00:00:00
2310,183,Thomas,Jones,thomas.jones@initech.com,+1-626-976-5800,VP of Infrastructure,Technical Evaluator,2024-12-28T00:00:00
2311,819,Donald,Thompson,donald.thompson@piedpiper.com,+1-432-327-5653,VP of Sales,Technical Evaluator,2024-12-28T00:00:00
2312,487,Daniel,Rodriguez,daniel.rodriguez@acme.com,+1-535-221-2988,Product Manager,Champion,2024-10-22T00:00:00
2313,484,William,Jones,william.jones@waystar.io,+1-672-845-5602,CTO,Champion,2023-01-12T00:00:00
2314,538,Andrew,Wilson,andrew.wilson@acme.com,+1-507-288-2642,VP of Engineering,Champion,2023-10-19T00:00:00
2315,79,John,Hernandez,john.hernandez@umbrella.co,+1-476-627-6952,Data Engineer,Champion,2021-04-10T00:00:00
2316,195,Karen,Martin,karen.martin@globex.com,+1-664-603-1538,Solutions Architect,Technical Evaluator,2023-06-30T00:00:00
2317,809,Karen,Perez,karen.perez@initech.com,+1-696-466-8356,CEO,Technical Evaluator,2024-06-27T00:00:00
2318,767,Richard,Sanchez,richard.sanchez@piedpiper.com,+1-837-246-9852,Director of Marketing,Technical Evaluator,2022-11-03T00:00:00
2319,637,Steven,Jones,steven.jones@initech.com,+1-320-132-5203,Solutions Architect,Champion,2023-10-28T00:00:00
2320,996,Joseph,Smith,joseph.smith@initech.com,+1-954-546-3218,CEO,Technical Evaluator,2024-12-08T00:00:00
2321,598,Sandra,Smith,sandra.smith@umbrella.co,+1-236-185-5949,VP of Product,Technical Evaluator,2024-06-12T00:00:00
2322,292,Sarah,Johnson,sarah.johnson@waystar.io,+1-475-796-5901,Head of Data,Blocker,2022-12-23T00:00:00
2323,306,Karen,Brown,karen.brown@piedpiper.com,+1-851-960-9542,VP of Engineering,Technical Evaluator,2024-01-17T00:00:00
2324,756,Mark,Moore,mark.moore@acme.com,+1-949-494-3595,Data Engineer,Champion,2024-09-21T00:00:00
2325,787,David,Martinez,david.martinez@umbrella.co,+1-898-149-1964,Product Manager,Blocker,2023-05-14T00:00:00
2326,561,Jennifer,Jones,jennifer.jones@waystar.io,+1-313-441-4673,CEO,Economic Buyer,2024-11-05T00:00:00
2327,902,Linda,Anderson,linda.anderson@piedpiper.com,+1-832-708-2436,Engineering Manager,Coach,2024-11-28T00:00:00
2328,633,Mary,Martinez,mary.martinez@piedpiper.com,+1-214-348-3008,Director of Operations,End User,2024-08-26T00:00:00
2329,695,Steven,Lee,steven.lee@piedpiper.com,+1-749-902-8615,Director of Marketing,Champion,2024-04-01T00:00:00
2330,398,Steven,White,steven.white@initech.com,,Director of Marketing,Economic Buyer,2023-12-12T00:00:00
2331,981,Susan,Taylor,susan.taylor@initech.com,+1-433-835-9141,Chief Revenue Officer,Champion,2021-11-02T00:00:00
2332,190,Anthony,Lewis,anthony.lewis,+1-579-845-1477,Director of Marketing,End User,2024-07-13T00:00:00
2333,931,Daniel,Williams,daniel.williams@umbrella.co,+1-219-316-6493,CFO,End User,2024-12-18T00:00:00
2334,123,Joseph,Anderson,joseph.anderson@waystar.io,+1-699-472-4128,Product Manager,Champion,2023-03-09T00:00:00
2335,939,James,Miller,james.miller,+1-643-340-1125,DevOps Lead,Economic Buyer,2024-08-08T00:00:00
2336,723,Michael,Gonzalez,,+1-625-201-3309,Director of Marketing,Coach,2023-08-25T00:00:00
2337,938,Mark,Jackson,mark.jackson@umbrella.co,+1-206-700-4162,Chief Revenue Officer,Technical Evaluator,2024-06-04T00:00:00
2338,21,Matthew,Martinez,,+1-990-768-7493,VP of Infrastructure,Champion,2024-06-14T00:00:00
2339,534,Michelle,Rodriguez,michelle.rodriguez@acme.com,+1-938-350-1004,Product Manager,End User,2023-10-18T00:00:00
2340,360,Elizabeth,Lopez,elizabeth.lopez@waystar.io,+1-936-321-9967,DevOps Lead,End User,2023-08-15T00:00:00
2341,1,Sarah,White,sarah.white@initech.com,,Director of Marketing,Economic Buyer,2023-09-25T00:00:00
2342,206,Donna,Gonzalez,donna.gonzalez@waystar.io,+1-320-238-7441,VP of Engineering,Economic Buyer,2023-05-08T00:00:00
2343,693,Daniel,Harris,daniel.harris@acme.com,+1-980-484-5789,CFO,End User,2024-12-17T00:00:00
2344,20,Nancy,Thompson,nancy.thompson@globex.com,+1-314-495-7596,VP of Engineering,Economic Buyer,2023-07-29T00:00:00
2345,666,Charles,Jones,charles.jones@initech.com,,COO,Coach,2024-05-19T00:00:00
2346,706,Jessica,Sanchez,jessica.sanchez@waystar.io,+1-310-168-8755,VP of Product,Blocker,2021-06-04T00:00:00
2347,754,Kimberly,Williams,kimberly.williams@umbrella.co,+1-705-650-4595,Chief Revenue Officer,End User,2023-04-27T00:00:00
2348,22,James,Davis,james.davis@piedpiper.com,+1-880-806-1446,Chief Revenue Officer,Blocker,2024-05-27T00:00:00
2349,848,John,Garcia,john.garcia@globex.com,+1-399-627-1069,VP of Product,Economic Buyer,2024-12-27T00:00:00
2350,636,Betty,Miller,betty.miller,+1-637-729-2791,Engineering Manager,End User,2024-09-27T00:00:00
2351,386,Matthew,Rodriguez,matthew.rodriguez@umbrella.co,+1-224-329-3451,Chief Revenue Officer,End User,2022-12-08T00:00:00
2352,415,Joshua,Williams,joshua.williams@initech.com,+1-286-909-5301,Director of Marketing,Technical Evaluator,2024-04-02T00:00:00
2353,352,Jennifer,Moore,jennifer.moore,+1-814-939-5441,Head of Data,Technical Evaluator,2024-10-06T00:00:00
2354,527,John,Garcia,john.garcia@piedpiper.com,+1-678-662-9591,Data Engineer,Technical Evaluator,2023-05-18T00:00:00
2355,600,Sarah,Smith,,+1-397-875-2615,Chief Revenue Officer,Champion,2024-03-11T00:00:00
2356,250,Nancy,Ramirez,nancy.ramirez@acme.com,+1-352-425-9488,CTO,Technical Evaluator,2024-02-19T00:00:00
2357,262,Linda,Davis,linda.davis@initech.com,+1-742-171-7004,CTO,Blocker,2023-06-01T00:00:00
2358,652,Andrew,Lee,andrew.lee@umbrella.co,+1-455-625-8894,VP of Infrastructure,Champion,2024-06-16T00:00:00
2359,48,Betty,Jones,betty.jones@initech.com,+1-922-703-4010,Head of Data,Economic Buyer,2024-04-21T00:00:00
2360,765,Jessica,Miller,jessica.miller@umbrella.co,+1-893-978-9781,Head of Data,Technical Evaluator,2024-08-18T00:00:00
2361,36,Michael,Anderson,michael.anderson@piedpiper.com,+1-768-504-3851,CTO,Technical Evaluator,2024-12-23T00:00:00
2362,112,Donald,Johnson,donald.johnson@globex.com,+1-674-816-7442,Head of Security,Technical Evaluator,2022-03-20T00:00:00
2363,85,Sarah,Lewis,sarah.lewis@piedpiper.com,+1-326-404-3360,Solutions Architect,Blocker,2024-04-28T00:00:00
2364,130,Patricia,Gonzalez,patricia.gonzalez@waystar.io,+1-576-183-5167,VP of Product,Blocker,2023-11-07T00:00:00
2365,637,Emily,Thompson,emily.thompson@piedpiper.com,+1-347-973-5570,IT Manager,Economic Buyer,2024-09-26T00:00:00
2366,847,Joshua,Wilson,joshua.wilson@initech.com,+1-847-473-5533,COO,Technical Evaluator,2023-11-04T00:00:00
2367,274,Patricia,Lopez,patricia.lopez@initech.com,+1-652-295-3514,VP of Engineering,Coach,2024-09-11T00:00:00
2368,163,Linda,Moore,linda.moore@umbrella.co,+1-407-404-2206,Solutions Architect,Economic Buyer,2021-12-04T00:00:00
2369,583,Lisa,Garcia,lisa.garcia@umbrella.co,+1-611-859-2800,Head of Security,End User,2024-04-04T00:00:00
2370,156,Robert,Miller,robert.miller@acme.com,+1-340-712-1788,VP of Product,Economic Buyer,2024-10-19T00:00:00
2371,688,Daniel,Miller,daniel.miller@waystar.io,+1-881-989-2165,CTO,Economic Buyer,2024-07-16T00:00:00
2372,205,Michael,Lewis,michael.lewis@waystar.io,+1-405-556-7815,Data Engineer,Champion,2024-02-07T00:00:00
2373,729,Anthony,Johnson,anthony.johnson@piedpiper.com,+1-569-145-4961,Head of Security,Champion,2023-01-12T00:00:00
2374,563,Jennifer,Brown,jennifer.brown@piedpiper.com,+1-771-272-1137,VP of Engineering,Coach,2024-10-10T00:00:00
2375,174,David,Thompson,david.thompson@waystar.io,+1-456-426-9798,CFO,Champion,2023-06-04T00:00:00
2376,162,Jennifer,Clark,jennifer.clark@umbrella.co,+1-842-352-8516,Head of Data,Technical Evaluator,2024-07-20T00:00:00
2377,288,Linda,Garcia,linda.garcia@initech.com,+1-521-731-7530,Director of Marketing,Coach,2024-12-08T00:00:00
2378,642,Steven,Brown,steven.brown@initech.com,+1-949-130-9062,COO,Technical Evaluator,2024-12-21T00:00:00
2379,284,Sandra,Moore,sandra.moore@umbrella.co,+1-677-191-6582,VP of Infrastructure,Champion,2024-10-08T00:00:00
2380,568,Margaret,Rodriguez,margaret.rodriguez,+1-675-794-7344,CFO,Blocker,2024-09-16T00:00:00
2381,311,Patricia,Sanchez,,+1-226-114-3017,VP of Infrastructure,Technical Evaluator,2023-03-28T00:00:00
2382,579,William,Walker,william.walker@umbrella.co,+1-961-152-7506,CFO,Champion,2022-07-19T00:00:00
2383,834,Anthony,Lewis,anthony.lewis@umbrella.co,+1-274-108-7847,Chief Revenue Officer,End User,2023-08-02T00:00:00
2384,720,Michael,Thompson,michael.thompson@initech.com,+1-742-377-9062,Director of Operations,End User,2024-07-26T00:00:00
2385,365,Emily,Sanchez,emily.sanchez@initech.com,+1-242-351-1316,Director of IT,Blocker,2024-12-06T00:00:00
2386,405,Susan,Wilson,susan.wilson@globex.com,+1-332-486-8658,Director of IT,Technical Evaluator,2024-10-29T00:00:00
2387,281,Sandra,Smith,sandra.smith@initech.com,+1-520-372-4238,Director of IT,Blocker,2022-10-26T00:00:00
2388,848,Sarah,Moore,sarah.moore@piedpiper.com,+1-719-362-9158,VP of Product,Technical Evaluator,2024-12-13T00:00:00
2389,509,Daniel,Sanchez,daniel.sanchez@acme.com,+1-319-756-6532,Product Manager,Champion,2022-09-09T00:00:00
2390,408,Karen,Hernandez,karen.hernandez@umbrella.co,+1-326-801-6180,VP of Product,Blocker,2023-03-23T00:00:00
2391,787,William,Walker,william.walker@umbrella.co,+1-228-194-1024,VP of Sales,Blocker,2023-12-02T00:00:00
2392,82,Susan,Smith,susan.smith@acme.com,+1-785-917-5330,CFO,Technical Evaluator,2022-11-28T00:00:00
2393,294,David,Martinez,david.martinez@acme.com,+1-636-109-5976,VP of Engineering,Blocker,2024-06-27T00:00:00
2394,969,Mark,Thompson,mark.thompson@piedpiper.com,+1-781-900-4890,Director of IT,Economic Buyer,2022-05-27T00:00:00
2395,783,Elizabeth,Thomas,elizabeth.thomas@piedpiper.com,+1-781-368-8450,VP of Product,Economic Buyer,2024-09-17T00:00:00
2396,252,Kimberly,Davis,kimberly.davis@piedpiper.com,+1-376-790-2765,DevOps Lead,Technical Evaluator,2024-03-01T00:00:00
2397,373,Lisa,Martin,lisa.martin@globex.com,+1-260-818-4860,VP of Sales,Champion,2024-09-10T00:00:00
2398,983,Robert,Lopez,robert.lopez@waystar.io,+1-912-102-4042,Director of Marketing,Blocker,2023-11-23T00:00:00
2399,19,Donna,Perez,donna.perez@piedpiper.com,+1-966-545-7297,Director of Marketing,Economic Buyer,2024-11-11T00:00:00
2400,789,Sandra,Smith,sandra.smith@umbrella.co,,CTO,Coach,2024-10-03T00:00:00
2401,604,Donald,Martin,donald.martin@waystar.io,+1-875-549-4319,Chief Revenue Officer,Coach,2024-09-06T00:00:00
2402,717,Steven,Williams,steven.williams@globex.com,+1-482-288-6240,Director of Operations,Champion,2024-12-31T00:00:00
2403,173,Mary,Sanchez,,+1-575-535-3182,VP of Sales,Coach,2024-04-23T00:00:00
2404,584,Joseph,Thomas,joseph.thomas@acme.com,+1-525-713-8358,CTO,Technical Evaluator,2023-09-06T00:00:00
2405,541,Susan,Davis,susan.davis@umbrella.co,+1-855-474-3519,Product Manager,Champion,2024-12-13T00:00:00
2406,826,Charles,Taylor,charles.taylor@globex.com,+1-504-712-2620,COO,Technical Evaluator,2024-12-20T00:00:00
2407,116,Patricia,Jones,patricia.jones@acme.com,+1-424-927-1581,CTO,Technical Evaluator,2023-10-09T00:00:00
2408,654,Robert,Davis,robert.davis,+1-800-267-2563,VP of Engineering,End User,2024-09-29T00:00:00
2409,715,Karen,Davis,karen.davis@umbrella.co,+1-314-811-9537,COO,Champion,2024-12-16T00:00:00
2410,464,Richard,Miller,richard.miller,+1-472-903-4085,VP of Infrastructure,Technical Evaluator,2022-05-16T00:00:00
2411,656,Steven,Davis,steven.davis@initech.com,,Director of Marketing,Technical Evaluator,2021-02-28T00:00:00
2412,830,Barbara,Miller,barbara.miller@piedpiper.com,+1-842-994-7683,Head of Security,Blocker,2024-12-08T00:00:00
2413,182,Charles,Davis,charles.davis@waystar.io,+1-450-684-2899,Director of IT,Technical Evaluator,2023-12-21T00:00:00
2414,578,Barbara,Clark,barbara.clark@piedpiper.com,+1-430-617-6578,Director of Marketing,Coach,2023-05-28T00:00:00
2415,308,Lisa,Ramirez,lisa.ramirez@waystar.io,+1-454-873-2287,Engineering Manager,Technical Evaluator,2022-04-05T00:00:00
2416,37,Matthew,Johnson,matthew.johnson@initech.com,+1-347-491-7361,IT Manager,Economic Buyer,2022-06-29T00:00:00
2417,892,Sarah,Davis,sarah.davis@acme.com,+1-383-178-2046,VP of Sales,Economic Buyer,2024-03-18T00:00:00
2418,958,Sarah,Smith,sarah.smith@initech.com,+1-242-435-4605,Engineering Manager,Economic Buyer,2024-04-15T00:00:00
2419,494,Lisa,Ramirez,lisa.ramirez@initech.com,+1-532-268-5520,VP of Product,Champion,2023-02-20T00:00:00
2420,352,Paul,Sanchez,paul.sanchez@piedpiper.com,+1-342-895-5726,VP of Product,Technical Evaluator,2024-08-11T00:00:00
2421,603,Mark,Davis,mark.davis@initech.com,+1-671-322-5169,Director of Operations,Champion,2024-02-29T00:00:00
2422,312,Kimberly,Clark,kimberly.clark@acme.com,+1-732-174-4910,CTO,Champion,2024-11-27T00:00:00
2423,207,Sandra,Sanchez,sandra.sanchez@piedpiper.com,+1-933-760-2200,CFO,Economic Buyer,2024-12-12T00:00:00
2424,654,John,Rodriguez,john.rodriguez@acme.com,+1-854-608-6951,Product Manager,Champion,2023-10-06T00:00:00
2425,998,Michelle,Lewis,michelle.lewis@umbrella.co,,Data Engineer,Champion,2024-06-29T00:00:00
2426,789,Betty,Lewis,betty.lewis@waystar.io,+1-744-389-3959,Data Engineer,Coach,2024-08-14T00:00:00
2427,785,Joshua,Robinson,joshua.robinson@piedpiper.com,+1-926-894-1281,CTO,End User,2024-10-30T00:00:00
2428,547,Emily,Robinson,emily.robinson@piedpiper.com,+1-249-931-4787,Head of Data,Coach,2023-12-24T00:00:00
2429,992,Jennifer,Williams,jennifer.williams@piedpiper.com,+1-351-500-7430,VP of Infrastructure,Champion,2023-09-25T00:00:00
2430,768,Thomas,Thomas,thomas.thomas@acme.com,,Engineering Manager,Technical Evaluator,2024-06-16T00:00:00
2431,876,Jennifer,Jones,jennifer.jones@piedpiper.com,+1-619-655-1682,Chief Revenue Officer,Economic Buyer,2023-11-10T00:00:00
2432,776,Steven,Wilson,steven.wilson@piedpiper.com,+1-630-351-9929,Data Engineer,Technical Evaluator,2024-12-20T00:00:00
2433,98,Thomas,Perez,thomas.perez@umbrella.co,+1-829-136-1855,Head of Data,Champion,2022-12-02T00:00:00
2434,836,Margaret,Thompson,margaret.thompson@umbrella.co,+1-523-440-4121,Engineering Manager,End User,2024-10-09T00:00:00
2435,393,Lisa,Lee,lisa.lee@acme.com,+1-673-559-3135,,Champion,2024-04-11T00:00:00
2436,991,Joshua,Brown,joshua.brown@piedpiper.com,+1-820-625-5092,VP of Product,Economic Buyer,2024-09-19T00:00:00
2437,760,Donald,Lee,donald.lee@waystar.io,,Engineering Manager,Champion,2022-09-15T00:00:00
2438,655,Robert,Lee,robert.lee@initech.com,+1-310-355-8254,COO,Technical Evaluator,2024-12-13T00:00:00
2439,286,Jessica,Jones,jessica.jones@globex.com,+1-694-938-1923,CTO,Champion,2022-09-01T00:00:00
2440,456,Lisa,Smith,lisa.smith@acme.com,+1-297-646-7030,CFO,Technical Evaluator,2023-05-09T00:00:00
2441,947,David,Davis,david.davis,+1-414-449-7286,VP of Product,Technical Evaluator,2024-07-19T00:00:00
2442,821,Christopher,Jackson,,+1-779-639-9233,COO,Technical Evaluator,2024-07-09T00:00:00
2443,191,Robert,Johnson,robert.johnson@initech.com,+1-463-630-2569,CFO,End User,2022-06-02T00:00:00
2444,413,Sandra,Lee,sandra.lee@globex.com,+1-878-711-7303,COO,Champion,2023-07-20T00:00:00
2445,551,Thomas,Lewis,thomas.lewis@acme.com,+1-455-983-1975,Data Engineer,Champion,2024-04-13T00:00:00
2446,953,Emily,Perez,emily.perez@globex.com,+1-715-185-1970,VP of Engineering,Technical Evaluator,2024-09-29T00:00:00
2447,856,Jessica,Jackson,jessica.jackson@piedpiper.com,+1-781-645-1915,Head of Security,Economic Buyer,2021-06-01T00:00:00
2448,444,Mark,Anderson,mark.anderson@globex.com,+1-608-541-2245,IT Manager,Economic Buyer,2020-11-20T00:00:00
2449,556,Barbara,Martinez,barbara.martinez@acme.com,+1-300-878-3985,CEO,Technical Evaluator,2024-11-10T00:00:00
2450,899,David,Anderson,david.anderson@initech.com,+1-260-945-8240,VP of Sales,Technical Evaluator,2023-09-21T00:00:00
2451,768,Kimberly,Ramirez,kimberly.ramirez,+1-247-622-3759,Solutions Architect,Technical Evaluator,2022-03-30T00:00:00
2452,905,Christopher,Gonzalez,christopher.gonzalez@globex.com,+1-917-337-6415,VP of Product,Coach,2024-11-06T00:00:00
2453,917,Mary,Thomas,mary.thomas@globex.com,+1-296-526-3173,COO,End User,2024-12-14T00:00:00
2454,202,Christopher,Thompson,christopher.thompson@waystar.io,+1-490-808-4487,Data Engineer,Economic Buyer,2021-06-12T00:00:00
2455,834,Michelle,Thomas,michelle.thomas@umbrella.co,+1-270-653-3498,CTO,Blocker,2024-05-25T00:00:00
2456,514,Linda,Jackson,linda.jackson@globex.com,+1-767-594-5899,Director of IT,Champion,2021-04-14T00:00:00
2457,40,Jessica,Gonzalez,jessica.gonzalez@waystar.io,+1-762-768-2397,Head of Data,Economic Buyer,2024-07-28T00:00:00
2458,843,John,Moore,john.moore,+1-368-940-6390,Chief Revenue Officer,Coach,2024-06-06T00:00:00
2459,157,Jennifer,Jones,jennifer.jones@acme.com,+1-822-697-8964,Product Manager,End User,2024-10-09T00:00:00
2460,946,Mark,Taylor,mark.taylor@waystar.io,+1-991-415-9384,Director of Operations,Blocker,2024-11-10T00:00:00
2461,882,Michael,Lewis,michael.lewis@piedpiper.com,+1-301-852-7100,COO,End User,2024-09-24T00:00:00
2462,787,Elizabeth,Smith,elizabeth.smith@piedpiper.com,+1-279-903-8133,DevOps Lead,Technical Evaluator,2024-05-02T00:00:00
2463,834,Joseph,Jones,joseph.jones@waystar.io,,IT Manager,Coach,2024-09-21T00:00:00
2464,675,Lisa,White,lisa.white@waystar.io,,IT Manager,Blocker,2022-04-08T00:00:00
2465,46,Kimberly,Martin,kimberly.martin@acme.com,+1-884-940-3608,DevOps Lead,Champion,2021-05-23T00:00:00
2466,729,Jessica,Lee,jessica.lee,+1-566-794-1881,Director of Operations,Economic Buyer,2023-04-20T00:00:00
2467,35,Donna,Martinez,donna.martinez@umbrella.co,+1-928-527-6125,IT Manager,End User,2024-11-29T00:00:00
2468,766,Thomas,Rodriguez,thomas.rodriguez@umbrella.co,+1-732-337-8980,Engineering Manager,Blocker,2023-12-03T00:00:00
2469,324,Sarah,Moore,sarah.moore@initech.com,+1-221-554-6904,Director of Operations,End User,2023-03-29T00:00:00
2470,404,Robert,Taylor,robert.taylor@piedpiper.com,+1-678-332-9919,COO,Technical Evaluator,2024-10-01T00:00:00
2471,771,Mark,Lopez,mark.lopez,+1-250-849-4665,Solutions Architect,End User,2024-10-30T00:00:00
2472,640,Kimberly,Garcia,kimberly.garcia@acme.com,+1-655-334-7486,CTO,Champion,2024-06-05T00:00:00
2473,819,Susan,Johnson,,+1-250-273-5165,VP of Sales,Technical Evaluator,2024-12-31T00:00:00
2474,526,Ashley,Johnson,ashley.johnson@acme.com,+1-285-694-4556,COO,Coach,2022-02-12T00:00:00
2475,559,Mary,Ramirez,mary.ramirez@piedpiper.com,,Head of Data,Champion,2024-08-21T00:00:00
2476,978,Patricia,Wilson,patricia.wilson@acme.com,+1-259-615-3190,CEO,Champion,2023-06-26T00:00:00
2477,264,Jessica,Walker,jessica.walker@umbrella.co,+1-267-328-1928,CFO,Champion,2024-07-28T00:00:00
2478,104,Susan,Walker,susan.walker@piedpiper.com,+1-585-264-9138,DevOps Lead,Technical Evaluator,2024-12-12T00:00:00
2479,465,Steven,Moore,steven.moore@globex.com,+1-757-175-5977,Director of Operations,Technical Evaluator,2024-07-01T00:00:00
2480,223,Linda,Rodriguez,linda.rodriguez@waystar.io,+1-952-383-3020,COO,Technical Evaluator,2024-05-13T00:00:00
2481,932,Andrew,Davis,andrew.davis@globex.com,+1-572-347-3281,Director of Operations,Champion,2024-07-11T00:00:00
2482,498,Sarah,Lewis,sarah.lewis@waystar.io,+1-946-925-9455,CTO,Technical Evaluator,2023-11-22T00:00:00
2483,289,Anthony,Garcia,anthony.garcia@globex.com,+1-509-331-6876,Data Engineer,End User,2024-09-04T00:00:00
2484,426,Donna,Martinez,donna.martinez@umbrella.co,+1-218-117-3896,Product Manager,Economic Buyer,2024-09-25T00:00:00
2485,956,Daniel,Walker,daniel.walker@globex.com,+1-945-625-6564,Chief Revenue Officer,Champion,2024-08-04T00:00:00
2486,922,Paul,Clark,paul.clark@umbrella.co,+1-639-293-9637,Head of Security,End User,2023-12-21T00:00:00
2487,599,Elizabeth,Robinson,elizabeth.robinson@umbrella.co,+1-757-219-6232,VP of Product,Coach,2022-05-02T00:00:00
2488,177,Emily,Taylor,emily.taylor@umbrella.co,+1-877-655-8245,CFO,Champion,2024-12-11T00:00:00
2489,718,Nancy,Jones,nancy.jones@piedpiper.com,+1-830-252-4681,Engineering Manager,Economic Buyer,2024-11-27T00:00:00
2490,564,John,Johnson,john.johnson@waystar.io,+1-544-270-3594,CEO,Technical Evaluator,2024-12-23T00:00:00
2491,609,Sarah,Sanchez,sarah.sanchez@waystar.io,+1-507-677-3323,Director of Operations,Champion,2024-08-03T00:00:00
2492,843,Sarah,Thomas,sarah.thomas@waystar.io,+1-724-635-6206,Head of Data,Blocker,2024-10-15T00:00:00
2493,347,Michelle,Rodriguez,michelle.rodriguez@globex.com,+1-834-126-7196,Engineering Manager,Economic Buyer,2022-03-14T00:00:00
2494,799,Anthony,Taylor,anthony.taylor@globex.com,+1-973-599-5651,CFO,Champion,2023-10-02T00:00:00
2495,122,Sarah,Clark,sarah.clark@waystar.io,+1-950-737-8744,Director of IT,Champion,2024-12-06T00:00:00
2496,862,Mark,Martin,,+1-261-670-6044,Data Engineer,End User,2022-08-10T00:00:00
2497,55,Susan,Harris,susan.harris@initech.com,+1-852-627-4843,VP of Engineering,Technical Evaluator,2024-06-09T00:00:00
2498,955,Sarah,Lewis,sarah.lewis@umbrella.co,+1-263-214-4976,,Blocker,2024-01-21T00:00:00
2499,720,Christopher,Martinez,christopher.martinez@umbrella.co,+1-827-250-4217,Director of Marketing,Technical Evaluator,2024-09-22T00:00:00
2500,453,Emily,Thomas,emily.thomas@piedpiper.com,+1-805-632-4778,Director of IT,Champion,2024-11-30T00:00:00
2501,794,William,Sanchez,william.sanchez@globex.com,+1-866-979-4904,Engineering Manager,Blocker,2024-06-09T00:00:00
2502,643,Anthony,Harris,anthony.harris@umbrella.co,+1-598-739-1400,VP of Product,Technical Evaluator,2024-10-10T00:00:00
2503,346,Daniel,Wilson,,,VP of Infrastructure,Technical Evaluator,2023-10-06T00:00:00
2504,231,Sarah,Harris,sarah.harris@piedpiper.com,+1-743-152-1044,Director of IT,Coach,2024-12-17T00:00:00
2505,761,Margaret,Hernandez,margaret.hernandez@globex.com,+1-963-503-7828,Head of Data,Blocker,2024-11-13T00:00:00
2506,495,Donna,Martinez,donna.martinez@piedpiper.com,+1-836-237-5410,COO,Technical Evaluator,2024-08-17T00:00:00
2507,920,David,Robinson,david.robinson@waystar.io,+1-870-242-5688,Data Engineer,Technical Evaluator,2022-10-14T00:00:00
2508,826,James,Williams,james.williams@acme.com,+1-225-934-2039,DevOps Lead,Champion,2024-04-23T00:00:00
2509,774,Betty,Thompson,betty.thompson@umbrella.co,+1-638-440-1919,Chief Revenue Officer,Blocker,2024-12-16T00:00:00
2510,692,Daniel,Thompson,daniel.thompson@globex.com,,Data Engineer,Economic Buyer,2024-11-09T00:00:00
2511,796,Susan,Martinez,susan.martinez@acme.com,+1-953-498-5218,CEO,End User,2024-10-03T00:00:00
2512,443,Ashley,Lopez,ashley.lopez@waystar.io,+1-600-522-5021,VP of Infrastructure,Technical Evaluator,2024-12-22T00:00:00
2513,998,Margaret,Clark,margaret.clark@piedpiper.com,+1-354-249-7374,Product Manager,End User,2024-08-13T00:00:00
2514,388,Donald,Martin,donald.martin,+1-905-540-3703,DevOps Lead,Economic Buyer,2024-12-28T00:00:00
2515,732,Anthony,Robinson,anthony.robinson@waystar.io,+1-569-951-4309,Data Engineer,Champion,2024-08-30T00:00:00
2516,833,Paul,Ramirez,paul.ramirez@initech.com,+1-540-565-4246,Data Engineer,Champion,2024-09-19T00:00:00
2517,219,David,Ramirez,david.ramirez@umbrella.co,+1-562-557-6970,COO,End User,2023-07-15T00:00:00
2518,568,Ashley,Wilson,ashley.wilson@globex.com,+1-278-302-4464,VP of Infrastructure,Economic Buyer,2024-10-19T00:00:00
2519,437,Susan,Garcia,susan.garcia@globex.com,+1-740-222-3852,VP of Infrastructure,Technical Evaluator,2020-05-10T00:00:00
2520,84,William,Williams,william.williams@initech.com,+1-572-869-8466,Engineering Manager,Blocker,2024-12-02T00:00:00
2521,308,Mark,Thompson,mark.thompson@acme.com,,Product Manager,Champion,2024-08-28T00:00:00
2522,707,Karen,Smith,karen.smith@umbrella.co,+1-514-355-8470,Data Engineer,Technical Evaluator,2023-12-31T00:00:00
2523,510,Karen,Perez,karen.perez@piedpiper.com,+1-421-306-9755,Head of Security,Technical Evaluator,2020-05-30T00:00:00
2524,70,Susan,Thompson,susan.thompson@waystar.io,+1-798-510-9050,VP of Product,Technical Evaluator,2024-05-17T00:00:00
2525,991,Betty,Walker,betty.walker@umbrella.co,+1-485-283-3568,Chief Revenue Officer,Technical Evaluator,2024-09-24T00:00:00
2526,793,Kimberly,Miller,kimberly.miller@initech.com,+1-972-112-7048,CTO,Technical Evaluator,2024-09-12T00:00:00
2527,139,Paul,Johnson,paul.johnson@waystar.io,,VP of Infrastructure,Champion,2024-03-26T00:00:00
2528,7,Thomas,Walker,thomas.walker@globex.com,+1-204-921-6350,Solutions Architect,Economic Buyer,2023-05-29T00:00:00
2529,516,Anthony,Miller,anthony.miller@piedpiper.com,+1-251-297-8868,IT Manager,Champion,2024-07-20T00:00:00
2530,54,Anthony,Robinson,anthony.robinson@globex.com,+1-360-568-7371,Director of IT,Technical Evaluator,2023-01-21T00:00:00
2531,171,Paul,Jackson,paul.jackson@globex.com,+1-214-665-8205,CTO,Champion,2024-12-28T00:00:00
2532,333,Sandra,Thompson,sandra.thompson,+1-322-421-6090,Head of Security,Coach,2024-05-04T00:00:00
2533,454,Michael,Brown,michael.brown@acme.com,+1-759-860-1433,VP of Infrastructure,End User,2022-05-21T00:00:00
2534,363,Nancy,Thompson,nancy.thompson@piedpiper.com,+1-449-997-2872,VP of Engineering,Blocker,2023-08-12T00:00:00
2535,894,Mark,Walker,mark.walker@piedpiper.com,+1-710-471-9738,Solutions Architect,End User,2023-12-18T00:00:00
2536,401,Barbara,Martin,barbara.martin,+1-822-395-2290,Head of Data,Technical Evaluator,2024-05-27T00:00:00
2537,492,Donna,Martinez,donna.martinez@globex.com,+1-472-875-1717,Product Manager,Champion,2024-08-19T00:00:00
2538,586,Charles,Moore,charles.moore@umbrella.co,+1-903-382-7087,COO,Champion,2024-04-09T00:00:00
2539,74,Karen,Brown,karen.brown@waystar.io,+1-343-122-1353,Product Manager,Champion,2024-04-11T00:00:00
2540,450,Christopher,Clark,christopher.clark@waystar.io,+1-422-432-8211,Head of Data,Coach,2020-05-25T00:00:00
2541,613,Joseph,Sanchez,joseph.sanchez@globex.com,+1-772-229-2640,CTO,Coach,2024-07-06T00:00:00
2542,206,Susan,Ramirez,susan.ramirez@piedpiper.com,+1-813-500-9629,VP of Product,Technical Evaluator,2024-05-11T00:00:00
2543,928,Lisa,Miller,lisa.miller@piedpiper.com,+1-618-745-2289,VP of Infrastructure,Blocker,2024-05-14T00:00:00
2544,128,William,Garcia,william.garcia@initech.com,+1-237-326-6290,Head of Data,Champion,2023-07-03T00:00:00
2545,603,Joshua,Wilson,joshua.wilson@umbrella.co,+1-944-360-8383,Head of Security,Coach,2024-05-19T00:00:00
2546,427,Joshua,Perez,joshua.perez@acme.com,+1-678-709-8297,Director of Operations,End User,2024-01-19T00:00:00
2547,204,Jessica,Perez,jessica.perez@acme.com,+1-294-730-2816,Data Engineer,End User,2024-06-02T00:00:00
2548,827,Linda,Jackson,linda.jackson@initech.com,+1-340-715-5025,VP of Engineering,Champion,2024-12-05T00:00:00
2549,573,Steven,Williams,steven.williams@piedpiper.com,+1-429-302-7031,Engineering Manager,Champion,2024-12-05T00:00:00
2550,41,Margaret,Thompson,margaret.thompson@globex.com,+1-808-586-4744,,Economic Buyer,2023-06-23T00:00:00
2551,351,Mark,Davis,mark.davis@acme.com,+1-215-871-7254,CTO,Economic Buyer,2024-12-15T00:00:00
2552,680,Robert,Lewis,robert.lewis,+1-924-456-4415,VP of Infrastructure,Technical Evaluator,2023-10-06T00:00:00
2553,626,Andrew,Wilson,andrew.wilson@piedpiper.com,+1-810-359-9563,Head of Security,Economic Buyer,2022-04-11T00:00:00
2554,3,David,Thompson,david.thompson,+1-982-909-6711,Chief Revenue Officer,Technical Evaluator,2024-05-07T00:00:00
2555,575,Richard,Johnson,richard.johnson@umbrella.co,+1-826-966-9562,DevOps Lead,End User,2022-03-17T00:00:00
2556,920,Charles,Moore,charles.moore@globex.com,+1-369-622-1623,CFO,Champion,2023-09-08T00:00:00
2557,789,Susan,Hernandez,susan.hernandez@waystar.io,+1-413-981-3572,COO,Champion,2024-02-29T00:00:00
2558,586,Steven,Harris,steven.harris@globex.com,+1-960-711-1797,Head of Security,Champion,2024-03-29T00:00:00
2559,899,Mark,Thomas,mark.thomas@globex.com,+1-975-702-5035,Solutions Architect,Economic Buyer,2023-07-03T00:00:00
2560,255,Mark,Walker,mark.walker@globex.com,+1-844-548-8131,Product Manager,Economic Buyer,2022-04-16T00:00:00
2561,685,Sarah,Davis,sarah.davis@umbrella.co,+1-726-942-9557,Solutions Architect,Blocker,2024-11-12T00:00:00
2562,702,Margaret,Hernandez,margaret.hernandez@initech.com,+1-852-201-4045,Director of Operations,Coach,2024-09-20T00:00:00
2563,202,Daniel,Thompson,daniel.thompson@acme.com,+1-861-370-1459,Product Manager,End User,2023-03-28T00:00:00
2564,312,Charles,Brown,charles.brown@globex.com,+1-320-218-9149,Solutions Architect,Champion,2024-09-26T00:00:00
2565,329,Thomas,Thomas,thomas.thomas@waystar.io,+1-964-787-2738,Product Manager,Champion,2024-06-27T00:00:00
2566,689,Thomas,Martin,thomas.martin,,Head of Security,Economic Buyer,2024-08-15T00:00:00
2567,307,Michelle,Lewis,michelle.lewis@piedpiper.com,+1-312-116-2470,Director of Operations,Blocker,2024-11-10T00:00:00
2568,843,Donald,Hernandez,donald.hernandez@globex.com,,CFO,Blocker,2024-03-15T00:00:00
2569,765,Anthony,Gonzalez,anthony.gonzalez@acme.com,+1-887-221-7393,DevOps Lead,Economic Buyer,2024-09-12T00:00:00
2570,631,Kimberly,Taylor,kimberly.taylor@umbrella.co,+1-277-968-4936,CEO,Champion,2024-03-11T00:00:00
2571,298,Christopher,Jackson,christopher.jackson@waystar.io,+1-731-386-8043,CEO,End User,2022-11-26T00:00:00
2572,980,Betty,Miller,betty.miller@initech.com,,Director of IT,Blocker,2022-11-07T00:00:00
2573,553,Joshua,Williams,joshua.williams@acme.com,+1-286-438-9095,Solutions Architect,Champion,2024-11-24T00:00:00
2574,624,Joshua,Walker,joshua.walker,+1-585-433-3834,COO,Technical Evaluator,2024-08-12T00:00:00
2575,62,Lisa,Taylor,lisa.taylor@initech.com,+1-232-797-3945,Product Manager,End User,2024-11-10T00:00:00
2576,471,Elizabeth,Miller,elizabeth.miller@waystar.io,+1-758-172-1190,VP of Engineering,Blocker,2024-02-18T00:00:00
2577,120,Matthew,Jackson,matthew.jackson@globex.com,+1-419-827-1888,Product Manager,Champion,2024-12-16T00:00:00
2578,969,Andrew,Jones,,+1-595-258-3996,CEO,Technical Evaluator,2023-03-24T00:00:00
2579,572,John,Wilson,john.wilson@waystar.io,,DevOps Lead,Champion,2024-11-08T00:00:00
2580,747,Joshua,Smith,joshua.smith@initech.com,,,Champion,2024-04-16T00:00:00
2581,360,Nancy,Lopez,nancy.lopez@acme.com,+1-741-218-8257,CEO,End User,2020-08-05T00:00:00
2582,102,Ashley,White,ashley.white@initech.com,+1-680-513-9035,Solutions Architect,End User,2021-05-12T00:00:00
2583,876,Paul,Williams,paul.williams@piedpiper.com,,Product Manager,Economic Buyer,2024-07-09T00:00:00
2584,696,Donna,Moore,donna.moore@piedpiper.com,+1-542-148-1223,VP of Infrastructure,Technical Evaluator,2023-07-14T00:00:00
2585,205,Kimberly,Hernandez,kimberly.hernandez@piedpiper.com,+1-256-172-3045,CTO,End User,2024-05-10T00:00:00
2586,896,Richard,Taylor,richard.taylor@waystar.io,+1-628-312-1137,IT Manager,Champion,2024-11-27T00:00:00
2587,754,Mary,Lewis,mary.lewis@acme.com,+1-794-368-3732,Director of IT,Champion,2023-03-31T00:00:00
2588,74,Nancy,Clark,nancy.clark@globex.com,+1-449-776-9203,CEO,End User,2024-03-24T00:00:00
2589,400,Kimberly,Williams,kimberly.williams@waystar.io,+1-884-846-1020,Director of Marketing,Coach,2024-05-25T00:00:00
2590,957,Michelle,Lopez,michelle.lopez@umbrella.co,,Product Manager,Economic Buyer,2024-03-29T00:00:00
2591,163,Emily,Ramirez,emily.ramirez@piedpiper.com,+1-255-368-6924,VP of Infrastructure,Blocker,2022-07-07T00:00:00
2592,113,Thomas,Martin,thomas.martin@waystar.io,+1-766-785-5656,VP of Infrastructure,Blocker,2024-01-29T00:00:00
2593,410,Jennifer,Anderson,jennifer.anderson@piedpiper.com,+1-762-155-8713,CTO,End User,2024-03-21T00:00:00
2594,22,Steven,Jackson,steven.jackson@waystar.io,+1-947-606-5426,Director of Operations,Technical Evaluator,2024-06-09T00:00:00
2595,894,Susan,Walker,susan.walker,+1-375-276-6114,Engineering Manager,Coach,2024-11-07T00:00:00
2596,611,Elizabeth,Robinson,elizabeth.robinson@globex.com,+1-663-196-5868,Director of Marketing,Technical Evaluator,2023-12-18T00:00:00
2597,704,Betty,Perez,betty.perez@acme.com,+1-576-628-2432,VP of Product,Champion,2021-10-29T00:00:00
2598,211,John,Davis,john.davis@globex.com,+1-426-102-3701,Engineering Manager,End User,2023-08-29T00:00:00
2599,925,Paul,Jackson,paul.jackson@piedpiper.com,+1-846-906-7477,Head of Data,Blocker,2022-09-28T00:00:00
2600,952,Karen,Jackson,karen.jackson,+1-799-859-1393,DevOps Lead,Champion,2024-12-30T00:00:00
2601,892,Kimberly,Perez,kimberly.perez@globex.com,+1-256-400-6128,VP of Infrastructure,Champion,2024-10-27T00:00:00
2602,932,Richard,Gonzalez,richard.gonzalez@initech.com,+1-248-210-6270,Solutions Architect,Coach,2024-04-06T00:00:00
2603,617,Matthew,Robinson,matthew.robinson@initech.com,+1-953-419-1557,CTO,Blocker,2022-10-19T00:00:00
2604,385,Jennifer,Perez,jennifer.perez@acme.com,+1-480-591-4110,VP of Infrastructure,Blocker,2024-01-26T00:00:00
2605,976,Robert,Wilson,robert.wilson,+1-365-714-6430,CEO,Technical Evaluator,2024-09-24T00:00:00
2606,408,Linda,Walker,linda.walker@waystar.io,,Director of Marketing,Technical Evaluator,2022-12-18T00:00:00
2607,685,Christopher,Moore,christopher.moore@umbrella.co,+1-656-897-1233,VP of Infrastructure,End User,2024-12-30T00:00:00
2608,175,Michelle,Brown,michelle.brown@umbrella.co,+1-439-361-9718,Solutions Architect,End User,2024-08-02T00:00:00
2609,743,Jennifer,Anderson,jennifer.anderson@globex.com,+1-919-664-7271,CEO,Blocker,2023-06-09T00:00:00
2610,874,Christopher,Walker,christopher.walker@waystar.io,+1-642-709-2863,Product Manager,Coach,2024-10-20T00:00:00
2611,90,Karen,Lopez,karen.lopez@globex.com,+1-896-942-5442,CTO,Economic Buyer,2024-12-04T00:00:00
2612,663,Andrew,Taylor,andrew.taylor@initech.com,+1-859-508-2558,VP of Infrastructure,Technical Evaluator,2024-12-11T00:00:00
2613,690,James,Walker,james.walker@piedpiper.com,+1-212-891-3258,Chief Revenue Officer,Technical Evaluator,2023-08-07T00:00:00
2614,81,Patricia,Davis,patricia.davis@globex.com,+1-840-618-8167,COO,Technical Evaluator,2023-11-12T00:00:00
2615,611,Donald,Miller,donald.miller@umbrella.co,+1-570-695-8758,CEO,Economic Buyer,2023-01-12T00:00:00
2616,336,Charles,Brown,charles.brown,+1-453-240-4237,Product Manager,Champion,2023-12-22T00:00:00
2617,700,Jessica,Wilson,jessica.wilson@umbrella.co,+1-713-916-1096,Engineering Manager,Champion,2024-10-02T00:00:00
2618,826,Charles,Clark,charles.clark@waystar.io,+1-208-753-6705,Solutions Architect,Technical Evaluator,2023-03-13T00:00:00
2619,443,Margaret,Lewis,margaret.lewis@waystar.io,+1-928-943-4224,Director of IT,Economic Buyer,2024-12-25T00:00:00
2620,445,Donna,Davis,donna.davis@umbrella.co,+1-937-959-6247,Engineering Manager,Economic Buyer,2023-08-10T00:00:00
2621,710,Linda,Brown,linda.brown@piedpiper.com,+1-372-331-6552,IT Manager,Economic Buyer,2024-07-28T00:00:00
2622,387,Karen,Anderson,karen.anderson@waystar.io,+1-321-254-9059,VP of Engineering,Economic Buyer,2024-12-23T00:00:00
2623,409,Michael,Taylor,michael.taylor@globex.com,+1-622-801-6886,Data Engineer,Champion,2023-04-11T00:00:00
2624,141,Charles,Thompson,charles.thompson@acme.com,+1-751-931-8835,Product Manager,Technical Evaluator,2023-08-21T00:00:00
2625,128,Sandra,Thomas,sandra.thomas@umbrella.co,+1-472-140-8242,IT Manager,Coach,2022-05-28T00:00:00
2626,164,Richard,Smith,richard.smith@initech.com,+1-253-556-9908,VP of Sales,Champion,2024-11-04T00:00:00
2627,473,Robert,Thomas,robert.thomas@waystar.io,+1-405-667-4257,DevOps Lead,Technical Evaluator,2024-09-27T00:00:00
2628,757,Barbara,Ramirez,barbara.ramirez@umbrella.co,+1-866-767-4790,Director of Marketing,Coach,2022-04-12T00:00:00
2629,342,Steven,Moore,steven.moore@piedpiper.com,+1-749-919-6707,Director of Marketing,End User,2021-07-21T00:00:00
2630,937,Joseph,Taylor,joseph.taylor@initech.com,+1-448-878-7328,Head of Security,Economic Buyer,2021-03-07T00:00:00
2631,148,Joshua,Lee,joshua.lee@globex.com,+1-254-100-3055,Head of Security,Champion,2021-02-27T00:00:00
2632,997,Daniel,Jones,daniel.jones@waystar.io,+1-558-161-8072,Data Engineer,Blocker,2024-07-15T00:00:00
2633,644,Charles,Johnson,charles.johnson@piedpiper.com,+1-728-514-9777,Head of Security,Technical Evaluator,2021-10-21T00:00:00
2634,680,Nancy,Clark,nancy.clark@waystar.io,+1-429-541-8689,Director of IT,Technical Evaluator,2024-04-12T00:00:00
2635,260,Anthony,Davis,anthony.davis@piedpiper.com,+1-833-862-3355,VP of Sales,End User,2024-12-08T00:00:00
2636,439,Betty,White,betty.white@waystar.io,+1-609-174-6200,Solutions Architect,Champion,2022-07-29T00:00:00
2637,480,Michael,Brown,michael.brown@globex.com,+1-594-432-2538,Director of Operations,Blocker,2022-08-06T00:00:00
2638,680,Michael,Clark,michael.clark@acme.com,,DevOps Lead,Coach,2023-09-29T00:00:00
2639,1,Barbara,Miller,barbara.miller@globex.com,+1-628-625-9536,Engineering Manager,Economic Buyer,2024-03-24T00:00:00
2640,385,Christopher,White,christopher.white@initech.com,+1-953-970-2357,DevOps Lead,Champion,2022-05-21T00:00:00
2641,277,Nancy,Martinez,nancy.martinez@initech.com,+1-849-377-1434,VP of Sales,Blocker,2022-07-22T00:00:00
2642,47,Susan,Walker,susan.walker@acme.com,+1-609-156-1651,DevOps Lead,End User,2022-03-05T00:00:00
2643,125,Steven,Robinson,steven.robinson,+1-484-230-9846,VP of Engineering,Technical Evaluator,2024-09-28T00:00:00
2644,871,John,Thomas,john.thomas@acme.com,+1-319-300-9470,Engineering Manager,Blocker,2021-07-24T00:00:00
2645,402,Margaret,Miller,margaret.miller@piedpiper.com,+1-426-272-5345,CFO,Champion,2023-06-24T00:00:00
2646,693,Margaret,Wilson,margaret.wilson@waystar.io,+1-970-948-2059,VP of Infrastructure,Technical Evaluator,2024-12-16T00:00:00
2647,870,Robert,Martin,robert.martin@umbrella.co,+1-501-931-6363,Chief Revenue Officer,Champion,2024-10-25T00:00:00
2648,125,Charles,Lewis,charles.lewis@umbrella.co,+1-599-358-9818,Product Manager,Champion,2024-07-20T00:00:00
2649,14,Sarah,Miller,sarah.miller@piedpiper.com,+1-225-356-4149,VP of Sales,Economic Buyer,2024-10-16T00:00:00
2650,615,Jennifer,Sanchez,jennifer.sanchez@initech.com,+1-645-638-2881,Chief Revenue Officer,Technical Evaluator,2023-02-13T00:00:00
2651,451,Richard,Ramirez,richard.ramirez@waystar.io,+1-448-623-8655,VP of Engineering,Coach,2024-07-30T00:00:00
2652,183,David,White,david.white@piedpiper.com,+1-731-504-8014,VP of Sales,Economic Buyer,2024-11-28T00:00:00
2653,293,Joseph,Lee,joseph.lee@initech.com,+1-249-293-1921,VP of Sales,Champion,2024-10-23T00:00:00
2654,294,Matthew,Jackson,matthew.jackson@globex.com,,Solutions Architect,Economic Buyer,2024-07-19T00:00:00
2655,272,Karen,Moore,karen.moore@initech.com,,CFO,Coach,2024-11-09T00:00:00
2656,717,Elizabeth,Robinson,elizabeth.robinson@acme.com,+1-616-682-5990,IT Manager,End User,2024-12-28T00:00:00
2657,641,Charles,Moore,charles.moore@umbrella.co,,Engineering Manager,Technical Evaluator,2021-09-24T00:00:00
2658,182,Patricia,Smith,patricia.smith@waystar.io,+1-726-137-1261,CFO,End User,2023-12-19T00:00:00
2659,570,Sarah,Perez,sarah.perez@waystar.io,+1-541-949-7521,VP of Sales,Champion,2024-12-01T00:00:00
2660,39,Christopher,Harris,christopher.harris@waystar.io,+1-520-133-9682,Solutions Architect,Technical Evaluator,2024-10-13T00:00:00
2661,605,Mary,Taylor,mary.taylor@waystar.io,+1-397-265-7357,Solutions Architect,Technical Evaluator,2024-05-05T00:00:00
2662,551,Thomas,Thompson,thomas.thompson@globex.com,+1-309-180-5414,Product Manager,Technical Evaluator,2024-11-15T00:00:00
2663,425,Betty,Sanchez,betty.sanchez@globex.com,+1-255-113-1059,Head of Security,Champion,2024-09-25T00:00:00
2664,110,Mark,Rodriguez,mark.rodriguez@initech.com,+1-960-320-5415,VP of Engineering,Economic Buyer,2023-07-30T00:00:00
2665,795,Patricia,White,patricia.white@globex.com,+1-679-305-2599,Product Manager,End User,2024-12-14T00:00:00
2666,321,Richard,Lee,richard.lee@piedpiper.com,+1-767-684-4881,Director of IT,Champion,2024-05-04T00:00:00
2667,583,Christopher,White,christopher.white@initech.com,+1-988-754-6071,DevOps Lead,Champion,2022-01-12T00:00:00
2668,339,Joseph,Lopez,joseph.lopez@globex.com,,Product Manager,Technical Evaluator,2024-02-22T00:00:00
2669,335,Mary,Walker,mary.walker@globex.com,+1-247-710-2646,VP of Sales,Technical Evaluator,2024-10-07T00:00:00
2670,61,Matthew,Perez,matthew.perez@globex.com,+1-912-246-5268,Head of Data,Technical Evaluator,2024-10-22T00:00:00
2671,709,Joshua,Sanchez,joshua.sanchez@waystar.io,+1-587-372-2851,Solutions Architect,Economic Buyer,2022-03-19T00:00:00
2672,168,Andrew,Jones,andrew.jones@globex.com,,CTO,Technical Evaluator,2022-03-14T00:00:00
2673,428,Thomas,Sanchez,thomas.sanchez@umbrella.co,+1-847-882-3302,Director of Operations,Technical Evaluator,2024-06-14T00:00:00
2674,629,Christopher,Garcia,christopher.garcia@acme.com,+1-427-302-1094,Product Manager,Technical Evaluator,2024-05-16T00:00:00
2675,991,Jennifer,Martin,jennifer.martin@umbrella.co,+1-971-617-7310,VP of Infrastructure,Champion,2024-09-20T00:00:00
2676,188,Jennifer,Johnson,jennifer.johnson@umbrella.co,+1-235-536-3539,Data Engineer,End User,2023-03-08T00:00:00
2677,522,Jennifer,Ramirez,jennifer.ramirez@umbrella.co,+1-574-945-7087,Product Manager,Technical Evaluator,2024-09-11T00:00:00
2678,353,Paul,Moore,paul.moore@globex.com,+1-503-281-7343,Director of Operations,End User,2023-11-22T00:00:00
2679,76,Linda,Sanchez,linda.sanchez@waystar.io,+1-960-820-4992,CTO,Blocker,2022-06-27T00:00:00
2680,699,Joseph,White,joseph.white@initech.com,+1-795-413-4885,COO,Champion,2024-12-10T00:00:00
2681,640,Mark,Thomas,mark.thomas@initech.com,+1-234-813-9329,VP of Infrastructure,Technical Evaluator,2024-08-21T00:00:00
2682,54,Ashley,Brown,ashley.brown,+1-277-490-4626,COO,Coach,2022-02-03T00:00:00
2683,668,Robert,Miller,robert.miller@umbrella.co,+1-890-846-2711,VP of Sales,Blocker,2024-05-27T00:00:00
2684,165,Linda,Rodriguez,linda.rodriguez@acme.com,+1-521-421-4460,VP of Sales,End User,2022-06-15T00:00:00
2685,227,Kimberly,Harris,kimberly.harris@piedpiper.com,+1-941-644-1623,CTO,Economic Buyer,2023-09-05T00:00:00
2686,884,Michelle,Thomas,michelle.thomas@globex.com,+1-780-780-5939,VP of Engineering,Champion,2023-04-29T00:00:00
2687,867,Nancy,Martin,nancy.martin@globex.com,+1-393-265-9621,VP of Sales,End User,2023-10-09T00:00:00
2688,917,Donald,Sanchez,donald.sanchez@globex.com,+1-919-563-7322,Data Engineer,Economic Buyer,2024-11-02T00:00:00
2689,72,Donna,Miller,donna.miller@umbrella.co,+1-687-414-2673,COO,Economic Buyer,2022-12-13T00:00:00
2690,553,Richard,Ramirez,richard.ramirez@acme.com,+1-874-961-1826,Product Manager,Technical Evaluator,2024-12-28T00:00:00
2691,379,Kimberly,Rodriguez,kimberly.rodriguez@globex.com,+1-876-569-6881,CFO,Technical Evaluator,2024-04-19T00:00:00
2692,374,John,Perez,john.perez@globex.com,+1-771-513-4169,Data Engineer,Coach,2024-09-17T00:00:00
2693,623,William,Jones,william.jones@piedpiper.com,+1-786-293-6313,VP of Product,Economic Buyer,2022-02-19T00:00:00
2694,899,Kimberly,Clark,kimberly.clark@piedpiper.com,,VP of Infrastructure,End User,2024-08-28T00:00:00
2695,540,David,Anderson,david.anderson@waystar.io,+1-403-253-2328,COO,Technical Evaluator,2021-01-21T00:00:00
2696,939,Patricia,Brown,patricia.brown@globex.com,+1-325-623-2726,Product Manager,Technical Evaluator,2024-07-26T00:00:00
2697,680,Robert,Clark,robert.clark@initech.com,+1-882-990-1641,COO,Technical Evaluator,2023-05-23T00:00:00
2698,702,Daniel,Moore,daniel.moore@waystar.io,+1-771-712-7223,CTO,Economic Buyer,2023-10-03T00:00:00
2699,252,Kimberly,Hernandez,kimberly.hernandez@piedpiper.com,+1-495-508-4530,Solutions Architect,Technical Evaluator,2023-02-19T00:00:00
2700,160,Nancy,Wilson,nancy.wilson@globex.com,+1-979-287-1386,Head of Security,Technical Evaluator,2024-02-14T00:00:00
2701,722,Joseph,Lopez,joseph.lopez@waystar.io,+1-470-930-5619,VP of Product,End User,2024-09-10T00:00:00
2702,666,Patricia,Perez,patricia.perez@initech.com,,Director of Operations,Technical Evaluator,2024-11-18T00:00:00
2703,715,Kimberly,Miller,kimberly.miller@umbrella.co,+1-954-492-9647,VP of Sales,Technical Evaluator,2024-12-18T00:00:00
2704,260,Andrew,Ramirez,andrew.ramirez@globex.com,+1-709-920-2842,VP of Sales,Economic Buyer,2024-12-14T00:00:00
2705,112,Thomas,Anderson,thomas.anderson@umbrella.co,+1-624-242-3352,VP of Product,Technical Evaluator,2024-06-13T00:00:00
2706,77,Nancy,Thomas,nancy.thomas@globex.com,+1-896-586-7122,Engineering Manager,End User,2024-02-10T00:00:00
2707,768,Steven,Ramirez,steven.ramirez@piedpiper.com,+1-794-818-3261,Director of IT,End User,2024-02-24T00:00:00
2708,942,Richard,Sanchez,richard.sanchez@waystar.io,+1-357-133-5897,IT Manager,Technical Evaluator,2024-03-25T00:00:00
2709,981,Richard,Taylor,richard.taylor@globex.com,+1-547-484-3786,VP of Infrastructure,Technical Evaluator,2023-12-26T00:00:00
2710,374,Donna,Davis,donna.davis@piedpiper.com,+1-340-493-8043,COO,End User,2024-07-05T00:00:00
2711,292,Michelle,Taylor,michelle.taylor@globex.com,+1-926-894-1948,VP of Product,Technical Evaluator,2022-08-30T00:00:00
2712,49,Robert,Williams,robert.williams@umbrella.co,+1-297-950-4458,VP of Engineering,Coach,2023-06-03T00:00:00
2713,109,Richard,Miller,richard.miller@acme.com,+1-783-184-5502,Director of Marketing,Technical Evaluator,2023-05-06T00:00:00
2714,100,Susan,Gonzalez,susan.gonzalez@globex.com,+1-807-833-3527,Director of Marketing,Economic Buyer,2024-11-20T00:00:00
2715,15,Daniel,Davis,daniel.davis@piedpiper.com,+1-453-998-5322,Engineering Manager,End User,2024-04-19T00:00:00
2716,828,Jennifer,Williams,jennifer.williams@acme.com,,CFO,Champion,2024-06-28T00:00:00
2717,741,John,Martinez,john.martinez@piedpiper.com,+1-867-746-9509,DevOps Lead,End User,2022-09-28T00:00:00
2718,371,Joseph,Jackson,joseph.jackson@umbrella.co,+1-753-248-2258,VP of Sales,Economic Buyer,2024-12-27T00:00:00
2719,485,Ashley,Moore,ashley.moore@initech.com,+1-947-152-5321,VP of Engineering,Champion,2024-01-31T00:00:00
2720,956,John,Ramirez,john.ramirez@globex.com,+1-279-448-6574,CFO,Technical Evaluator,2023-10-10T00:00:00
2721,700,Donald,Martinez,donald.martinez,+1-794-241-5148,VP of Product,Champion,2024-05-19T00:00:00
2722,76,Patricia,Davis,patricia.davis@globex.com,+1-251-954-3620,VP of Engineering,Coach,2021-03-29T00:00:00
2723,979,Sarah,Lewis,sarah.lewis@piedpiper.com,+1-639-271-7217,VP of Infrastructure,Champion,2022-10-13T00:00:00
2724,227,Joseph,Jackson,,+1-853-583-6919,,Technical Evaluator,2023-04-17T00:00:00
2725,616,John,Johnson,john.johnson@umbrella.co,+1-623-326-3356,Head of Data,Champion,2023-04-25T00:00:00
2726,610,Anthony,Johnson,anthony.johnson@umbrella.co,+1-551-144-9057,Product Manager,Technical Evaluator,2020-09-21T00:00:00
2727,385,Matthew,Jones,matthew.jones@initech.com,+1-798-626-2524,CTO,End User,2022-04-18T00:00:00
2728,885,James,Clark,james.clark@umbrella.co,+1-709-900-4267,CEO,Technical Evaluator,2021-01-20T00:00:00
2729,708,Michael,Williams,michael.williams@waystar.io,+1-284-214-3397,Data Engineer,Champion,2024-12-28T00:00:00
2730,888,Donna,Lewis,donna.lewis@acme.com,+1-467-774-5507,VP of Engineering,Coach,2024-10-08T00:00:00
2731,238,William,Sanchez,william.sanchez,+1-587-421-6366,IT Manager,Technical Evaluator,2024-12-13T00:00:00
2732,107,John,Jackson,john.jackson@waystar.io,+1-845-291-2046,Head of Data,Technical Evaluator,2022-12-25T00:00:00
2733,856,Joseph,Walker,joseph.walker@umbrella.co,,Director of IT,End User,2020-05-27T00:00:00
2734,260,Charles,Lopez,charles.lopez@globex.com,+1-482-720-6382,Engineering Manager,Technical Evaluator,2022-11-06T00:00:00
2735,209,Andrew,Rodriguez,andrew.rodriguez@initech.com,+1-426-526-3045,Data Engineer,End User,2024-06-22T00:00:00
2736,100,Thomas,Rodriguez,thomas.rodriguez@waystar.io,+1-269-126-3249,,Champion,2024-07-17T00:00:00
2737,773,Emily,Robinson,emily.robinson@umbrella.co,+1-338-873-7831,VP of Sales,Blocker,2024-08-10T00:00:00
2738,463,Sarah,Clark,sarah.clark@piedpiper.com,+1-472-738-5898,VP of Product,Blocker,2024-06-16T00:00:00
2739,464,Sarah,Lee,sarah.lee@globex.com,+1-566-181-4174,Data Engineer,Technical Evaluator,2024-04-10T00:00:00
2740,623,Sarah,Lopez,sarah.lopez@piedpiper.com,+1-956-866-1209,Engineering Manager,Blocker,2024-04-24T00:00:00
2741,926,Andrew,Anderson,andrew.anderson@globex.com,+1-422-885-5246,VP of Product,Champion,2022-12-31T00:00:00
2742,58,William,Thompson,william.thompson,+1-338-351-8498,Engineering Manager,End User,2023-02-09T00:00:00
2743,265,Susan,Hernandez,susan.hernandez@initech.com,+1-910-745-4875,VP of Product,End User,2024-02-10T00:00:00
2744,379,Mary,Thomas,mary.thomas@waystar.io,+1-943-601-8487,Head of Data,Economic Buyer,2023-01-12T00:00:00
2745,105,Christopher,Smith,christopher.smith@acme.com,+1-369-659-5828,CTO,End User,2023-10-15T00:00:00
2746,685,Anthony,Jackson,anthony.jackson@initech.com,+1-561-517-7442,DevOps Lead,Coach,2024-11-26T00:00:00
2747,971,Charles,Jones,charles.jones@initech.com,+1-931-396-9125,Engineering Manager,Champion,2022-12-28T00:00:00
2748,838,Andrew,Martinez,andrew.martinez@acme.com,+1-760-578-5901,Data Engineer,Technical Evaluator,2024-08-16T00:00:00
2749,396,Mary,Martin,mary.martin@globex.com,+1-529-774-4249,Head of Security,Champion,2024-09-26T00:00:00
2750,462,Ashley,Thomas,ashley.thomas@waystar.io,+1-968-969-2487,Engineering Manager,Economic Buyer,2023-02-22T00:00:00
2751,924,Susan,Brown,susan.brown@piedpiper.com,+1-585-272-6648,IT Manager,Economic Buyer,2024-10-26T00:00:00
2752,932,Sarah,Martin,sarah.martin@initech.com,+1-287-584-1481,COO,Champion,2024-11-12T00:00:00
2753,535,Matthew,Anderson,matthew.anderson@acme.com,+1-679-708-8367,Engineering Manager,End User,2024-07-22T00:00:00
2754,87,Christopher,Moore,christopher.moore@piedpiper.com,+1-738-443-7897,Chief Revenue Officer,Technical Evaluator,2024-02-02T00:00:00
2755,412,Joseph,White,joseph.white@globex.com,+1-244-171-8893,Product Manager,End User,2022-02-23T00:00:00
2756,184,Lisa,Lewis,lisa.lewis@globex.com,+1-250-480-9340,Director of Marketing,Coach,2024-07-14T00:00:00
2757,309,Jessica,Hernandez,jessica.hernandez@globex.com,+1-911-791-5559,Engineering Manager,Coach,2024-03-16T00:00:00
2758,543,John,Martin,john.martin@globex.com,+1-791-741-1159,CEO,Blocker,2023-12-24T00:00:00
2759,819,Nancy,Smith,nancy.smith@umbrella.co,+1-961-951-4322,IT Manager,Champion,2024-12-31T00:00:00
2760,604,Lisa,Ramirez,lisa.ramirez@waystar.io,+1-400-174-7061,VP of Sales,Technical Evaluator,2024-11-28T00:00:00
2761,304,Lisa,Martin,lisa.martin@piedpiper.com,+1-779-219-2633,Head of Security,Coach,2024-07-18T00:00:00
2762,526,Thomas,Davis,thomas.davis@umbrella.co,+1-650-129-4802,Chief Revenue Officer,Technical Evaluator,2024-07-03T00:00:00
2763,307,David,Anderson,david.anderson,+1-322-165-5114,DevOps Lead,Coach,2024-10-06T00:00:00
2764,871,Joshua,Lee,joshua.lee@waystar.io,+1-404-317-3737,Product Manager,Technical Evaluator,2021-05-04T00:00:00
2765,899,Jessica,Johnson,jessica.johnson@piedpiper.com,+1-509-904-4460,IT Manager,Coach,2023-02-18T00:00:00
2766,155,Steven,Smith,steven.smith@piedpiper.com,+1-729-338-9084,Solutions Architect,End User,2023-01-18T00:00:00
2767,595,Kimberly,Brown,kimberly.brown@initech.com,+1-349-758-1241,CFO,Technical Evaluator,2023-09-21T00:00:00
2768,40,David,Sanchez,,+1-511-116-1896,Head of Data,Economic Buyer,2024-07-22T00:00:00
2769,430,Sandra,Clark,sandra.clark@waystar.io,+1-657-435-1180,Data Engineer,Economic Buyer,2024-09-22T00:00:00
2770,69,Jessica,Clark,jessica.clark@umbrella.co,+1-848-786-5078,COO,End User,2023-09-15T00:00:00
2771,648,Jessica,Lee,jessica.lee@waystar.io,+1-235-276-1859,VP of Product,Champion,2023-11-25T00:00:00
2772,290,Charles,Lopez,charles.lopez@acme.com,+1-759-714-6027,,Technical Evaluator,2024-09-02T00:00:00
2773,428,Anthony,White,anthony.white@globex.com,+1-282-237-3202,VP of Infrastructure,Champion,2024-10-15T00:00:00
2774,838,James,Robinson,james.robinson@umbrella.co,+1-813-822-2431,,Champion,2024-12-06T00:00:00
2775,80,Thomas,Rodriguez,thomas.rodriguez@globex.com,+1-570-322-8122,Head of Security,Champion,2024-12-11T00:00:00
2776,23,Joshua,Lewis,joshua.lewis@umbrella.co,,IT Manager,End User,2024-06-14T00:00:00
2777,718,Nancy,Brown,nancy.brown@umbrella.co,+1-678-983-4162,Director of IT,Economic Buyer,2024-11-30T00:00:00
2778,665,Nancy,Clark,nancy.clark@piedpiper.com,+1-213-412-4456,Chief Revenue Officer,End User,2024-10-12T00:00:00
2779,201,Christopher,Lee,christopher.lee@waystar.io,+1-344-112-1237,CFO,Champion,2024-12-03T00:00:00
2780,470,Anthony,Taylor,anthony.taylor@piedpiper.com,+1-269-276-1853,VP of Product,Blocker,2024-11-24T00:00:00
2781,166,Patricia,Jackson,patricia.jackson@acme.com,+1-332-981-5219,VP of Engineering,Technical Evaluator,2024-11-16T00:00:00
2782,769,Matthew,Davis,matthew.davis@waystar.io,+1-949-182-6293,Director of IT,Champion,2021-03-10T00:00:00
2783,537,Christopher,Wilson,christopher.wilson@umbrella.co,+1-664-452-9652,Data Engineer,Technical Evaluator,2024-12-08T00:00:00
2784,750,Kimberly,Miller,kimberly.miller@piedpiper.com,+1-748-157-1876,COO,Economic Buyer,2024-03-07T00:00:00
2785,388,Charles,Wilson,charles.wilson@waystar.io,+1-665-246-3730,Engineering Manager,End User,2024-12-21T00:00:00
2786,591,James,Martinez,,+1-753-211-2834,Director of IT,Blocker,2024-12-27T00:00:00
2787,865,Mark,Wilson,mark.wilson@initech.com,+1-245-891-2108,Chief Revenue Officer,Economic Buyer,2024-06-23T00:00:00
2788,695,Mark,Harris,mark.harris@globex.com,+1-727-786-3675,Product Manager,Champion,2024-09-27T00:00:00
2789,427,Jennifer,Taylor,jennifer.taylor@acme.com,+1-732-702-4649,Director of Marketing,End User,2022-04-05T00:00:00
2790,101,Mary,Jones,mary.jones@umbrella.co,+1-385-942-2549,VP of Infrastructure,Blocker,2023-01-06T00:00:00
2791,582,Lisa,Rodriguez,lisa.rodriguez@globex.com,+1-353-742-1828,CTO,Champion,2024-10-06T00:00:00
2792,836,Christopher,Ramirez,christopher.ramirez@acme.com,+1-708-214-3348,Head of Data,Economic Buyer,2024-06-25T00:00:00
2793,583,Susan,Hernandez,susan.hernandez@acme.com,+1-896-145-9643,Data Engineer,Economic Buyer,2023-03-25T00:00:00
2794,859,Mark,Ramirez,mark.ramirez@piedpiper.com,+1-309-832-7677,DevOps Lead,Technical Evaluator,2021-06-25T00:00:00
2795,2,Joseph,Thompson,joseph.thompson@initech.com,+1-540-889-7180,VP of Infrastructure,Technical Evaluator,2024-03-13T00:00:00
2796,559,Joseph,Wilson,joseph.wilson@piedpiper.com,,VP of Infrastructure,End User,2024-01-17T00:00:00
2797,924,Richard,Brown,richard.brown@waystar.io,+1-893-820-7066,VP of Infrastructure,Technical Evaluator,2024-08-27T00:00:00
2798,193,Karen,Lopez,karen.lopez@initech.com,+1-610-916-7711,,Blocker,2024-05-28T00:00:00
2799,671,Karen,Robinson,karen.robinson@globex.com,+1-499-776-3345,CTO,Economic Buyer,2024-11-08T00:00:00
2800,808,Mary,Miller,mary.miller@piedpiper.com,+1-631-472-3738,,Technical Evaluator,2022-05-28T00:00:00
2801,762,Joshua,Clark,joshua.clark@waystar.io,+1-735-888-9190,VP of Engineering,Economic Buyer,2023-09-29T00:00:00
2802,845,Linda,Perez,linda.perez@umbrella.co,+1-788-874-6696,IT Manager,Technical Evaluator,2024-05-28T00:00:00
2803,972,James,Jones,james.jones@globex.com,+1-260-724-5214,Solutions Architect,Technical Evaluator,2024-02-08T00:00:00
2804,745,Richard,Anderson,richard.anderson@umbrella.co,+1-812-871-4807,COO,Technical Evaluator,2024-12-02T00:00:00
2805,30,Matthew,Smith,matthew.smith@initech.com,+1-429-949-5134,DevOps Lead,Technical Evaluator,2024-04-06T00:00:00
2806,957,Betty,Perez,betty.perez@umbrella.co,+1-592-616-9056,COO,End User,2024-12-21T00:00:00
2807,576,Sarah,Anderson,,+1-729-652-7279,Engineering Manager,Economic Buyer,2024-03-24T00:00:00
2808,6,Charles,Hernandez,charles.hernandez@acme.com,+1-779-803-7153,DevOps Lead,Technical Evaluator,2024-01-04T00:00:00
2809,584,Emily,Clark,emily.clark@piedpiper.com,,VP of Sales,End User,2022-10-25T00:00:00
2810,45,Robert,Jones,robert.jones@initech.com,+1-873-115-3806,Director of IT,End User,2023-11-22T00:00:00
2811,138,Emily,Sanchez,emily.sanchez@umbrella.co,+1-674-629-8695,VP of Sales,Technical Evaluator,2024-04-03T00:00:00
2812,951,Steven,Thompson,steven.thompson@waystar.io,+1-902-149-5643,COO,Champion,2024-11-28T00:00:00
2813,919,Donna,Garcia,donna.garcia@piedpiper.com,+1-228-810-6180,Product Manager,Blocker,2024-07-27T00:00:00
2814,708,Michelle,Martinez,michelle.martinez@acme.com,+1-229-271-7635,Solutions Architect,Economic Buyer,2024-12-29T00:00:00
2815,202,David,Lee,david.lee@umbrella.co,+1-551-523-6928,Director of IT,End User,2024-09-08T00:00:00
2816,147,Donald,Perez,donald.perez@umbrella.co,+1-773-222-8396,IT Manager,Technical Evaluator,2024-11-19T00:00:00
2817,509,Thomas,Robinson,,+1-460-234-8743,CEO,Coach,2024-06-12T00:00:00
2818,98,Joshua,Davis,joshua.davis@piedpiper.com,+1-392-373-9362,COO,Technical Evaluator,2023-07-14T00:00:00
2819,237,Thomas,Martin,thomas.martin@initech.com,+1-482-335-8212,CEO,Technical Evaluator,2024-09-28T00:00:00
2820,114,Ashley,Jones,ashley.jones@globex.com,+1-875-546-4716,Solutions Architect,End User,2024-06-10T00:00:00
2821,709,James,Thompson,james.thompson@acme.com,+1-215-899-4154,CFO,Economic Buyer,2022-11-11T00:00:00
2822,37,Patricia,Hernandez,patricia.hernandez@initech.com,+1-217-893-1048,Product Manager,Economic Buyer,2022-07-11T00:00:00
2823,532,Margaret,Rodriguez,margaret.rodriguez@waystar.io,+1-844-443-2516,Head of Security,Champion,2024-04-14T00:00:00
2824,735,Mary,Johnson,mary.johnson@waystar.io,+1-468-892-8298,VP of Engineering,Technical Evaluator,2022-10-26T00:00:00
2825,304,Sarah,Anderson,sarah.anderson@umbrella.co,+1-831-884-4922,VP of Product,Champion,2024-06-17T00:00:00
2826,993,Matthew,Miller,matthew.miller@globex.com,,CTO,Economic Buyer,2024-12-14T00:00:00
2827,439,Steven,Davis,steven.davis@piedpiper.com,+1-752-147-2597,Head of Security,End User,2022-04-10T00:00:00
2828,114,Barbara,Gonzalez,barbara.gonzalez@initech.com,,VP of Infrastructure,Coach,2023-10-29T00:00:00
2829,285,Susan,Moore,susan.moore@globex.com,+1-969-292-5171,Engineering Manager,End User,2023-09-16T00:00:00
2830,270,Mary,Jones,mary.jones@piedpiper.com,+1-475-901-7459,Director of Operations,Champion,2024-05-10T00:00:00
2831,623,Michelle,Martin,michelle.martin@waystar.io,+1-295-956-5206,Director of Operations,Blocker,2021-06-08T00:00:00
2832,479,Karen,Martin,karen.martin@piedpiper.com,+1-770-765-3002,VP of Engineering,Economic Buyer,2023-04-23T00:00:00
2833,775,Barbara,Robinson,barbara.robinson@globex.com,+1-955-401-5349,VP of Infrastructure,Economic Buyer,2023-11-22T00:00:00
2834,222,Linda,Wilson,linda.wilson@umbrella.co,+1-572-190-4489,Director of Marketing,Blocker,2022-10-12T00:00:00
2835,224,Matthew,Clark,matthew.clark@umbrella.co,+1-452-488-1204,CEO,Economic Buyer,2024-08-22T00:00:00
2836,146,Donna,Thompson,donna.thompson@piedpiper.com,+1-270-880-9869,CEO,End User,2024-10-31T00:00:00
2837,63,David,Harris,david.harris@globex.com,+1-561-786-9664,VP of Engineering,Champion,2024-12-13T00:00:00
2838,715,Charles,Wilson,charles.wilson,,VP of Product,Blocker,2024-12-09T00:00:00
2839,297,James,Williams,james.williams@umbrella.co,+1-479-431-5027,Chief Revenue Officer,Champion,2024-11-20T00:00:00
2840,853,Susan,Garcia,susan.garcia@globex.com,+1-992-325-2139,Engineering Manager,Technical Evaluator,2024-06-24T00:00:00
2841,666,Margaret,Miller,margaret.miller@umbrella.co,+1-910-580-5309,Product Manager,Champion,2024-01-27T00:00:00
2842,93,Robert,Taylor,robert.taylor@waystar.io,+1-592-252-7888,Engineering Manager,Technical Evaluator,2024-10-05T00:00:00
2843,106,Emily,Sanchez,emily.sanchez@piedpiper.com,+1-408-861-4987,VP of Sales,Economic Buyer,2024-07-26T00:00:00
2844,78,David,Johnson,david.johnson@initech.com,+1-336-532-7837,Director of Operations,Technical Evaluator,2024-03-14T00:00:00
2845,48,David,Miller,david.miller@umbrella.co,,VP of Product,End User,2024-12-28T00:00:00
2846,239,Matthew,Hernandez,matthew.hernandez@umbrella.co,+1-764-276-5122,CFO,Blocker,2021-06-04T00:00:00
2847,586,John,Miller,john.miller@acme.com,+1-297-606-2305,VP of Infrastructure,Champion,2024-09-11T00:00:00
2848,190,Sarah,Garcia,sarah.garcia@waystar.io,+1-757-824-1765,Director of Operations,Technical Evaluator,2024-11-22T00:00:00
2849,1,Lisa,Ramirez,lisa.ramirez@piedpiper.com,+1-219-313-7506,VP of Product,Coach,2023-07-13T00:00:00
2850,673,Anthony,Lee,anthony.lee@waystar.io,+1-744-195-8461,Director of IT,Blocker,2021-01-14T00:00:00
2851,750,Robert,Thomas,robert.thomas@waystar.io,+1-992-353-5355,Engineering Manager,Economic Buyer,2024-03-07T00:00:00
2852,551,Richard,Garcia,richard.garcia@waystar.io,+1-786-765-7413,Director of Marketing,Economic Buyer,2024-02-01T00:00:00
2853,218,Daniel,Lewis,daniel.lewis@globex.com,+1-419-631-9582,COO,Coach,2024-12-08T00:00:00
2854,903,William,Hernandez,william.hernandez@globex.com,+1-293-621-9687,Head of Security,Blocker,2024-10-06T00:00:00
2855,954,Betty,Sanchez,betty.sanchez@initech.com,+1-929-310-4429,VP of Infrastructure,Champion,2023-05-10T00:00:00
2856,457,Ashley,Harris,,+1-477-330-2344,VP of Sales,Technical Evaluator,2024-05-04T00:00:00
2857,804,Paul,Clark,paul.clark@umbrella.co,+1-916-324-2607,Director of IT,Economic Buyer,2023-07-07T00:00:00
2858,282,Joseph,Ramirez,joseph.ramirez@initech.com,+1-500-789-6975,Engineering Manager,Champion,2022-06-12T00:00:00
2859,415,Lisa,Moore,lisa.moore@acme.com,+1-847-477-6107,CTO,Champion,2024-09-08T00:00:00
2860,240,Mark,Martinez,mark.martinez@umbrella.co,+1-245-874-4861,Head of Security,Economic Buyer,2024-08-30T00:00:00
2861,282,Paul,Jones,paul.jones@umbrella.co,+1-605-233-3877,Solutions Architect,Champion,2024-06-15T00:00:00
2862,853,Margaret,Martin,margaret.martin@acme.com,+1-715-623-3137,VP of Product,Champion,2024-07-16T00:00:00
2863,743,Anthony,Martinez,anthony.martinez@acme.com,+1-737-875-7827,Data Engineer,Champion,2021-11-28T00:00:00
2864,468,Margaret,Perez,margaret.perez@initech.com,+1-886-268-8496,CTO,End User,2023-08-16T00:00:00
2865,6,Andrew,Martinez,andrew.martinez@umbrella.co,+1-752-986-2034,COO,Blocker,2024-03-18T00:00:00
2866,55,Nancy,Brown,,+1-405-494-1212,Director of Marketing,Technical Evaluator,2024-09-20T00:00:00
2867,292,Susan,Smith,susan.smith@initech.com,+1-381-228-8479,COO,Technical Evaluator,2023-02-15T00:00:00
2868,414,Ashley,White,ashley.white@piedpiper.com,+1-703-518-5349,CFO,Economic Buyer,2023-12-29T00:00:00
2869,401,Kimberly,Lewis,kimberly.lewis@globex.com,+1-418-507-2009,Solutions Architect,Champion,2024-10-22T00:00:00
2870,988,William,Thompson,,+1-494-363-4008,Solutions Architect,Economic Buyer,2024-08-14T00:00:00
2871,657,Sandra,Anderson,sandra.anderson@initech.com,,Solutions Architect,Champion,2024-07-29T00:00:00
2872,882,Donna,Jones,donna.jones@acme.com,+1-908-574-6599,Director of Marketing,Champion,2024-09-22T00:00:00
2873,201,Jessica,Anderson,jessica.anderson@umbrella.co,+1-768-265-8111,CFO,Coach,2024-11-14T00:00:00
2874,196,Michael,Ramirez,michael.ramirez@acme.com,+1-640-173-6647,VP of Engineering,Technical Evaluator,2022-07-30T00:00:00
2875,100,Daniel,Thompson,daniel.thompson@umbrella.co,+1-406-211-3890,CFO,Technical Evaluator,2023-11-04T00:00:00
2876,71,Joshua,Harris,joshua.harris,+1-527-960-5988,VP of Engineering,Champion,2024-11-20T00:00:00
2877,246,Donna,Harris,donna.harris@initech.com,+1-562-425-2302,Engineering Manager,End User,2024-10-07T00:00:00
2878,708,Michael,Wilson,michael.wilson@initech.com,+1-534-977-2776,Engineering Manager,Economic Buyer,2024-12-29T00:00:00
2879,479,Kimberly,Harris,kimberly.harris@piedpiper.com,+1-510-205-1456,Chief Revenue Officer,Champion,2024-05-13T00:00:00
2880,597,Karen,Rodriguez,karen.rodriguez@acme.com,+1-994-324-3487,VP of Product,Technical Evaluator,2024-12-10T00:00:00
2881,550,Mary,Williams,mary.williams@piedpiper.com,+1-226-821-2441,VP of Infrastructure,Coach,2024-01-04T00:00:00
2882,682,Elizabeth,Lee,elizabeth.lee,+1-419-483-5502,Engineering Manager,Blocker,2024-03-04T00:00:00
2883,550,Sarah,Taylor,sarah.taylor@initech.com,,Head of Security,Champion,2022-05-31T00:00:00
2884,492,Thomas,Lee,thomas.lee@acme.com,+1-314-520-5446,COO,End User,2024-09-07T00:00:00
2885,650,Steven,Ramirez,steven.ramirez@initech.com,+1-395-911-4481,CFO,Coach,2022-10-17T00:00:00
2886,96,Sandra,Davis,sandra.davis@piedpiper.com,+1-271-574-6701,Director of IT,Champion,2024-08-03T00:00:00
2887,725,Kimberly,Lopez,kimberly.lopez@umbrella.co,,Head of Security,Technical Evaluator,2024-03-16T00:00:00
2888,193,Patricia,Jones,patricia.jones@acme.com,+1-443-941-7598,Chief Revenue Officer,Champion,2023-07-19T00:00:00
2889,37,Andrew,Walker,andrew.walker@globex.com,+1-337-750-9546,VP of Infrastructure,Economic Buyer,2023-12-31T00:00:00
2890,726,Paul,Brown,paul.brown@umbrella.co,+1-991-638-7470,VP of Sales,Coach,2024-04-02T00:00:00
2891,359,Patricia,Rodriguez,patricia.rodriguez@initech.com,+1-453-915-6031,VP of Sales,Blocker,2023-06-17T00:00:00
2892,396,Anthony,Martinez,anthony.martinez@umbrella.co,+1-346-108-5679,Engineering Manager,Blocker,2024-08-28T00:00:00
2893,665,Linda,Smith,linda.smith@piedpiper.com,+1-681-266-3733,Head of Data,Champion,2023-08-09T00:00:00
2894,292,James,Davis,james.davis@initech.com,+1-845-189-3703,Data Engineer,Economic Buyer,2024-02-22T00:00:00
2895,51,Betty,Ramirez,betty.ramirez@acme.com,+1-640-162-4218,VP of Infrastructure,Blocker,2024-12-24T00:00:00
2896,271,Anthony,Williams,anthony.williams@globex.com,+1-290-112-3188,Head of Data,Coach,2023-04-21T00:00:00
2897,179,Karen,Jones,karen.jones@umbrella.co,+1-874-333-3432,VP of Engineering,Coach,2024-03-02T00:00:00
2898,102,Steven,Brown,steven.brown@globex.com,+1-637-938-5379,IT Manager,Champion,2021-07-11T00:00:00
2899,68,Michelle,Moore,michelle.moore@waystar.io,,VP of Product,Technical Evaluator,2024-08-28T00:00:00
2900,498,Jessica,Lee,jessica.lee@initech.com,+1-643-728-8913,IT Manager,End User,2023-11-16T00:00:00
2901,213,Linda,Thompson,linda.thompson@piedpiper.com,+1-619-639-7142,Solutions Architect,Champion,2023-01-31T00:00:00
2902,835,Susan,Jones,susan.jones@waystar.io,,VP of Engineering,Coach,2023-12-26T00:00:00
2903,123,Donna,Lee,donna.lee@initech.com,+1-588-859-8961,CEO,End User,2022-04-26T00:00:00
2904,193,Elizabeth,Jackson,elizabeth.jackson@umbrella.co,+1-590-209-8092,CEO,Champion,2024-06-23T00:00:00
2905,648,Ashley,Harris,ashley.harris@umbrella.co,+1-541-612-6996,CTO,Champion,2022-09-08T00:00:00
2906,84,Betty,Taylor,betty.taylor@piedpiper.com,+1-208-651-1126,Director of Operations,Champion,2024-10-07T00:00:00
2907,719,Michelle,Davis,michelle.davis@acme.com,+1-896-123-4640,CEO,End User,2023-06-06T00:00:00
2908,592,Charles,Thomas,charles.thomas,+1-378-784-7141,IT Manager,End User,2023-10-26T00:00:00
2909,42,Robert,Garcia,robert.garcia@initech.com,+1-307-774-9672,Engineering Manager,Champion,2023-12-20T00:00:00
2910,649,Donald,Davis,donald.davis@globex.com,+1-390-313-7144,Product Manager,Coach,2024-02-09T00:00:00
2911,66,Donald,Hernandez,donald.hernandez@initech.com,+1-362-427-9978,Product Manager,Technical Evaluator,2024-10-30T00:00:00
2912,2,Ashley,Wilson,ashley.wilson@umbrella.co,+1-538-328-6559,IT Manager,Blocker,2023-09-29T00:00:00
2913,700,Nancy,Ramirez,nancy.ramirez@initech.com,+1-207-246-5600,COO,End User,2023-10-20T00:00:00
2914,455,Margaret,Davis,margaret.davis@initech.com,+1-833-181-4787,Solutions Architect,Coach,2023-11-16T00:00:00
2915,495,Mary,Martin,mary.martin@globex.com,+1-989-306-6778,COO,Technical Evaluator,2024-08-31T00:00:00
2916,798,Mary,Jones,mary.jones,+1-452-541-7743,Engineering Manager,Economic Buyer,2024-08-20T00:00:00
2917,946,Michael,Perez,michael.perez@initech.com,+1-503-193-4545,CTO,Blocker,2024-12-13T00:00:00
2918,546,Charles,Rodriguez,charles.rodriguez@piedpiper.com,+1-769-428-7584,Head of Data,Champion,2024-12-25T00:00:00
2919,880,David,Brown,david.brown@umbrella.co,+1-229-487-9687,VP of Product,Champion,2024-12-23T00:00:00
2920,857,Lisa,Clark,lisa.clark@acme.com,+1-992-624-7683,DevOps Lead,Champion,2024-07-09T00:00:00
2921,104,Emily,Wilson,emily.wilson@piedpiper.com,+1-560-818-8534,Engineering Manager,End User,2022-09-27T00:00:00
2922,777,Donald,Perez,donald.perez@initech.com,+1-993-218-2291,Engineering Manager,Champion,2022-12-05T00:00:00
2923,454,Karen,Thomas,karen.thomas@globex.com,+1-818-610-2848,Director of Marketing,Economic Buyer,2023-12-27T00:00:00
2924,811,Daniel,Thomas,daniel.thomas,+1-324-417-6054,CFO,Technical Evaluator,2024-11-11T00:00:00
2925,11,Mark,Anderson,mark.anderson@umbrella.co,+1-868-150-7630,Product Manager,Technical Evaluator,2024-07-30T00:00:00
2926,297,Thomas,Thomas,thomas.thomas@umbrella.co,+1-715-112-2197,Director of Operations,Champion,2024-12-24T00:00:00
2927,931,Paul,Miller,paul.miller@initech.com,+1-645-659-8492,Chief Revenue Officer,Technical Evaluator,2024-11-28T00:00:00
2928,779,Nancy,Walker,nancy.walker@initech.com,+1-213-970-4437,Engineering Manager,Champion,2024-11-12T00:00:00
2929,31,Charles,Hernandez,charles.hernandez@initech.com,+1-383-547-2733,Director of Operations,Blocker,2021-10-06T00:00:00
2930,901,Elizabeth,Walker,elizabeth.walker@umbrella.co,+1-745-492-3899,DevOps Lead,Technical Evaluator,2024-11-27T00:00:00
2931,605,Matthew,Lee,matthew.lee@acme.com,+1-679-538-8473,DevOps Lead,Technical Evaluator,2024-10-10T00:00:00
2932,491,Steven,Brown,steven.brown@waystar.io,+1-768-201-1400,Head of Data,End User,2023-09-15T00:00:00
2933,767,Barbara,Brown,barbara.brown@initech.com,,CTO,Blocker,2022-03-02T00:00:00
2934,902,Paul,Thompson,paul.thompson@acme.com,,IT Manager,Coach,2023-08-18T00:00:00
2935,542,Andrew,Martinez,andrew.martinez@acme.com,+1-300-514-6286,DevOps Lead,Coach,2024-11-20T00:00:00
2936,759,Donna,Jones,donna.jones@acme.com,+1-755-743-4094,Director of Marketing,Coach,2023-12-10T00:00:00
2937,1000,Christopher,Lee,christopher.lee@waystar.io,+1-504-754-7688,CTO,Champion,2024-05-15T00:00:00
2938,779,Anthony,Clark,anthony.clark@acme.com,+1-931-126-5462,VP of Product,Economic Buyer,2024-09-01T00:00:00
2939,414,Donna,White,donna.white@piedpiper.com,+1-767-415-1353,Director of IT,Technical Evaluator,2021-12-31T00:00:00
2940,9,Elizabeth,Robinson,elizabeth.robinson@umbrella.co,+1-528-855-1694,Director of IT,Champion,2023-07-15T00:00:00
2941,628,William,Perez,william.perez@umbrella.co,+1-725-855-3075,Product Manager,Economic Buyer,2021-07-25T00:00:00
2942,141,Joseph,Miller,joseph.miller@piedpiper.com,+1-407-405-4729,VP of Engineering,Champion,2023-03-02T00:00:00
2943,750,Richard,Sanchez,richard.sanchez@globex.com,+1-351-756-1331,Head of Security,Technical Evaluator,2024-12-09T00:00:00
2944,321,David,Lewis,david.lewis@umbrella.co,+1-885-235-7700,Director of Operations,Economic Buyer,2024-06-07T00:00:00
2945,577,Donald,Jones,donald.jones@piedpiper.com,+1-324-303-4962,Product Manager,Blocker,2024-01-23T00:00:00
2946,922,Sarah,Brown,sarah.brown@waystar.io,+1-368-580-2339,Chief Revenue Officer,Technical Evaluator,2024-05-16T00:00:00
2947,28,Charles,Perez,charles.perez,+1-831-439-5462,,Champion,2024-12-21T00:00:00
2948,557,Kimberly,Lewis,kimberly.lewis@waystar.io,+1-385-139-8029,Director of IT,Technical Evaluator,2023-06-17T00:00:00
2949,435,Daniel,Miller,daniel.miller@umbrella.co,+1-730-735-3196,Director of IT,Coach,2024-11-28T00:00:00
2950,403,Joshua,Clark,joshua.clark@piedpiper.com,+1-819-422-3320,Director of IT,Coach,2022-07-26T00:00:00
2951,69,Lisa,Sanchez,lisa.sanchez,+1-969-386-6797,CFO,Technical Evaluator,2023-02-24T00:00:00
2952,815,Steven,Martinez,steven.martinez@initech.com,+1-897-936-1057,IT Manager,Economic Buyer,2024-11-06T00:00:00
2953,509,Susan,Martinez,susan.martinez@piedpiper.com,+1-987-390-4928,IT Manager,Economic Buyer,2022-03-16T00:00:00
2954,538,Mary,Martinez,mary.martinez@acme.com,+1-893-789-9192,CFO,Champion,2024-07-11T00:00:00
2955,645,Joseph,Brown,joseph.brown@globex.com,+1-305-281-8414,Head of Security,Technical Evaluator,2021-12-13T00:00:00
2956,435,Richard,Harris,richard.harris@acme.com,+1-961-796-5091,VP of Sales,Coach,2024-11-25T00:00:00
2957,29,Jennifer,Lee,jennifer.lee@initech.com,+1-514-563-5502,VP of Engineering,Economic Buyer,2022-06-24T00:00:00
2958,687,Mark,Hernandez,,+1-487-919-5290,VP of Product,Technical Evaluator,2022-12-20T00:00:00
2959,918,Linda,Thomas,linda.thomas@initech.com,,Engineering Manager,Economic Buyer,2024-12-28T00:00:00
2960,154,Kimberly,Gonzalez,kimberly.gonzalez@piedpiper.com,+1-896-219-9507,Director of IT,Blocker,2024-07-17T00:00:00
2961,958,Jessica,White,jessica.white@globex.com,+1-576-650-7385,Head of Data,Champion,2024-11-24T00:00:00
2962,224,Joseph,Williams,joseph.williams@piedpiper.com,+1-564-381-3280,VP of Sales,Economic Buyer,2024-08-30T00:00:00
2963,663,Jessica,Ramirez,jessica.ramirez@waystar.io,+1-456-176-3710,Head of Data,Economic Buyer,2024-07-30T00:00:00
2964,855,Lisa,Lewis,lisa.lewis@globex.com,+1-538-793-2360,Chief Revenue Officer,Champion,2024-09-10T00:00:00
2965,240,Sandra,Lee,sandra.lee@umbrella.co,+1-892-337-8814,Product Manager,Technical Evaluator,2021-11-06T00:00:00
2966,293,Donald,Walker,donald.walker@piedpiper.com,,IT Manager,Champion,2024-10-24T00:00:00
2967,12,William,White,william.white@initech.com,+1-584-468-5882,CEO,Blocker,2024-11-24T00:00:00
2968,191,James,Sanchez,james.sanchez@initech.com,+1-669-521-5424,VP of Product,Technical Evaluator,2024-03-22T00:00:00
2969,90,William,Clark,william.clark@waystar.io,+1-227-865-9040,Chief Revenue Officer,Champion,2024-12-24T00:00:00
2970,312,Donald,Thomas,donald.thomas@acme.com,+1-352-619-7337,COO,Champion,2024-12-07T00:00:00
2971,88,Sandra,Perez,sandra.perez@globex.com,+1-456-603-1331,Director of IT,Blocker,2024-02-02T00:00:00
2972,457,Donald,Garcia,donald.garcia@initech.com,+1-856-836-2219,IT Manager,Technical Evaluator,2024-06-13T00:00:00
2973,652,Matthew,Hernandez,matthew.hernandez@acme.com,+1-236-452-4838,VP of Sales,Champion,2024-01-25T00:00:00
2974,525,Matthew,Lewis,,+1-344-787-4544,Chief Revenue Officer,Champion,2024-07-28T00:00:00
2975,508,Andrew,Moore,andrew.moore@acme.com,+1-748-498-8041,DevOps Lead,Technical Evaluator,2024-08-23T00:00:00
2976,68,Richard,Moore,richard.moore@umbrella.co,+1-646-900-8004,IT Manager,Technical Evaluator,2024-12-01T00:00:00
2977,181,James,Robinson,james.robinson@acme.com,+1-939-947-3724,Director of Marketing,Economic Buyer,2024-03-15T00:00:00
2978,131,John,White,john.white@umbrella.co,+1-927-286-7867,VP of Sales,End User,2024-07-10T00:00:00
2979,617,Charles,Ramirez,charles.ramirez@acme.com,+1-795-384-9549,Chief Revenue Officer,Economic Buyer,2023-04-03T00:00:00
2980,818,Lisa,Thompson,lisa.thompson@globex.com,+1-702-609-5691,Head of Data,Economic Buyer,2021-01-12T00:00:00
2981,471,Mark,Martin,mark.martin@globex.com,+1-287-730-9939,Chief Revenue Officer,Champion,2023-05-05T00:00:00
2982,911,Christopher,Thompson,christopher.thompson@piedpiper.com,+1-578-317-5019,,End User,2024-06-06T00:00:00
2983,978,Matthew,Gonzalez,matthew.gonzalez@piedpiper.com,+1-414-994-1209,CTO,Blocker,2021-12-19T00:00:00
2984,529,Andrew,Martinez,andrew.martinez@umbrella.co,+1-216-398-2957,VP of Infrastructure,Champion,2022-03-11T00:00:00
2985,703,Linda,Jackson,linda.jackson@piedpiper.com,+1-605-137-9502,IT Manager,Coach,2024-11-21T00:00:00
2986,364,Anthony,Garcia,anthony.garcia@piedpiper.com,+1-399-288-5924,VP of Infrastructure,Economic Buyer,2024-08-17T00:00:00
2987,912,Anthony,Smith,anthony.smith@waystar.io,+1-243-524-1933,VP of Engineering,Coach,2023-12-21T00:00:00
2988,275,Jessica,Gonzalez,jessica.gonzalez@globex.com,+1-478-167-6166,IT Manager,Coach,2022-08-13T00:00:00
2989,368,Anthony,Lewis,anthony.lewis@acme.com,+1-298-501-5050,Head of Security,Blocker,2020-12-26T00:00:00
2990,784,Christopher,Garcia,christopher.garcia@waystar.io,+1-692-648-5358,Director of Operations,End User,2024-11-06T00:00:00
2991,923,Steven,Davis,steven.davis@initech.com,,VP of Engineering,Technical Evaluator,2024-06-18T00:00:00
2992,380,Kimberly,Lopez,kimberly.lopez@initech.com,+1-433-707-5556,CTO,Blocker,2021-07-17T00:00:00
2993,920,Patricia,Jones,patricia.jones@umbrella.co,+1-394-270-9139,IT Manager,Technical Evaluator,2023-07-02T00:00:00
2994,22,William,Robinson,william.robinson@piedpiper.com,+1-911-464-8143,Director of IT,Champion,2024-05-26T00:00:00
2995,155,John,Martin,john.martin@acme.com,+1-994-435-2012,VP of Product,Economic Buyer,2024-02-10T00:00:00
2996,299,Richard,Martin,richard.martin@initech.com,+1-648-383-9230,Director of Operations,Champion,2022-04-13T00:00:00
2997,343,Donald,White,donald.white@piedpiper.com,+1-627-328-6372,VP of Infrastructure,End User,2024-09-14T00:00:00
2998,113,Donald,Davis,donald.davis@waystar.io,+1-922-334-6930,Solutions Architect,Champion,2024-04-03T00:00:00
2999,777,Daniel,Brown,daniel.brown@umbrella.co,+1-657-721-8901,Product Manager,Economic Buyer,2024-07-06T00:00:00
3000,818,Michelle,Brown,michelle.brown@initech.com,+1-816-453-9286,VP of Product,Economic Buyer,2022-07-19T00:00:00
