lead_id,first_name,last_name,email,company,source,status,score,converted_opp_id,converted_account_id,converted_date,created_at
1,Jennifer,Johnson,jennifer.johnson,FutureForge,Outbound - Cold,MQL,88,,,,2022-12-03T00:00:00
2,Daniel,Williams,daniel.williams2@quantumlogiclabs.com,QuantumLogic Labs,Outbound - SDR,Working,58,,,,2023-02-08T00:00:00
3,Nancy,Lopez,nancy.lopez3@streamlineanalytics.com,StreamLine Analytics,Inbound - Web,Working,56,,,,2023-05-28T00:00:00
4,James,Garcia,james.garcia,StreamLine Analytics,Inbound - Webinar,Nurture,35,,,,2020-05-28T00:00:00
5,Elizabeth,Martin,elizabeth.martin5@truenorthdata.com,TrueNorth Data,Event,Disqualified,8,,,,2022-08-22T00:00:00
6,Charles,Jackson,charles.jackson6@metasync.com,MetaSync,Inbound - Content,Disqualified,29,,,,2021-08-01T00:00:00
7,Sarah,Jones,sarah.jones7@futureforge.com,FutureForge,Paid Search,New,15,,,,2023-05-05T00:00:00
8,Jessica,Lopez,jessica.lopez8@streamlineanalytics.com,StreamLine Analytics,Inbound - Content,Converted,56,3955,910,2023-08-08,2023-05-18T00:00:00
9,Mary,Thomas,mary.thomas9@primepathdigital.com,PrimePath Digital,Outbound - Cold,Disqualified,25,,,,2022-07-24T00:00:00
10,John,Anderson,john.anderson10@rapidcloud.com,RapidCloud,Inbound - Web,Disqualified,16,,,,2023-12-14T00:00:00
11,Christopher,Martinez,christopher.martinez11@streamlineanalytics.com,StreamLine Analytics,Paid Search,SQL,54,,,,2021-01-18T00:00:00
12,Linda,Thompson,linda.thompson12@metasync.com,MetaSync,Outbound - SDR,MQL,90,,,,2022-12-30T00:00:00
13,David,Garcia,david.garcia13@rapidcloud.com,RapidCloud,Inbound - Webinar,SQL,61,,,,2024-02-07T00:00:00
14,Mary,Martin,mary.martin14@pulsepointdigital.com,PulsePoint Digital,,MQL,72,,,,2022-10-25T00:00:00
15,Lisa,Wilson,lisa.wilson15@futureforge.com,FutureForge,Outbound - Cold,Nurture,43,,,,2020-11-23T00:00:00
16,Daniel,Lee,daniel.lee16@rapidcloud.com,RapidCloud,Outbound - Cold,MQL,67,,,,2024-03-23T00:00:00
17,Christopher,Lopez,christopher.lopez,TechFlow Inc,Outbound - Cold,New,41,,,,2021-12-12T00:00:00
18,Jessica,Moore,jessica.moore18@rapidcloud.com,RapidCloud,Paid Search,New,49,,,,2023-02-21T00:00:00
19,Patricia,Wilson,patricia.wilson19@nexgensolutions.com,NexGen Solutions,Inbound - Webinar,Nurture,21,,,,2024-06-15T00:00:00
20,Lisa,Martin,lisa.martin20@brightwavetech.com,BrightWave Tech,Inbound - Content,Nurture,24,,,,2024-07-13T00:00:00
21,Jennifer,Smith,jennifer.smith21@streamlineanalytics.com,StreamLine Analytics,Inbound - Webinar,Converted,72,1506,643,2024-06-27,2024-06-09T00:00:00
22,William,Lopez,william.lopez22@streamlineanalytics.com,StreamLine Analytics,Partner Referral,MQL,74,,,,2022-03-13T00:00:00
23,John,Taylor,john.taylor23@innovateco.com,InnovateCo,Inbound - Content,Working,64,,,,2022-06-01T00:00:00
24,Elizabeth,Anderson,,DataBridge Corp,Paid Search,SQL,51,,,,2020-12-03T00:00:00
25,Michael,Lee,michael.lee,MetaSync,Inbound - Content,Disqualified,23,,,,2023-02-09T00:00:00
26,Elizabeth,Brown,elizabeth.brown26@pulsepointdigital.com,PulsePoint Digital,Event,Disqualified,0,,,,2021-07-16T00:00:00
27,Jessica,Brown,jessica.brown27@scaleupsystems.com,ScaleUp Systems,Outbound - Cold,Working,40,,,,2021-04-04T00:00:00
28,Barbara,Wilson,barbara.wilson28@insightplatforms.com,Insight Platforms,Social Media,Working,26,,,,2023-08-04T00:00:00
29,James,Martinez,james.martinez29@innovateco.com,InnovateCo,Paid Search,SQL,93,,,,2024-04-28T00:00:00
30,Richard,Brown,richard.brown30@scaleupsystems.com,ScaleUp Systems,Event,MQL,70,,,,2020-09-13T00:00:00
31,David,Smith,david.smith31@rapidcloud.com,RapidCloud,Event,MQL,81,,,,2023-11-27T00:00:00
32,Richard,Martinez,richard.martinez32@insightplatforms.com,Insight Platforms,Event,Converted,78,3374,516,2022-12-16,2022-10-03T00:00:00
33,David,Williams,david.williams33@truenorthdata.com,TrueNorth Data,Outbound - SDR,Disqualified,10,,,,2022-05-23T00:00:00
34,Michael,Davis,michael.davis34@cloudscalesystems.com,CloudScale Systems,Inbound - Web,Working,68,,,,2024-12-19T00:00:00
35,Jennifer,Martin,jennifer.martin35@metasync.com,MetaSync,Outbound - Cold,New,58,,,,2022-07-02T00:00:00
36,Richard,Rodriguez,richard.rodriguez36@databridgecorp.com,DataBridge Corp,Outbound - Cold,Working,27,,,,2024-10-14T00:00:00
37,Mary,Moore,mary.moore37@innovateco.com,InnovateCo,Outbound - SDR,Nurture,15,,,,2021-07-11T00:00:00
38,Jessica,Taylor,jessica.taylor38@cloudscalesystems.com,CloudScale Systems,Social Media,Converted,64,2681,305,2023-07-27,2023-07-23T00:00:00
39,Jessica,Taylor,jessica.taylor39@quantumlogiclabs.com,QuantumLogic Labs,Product-Led,New,57,,,,2023-10-21T00:00:00
40,William,Lopez,william.lopez40@vertexai.com,VertexAI,Product-Led,Disqualified,3,,,,2023-12-07T00:00:00
41,Elizabeth,Williams,elizabeth.williams41@nexgensolutions.com,NexGen Solutions,Inbound - Webinar,Disqualified,14,,,,2023-03-04T00:00:00
42,James,Davis,james.davis42@futureforge.com,FutureForge,Social Media,New,19,,,,2023-11-28T00:00:00
43,Barbara,Thomas,barbara.thomas43@cloudscalesystems.com,CloudScale Systems,Social Media,Disqualified,11,,,,2022-03-16T00:00:00
44,Karen,Thomas,karen.thomas44@primepathdigital.com,PrimePath Digital,Outbound - Cold,SQL,81,,,,2022-05-23T00:00:00
45,Patricia,Smith,patricia.smith45@agiledynamics.com,Agile Dynamics,Product-Led,Converted,83,4411,679,2023-07-25,2023-05-09T00:00:00
46,Thomas,Rodriguez,thomas.rodriguez46@nexgensolutions.com,NexGen Solutions,Inbound - Webinar,Converted,64,252,943,2024-12-30,2024-11-18T00:00:00
47,Sarah,Williams,sarah.williams47@cybervault.com,CyberVault,Inbound - Content,Disqualified,26,,,,2022-10-21T00:00:00
48,Linda,Martin,linda.martin48@insightplatforms.com,Insight Platforms,Outbound - SDR,Disqualified,27,,,,2020-12-01T00:00:00
49,Joseph,Lee,joseph.lee49@rapidcloud.com,RapidCloud,Outbound - SDR,Working,47,,,,2021-04-19T00:00:00
50,Patricia,Jones,patricia.jones50@insightplatforms.com,Insight Platforms,Partner Referral,SQL,73,,,,2020-05-03T00:00:00
51,Susan,Lopez,susan.lopez51@scaleupsystems.com,ScaleUp Systems,Outbound - Cold,MQL,86,,,,2022-05-24T00:00:00
52,Joseph,Hernandez,joseph.hernandez,RapidCloud,Outbound - SDR,Nurture,54,,,,2022-12-17T00:00:00
53,Michael,Thomas,michael.thomas53@primepathdigital.com,PrimePath Digital,Inbound - Webinar,Disqualified,16,,,,2023-12-31T00:00:00
54,Patricia,Lopez,patricia.lopez54@truenorthdata.com,TrueNorth Data,Outbound - Cold,Working,55,,,,2020-11-17T00:00:00
55,David,Thompson,david.thompson55@pulsepointdigital.com,PulsePoint Digital,Inbound - Content,Working,26,,,,2023-06-08T00:00:00
56,John,Thompson,john.thompson56@pulsepointdigital.com,PulsePoint Digital,Paid Search,Converted,97,1775,477,2022-10-12,2022-08-22T00:00:00
57,James,Lopez,james.lopez57@cybervault.com,CyberVault,Inbound - Content,SQL,56,,,,2020-08-10T00:00:00
58,Christopher,Davis,christopher.davis,FutureForge,Product-Led,New,46,,,,2020-01-04T00:00:00
59,Christopher,Taylor,christopher.taylor59@databridgecorp.com,DataBridge Corp,Inbound - Content,Converted,93,4303,886,2024-10-15,2024-08-28T00:00:00
60,Joseph,Thomas,joseph.thomas60@corestack.com,CoreStack,Outbound - Cold,Working,65,,,,2022-01-29T00:00:00
61,David,Jackson,david.jackson61@brightwavetech.com,BrightWave Tech,Outbound - SDR,New,29,,,,2020-09-23T00:00:00
62,Robert,Brown,robert.brown62@quantumlogiclabs.com,QuantumLogic Labs,Product-Led,New,21,,,,2023-07-23T00:00:00
63,Nancy,Wilson,nancy.wilson63@truenorthdata.com,TrueNorth Data,Outbound - SDR,Converted,76,25,890,2024-06-19,2024-06-17T00:00:00
64,Mary,Wilson,mary.wilson64@cloudscalesystems.com,CloudScale Systems,Partner Referral,SQL,96,,,,2023-04-03T00:00:00
65,David,Garcia,david.garcia65@cloudscalesystems.com,CloudScale Systems,Inbound - Webinar,Working,20,,,,2020-03-19T00:00:00
66,Mary,Garcia,mary.garcia66@agiledynamics.com,Agile Dynamics,Social Media,New,39,,,,2023-11-22T00:00:00
67,Robert,Williams,robert.williams67@rapidcloud.com,RapidCloud,Paid Search,Converted,79,193,639,2024-07-29,2024-07-10T00:00:00
68,Karen,Moore,karen.moore68@futureforge.com,FutureForge,Social Media,New,17,,,,2022-09-15T00:00:00
69,Elizabeth,Thomas,elizabeth.thomas69@agiledynamics.com,Agile Dynamics,Inbound - Webinar,Converted,58,3315,860,2024-12-16,2024-10-11T00:00:00
70,William,Gonzalez,william.gonzalez70@streamlineanalytics.com,StreamLine Analytics,Outbound - Cold,Converted,80,1288,999,2024-11-02,2024-09-01T00:00:00
71,Charles,Gonzalez,charles.gonzalez71@rapidcloud.com,RapidCloud,,Converted,74,3859,743,2021-12-30,2021-10-02T00:00:00
72,Jennifer,Martinez,jennifer.martinez72@cloudscalesystems.com,CloudScale Systems,Paid Search,New,16,,,,2021-10-29T00:00:00
73,Thomas,Smith,thomas.smith73@techflowinc.com,TechFlow Inc,Social Media,New,24,,,,2021-02-25T00:00:00
74,John,Martin,john.martin74@streamlineanalytics.com,StreamLine Analytics,Inbound - Content,New,22,,,,2020-05-16T00:00:00
75,Barbara,Rodriguez,barbara.rodriguez75@vertexai.com,VertexAI,Partner Referral,Disqualified,8,,,,2022-01-10T00:00:00
76,Nancy,Miller,nancy.miller76@quantumlogiclabs.com,QuantumLogic Labs,Inbound - Web,Converted,91,1365,95,2024-08-09,2024-07-22T00:00:00
77,Richard,Garcia,richard.garcia77@cloudscalesystems.com,CloudScale Systems,Inbound - Web,Converted,86,3215,804,2024-05-28,2024-04-07T00:00:00
78,Patricia,Martin,patricia.martin78@cloudscalesystems.com,CloudScale Systems,Inbound - Web,MQL,93,,,,2022-06-20T00:00:00
79,Patricia,Davis,patricia.davis79@streamlineanalytics.com,StreamLine Analytics,Product-Led,Converted,74,2572,805,2024-07-11,2024-04-26T00:00:00
80,Michael,Rodriguez,michael.rodriguez80@cloudscalesystems.com,CloudScale Systems,Outbound - Cold,Working,17,,,,2023-09-21T00:00:00
81,Joseph,Lee,joseph.lee81@rapidcloud.com,RapidCloud,Outbound - SDR,Working,15,,,,2022-01-20T00:00:00
82,Jennifer,Johnson,jennifer.johnson82@brightwavetech.com,BrightWave Tech,Event,Converted,-51,279,799,2024-04-24,2024-03-24T00:00:00
83,Mary,Moore,mary.moore83@databridgecorp.com,DataBridge Corp,Product-Led,Working,61,,,,2024-04-22T00:00:00
84,Joseph,Taylor,joseph.taylor84@streamlineanalytics.com,StreamLine Analytics,Social Media,MQL,77,,,,2021-01-14T00:00:00
85,Jessica,Thomas,jessica.thomas85@innovateco.com,InnovateCo,,Nurture,28,,,,2023-12-14T00:00:00
86,Thomas,Garcia,thomas.garcia86@metasync.com,MetaSync,Social Media,New,65,,,,2023-12-27T00:00:00
87,Barbara,Brown,barbara.brown87@innovateco.com,InnovateCo,Outbound - SDR,Converted,70,114,641,2022-02-06,2021-12-04T00:00:00
88,David,Thompson,david.thompson88@brightwavetech.com,BrightWave Tech,Product-Led,New,56,,,,2020-10-15T00:00:00
89,David,Hernandez,david.hernandez89@vertexai.com,VertexAI,Outbound - Cold,Disqualified,7,,,,2022-12-11T00:00:00
90,Richard,Anderson,richard.anderson90@metasync.com,MetaSync,Outbound - SDR,Disqualified,4,,,,2021-08-30T00:00:00
91,Thomas,Gonzalez,,TechFlow Inc,Partner Referral,Converted,86,3735,171,2024-12-11,2024-09-24T00:00:00
92,Nancy,Rodriguez,nancy.rodriguez92@streamlineanalytics.com,StreamLine Analytics,Social Media,Working,51,,,,2024-04-14T00:00:00
93,Daniel,Garcia,daniel.garcia93@vertexai.com,VertexAI,Inbound - Web,Working,30,,,,2022-08-31T00:00:00
94,Lisa,Taylor,lisa.taylor94@rapidcloud.com,RapidCloud,Social Media,Disqualified,21,,,,2024-10-07T00:00:00
95,Daniel,Martinez,daniel.martinez95@truenorthdata.com,TrueNorth Data,Social Media,SQL,87,,,,2020-07-16T00:00:00
96,Sarah,Anderson,sarah.anderson96@streamlineanalytics.com,StreamLine Analytics,,Converted,71,2405,343,2024-10-30,2024-10-05T00:00:00
97,David,Brown,david.brown97@quantumlogiclabs.com,QuantumLogic Labs,Inbound - Content,Disqualified,17,,,,2021-05-05T00:00:00
98,Robert,Brown,robert.brown98@vertexai.com,VertexAI,Outbound - Cold,New,28,,,,2021-08-09T00:00:00
99,Christopher,Martinez,christopher.martinez99@agiledynamics.com,Agile Dynamics,Paid Search,New,60,,,,2020-02-04T00:00:00
100,Patricia,Martin,patricia.martin100@metasync.com,MetaSync,Product-Led,Working,32,,,,2020-05-07T00:00:00
101,Karen,Davis,karen.davis101@databridgecorp.com,DataBridge Corp,Partner Referral,Disqualified,6,,,,2020-08-23T00:00:00
102,Christopher,Taylor,christopher.taylor102@brightwavetech.com,BrightWave Tech,Paid Search,Nurture,21,,,,2022-05-31T00:00:00
103,Michael,Martin,michael.martin103@quantumlogiclabs.com,QuantumLogic Labs,Inbound - Web,Nurture,15,,,,2021-06-17T00:00:00
104,Barbara,Garcia,barbara.garcia104@techflowinc.com,TechFlow Inc,Social Media,Working,68,,,,2023-09-15T00:00:00
105,Joseph,Miller,joseph.miller105@corestack.com,CoreStack,Outbound - Cold,MQL,51,,,,2024-06-06T00:00:00
106,James,Williams,james.williams106@streamlineanalytics.com,StreamLine Analytics,Product-Led,New,22,,,,2021-11-20T00:00:00
107,James,Thomas,james.thomas107@cloudscalesystems.com,CloudScale Systems,Paid Search,Disqualified,12,,,,2024-04-02T00:00:00
108,John,Rodriguez,john.rodriguez108@metasync.com,MetaSync,Outbound - Cold,Nurture,32,,,,2022-05-18T00:00:00
109,Robert,Thomas,robert.thomas109@agiledynamics.com,Agile Dynamics,,Converted,86,2887,962,2024-02-29,2023-12-24T00:00:00
110,Lisa,Jones,lisa.jones110@futureforge.com,FutureForge,Outbound - Cold,SQL,89,,,,2024-07-07T00:00:00
111,David,Lopez,david.lopez111@cybervault.com,CyberVault,Paid Search,Disqualified,21,,,,2022-12-16T00:00:00
112,Jennifer,Johnson,jennifer.johnson112@nexgensolutions.com,NexGen Solutions,Product-Led,Converted,55,3788,683,2024-05-19,2024-05-10T00:00:00
113,Karen,Thompson,karen.thompson113@metasync.com,MetaSync,Outbound - SDR,Working,47,,,,2023-04-14T00:00:00
114,James,Hernandez,james.hernandez114@metasync.com,MetaSync,Social Media,SQL,67,,,,2021-11-19T00:00:00
115,Elizabeth,Davis,elizabeth.davis115@primepathdigital.com,PrimePath Digital,Paid Search,MQL,53,,,,2023-10-09T00:00:00
116,John,Williams,john.williams116@metasync.com,MetaSync,Inbound - Content,Nurture,36,,,,2023-10-07T00:00:00
117,Sarah,Moore,sarah.moore117@cybervault.com,CyberVault,Social Media,Working,35,,,,2023-04-06T00:00:00
118,James,Wilson,james.wilson118@pulsepointdigital.com,PulsePoint Digital,Outbound - Cold,Working,57,,,,2022-08-25T00:00:00
119,Patricia,Jones,patricia.jones119@agiledynamics.com,Agile Dynamics,Event,Working,42,,,,2024-03-08T00:00:00
120,Jennifer,Smith,jennifer.smith120@rapidcloud.com,RapidCloud,Paid Search,SQL,77,,,,2022-10-01T00:00:00
121,Jennifer,Rodriguez,jennifer.rodriguez121@techflowinc.com,TechFlow Inc,Partner Referral,Nurture,52,,,,2021-06-04T00:00:00
122,William,Davis,william.davis122@cloudscalesystems.com,CloudScale Systems,Product-Led,Converted,85,421,179,2023-07-21,2023-05-24T00:00:00
123,James,Thompson,james.thompson123@agiledynamics.com,Agile Dynamics,Outbound - Cold,MQL,99,,,,2020-10-10T00:00:00
124,William,Lee,william.lee124@databridgecorp.com,DataBridge Corp,Inbound - Web,Converted,67,2891,762,2024-02-09,2023-12-18T00:00:00
125,Lisa,Martin,lisa.martin125@corestack.com,CoreStack,,Converted,98,2353,892,2024-05-29,2024-05-20T00:00:00
126,Robert,Hernandez,robert.hernandez126@streamlineanalytics.com,StreamLine Analytics,Inbound - Web,MQL,79,,,,2024-11-04T00:00:00
127,Barbara,Lee,barbara.lee127@pulsepointdigital.com,PulsePoint Digital,Social Media,MQL,91,,,,2021-08-02T00:00:00
128,Lisa,Anderson,lisa.anderson128@corestack.com,CoreStack,Paid Search,Converted,65,2712,947,2024-10-12,2024-09-09T00:00:00
129,James,Lee,james.lee129@brightwavetech.com,BrightWave Tech,Inbound - Web,SQL,68,,,,2022-06-24T00:00:00
130,Thomas,Brown,thomas.brown130@primepathdigital.com,PrimePath Digital,Social Media,Nurture,20,,,,2024-06-07T00:00:00
131,Christopher,Thompson,christopher.thompson131@scaleupsystems.com,ScaleUp Systems,Inbound - Webinar,Working,61,,,,2023-04-23T00:00:00
132,James,Garcia,james.garcia132@corestack.com,CoreStack,Inbound - Webinar,Disqualified,29,,,,2020-03-09T00:00:00
133,Barbara,Thomas,barbara.thomas133@techflowinc.com,TechFlow Inc,Outbound - SDR,Disqualified,20,,,,2020-06-21T00:00:00
134,Charles,Martinez,charles.martinez134@nexgensolutions.com,NexGen Solutions,,SQL,91,,,,2021-11-18T00:00:00
135,Thomas,Anderson,thomas.anderson135@cloudscalesystems.com,CloudScale Systems,Event,Working,20,,,,2021-02-28T00:00:00
136,Lisa,Hernandez,lisa.hernandez136@cybervault.com,CyberVault,Partner Referral,Converted,68,4821,883,2024-03-13,2024-01-28T00:00:00
137,Sarah,Moore,sarah.moore137@cybervault.com,CyberVault,Outbound - Cold,MQL,67,,,,2024-08-28T00:00:00
138,Michael,Jackson,michael.jackson138@pulsepointdigital.com,PulsePoint Digital,Paid Search,SQL,66,,,,2021-11-15T00:00:00
139,Thomas,Williams,thomas.williams139@pulsepointdigital.com,PulsePoint Digital,Paid Search,New,61,,,,2021-12-01T00:00:00
140,Robert,Martin,robert.martin140@innovateco.com,InnovateCo,Outbound - SDR,Converted,83,4579,372,2022-11-01,2022-09-13T00:00:00
141,Karen,Martin,karen.martin141@agiledynamics.com,Agile Dynamics,Inbound - Web,MQL,96,,,,2022-01-09T00:00:00
142,Charles,Moore,charles.moore142@techflowinc.com,TechFlow Inc,Paid Search,Converted,75,2721,412,2021-07-15,2021-05-11T00:00:00
143,Nancy,Brown,nancy.brown143@metasync.com,MetaSync,Product-Led,SQL,91,,,,2023-12-26T00:00:00
144,Lisa,Thomas,lisa.thomas144@cybervault.com,CyberVault,Product-Led,Converted,71,1302,204,2024-09-27,2024-09-09T00:00:00
145,James,Hernandez,james.hernandez145@cloudscalesystems.com,CloudScale Systems,Paid Search,Converted,87,354,165,2022-02-02,2022-01-27T00:00:00
146,Elizabeth,Rodriguez,elizabeth.rodriguez146@streamlineanalytics.com,StreamLine Analytics,Paid Search,Nurture,-12,,,,2020-07-24T00:00:00
147,Robert,Smith,robert.smith147@nexgensolutions.com,NexGen Solutions,Outbound - Cold,Converted,69,2762,309,2024-09-10,2024-07-03T00:00:00
148,Robert,Hernandez,robert.hernandez148@pulsepointdigital.com,PulsePoint Digital,Inbound - Web,Nurture,41,,,,2023-12-12T00:00:00
149,Robert,Smith,robert.smith149@cloudscalesystems.com,CloudScale Systems,Inbound - Web,Converted,98,3533,594,2024-06-02,2024-05-30T00:00:00
150,Michael,Lee,michael.lee150@nexgensolutions.com,NexGen Solutions,Paid Search,Converted,56,480,567,2024-07-03,2024-06-20T00:00:00
151,Barbara,Martin,barbara.martin151@cybervault.com,CyberVault,Product-Led,Working,22,,,,2021-03-09T00:00:00
152,Richard,Taylor,richard.taylor152@metasync.com,MetaSync,Inbound - Webinar,Working,13,,,,2023-05-12T00:00:00
153,Nancy,Lee,,CyberVault,Product-Led,MQL,99,,,,2020-12-23T00:00:00
154,Elizabeth,Thomas,elizabeth.thomas154@pulsepointdigital.com,PulsePoint Digital,Partner Referral,Converted,78,3293,365,2024-11-03,2024-09-25T00:00:00
155,Patricia,Miller,patricia.miller155@corestack.com,CoreStack,Partner Referral,MQL,80,,,,2022-08-27T00:00:00
156,William,Martinez,william.martinez156@insightplatforms.com,Insight Platforms,Inbound - Webinar,Working,39,,,,2021-04-03T00:00:00
157,Christopher,Wilson,christopher.wilson157@futureforge.com,FutureForge,Paid Search,MQL,60,,,,2023-03-23T00:00:00
158,Sarah,Williams,sarah.williams158@insightplatforms.com,Insight Platforms,Social Media,MQL,100,,,,2020-08-26T00:00:00
159,Jessica,Garcia,jessica.garcia159@truenorthdata.com,TrueNorth Data,Outbound - SDR,Converted,87,1280,631,2024-05-22,2024-03-09T00:00:00
160,Lisa,Davis,lisa.davis160@agiledynamics.com,Agile Dynamics,Paid Search,SQL,64,,,,2024-12-16T00:00:00
161,Patricia,Lopez,patricia.lopez161@insightplatforms.com,Insight Platforms,Event,SQL,63,,,,2024-11-27T00:00:00
162,Daniel,Garcia,daniel.garcia162@rapidcloud.com,RapidCloud,Partner Referral,Disqualified,19,,,,2021-09-24T00:00:00
163,Daniel,Miller,daniel.miller163@primepathdigital.com,PrimePath Digital,Outbound - Cold,New,19,,,,2021-04-01T00:00:00
164,Mary,Martinez,mary.martinez164@rapidcloud.com,RapidCloud,Paid Search,MQL,95,,,,2024-06-09T00:00:00
165,Jennifer,Martin,jennifer.martin165@metasync.com,MetaSync,,Working,11,,,,2024-08-03T00:00:00
166,Daniel,Williams,daniel.williams166@brightwavetech.com,BrightWave Tech,Paid Search,Working,20,,,,2023-07-18T00:00:00
167,Jennifer,Taylor,jennifer.taylor167@vertexai.com,VertexAI,Social Media,Disqualified,14,,,,2020-11-02T00:00:00
168,Sarah,Lee,sarah.lee168@databridgecorp.com,DataBridge Corp,Social Media,New,12,,,,2023-07-12T00:00:00
169,Patricia,Garcia,patricia.garcia169@innovateco.com,InnovateCo,Event,MQL,100,,,,2021-02-18T00:00:00
170,Nancy,Gonzalez,nancy.gonzalez170@quantumlogiclabs.com,QuantumLogic Labs,Inbound - Webinar,New,32,,,,2023-12-28T00:00:00
171,James,Miller,james.miller171@streamlineanalytics.com,StreamLine Analytics,Outbound - SDR,New,57,,,,2024-10-14T00:00:00
172,Joseph,Lopez,joseph.lopez172@databridgecorp.com,DataBridge Corp,Inbound - Web,New,53,,,,2020-09-10T00:00:00
173,Lisa,Thompson,lisa.thompson173@rapidcloud.com,RapidCloud,,New,22,,,,2021-07-21T00:00:00
174,Joseph,Thompson,,CoreStack,Paid Search,Working,21,,,,2024-07-11T00:00:00
175,Thomas,Anderson,thomas.anderson175@techflowinc.com,TechFlow Inc,,MQL,71,,,,2023-05-29T00:00:00
176,Christopher,Rodriguez,christopher.rodriguez176@futureforge.com,FutureForge,Inbound - Web,SQL,82,,,,2021-05-26T00:00:00
177,Nancy,Smith,nancy.smith177@quantumlogiclabs.com,QuantumLogic Labs,Outbound - SDR,Nurture,53,,,,2022-11-05T00:00:00
178,Christopher,Rodriguez,,ScaleUp Systems,Social Media,SQL,62,,,,2021-09-04T00:00:00
179,Mary,Martinez,mary.martinez179@primepathdigital.com,PrimePath Digital,Partner Referral,New,30,,,,2022-10-01T00:00:00
180,Lisa,Taylor,lisa.taylor180@databridgecorp.com,DataBridge Corp,Outbound - SDR,Working,59,,,,2024-12-21T00:00:00
181,Christopher,Hernandez,christopher.hernandez181@primepathdigital.com,PrimePath Digital,,Nurture,34,,,,2024-02-24T00:00:00
182,John,Martinez,john.martinez182@scaleupsystems.com,ScaleUp Systems,Paid Search,New,50,,,,2024-09-22T00:00:00
183,Robert,Moore,robert.moore183@vertexai.com,VertexAI,Social Media,New,49,,,,2020-05-31T00:00:00
184,John,Miller,john.miller184@insightplatforms.com,Insight Platforms,Inbound - Web,Disqualified,21,,,,2021-11-11T00:00:00
185,Karen,Lopez,karen.lopez185@vertexai.com,VertexAI,Paid Search,New,30,,,,2024-10-09T00:00:00
186,Jennifer,Brown,jennifer.brown186@truenorthdata.com,TrueNorth Data,Inbound - Webinar,Nurture,51,,,,2022-07-30T00:00:00
187,Patricia,Gonzalez,patricia.gonzalez187@cloudscalesystems.com,CloudScale Systems,Inbound - Web,Disqualified,24,,,,2024-09-27T00:00:00
188,Richard,Wilson,richard.wilson188@corestack.com,CoreStack,Outbound - Cold,Disqualified,24,,,,2023-09-09T00:00:00
189,Daniel,Thompson,daniel.thompson189@cloudscalesystems.com,CloudScale Systems,Paid Search,MQL,75,,,,2022-01-23T00:00:00
190,David,Anderson,david.anderson190@brightwavetech.com,BrightWave Tech,Social Media,SQL,81,,,,2021-04-20T00:00:00
191,David,Brown,david.brown191@truenorthdata.com,TrueNorth Data,Inbound - Web,Working,41,,,,2022-11-03T00:00:00
192,David,Moore,david.moore192@vertexai.com,VertexAI,Product-Led,New,24,,,,2022-09-06T00:00:00
193,Linda,Martin,linda.martin193@scaleupsystems.com,ScaleUp Systems,Outbound - SDR,MQL,64,,,,2020-02-02T00:00:00
194,Susan,Johnson,susan.johnson194@futureforge.com,FutureForge,Inbound - Webinar,New,33,,,,2020-07-24T00:00:00
195,Daniel,Davis,daniel.davis195@databridgecorp.com,DataBridge Corp,Product-Led,Disqualified,26,,,,2024-08-03T00:00:00
196,Elizabeth,Miller,elizabeth.miller196@quantumlogiclabs.com,QuantumLogic Labs,Outbound - SDR,New,27,,,,2024-04-14T00:00:00
197,Lisa,Williams,lisa.williams197@cloudscalesystems.com,CloudScale Systems,Partner Referral,Nurture,22,,,,2023-06-30T00:00:00
198,Robert,Lopez,robert.lopez198@insightplatforms.com,Insight Platforms,Paid Search,Working,68,,,,2023-07-20T00:00:00
199,Michael,Brown,michael.brown199@insightplatforms.com,Insight Platforms,Inbound - Web,Nurture,38,,,,2022-05-25T00:00:00
200,William,Jones,william.jones200@vertexai.com,VertexAI,Inbound - Content,Working,46,,,,2021-09-22T00:00:00
201,Barbara,Lopez,barbara.lopez201@nexgensolutions.com,NexGen Solutions,Outbound - SDR,Converted,-63,1671,873,2022-04-25,2022-02-20T00:00:00
202,Michael,Anderson,michael.anderson202@techflowinc.com,TechFlow Inc,Inbound - Content,Converted,87,687,233,2024-12-09,2024-10-28T00:00:00
203,Karen,Thomas,karen.thomas203@rapidcloud.com,RapidCloud,,Disqualified,29,,,,2021-05-31T00:00:00
204,Elizabeth,Jones,elizabeth.jones204@nexgensolutions.com,NexGen Solutions,Inbound - Web,Converted,96,2555,936,2023-04-29,2023-02-20T00:00:00
205,Elizabeth,Wilson,elizabeth.wilson205@techflowinc.com,TechFlow Inc,Product-Led,SQL,73,,,,2020-02-24T00:00:00
206,Linda,Jackson,linda.jackson206@databridgecorp.com,DataBridge Corp,Product-Led,New,68,,,,2024-06-07T00:00:00
207,Charles,Rodriguez,charles.rodriguez207@futureforge.com,FutureForge,Paid Search,Converted,65,4927,206,2023-04-21,2023-03-13T00:00:00
208,Christopher,Garcia,christopher.garcia208@scaleupsystems.com,ScaleUp Systems,Paid Search,SQL,73,,,,2021-03-19T00:00:00
209,Patricia,Wilson,patricia.wilson,NexGen Solutions,Product-Led,Converted,58,2295,742,2022-01-18,2021-12-19T00:00:00
210,Richard,Martinez,richard.martinez210@scaleupsystems.com,ScaleUp Systems,Inbound - Content,New,61,,,,2022-08-14T00:00:00
211,Charles,Johnson,charles.johnson211@techflowinc.com,TechFlow Inc,Event,Disqualified,0,,,,2023-09-02T00:00:00
212,David,Anderson,david.anderson212@scaleupsystems.com,ScaleUp Systems,Paid Search,MQL,55,,,,2022-03-22T00:00:00
213,Sarah,Lee,sarah.lee213@truenorthdata.com,TrueNorth Data,Social Media,Working,66,,,,2023-05-02T00:00:00
214,Charles,Rodriguez,charles.rodriguez214@metasync.com,MetaSync,Inbound - Content,Disqualified,10,,,,2021-05-21T00:00:00
215,Elizabeth,Brown,elizabeth.brown215@databridgecorp.com,DataBridge Corp,Outbound - SDR,Disqualified,8,,,,2024-09-04T00:00:00
216,Karen,Johnson,karen.johnson216@rapidcloud.com,RapidCloud,Event,New,62,,,,2023-11-11T00:00:00
217,David,Thomas,david.thomas217@primepathdigital.com,PrimePath Digital,Social Media,New,38,,,,2020-03-18T00:00:00
218,Joseph,Jackson,joseph.jackson218@futureforge.com,FutureForge,Inbound - Webinar,Working,39,,,,2022-01-28T00:00:00
219,Elizabeth,Smith,elizabeth.smith219@vertexai.com,VertexAI,Inbound - Web,SQL,61,,,,2021-06-12T00:00:00
220,Christopher,Hernandez,christopher.hernandez220@rapidcloud.com,RapidCloud,Partner Referral,Working,19,,,,2024-03-22T00:00:00
221,Richard,Moore,richard.moore221@streamlineanalytics.com,StreamLine Analytics,Paid Search,Working,32,,,,2024-11-14T00:00:00
222,Nancy,Davis,nancy.davis222@cloudscalesystems.com,CloudScale Systems,Social Media,MQL,75,,,,2020-04-25T00:00:00
223,Sarah,Wilson,sarah.wilson223@agiledynamics.com,Agile Dynamics,Product-Led,Disqualified,24,,,,2024-01-13T00:00:00
224,Joseph,Gonzalez,joseph.gonzalez224@cloudscalesystems.com,CloudScale Systems,Outbound - SDR,Converted,81,4726,433,2023-01-01,2022-12-03T00:00:00
225,Lisa,Brown,lisa.brown225@brightwavetech.com,BrightWave Tech,Inbound - Web,New,57,,,,2021-06-05T00:00:00
226,Karen,Davis,karen.davis226@quantumlogiclabs.com,QuantumLogic Labs,Inbound - Web,Disqualified,5,,,,2021-04-03T00:00:00
227,Susan,Anderson,susan.anderson227@pulsepointdigital.com,PulsePoint Digital,Social Media,New,56,,,,2021-11-16T00:00:00
228,David,Gonzalez,david.gonzalez228@cybervault.com,CyberVault,Outbound - Cold,Converted,54,1752,692,2023-02-21,2023-01-24T00:00:00
229,Jessica,Gonzalez,jessica.gonzalez229@corestack.com,CoreStack,Paid Search,Working,11,,,,2021-10-03T00:00:00
230,Patricia,Johnson,patricia.johnson230@rapidcloud.com,RapidCloud,Product-Led,MQL,89,,,,2021-11-20T00:00:00
231,Susan,Lopez,susan.lopez231@rapidcloud.com,RapidCloud,Outbound - SDR,SQL,91,,,,2024-04-12T00:00:00
232,Linda,Gonzalez,linda.gonzalez232@metasync.com,MetaSync,Outbound - Cold,Working,24,,,,2022-01-18T00:00:00
233,David,Jackson,david.jackson233@databridgecorp.com,DataBridge Corp,Social Media,New,69,,,,2021-10-27T00:00:00
234,Sarah,Anderson,sarah.anderson234@insightplatforms.com,Insight Platforms,Inbound - Content,Working,51,,,,2024-10-12T00:00:00
235,David,Johnson,david.johnson235@quantumlogiclabs.com,QuantumLogic Labs,Product-Led,MQL,52,,,,2020-12-24T00:00:00
236,Patricia,Jones,patricia.jones236@quantumlogiclabs.com,QuantumLogic Labs,Partner Referral,Working,62,,,,2024-04-17T00:00:00
237,Thomas,Smith,thomas.smith237@streamlineanalytics.com,StreamLine Analytics,Inbound - Webinar,SQL,76,,,,2024-08-19T00:00:00
238,Richard,Garcia,richard.garcia238@innovateco.com,InnovateCo,Partner Referral,MQL,57,,,,2021-11-02T00:00:00
239,Mary,Martin,mary.martin239@brightwavetech.com,BrightWave Tech,Inbound - Web,MQL,61,,,,2021-03-17T00:00:00
240,Thomas,Lopez,thomas.lopez240@quantumlogiclabs.com,QuantumLogic Labs,Inbound - Webinar,Working,47,,,,2021-06-13T00:00:00
241,Charles,Martin,charles.martin241@quantumlogiclabs.com,QuantumLogic Labs,Outbound - Cold,Working,39,,,,2023-02-28T00:00:00
242,Mary,Thomas,mary.thomas242@metasync.com,MetaSync,Product-Led,Converted,98,2255,597,2024-09-17,2024-07-08T00:00:00
243,Charles,Gonzalez,charles.gonzalez243@cloudscalesystems.com,CloudScale Systems,Inbound - Web,Working,48,,,,2021-09-29T00:00:00
244,Nancy,Martin,nancy.martin244@truenorthdata.com,TrueNorth Data,Social Media,SQL,83,,,,2020-03-16T00:00:00
245,Joseph,Jones,joseph.jones245@agiledynamics.com,Agile Dynamics,Event,MQL,59,,,,2022-09-28T00:00:00
246,Thomas,Brown,thomas.brown246@futureforge.com,FutureForge,Outbound - SDR,Disqualified,19,,,,2021-09-04T00:00:00
247,Christopher,Gonzalez,christopher.gonzalez247@nexgensolutions.com,NexGen Solutions,Inbound - Web,Converted,99,3180,396,2023-05-20,2023-04-12T00:00:00
248,Mary,Gonzalez,mary.gonzalez248@futureforge.com,FutureForge,Inbound - Content,Disqualified,19,,,,2022-12-29T00:00:00
249,Susan,Smith,susan.smith249@innovateco.com,InnovateCo,Inbound - Webinar,New,-40,,,,2023-05-25T00:00:00
250,Nancy,Rodriguez,nancy.rodriguez250@rapidcloud.com,RapidCloud,Inbound - Webinar,SQL,59,,,,2024-12-26T00:00:00
251,Christopher,Wilson,christopher.wilson251@nexgensolutions.com,NexGen Solutions,Social Media,SQL,62,,,,2024-12-25T00:00:00
252,Patricia,Thompson,patricia.thompson252@truenorthdata.com,TrueNorth Data,Partner Referral,Nurture,35,,,,2022-10-06T00:00:00
253,Lisa,Williams,lisa.williams253@truenorthdata.com,TrueNorth Data,,SQL,70,,,,2024-07-23T00:00:00
254,Nancy,Garcia,nancy.garcia254@innovateco.com,InnovateCo,Event,Nurture,55,,,,2022-04-04T00:00:00
255,William,Taylor,william.taylor,NexGen Solutions,Paid Search,Converted,83,2671,205,2022-10-08,2022-08-06T00:00:00
256,David,Johnson,david.johnson256@futureforge.com,FutureForge,Outbound - Cold,MQL,58,,,,2020-04-15T00:00:00
257,Sarah,Davis,,Insight Platforms,Event,SQL,83,,,,2024-07-08T00:00:00
258,Patricia,Thomas,patricia.thomas258@cloudscalesystems.com,CloudScale Systems,Paid Search,New,47,,,,2021-03-11T00:00:00
259,Karen,Davis,karen.davis259@primepathdigital.com,PrimePath Digital,Event,Working,49,,,,2021-04-17T00:00:00
260,John,Lopez,john.lopez260@databridgecorp.com,DataBridge Corp,,Converted,80,3685,514,2023-10-31,2023-09-13T00:00:00
261,Nancy,Lee,nancy.lee261@primepathdigital.com,PrimePath Digital,Inbound - Webinar,Working,57,,,,2022-03-16T00:00:00
262,Susan,Lee,susan.lee262@techflowinc.com,TechFlow Inc,Inbound - Web,New,40,,,,2020-01-29T00:00:00
263,Sarah,Lopez,sarah.lopez263@truenorthdata.com,TrueNorth Data,Inbound - Content,New,33,,,,2024-10-11T00:00:00
264,James,Brown,james.brown264@quantumlogiclabs.com,QuantumLogic Labs,Product-Led,Converted,68,4978,488,2024-05-18,2024-05-07T00:00:00
265,Robert,Gonzalez,robert.gonzalez265@rapidcloud.com,RapidCloud,Event,Disqualified,6,,,,2022-07-16T00:00:00
266,Joseph,Taylor,joseph.taylor266@cybervault.com,CyberVault,Product-Led,Converted,84,779,634,2022-11-27,2022-09-02T00:00:00
267,Charles,Garcia,charles.garcia,Agile Dynamics,Inbound - Web,Converted,75,2231,725,2023-06-28,2023-06-09T00:00:00
268,Patricia,Wilson,patricia.wilson268@nexgensolutions.com,NexGen Solutions,Outbound - Cold,MQL,62,,,,2022-08-19T00:00:00
269,Joseph,Wilson,joseph.wilson269@databridgecorp.com,DataBridge Corp,Partner Referral,MQL,73,,,,2023-10-29T00:00:00
270,Patricia,Hernandez,patricia.hernandez270@nexgensolutions.com,NexGen Solutions,Inbound - Web,Converted,86,1078,103,2024-01-23,2024-01-09T00:00:00
271,Christopher,Jones,christopher.jones271@quantumlogiclabs.com,QuantumLogic Labs,Product-Led,Working,15,,,,2022-01-25T00:00:00
272,Sarah,Thomas,sarah.thomas272@futureforge.com,FutureForge,Partner Referral,MQL,60,,,,2021-05-04T00:00:00
273,Patricia,Williams,patricia.williams273@futureforge.com,FutureForge,,Converted,51,1844,395,2024-06-08,2024-04-22T00:00:00
274,Lisa,Miller,lisa.miller274@agiledynamics.com,Agile Dynamics,Inbound - Web,Disqualified,16,,,,2021-04-15T00:00:00
275,Daniel,Jackson,daniel.jackson275@cybervault.com,CyberVault,Inbound - Content,SQL,80,,,,2021-02-02T00:00:00
276,Robert,Brown,,BrightWave Tech,Outbound - Cold,Working,38,,,,2022-09-03T00:00:00
277,Robert,Gonzalez,robert.gonzalez277@futureforge.com,FutureForge,Social Media,Nurture,39,,,,2023-09-08T00:00:00
278,James,Brown,james.brown278@vertexai.com,VertexAI,Inbound - Webinar,Nurture,12,,,,2023-10-24T00:00:00
279,David,Hernandez,david.hernandez279@vertexai.com,VertexAI,Event,Disqualified,18,,,,2022-04-09T00:00:00
280,Thomas,Lopez,thomas.lopez280@rapidcloud.com,RapidCloud,Product-Led,Converted,89,1603,697,2024-12-05,2024-10-28T00:00:00
281,Robert,Gonzalez,robert.gonzalez281@corestack.com,CoreStack,Outbound - Cold,Working,23,,,,2020-09-01T00:00:00
282,Sarah,Thompson,sarah.thompson282@streamlineanalytics.com,StreamLine Analytics,Outbound - Cold,Disqualified,15,,,,2022-10-05T00:00:00
283,Elizabeth,Brown,elizabeth.brown283@brightwavetech.com,BrightWave Tech,Product-Led,Converted,60,2148,455,2024-02-11,2024-01-05T00:00:00
284,Susan,Johnson,susan.johnson284@vertexai.com,VertexAI,Inbound - Webinar,MQL,93,,,,2020-05-08T00:00:00
285,Patricia,Moore,patricia.moore285@cybervault.com,CyberVault,Outbound - Cold,New,68,,,,2022-07-31T00:00:00
286,John,Miller,john.miller286@vertexai.com,VertexAI,Paid Search,Converted,92,512,953,2023-07-01,2023-06-20T00:00:00
287,Mary,Taylor,,TechFlow Inc,Product-Led,Disqualified,-28,,,,2021-09-27T00:00:00
288,Susan,Jackson,susan.jackson288@quantumlogiclabs.com,QuantumLogic Labs,Inbound - Content,SQL,94,,,,2022-11-29T00:00:00
289,James,Martinez,james.martinez289@streamlineanalytics.com,StreamLine Analytics,Event,Converted,57,1120,207,2024-12-15,2024-10-21T00:00:00
290,Elizabeth,Rodriguez,elizabeth.rodriguez290@cybervault.com,CyberVault,Paid Search,MQL,65,,,,2024-05-24T00:00:00
291,Susan,Wilson,susan.wilson291@primepathdigital.com,PrimePath Digital,Inbound - Content,Disqualified,19,,,,2023-02-23T00:00:00
292,Linda,Moore,linda.moore292@scaleupsystems.com,ScaleUp Systems,Outbound - Cold,MQL,56,,,,2022-06-29T00:00:00
293,James,Miller,james.miller293@metasync.com,MetaSync,Inbound - Webinar,Converted,88,16,826,2024-03-19,2024-01-30T00:00:00
294,Jessica,Thompson,jessica.thompson294@brightwavetech.com,BrightWave Tech,Paid Search,Converted,59,1772,35,2022-06-28,2022-06-05T00:00:00
295,Richard,Lee,richard.lee295@vertexai.com,VertexAI,,New,51,,,,2023-04-14T00:00:00
296,Sarah,Martinez,sarah.martinez296@techflowinc.com,TechFlow Inc,,Converted,52,4313,290,2024-10-29,2024-09-01T00:00:00
297,Daniel,Martin,daniel.martin297@truenorthdata.com,TrueNorth Data,Outbound - Cold,MQL,82,,,,2024-09-10T00:00:00
298,Daniel,Jackson,daniel.jackson298@insightplatforms.com,Insight Platforms,Outbound - SDR,SQL,68,,,,2020-02-23T00:00:00
299,Nancy,Anderson,nancy.anderson299@cybervault.com,CyberVault,Social Media,SQL,72,,,,2021-12-29T00:00:00
300,Jennifer,Martin,jennifer.martin300@cloudscalesystems.com,CloudScale Systems,Outbound - Cold,MQL,77,,,,2024-05-23T00:00:00
301,Richard,Smith,richard.smith301@futureforge.com,FutureForge,Outbound - Cold,Working,45,,,,2023-01-06T00:00:00
302,Barbara,Thompson,barbara.thompson302@futureforge.com,FutureForge,Paid Search,SQL,93,,,,2020-06-30T00:00:00
303,Charles,Martinez,charles.martinez303@primepathdigital.com,PrimePath Digital,Event,Disqualified,7,,,,2020-12-05T00:00:00
304,Charles,Anderson,charles.anderson304@nexgensolutions.com,NexGen Solutions,Outbound - Cold,Disqualified,20,,,,2020-02-09T00:00:00
305,William,Williams,william.williams305@streamlineanalytics.com,StreamLine Analytics,Product-Led,Nurture,69,,,,2023-05-27T00:00:00
306,Jennifer,Jackson,jennifer.jackson306@futureforge.com,FutureForge,Paid Search,Working,47,,,,2020-11-29T00:00:00
307,Joseph,Martinez,joseph.martinez307@streamlineanalytics.com,StreamLine Analytics,Outbound - Cold,Nurture,70,,,,2022-09-23T00:00:00
308,Karen,Hernandez,karen.hernandez308@metasync.com,MetaSync,Outbound - SDR,Converted,69,176,601,2024-10-24,2024-09-11T00:00:00
309,David,Lopez,david.lopez309@truenorthdata.com,TrueNorth Data,Event,New,34,,,,2020-12-23T00:00:00
310,Richard,Martin,richard.martin310@cloudscalesystems.com,CloudScale Systems,Inbound - Webinar,New,65,,,,2021-04-04T00:00:00
311,Michael,Williams,michael.williams311@cybervault.com,CyberVault,Inbound - Content,Nurture,52,,,,2024-05-16T00:00:00
312,Jessica,Wilson,jessica.wilson312@techflowinc.com,TechFlow Inc,Outbound - SDR,Disqualified,23,,,,2024-04-02T00:00:00
313,William,Davis,,DataBridge Corp,Outbound - SDR,Disqualified,25,,,,2020-07-18T00:00:00
314,Robert,Martin,robert.martin314@truenorthdata.com,TrueNorth Data,Outbound - Cold,Working,33,,,,2023-05-12T00:00:00
315,Joseph,Jackson,joseph.jackson315@metasync.com,MetaSync,Inbound - Web,Converted,64,3700,241,2024-11-25,2024-11-05T00:00:00
316,Lisa,Jackson,lisa.jackson316@primepathdigital.com,PrimePath Digital,Inbound - Webinar,New,60,,,,2020-08-24T00:00:00
317,David,Jackson,david.jackson317@truenorthdata.com,TrueNorth Data,Product-Led,SQL,60,,,,2021-04-13T00:00:00
318,Daniel,Taylor,daniel.taylor318@agiledynamics.com,Agile Dynamics,Inbound - Webinar,SQL,80,,,,2023-11-20T00:00:00
319,James,Hernandez,james.hernandez319@truenorthdata.com,TrueNorth Data,Social Media,Nurture,63,,,,2024-05-07T00:00:00
320,Joseph,Martinez,joseph.martinez320@insightplatforms.com,Insight Platforms,Inbound - Webinar,Working,36,,,,2023-01-19T00:00:00
321,Michael,Smith,michael.smith321@nexgensolutions.com,NexGen Solutions,Outbound - Cold,MQL,82,,,,2023-11-20T00:00:00
322,Jennifer,Thomas,jennifer.thomas322@cybervault.com,CyberVault,Partner Referral,Working,52,,,,2022-06-13T00:00:00
323,Robert,Martin,robert.martin323@agiledynamics.com,Agile Dynamics,Social Media,New,25,,,,2022-07-31T00:00:00
324,Richard,Wilson,richard.wilson324@scaleupsystems.com,ScaleUp Systems,Partner Referral,Converted,53,4298,724,2024-08-04,2024-05-30T00:00:00
325,Patricia,Taylor,patricia.taylor325@quantumlogiclabs.com,QuantumLogic Labs,Paid Search,New,26,,,,2022-02-20T00:00:00
326,Sarah,Lee,sarah.lee326@scaleupsystems.com,ScaleUp Systems,Outbound - Cold,Converted,71,3702,992,2022-05-30,2022-05-16T00:00:00
327,Daniel,Smith,daniel.smith327@quantumlogiclabs.com,QuantumLogic Labs,Paid Search,Disqualified,20,,,,2023-11-26T00:00:00
328,Linda,Lee,linda.lee328@rapidcloud.com,RapidCloud,Inbound - Web,Working,-58,,,,2022-07-14T00:00:00
329,Jennifer,Lopez,jennifer.lopez329@primepathdigital.com,PrimePath Digital,Product-Led,Converted,52,4848,242,2024-11-29,2024-11-25T00:00:00
330,William,Anderson,william.anderson330@corestack.com,CoreStack,Event,New,23,,,,2022-08-22T00:00:00
331,David,Thompson,david.thompson331@quantumlogiclabs.com,QuantumLogic Labs,Paid Search,Disqualified,0,,,,2023-04-30T00:00:00
332,Michael,Gonzalez,,StreamLine Analytics,Product-Led,Converted,68,2634,600,2024-10-04,2024-07-31T00:00:00
333,David,Lopez,david.lopez333@rapidcloud.com,RapidCloud,Product-Led,Converted,66,3405,549,2023-09-06,2023-06-09T00:00:00
334,Robert,Davis,robert.davis334@cloudscalesystems.com,CloudScale Systems,Inbound - Web,Converted,89,2920,939,2024-04-13,2024-04-01T00:00:00
335,Barbara,Jones,,CloudScale Systems,Paid Search,Converted,52,3213,545,2023-05-31,2023-05-25T00:00:00
336,Richard,Lopez,richard.lopez336@primepathdigital.com,PrimePath Digital,Social Media,Disqualified,23,,,,2023-03-05T00:00:00
337,Patricia,Anderson,patricia.anderson337@pulsepointdigital.com,PulsePoint Digital,Inbound - Content,Nurture,65,,,,2020-08-25T00:00:00
338,Richard,Rodriguez,richard.rodriguez338@techflowinc.com,TechFlow Inc,Inbound - Webinar,Converted,79,3148,199,2024-06-18,2024-03-30T00:00:00
339,Joseph,Thompson,joseph.thompson339@nexgensolutions.com,NexGen Solutions,Outbound - Cold,Working,40,,,,2024-01-20T00:00:00
340,Thomas,Taylor,thomas.taylor340@rapidcloud.com,RapidCloud,Outbound - Cold,Working,42,,,,2021-09-19T00:00:00
341,Sarah,Hernandez,sarah.hernandez341@nexgensolutions.com,NexGen Solutions,Event,MQL,59,,,,2024-05-24T00:00:00
342,Michael,Davis,michael.davis342@scaleupsystems.com,ScaleUp Systems,Outbound - SDR,MQL,71,,,,2022-04-26T00:00:00
343,James,Rodriguez,james.rodriguez343@metasync.com,MetaSync,Paid Search,Converted,51,2167,403,2020-07-11,2020-07-10T00:00:00
344,Charles,Rodriguez,charles.rodriguez344@nexgensolutions.com,NexGen Solutions,Outbound - Cold,New,31,,,,2023-11-01T00:00:00
345,Susan,Moore,susan.moore345@agiledynamics.com,Agile Dynamics,Partner Referral,Working,37,,,,2021-03-03T00:00:00
346,Elizabeth,Taylor,elizabeth.taylor346@techflowinc.com,TechFlow Inc,Inbound - Content,Working,18,,,,2023-10-20T00:00:00
347,Patricia,Thomas,patricia.thomas347@insightplatforms.com,Insight Platforms,Outbound - Cold,New,56,,,,2020-11-23T00:00:00
348,Mary,Jackson,mary.jackson348@brightwavetech.com,BrightWave Tech,Inbound - Webinar,MQL,85,,,,2021-02-01T00:00:00
349,John,Gonzalez,john.gonzalez349@nexgensolutions.com,NexGen Solutions,Outbound - SDR,New,19,,,,2023-08-09T00:00:00
350,Sarah,Thomas,sarah.thomas350@primepathdigital.com,PrimePath Digital,Event,New,16,,,,2023-11-14T00:00:00
351,Daniel,Moore,daniel.moore351@primepathdigital.com,PrimePath Digital,Social Media,Converted,64,867,579,2023-01-20,2023-01-09T00:00:00
352,John,Moore,john.moore352@vertexai.com,VertexAI,Event,MQL,61,,,,2023-04-18T00:00:00
353,Joseph,Jones,joseph.jones353@databridgecorp.com,DataBridge Corp,Social Media,Converted,84,3819,160,2024-01-26,2024-01-10T00:00:00
354,Lisa,Gonzalez,lisa.gonzalez354@databridgecorp.com,DataBridge Corp,Inbound - Content,SQL,85,,,,2021-10-26T00:00:00
355,Jennifer,Moore,jennifer.moore355@techflowinc.com,TechFlow Inc,Event,MQL,74,,,,2020-03-30T00:00:00
356,Joseph,Wilson,joseph.wilson356@metasync.com,MetaSync,Inbound - Web,Working,29,,,,2024-07-03T00:00:00
357,Elizabeth,Taylor,elizabeth.taylor357@rapidcloud.com,RapidCloud,Outbound - SDR,Disqualified,9,,,,2021-11-18T00:00:00
358,Patricia,Brown,patricia.brown358@cybervault.com,CyberVault,Outbound - Cold,Disqualified,4,,,,2020-10-29T00:00:00
359,Patricia,Wilson,patricia.wilson359@agiledynamics.com,Agile Dynamics,Inbound - Web,MQL,73,,,,2021-12-27T00:00:00
360,Joseph,Thomas,joseph.thomas360@vertexai.com,VertexAI,Social Media,Working,51,,,,2022-08-21T00:00:00
361,Richard,Wilson,richard.wilson361@futureforge.com,FutureForge,Inbound - Web,Nurture,19,,,,2023-03-16T00:00:00
362,Karen,Martinez,karen.martinez,CoreStack,Inbound - Webinar,Converted,91,4337,548,2024-12-14,2024-10-19T00:00:00
363,William,Wilson,william.wilson363@metasync.com,MetaSync,Inbound - Content,New,-30,,,,2020-09-15T00:00:00
364,Susan,Jones,susan.jones364@truenorthdata.com,TrueNorth Data,Social Media,MQL,88,,,,2021-12-30T00:00:00
365,Sarah,Williams,sarah.williams365@agiledynamics.com,Agile Dynamics,Event,MQL,85,,,,2021-02-23T00:00:00
366,Christopher,Garcia,christopher.garcia366@rapidcloud.com,RapidCloud,,Disqualified,4,,,,2020-07-17T00:00:00
367,Lisa,Thompson,lisa.thompson367@pulsepointdigital.com,PulsePoint Digital,Product-Led,New,41,,,,2024-04-10T00:00:00
368,Patricia,Smith,patricia.smith368@agiledynamics.com,Agile Dynamics,Partner Referral,SQL,61,,,,2023-08-14T00:00:00
369,Barbara,Thomas,barbara.thomas369@rapidcloud.com,RapidCloud,Inbound - Web,Working,52,,,,2024-05-12T00:00:00
370,Karen,Taylor,,Insight Platforms,Paid Search,Nurture,16,,,,2020-10-15T00:00:00
371,Susan,Williams,susan.williams371@corestack.com,CoreStack,Inbound - Content,Working,63,,,,2020-02-02T00:00:00
372,Thomas,Martinez,thomas.martinez372@streamlineanalytics.com,StreamLine Analytics,Social Media,Disqualified,2,,,,2021-11-01T00:00:00
373,Jessica,Lopez,jessica.lopez373@databridgecorp.com,DataBridge Corp,Product-Led,Nurture,23,,,,2024-08-19T00:00:00
374,Nancy,Hernandez,nancy.hernandez374@agiledynamics.com,Agile Dynamics,Product-Led,MQL,64,,,,2023-07-28T00:00:00
375,Jessica,Wilson,jessica.wilson,BrightWave Tech,Outbound - SDR,MQL,58,,,,2021-10-11T00:00:00
376,Joseph,Wilson,joseph.wilson376@brightwavetech.com,BrightWave Tech,Inbound - Content,New,62,,,,2022-10-18T00:00:00
377,Joseph,Hernandez,joseph.hernandez377@cloudscalesystems.com,CloudScale Systems,Inbound - Content,MQL,74,,,,2021-10-16T00:00:00
378,Michael,Hernandez,michael.hernandez378@cloudscalesystems.com,CloudScale Systems,Outbound - Cold,New,34,,,,2023-05-14T00:00:00
379,Robert,Williams,robert.williams379@futureforge.com,FutureForge,Inbound - Content,Converted,66,1779,754,2024-10-23,2024-09-23T00:00:00
380,Jennifer,Wilson,jennifer.wilson380@streamlineanalytics.com,StreamLine Analytics,Outbound - SDR,Working,64,,,,2024-09-16T00:00:00
381,Daniel,Brown,,Agile Dynamics,Event,Disqualified,25,,,,2020-05-16T00:00:00
382,Karen,Williams,karen.williams382@innovateco.com,InnovateCo,Inbound - Content,Converted,53,2138,366,2024-12-11,2024-11-21T00:00:00
383,Michael,Jackson,michael.jackson383@pulsepointdigital.com,PulsePoint Digital,Inbound - Web,New,68,,,,2021-04-29T00:00:00
384,Richard,Rodriguez,richard.rodriguez384@innovateco.com,InnovateCo,Product-Led,SQL,71,,,,2023-12-02T00:00:00
385,John,Smith,,RapidCloud,Inbound - Web,Disqualified,25,,,,2023-03-22T00:00:00
386,Robert,Lopez,robert.lopez386@vertexai.com,VertexAI,Event,Working,18,,,,2024-07-26T00:00:00
387,Richard,Martin,richard.martin387@brightwavetech.com,BrightWave Tech,Product-Led,Working,29,,,,2023-01-09T00:00:00
388,James,Lee,james.lee388@futureforge.com,FutureForge,Inbound - Content,New,65,,,,2022-11-18T00:00:00
389,Charles,Williams,charles.williams389@nexgensolutions.com,NexGen Solutions,,Converted,81,4686,937,2023-05-30,2023-03-25T00:00:00
390,Linda,Jackson,linda.jackson390@innovateco.com,InnovateCo,Inbound - Web,Working,66,,,,2021-11-14T00:00:00
391,Mary,Martinez,mary.martinez391@databridgecorp.com,DataBridge Corp,Social Media,Working,35,,,,2021-04-14T00:00:00
392,Robert,Lopez,robert.lopez392@agiledynamics.com,Agile Dynamics,Inbound - Content,Disqualified,24,,,,2020-03-10T00:00:00
393,Richard,Moore,richard.moore393@cloudscalesystems.com,CloudScale Systems,Outbound - Cold,New,52,,,,2022-04-12T00:00:00
394,Barbara,Smith,barbara.smith394@techflowinc.com,TechFlow Inc,Inbound - Content,New,41,,,,2024-02-09T00:00:00
395,Patricia,Johnson,patricia.johnson395@quantumlogiclabs.com,QuantumLogic Labs,Product-Led,Converted,61,646,313,2024-09-23,2024-08-22T00:00:00
396,Jennifer,Thomas,jennifer.thomas396@databridgecorp.com,DataBridge Corp,Outbound - Cold,Disqualified,0,,,,2024-02-29T00:00:00
397,Daniel,Williams,daniel.williams397@corestack.com,CoreStack,Social Media,Nurture,14,,,,2024-06-10T00:00:00
398,Christopher,Moore,christopher.moore398@agiledynamics.com,Agile Dynamics,Inbound - Webinar,Nurture,52,,,,2023-05-07T00:00:00
399,Jessica,Martin,jessica.martin399@corestack.com,CoreStack,Paid Search,Working,54,,,,2021-12-18T00:00:00
400,Nancy,Williams,nancy.williams400@metasync.com,MetaSync,Outbound - SDR,Working,62,,,,2022-09-18T00:00:00
401,Sarah,Garcia,sarah.garcia401@agiledynamics.com,Agile Dynamics,Outbound - SDR,Disqualified,2,,,,2024-07-12T00:00:00
402,David,Garcia,david.garcia402@nexgensolutions.com,NexGen Solutions,Product-Led,Disqualified,0,,,,2020-05-14T00:00:00
403,Michael,Wilson,michael.wilson403@agiledynamics.com,Agile Dynamics,Inbound - Content,SQL,60,,,,2022-07-08T00:00:00
404,Mary,Brown,mary.brown404@corestack.com,CoreStack,Paid Search,MQL,66,,,,2022-11-30T00:00:00
405,Jessica,Gonzalez,jessica.gonzalez405@streamlineanalytics.com,StreamLine Analytics,Inbound - Web,Converted,86,105,461,2023-08-06,2023-05-31T00:00:00
406,Daniel,Gonzalez,daniel.gonzalez406@quantumlogiclabs.com,QuantumLogic Labs,Event,New,53,,,,2021-03-06T00:00:00
407,Robert,Jones,robert.jones407@streamlineanalytics.com,StreamLine Analytics,Inbound - Webinar,SQL,94,,,,2021-01-06T00:00:00
408,Elizabeth,Johnson,elizabeth.johnson408@innovateco.com,InnovateCo,Inbound - Web,New,11,,,,2021-11-08T00:00:00
409,Jennifer,Jones,jennifer.jones409@truenorthdata.com,TrueNorth Data,Inbound - Content,MQL,63,,,,2023-01-04T00:00:00
410,Karen,Moore,karen.moore410@corestack.com,CoreStack,Event,Disqualified,15,,,,2023-06-25T00:00:00
411,Richard,Lee,richard.lee411@brightwavetech.com,BrightWave Tech,Outbound - Cold,Working,41,,,,2021-08-13T00:00:00
412,Linda,Lopez,linda.lopez,StreamLine Analytics,Inbound - Webinar,Working,18,,,,2022-07-09T00:00:00
413,Jennifer,Taylor,,BrightWave Tech,Inbound - Web,Working,47,,,,2021-07-12T00:00:00
414,Nancy,Rodriguez,nancy.rodriguez414@nexgensolutions.com,NexGen Solutions,Product-Led,Converted,82,4949,654,2024-03-02,2024-02-15T00:00:00
415,Elizabeth,Lee,elizabeth.lee415@databridgecorp.com,DataBridge Corp,Event,MQL,100,,,,2020-06-20T00:00:00
416,Richard,Brown,richard.brown416@metasync.com,MetaSync,Event,Converted,62,1338,492,2023-11-21,2023-11-21T00:00:00
417,Patricia,Lopez,patricia.lopez417@truenorthdata.com,TrueNorth Data,Paid Search,Nurture,70,,,,2024-01-25T00:00:00
418,Lisa,Thompson,lisa.thompson418@techflowinc.com,TechFlow Inc,Product-Led,Converted,72,3422,483,2024-04-20,2024-03-02T00:00:00
419,Joseph,Williams,joseph.williams419@futureforge.com,FutureForge,Product-Led,Working,43,,,,2020-02-15T00:00:00
420,Christopher,Brown,christopher.brown420@scaleupsystems.com,ScaleUp Systems,Product-Led,Converted,55,1337,333,2024-02-17,2024-01-12T00:00:00
421,Joseph,Gonzalez,joseph.gonzalez421@scaleupsystems.com,ScaleUp Systems,Event,Converted,50,4662,441,2022-02-28,2022-02-09T00:00:00
422,Richard,Hernandez,richard.hernandez422@techflowinc.com,TechFlow Inc,Event,Nurture,70,,,,2020-02-14T00:00:00
423,Elizabeth,Lopez,elizabeth.lopez423@scaleupsystems.com,ScaleUp Systems,Partner Referral,Converted,-50,2101,600,2023-11-04,2023-08-26T00:00:00
424,Karen,Moore,karen.moore424@rapidcloud.com,RapidCloud,Partner Referral,Converted,50,2260,684,2024-12-11,2024-09-24T00:00:00
425,David,Lee,david.lee425@cloudscalesystems.com,CloudScale Systems,Paid Search,Nurture,13,,,,2020-09-08T00:00:00
426,Thomas,Brown,thomas.brown426@truenorthdata.com,TrueNorth Data,Event,MQL,99,,,,2022-03-03T00:00:00
427,Mary,Wilson,mary.wilson427@innovateco.com,InnovateCo,Partner Referral,Working,69,,,,2021-08-23T00:00:00
428,Linda,Martin,,CoreStack,Inbound - Content,SQL,85,,,,2020-05-22T00:00:00
429,Richard,Martin,richard.martin429@vertexai.com,VertexAI,Paid Search,Working,42,,,,2020-06-09T00:00:00
430,Jennifer,Brown,jennifer.brown430@pulsepointdigital.com,PulsePoint Digital,Inbound - Web,New,66,,,,2021-02-22T00:00:00
431,Richard,Taylor,richard.taylor431@corestack.com,CoreStack,Social Media,Nurture,20,,,,2022-10-24T00:00:00
432,Christopher,Anderson,christopher.anderson432@quantumlogiclabs.com,QuantumLogic Labs,Outbound - Cold,Nurture,31,,,,2020-02-28T00:00:00
433,Richard,Hernandez,richard.hernandez,CyberVault,Partner Referral,Nurture,69,,,,2024-03-24T00:00:00
434,William,Smith,william.smith434@techflowinc.com,TechFlow Inc,Inbound - Webinar,MQL,54,,,,2021-10-30T00:00:00
435,Robert,Smith,robert.smith435@insightplatforms.com,Insight Platforms,Event,Disqualified,0,,,,2020-08-14T00:00:00
436,Patricia,Johnson,patricia.johnson436@scaleupsystems.com,ScaleUp Systems,Partner Referral,New,26,,,,2020-09-06T00:00:00
437,Elizabeth,Johnson,elizabeth.johnson437@agiledynamics.com,Agile Dynamics,Inbound - Webinar,MQL,98,,,,2022-01-28T00:00:00
438,Sarah,Rodriguez,sarah.rodriguez438@techflowinc.com,TechFlow Inc,Partner Referral,Converted,65,3387,300,2024-05-28,2024-04-18T00:00:00
439,Sarah,Jackson,sarah.jackson439@nexgensolutions.com,NexGen Solutions,Outbound - Cold,MQL,90,,,,2022-04-17T00:00:00
440,James,Davis,james.davis440@insightplatforms.com,Insight Platforms,Paid Search,SQL,61,,,,2022-09-05T00:00:00
441,Patricia,Rodriguez,patricia.rodriguez441@pulsepointdigital.com,PulsePoint Digital,Inbound - Content,MQL,70,,,,2024-03-07T00:00:00
442,Patricia,Brown,patricia.brown442@cloudscalesystems.com,CloudScale Systems,Paid Search,MQL,72,,,,2024-03-14T00:00:00
443,Sarah,Anderson,sarah.anderson443@databridgecorp.com,DataBridge Corp,Product-Led,SQL,99,,,,2024-11-15T00:00:00
444,Jennifer,Garcia,jennifer.garcia444@streamlineanalytics.com,StreamLine Analytics,Social Media,Working,68,,,,2023-08-11T00:00:00
445,Jessica,Martinez,jessica.martinez445@cloudscalesystems.com,CloudScale Systems,Event,New,44,,,,2024-10-13T00:00:00
446,Sarah,Thomas,sarah.thomas446@rapidcloud.com,RapidCloud,Paid Search,MQL,50,,,,2022-10-19T00:00:00
447,Sarah,Anderson,sarah.anderson447@metasync.com,MetaSync,Inbound - Webinar,New,62,,,,2022-11-10T00:00:00
448,Jennifer,Anderson,jennifer.anderson448@metasync.com,MetaSync,Outbound - SDR,New,27,,,,2020-07-15T00:00:00
449,James,Martinez,james.martinez449@vertexai.com,VertexAI,Inbound - Content,SQL,54,,,,2021-09-20T00:00:00
450,Christopher,Taylor,christopher.taylor450@pulsepointdigital.com,PulsePoint Digital,Social Media,New,60,,,,2024-07-13T00:00:00
451,Karen,Lee,karen.lee451@metasync.com,MetaSync,Outbound - SDR,Working,47,,,,2024-03-03T00:00:00
452,Christopher,Taylor,,FutureForge,Inbound - Web,New,30,,,,2022-06-15T00:00:00
453,Elizabeth,Martin,elizabeth.martin453@scaleupsystems.com,ScaleUp Systems,Partner Referral,Converted,95,219,300,2024-11-13,2024-09-24T00:00:00
454,Mary,Hernandez,mary.hernandez454@pulsepointdigital.com,PulsePoint Digital,Partner Referral,Working,57,,,,2021-04-22T00:00:00
455,Jessica,Williams,jessica.williams455@scaleupsystems.com,ScaleUp Systems,Outbound - SDR,New,39,,,,2024-06-25T00:00:00
456,Barbara,Jackson,barbara.jackson456@vertexai.com,VertexAI,Social Media,Disqualified,13,,,,2024-02-13T00:00:00
457,David,Miller,david.miller457@agiledynamics.com,Agile Dynamics,Inbound - Content,New,43,,,,2024-08-06T00:00:00
458,Jessica,Jackson,jessica.jackson458@rapidcloud.com,RapidCloud,Inbound - Content,New,51,,,,2024-02-26T00:00:00
459,Karen,Martinez,karen.martinez459@rapidcloud.com,RapidCloud,Product-Led,Nurture,13,,,,2023-12-07T00:00:00
460,Mary,Lopez,mary.lopez460@nexgensolutions.com,NexGen Solutions,Inbound - Web,MQL,86,,,,2020-11-20T00:00:00
461,David,Wilson,david.wilson461@cybervault.com,CyberVault,Social Media,SQL,72,,,,2024-06-27T00:00:00
462,Robert,Gonzalez,robert.gonzalez462@cloudscalesystems.com,CloudScale Systems,Partner Referral,Converted,95,4547,345,2024-09-29,2024-09-07T00:00:00
463,Christopher,Brown,christopher.brown463@rapidcloud.com,RapidCloud,Outbound - SDR,Nurture,19,,,,2023-09-22T00:00:00
464,William,Jones,william.jones464@brightwavetech.com,BrightWave Tech,Social Media,Converted,75,2846,588,2024-10-02,2024-07-23T00:00:00
465,Sarah,Lee,sarah.lee465@innovateco.com,InnovateCo,Social Media,New,41,,,,2021-06-09T00:00:00
466,Charles,Garcia,charles.garcia466@metasync.com,MetaSync,Inbound - Content,SQL,56,,,,2020-10-15T00:00:00
467,Richard,Jones,richard.jones,ScaleUp Systems,Inbound - Webinar,Converted,88,3210,443,2024-12-16,2024-12-09T00:00:00
468,Linda,Moore,linda.moore468@techflowinc.com,TechFlow Inc,Paid Search,Disqualified,15,,,,2022-05-01T00:00:00
469,Elizabeth,Martinez,elizabeth.martinez469@rapidcloud.com,RapidCloud,Product-Led,SQL,76,,,,2021-08-24T00:00:00
470,Linda,Thompson,linda.thompson470@truenorthdata.com,TrueNorth Data,Inbound - Content,MQL,50,,,,2021-10-07T00:00:00
471,Elizabeth,Rodriguez,elizabeth.rodriguez471@corestack.com,CoreStack,Paid Search,New,31,,,,2021-12-08T00:00:00
472,Robert,Moore,robert.moore472@agiledynamics.com,Agile Dynamics,Paid Search,MQL,90,,,,2020-08-17T00:00:00
473,Elizabeth,Thomas,elizabeth.thomas473@brightwavetech.com,BrightWave Tech,Inbound - Web,Disqualified,21,,,,2020-09-20T00:00:00
474,Mary,Hernandez,,QuantumLogic Labs,Outbound - SDR,Disqualified,25,,,,2020-08-15T00:00:00
475,Charles,Johnson,charles.johnson475@vertexai.com,VertexAI,Social Media,MQL,91,,,,2022-01-21T00:00:00
476,Mary,Jones,mary.jones476@techflowinc.com,TechFlow Inc,Inbound - Webinar,Nurture,26,,,,2022-12-26T00:00:00
477,Nancy,Rodriguez,nancy.rodriguez,VertexAI,Inbound - Content,Nurture,38,,,,2023-12-31T00:00:00
478,Patricia,Williams,patricia.williams478@corestack.com,CoreStack,Product-Led,Disqualified,13,,,,2022-01-19T00:00:00
479,Elizabeth,Garcia,elizabeth.garcia479@nexgensolutions.com,NexGen Solutions,Social Media,Disqualified,4,,,,2020-11-20T00:00:00
480,Robert,Lee,robert.lee480@corestack.com,CoreStack,Inbound - Content,New,22,,,,2023-10-07T00:00:00
481,Daniel,Moore,daniel.moore481@insightplatforms.com,Insight Platforms,Inbound - Web,Disqualified,17,,,,2021-04-30T00:00:00
482,Joseph,Miller,joseph.miller482@nexgensolutions.com,NexGen Solutions,Paid Search,Converted,69,141,894,2023-08-26,2023-07-14T00:00:00
483,Daniel,Martin,daniel.martin483@agiledynamics.com,Agile Dynamics,Outbound - SDR,Disqualified,17,,,,2023-06-26T00:00:00
484,Sarah,Johnson,sarah.johnson484@cybervault.com,CyberVault,,Converted,98,131,301,2024-06-07,2024-04-29T00:00:00
485,Robert,Davis,robert.davis485@quantumlogiclabs.com,QuantumLogic Labs,Inbound - Webinar,Converted,88,1099,679,2022-12-08,2022-11-18T00:00:00
486,Joseph,Thompson,joseph.thompson486@pulsepointdigital.com,PulsePoint Digital,Inbound - Webinar,SQL,100,,,,2024-02-13T00:00:00
487,Sarah,Jones,sarah.jones487@corestack.com,CoreStack,Partner Referral,Converted,76,4485,655,2024-11-06,2024-09-01T00:00:00
488,Charles,Miller,charles.miller488@primepathdigital.com,PrimePath Digital,,MQL,77,,,,2020-06-26T00:00:00
489,Patricia,Martin,patricia.martin489@innovateco.com,InnovateCo,Inbound - Content,Converted,-65,1436,514,2021-01-15,2020-12-23T00:00:00
490,David,Williams,david.williams490@vertexai.com,VertexAI,Inbound - Web,Converted,67,875,763,2023-08-09,2023-07-18T00:00:00
491,Nancy,Anderson,nancy.anderson491@brightwavetech.com,BrightWave Tech,Inbound - Content,Converted,50,1865,384,2024-11-09,2024-11-03T00:00:00
492,David,Brown,david.brown492@cybervault.com,CyberVault,Outbound - SDR,New,38,,,,2020-04-20T00:00:00
493,Linda,Wilson,linda.wilson493@cybervault.com,CyberVault,Social Media,New,44,,,,2024-04-20T00:00:00
494,Christopher,Thomas,christopher.thomas494@streamlineanalytics.com,StreamLine Analytics,Product-Led,Converted,78,4749,882,2024-08-04,2024-06-18T00:00:00
495,Patricia,Davis,patricia.davis495@corestack.com,CoreStack,Partner Referral,Nurture,14,,,,2023-10-08T00:00:00
496,Christopher,Brown,christopher.brown496@nexgensolutions.com,NexGen Solutions,Inbound - Webinar,Converted,90,4552,808,2023-07-05,2023-06-06T00:00:00
497,Michael,Thomas,michael.thomas497@cloudscalesystems.com,CloudScale Systems,Event,Disqualified,6,,,,2024-03-30T00:00:00
498,Joseph,Gonzalez,joseph.gonzalez498@agiledynamics.com,Agile Dynamics,Inbound - Webinar,Disqualified,13,,,,2023-12-16T00:00:00
499,James,Taylor,james.taylor499@innovateco.com,InnovateCo,Inbound - Webinar,Disqualified,23,,,,2020-06-13T00:00:00
500,Barbara,Jackson,barbara.jackson500@scaleupsystems.com,ScaleUp Systems,Paid Search,Disqualified,16,,,,2023-01-30T00:00:00
501,Daniel,Williams,daniel.williams501@quantumlogiclabs.com,QuantumLogic Labs,,New,51,,,,2021-07-01T00:00:00
502,Jessica,Martin,jessica.martin502@innovateco.com,InnovateCo,Product-Led,Converted,71,3412,867,2023-08-01,2023-06-03T00:00:00
503,Robert,Martinez,robert.martinez503@truenorthdata.com,TrueNorth Data,Inbound - Content,Converted,89,2924,814,2022-07-28,2022-07-11T00:00:00
504,Karen,Johnson,karen.johnson504@primepathdigital.com,PrimePath Digital,Social Media,New,38,,,,2021-03-19T00:00:00
505,Elizabeth,Smith,elizabeth.smith505@databridgecorp.com,DataBridge Corp,Event,SQL,67,,,,2024-08-04T00:00:00
506,Elizabeth,Hernandez,elizabeth.hernandez506@streamlineanalytics.com,StreamLine Analytics,Outbound - Cold,Nurture,54,,,,2021-06-06T00:00:00
507,Christopher,Gonzalez,christopher.gonzalez507@quantumlogiclabs.com,QuantumLogic Labs,Outbound - Cold,Converted,54,3280,947,2024-12-04,2024-11-04T00:00:00
508,John,Williams,john.williams508@streamlineanalytics.com,StreamLine Analytics,Inbound - Webinar,Converted,61,3550,928,2023-12-05,2023-11-16T00:00:00
509,Elizabeth,Thompson,elizabeth.thompson509@primepathdigital.com,PrimePath Digital,Inbound - Content,Converted,84,4994,937,2021-10-04,2021-08-02T00:00:00
510,Richard,Jackson,richard.jackson510@scaleupsystems.com,ScaleUp Systems,Paid Search,MQL,96,,,,2023-07-23T00:00:00
511,Charles,Williams,charles.williams511@insightplatforms.com,Insight Platforms,Product-Led,SQL,91,,,,2023-03-19T00:00:00
512,John,Wilson,john.wilson512@streamlineanalytics.com,StreamLine Analytics,Outbound - Cold,New,70,,,,2021-02-27T00:00:00
513,Patricia,Williams,patricia.williams513@scaleupsystems.com,ScaleUp Systems,Product-Led,MQL,-65,,,,2022-03-28T00:00:00
514,Jennifer,Moore,jennifer.moore514@brightwavetech.com,BrightWave Tech,Inbound - Webinar,Converted,84,3386,168,2023-03-18,2023-02-05T00:00:00
515,Susan,Martin,susan.martin515@techflowinc.com,TechFlow Inc,Inbound - Content,MQL,50,,,,2021-12-07T00:00:00
516,Daniel,Rodriguez,,CloudScale Systems,Inbound - Content,Converted,75,3136,811,2024-12-02,2024-09-08T00:00:00
517,Jennifer,Anderson,jennifer.anderson517@futureforge.com,FutureForge,Product-Led,Converted,77,4066,477,2022-07-24,2022-05-12T00:00:00
518,Linda,Wilson,linda.wilson518@techflowinc.com,TechFlow Inc,Paid Search,New,59,,,,2020-02-27T00:00:00
519,Elizabeth,Johnson,elizabeth.johnson519@primepathdigital.com,PrimePath Digital,Product-Led,Converted,56,4169,735,2022-02-21,2022-02-06T00:00:00
520,Richard,Smith,richard.smith520@insightplatforms.com,Insight Platforms,Partner Referral,Working,30,,,,2023-11-12T00:00:00
521,Daniel,Jones,daniel.jones521@primepathdigital.com,PrimePath Digital,Product-Led,MQL,99,,,,2022-08-11T00:00:00
522,Michael,Davis,,VertexAI,Social Media,MQL,70,,,,2020-07-01T00:00:00
523,Charles,Wilson,charles.wilson523@insightplatforms.com,Insight Platforms,Inbound - Content,Nurture,35,,,,2022-12-20T00:00:00
524,James,Lee,james.lee524@databridgecorp.com,DataBridge Corp,Inbound - Webinar,Converted,94,3956,867,2022-05-29,2022-04-10T00:00:00
525,Robert,Moore,robert.moore525@quantumlogiclabs.com,QuantumLogic Labs,Social Media,MQL,100,,,,2024-03-08T00:00:00
526,Jennifer,Brown,jennifer.brown526@pulsepointdigital.com,PulsePoint Digital,Partner Referral,Converted,58,1064,318,2023-04-28,2023-04-16T00:00:00
527,Lisa,Johnson,lisa.johnson527@cloudscalesystems.com,CloudScale Systems,Product-Led,Nurture,32,,,,2022-05-23T00:00:00
528,Sarah,Jones,sarah.jones528@truenorthdata.com,TrueNorth Data,Inbound - Webinar,Nurture,17,,,,2022-05-10T00:00:00
529,Lisa,Davis,lisa.davis,NexGen Solutions,Outbound - Cold,SQL,86,,,,2022-08-10T00:00:00
530,Karen,Miller,karen.miller530@rapidcloud.com,RapidCloud,Product-Led,MQL,67,,,,2022-06-07T00:00:00
531,Daniel,Hernandez,daniel.hernandez531@pulsepointdigital.com,PulsePoint Digital,Inbound - Web,SQL,65,,,,2020-05-06T00:00:00
532,Robert,Martinez,robert.martinez532@quantumlogiclabs.com,QuantumLogic Labs,Inbound - Webinar,Disqualified,23,,,,2022-09-06T00:00:00
533,Susan,Rodriguez,susan.rodriguez533@streamlineanalytics.com,StreamLine Analytics,Inbound - Web,Disqualified,21,,,,2022-08-18T00:00:00
534,William,Martinez,william.martinez534@insightplatforms.com,Insight Platforms,Event,Disqualified,8,,,,2020-09-23T00:00:00
535,Linda,Thompson,linda.thompson535@truenorthdata.com,TrueNorth Data,Partner Referral,MQL,79,,,,2023-11-27T00:00:00
536,Susan,Gonzalez,susan.gonzalez536@futureforge.com,FutureForge,Product-Led,Disqualified,6,,,,2023-10-30T00:00:00
537,Sarah,Garcia,sarah.garcia537@pulsepointdigital.com,PulsePoint Digital,Outbound - SDR,MQL,97,,,,2021-03-12T00:00:00
538,Sarah,Garcia,sarah.garcia,Insight Platforms,Inbound - Web,MQL,69,,,,2022-09-29T00:00:00
539,Michael,Smith,michael.smith539@nexgensolutions.com,NexGen Solutions,Inbound - Web,Working,66,,,,2022-10-16T00:00:00
540,Charles,Lee,charles.lee540@quantumlogiclabs.com,QuantumLogic Labs,Inbound - Webinar,MQL,57,,,,2024-09-15T00:00:00
541,Charles,Rodriguez,charles.rodriguez541@scaleupsystems.com,ScaleUp Systems,Inbound - Content,Disqualified,23,,,,2024-03-18T00:00:00
542,Richard,Miller,richard.miller542@techflowinc.com,TechFlow Inc,Event,Disqualified,25,,,,2020-08-24T00:00:00
543,Charles,Gonzalez,charles.gonzalez543@innovateco.com,InnovateCo,Event,New,24,,,,2023-11-26T00:00:00
544,Lisa,Williams,lisa.williams544@cloudscalesystems.com,CloudScale Systems,Product-Led,Converted,70,903,336,2023-04-03,2023-02-11T00:00:00
545,Jessica,Lee,jessica.lee545@databridgecorp.com,DataBridge Corp,Inbound - Content,New,59,,,,2020-06-24T00:00:00
546,Michael,Thomas,michael.thomas546@streamlineanalytics.com,StreamLine Analytics,Product-Led,Converted,81,4350,882,2024-10-19,2024-08-28T00:00:00
547,Barbara,Lopez,barbara.lopez547@streamlineanalytics.com,StreamLine Analytics,Inbound - Content,Working,29,,,,2024-10-04T00:00:00
548,Michael,Johnson,michael.johnson548@cybervault.com,CyberVault,Partner Referral,Converted,65,1564,843,2024-09-01,2024-06-25T00:00:00
549,Nancy,Anderson,nancy.anderson549@truenorthdata.com,TrueNorth Data,Paid Search,MQL,72,,,,2024-09-05T00:00:00
550,Robert,Davis,robert.davis550@techflowinc.com,TechFlow Inc,Event,Disqualified,28,,,,2021-10-18T00:00:00
551,Christopher,Johnson,christopher.johnson551@brightwavetech.com,BrightWave Tech,Partner Referral,SQL,85,,,,2024-12-09T00:00:00
552,John,Lee,john.lee552@corestack.com,CoreStack,Event,MQL,52,,,,2022-06-13T00:00:00
553,Jessica,Davis,jessica.davis553@scaleupsystems.com,ScaleUp Systems,Social Media,SQL,98,,,,2024-08-05T00:00:00
554,Christopher,Wilson,christopher.wilson554@futureforge.com,FutureForge,Paid Search,SQL,74,,,,2020-03-05T00:00:00
555,Jessica,Martinez,jessica.martinez555@truenorthdata.com,TrueNorth Data,Inbound - Content,Working,50,,,,2022-02-14T00:00:00
556,Robert,Williams,robert.williams556@primepathdigital.com,PrimePath Digital,Outbound - Cold,MQL,70,,,,2023-02-24T00:00:00
557,Sarah,Miller,sarah.miller557@databridgecorp.com,DataBridge Corp,Paid Search,Converted,51,2822,441,2022-02-15,2021-11-26T00:00:00
558,John,Williams,,VertexAI,Social Media,New,42,,,,2022-07-09T00:00:00
559,Susan,Taylor,susan.taylor559@nexgensolutions.com,NexGen Solutions,Outbound - SDR,Working,66,,,,2023-06-16T00:00:00
560,Barbara,Anderson,barbara.anderson560@cloudscalesystems.com,CloudScale Systems,Outbound - SDR,Working,53,,,,2024-05-06T00:00:00
561,Patricia,Taylor,patricia.taylor561@insightplatforms.com,Insight Platforms,Outbound - Cold,Disqualified,15,,,,2020-09-11T00:00:00
562,Nancy,Brown,nancy.brown562@databridgecorp.com,DataBridge Corp,Inbound - Content,New,69,,,,2020-04-03T00:00:00
563,Linda,Gonzalez,linda.gonzalez563@scaleupsystems.com,ScaleUp Systems,Paid Search,Nurture,39,,,,2022-12-01T00:00:00
564,Karen,Gonzalez,karen.gonzalez564@agiledynamics.com,Agile Dynamics,Outbound - Cold,Disqualified,6,,,,2022-02-01T00:00:00
565,Jessica,Lopez,jessica.lopez,StreamLine Analytics,Event,Working,68,,,,2024-09-30T00:00:00
566,Linda,Taylor,linda.taylor566@futureforge.com,FutureForge,Inbound - Web,Working,53,,,,2023-10-18T00:00:00
567,Charles,Martin,charles.martin567@nexgensolutions.com,NexGen Solutions,Inbound - Content,Converted,84,2959,493,2024-02-02,2024-01-28T00:00:00
568,Richard,Gonzalez,richard.gonzalez568@agiledynamics.com,Agile Dynamics,Social Media,Working,14,,,,2021-10-23T00:00:00
569,Jessica,Williams,jessica.williams569@techflowinc.com,TechFlow Inc,Inbound - Web,New,28,,,,2020-05-23T00:00:00
570,Mary,Taylor,mary.taylor570@nexgensolutions.com,NexGen Solutions,Event,Disqualified,14,,,,2022-01-17T00:00:00
571,Mary,Garcia,mary.garcia571@quantumlogiclabs.com,QuantumLogic Labs,Inbound - Content,MQL,95,,,,2024-04-10T00:00:00
572,Linda,Garcia,linda.garcia572@pulsepointdigital.com,PulsePoint Digital,Event,MQL,95,,,,2020-05-01T00:00:00
573,William,Jackson,william.jackson573@metasync.com,MetaSync,Product-Led,Converted,51,287,586,2024-05-17,2024-02-25T00:00:00
574,Richard,Brown,richard.brown574@corestack.com,CoreStack,Partner Referral,Disqualified,18,,,,2022-03-07T00:00:00
575,Jessica,Brown,jessica.brown575@innovateco.com,InnovateCo,Inbound - Webinar,Nurture,18,,,,2023-09-17T00:00:00
576,Lisa,Hernandez,lisa.hernandez576@cloudscalesystems.com,CloudScale Systems,Event,Nurture,20,,,,2022-08-26T00:00:00
577,Susan,Miller,susan.miller577@innovateco.com,InnovateCo,Paid Search,Disqualified,11,,,,2020-04-24T00:00:00
578,Patricia,Lee,patricia.lee578@databridgecorp.com,DataBridge Corp,Inbound - Web,Nurture,59,,,,2020-06-10T00:00:00
579,John,Davis,john.davis579@streamlineanalytics.com,StreamLine Analytics,Inbound - Webinar,Working,29,,,,2021-03-23T00:00:00
580,Daniel,Wilson,daniel.wilson,PulsePoint Digital,Product-Led,Converted,71,3838,972,2024-06-01,2024-05-02T00:00:00
581,Christopher,Miller,christopher.miller581@quantumlogiclabs.com,QuantumLogic Labs,Inbound - Webinar,New,64,,,,2022-06-08T00:00:00
582,Daniel,Thompson,daniel.thompson582@cloudscalesystems.com,CloudScale Systems,Event,MQL,55,,,,2020-11-05T00:00:00
583,Nancy,Anderson,nancy.anderson583@pulsepointdigital.com,PulsePoint Digital,Outbound - SDR,Working,38,,,,2023-11-16T00:00:00
584,David,Garcia,david.garcia584@agiledynamics.com,Agile Dynamics,Event,Disqualified,24,,,,2024-07-25T00:00:00
585,Susan,Miller,susan.miller585@brightwavetech.com,BrightWave Tech,Event,Converted,67,1767,353,2024-10-07,2024-08-27T00:00:00
586,David,Hernandez,david.hernandez586@scaleupsystems.com,ScaleUp Systems,Outbound - SDR,MQL,100,,,,2021-05-14T00:00:00
587,Joseph,Davis,,VertexAI,Inbound - Webinar,Working,48,,,,2023-09-14T00:00:00
588,Elizabeth,Garcia,,Agile Dynamics,Paid Search,New,46,,,,2024-03-11T00:00:00
589,William,Jackson,william.jackson589@rapidcloud.com,RapidCloud,Outbound - SDR,Working,50,,,,2021-03-31T00:00:00
590,Jessica,Smith,jessica.smith590@agiledynamics.com,Agile Dynamics,Inbound - Content,Disqualified,5,,,,2022-08-16T00:00:00
591,Jennifer,Wilson,jennifer.wilson591@truenorthdata.com,TrueNorth Data,Outbound - Cold,Nurture,15,,,,2022-09-17T00:00:00
592,Richard,Smith,richard.smith592@primepathdigital.com,PrimePath Digital,Event,Converted,50,125,264,2024-12-01,2024-09-28T00:00:00
593,Patricia,Hernandez,patricia.hernandez593@brightwavetech.com,BrightWave Tech,Partner Referral,New,58,,,,2021-10-13T00:00:00
594,Mary,Thomas,mary.thomas594@agiledynamics.com,Agile Dynamics,Paid Search,Disqualified,-16,,,,2020-03-05T00:00:00
595,Jessica,Williams,jessica.williams595@nexgensolutions.com,NexGen Solutions,Social Media,Converted,82,2125,279,2024-09-04,2024-06-18T00:00:00
596,Christopher,Garcia,christopher.garcia596@cloudscalesystems.com,CloudScale Systems,Social Media,Disqualified,16,,,,2024-11-05T00:00:00
597,Sarah,Lee,sarah.lee597@brightwavetech.com,BrightWave Tech,Inbound - Web,Working,64,,,,2020-06-09T00:00:00
598,Lisa,Johnson,,CloudScale Systems,Social Media,Working,64,,,,2023-12-06T00:00:00
599,Robert,Garcia,robert.garcia599@quantumlogiclabs.com,QuantumLogic Labs,Outbound - Cold,Converted,85,4046,419,2023-06-24,2023-04-25T00:00:00
600,Lisa,Hernandez,lisa.hernandez600@cloudscalesystems.com,CloudScale Systems,Event,Disqualified,9,,,,2024-01-21T00:00:00
601,Nancy,Jones,nancy.jones601@corestack.com,CoreStack,Inbound - Content,Nurture,45,,,,2021-01-19T00:00:00
602,Nancy,Davis,nancy.davis602@innovateco.com,InnovateCo,Outbound - SDR,New,51,,,,2024-06-19T00:00:00
603,Mary,Hernandez,mary.hernandez603@truenorthdata.com,TrueNorth Data,Product-Led,Disqualified,22,,,,2020-11-14T00:00:00
604,Mary,Johnson,mary.johnson604@pulsepointdigital.com,PulsePoint Digital,Event,Working,13,,,,2021-07-07T00:00:00
605,Charles,Smith,charles.smith605@primepathdigital.com,PrimePath Digital,Outbound - SDR,Working,19,,,,2020-05-24T00:00:00
606,William,Williams,william.williams606@brightwavetech.com,BrightWave Tech,Inbound - Content,Nurture,33,,,,2020-07-10T00:00:00
607,Charles,Lee,,MetaSync,Inbound - Content,MQL,-52,,,,2024-06-05T00:00:00
608,Richard,Taylor,richard.taylor608@cloudscalesystems.com,CloudScale Systems,Social Media,MQL,90,,,,2023-07-31T00:00:00
609,Thomas,Williams,thomas.williams609@quantumlogiclabs.com,QuantumLogic Labs,Paid Search,Disqualified,4,,,,2024-06-30T00:00:00
610,Joseph,Lee,joseph.lee610@brightwavetech.com,BrightWave Tech,Product-Led,Working,46,,,,2023-04-11T00:00:00
611,Jessica,Brown,jessica.brown611@corestack.com,CoreStack,Event,New,13,,,,2020-05-29T00:00:00
612,Christopher,Smith,christopher.smith612@scaleupsystems.com,ScaleUp Systems,Social Media,Disqualified,5,,,,2024-03-04T00:00:00
613,Linda,Jones,linda.jones613@streamlineanalytics.com,StreamLine Analytics,Outbound - SDR,Working,32,,,,2020-10-22T00:00:00
614,Sarah,Miller,sarah.miller614@databridgecorp.com,DataBridge Corp,Partner Referral,Nurture,61,,,,2023-11-17T00:00:00
615,Susan,Gonzalez,susan.gonzalez615@innovateco.com,InnovateCo,Inbound - Web,New,59,,,,2024-03-25T00:00:00
616,Michael,Jones,michael.jones616@corestack.com,CoreStack,Inbound - Web,Working,51,,,,2021-06-06T00:00:00
617,Elizabeth,Wilson,elizabeth.wilson617@vertexai.com,VertexAI,Inbound - Webinar,Working,21,,,,2022-02-16T00:00:00
618,Thomas,Johnson,thomas.johnson618@agiledynamics.com,Agile Dynamics,Inbound - Web,Converted,76,453,826,2024-02-17,2024-01-25T00:00:00
619,Daniel,Taylor,daniel.taylor,StreamLine Analytics,Product-Led,Converted,69,3705,344,2024-09-02,2024-08-04T00:00:00
620,Robert,Thompson,robert.thompson620@databridgecorp.com,DataBridge Corp,Inbound - Web,Working,52,,,,2021-04-12T00:00:00
621,James,Johnson,james.johnson621@agiledynamics.com,Agile Dynamics,Inbound - Web,SQL,67,,,,2022-05-10T00:00:00
622,Susan,Anderson,susan.anderson622@vertexai.com,VertexAI,Inbound - Content,Disqualified,20,,,,2021-01-27T00:00:00
623,Jessica,Martin,jessica.martin623@scaleupsystems.com,ScaleUp Systems,Event,Working,42,,,,2023-11-03T00:00:00
624,Jennifer,Martinez,jennifer.martinez624@truenorthdata.com,TrueNorth Data,Social Media,New,51,,,,2023-01-15T00:00:00
625,David,Jackson,david.jackson625@truenorthdata.com,TrueNorth Data,Inbound - Content,MQL,83,,,,2023-05-13T00:00:00
626,Jennifer,Wilson,jennifer.wilson626@quantumlogiclabs.com,QuantumLogic Labs,Event,Working,37,,,,2020-06-01T00:00:00
627,Mary,Garcia,mary.garcia627@nexgensolutions.com,NexGen Solutions,,MQL,63,,,,2021-03-18T00:00:00
628,Robert,Lopez,,CloudScale Systems,Inbound - Webinar,Converted,69,4803,100,2023-11-05,2023-11-08T00:00:00
629,Linda,Hernandez,linda.hernandez629@truenorthdata.com,TrueNorth Data,Social Media,Disqualified,27,,,,2024-06-16T00:00:00
630,John,Martin,john.martin630@innovateco.com,InnovateCo,Outbound - Cold,Nurture,24,,,,2024-03-01T00:00:00
631,James,Thompson,james.thompson631@pulsepointdigital.com,PulsePoint Digital,Product-Led,Converted,87,2002,352,2024-02-02,2023-11-27T00:00:00
632,John,Martin,john.martin632@innovateco.com,InnovateCo,Inbound - Web,New,48,,,,2022-12-23T00:00:00
633,Mary,Martin,mary.martin633@scaleupsystems.com,ScaleUp Systems,Outbound - Cold,Disqualified,8,,,,2023-05-31T00:00:00
634,Elizabeth,Wilson,elizabeth.wilson634@streamlineanalytics.com,StreamLine Analytics,Inbound - Webinar,MQL,50,,,,2024-05-18T00:00:00
635,John,Lee,john.lee635@innovateco.com,InnovateCo,Product-Led,SQL,71,,,,2020-04-28T00:00:00
636,Robert,Wilson,robert.wilson,VertexAI,Outbound - Cold,Working,58,,,,2022-01-30T00:00:00
637,Joseph,Davis,joseph.davis637@streamlineanalytics.com,StreamLine Analytics,Social Media,SQL,76,,,,2021-07-31T00:00:00
638,Lisa,Martin,lisa.martin638@cybervault.com,CyberVault,Outbound - SDR,MQL,57,,,,2023-01-29T00:00:00
639,Thomas,Jackson,thomas.jackson639@corestack.com,CoreStack,Product-Led,Nurture,33,,,,2024-10-21T00:00:00
640,Richard,Brown,richard.brown640@vertexai.com,VertexAI,Paid Search,Converted,92,3709,730,2024-03-28,2024-03-21T00:00:00
641,John,Taylor,john.taylor641@cybervault.com,CyberVault,Paid Search,Converted,88,633,307,2024-11-07,2024-10-21T00:00:00
642,William,Miller,william.miller642@scaleupsystems.com,ScaleUp Systems,Product-Led,Working,43,,,,2024-09-23T00:00:00
643,Michael,Lee,michael.lee643@truenorthdata.com,TrueNorth Data,Inbound - Web,New,48,,,,2020-03-23T00:00:00
644,Lisa,Brown,lisa.brown644@futureforge.com,FutureForge,Social Media,New,-42,,,,2020-12-05T00:00:00
645,David,Anderson,david.anderson645@innovateco.com,InnovateCo,Partner Referral,Working,14,,,,2022-08-15T00:00:00
646,John,Brown,john.brown646@brightwavetech.com,BrightWave Tech,Partner Referral,Nurture,66,,,,2024-01-16T00:00:00
647,Nancy,Brown,nancy.brown647@quantumlogiclabs.com,QuantumLogic Labs,Product-Led,New,34,,,,2022-06-18T00:00:00
648,Robert,Williams,robert.williams648@quantumlogiclabs.com,QuantumLogic Labs,Event,SQL,73,,,,2022-07-22T00:00:00
649,Mary,Anderson,mary.anderson649@nexgensolutions.com,NexGen Solutions,Inbound - Webinar,SQL,81,,,,2023-10-06T00:00:00
650,Patricia,Jackson,patricia.jackson650@vertexai.com,VertexAI,Inbound - Content,Converted,55,4605,51,2024-10-13,2024-08-06T00:00:00
651,Joseph,Wilson,joseph.wilson651@techflowinc.com,TechFlow Inc,Social Media,New,63,,,,2021-02-11T00:00:00
652,Barbara,Martinez,barbara.martinez652@pulsepointdigital.com,PulsePoint Digital,Outbound - Cold,Working,30,,,,2023-07-15T00:00:00
653,Linda,Wilson,linda.wilson,VertexAI,Outbound - SDR,SQL,83,,,,2024-09-15T00:00:00
654,John,Brown,john.brown654@insightplatforms.com,Insight Platforms,Inbound - Content,Disqualified,8,,,,2024-10-13T00:00:00
655,Karen,Anderson,karen.anderson655@metasync.com,MetaSync,Event,New,41,,,,2024-05-10T00:00:00
656,Karen,Brown,karen.brown656@techflowinc.com,TechFlow Inc,Partner Referral,MQL,91,,,,2021-03-09T00:00:00
657,David,Johnson,david.johnson657@cybervault.com,CyberVault,Product-Led,Nurture,48,,,,2020-08-22T00:00:00
658,Karen,Hernandez,karen.hernandez658@corestack.com,CoreStack,Inbound - Content,MQL,66,,,,2023-04-25T00:00:00
659,David,Martin,david.martin659@streamlineanalytics.com,StreamLine Analytics,Paid Search,Converted,81,4237,51,2024-07-17,2024-06-04T00:00:00
660,Thomas,Miller,thomas.miller660@quantumlogiclabs.com,QuantumLogic Labs,Partner Referral,Working,31,,,,2020-08-19T00:00:00
661,Robert,Smith,robert.smith661@techflowinc.com,TechFlow Inc,Inbound - Webinar,Nurture,31,,,,2022-06-15T00:00:00
662,Jennifer,Thomas,jennifer.thomas662@techflowinc.com,TechFlow Inc,Product-Led,Disqualified,0,,,,2021-03-07T00:00:00
663,Susan,Garcia,susan.garcia663@databridgecorp.com,DataBridge Corp,Social Media,MQL,53,,,,2024-07-05T00:00:00
664,Thomas,Rodriguez,thomas.rodriguez664@cloudscalesystems.com,CloudScale Systems,Inbound - Webinar,Working,53,,,,2024-12-12T00:00:00
665,James,Garcia,james.garcia665@agiledynamics.com,Agile Dynamics,Outbound - SDR,MQL,96,,,,2022-03-10T00:00:00
666,Susan,Davis,susan.davis666@truenorthdata.com,TrueNorth Data,,Working,18,,,,2023-08-09T00:00:00
667,Jessica,Martinez,jessica.martinez667@insightplatforms.com,Insight Platforms,Inbound - Content,MQL,97,,,,2024-06-18T00:00:00
668,Nancy,Brown,nancy.brown668@techflowinc.com,TechFlow Inc,Paid Search,SQL,-72,,,,2022-08-04T00:00:00
669,Jennifer,Williams,jennifer.williams669@metasync.com,MetaSync,Product-Led,SQL,82,,,,2022-06-28T00:00:00
670,Richard,Moore,richard.moore670@pulsepointdigital.com,PulsePoint Digital,Outbound - SDR,Disqualified,21,,,,2021-04-08T00:00:00
671,Karen,Martinez,karen.martinez671@vertexai.com,VertexAI,Inbound - Content,Disqualified,9,,,,2020-02-17T00:00:00
672,Linda,Davis,linda.davis672@brightwavetech.com,BrightWave Tech,Paid Search,Converted,81,4507,626,2024-11-16,2024-11-15T00:00:00
673,John,Davis,john.davis673@futureforge.com,FutureForge,Outbound - SDR,Working,37,,,,2023-12-28T00:00:00
674,Jessica,Thomas,jessica.thomas674@cybervault.com,CyberVault,Paid Search,MQL,74,,,,2020-02-06T00:00:00
675,Elizabeth,Davis,elizabeth.davis675@techflowinc.com,TechFlow Inc,Outbound - SDR,New,54,,,,2022-10-24T00:00:00
676,David,Wilson,david.wilson676@quantumlogiclabs.com,QuantumLogic Labs,Social Media,Disqualified,10,,,,2023-06-02T00:00:00
677,John,Anderson,,RapidCloud,Inbound - Content,MQL,93,,,,2022-09-15T00:00:00
678,Patricia,Jones,patricia.jones678@primepathdigital.com,PrimePath Digital,Paid Search,Disqualified,20,,,,2020-06-10T00:00:00
679,Robert,Jones,robert.jones679@nexgensolutions.com,NexGen Solutions,Outbound - Cold,Disqualified,15,,,,2024-02-26T00:00:00
680,John,Martin,john.martin680@insightplatforms.com,Insight Platforms,Event,MQL,65,,,,2023-09-09T00:00:00
681,Michael,Martin,michael.martin681@techflowinc.com,TechFlow Inc,Product-Led,Working,46,,,,2020-09-14T00:00:00
682,James,Jackson,james.jackson682@insightplatforms.com,Insight Platforms,Product-Led,Converted,77,402,601,2022-10-13,2022-09-03T00:00:00
683,Jessica,Brown,jessica.brown683@innovateco.com,InnovateCo,Inbound - Web,Converted,100,2637,20,2024-02-07,2024-01-18T00:00:00
684,James,Anderson,james.anderson684@scaleupsystems.com,ScaleUp Systems,Event,Nurture,28,,,,2023-09-08T00:00:00
685,Nancy,Hernandez,nancy.hernandez685@streamlineanalytics.com,StreamLine Analytics,Partner Referral,SQL,82,,,,2020-07-12T00:00:00
686,Lisa,Martinez,lisa.martinez686@cloudscalesystems.com,CloudScale Systems,Social Media,Working,11,,,,2021-05-31T00:00:00
687,Michael,Anderson,michael.anderson687@techflowinc.com,TechFlow Inc,Product-Led,SQL,79,,,,2024-04-12T00:00:00
688,Charles,Jones,charles.jones688@nexgensolutions.com,NexGen Solutions,Inbound - Content,New,61,,,,2024-05-30T00:00:00
689,Linda,Miller,linda.miller689@scaleupsystems.com,ScaleUp Systems,Outbound - Cold,Nurture,38,,,,2021-10-26T00:00:00
690,Richard,Thomas,richard.thomas690@rapidcloud.com,RapidCloud,Partner Referral,SQL,82,,,,2020-08-19T00:00:00
691,Michael,Davis,michael.davis691@cloudscalesystems.com,CloudScale Systems,Inbound - Webinar,New,30,,,,2024-11-03T00:00:00
692,Elizabeth,Lee,elizabeth.lee692@innovateco.com,InnovateCo,Product-Led,MQL,86,,,,2023-09-23T00:00:00
693,Joseph,Martinez,joseph.martinez693@cloudscalesystems.com,CloudScale Systems,Inbound - Webinar,Converted,91,1356,482,2023-12-08,2023-10-28T00:00:00
694,Susan,Jackson,susan.jackson694@scaleupsystems.com,ScaleUp Systems,Partner Referral,Converted,100,1400,991,2024-10-20,2024-10-26T00:00:00
695,Jennifer,Brown,jennifer.brown695@pulsepointdigital.com,PulsePoint Digital,,MQL,77,,,,2024-04-12T00:00:00
696,Michael,Lee,michael.lee696@corestack.com,CoreStack,Inbound - Web,Converted,94,2284,490,2022-02-05,2022-02-02T00:00:00
697,James,Martin,james.martin697@techflowinc.com,TechFlow Inc,Product-Led,Working,35,,,,2020-03-21T00:00:00
698,Barbara,Wilson,,PrimePath Digital,Inbound - Webinar,Converted,78,2790,714,2024-04-03,2024-01-09T00:00:00
699,David,Moore,david.moore699@cloudscalesystems.com,CloudScale Systems,Outbound - SDR,Nurture,40,,,,2021-07-16T00:00:00
700,William,Garcia,william.garcia700@cybervault.com,CyberVault,Product-Led,Converted,72,1733,892,2024-06-17,2024-05-31T00:00:00
701,Patricia,Moore,patricia.moore701@nexgensolutions.com,NexGen Solutions,Product-Led,SQL,75,,,,2020-07-24T00:00:00
702,Nancy,Anderson,nancy.anderson702@futureforge.com,FutureForge,Event,New,46,,,,2020-05-23T00:00:00
703,Elizabeth,Hernandez,elizabeth.hernandez703@quantumlogiclabs.com,QuantumLogic Labs,Outbound - SDR,New,67,,,,2024-04-16T00:00:00
704,Daniel,Jones,daniel.jones704@cloudscalesystems.com,CloudScale Systems,Product-Led,Converted,95,3016,484,2023-03-21,2023-01-01T00:00:00
705,Charles,Lee,charles.lee705@cybervault.com,CyberVault,Event,SQL,52,,,,2021-12-16T00:00:00
706,Patricia,Rodriguez,patricia.rodriguez706@techflowinc.com,TechFlow Inc,Social Media,New,32,,,,2024-09-26T00:00:00
707,Karen,Brown,karen.brown707@futureforge.com,FutureForge,Product-Led,SQL,92,,,,2021-10-06T00:00:00
708,Michael,Lee,michael.lee708@quantumlogiclabs.com,QuantumLogic Labs,Paid Search,Working,38,,,,2020-09-12T00:00:00
709,Mary,Jones,mary.jones709@pulsepointdigital.com,PulsePoint Digital,Product-Led,Converted,71,3744,468,2021-04-23,2021-03-11T00:00:00
710,Michael,Jackson,michael.jackson710@scaleupsystems.com,ScaleUp Systems,Social Media,Nurture,11,,,,2023-06-19T00:00:00
711,Jennifer,Hernandez,,VertexAI,Outbound - SDR,Converted,75,4282,327,2024-03-29,2024-01-26T00:00:00
712,John,Davis,john.davis712@nexgensolutions.com,NexGen Solutions,Outbound - Cold,Working,70,,,,2021-11-07T00:00:00
713,Daniel,Davis,daniel.davis713@nexgensolutions.com,NexGen Solutions,Social Media,MQL,61,,,,2023-05-18T00:00:00
714,Linda,Johnson,linda.johnson714@techflowinc.com,TechFlow Inc,Outbound - Cold,Nurture,58,,,,2021-01-27T00:00:00
715,Daniel,Gonzalez,daniel.gonzalez715@cloudscalesystems.com,CloudScale Systems,Inbound - Web,Nurture,26,,,,2024-07-09T00:00:00
716,Michael,Moore,michael.moore716@cloudscalesystems.com,CloudScale Systems,Partner Referral,New,35,,,,2023-04-03T00:00:00
717,Charles,Jackson,charles.jackson717@nexgensolutions.com,NexGen Solutions,Inbound - Web,Disqualified,8,,,,2021-10-26T00:00:00
718,Linda,Garcia,linda.garcia718@streamlineanalytics.com,StreamLine Analytics,Outbound - SDR,Working,54,,,,2020-01-13T00:00:00
719,Thomas,Wilson,thomas.wilson719@vertexai.com,VertexAI,Paid Search,New,17,,,,2022-08-02T00:00:00
720,Robert,Hernandez,,RapidCloud,Inbound - Webinar,New,63,,,,2021-12-10T00:00:00
721,David,Gonzalez,david.gonzalez,DataBridge Corp,Outbound - Cold,SQL,74,,,,2021-04-07T00:00:00
722,Mary,Martin,mary.martin722@cloudscalesystems.com,CloudScale Systems,Outbound - Cold,MQL,51,,,,2020-06-29T00:00:00
723,Susan,Thompson,susan.thompson723@corestack.com,CoreStack,Inbound - Webinar,Nurture,57,,,,2022-12-02T00:00:00
724,Richard,Gonzalez,richard.gonzalez724@nexgensolutions.com,NexGen Solutions,Partner Referral,Nurture,45,,,,2022-10-04T00:00:00
725,Barbara,Smith,,PulsePoint Digital,Outbound - Cold,New,17,,,,2023-01-15T00:00:00
726,Mary,Moore,mary.moore726@pulsepointdigital.com,PulsePoint Digital,Outbound - Cold,Converted,76,2934,505,2024-12-24,2024-12-03T00:00:00
727,Thomas,Garcia,thomas.garcia727@insightplatforms.com,Insight Platforms,Paid Search,New,47,,,,2024-03-28T00:00:00
728,Thomas,Jackson,thomas.jackson728@pulsepointdigital.com,PulsePoint Digital,Inbound - Content,Working,39,,,,2024-07-13T00:00:00
729,Nancy,Taylor,nancy.taylor729@databridgecorp.com,DataBridge Corp,Product-Led,New,-12,,,,2023-05-20T00:00:00
730,Jessica,Lopez,,CoreStack,Inbound - Content,Nurture,18,,,,2021-10-23T00:00:00
731,Linda,Jones,linda.jones731@cybervault.com,CyberVault,Paid Search,Converted,74,1794,344,2024-10-08,2024-08-30T00:00:00
732,Barbara,Taylor,barbara.taylor732@vertexai.com,VertexAI,Inbound - Content,Disqualified,3,,,,2022-05-25T00:00:00
733,Joseph,Hernandez,joseph.hernandez733@vertexai.com,VertexAI,Outbound - Cold,Disqualified,0,,,,2020-06-12T00:00:00
734,Thomas,Jones,thomas.jones734@pulsepointdigital.com,PulsePoint Digital,Inbound - Web,MQL,51,,,,2021-03-12T00:00:00
735,Michael,Martinez,michael.martinez735@innovateco.com,InnovateCo,Paid Search,SQL,77,,,,2020-06-10T00:00:00
736,Joseph,Wilson,joseph.wilson736@brightwavetech.com,BrightWave Tech,Product-Led,Converted,99,604,816,2023-07-24,2023-05-04T00:00:00
737,Nancy,Martin,nancy.martin737@agiledynamics.com,Agile Dynamics,,SQL,53,,,,2023-05-29T00:00:00
738,Richard,Martinez,richard.martinez738@truenorthdata.com,TrueNorth Data,Inbound - Webinar,New,32,,,,2022-05-03T00:00:00
739,Nancy,Martin,nancy.martin,NexGen Solutions,Partner Referral,Converted,66,4758,843,2024-09-16,2024-09-06T00:00:00
740,Richard,Hernandez,richard.hernandez740@primepathdigital.com,PrimePath Digital,Inbound - Webinar,Converted,59,4062,159,2022-02-07,2021-11-27T00:00:00
741,James,Anderson,james.anderson741@scaleupsystems.com,ScaleUp Systems,Inbound - Webinar,Disqualified,15,,,,2022-07-20T00:00:00
742,Susan,Taylor,susan.taylor742@nexgensolutions.com,NexGen Solutions,Partner Referral,MQL,79,,,,2024-06-20T00:00:00
743,Linda,Taylor,linda.taylor743@vertexai.com,VertexAI,Inbound - Web,Disqualified,8,,,,2022-04-10T00:00:00
744,Charles,Jackson,charles.jackson744@metasync.com,MetaSync,Paid Search,New,60,,,,2024-02-01T00:00:00
745,Joseph,Taylor,joseph.taylor745@insightplatforms.com,Insight Platforms,Social Media,Nurture,50,,,,2020-02-23T00:00:00
746,Robert,Jackson,robert.jackson746@brightwavetech.com,BrightWave Tech,Paid Search,SQL,93,,,,2021-03-19T00:00:00
747,Charles,Anderson,charles.anderson747@scaleupsystems.com,ScaleUp Systems,Event,New,45,,,,2022-03-17T00:00:00
748,Patricia,Taylor,patricia.taylor748@techflowinc.com,TechFlow Inc,Inbound - Content,Converted,-86,1498,249,2023-12-19,2023-11-22T00:00:00
749,Charles,Johnson,charles.johnson749@quantumlogiclabs.com,QuantumLogic Labs,Paid Search,SQL,60,,,,2021-06-20T00:00:00
750,William,Wilson,william.wilson750@pulsepointdigital.com,PulsePoint Digital,Product-Led,Converted,69,3508,905,2024-05-29,2024-04-18T00:00:00
751,William,Lopez,william.lopez751@insightplatforms.com,Insight Platforms,Partner Referral,Working,56,,,,2022-07-01T00:00:00
752,Mary,Smith,mary.smith752@scaleupsystems.com,ScaleUp Systems,Event,New,34,,,,2023-10-01T00:00:00
753,David,Williams,david.williams753@agiledynamics.com,Agile Dynamics,Inbound - Webinar,Working,-44,,,,2020-12-11T00:00:00
754,Michael,Anderson,michael.anderson754@cybervault.com,CyberVault,Inbound - Webinar,Working,32,,,,2024-07-27T00:00:00
755,James,Anderson,james.anderson755@vertexai.com,VertexAI,Inbound - Web,New,35,,,,2024-12-13T00:00:00
756,Elizabeth,Taylor,elizabeth.taylor756@pulsepointdigital.com,PulsePoint Digital,Social Media,Nurture,28,,,,2024-06-11T00:00:00
757,Patricia,Jones,patricia.jones757@pulsepointdigital.com,PulsePoint Digital,,New,32,,,,2020-03-18T00:00:00
758,Daniel,Jackson,daniel.jackson758@metasync.com,MetaSync,Inbound - Web,New,42,,,,2020-01-01T00:00:00
759,Linda,Brown,linda.brown759@nexgensolutions.com,NexGen Solutions,Outbound - Cold,Converted,100,171,245,2024-12-29,2024-10-31T00:00:00
760,Sarah,Lee,,MetaSync,Social Media,Converted,56,1562,839,2024-12-01,2024-09-23T00:00:00
761,Karen,Davis,karen.davis761@quantumlogiclabs.com,QuantumLogic Labs,,New,15,,,,2021-02-21T00:00:00
762,Linda,Jackson,linda.jackson762@brightwavetech.com,BrightWave Tech,Outbound - Cold,Disqualified,15,,,,2021-06-18T00:00:00
763,John,Lee,john.lee763@streamlineanalytics.com,StreamLine Analytics,Outbound - SDR,SQL,82,,,,2024-11-13T00:00:00
764,Michael,Moore,michael.moore764@streamlineanalytics.com,StreamLine Analytics,Event,Working,23,,,,2020-08-20T00:00:00
765,Jennifer,Williams,jennifer.williams765@streamlineanalytics.com,StreamLine Analytics,Inbound - Web,Disqualified,17,,,,2020-06-26T00:00:00
766,Charles,Rodriguez,charles.rodriguez766@brightwavetech.com,BrightWave Tech,Paid Search,MQL,75,,,,2021-11-21T00:00:00
767,Jessica,Lopez,jessica.lopez767@primepathdigital.com,PrimePath Digital,Partner Referral,MQL,100,,,,2024-03-19T00:00:00
768,Robert,Jackson,robert.jackson768@quantumlogiclabs.com,QuantumLogic Labs,Outbound - Cold,Disqualified,22,,,,2023-07-30T00:00:00
769,Christopher,Jackson,christopher.jackson769@futureforge.com,FutureForge,Paid Search,SQL,74,,,,2023-03-16T00:00:00
770,Richard,Brown,richard.brown770@cybervault.com,CyberVault,Inbound - Content,Converted,91,150,311,2023-04-09,2023-01-19T00:00:00
771,Barbara,Taylor,barbara.taylor771@insightplatforms.com,Insight Platforms,Outbound - Cold,Disqualified,22,,,,2021-01-16T00:00:00
772,Nancy,Anderson,nancy.anderson772@quantumlogiclabs.com,QuantumLogic Labs,Inbound - Content,Converted,92,4077,163,2022-07-12,2022-06-18T00:00:00
773,Nancy,Thompson,nancy.thompson773@agiledynamics.com,Agile Dynamics,Inbound - Content,Converted,73,2428,787,2023-11-04,2023-10-04T00:00:00
774,Karen,Thompson,karen.thompson774@streamlineanalytics.com,StreamLine Analytics,Paid Search,Disqualified,30,,,,2022-09-02T00:00:00
775,Robert,Gonzalez,,PulsePoint Digital,Product-Led,New,68,,,,2024-09-24T00:00:00
776,Richard,Rodriguez,richard.rodriguez776@innovateco.com,InnovateCo,Social Media,Working,19,,,,2024-06-27T00:00:00
777,David,Hernandez,david.hernandez777@corestack.com,CoreStack,Product-Led,Converted,63,187,193,2024-08-29,2024-08-04T00:00:00
778,Linda,Miller,linda.miller778@primepathdigital.com,PrimePath Digital,Outbound - SDR,Disqualified,24,,,,2024-02-02T00:00:00
779,Sarah,Garcia,sarah.garcia779@quantumlogiclabs.com,QuantumLogic Labs,Inbound - Webinar,MQL,100,,,,2022-08-28T00:00:00
780,Karen,Hernandez,karen.hernandez780@truenorthdata.com,TrueNorth Data,Event,Converted,70,1580,811,2024-06-09,2024-06-07T00:00:00
781,Joseph,Thomas,joseph.thomas781@truenorthdata.com,TrueNorth Data,Inbound - Web,MQL,93,,,,2020-11-01T00:00:00
782,Charles,Thomas,charles.thomas782@agiledynamics.com,Agile Dynamics,Inbound - Content,Working,46,,,,2024-04-25T00:00:00
783,James,Hernandez,james.hernandez783@truenorthdata.com,TrueNorth Data,Product-Led,Nurture,57,,,,2020-03-26T00:00:00
784,William,Thomas,william.thomas784@truenorthdata.com,TrueNorth Data,Inbound - Webinar,SQL,97,,,,2021-02-19T00:00:00
785,Linda,Thompson,linda.thompson785@cloudscalesystems.com,CloudScale Systems,Product-Led,Converted,52,1938,406,2024-08-05,2024-05-25T00:00:00
786,Susan,Johnson,susan.johnson786@agiledynamics.com,Agile Dynamics,Event,Working,61,,,,2021-03-27T00:00:00
787,Nancy,Brown,nancy.brown787@agiledynamics.com,Agile Dynamics,Social Media,SQL,58,,,,2023-11-03T00:00:00
788,Daniel,Lee,daniel.lee788@metasync.com,MetaSync,Event,Converted,51,4035,642,2024-11-17,2024-10-08T00:00:00
789,Daniel,Rodriguez,daniel.rodriguez789@primepathdigital.com,PrimePath Digital,Product-Led,Converted,92,4779,843,2024-09-26,2024-07-28T00:00:00
790,Lisa,Rodriguez,lisa.rodriguez790@streamlineanalytics.com,StreamLine Analytics,Social Media,Nurture,20,,,,2021-12-27T00:00:00
791,Christopher,Rodriguez,christopher.rodriguez791@pulsepointdigital.com,PulsePoint Digital,Partner Referral,Converted,50,2444,464,2022-04-18,2022-02-19T00:00:00
792,Lisa,Hernandez,,ScaleUp Systems,Social Media,New,35,,,,2024-06-17T00:00:00
793,Karen,Moore,karen.moore793@techflowinc.com,TechFlow Inc,Event,Nurture,31,,,,2020-11-29T00:00:00
794,John,Taylor,john.taylor794@cybervault.com,CyberVault,Event,Nurture,20,,,,2022-11-10T00:00:00
795,Thomas,Wilson,thomas.wilson795@metasync.com,MetaSync,Outbound - SDR,New,46,,,,2024-09-12T00:00:00
796,Thomas,Anderson,thomas.anderson796@truenorthdata.com,TrueNorth Data,Inbound - Webinar,Converted,70,1410,18,2024-08-26,2024-06-29T00:00:00
797,Richard,Martinez,richard.martinez,PulsePoint Digital,Social Media,SQL,88,,,,2020-08-30T00:00:00
798,David,Jones,david.jones798@nexgensolutions.com,NexGen Solutions,Inbound - Content,Converted,92,1543,556,2024-09-28,2024-08-24T00:00:00
799,Charles,Anderson,charles.anderson799@quantumlogiclabs.com,QuantumLogic Labs,Paid Search,Converted,97,712,832,2022-10-25,2022-08-17T00:00:00
800,Karen,Lee,karen.lee800@streamlineanalytics.com,StreamLine Analytics,Inbound - Webinar,Disqualified,10,,,,2020-02-13T00:00:00
801,Sarah,Wilson,sarah.wilson801@cloudscalesystems.com,CloudScale Systems,Inbound - Web,SQL,89,,,,2024-10-25T00:00:00
802,Christopher,Davis,christopher.davis802@scaleupsystems.com,ScaleUp Systems,Inbound - Web,Working,10,,,,2023-05-30T00:00:00
803,James,Martinez,james.martinez803@cybervault.com,CyberVault,Inbound - Content,New,28,,,,2024-05-17T00:00:00
804,Barbara,Thomas,barbara.thomas804@brightwavetech.com,BrightWave Tech,Inbound - Web,Disqualified,26,,,,2023-06-21T00:00:00
805,David,Jones,david.jones805@insightplatforms.com,Insight Platforms,Outbound - Cold,MQL,53,,,,2022-08-20T00:00:00
806,Jessica,Brown,jessica.brown806@truenorthdata.com,TrueNorth Data,Inbound - Webinar,Converted,96,285,100,2023-11-27,2023-10-28T00:00:00
807,Nancy,Miller,nancy.miller807@cloudscalesystems.com,CloudScale Systems,Inbound - Webinar,Disqualified,13,,,,2022-01-18T00:00:00
808,Mary,Moore,mary.moore808@futureforge.com,FutureForge,Inbound - Content,Disqualified,9,,,,2021-02-06T00:00:00
809,Joseph,Thompson,joseph.thompson809@futureforge.com,FutureForge,Partner Referral,MQL,93,,,,2020-01-16T00:00:00
810,Barbara,Anderson,barbara.anderson810@primepathdigital.com,PrimePath Digital,Social Media,Working,65,,,,2020-05-29T00:00:00
811,Christopher,Anderson,christopher.anderson811@truenorthdata.com,TrueNorth Data,Inbound - Webinar,New,66,,,,2021-09-26T00:00:00
812,James,Gonzalez,james.gonzalez812@innovateco.com,InnovateCo,Partner Referral,Nurture,13,,,,2024-07-06T00:00:00
813,Robert,Miller,robert.miller813@cybervault.com,CyberVault,Outbound - Cold,Converted,66,2510,418,2024-10-14,2024-07-26T00:00:00
814,Lisa,Anderson,lisa.anderson814@corestack.com,CoreStack,Social Media,New,66,,,,2023-03-25T00:00:00
815,Charles,Williams,charles.williams815@cloudscalesystems.com,CloudScale Systems,Social Media,MQL,74,,,,2020-12-22T00:00:00
816,Karen,Johnson,karen.johnson816@brightwavetech.com,BrightWave Tech,Social Media,MQL,75,,,,2022-04-13T00:00:00
817,Joseph,Martin,joseph.martin817@databridgecorp.com,DataBridge Corp,Outbound - SDR,New,46,,,,2020-05-10T00:00:00
818,Christopher,Martin,christopher.martin818@vertexai.com,VertexAI,Product-Led,Disqualified,3,,,,2024-06-27T00:00:00
819,Michael,Miller,michael.miller819@cloudscalesystems.com,CloudScale Systems,Outbound - SDR,Converted,67,4287,673,2023-08-29,2023-06-22T00:00:00
820,Sarah,Jones,sarah.jones820@techflowinc.com,TechFlow Inc,Paid Search,New,40,,,,2021-11-11T00:00:00
821,James,Martin,,QuantumLogic Labs,Social Media,Disqualified,7,,,,2023-12-10T00:00:00
822,Patricia,Taylor,patricia.taylor822@brightwavetech.com,BrightWave Tech,Social Media,Working,17,,,,2023-03-05T00:00:00
823,William,Lopez,,RapidCloud,Social Media,New,32,,,,2024-09-01T00:00:00
824,David,Hernandez,david.hernandez824@databridgecorp.com,DataBridge Corp,Product-Led,Disqualified,17,,,,2024-12-03T00:00:00
825,Nancy,Gonzalez,nancy.gonzalez825@primepathdigital.com,PrimePath Digital,Social Media,Disqualified,14,,,,2021-07-09T00:00:00
826,Richard,Taylor,richard.taylor826@rapidcloud.com,RapidCloud,Inbound - Web,Converted,58,2646,690,2022-05-25,2022-03-09T00:00:00
827,John,Martinez,john.martinez827@brightwavetech.com,BrightWave Tech,Social Media,New,22,,,,2020-07-15T00:00:00
828,Jennifer,Moore,jennifer.moore828@cybervault.com,CyberVault,Inbound - Webinar,Working,29,,,,2022-04-04T00:00:00
829,Christopher,Taylor,christopher.taylor829@streamlineanalytics.com,StreamLine Analytics,Outbound - SDR,Nurture,46,,,,2021-02-01T00:00:00
830,Karen,Thompson,,BrightWave Tech,Paid Search,MQL,66,,,,2022-07-12T00:00:00
831,Robert,Anderson,robert.anderson831@primepathdigital.com,PrimePath Digital,Partner Referral,Working,35,,,,2023-04-22T00:00:00
832,Christopher,Wilson,christopher.wilson832@vertexai.com,VertexAI,Product-Led,Nurture,34,,,,2024-07-01T00:00:00
833,Thomas,Miller,thomas.miller833@cybervault.com,CyberVault,Product-Led,Converted,74,253,807,2024-08-30,2024-08-15T00:00:00
834,Linda,Gonzalez,linda.gonzalez834@insightplatforms.com,Insight Platforms,Partner Referral,Disqualified,21,,,,2023-08-07T00:00:00
835,Nancy,Martin,nancy.martin835@techflowinc.com,TechFlow Inc,Event,New,43,,,,2024-04-18T00:00:00
836,Michael,Wilson,michael.wilson836@corestack.com,CoreStack,Outbound - SDR,Converted,93,881,372,2021-02-01,2021-01-03T00:00:00
837,Barbara,Davis,barbara.davis837@metasync.com,MetaSync,Product-Led,Working,60,,,,2023-03-28T00:00:00
838,Patricia,Lee,patricia.lee838@streamlineanalytics.com,StreamLine Analytics,Social Media,MQL,77,,,,2020-10-18T00:00:00
839,James,Rodriguez,,InnovateCo,Outbound - SDR,Disqualified,9,,,,2022-08-16T00:00:00
840,Jennifer,Thompson,jennifer.thompson840@cloudscalesystems.com,CloudScale Systems,Inbound - Content,New,13,,,,2020-02-19T00:00:00
841,Daniel,Miller,daniel.miller841@metasync.com,MetaSync,Product-Led,MQL,79,,,,2020-12-02T00:00:00
842,Michael,Wilson,michael.wilson842@agiledynamics.com,Agile Dynamics,Inbound - Web,Disqualified,24,,,,2022-06-26T00:00:00
843,Jessica,Martinez,jessica.martinez843@primepathdigital.com,PrimePath Digital,Inbound - Webinar,MQL,72,,,,2024-11-10T00:00:00
844,Karen,Smith,karen.smith844@rapidcloud.com,RapidCloud,Event,Nurture,12,,,,2021-07-17T00:00:00
845,Joseph,Jackson,joseph.jackson845@truenorthdata.com,TrueNorth Data,Inbound - Web,Disqualified,11,,,,2024-12-13T00:00:00
846,Joseph,Gonzalez,joseph.gonzalez846@brightwavetech.com,BrightWave Tech,Product-Led,Converted,94,3899,93,2024-11-18,2024-10-29T00:00:00
847,Elizabeth,Rodriguez,elizabeth.rodriguez847@streamlineanalytics.com,StreamLine Analytics,Inbound - Webinar,MQL,54,,,,2021-07-05T00:00:00
848,James,Davis,james.davis848@scaleupsystems.com,ScaleUp Systems,Outbound - SDR,Converted,88,2675,70,2021-08-16,2021-06-03T00:00:00
849,Barbara,Garcia,barbara.garcia849@nexgensolutions.com,NexGen Solutions,Outbound - Cold,Working,50,,,,2023-11-17T00:00:00
850,James,Wilson,james.wilson850@brightwavetech.com,BrightWave Tech,Event,Converted,88,933,646,2022-08-13,2022-07-14T00:00:00
851,Barbara,Wilson,barbara.wilson851@brightwavetech.com,BrightWave Tech,Outbound - SDR,New,21,,,,2021-01-19T00:00:00
852,Linda,Lopez,linda.lopez852@rapidcloud.com,RapidCloud,Social Media,Disqualified,14,,,,2024-10-06T00:00:00
853,Susan,Moore,susan.moore853@cloudscalesystems.com,CloudScale Systems,Outbound - SDR,Converted,73,3986,300,2024-03-27,2024-02-14T00:00:00
854,Mary,Rodriguez,mary.rodriguez854@cloudscalesystems.com,CloudScale Systems,Social Media,New,64,,,,2024-10-06T00:00:00
855,Patricia,Garcia,patricia.garcia855@nexgensolutions.com,NexGen Solutions,Inbound - Webinar,Disqualified,-5,,,,2021-04-16T00:00:00
856,Thomas,Jackson,thomas.jackson856@futureforge.com,FutureForge,Paid Search,Nurture,43,,,,2020-09-03T00:00:00
857,Jessica,Gonzalez,jessica.gonzalez857@cloudscalesystems.com,CloudScale Systems,Outbound - Cold,Converted,68,2070,170,2024-07-01,2024-07-02T00:00:00
858,Barbara,Jackson,barbara.jackson858@nexgensolutions.com,NexGen Solutions,Inbound - Webinar,MQL,70,,,,2023-06-13T00:00:00
859,Robert,Wilson,robert.wilson859@cloudscalesystems.com,CloudScale Systems,Social Media,New,50,,,,2020-08-08T00:00:00
860,Patricia,Martin,patricia.martin860@rapidcloud.com,RapidCloud,Social Media,Disqualified,23,,,,2022-09-24T00:00:00
861,Barbara,Jackson,barbara.jackson861@agiledynamics.com,Agile Dynamics,Partner Referral,New,66,,,,2022-04-20T00:00:00
862,Charles,Miller,charles.miller862@insightplatforms.com,Insight Platforms,Event,Working,69,,,,2021-03-11T00:00:00
863,Elizabeth,Gonzalez,elizabeth.gonzalez863@metasync.com,MetaSync,Social Media,Working,38,,,,2021-05-06T00:00:00
864,Linda,Hernandez,linda.hernandez864@nexgensolutions.com,NexGen Solutions,Product-Led,Disqualified,3,,,,2021-12-01T00:00:00
865,Jessica,Lee,jessica.lee865@brightwavetech.com,BrightWave Tech,Social Media,Disqualified,25,,,,2020-01-11T00:00:00
866,John,Taylor,john.taylor866@quantumlogiclabs.com,QuantumLogic Labs,Outbound - SDR,Disqualified,17,,,,2023-07-24T00:00:00
867,Richard,Jackson,richard.jackson867@streamlineanalytics.com,StreamLine Analytics,Event,Converted,58,2631,130,2023-12-13,2023-12-05T00:00:00
868,William,Hernandez,william.hernandez868@metasync.com,MetaSync,Paid Search,Converted,-63,3778,375,2024-10-20,2024-10-03T00:00:00
869,James,Brown,james.brown869@cybervault.com,CyberVault,Inbound - Content,New,68,,,,2021-07-24T00:00:00
870,Jennifer,Lee,jennifer.lee870@insightplatforms.com,Insight Platforms,Outbound - SDR,MQL,90,,,,2024-02-08T00:00:00
871,Joseph,Miller,joseph.miller871@cloudscalesystems.com,CloudScale Systems,Social Media,MQL,53,,,,2022-02-27T00:00:00
872,Jessica,Thompson,jessica.thompson872@quantumlogiclabs.com,QuantumLogic Labs,Paid Search,Nurture,63,,,,2024-06-09T00:00:00
873,Susan,Taylor,susan.taylor,CloudScale Systems,Outbound - SDR,Nurture,32,,,,2024-08-16T00:00:00
874,Jessica,Lee,jessica.lee874@innovateco.com,InnovateCo,Inbound - Webinar,MQL,66,,,,2020-04-26T00:00:00
875,Susan,Moore,susan.moore875@pulsepointdigital.com,PulsePoint Digital,Partner Referral,New,44,,,,2024-06-20T00:00:00
876,William,Hernandez,william.hernandez876@quantumlogiclabs.com,QuantumLogic Labs,Inbound - Content,Converted,86,2584,443,2024-12-19,2024-11-26T00:00:00
877,James,Taylor,james.taylor877@scaleupsystems.com,ScaleUp Systems,Outbound - SDR,Converted,56,880,532,2023-10-03,2023-07-29T00:00:00
878,Joseph,Thompson,joseph.thompson878@cybervault.com,CyberVault,Outbound - Cold,MQL,88,,,,2020-06-24T00:00:00
879,Michael,Garcia,michael.garcia879@cybervault.com,CyberVault,Outbound - Cold,Working,29,,,,2023-04-23T00:00:00
880,Jennifer,Thomas,jennifer.thomas880@brightwavetech.com,BrightWave Tech,,MQL,65,,,,2020-09-14T00:00:00
881,Elizabeth,Davis,elizabeth.davis881@cloudscalesystems.com,CloudScale Systems,Outbound - Cold,New,47,,,,2024-08-08T00:00:00
882,James,Thompson,james.thompson882@cybervault.com,CyberVault,Inbound - Content,MQL,65,,,,2024-08-07T00:00:00
883,Sarah,Brown,sarah.brown,Insight Platforms,Event,Nurture,15,,,,2024-08-02T00:00:00
884,Daniel,Williams,daniel.williams884@truenorthdata.com,TrueNorth Data,Event,Working,64,,,,2020-06-20T00:00:00
885,Charles,Lopez,charles.lopez885@truenorthdata.com,TrueNorth Data,Paid Search,Working,28,,,,2023-11-29T00:00:00
886,Linda,Moore,linda.moore886@futureforge.com,FutureForge,Inbound - Web,Disqualified,24,,,,2023-09-05T00:00:00
887,Lisa,Moore,lisa.moore887@agiledynamics.com,Agile Dynamics,Paid Search,Disqualified,22,,,,2024-08-05T00:00:00
888,Barbara,Williams,barbara.williams888@streamlineanalytics.com,StreamLine Analytics,Social Media,MQL,62,,,,2023-09-19T00:00:00
889,Richard,Jackson,richard.jackson889@truenorthdata.com,TrueNorth Data,Outbound - SDR,MQL,84,,,,2021-01-05T00:00:00
890,Charles,Martin,charles.martin890@brightwavetech.com,BrightWave Tech,Paid Search,Nurture,41,,,,2022-04-13T00:00:00
891,Daniel,Garcia,daniel.garcia891@scaleupsystems.com,ScaleUp Systems,Inbound - Web,Disqualified,4,,,,2024-04-26T00:00:00
892,Thomas,Rodriguez,thomas.rodriguez892@primepathdigital.com,PrimePath Digital,Partner Referral,Converted,78,1387,660,2023-03-28,2023-01-19T00:00:00
893,Karen,Martin,karen.martin893@streamlineanalytics.com,StreamLine Analytics,Inbound - Webinar,Converted,79,1390,645,2022-09-17,2022-07-14T00:00:00
894,Linda,Lee,linda.lee894@vertexai.com,VertexAI,Inbound - Content,New,37,,,,2020-01-26T00:00:00
895,Karen,Martin,karen.martin895@primepathdigital.com,PrimePath Digital,Inbound - Webinar,New,15,,,,2024-08-16T00:00:00
896,Thomas,Rodriguez,thomas.rodriguez896@streamlineanalytics.com,StreamLine Analytics,Inbound - Content,Working,47,,,,2022-06-26T00:00:00
897,Susan,Gonzalez,,CoreStack,Partner Referral,Working,50,,,,2021-08-18T00:00:00
898,Charles,Lopez,charles.lopez898@nexgensolutions.com,NexGen Solutions,Paid Search,Converted,70,930,132,2022-07-31,2022-05-26T00:00:00
899,Richard,Jones,richard.jones899@truenorthdata.com,TrueNorth Data,Outbound - SDR,Converted,95,4010,305,2022-05-28,2022-03-31T00:00:00
900,Mary,Smith,mary.smith900@streamlineanalytics.com,StreamLine Analytics,Event,MQL,74,,,,2022-01-29T00:00:00
901,Jennifer,Jackson,jennifer.jackson901@insightplatforms.com,Insight Platforms,Social Media,New,50,,,,2023-11-04T00:00:00
902,Lisa,Smith,lisa.smith902@primepathdigital.com,PrimePath Digital,Outbound - SDR,Converted,75,336,656,2022-10-14,2022-07-21T00:00:00
903,Daniel,Smith,daniel.smith903@streamlineanalytics.com,StreamLine Analytics,Inbound - Webinar,MQL,54,,,,2023-11-10T00:00:00
904,Sarah,Johnson,sarah.johnson904@scaleupsystems.com,ScaleUp Systems,Event,New,11,,,,2024-11-02T00:00:00
905,James,Smith,james.smith905@agiledynamics.com,Agile Dynamics,Product-Led,Nurture,27,,,,2021-09-17T00:00:00
906,Patricia,Moore,patricia.moore906@insightplatforms.com,Insight Platforms,Inbound - Content,Disqualified,4,,,,2024-03-23T00:00:00
907,Sarah,Miller,sarah.miller907@rapidcloud.com,RapidCloud,Product-Led,Converted,59,5,139,2024-12-17,2024-11-21T00:00:00
908,William,Davis,william.davis908@insightplatforms.com,Insight Platforms,Event,New,25,,,,2021-11-11T00:00:00
909,Joseph,Garcia,joseph.garcia909@metasync.com,MetaSync,Paid Search,Converted,94,2984,437,2021-09-20,2021-08-03T00:00:00
910,Patricia,Martinez,patricia.martinez910@insightplatforms.com,Insight Platforms,Partner Referral,Converted,79,4034,431,2024-11-17,2024-10-15T00:00:00
911,Karen,Martinez,karen.martinez911@insightplatforms.com,Insight Platforms,Inbound - Web,Disqualified,3,,,,2020-01-14T00:00:00
912,Linda,Lee,linda.lee912@scaleupsystems.com,ScaleUp Systems,Inbound - Content,Working,22,,,,2020-01-24T00:00:00
913,Elizabeth,Wilson,elizabeth.wilson913@quantumlogiclabs.com,QuantumLogic Labs,Event,Working,69,,,,2023-04-18T00:00:00
914,Mary,Anderson,mary.anderson914@cybervault.com,CyberVault,Product-Led,Converted,79,3832,290,2024-11-17,2024-10-23T00:00:00
915,Jessica,Davis,jessica.davis915@scaleupsystems.com,ScaleUp Systems,Social Media,SQL,78,,,,2022-11-06T00:00:00
916,Lisa,Smith,lisa.smith916@futureforge.com,FutureForge,Inbound - Web,Working,32,,,,2021-06-16T00:00:00
917,Mary,Martin,mary.martin917@pulsepointdigital.com,PulsePoint Digital,Inbound - Content,MQL,75,,,,2022-03-21T00:00:00
918,David,Anderson,david.anderson918@databridgecorp.com,DataBridge Corp,Inbound - Content,MQL,91,,,,2020-04-15T00:00:00
919,Joseph,Martin,joseph.martin919@innovateco.com,InnovateCo,Event,MQL,98,,,,2022-02-26T00:00:00
920,Michael,Miller,michael.miller920@cloudscalesystems.com,CloudScale Systems,Event,MQL,89,,,,2021-07-08T00:00:00
921,Christopher,Brown,christopher.brown921@cloudscalesystems.com,CloudScale Systems,Inbound - Web,Disqualified,30,,,,2021-07-13T00:00:00
922,Elizabeth,Martinez,elizabeth.martinez922@cloudscalesystems.com,CloudScale Systems,Event,MQL,93,,,,2023-09-23T00:00:00
923,Robert,Gonzalez,robert.gonzalez923@databridgecorp.com,DataBridge Corp,Inbound - Content,Converted,61,3230,833,2024-09-14,2024-07-31T00:00:00
924,John,Moore,,DataBridge Corp,Inbound - Content,SQL,62,,,,2024-12-16T00:00:00
925,William,Martinez,william.martinez925@cybervault.com,CyberVault,Inbound - Webinar,Converted,68,2705,187,2021-11-10,2021-08-19T00:00:00
926,Thomas,Jones,thomas.jones926@vertexai.com,VertexAI,Inbound - Webinar,MQL,60,,,,2024-07-18T00:00:00
927,Patricia,Taylor,patricia.taylor927@nexgensolutions.com,NexGen Solutions,Social Media,SQL,79,,,,2023-10-06T00:00:00
928,Linda,Davis,linda.davis928@innovateco.com,InnovateCo,Partner Referral,Nurture,29,,,,2021-02-19T00:00:00
929,Michael,Jackson,michael.jackson929@nexgensolutions.com,NexGen Solutions,Partner Referral,Converted,91,4244,582,2024-02-21,2023-12-08T00:00:00
930,Michael,Thomas,michael.thomas930@cybervault.com,CyberVault,Outbound - Cold,New,67,,,,2021-09-14T00:00:00
931,Joseph,Anderson,joseph.anderson931@databridgecorp.com,DataBridge Corp,Outbound - Cold,Disqualified,5,,,,2021-01-17T00:00:00
932,Jennifer,Gonzalez,jennifer.gonzalez932@rapidcloud.com,RapidCloud,Partner Referral,MQL,85,,,,2023-04-20T00:00:00
933,Karen,Brown,karen.brown933@corestack.com,CoreStack,,SQL,71,,,,2024-10-30T00:00:00
934,James,Gonzalez,james.gonzalez934@quantumlogiclabs.com,QuantumLogic Labs,Partner Referral,Working,40,,,,2023-04-25T00:00:00
935,Barbara,Smith,barbara.smith935@truenorthdata.com,TrueNorth Data,Event,Converted,53,3260,227,2022-12-23,2022-11-06T00:00:00
936,Richard,Rodriguez,richard.rodriguez936@cloudscalesystems.com,CloudScale Systems,Outbound - SDR,SQL,67,,,,2020-03-28T00:00:00
937,Daniel,Thomas,daniel.thomas937@databridgecorp.com,DataBridge Corp,Outbound - SDR,SQL,99,,,,2020-04-05T00:00:00
938,David,Williams,david.williams938@cloudscalesystems.com,CloudScale Systems,Event,Converted,59,1205,166,2024-12-13,2024-09-29T00:00:00
939,Richard,Martinez,richard.martinez939@quantumlogiclabs.com,QuantumLogic Labs,Event,Nurture,38,,,,2020-12-15T00:00:00
940,Charles,Williams,charles.williams940@databridgecorp.com,DataBridge Corp,Inbound - Content,Nurture,36,,,,2022-11-30T00:00:00
941,Jessica,Lopez,jessica.lopez,PrimePath Digital,Outbound - SDR,New,45,,,,2021-12-22T00:00:00
942,Jennifer,Lopez,jennifer.lopez942@metasync.com,MetaSync,Paid Search,MQL,93,,,,2021-06-10T00:00:00
943,Michael,Thompson,michael.thompson943@cybervault.com,CyberVault,Outbound - SDR,MQL,80,,,,2022-09-17T00:00:00
944,James,Taylor,james.taylor944@futureforge.com,FutureForge,Product-Led,Disqualified,17,,,,2022-02-26T00:00:00
945,Joseph,Rodriguez,joseph.rodriguez945@brightwavetech.com,BrightWave Tech,Inbound - Web,Converted,92,4655,310,2024-07-07,2024-05-11T00:00:00
946,John,Garcia,john.garcia946@brightwavetech.com,BrightWave Tech,Social Media,SQL,51,,,,2022-10-31T00:00:00
947,Linda,Jackson,linda.jackson947@innovateco.com,InnovateCo,Paid Search,Nurture,41,,,,2020-11-14T00:00:00
948,William,Gonzalez,william.gonzalez948@techflowinc.com,TechFlow Inc,Outbound - Cold,Working,22,,,,2021-11-03T00:00:00
949,Jennifer,Wilson,jennifer.wilson949@vertexai.com,VertexAI,Social Media,Disqualified,23,,,,2022-07-20T00:00:00
950,Lisa,Smith,lisa.smith950@metasync.com,MetaSync,Outbound - SDR,Disqualified,3,,,,2023-05-28T00:00:00
951,Daniel,Williams,daniel.williams951@cloudscalesystems.com,CloudScale Systems,Outbound - SDR,MQL,81,,,,2020-10-04T00:00:00
952,Christopher,Smith,christopher.smith952@techflowinc.com,TechFlow Inc,Outbound - Cold,Converted,53,174,311,2023-05-20,2023-03-13T00:00:00
953,Christopher,Moore,christopher.moore953@insightplatforms.com,Insight Platforms,Product-Led,Disqualified,0,,,,2024-04-17T00:00:00
954,Lisa,Taylor,lisa.taylor954@agiledynamics.com,Agile Dynamics,Social Media,Nurture,11,,,,2022-12-18T00:00:00
955,Linda,Lee,linda.lee955@innovateco.com,InnovateCo,Inbound - Content,Working,21,,,,2022-08-10T00:00:00
956,Elizabeth,Davis,elizabeth.davis956@quantumlogiclabs.com,QuantumLogic Labs,Event,Converted,99,102,273,2024-04-27,2024-03-25T00:00:00
957,Charles,Moore,charles.moore957@metasync.com,MetaSync,Partner Referral,Converted,54,1039,230,2024-09-02,2024-08-20T00:00:00
958,David,Thompson,david.thompson958@streamlineanalytics.com,StreamLine Analytics,Social Media,Working,57,,,,2021-08-08T00:00:00
959,Elizabeth,Thomas,elizabeth.thomas959@databridgecorp.com,DataBridge Corp,Inbound - Webinar,New,59,,,,2024-09-23T00:00:00
960,James,Jackson,james.jackson960@rapidcloud.com,RapidCloud,Inbound - Webinar,Working,31,,,,2020-10-11T00:00:00
961,James,Thomas,james.thomas961@vertexai.com,VertexAI,Inbound - Web,New,10,,,,2023-10-23T00:00:00
962,Christopher,Wilson,christopher.wilson962@quantumlogiclabs.com,QuantumLogic Labs,Inbound - Content,Working,66,,,,2024-11-18T00:00:00
963,Thomas,Thomas,thomas.thomas963@cloudscalesystems.com,CloudScale Systems,Product-Led,Working,68,,,,2021-06-20T00:00:00
964,Christopher,Miller,christopher.miller964@databridgecorp.com,DataBridge Corp,Product-Led,Converted,51,1200,719,2024-06-24,2024-04-08T00:00:00
965,Jessica,Moore,jessica.moore965@quantumlogiclabs.com,QuantumLogic Labs,Outbound - Cold,Nurture,16,,,,2024-06-18T00:00:00
966,Sarah,Williams,sarah.williams966@vertexai.com,VertexAI,Social Media,Working,59,,,,2023-02-21T00:00:00
967,Christopher,Jones,christopher.jones967@pulsepointdigital.com,PulsePoint Digital,Inbound - Web,MQL,98,,,,2023-04-16T00:00:00
968,Nancy,Moore,nancy.moore968@truenorthdata.com,TrueNorth Data,Inbound - Content,MQL,50,,,,2022-10-19T00:00:00
969,Mary,Miller,mary.miller969@agiledynamics.com,Agile Dynamics,Inbound - Webinar,SQL,60,,,,2021-06-28T00:00:00
970,Joseph,Rodriguez,joseph.rodriguez970@truenorthdata.com,TrueNorth Data,Outbound - SDR,Disqualified,11,,,,2024-04-24T00:00:00
971,Karen,Smith,karen.smith971@primepathdigital.com,PrimePath Digital,Paid Search,Working,43,,,,2020-04-24T00:00:00
972,David,Gonzalez,david.gonzalez972@vertexai.com,VertexAI,Social Media,Working,64,,,,2020-12-27T00:00:00
973,Sarah,Rodriguez,sarah.rodriguez973@futureforge.com,FutureForge,Outbound - SDR,SQL,56,,,,2021-11-21T00:00:00
974,Patricia,Taylor,patricia.taylor974@streamlineanalytics.com,StreamLine Analytics,Social Media,Working,31,,,,2023-03-13T00:00:00
975,Patricia,Anderson,patricia.anderson975@metasync.com,MetaSync,Product-Led,New,34,,,,2023-07-17T00:00:00
976,John,Williams,john.williams976@agiledynamics.com,Agile Dynamics,Social Media,SQL,68,,,,2020-09-14T00:00:00
977,Sarah,Rodriguez,sarah.rodriguez977@cybervault.com,CyberVault,Product-Led,Disqualified,3,,,,2021-08-11T00:00:00
978,Susan,Davis,susan.davis978@streamlineanalytics.com,StreamLine Analytics,Paid Search,Disqualified,6,,,,2024-03-11T00:00:00
979,Jessica,Lopez,jessica.lopez979@pulsepointdigital.com,PulsePoint Digital,,Nurture,13,,,,2024-05-24T00:00:00
980,Richard,Smith,richard.smith980@cloudscalesystems.com,CloudScale Systems,,Working,39,,,,2021-03-30T00:00:00
981,David,Rodriguez,david.rodriguez981@cybervault.com,CyberVault,Paid Search,New,49,,,,2021-06-30T00:00:00
982,Sarah,Brown,sarah.brown982@cybervault.com,CyberVault,Inbound - Content,New,25,,,,2022-02-15T00:00:00
983,Linda,Williams,linda.williams983@cloudscalesystems.com,CloudScale Systems,Social Media,New,11,,,,2024-12-14T00:00:00
984,William,Wilson,william.wilson984@quantumlogiclabs.com,QuantumLogic Labs,Inbound - Web,Nurture,42,,,,2022-11-12T00:00:00
985,Christopher,Smith,christopher.smith985@vertexai.com,VertexAI,Inbound - Web,Converted,69,1117,349,2023-09-19,2023-08-14T00:00:00
986,William,Smith,william.smith986@insightplatforms.com,Insight Platforms,Social Media,New,21,,,,2024-01-11T00:00:00
987,Susan,Miller,susan.miller987@databridgecorp.com,DataBridge Corp,Inbound - Webinar,Working,31,,,,2024-03-23T00:00:00
988,Linda,Martinez,linda.martinez988@innovateco.com,InnovateCo,Outbound - Cold,Nurture,52,,,,2020-01-21T00:00:00
989,Patricia,Miller,patricia.miller989@scaleupsystems.com,ScaleUp Systems,Inbound - Webinar,Converted,96,515,547,2022-05-01,2022-03-19T00:00:00
990,David,Jackson,david.jackson,Agile Dynamics,Event,New,11,,,,2022-05-20T00:00:00
991,Robert,Martinez,robert.martinez991@scaleupsystems.com,ScaleUp Systems,Inbound - Web,Converted,92,4073,508,2024-10-12,2024-08-11T00:00:00
992,Joseph,Jones,joseph.jones992@brightwavetech.com,BrightWave Tech,Product-Led,MQL,82,,,,2024-08-03T00:00:00
993,Michael,Moore,michael.moore993@pulsepointdigital.com,PulsePoint Digital,Outbound - SDR,MQL,98,,,,2023-06-14T00:00:00
994,John,Wilson,john.wilson994@brightwavetech.com,BrightWave Tech,Outbound - Cold,Working,19,,,,2022-02-03T00:00:00
995,Susan,Jones,susan.jones995@cybervault.com,CyberVault,Inbound - Web,Working,14,,,,2024-05-31T00:00:00
996,Jessica,Smith,jessica.smith996@vertexai.com,VertexAI,Inbound - Content,Working,63,,,,2021-12-31T00:00:00
997,William,Williams,william.williams997@primepathdigital.com,PrimePath Digital,,Nurture,64,,,,2023-09-19T00:00:00
998,William,Garcia,william.garcia998@streamlineanalytics.com,StreamLine Analytics,Partner Referral,New,65,,,,2020-10-03T00:00:00
999,John,Hernandez,john.hernandez999@cloudscalesystems.com,CloudScale Systems,Event,Converted,53,4632,882,2024-11-09,2024-09-25T00:00:00
1000,Michael,Williams,michael.williams1000@pulsepointdigital.com,PulsePoint Digital,Product-Led,Nurture,70,,,,2020-09-11T00:00:00
1001,Michael,Brown,michael.brown1001@quantumlogiclabs.com,QuantumLogic Labs,Partner Referral,Converted,52,2743,16,2024-04-22,2024-04-03T00:00:00
1002,Lisa,Lee,lisa.lee1002@agiledynamics.com,Agile Dynamics,,Working,51,,,,2024-12-24T00:00:00
1003,Nancy,Thompson,nancy.thompson1003@scaleupsystems.com,ScaleUp Systems,Inbound - Content,Working,21,,,,2023-08-02T00:00:00
1004,Mary,Hernandez,mary.hernandez1004@nexgensolutions.com,NexGen Solutions,Inbound - Web,MQL,59,,,,2021-04-18T00:00:00
1005,Richard,Anderson,richard.anderson1005@databridgecorp.com,DataBridge Corp,Outbound - Cold,Disqualified,11,,,,2023-12-25T00:00:00
1006,Sarah,Johnson,sarah.johnson1006@techflowinc.com,TechFlow Inc,Outbound - Cold,New,62,,,,2021-06-28T00:00:00
1007,William,Miller,william.miller1007@brightwavetech.com,BrightWave Tech,Inbound - Web,Working,38,,,,2023-06-10T00:00:00
1008,Barbara,Davis,barbara.davis1008@agiledynamics.com,Agile Dynamics,Event,Nurture,33,,,,2021-07-09T00:00:00
1009,Daniel,Thomas,daniel.thomas1009@rapidcloud.com,RapidCloud,Inbound - Web,Disqualified,13,,,,2021-07-08T00:00:00
1010,Patricia,Davis,patricia.davis1010@innovateco.com,InnovateCo,Paid Search,Converted,70,3478,828,2024-10-12,2024-08-07T00:00:00
1011,Mary,Jackson,,PulsePoint Digital,Product-Led,Disqualified,24,,,,2022-03-21T00:00:00
1012,Patricia,Thomas,patricia.thomas1012@pulsepointdigital.com,PulsePoint Digital,Social Media,Disqualified,5,,,,2022-08-30T00:00:00
1013,David,Gonzalez,david.gonzalez1013@rapidcloud.com,RapidCloud,Paid Search,New,67,,,,2020-11-29T00:00:00
1014,Barbara,Martin,barbara.martin1014@streamlineanalytics.com,StreamLine Analytics,Social Media,Disqualified,0,,,,2022-03-06T00:00:00
1015,Jessica,Brown,jessica.brown1015@databridgecorp.com,DataBridge Corp,Product-Led,Converted,60,744,153,2024-08-18,2024-07-25T00:00:00
1016,Joseph,Johnson,joseph.johnson1016@scaleupsystems.com,ScaleUp Systems,Social Media,Disqualified,0,,,,2020-06-22T00:00:00
1017,Charles,Johnson,charles.johnson1017@streamlineanalytics.com,StreamLine Analytics,,Nurture,29,,,,2021-07-17T00:00:00
1018,Christopher,Jones,christopher.jones1018@databridgecorp.com,DataBridge Corp,Partner Referral,Working,20,,,,2024-08-16T00:00:00
1019,David,Thomas,david.thomas1019@cybervault.com,CyberVault,Inbound - Webinar,Disqualified,28,,,,2020-12-13T00:00:00
1020,Susan,Martin,susan.martin1020@techflowinc.com,TechFlow Inc,Outbound - SDR,Converted,87,4142,763,2023-01-26,2022-12-25T00:00:00
1021,Sarah,Wilson,sarah.wilson1021@futureforge.com,FutureForge,Partner Referral,Converted,50,1453,80,2022-04-26,2022-02-01T00:00:00
1022,Elizabeth,Smith,elizabeth.smith1022@streamlineanalytics.com,StreamLine Analytics,Event,Nurture,55,,,,2022-07-21T00:00:00
1023,Sarah,Brown,sarah.brown1023@primepathdigital.com,PrimePath Digital,Inbound - Web,Converted,55,1121,209,2024-08-23,2024-06-25T00:00:00
1024,Richard,Moore,richard.moore1024@vertexai.com,VertexAI,Partner Referral,Converted,57,1998,868,2024-03-05,2024-01-14T00:00:00
1025,Charles,Lee,charles.lee1025@innovateco.com,InnovateCo,Inbound - Webinar,Disqualified,15,,,,2020-01-30T00:00:00
1026,Joseph,Anderson,joseph.anderson1026@pulsepointdigital.com,PulsePoint Digital,Product-Led,Converted,77,67,696,2023-10-15,2023-09-16T00:00:00
1027,David,Martinez,david.martinez,Agile Dynamics,Event,Converted,80,1404,790,2024-10-26,2024-09-03T00:00:00
1028,James,Taylor,james.taylor1028@brightwavetech.com,BrightWave Tech,Paid Search,Disqualified,8,,,,2022-07-15T00:00:00
1029,Christopher,Anderson,christopher.anderson1029@pulsepointdigital.com,PulsePoint Digital,Inbound - Webinar,SQL,55,,,,2020-09-16T00:00:00
1030,Robert,Gonzalez,robert.gonzalez1030@primepathdigital.com,PrimePath Digital,Event,New,61,,,,2024-07-09T00:00:00
1031,Karen,Williams,karen.williams1031@databridgecorp.com,DataBridge Corp,Outbound - Cold,Nurture,54,,,,2021-02-16T00:00:00
1032,William,Thompson,william.thompson1032@streamlineanalytics.com,StreamLine Analytics,Outbound - Cold,MQL,72,,,,2022-03-13T00:00:00
1033,Patricia,Smith,patricia.smith1033@nexgensolutions.com,NexGen Solutions,Outbound - Cold,SQL,89,,,,2024-01-24T00:00:00
1034,Sarah,Hernandez,sarah.hernandez1034@innovateco.com,InnovateCo,Product-Led,SQL,-50,,,,2023-09-24T00:00:00
1035,David,Smith,david.smith1035@rapidcloud.com,RapidCloud,Outbound - SDR,Converted,71,4363,226,2022-08-11,2022-06-28T00:00:00
1036,Thomas,Taylor,thomas.taylor1036@agiledynamics.com,Agile Dynamics,Inbound - Content,Converted,56,3557,390,2022-05-22,2022-03-14T00:00:00
1037,Karen,Martin,karen.martin1037@techflowinc.com,TechFlow Inc,Inbound - Web,Working,45,,,,2024-03-17T00:00:00
1038,Patricia,Rodriguez,patricia.rodriguez1038@vertexai.com,VertexAI,,Nurture,31,,,,2024-01-24T00:00:00
1039,Michael,Jones,michael.jones1039@metasync.com,MetaSync,Inbound - Webinar,SQL,77,,,,2023-03-06T00:00:00
1040,Elizabeth,Miller,elizabeth.miller1040@cloudscalesystems.com,CloudScale Systems,Outbound - Cold,MQL,71,,,,2023-01-07T00:00:00
1041,Linda,Martinez,linda.martinez1041@cloudscalesystems.com,CloudScale Systems,Social Media,Nurture,10,,,,2024-02-26T00:00:00
1042,John,Lee,john.lee1042@quantumlogiclabs.com,QuantumLogic Labs,Paid Search,Working,60,,,,2021-05-24T00:00:00
1043,Charles,Brown,charles.brown1043@futureforge.com,FutureForge,Outbound - SDR,Converted,75,406,844,2023-06-13,2023-06-08T00:00:00
1044,Christopher,Martinez,,BrightWave Tech,Inbound - Webinar,Nurture,36,,,,2024-12-29T00:00:00
1045,Mary,Lee,mary.lee1045@innovateco.com,InnovateCo,Inbound - Content,New,63,,,,2021-04-06T00:00:00
1046,Lisa,Thomas,lisa.thomas1046@cybervault.com,CyberVault,Paid Search,Nurture,53,,,,2024-09-07T00:00:00
1047,Christopher,Hernandez,,RapidCloud,Paid Search,MQL,77,,,,2024-07-15T00:00:00
1048,Sarah,Thompson,sarah.thompson1048@corestack.com,CoreStack,Partner Referral,MQL,97,,,,2024-12-08T00:00:00
1049,Barbara,Hernandez,barbara.hernandez1049@metasync.com,MetaSync,Social Media,Working,50,,,,2024-10-25T00:00:00
1050,Richard,Garcia,richard.garcia1050@databridgecorp.com,DataBridge Corp,Partner Referral,New,57,,,,2021-10-28T00:00:00
1051,William,Jones,william.jones1051@techflowinc.com,TechFlow Inc,Inbound - Content,Nurture,41,,,,2023-02-19T00:00:00
1052,Thomas,Garcia,thomas.garcia1052@pulsepointdigital.com,PulsePoint Digital,Outbound - SDR,MQL,99,,,,2023-07-17T00:00:00
1053,Mary,Davis,mary.davis1053@agiledynamics.com,Agile Dynamics,Inbound - Webinar,Working,48,,,,2022-06-19T00:00:00
1054,Linda,Lee,linda.lee1054@innovateco.com,InnovateCo,Outbound - Cold,New,61,,,,2020-08-07T00:00:00
1055,Barbara,Wilson,barbara.wilson1055@innovateco.com,InnovateCo,Inbound - Web,SQL,73,,,,2021-07-14T00:00:00
1056,Thomas,Rodriguez,thomas.rodriguez1056@quantumlogiclabs.com,QuantumLogic Labs,,New,29,,,,2020-08-14T00:00:00
1057,Thomas,Anderson,thomas.anderson1057@rapidcloud.com,RapidCloud,Social Media,Working,57,,,,2023-07-05T00:00:00
1058,Nancy,Jones,nancy.jones1058@scaleupsystems.com,ScaleUp Systems,Inbound - Content,Disqualified,22,,,,2023-06-23T00:00:00
1059,Nancy,Johnson,nancy.johnson1059@innovateco.com,InnovateCo,Inbound - Web,Nurture,14,,,,2024-09-06T00:00:00
1060,Jennifer,Williams,jennifer.williams1060@databridgecorp.com,DataBridge Corp,Outbound - Cold,MQL,64,,,,2024-06-09T00:00:00
1061,Linda,Smith,,FutureForge,Outbound - Cold,SQL,65,,,,2023-11-20T00:00:00
1062,Mary,Martinez,mary.martinez1062@nexgensolutions.com,NexGen Solutions,Inbound - Content,Converted,60,3568,407,2024-12-04,2024-09-16T00:00:00
1063,Charles,Thompson,charles.thompson1063@innovateco.com,InnovateCo,Outbound - SDR,SQL,84,,,,2024-01-11T00:00:00
1064,Michael,Rodriguez,michael.rodriguez1064@cloudscalesystems.com,CloudScale Systems,Product-Led,SQL,52,,,,2022-08-17T00:00:00
1065,Jessica,Anderson,jessica.anderson1065@truenorthdata.com,TrueNorth Data,Social Media,Working,48,,,,2022-02-12T00:00:00
1066,Michael,Miller,michael.miller1066@corestack.com,CoreStack,Outbound - Cold,MQL,84,,,,2021-04-27T00:00:00
1067,Robert,Lopez,robert.lopez1067@databridgecorp.com,DataBridge Corp,Product-Led,MQL,97,,,,2023-06-07T00:00:00
1068,Charles,Wilson,charles.wilson1068@primepathdigital.com,PrimePath Digital,Partner Referral,Converted,91,3897,756,2024-06-08,2024-05-17T00:00:00
1069,Karen,Martin,karen.martin1069@cloudscalesystems.com,CloudScale Systems,Paid Search,Nurture,36,,,,2022-10-06T00:00:00
1070,Jennifer,Lee,jennifer.lee1070@truenorthdata.com,TrueNorth Data,Paid Search,Nurture,31,,,,2021-01-03T00:00:00
1071,Joseph,Moore,joseph.moore1071@primepathdigital.com,PrimePath Digital,Event,Disqualified,6,,,,2021-06-19T00:00:00
1072,Barbara,Jackson,barbara.jackson1072@innovateco.com,InnovateCo,Inbound - Webinar,MQL,54,,,,2023-05-01T00:00:00
1073,David,Taylor,david.taylor1073@truenorthdata.com,TrueNorth Data,Inbound - Web,MQL,52,,,,2023-05-16T00:00:00
1074,Robert,Davis,,PrimePath Digital,Partner Referral,Nurture,53,,,,2024-06-13T00:00:00
1075,Daniel,Wilson,daniel.wilson1075@cybervault.com,CyberVault,Inbound - Content,MQL,77,,,,2024-08-28T00:00:00
1076,Christopher,Moore,christopher.moore1076@rapidcloud.com,RapidCloud,Outbound - Cold,Working,-50,,,,2022-03-05T00:00:00
1077,Richard,Lopez,richard.lopez1077@cybervault.com,CyberVault,,Working,14,,,,2024-08-02T00:00:00
1078,Barbara,Davis,barbara.davis1078@techflowinc.com,TechFlow Inc,Outbound - Cold,MQL,80,,,,2020-04-14T00:00:00
1079,Lisa,Miller,lisa.miller1079@rapidcloud.com,RapidCloud,Event,Converted,63,210,237,2024-09-16,2024-08-22T00:00:00
1080,James,Thompson,james.thompson1080@rapidcloud.com,RapidCloud,Inbound - Webinar,MQL,75,,,,2020-04-26T00:00:00
1081,Patricia,Martin,patricia.martin1081@streamlineanalytics.com,StreamLine Analytics,Inbound - Webinar,Converted,70,3453,277,2022-03-30,2022-03-26T00:00:00
1082,Nancy,Martin,nancy.martin,Agile Dynamics,Inbound - Content,Working,13,,,,2023-07-13T00:00:00
1083,Thomas,Brown,thomas.brown1083@quantumlogiclabs.com,QuantumLogic Labs,Inbound - Webinar,MQL,95,,,,2023-04-14T00:00:00
1084,Elizabeth,Miller,elizabeth.miller1084@databridgecorp.com,DataBridge Corp,Event,MQL,54,,,,2023-09-23T00:00:00
1085,Sarah,Thompson,sarah.thompson1085@quantumlogiclabs.com,QuantumLogic Labs,Inbound - Content,New,28,,,,2022-10-24T00:00:00
1086,James,Wilson,james.wilson1086@quantumlogiclabs.com,QuantumLogic Labs,Outbound - Cold,SQL,99,,,,2023-10-18T00:00:00
1087,Michael,Jones,michael.jones1087@brightwavetech.com,BrightWave Tech,Event,Nurture,26,,,,2022-09-29T00:00:00
1088,Patricia,Williams,patricia.williams1088@cybervault.com,CyberVault,Event,Converted,56,749,466,2022-03-06,2021-12-24T00:00:00
1089,Lisa,Williams,lisa.williams1089@scaleupsystems.com,ScaleUp Systems,Product-Led,Converted,67,4471,627,2024-08-23,2024-07-31T00:00:00
1090,Nancy,Moore,nancy.moore1090@vertexai.com,VertexAI,Partner Referral,Converted,50,1245,94,2024-09-14,2024-08-04T00:00:00
1091,Charles,Smith,,VertexAI,Inbound - Webinar,Converted,62,2691,162,2024-01-15,2024-01-19T00:00:00
1092,John,Lee,john.lee1092@quantumlogiclabs.com,QuantumLogic Labs,Paid Search,Converted,53,667,846,2024-12-21,2024-10-28T00:00:00
1093,Jennifer,Lopez,jennifer.lopez1093@nexgensolutions.com,NexGen Solutions,Social Media,Disqualified,13,,,,2021-01-02T00:00:00
1094,Mary,Anderson,mary.anderson1094@truenorthdata.com,TrueNorth Data,Outbound - SDR,Disqualified,28,,,,2020-11-10T00:00:00
1095,Mary,Thomas,mary.thomas1095@nexgensolutions.com,NexGen Solutions,Inbound - Content,Converted,70,3543,700,2023-10-14,2023-08-29T00:00:00
1096,Patricia,Thomas,patricia.thomas1096@scaleupsystems.com,ScaleUp Systems,Partner Referral,MQL,86,,,,2024-01-29T00:00:00
1097,Joseph,Jones,joseph.jones1097@innovateco.com,InnovateCo,Outbound - Cold,MQL,92,,,,2020-01-23T00:00:00
1098,Susan,Johnson,susan.johnson1098@rapidcloud.com,RapidCloud,Product-Led,Disqualified,-9,,,,2023-07-21T00:00:00
1099,Jessica,Smith,jessica.smith1099@insightplatforms.com,Insight Platforms,Outbound - SDR,Nurture,63,,,,2020-10-24T00:00:00
1100,Mary,Williams,mary.williams1100@cloudscalesystems.com,CloudScale Systems,,New,14,,,,2020-03-04T00:00:00
1101,Lisa,Garcia,lisa.garcia1101@corestack.com,CoreStack,Paid Search,Converted,61,3289,479,2023-05-01,2023-03-11T00:00:00
1102,Richard,Thomas,richard.thomas1102@primepathdigital.com,PrimePath Digital,Outbound - SDR,Working,28,,,,2023-09-12T00:00:00
1103,William,Davis,william.davis1103@metasync.com,MetaSync,Inbound - Web,Disqualified,19,,,,2021-01-20T00:00:00
1104,Daniel,Hernandez,daniel.hernandez1104@futureforge.com,FutureForge,Event,Converted,92,91,708,2024-12-25,2024-11-03T00:00:00
1105,Lisa,Jackson,lisa.jackson1105@brightwavetech.com,BrightWave Tech,Inbound - Content,Converted,89,4948,717,2024-11-26,2024-09-19T00:00:00
1106,Barbara,Thomas,barbara.thomas1106@metasync.com,MetaSync,Inbound - Webinar,Nurture,65,,,,2021-06-15T00:00:00
1107,David,Anderson,david.anderson,CyberVault,Inbound - Webinar,Converted,98,1178,433,2022-11-29,2022-10-25T00:00:00
1108,Barbara,Wilson,barbara.wilson1108@scaleupsystems.com,ScaleUp Systems,Partner Referral,Working,52,,,,2021-03-09T00:00:00
1109,Thomas,Wilson,thomas.wilson1109@futureforge.com,FutureForge,Social Media,New,36,,,,2024-08-03T00:00:00
1110,David,Moore,david.moore1110@cybervault.com,CyberVault,Social Media,Disqualified,16,,,,2021-04-02T00:00:00
1111,Jennifer,Martin,jennifer.martin1111@primepathdigital.com,PrimePath Digital,Inbound - Web,Converted,79,337,226,2024-04-04,2024-02-25T00:00:00
1112,Mary,Davis,mary.davis1112@futureforge.com,FutureForge,Social Media,SQL,91,,,,2021-03-12T00:00:00
1113,Susan,Jackson,susan.jackson1113@pulsepointdigital.com,PulsePoint Digital,Inbound - Webinar,Disqualified,15,,,,2020-01-08T00:00:00
1114,John,Martinez,john.martinez1114@primepathdigital.com,PrimePath Digital,Outbound - SDR,New,26,,,,2020-09-08T00:00:00
1115,Robert,Brown,robert.brown1115@databridgecorp.com,DataBridge Corp,Outbound - SDR,MQL,62,,,,2024-03-25T00:00:00
1116,Sarah,Hernandez,sarah.hernandez1116@brightwavetech.com,BrightWave Tech,Outbound - Cold,Converted,69,3728,662,2021-04-12,2021-01-25T00:00:00
1117,Robert,Jackson,robert.jackson,PrimePath Digital,Paid Search,Working,35,,,,2024-11-29T00:00:00
1118,Elizabeth,Miller,elizabeth.miller1118@nexgensolutions.com,NexGen Solutions,Outbound - SDR,Converted,56,3919,391,2023-10-04,2023-08-12T00:00:00
1119,Jennifer,Moore,jennifer.moore1119@corestack.com,CoreStack,Product-Led,Disqualified,11,,,,2024-12-19T00:00:00
1120,James,Martin,james.martin1120@pulsepointdigital.com,PulsePoint Digital,Partner Referral,MQL,55,,,,2020-03-31T00:00:00
1121,Sarah,Thompson,sarah.thompson1121@cybervault.com,CyberVault,Outbound - SDR,Working,59,,,,2021-01-21T00:00:00
1122,Mary,Lopez,mary.lopez1122@pulsepointdigital.com,PulsePoint Digital,Event,SQL,93,,,,2020-11-25T00:00:00
1123,Nancy,Gonzalez,nancy.gonzalez1123@agiledynamics.com,Agile Dynamics,Inbound - Content,New,60,,,,2024-08-24T00:00:00
1124,Sarah,Anderson,sarah.anderson1124@streamlineanalytics.com,StreamLine Analytics,Product-Led,New,48,,,,2022-04-15T00:00:00
1125,David,Davis,david.davis1125@truenorthdata.com,TrueNorth Data,Inbound - Web,Converted,64,1806,785,2024-07-11,2024-05-13T00:00:00
1126,Lisa,Wilson,lisa.wilson,CyberVault,Outbound - Cold,Nurture,20,,,,2021-08-01T00:00:00
1127,Barbara,Jones,barbara.jones1127@streamlineanalytics.com,StreamLine Analytics,Event,SQL,98,,,,2024-04-20T00:00:00
1128,Jennifer,Jones,jennifer.jones1128@primepathdigital.com,PrimePath Digital,Paid Search,SQL,55,,,,2024-08-23T00:00:00
1129,Susan,Lopez,susan.lopez1129@techflowinc.com,TechFlow Inc,Paid Search,New,52,,,,2022-10-12T00:00:00
1130,Daniel,Thompson,daniel.thompson1130@corestack.com,CoreStack,Event,SQL,57,,,,2022-03-10T00:00:00
1131,David,Brown,david.brown1131@quantumlogiclabs.com,QuantumLogic Labs,Product-Led,Converted,76,2514,193,2023-10-01,2023-09-02T00:00:00
1132,Linda,Martin,linda.martin1132@innovateco.com,InnovateCo,Partner Referral,Nurture,31,,,,2022-02-26T00:00:00
1133,Susan,Garcia,susan.garcia1133@innovateco.com,InnovateCo,Inbound - Content,Working,63,,,,2020-10-15T00:00:00
1134,Robert,Gonzalez,robert.gonzalez1134@rapidcloud.com,RapidCloud,Inbound - Web,MQL,-69,,,,2020-06-09T00:00:00
1135,William,Smith,william.smith1135@metasync.com,MetaSync,Outbound - SDR,New,49,,,,2021-05-09T00:00:00
1136,John,Johnson,john.johnson1136@corestack.com,CoreStack,Outbound - Cold,Converted,95,3756,606,2024-03-09,2024-03-11T00:00:00
1137,Patricia,Brown,patricia.brown1137@insightplatforms.com,Insight Platforms,Outbound - Cold,Disqualified,9,,,,2022-10-12T00:00:00
1138,Lisa,Brown,lisa.brown1138@cybervault.com,CyberVault,Social Media,Converted,97,437,369,2021-03-06,2020-12-15T00:00:00
1139,Patricia,Gonzalez,patricia.gonzalez1139@insightplatforms.com,Insight Platforms,Inbound - Webinar,Converted,82,1319,278,2024-03-06,2024-01-19T00:00:00
1140,Joseph,Jackson,joseph.jackson1140@cloudscalesystems.com,CloudScale Systems,Partner Referral,Converted,58,4770,441,2023-04-28,2023-04-05T00:00:00
1141,Patricia,Taylor,patricia.taylor1141@techflowinc.com,TechFlow Inc,Inbound - Content,MQL,61,,,,2021-03-21T00:00:00
1142,Elizabeth,Miller,elizabeth.miller1142@metasync.com,MetaSync,Product-Led,Converted,57,1217,131,2023-10-14,2023-09-04T00:00:00
1143,Richard,Jones,richard.jones1143@vertexai.com,VertexAI,Inbound - Content,Disqualified,5,,,,2024-02-09T00:00:00
1144,Susan,Taylor,susan.taylor1144@agiledynamics.com,Agile Dynamics,Outbound - Cold,SQL,53,,,,2022-10-26T00:00:00
1145,John,Thomas,john.thomas1145@brightwavetech.com,BrightWave Tech,,Nurture,47,,,,2020-09-12T00:00:00
1146,Robert,Gonzalez,robert.gonzalez1146@pulsepointdigital.com,PulsePoint Digital,Inbound - Webinar,Nurture,20,,,,2024-12-10T00:00:00
1147,Mary,Jackson,mary.jackson,Agile Dynamics,Inbound - Webinar,New,37,,,,2022-03-28T00:00:00
1148,Christopher,Thompson,christopher.thompson1148@metasync.com,MetaSync,Outbound - SDR,MQL,52,,,,2020-04-29T00:00:00
1149,Jessica,Taylor,jessica.taylor1149@corestack.com,CoreStack,Paid Search,Disqualified,18,,,,2023-07-15T00:00:00
1150,James,Garcia,james.garcia1150@techflowinc.com,TechFlow Inc,Inbound - Webinar,Working,46,,,,2024-08-08T00:00:00
1151,Joseph,Rodriguez,joseph.rodriguez1151@scaleupsystems.com,ScaleUp Systems,Outbound - Cold,Nurture,20,,,,2021-02-28T00:00:00
1152,Daniel,Lopez,daniel.lopez1152@techflowinc.com,TechFlow Inc,Partner Referral,Disqualified,0,,,,2021-07-20T00:00:00
1153,Daniel,Williams,daniel.williams1153@rapidcloud.com,RapidCloud,Paid Search,MQL,97,,,,2021-01-31T00:00:00
1154,Daniel,Moore,daniel.moore1154@corestack.com,CoreStack,Outbound - SDR,Working,10,,,,2020-10-14T00:00:00
1155,Christopher,Williams,christopher.williams1155@innovateco.com,InnovateCo,Paid Search,New,50,,,,2023-08-25T00:00:00
1156,Michael,Thomas,michael.thomas1156@pulsepointdigital.com,PulsePoint Digital,Product-Led,Converted,57,1221,595,2024-01-02,2023-12-31T00:00:00
1157,Christopher,Smith,christopher.smith1157@rapidcloud.com,RapidCloud,Paid Search,Converted,76,858,368,2023-04-22,2023-03-30T00:00:00
1158,Jennifer,Brown,jennifer.brown1158@rapidcloud.com,RapidCloud,Product-Led,New,31,,,,2021-02-14T00:00:00
1159,Elizabeth,Martin,elizabeth.martin1159@techflowinc.com,TechFlow Inc,Inbound - Content,MQL,71,,,,2023-06-14T00:00:00
1160,John,Williams,john.williams1160@cybervault.com,CyberVault,Social Media,SQL,77,,,,2024-09-26T00:00:00
1161,Lisa,Martinez,lisa.martinez1161@futureforge.com,FutureForge,Outbound - Cold,SQL,71,,,,2020-05-24T00:00:00
1162,Linda,Lee,linda.lee1162@corestack.com,CoreStack,Inbound - Web,Working,25,,,,2022-08-15T00:00:00
1163,Charles,Hernandez,charles.hernandez1163@insightplatforms.com,Insight Platforms,Partner Referral,Converted,92,1457,769,2021-02-28,2021-02-15T00:00:00
1164,John,Brown,john.brown1164@truenorthdata.com,TrueNorth Data,Product-Led,Disqualified,14,,,,2020-04-13T00:00:00
1165,Patricia,Martinez,patricia.martinez1165@pulsepointdigital.com,PulsePoint Digital,Inbound - Content,New,10,,,,2021-04-22T00:00:00
1166,Barbara,Miller,barbara.miller1166@brightwavetech.com,BrightWave Tech,Event,Converted,73,3186,435,2024-12-14,2024-12-14T00:00:00
1167,Barbara,Wilson,barbara.wilson1167@corestack.com,CoreStack,Product-Led,Disqualified,17,,,,2021-07-27T00:00:00
1168,Thomas,Lee,thomas.lee1168@primepathdigital.com,PrimePath Digital,Inbound - Content,Working,48,,,,2021-10-17T00:00:00
1169,Nancy,Martin,nancy.martin1169@futureforge.com,FutureForge,Paid Search,MQL,69,,,,2023-09-06T00:00:00
1170,David,Gonzalez,david.gonzalez1170@scaleupsystems.com,ScaleUp Systems,Outbound - Cold,MQL,70,,,,2024-10-21T00:00:00
1171,William,Taylor,william.taylor1171@brightwavetech.com,BrightWave Tech,Social Media,MQL,86,,,,2020-06-15T00:00:00
1172,Jennifer,Lopez,jennifer.lopez1172@streamlineanalytics.com,StreamLine Analytics,Inbound - Web,Nurture,38,,,,2023-12-09T00:00:00
1173,Lisa,Williams,lisa.williams1173@insightplatforms.com,Insight Platforms,Outbound - Cold,Disqualified,20,,,,2022-12-01T00:00:00
1174,Lisa,Martinez,lisa.martinez1174@vertexai.com,VertexAI,Inbound - Web,Nurture,41,,,,2023-09-27T00:00:00
1175,Joseph,Johnson,joseph.johnson1175@databridgecorp.com,DataBridge Corp,Social Media,Disqualified,5,,,,2024-05-06T00:00:00
1176,Lisa,Brown,lisa.brown1176@quantumlogiclabs.com,QuantumLogic Labs,Partner Referral,Converted,72,1027,916,2023-02-02,2022-12-30T00:00:00
1177,Richard,Lee,richard.lee1177@primepathdigital.com,PrimePath Digital,Paid Search,Disqualified,12,,,,2022-06-06T00:00:00
1178,Susan,Martin,susan.martin1178@insightplatforms.com,Insight Platforms,Inbound - Content,MQL,60,,,,2020-10-04T00:00:00
1179,Elizabeth,Anderson,elizabeth.anderson1179@databridgecorp.com,DataBridge Corp,,SQL,59,,,,2023-04-19T00:00:00
1180,David,Lopez,david.lopez1180@agiledynamics.com,Agile Dynamics,Outbound - SDR,SQL,76,,,,2022-08-03T00:00:00
1181,Lisa,Taylor,lisa.taylor1181@agiledynamics.com,Agile Dynamics,Product-Led,Converted,92,761,313,2024-10-14,2024-09-10T00:00:00
1182,Robert,Martin,robert.martin1182@innovateco.com,InnovateCo,Inbound - Web,MQL,66,,,,2020-02-08T00:00:00
1183,Jessica,Thomas,jessica.thomas1183@corestack.com,CoreStack,Outbound - SDR,Converted,69,3070,202,2024-02-02,2023-12-03T00:00:00
1184,Jessica,Thompson,jessica.thompson1184@techflowinc.com,TechFlow Inc,Inbound - Webinar,Working,70,,,,2020-07-13T00:00:00
1185,Jessica,Gonzalez,jessica.gonzalez1185@innovateco.com,InnovateCo,Event,Converted,76,1526,972,2024-01-28,2024-01-18T00:00:00
1186,Daniel,Thomas,daniel.thomas1186@cybervault.com,CyberVault,Social Media,New,61,,,,2024-01-03T00:00:00
1187,Jennifer,Gonzalez,jennifer.gonzalez1187@metasync.com,MetaSync,Paid Search,SQL,87,,,,2022-06-12T00:00:00
1188,Richard,Smith,richard.smith,RapidCloud,Event,Nurture,54,,,,2023-12-21T00:00:00
1189,Michael,Thomas,michael.thomas1189@rapidcloud.com,RapidCloud,Partner Referral,Converted,99,3098,98,2024-12-02,2024-11-28T00:00:00
1190,David,Martinez,david.martinez1190@primepathdigital.com,PrimePath Digital,Outbound - SDR,Disqualified,-20,,,,2024-08-25T00:00:00
1191,Barbara,Taylor,,BrightWave Tech,Inbound - Content,New,54,,,,2022-03-18T00:00:00
1192,Mary,Martin,mary.martin1192@quantumlogiclabs.com,QuantumLogic Labs,Social Media,Disqualified,16,,,,2022-01-28T00:00:00
1193,Barbara,Rodriguez,barbara.rodriguez1193@nexgensolutions.com,NexGen Solutions,Product-Led,Nurture,56,,,,2021-01-24T00:00:00
1194,Christopher,Garcia,christopher.garcia1194@techflowinc.com,TechFlow Inc,Outbound - Cold,SQL,52,,,,2020-09-16T00:00:00
1195,Mary,Lopez,mary.lopez1195@futureforge.com,FutureForge,Outbound - SDR,Working,28,,,,2022-11-29T00:00:00
1196,William,Smith,william.smith1196@techflowinc.com,TechFlow Inc,Paid Search,Nurture,64,,,,2022-10-07T00:00:00
1197,Charles,Miller,charles.miller1197@quantumlogiclabs.com,QuantumLogic Labs,Event,New,41,,,,2023-08-29T00:00:00
1198,Robert,Rodriguez,robert.rodriguez1198@innovateco.com,InnovateCo,Inbound - Web,Converted,77,620,384,2024-11-05,2024-10-01T00:00:00
1199,Elizabeth,Williams,,ScaleUp Systems,,Converted,79,3462,635,2024-07-31,2024-06-02T00:00:00
1200,Charles,Gonzalez,charles.gonzalez1200@primepathdigital.com,PrimePath Digital,Social Media,Disqualified,7,,,,2021-08-18T00:00:00
1201,Linda,Moore,linda.moore1201@primepathdigital.com,PrimePath Digital,Paid Search,New,69,,,,2020-05-15T00:00:00
1202,Karen,Anderson,karen.anderson1202@nexgensolutions.com,NexGen Solutions,Outbound - Cold,Nurture,45,,,,2020-02-20T00:00:00
1203,Elizabeth,Anderson,elizabeth.anderson1203@cybervault.com,CyberVault,Event,Working,31,,,,2021-02-02T00:00:00
1204,Michael,Davis,michael.davis1204@primepathdigital.com,PrimePath Digital,Event,Converted,83,164,679,2022-12-24,2022-12-16T00:00:00
1205,Robert,Miller,robert.miller1205@scaleupsystems.com,ScaleUp Systems,Outbound - Cold,MQL,82,,,,2021-11-09T00:00:00
1206,Patricia,Lee,patricia.lee1206@databridgecorp.com,DataBridge Corp,Inbound - Webinar,Converted,74,3319,776,2024-11-24,2024-11-20T00:00:00
1207,Christopher,Martinez,christopher.martinez1207@vertexai.com,VertexAI,Social Media,New,-69,,,,2023-04-13T00:00:00
1208,John,Lee,john.lee1208@cybervault.com,CyberVault,Social Media,New,10,,,,2023-10-02T00:00:00
1209,Joseph,Jones,joseph.jones1209@brightwavetech.com,BrightWave Tech,Paid Search,Working,46,,,,2024-01-25T00:00:00
1210,David,Hernandez,,RapidCloud,Inbound - Webinar,Converted,55,65,456,2024-02-18,2024-01-09T00:00:00
1211,Thomas,Thompson,thomas.thompson1211@agiledynamics.com,Agile Dynamics,Inbound - Webinar,Converted,94,4455,549,2023-10-29,2023-08-19T00:00:00
1212,Christopher,Martinez,christopher.martinez1212@insightplatforms.com,Insight Platforms,Outbound - SDR,Disqualified,20,,,,2024-07-09T00:00:00
1213,Christopher,Taylor,christopher.taylor,BrightWave Tech,Partner Referral,Converted,-77,3622,449,2024-06-07,2024-05-22T00:00:00
1214,Richard,Miller,richard.miller1214@truenorthdata.com,TrueNorth Data,Event,New,70,,,,2023-07-02T00:00:00
1215,Elizabeth,Miller,elizabeth.miller1215@agiledynamics.com,Agile Dynamics,Inbound - Webinar,Nurture,36,,,,2024-03-25T00:00:00
1216,Nancy,Jackson,nancy.jackson1216@corestack.com,CoreStack,Outbound - SDR,New,41,,,,2020-01-20T00:00:00
1217,Linda,Williams,linda.williams1217@nexgensolutions.com,NexGen Solutions,Partner Referral,Disqualified,-21,,,,2024-03-05T00:00:00
1218,Elizabeth,Taylor,elizabeth.taylor1218@primepathdigital.com,PrimePath Digital,Inbound - Webinar,SQL,59,,,,2020-09-14T00:00:00
1219,Linda,Taylor,linda.taylor1219@brightwavetech.com,BrightWave Tech,Social Media,SQL,63,,,,2022-03-31T00:00:00
1220,Joseph,Davis,joseph.davis1220@cloudscalesystems.com,CloudScale Systems,Outbound - SDR,New,60,,,,2021-02-25T00:00:00
1221,Daniel,Gonzalez,daniel.gonzalez1221@nexgensolutions.com,NexGen Solutions,Outbound - Cold,Working,67,,,,2023-09-03T00:00:00
1222,Robert,Gonzalez,robert.gonzalez1222@agiledynamics.com,Agile Dynamics,Inbound - Content,Working,40,,,,2023-12-26T00:00:00
1223,Richard,Lee,richard.lee1223@scaleupsystems.com,ScaleUp Systems,Outbound - Cold,MQL,67,,,,2024-03-29T00:00:00
1224,Thomas,Anderson,thomas.anderson1224@pulsepointdigital.com,PulsePoint Digital,Outbound - SDR,Disqualified,7,,,,2021-12-12T00:00:00
1225,Elizabeth,Taylor,elizabeth.taylor1225@innovateco.com,InnovateCo,Event,Disqualified,6,,,,2023-07-07T00:00:00
1226,William,Thomas,william.thomas1226@scaleupsystems.com,ScaleUp Systems,Outbound - SDR,Working,10,,,,2020-06-20T00:00:00
1227,Michael,Martinez,michael.martinez1227@nexgensolutions.com,NexGen Solutions,Paid Search,New,58,,,,2021-01-19T00:00:00
1228,Charles,Lee,charles.lee1228@brightwavetech.com,BrightWave Tech,Inbound - Web,Converted,92,1375,387,2024-12-12,2024-11-22T00:00:00
1229,William,Brown,william.brown1229@rapidcloud.com,RapidCloud,Paid Search,MQL,63,,,,2024-05-23T00:00:00
1230,Mary,Hernandez,mary.hernandez1230@brightwavetech.com,BrightWave Tech,Partner Referral,Nurture,64,,,,2023-03-16T00:00:00
1231,Patricia,Jackson,,VertexAI,Social Media,Converted,58,2853,375,2024-04-30,2024-04-17T00:00:00
1232,Mary,Lee,mary.lee1232@scaleupsystems.com,ScaleUp Systems,Inbound - Webinar,Converted,60,239,96,2024-09-21,2024-08-24T00:00:00
1233,Mary,Miller,mary.miller1233@techflowinc.com,TechFlow Inc,Event,SQL,75,,,,2020-07-24T00:00:00
1234,Susan,Taylor,susan.taylor1234@agiledynamics.com,Agile Dynamics,Event,Nurture,56,,,,2022-06-30T00:00:00
1235,Linda,Rodriguez,linda.rodriguez,VertexAI,Partner Referral,Working,25,,,,2021-04-21T00:00:00
1236,Charles,Taylor,charles.taylor1236@primepathdigital.com,PrimePath Digital,Inbound - Web,SQL,63,,,,2020-05-26T00:00:00
1237,Elizabeth,Anderson,elizabeth.anderson1237@vertexai.com,VertexAI,Event,Disqualified,5,,,,2022-05-28T00:00:00
1238,Sarah,Lopez,sarah.lopez1238@vertexai.com,VertexAI,Event,Working,47,,,,2022-05-12T00:00:00
1239,Patricia,Rodriguez,patricia.rodriguez1239@corestack.com,CoreStack,Inbound - Webinar,Converted,62,1504,134,2022-11-06,2022-10-01T00:00:00
1240,John,Johnson,john.johnson1240@innovateco.com,InnovateCo,Product-Led,Disqualified,23,,,,2021-01-24T00:00:00
1241,Jessica,Jones,jessica.jones1241@truenorthdata.com,TrueNorth Data,Social Media,Nurture,21,,,,2022-11-21T00:00:00
1242,Joseph,Smith,joseph.smith1242@cybervault.com,CyberVault,Inbound - Content,SQL,75,,,,2024-03-12T00:00:00
1243,Lisa,Moore,lisa.moore1243@primepathdigital.com,PrimePath Digital,Partner Referral,Converted,88,3750,769,2024-09-18,2024-07-23T00:00:00
1244,James,Jackson,james.jackson1244@brightwavetech.com,BrightWave Tech,Inbound - Webinar,MQL,84,,,,2020-12-20T00:00:00
1245,Linda,Davis,linda.davis1245@innovateco.com,InnovateCo,Event,Converted,50,1388,742,2021-05-11,2021-04-09T00:00:00
1246,Jennifer,Davis,jennifer.davis1246@truenorthdata.com,TrueNorth Data,Inbound - Web,Disqualified,0,,,,2021-04-17T00:00:00
1247,Lisa,Moore,lisa.moore1247@innovateco.com,InnovateCo,Social Media,Working,53,,,,2022-03-29T00:00:00
1248,Daniel,Davis,daniel.davis1248@metasync.com,MetaSync,Product-Led,MQL,70,,,,2020-08-23T00:00:00
1249,Michael,Martinez,michael.martinez1249@pulsepointdigital.com,PulsePoint Digital,Inbound - Web,Disqualified,8,,,,2020-04-23T00:00:00
1250,Daniel,Lee,daniel.lee1250@streamlineanalytics.com,StreamLine Analytics,Inbound - Webinar,SQL,52,,,,2020-01-02T00:00:00
1251,Daniel,Lopez,daniel.lopez1251@futureforge.com,FutureForge,Outbound - SDR,Disqualified,6,,,,2021-02-09T00:00:00
1252,Nancy,Williams,nancy.williams1252@primepathdigital.com,PrimePath Digital,Paid Search,Converted,97,8,921,2024-10-17,2024-08-21T00:00:00
1253,Lisa,Wilson,lisa.wilson1253@brightwavetech.com,BrightWave Tech,Inbound - Web,Converted,90,2273,310,2024-03-29,2024-01-20T00:00:00
1254,Linda,Gonzalez,linda.gonzalez1254@quantumlogiclabs.com,QuantumLogic Labs,Inbound - Content,Converted,82,478,905,2024-06-09,2024-05-15T00:00:00
1255,William,Hernandez,william.hernandez1255@innovateco.com,InnovateCo,Product-Led,Nurture,57,,,,2021-09-17T00:00:00
1256,Thomas,Rodriguez,thomas.rodriguez1256@corestack.com,CoreStack,Event,Working,22,,,,2020-10-17T00:00:00
1257,William,Williams,william.williams1257@databridgecorp.com,DataBridge Corp,Inbound - Content,MQL,81,,,,2020-12-24T00:00:00
1258,Jessica,Davis,jessica.davis1258@futureforge.com,FutureForge,Paid Search,Converted,59,942,977,2024-07-21,2024-07-02T00:00:00
1259,Richard,Gonzalez,richard.gonzalez1259@pulsepointdigital.com,PulsePoint Digital,Outbound - SDR,New,24,,,,2022-10-11T00:00:00
1260,Joseph,Smith,joseph.smith1260@innovateco.com,InnovateCo,Event,Disqualified,1,,,,2021-09-05T00:00:00
1261,Mary,Anderson,mary.anderson1261@techflowinc.com,TechFlow Inc,Paid Search,Converted,62,940,431,2024-11-06,2024-08-17T00:00:00
1262,Lisa,Lee,lisa.lee1262@truenorthdata.com,TrueNorth Data,Inbound - Content,Working,44,,,,2024-07-06T00:00:00
1263,Joseph,Martinez,joseph.martinez1263@techflowinc.com,TechFlow Inc,Event,Working,21,,,,2023-02-27T00:00:00
1264,Barbara,Rodriguez,barbara.rodriguez1264@nexgensolutions.com,NexGen Solutions,Event,Working,23,,,,2024-01-05T00:00:00
1265,Sarah,Thompson,sarah.thompson1265@brightwavetech.com,BrightWave Tech,Outbound - SDR,Nurture,31,,,,2023-09-27T00:00:00
1266,Joseph,Jones,joseph.jones1266@pulsepointdigital.com,PulsePoint Digital,Outbound - Cold,SQL,-94,,,,2024-09-25T00:00:00
1267,Barbara,Thomas,barbara.thomas1267@techflowinc.com,TechFlow Inc,Inbound - Content,Converted,88,643,466,2024-12-24,2024-12-17T00:00:00
1268,Nancy,Thomas,nancy.thomas1268@primepathdigital.com,PrimePath Digital,Outbound - SDR,New,24,,,,2021-09-15T00:00:00
1269,Elizabeth,Martin,elizabeth.martin1269@agiledynamics.com,Agile Dynamics,Outbound - Cold,New,14,,,,2020-11-14T00:00:00
1270,Joseph,Williams,joseph.williams1270@scaleupsystems.com,ScaleUp Systems,Product-Led,Converted,-99,4235,235,2024-02-19,2024-01-30T00:00:00
1271,Daniel,Davis,daniel.davis1271@techflowinc.com,TechFlow Inc,Inbound - Web,SQL,98,,,,2021-12-29T00:00:00
1272,Karen,Jackson,,Agile Dynamics,Inbound - Webinar,Nurture,29,,,,2021-06-15T00:00:00
1273,James,Garcia,james.garcia1273@streamlineanalytics.com,StreamLine Analytics,Inbound - Content,MQL,-95,,,,2024-12-16T00:00:00
1274,Patricia,Lopez,patricia.lopez1274@techflowinc.com,TechFlow Inc,,New,63,,,,2023-03-15T00:00:00
1275,Daniel,Davis,daniel.davis1275@cloudscalesystems.com,CloudScale Systems,Inbound - Web,Disqualified,4,,,,2023-04-19T00:00:00
1276,Linda,Anderson,linda.anderson1276@futureforge.com,FutureForge,Paid Search,SQL,77,,,,2024-04-14T00:00:00
1277,Sarah,Moore,sarah.moore1277@nexgensolutions.com,NexGen Solutions,Inbound - Web,Disqualified,11,,,,2020-04-24T00:00:00
1278,Patricia,Johnson,patricia.johnson1278@corestack.com,CoreStack,Inbound - Content,Converted,80,510,656,2024-09-04,2024-08-02T00:00:00
1279,Susan,Moore,susan.moore1279@pulsepointdigital.com,PulsePoint Digital,Product-Led,New,58,,,,2023-11-27T00:00:00
1280,Susan,Smith,susan.smith1280@metasync.com,MetaSync,Event,Converted,57,1763,464,2024-08-02,2024-07-27T00:00:00
1281,Joseph,Jackson,joseph.jackson1281@insightplatforms.com,Insight Platforms,Outbound - SDR,New,16,,,,2020-03-07T00:00:00
1282,John,Lee,john.lee1282@futureforge.com,FutureForge,Partner Referral,SQL,80,,,,2024-01-18T00:00:00
1283,Richard,Moore,richard.moore1283@cybervault.com,CyberVault,Outbound - SDR,New,35,,,,2024-06-11T00:00:00
1284,Thomas,Brown,thomas.brown1284@databridgecorp.com,DataBridge Corp,Event,Disqualified,22,,,,2023-02-16T00:00:00
1285,Daniel,Rodriguez,daniel.rodriguez1285@cloudscalesystems.com,CloudScale Systems,Event,New,54,,,,2020-11-07T00:00:00
1286,Jennifer,Garcia,jennifer.garcia,CoreStack,Partner Referral,Nurture,33,,,,2020-05-01T00:00:00
1287,Christopher,Taylor,christopher.taylor1287@scaleupsystems.com,ScaleUp Systems,Outbound - SDR,Working,21,,,,2024-05-23T00:00:00
1288,Christopher,Thomas,christopher.thomas1288@pulsepointdigital.com,PulsePoint Digital,Partner Referral,Working,37,,,,2024-01-19T00:00:00
1289,Nancy,Lee,nancy.lee1289@truenorthdata.com,TrueNorth Data,Event,New,27,,,,2021-01-01T00:00:00
1290,Charles,Thomas,charles.thomas1290@streamlineanalytics.com,StreamLine Analytics,Inbound - Content,MQL,74,,,,2023-06-13T00:00:00
1291,Lisa,Gonzalez,lisa.gonzalez1291@agiledynamics.com,Agile Dynamics,Inbound - Webinar,Nurture,60,,,,2021-03-06T00:00:00
1292,Robert,Davis,robert.davis1292@metasync.com,MetaSync,Event,Converted,93,3232,333,2023-07-10,2023-07-04T00:00:00
1293,Christopher,Johnson,christopher.johnson1293@scaleupsystems.com,ScaleUp Systems,Outbound - SDR,Working,36,,,,2020-12-30T00:00:00
1294,Susan,Williams,susan.williams1294@cybervault.com,CyberVault,Inbound - Content,Converted,100,1520,685,2024-11-14,2024-08-24T00:00:00
1295,Nancy,Smith,nancy.smith1295@cloudscalesystems.com,CloudScale Systems,,Nurture,11,,,,2021-10-10T00:00:00
1296,Mary,Thompson,mary.thompson1296@corestack.com,CoreStack,Inbound - Content,SQL,96,,,,2024-03-25T00:00:00
1297,Joseph,Lopez,joseph.lopez1297@metasync.com,MetaSync,Event,Converted,74,2973,396,2024-05-03,2024-04-24T00:00:00
1298,Linda,Johnson,linda.johnson1298@techflowinc.com,TechFlow Inc,Paid Search,Working,21,,,,2024-11-08T00:00:00
1299,Thomas,Smith,thomas.smith1299@cloudscalesystems.com,CloudScale Systems,Partner Referral,Disqualified,20,,,,2023-02-20T00:00:00
1300,Barbara,Smith,barbara.smith1300@truenorthdata.com,TrueNorth Data,Partner Referral,Nurture,23,,,,2021-05-25T00:00:00
1301,Thomas,Martin,,DataBridge Corp,Partner Referral,Working,11,,,,2022-05-01T00:00:00
1302,Linda,Moore,linda.moore1302@streamlineanalytics.com,StreamLine Analytics,Outbound - Cold,MQL,82,,,,2021-08-25T00:00:00
1303,Jessica,Martin,jessica.martin1303@primepathdigital.com,PrimePath Digital,Product-Led,Converted,87,1355,870,2023-09-21,2023-07-03T00:00:00
1304,Charles,Hernandez,charles.hernandez1304@streamlineanalytics.com,StreamLine Analytics,Paid Search,Converted,53,3981,719,2024-03-13,2024-02-25T00:00:00
1305,Barbara,Smith,barbara.smith1305@databridgecorp.com,DataBridge Corp,Event,Converted,66,3939,896,2021-05-13,2021-02-25T00:00:00
1306,Karen,Williams,karen.williams1306@corestack.com,CoreStack,,Disqualified,21,,,,2020-08-27T00:00:00
1307,Lisa,Lee,lisa.lee1307@databridgecorp.com,DataBridge Corp,Inbound - Content,Working,30,,,,2024-12-09T00:00:00
1308,Barbara,Lee,barbara.lee1308@innovateco.com,InnovateCo,Inbound - Content,Disqualified,20,,,,2022-01-19T00:00:00
1309,Elizabeth,Johnson,elizabeth.johnson1309@techflowinc.com,TechFlow Inc,Product-Led,Converted,64,2951,732,2022-12-28,2022-11-01T00:00:00
1310,Susan,Davis,susan.davis1310@corestack.com,CoreStack,Event,MQL,54,,,,2021-06-16T00:00:00
1311,Jennifer,Taylor,jennifer.taylor1311@techflowinc.com,TechFlow Inc,Event,New,10,,,,2020-10-19T00:00:00
1312,Elizabeth,Wilson,elizabeth.wilson1312@corestack.com,CoreStack,Inbound - Web,Converted,50,2287,67,2024-11-05,2024-10-31T00:00:00
1313,Lisa,Gonzalez,lisa.gonzalez,InnovateCo,Inbound - Webinar,Converted,97,2317,471,2023-08-15,2023-06-14T00:00:00
1314,John,Lee,john.lee1314@truenorthdata.com,TrueNorth Data,Product-Led,MQL,74,,,,2023-02-19T00:00:00
1315,David,Lopez,david.lopez1315@brightwavetech.com,BrightWave Tech,Event,Working,21,,,,2020-06-16T00:00:00
1316,Lisa,Taylor,lisa.taylor1316@pulsepointdigital.com,PulsePoint Digital,Partner Referral,Nurture,51,,,,2020-02-23T00:00:00
1317,Elizabeth,Moore,elizabeth.moore1317@brightwavetech.com,BrightWave Tech,Outbound - SDR,Converted,74,2817,507,2024-12-07,2024-11-09T00:00:00
1318,John,Brown,,MetaSync,Partner Referral,Converted,73,386,746,2024-12-09,2024-11-28T00:00:00
1319,Richard,Smith,richard.smith1319@scaleupsystems.com,ScaleUp Systems,Inbound - Web,Converted,87,4746,570,2024-12-05,2024-11-24T00:00:00
1320,Sarah,Moore,sarah.moore1320@innovateco.com,InnovateCo,Outbound - SDR,New,63,,,,2021-04-08T00:00:00
1321,Sarah,Brown,sarah.brown1321@streamlineanalytics.com,StreamLine Analytics,Paid Search,MQL,77,,,,2021-12-11T00:00:00
1322,Mary,Jones,mary.jones1322@cloudscalesystems.com,CloudScale Systems,Event,Working,65,,,,2021-06-19T00:00:00
1323,Daniel,Williams,daniel.williams,InnovateCo,Inbound - Content,SQL,85,,,,2022-09-06T00:00:00
1324,Jessica,Wilson,jessica.wilson1324@rapidcloud.com,RapidCloud,Outbound - SDR,Working,70,,,,2020-09-07T00:00:00
1325,Jennifer,Smith,,PrimePath Digital,Outbound - Cold,Disqualified,18,,,,2023-01-10T00:00:00
1326,James,Martin,james.martin1326@futureforge.com,FutureForge,,MQL,62,,,,2024-03-15T00:00:00
1327,Sarah,Anderson,sarah.anderson1327@futureforge.com,FutureForge,Inbound - Web,Disqualified,16,,,,2024-12-10T00:00:00
1328,Michael,Gonzalez,michael.gonzalez1328@pulsepointdigital.com,PulsePoint Digital,Event,New,62,,,,2020-06-17T00:00:00
1329,Charles,Davis,charles.davis1329@nexgensolutions.com,NexGen Solutions,Paid Search,SQL,64,,,,2020-02-17T00:00:00
1330,Jessica,Johnson,jessica.johnson1330@futureforge.com,FutureForge,Event,Converted,60,997,211,2023-02-09,2023-01-16T00:00:00
1331,Jessica,Brown,jessica.brown1331@brightwavetech.com,BrightWave Tech,Event,New,37,,,,2023-10-27T00:00:00
1332,Nancy,Rodriguez,nancy.rodriguez1332@insightplatforms.com,Insight Platforms,Product-Led,SQL,82,,,,2023-12-21T00:00:00
1333,Sarah,Williams,,InnovateCo,Social Media,Disqualified,10,,,,2024-06-16T00:00:00
1334,Thomas,Lopez,thomas.lopez1334@databridgecorp.com,DataBridge Corp,Event,Disqualified,6,,,,2022-11-06T00:00:00
1335,Robert,Smith,robert.smith1335@vertexai.com,VertexAI,Social Media,New,42,,,,2020-03-24T00:00:00
1336,John,Thomas,,DataBridge Corp,Inbound - Webinar,Converted,96,100,284,2024-09-12,2024-08-04T00:00:00
1337,Christopher,Thomas,christopher.thomas1337@corestack.com,CoreStack,Inbound - Webinar,New,69,,,,2020-01-23T00:00:00
1338,Karen,Rodriguez,karen.rodriguez1338@cybervault.com,CyberVault,Product-Led,MQL,79,,,,2022-03-29T00:00:00
1339,Charles,Johnson,charles.johnson1339@brightwavetech.com,BrightWave Tech,Paid Search,Disqualified,25,,,,2024-06-01T00:00:00
1340,Jessica,Williams,jessica.williams1340@nexgensolutions.com,NexGen Solutions,Inbound - Web,MQL,56,,,,2023-11-05T00:00:00
1341,Charles,Rodriguez,charles.rodriguez1341@brightwavetech.com,BrightWave Tech,Partner Referral,Working,43,,,,2020-01-12T00:00:00
1342,Elizabeth,Miller,elizabeth.miller1342@scaleupsystems.com,ScaleUp Systems,Paid Search,MQL,93,,,,2022-11-19T00:00:00
1343,John,Martin,john.martin1343@innovateco.com,InnovateCo,Social Media,MQL,81,,,,2020-07-01T00:00:00
1344,Richard,Brown,richard.brown1344@cybervault.com,CyberVault,Product-Led,Converted,66,370,239,2021-02-17,2021-02-14T00:00:00
1345,Thomas,Wilson,thomas.wilson1345@pulsepointdigital.com,PulsePoint Digital,Inbound - Web,New,53,,,,2022-07-04T00:00:00
1346,Thomas,Martinez,thomas.martinez1346@nexgensolutions.com,NexGen Solutions,Inbound - Content,MQL,88,,,,2024-02-08T00:00:00
1347,James,Wilson,james.wilson1347@pulsepointdigital.com,PulsePoint Digital,Inbound - Web,Converted,83,1317,942,2024-10-23,2024-10-22T00:00:00
1348,James,Davis,james.davis1348@insightplatforms.com,Insight Platforms,Social Media,Working,44,,,,2021-09-23T00:00:00
1349,Linda,Taylor,linda.taylor1349@cybervault.com,CyberVault,Outbound - Cold,Nurture,46,,,,2024-06-12T00:00:00
1350,Elizabeth,Davis,elizabeth.davis1350@techflowinc.com,TechFlow Inc,Partner Referral,Nurture,10,,,,2020-12-14T00:00:00
1351,Sarah,Hernandez,sarah.hernandez1351@scaleupsystems.com,ScaleUp Systems,Inbound - Web,New,70,,,,2024-05-19T00:00:00
1352,Nancy,Lopez,nancy.lopez1352@streamlineanalytics.com,StreamLine Analytics,Partner Referral,Converted,97,3105,881,2023-03-08,2023-03-14T00:00:00
1353,Jessica,Davis,jessica.davis1353@vertexai.com,VertexAI,Product-Led,MQL,83,,,,2024-09-08T00:00:00
1354,Daniel,Thomas,daniel.thomas1354@futureforge.com,FutureForge,Inbound - Content,Working,52,,,,2020-12-10T00:00:00
1355,James,Martinez,james.martinez1355@innovateco.com,InnovateCo,Inbound - Webinar,Converted,71,3366,749,2021-12-13,2021-10-01T00:00:00
1356,Jessica,Jones,jessica.jones1356@nexgensolutions.com,NexGen Solutions,Outbound - SDR,SQL,55,,,,2020-03-20T00:00:00
1357,Jennifer,Martinez,jennifer.martinez1357@scaleupsystems.com,ScaleUp Systems,Inbound - Content,Converted,80,650,516,2022-11-06,2022-09-17T00:00:00
1358,Jessica,Martin,jessica.martin1358@vertexai.com,VertexAI,Outbound - SDR,Working,57,,,,2021-05-31T00:00:00
1359,Linda,Thomas,linda.thomas1359@streamlineanalytics.com,StreamLine Analytics,Product-Led,MQL,64,,,,2022-11-01T00:00:00
1360,Daniel,Gonzalez,daniel.gonzalez1360@scaleupsystems.com,ScaleUp Systems,Social Media,Converted,84,1832,989,2024-06-13,2024-05-22T00:00:00
1361,Daniel,Gonzalez,daniel.gonzalez1361@vertexai.com,VertexAI,Outbound - SDR,SQL,90,,,,2020-03-24T00:00:00
1362,Nancy,Jones,nancy.jones1362@innovateco.com,InnovateCo,Social Media,Nurture,46,,,,2020-04-23T00:00:00
1363,Daniel,Johnson,daniel.johnson1363@agiledynamics.com,Agile Dynamics,Inbound - Webinar,Converted,67,2755,770,2022-03-14,2022-01-06T00:00:00
1364,Karen,Wilson,karen.wilson1364@scaleupsystems.com,ScaleUp Systems,Inbound - Content,Working,58,,,,2020-11-29T00:00:00
1365,Barbara,Thompson,barbara.thompson1365@agiledynamics.com,Agile Dynamics,Event,Disqualified,14,,,,2023-05-24T00:00:00
1366,Susan,Lopez,susan.lopez,DataBridge Corp,Event,Disqualified,21,,,,2020-08-23T00:00:00
1367,Lisa,Martinez,lisa.martinez1367@quantumlogiclabs.com,QuantumLogic Labs,Inbound - Content,New,28,,,,2020-03-08T00:00:00
1368,Jessica,Johnson,jessica.johnson1368@agiledynamics.com,Agile Dynamics,Partner Referral,Converted,75,543,398,2023-11-25,2023-10-16T00:00:00
1369,Joseph,Davis,,InnovateCo,Outbound - SDR,MQL,55,,,,2023-08-13T00:00:00
1370,David,Jones,,CloudScale Systems,Event,New,10,,,,2022-12-23T00:00:00
1371,Karen,Hernandez,karen.hernandez1371@agiledynamics.com,Agile Dynamics,Social Media,Working,62,,,,2024-11-16T00:00:00
1372,David,Taylor,david.taylor1372@pulsepointdigital.com,PulsePoint Digital,Inbound - Web,Working,59,,,,2021-11-14T00:00:00
1373,Richard,Moore,richard.moore1373@quantumlogiclabs.com,QuantumLogic Labs,Outbound - SDR,Working,48,,,,2021-05-09T00:00:00
1374,Sarah,Taylor,sarah.taylor1374@rapidcloud.com,RapidCloud,Outbound - Cold,SQL,90,,,,2022-02-13T00:00:00
1375,Mary,Davis,mary.davis1375@innovateco.com,InnovateCo,Outbound - Cold,Working,53,,,,2022-08-26T00:00:00
1376,Thomas,Garcia,thomas.garcia1376@cybervault.com,CyberVault,Inbound - Webinar,New,18,,,,2021-05-21T00:00:00
1377,Robert,Martinez,,CyberVault,Product-Led,Disqualified,14,,,,2020-03-29T00:00:00
1378,Linda,Brown,linda.brown1378@quantumlogiclabs.com,QuantumLogic Labs,Social Media,MQL,-80,,,,2022-06-16T00:00:00
1379,William,Garcia,william.garcia1379@truenorthdata.com,TrueNorth Data,Product-Led,MQL,77,,,,2021-01-05T00:00:00
1380,William,Wilson,william.wilson1380@insightplatforms.com,Insight Platforms,Product-Led,New,21,,,,2020-04-24T00:00:00
1381,Nancy,Taylor,nancy.taylor1381@cloudscalesystems.com,CloudScale Systems,Inbound - Content,New,35,,,,2024-10-27T00:00:00
1382,Karen,Miller,karen.miller1382@metasync.com,MetaSync,Paid Search,New,16,,,,2024-05-16T00:00:00
1383,Patricia,Jones,patricia.jones1383@scaleupsystems.com,ScaleUp Systems,Product-Led,Converted,81,1348,409,2022-09-27,2022-08-20T00:00:00
1384,Lisa,Garcia,lisa.garcia,CyberVault,Inbound - Content,MQL,52,,,,2022-03-10T00:00:00
1385,Sarah,Jackson,sarah.jackson1385@quantumlogiclabs.com,QuantumLogic Labs,Paid Search,Disqualified,10,,,,2022-03-22T00:00:00
1386,Elizabeth,Garcia,elizabeth.garcia1386@innovateco.com,InnovateCo,Event,Disqualified,13,,,,2024-04-04T00:00:00
1387,Barbara,Wilson,barbara.wilson,BrightWave Tech,Product-Led,Nurture,51,,,,2023-02-08T00:00:00
1388,David,Gonzalez,david.gonzalez1388@metasync.com,MetaSync,Outbound - SDR,Disqualified,10,,,,2024-05-21T00:00:00
1389,Mary,Hernandez,mary.hernandez1389@cloudscalesystems.com,CloudScale Systems,,Working,49,,,,2024-04-14T00:00:00
1390,Mary,Jackson,mary.jackson1390@futureforge.com,FutureForge,Outbound - Cold,MQL,80,,,,2020-11-12T00:00:00
1391,William,Taylor,william.taylor1391@brightwavetech.com,BrightWave Tech,Product-Led,Working,68,,,,2021-07-30T00:00:00
1392,Susan,Davis,,BrightWave Tech,Inbound - Webinar,Converted,96,1612,579,2023-02-03,2023-01-28T00:00:00
1393,Jennifer,Williams,jennifer.williams1393@truenorthdata.com,TrueNorth Data,Social Media,MQL,82,,,,2022-08-14T00:00:00
1394,Joseph,Anderson,joseph.anderson1394@brightwavetech.com,BrightWave Tech,Outbound - Cold,Working,61,,,,2020-12-12T00:00:00
1395,Michael,Moore,michael.moore1395@rapidcloud.com,RapidCloud,Inbound - Content,SQL,80,,,,2023-05-18T00:00:00
1396,John,Jackson,john.jackson1396@innovateco.com,InnovateCo,Outbound - SDR,Disqualified,5,,,,2020-12-24T00:00:00
1397,Joseph,Brown,joseph.brown1397@futureforge.com,FutureForge,Paid Search,Working,36,,,,2024-09-20T00:00:00
1398,Charles,Thomas,charles.thomas1398@vertexai.com,VertexAI,Product-Led,Disqualified,1,,,,2022-08-19T00:00:00
1399,Jessica,Hernandez,jessica.hernandez1399@insightplatforms.com,Insight Platforms,Outbound - Cold,MQL,67,,,,2024-03-26T00:00:00
1400,Nancy,Hernandez,nancy.hernandez1400@cybervault.com,CyberVault,Social Media,Nurture,11,,,,2022-04-01T00:00:00
1401,Lisa,Thompson,lisa.thompson1401@insightplatforms.com,Insight Platforms,Paid Search,New,17,,,,2021-08-25T00:00:00
1402,Joseph,Jones,joseph.jones1402@primepathdigital.com,PrimePath Digital,Partner Referral,Nurture,43,,,,2020-04-09T00:00:00
1403,Elizabeth,Thompson,elizabeth.thompson1403@insightplatforms.com,Insight Platforms,Inbound - Content,Working,10,,,,2020-02-17T00:00:00
1404,Richard,Martinez,richard.martinez1404@agiledynamics.com,Agile Dynamics,Inbound - Web,New,64,,,,2023-12-30T00:00:00
1405,David,Johnson,david.johnson1405@pulsepointdigital.com,PulsePoint Digital,Outbound - Cold,Converted,95,1210,33,2024-10-09,2024-09-27T00:00:00
1406,William,Rodriguez,william.rodriguez1406@pulsepointdigital.com,PulsePoint Digital,Partner Referral,MQL,83,,,,2024-01-06T00:00:00
1407,David,Thompson,david.thompson1407@nexgensolutions.com,NexGen Solutions,Paid Search,Nurture,30,,,,2022-06-11T00:00:00
1408,Jessica,Jackson,jessica.jackson1408@vertexai.com,VertexAI,Outbound - SDR,Converted,86,1434,417,2024-11-11,2024-10-03T00:00:00
1409,Lisa,Rodriguez,lisa.rodriguez1409@streamlineanalytics.com,StreamLine Analytics,Inbound - Content,New,52,,,,2020-07-02T00:00:00
1410,Christopher,Martin,christopher.martin,CloudScale Systems,Paid Search,New,44,,,,2022-12-03T00:00:00
1411,Richard,Hernandez,richard.hernandez1411@agiledynamics.com,Agile Dynamics,Outbound - Cold,Working,40,,,,2023-07-05T00:00:00
1412,Jennifer,Taylor,jennifer.taylor,CloudScale Systems,,Nurture,51,,,,2023-09-05T00:00:00
1413,Mary,Gonzalez,mary.gonzalez1413@agiledynamics.com,Agile Dynamics,Event,SQL,54,,,,2023-09-02T00:00:00
1414,James,Moore,james.moore1414@quantumlogiclabs.com,QuantumLogic Labs,Paid Search,SQL,55,,,,2021-07-16T00:00:00
1415,Lisa,Taylor,lisa.taylor1415@agiledynamics.com,Agile Dynamics,Inbound - Content,Nurture,62,,,,2020-11-08T00:00:00
1416,Sarah,Thomas,sarah.thomas1416@streamlineanalytics.com,StreamLine Analytics,Product-Led,Converted,86,4642,365,2024-10-04,2024-08-17T00:00:00
1417,Sarah,Lee,sarah.lee1417@streamlineanalytics.com,StreamLine Analytics,Outbound - SDR,Nurture,52,,,,2020-07-14T00:00:00
1418,Daniel,Wilson,daniel.wilson1418@databridgecorp.com,DataBridge Corp,,Disqualified,15,,,,2021-03-31T00:00:00
1419,Linda,Gonzalez,linda.gonzalez1419@innovateco.com,InnovateCo,,New,46,,,,2023-10-21T00:00:00
1420,Daniel,Rodriguez,daniel.rodriguez1420@cybervault.com,CyberVault,Inbound - Content,New,65,,,,2023-05-06T00:00:00
1421,Thomas,Gonzalez,thomas.gonzalez1421@scaleupsystems.com,ScaleUp Systems,Social Media,Disqualified,18,,,,2024-06-05T00:00:00
1422,Richard,Rodriguez,richard.rodriguez1422@metasync.com,MetaSync,Inbound - Webinar,Disqualified,11,,,,2021-04-16T00:00:00
1423,Christopher,Martinez,christopher.martinez1423@nexgensolutions.com,NexGen Solutions,Inbound - Content,Nurture,56,,,,2020-10-21T00:00:00
1424,Patricia,Lee,patricia.lee1424@brightwavetech.com,BrightWave Tech,,New,65,,,,2021-09-10T00:00:00
1425,Christopher,Jackson,christopher.jackson1425@cloudscalesystems.com,CloudScale Systems,Inbound - Content,MQL,58,,,,2022-01-03T00:00:00
1426,Michael,Moore,michael.moore1426@rapidcloud.com,RapidCloud,Social Media,Disqualified,8,,,,2023-04-21T00:00:00
1427,Linda,Thomas,linda.thomas1427@nexgensolutions.com,NexGen Solutions,Inbound - Web,Nurture,-45,,,,2024-12-14T00:00:00
1428,Jennifer,Thompson,jennifer.thompson1428@corestack.com,CoreStack,Paid Search,Nurture,37,,,,2022-12-23T00:00:00
1429,David,Moore,david.moore1429@quantumlogiclabs.com,QuantumLogic Labs,Outbound - SDR,SQL,52,,,,2024-10-13T00:00:00
1430,David,Smith,david.smith1430@pulsepointdigital.com,PulsePoint Digital,Paid Search,Nurture,66,,,,2022-12-13T00:00:00
1431,Michael,Jones,michael.jones1431@corestack.com,CoreStack,Outbound - Cold,Disqualified,21,,,,2021-08-12T00:00:00
1432,Linda,Gonzalez,linda.gonzalez1432@cloudscalesystems.com,CloudScale Systems,Outbound - Cold,SQL,96,,,,2020-12-10T00:00:00
1433,Lisa,Davis,lisa.davis1433@agiledynamics.com,Agile Dynamics,Social Media,Working,67,,,,2023-08-30T00:00:00
1434,David,Jones,david.jones1434@agiledynamics.com,Agile Dynamics,Partner Referral,Disqualified,30,,,,2020-07-20T00:00:00
1435,Robert,Martin,robert.martin1435@quantumlogiclabs.com,QuantumLogic Labs,Partner Referral,Disqualified,22,,,,2023-05-07T00:00:00
1436,John,Lee,john.lee1436@streamlineanalytics.com,StreamLine Analytics,Inbound - Webinar,Converted,51,4029,896,2023-06-06,2023-03-15T00:00:00
1437,Patricia,Jones,patricia.jones1437@cloudscalesystems.com,CloudScale Systems,Outbound - SDR,New,46,,,,2024-12-12T00:00:00
1438,Patricia,Thomas,patricia.thomas1438@brightwavetech.com,BrightWave Tech,Inbound - Content,MQL,100,,,,2023-08-06T00:00:00
1439,Jessica,Hernandez,jessica.hernandez1439@databridgecorp.com,DataBridge Corp,Product-Led,Converted,91,4180,562,2024-10-30,2024-08-27T00:00:00
1440,Jessica,Taylor,jessica.taylor1440@nexgensolutions.com,NexGen Solutions,Partner Referral,Converted,53,3411,553,2024-12-06,2024-10-12T00:00:00
1441,Mary,Moore,mary.moore1441@primepathdigital.com,PrimePath Digital,Inbound - Webinar,MQL,90,,,,2023-01-30T00:00:00
1442,Susan,Miller,susan.miller1442@quantumlogiclabs.com,QuantumLogic Labs,Paid Search,SQL,57,,,,2021-08-14T00:00:00
1443,Daniel,Hernandez,daniel.hernandez1443@agiledynamics.com,Agile Dynamics,Inbound - Web,Converted,53,4390,570,2024-11-29,2024-10-07T00:00:00
1444,Linda,Garcia,linda.garcia1444@vertexai.com,VertexAI,Social Media,Disqualified,12,,,,2022-06-21T00:00:00
1445,Daniel,Lee,daniel.lee1445@cloudscalesystems.com,CloudScale Systems,Partner Referral,Nurture,41,,,,2024-07-15T00:00:00
1446,David,Thomas,david.thomas,MetaSync,Inbound - Content,Disqualified,24,,,,2024-11-23T00:00:00
1447,Elizabeth,Martin,elizabeth.martin1447@primepathdigital.com,PrimePath Digital,Outbound - SDR,Working,29,,,,2023-10-10T00:00:00
1448,Sarah,Taylor,sarah.taylor1448@corestack.com,CoreStack,Event,Converted,95,1264,170,2024-07-05,2024-05-09T00:00:00
1449,Karen,Jackson,karen.jackson1449@metasync.com,MetaSync,Outbound - SDR,Disqualified,26,,,,2021-07-24T00:00:00
1450,Sarah,Lee,sarah.lee1450@insightplatforms.com,Insight Platforms,Inbound - Content,SQL,56,,,,2024-03-08T00:00:00
1451,Christopher,Wilson,christopher.wilson1451@streamlineanalytics.com,StreamLine Analytics,Outbound - SDR,Nurture,51,,,,2020-10-08T00:00:00
1452,James,Jones,james.jones1452@primepathdigital.com,PrimePath Digital,Outbound - Cold,New,10,,,,2023-10-24T00:00:00
1453,William,Jackson,william.jackson1453@cybervault.com,CyberVault,Outbound - Cold,New,64,,,,2021-04-21T00:00:00
1454,Christopher,Garcia,christopher.garcia1454@innovateco.com,InnovateCo,Paid Search,Working,42,,,,2024-08-06T00:00:00
1455,Barbara,Davis,barbara.davis1455@cybervault.com,CyberVault,Outbound - SDR,New,63,,,,2022-11-12T00:00:00
1456,John,Miller,john.miller1456@streamlineanalytics.com,StreamLine Analytics,Partner Referral,Working,44,,,,2020-06-08T00:00:00
1457,Thomas,Smith,thomas.smith1457@innovateco.com,InnovateCo,Product-Led,New,62,,,,2022-10-10T00:00:00
1458,Nancy,Brown,nancy.brown1458@pulsepointdigital.com,PulsePoint Digital,Inbound - Web,Nurture,60,,,,2023-09-20T00:00:00
1459,Jennifer,Garcia,jennifer.garcia1459@futureforge.com,FutureForge,Inbound - Web,MQL,91,,,,2022-11-08T00:00:00
1460,Karen,Miller,karen.miller1460@insightplatforms.com,Insight Platforms,Outbound - SDR,Working,44,,,,2020-06-04T00:00:00
1461,Lisa,Gonzalez,lisa.gonzalez1461@techflowinc.com,TechFlow Inc,Event,Converted,87,2037,818,2024-03-27,2024-02-23T00:00:00
1462,Barbara,Martinez,barbara.martinez1462@brightwavetech.com,BrightWave Tech,Paid Search,SQL,90,,,,2021-08-13T00:00:00
1463,Robert,Jones,robert.jones1463@agiledynamics.com,Agile Dynamics,Outbound - Cold,MQL,64,,,,2021-10-03T00:00:00
1464,Richard,Smith,richard.smith,QuantumLogic Labs,Social Media,Working,23,,,,2020-08-08T00:00:00
1465,Michael,Lopez,michael.lopez1465@brightwavetech.com,BrightWave Tech,Inbound - Webinar,Converted,61,2956,204,2024-11-23,2024-11-13T00:00:00
1466,Charles,Wilson,charles.wilson1466@truenorthdata.com,TrueNorth Data,Social Media,New,67,,,,2023-09-19T00:00:00
1467,Joseph,Davis,joseph.davis1467@insightplatforms.com,Insight Platforms,Inbound - Content,Converted,-90,3584,162,2024-07-06,2024-05-20T00:00:00
1468,Christopher,Williams,christopher.williams1468@brightwavetech.com,BrightWave Tech,Event,Converted,72,4320,937,2022-01-28,2021-12-23T00:00:00
1469,Christopher,Anderson,christopher.anderson1469@databridgecorp.com,DataBridge Corp,Inbound - Web,MQL,69,,,,2023-06-05T00:00:00
1470,Patricia,Williams,patricia.williams1470@innovateco.com,InnovateCo,Inbound - Content,MQL,87,,,,2021-06-15T00:00:00
1471,John,Williams,john.williams1471@primepathdigital.com,PrimePath Digital,Inbound - Webinar,Converted,73,2399,64,2023-07-31,2023-05-24T00:00:00
1472,Nancy,Lee,nancy.lee1472@techflowinc.com,TechFlow Inc,Social Media,MQL,59,,,,2023-12-20T00:00:00
1473,David,Thompson,david.thompson1473@streamlineanalytics.com,StreamLine Analytics,Product-Led,Converted,85,260,433,2022-07-31,2022-05-11T00:00:00
1474,Michael,Thompson,michael.thompson1474@nexgensolutions.com,NexGen Solutions,Inbound - Webinar,New,51,,,,2024-08-21T00:00:00
1475,Nancy,Williams,nancy.williams1475@brightwavetech.com,BrightWave Tech,Outbound - SDR,Nurture,28,,,,2021-11-01T00:00:00
1476,Christopher,Miller,,Agile Dynamics,Outbound - Cold,New,50,,,,2021-02-03T00:00:00
1477,Thomas,Wilson,thomas.wilson1477@truenorthdata.com,TrueNorth Data,Inbound - Web,SQL,83,,,,2022-01-11T00:00:00
1478,Linda,Jones,linda.jones1478@streamlineanalytics.com,StreamLine Analytics,Outbound - Cold,Disqualified,15,,,,2022-10-19T00:00:00
1479,Michael,Davis,michael.davis1479@cloudscalesystems.com,CloudScale Systems,Event,Nurture,58,,,,2023-09-19T00:00:00
1480,James,Smith,james.smith1480@cybervault.com,CyberVault,Inbound - Content,Working,31,,,,2022-08-25T00:00:00
1481,Daniel,Rodriguez,daniel.rodriguez1481@insightplatforms.com,Insight Platforms,Outbound - SDR,Converted,70,1622,503,2024-07-12,2024-06-21T00:00:00
1482,Joseph,Davis,joseph.davis1482@cybervault.com,CyberVault,Outbound - Cold,MQL,68,,,,2023-07-24T00:00:00
1483,Daniel,Brown,daniel.brown1483@brightwavetech.com,BrightWave Tech,Outbound - Cold,Nurture,58,,,,2022-05-05T00:00:00
1484,Daniel,Miller,daniel.miller1484@cloudscalesystems.com,CloudScale Systems,Paid Search,Converted,59,2813,651,2023-07-08,2023-06-11T00:00:00
1485,Daniel,Gonzalez,daniel.gonzalez1485@primepathdigital.com,PrimePath Digital,Inbound - Content,Disqualified,28,,,,2023-07-10T00:00:00
1486,Jessica,Johnson,jessica.johnson1486@techflowinc.com,TechFlow Inc,Inbound - Content,Nurture,36,,,,2023-06-04T00:00:00
1487,Jennifer,Thomas,jennifer.thomas,BrightWave Tech,Inbound - Webinar,MQL,89,,,,2022-12-21T00:00:00
1488,David,Moore,david.moore1488@agiledynamics.com,Agile Dynamics,Social Media,SQL,91,,,,2021-12-08T00:00:00
1489,Patricia,Hernandez,patricia.hernandez1489@quantumlogiclabs.com,QuantumLogic Labs,Social Media,New,11,,,,2023-05-27T00:00:00
1490,William,Williams,william.williams1490@scaleupsystems.com,ScaleUp Systems,Social Media,New,59,,,,2020-07-04T00:00:00
1491,Sarah,Hernandez,,Insight Platforms,Outbound - SDR,New,32,,,,2023-08-12T00:00:00
1492,Jennifer,Davis,jennifer.davis1492@futureforge.com,FutureForge,Inbound - Content,New,49,,,,2021-11-22T00:00:00
1493,Richard,Jackson,richard.jackson1493@rapidcloud.com,RapidCloud,Outbound - SDR,Converted,74,60,211,2024-09-13,2024-07-24T00:00:00
1494,James,Thompson,james.thompson1494@metasync.com,MetaSync,Paid Search,Working,66,,,,2020-10-01T00:00:00
1495,Jennifer,Lee,jennifer.lee1495@innovateco.com,InnovateCo,Inbound - Webinar,MQL,74,,,,2023-11-02T00:00:00
1496,Linda,Miller,linda.miller1496@scaleupsystems.com,ScaleUp Systems,Event,MQL,67,,,,2020-03-03T00:00:00
1497,Daniel,Taylor,daniel.taylor1497@scaleupsystems.com,ScaleUp Systems,Partner Referral,Disqualified,4,,,,2020-10-11T00:00:00
1498,Susan,Gonzalez,susan.gonzalez1498@insightplatforms.com,Insight Platforms,Outbound - Cold,New,69,,,,2022-09-10T00:00:00
1499,Thomas,Anderson,thomas.anderson1499@agiledynamics.com,Agile Dynamics,Event,Converted,60,3896,234,2024-08-01,2024-07-21T00:00:00
1500,James,Miller,james.miller1500@pulsepointdigital.com,PulsePoint Digital,Social Media,New,23,,,,2023-07-03T00:00:00
1501,David,Williams,david.williams1501@quantumlogiclabs.com,QuantumLogic Labs,Product-Led,Converted,92,113,420,2024-12-29,2024-10-22T00:00:00
1502,Sarah,Taylor,sarah.taylor1502@truenorthdata.com,TrueNorth Data,Inbound - Webinar,Converted,96,1445,729,2022-07-31,2022-06-11T00:00:00
1503,Barbara,Anderson,barbara.anderson1503@cybervault.com,CyberVault,Product-Led,New,41,,,,2021-11-24T00:00:00
1504,Lisa,Anderson,lisa.anderson1504@agiledynamics.com,Agile Dynamics,Inbound - Web,SQL,59,,,,2020-12-31T00:00:00
1505,Patricia,Jackson,patricia.jackson1505@nexgensolutions.com,NexGen Solutions,Inbound - Web,Converted,56,924,844,2023-09-10,2023-07-17T00:00:00
1506,James,Brown,james.brown,CoreStack,Product-Led,Disqualified,13,,,,2022-08-23T00:00:00
1507,Joseph,Martinez,joseph.martinez1507@vertexai.com,VertexAI,Paid Search,Converted,95,4683,941,2022-05-15,2022-03-12T00:00:00
1508,Barbara,Smith,barbara.smith1508@cybervault.com,CyberVault,Product-Led,Converted,78,2069,297,2024-10-13,2024-09-02T00:00:00
1509,James,Garcia,james.garcia1509@techflowinc.com,TechFlow Inc,Event,SQL,64,,,,2024-01-19T00:00:00
1510,Michael,Jackson,michael.jackson1510@quantumlogiclabs.com,QuantumLogic Labs,Event,New,48,,,,2020-10-14T00:00:00
1511,Barbara,Hernandez,barbara.hernandez1511@quantumlogiclabs.com,QuantumLogic Labs,Paid Search,Converted,96,2682,753,2021-11-22,2021-10-22T00:00:00
1512,Barbara,Johnson,barbara.johnson1512@corestack.com,CoreStack,Inbound - Webinar,Working,40,,,,2021-06-29T00:00:00
1513,Jessica,Rodriguez,jessica.rodriguez1513@cloudscalesystems.com,CloudScale Systems,,Converted,55,4784,900,2022-04-04,2022-02-09T00:00:00
1514,Robert,Lopez,robert.lopez1514@corestack.com,CoreStack,Paid Search,SQL,94,,,,2022-07-21T00:00:00
1515,David,Smith,david.smith1515@agiledynamics.com,Agile Dynamics,Partner Referral,Converted,64,3734,394,2023-06-29,2023-04-25T00:00:00
1516,Karen,Martin,karen.martin1516@metasync.com,MetaSync,Inbound - Webinar,MQL,96,,,,2020-08-27T00:00:00
1517,Robert,Johnson,robert.johnson1517@nexgensolutions.com,NexGen Solutions,Outbound - SDR,Converted,84,1630,533,2022-08-11,2022-05-25T00:00:00
1518,Sarah,Williams,sarah.williams1518@brightwavetech.com,BrightWave Tech,Inbound - Webinar,New,28,,,,2020-02-01T00:00:00
1519,Joseph,Rodriguez,joseph.rodriguez1519@databridgecorp.com,DataBridge Corp,Inbound - Content,Converted,89,1449,969,2023-06-12,2023-06-01T00:00:00
1520,Christopher,Smith,christopher.smith1520@quantumlogiclabs.com,QuantumLogic Labs,Outbound - Cold,New,53,,,,2023-11-06T00:00:00
1521,Daniel,Garcia,daniel.garcia1521@metasync.com,MetaSync,Event,New,28,,,,2021-05-18T00:00:00
1522,Elizabeth,Davis,elizabeth.davis1522@cybervault.com,CyberVault,Social Media,SQL,52,,,,2024-12-03T00:00:00
1523,Sarah,Johnson,sarah.johnson1523@techflowinc.com,TechFlow Inc,Outbound - Cold,SQL,74,,,,2022-04-14T00:00:00
1524,Mary,Williams,mary.williams1524@quantumlogiclabs.com,QuantumLogic Labs,Paid Search,Converted,87,571,137,2021-05-04,2021-03-12T00:00:00
1525,Charles,Gonzalez,charles.gonzalez1525@cloudscalesystems.com,CloudScale Systems,Inbound - Webinar,Converted,78,2744,955,2024-11-24,2024-10-24T00:00:00
1526,Patricia,Garcia,patricia.garcia1526@futureforge.com,FutureForge,Inbound - Web,New,43,,,,2024-02-02T00:00:00
1527,Jessica,Rodriguez,jessica.rodriguez1527@truenorthdata.com,TrueNorth Data,Inbound - Content,New,28,,,,2021-03-09T00:00:00
1528,Patricia,Martin,patricia.martin1528@techflowinc.com,TechFlow Inc,Inbound - Webinar,Converted,92,2770,794,2024-01-28,2023-11-13T00:00:00
1529,Barbara,Miller,barbara.miller,CyberVault,Outbound - SDR,Disqualified,5,,,,2021-04-23T00:00:00
1530,James,Smith,james.smith1530@agiledynamics.com,Agile Dynamics,Inbound - Web,SQL,93,,,,2023-08-17T00:00:00
1531,James,Brown,james.brown1531@futureforge.com,FutureForge,Product-Led,New,35,,,,2022-11-12T00:00:00
1532,Richard,Brown,richard.brown1532@truenorthdata.com,TrueNorth Data,Outbound - SDR,Working,64,,,,2021-05-12T00:00:00
1533,Jennifer,Hernandez,jennifer.hernandez1533@agiledynamics.com,Agile Dynamics,,SQL,90,,,,2024-04-21T00:00:00
1534,Daniel,Brown,daniel.brown1534@pulsepointdigital.com,PulsePoint Digital,Inbound - Content,SQL,70,,,,2020-01-18T00:00:00
1535,Nancy,Lopez,nancy.lopez1535@truenorthdata.com,TrueNorth Data,Inbound - Web,SQL,90,,,,2024-03-06T00:00:00
1536,Lisa,Martin,lisa.martin1536@quantumlogiclabs.com,QuantumLogic Labs,Paid Search,Disqualified,28,,,,2020-03-17T00:00:00
1537,Linda,Martin,linda.martin1537@scaleupsystems.com,ScaleUp Systems,Inbound - Web,Working,64,,,,2024-05-18T00:00:00
1538,Mary,Martin,mary.martin1538@brightwavetech.com,BrightWave Tech,Inbound - Content,Converted,81,3880,400,2023-05-25,2023-04-01T00:00:00
1539,Charles,Martin,charles.martin1539@quantumlogiclabs.com,QuantumLogic Labs,Product-Led,Converted,91,2756,225,2021-01-26,2021-01-12T00:00:00
1540,Elizabeth,Smith,elizabeth.smith1540@scaleupsystems.com,ScaleUp Systems,Product-Led,MQL,76,,,,2024-11-29T00:00:00
1541,Thomas,Brown,thomas.brown1541@cybervault.com,CyberVault,Inbound - Web,MQL,96,,,,2022-03-23T00:00:00
1542,John,Lee,john.lee1542@insightplatforms.com,Insight Platforms,Product-Led,Converted,74,3574,894,2024-03-12,2024-01-06T00:00:00
1543,William,Jones,william.jones,FutureForge,Inbound - Webinar,Working,26,,,,2024-03-09T00:00:00
1544,Daniel,Johnson,daniel.johnson1544@innovateco.com,InnovateCo,Event,Nurture,36,,,,2023-03-19T00:00:00
1545,John,Rodriguez,john.rodriguez1545@databridgecorp.com,DataBridge Corp,Inbound - Web,Disqualified,24,,,,2022-03-08T00:00:00
1546,Sarah,Martinez,,InnovateCo,Paid Search,Converted,92,1529,775,2024-12-11,2024-10-13T00:00:00
1547,John,Martin,john.martin1547@scaleupsystems.com,ScaleUp Systems,Outbound - SDR,Disqualified,26,,,,2020-09-15T00:00:00
1548,Sarah,Jackson,sarah.jackson1548@corestack.com,CoreStack,Inbound - Webinar,New,34,,,,2020-03-09T00:00:00
1549,Jessica,Moore,jessica.moore1549@techflowinc.com,TechFlow Inc,Social Media,Working,12,,,,2022-11-03T00:00:00
1550,Lisa,Hernandez,lisa.hernandez1550@databridgecorp.com,DataBridge Corp,Outbound - Cold,New,15,,,,2024-01-04T00:00:00
1551,Richard,Hernandez,,PrimePath Digital,Inbound - Web,Converted,63,4505,302,2022-11-09,2022-09-27T00:00:00
1552,Mary,Martinez,mary.martinez1552@techflowinc.com,TechFlow Inc,Event,Working,60,,,,2020-04-02T00:00:00
1553,Mary,Jackson,mary.jackson1553@cloudscalesystems.com,CloudScale Systems,Inbound - Webinar,MQL,99,,,,2022-03-09T00:00:00
1554,Joseph,Hernandez,,TechFlow Inc,Outbound - Cold,Disqualified,29,,,,2024-11-16T00:00:00
1555,Charles,Jones,charles.jones1555@truenorthdata.com,TrueNorth Data,Paid Search,Working,29,,,,2022-11-04T00:00:00
1556,Sarah,Moore,sarah.moore1556@corestack.com,CoreStack,Partner Referral,Converted,73,994,961,2023-08-21,2023-08-17T00:00:00
1557,David,Taylor,,ScaleUp Systems,Event,MQL,77,,,,2021-12-01T00:00:00
1558,Charles,Jones,charles.jones1558@insightplatforms.com,Insight Platforms,Social Media,New,63,,,,2021-01-03T00:00:00
1559,Elizabeth,Taylor,elizabeth.taylor1559@insightplatforms.com,Insight Platforms,Inbound - Content,Converted,79,267,936,2023-05-17,2023-05-21T00:00:00
1560,Nancy,Martinez,nancy.martinez1560@databridgecorp.com,DataBridge Corp,Inbound - Web,Working,69,,,,2024-10-09T00:00:00
1561,David,Johnson,david.johnson1561@databridgecorp.com,DataBridge Corp,Social Media,Converted,98,799,924,2024-10-30,2024-10-12T00:00:00
1562,David,Lee,david.lee1562@brightwavetech.com,BrightWave Tech,Inbound - Web,SQL,51,,,,2024-12-11T00:00:00
1563,Robert,Williams,robert.williams1563@metasync.com,MetaSync,Inbound - Web,Converted,66,414,151,2023-07-19,2023-05-29T00:00:00
1564,Linda,Taylor,linda.taylor1564@quantumlogiclabs.com,QuantumLogic Labs,Inbound - Content,MQL,83,,,,2022-10-01T00:00:00
1565,Jessica,Hernandez,jessica.hernandez1565@agiledynamics.com,Agile Dynamics,Inbound - Content,Nurture,38,,,,2022-01-30T00:00:00
1566,Sarah,Jackson,sarah.jackson1566@databridgecorp.com,DataBridge Corp,Product-Led,SQL,77,,,,2022-08-27T00:00:00
1567,Lisa,Wilson,lisa.wilson1567@techflowinc.com,TechFlow Inc,Partner Referral,MQL,91,,,,2023-08-05T00:00:00
1568,Daniel,Jones,daniel.jones1568@innovateco.com,InnovateCo,,Disqualified,12,,,,2021-02-11T00:00:00
1569,Elizabeth,Brown,elizabeth.brown1569@techflowinc.com,TechFlow Inc,Product-Led,Converted,99,3601,192,2024-11-11,2024-10-01T00:00:00
1570,Sarah,Smith,sarah.smith1570@innovateco.com,InnovateCo,Event,Working,16,,,,2021-08-06T00:00:00
1571,Richard,Rodriguez,richard.rodriguez1571@futureforge.com,FutureForge,Product-Led,New,19,,,,2023-09-28T00:00:00
1572,David,Moore,david.moore1572@insightplatforms.com,Insight Platforms,Product-Led,Nurture,36,,,,2021-04-11T00:00:00
1573,David,Jones,david.jones1573@rapidcloud.com,RapidCloud,Product-Led,Disqualified,2,,,,2020-08-01T00:00:00
1574,Robert,Martin,robert.martin1574@brightwavetech.com,BrightWave Tech,Paid Search,Working,67,,,,2021-09-27T00:00:00
1575,Mary,Anderson,mary.anderson1575@scaleupsystems.com,ScaleUp Systems,Outbound - SDR,MQL,60,,,,2023-03-06T00:00:00
1576,Daniel,Lopez,daniel.lopez1576@databridgecorp.com,DataBridge Corp,Product-Led,Converted,72,1908,832,2024-10-23,2024-08-11T00:00:00
1577,Nancy,Smith,nancy.smith1577@corestack.com,CoreStack,Inbound - Webinar,Working,17,,,,2022-07-31T00:00:00
1578,Joseph,Davis,joseph.davis1578@agiledynamics.com,Agile Dynamics,Social Media,SQL,-68,,,,2023-09-10T00:00:00
1579,Barbara,Johnson,barbara.johnson1579@insightplatforms.com,Insight Platforms,Paid Search,Working,67,,,,2022-06-01T00:00:00
1580,Michael,Martinez,michael.martinez1580@quantumlogiclabs.com,QuantumLogic Labs,Paid Search,MQL,84,,,,2024-11-14T00:00:00
1581,David,Martinez,david.martinez1581@brightwavetech.com,BrightWave Tech,Outbound - Cold,SQL,54,,,,2023-09-12T00:00:00
1582,Barbara,Gonzalez,barbara.gonzalez1582@metasync.com,MetaSync,Event,Working,59,,,,2022-08-20T00:00:00
1583,Mary,Jones,mary.jones1583@quantumlogiclabs.com,QuantumLogic Labs,Event,Converted,60,636,615,2024-02-12,2023-12-31T00:00:00
1584,Joseph,Williams,joseph.williams1584@futureforge.com,FutureForge,Social Media,Nurture,43,,,,2023-12-31T00:00:00
1585,Elizabeth,Moore,elizabeth.moore1585@insightplatforms.com,Insight Platforms,,Disqualified,9,,,,2023-06-26T00:00:00
1586,James,Johnson,james.johnson1586@rapidcloud.com,RapidCloud,Partner Referral,Nurture,53,,,,2020-05-04T00:00:00
1587,Nancy,Jones,nancy.jones1587@streamlineanalytics.com,StreamLine Analytics,Outbound - Cold,Disqualified,20,,,,2023-01-16T00:00:00
1588,Joseph,Gonzalez,joseph.gonzalez1588@innovateco.com,InnovateCo,Partner Referral,SQL,95,,,,2022-09-17T00:00:00
1589,Nancy,Smith,nancy.smith1589@quantumlogiclabs.com,QuantumLogic Labs,Outbound - SDR,Nurture,45,,,,2024-11-25T00:00:00
1590,Michael,Taylor,michael.taylor1590@nexgensolutions.com,NexGen Solutions,Paid Search,MQL,56,,,,2024-04-05T00:00:00
1591,Susan,Davis,susan.davis,Insight Platforms,Inbound - Web,Disqualified,17,,,,2021-07-22T00:00:00
1592,Joseph,Brown,joseph.brown1592@cybervault.com,CyberVault,Outbound - Cold,Working,54,,,,2024-12-15T00:00:00
1593,Karen,Moore,karen.moore1593@rapidcloud.com,RapidCloud,,New,50,,,,2020-03-11T00:00:00
1594,William,Rodriguez,william.rodriguez1594@truenorthdata.com,TrueNorth Data,Inbound - Webinar,MQL,84,,,,2022-08-30T00:00:00
1595,Jennifer,Martin,jennifer.martin1595@pulsepointdigital.com,PulsePoint Digital,Inbound - Webinar,New,42,,,,2022-10-25T00:00:00
1596,Richard,Martin,richard.martin1596@futureforge.com,FutureForge,Inbound - Content,New,50,,,,2020-05-04T00:00:00
1597,Charles,Wilson,charles.wilson1597@brightwavetech.com,BrightWave Tech,,SQL,65,,,,2020-04-20T00:00:00
1598,Michael,Thompson,michael.thompson1598@agiledynamics.com,Agile Dynamics,Outbound - SDR,Converted,86,3520,820,2023-05-12,2023-03-09T00:00:00
1599,Jennifer,Anderson,jennifer.anderson1599@agiledynamics.com,Agile Dynamics,Inbound - Webinar,Converted,88,3936,50,2024-10-11,2024-08-29T00:00:00
1600,Jessica,Jackson,jessica.jackson1600@techflowinc.com,TechFlow Inc,Event,MQL,67,,,,2022-06-13T00:00:00
1601,Richard,Moore,richard.moore1601@brightwavetech.com,BrightWave Tech,Social Media,New,20,,,,2020-09-19T00:00:00
1602,Susan,Davis,susan.davis1602@primepathdigital.com,PrimePath Digital,Inbound - Content,Working,11,,,,2021-01-16T00:00:00
1603,Patricia,Rodriguez,patricia.rodriguez1603@scaleupsystems.com,ScaleUp Systems,Partner Referral,Disqualified,5,,,,2024-03-13T00:00:00
1604,Joseph,Martin,joseph.martin1604@quantumlogiclabs.com,QuantumLogic Labs,Outbound - SDR,Disqualified,20,,,,2021-05-28T00:00:00
1605,Lisa,Brown,lisa.brown1605@metasync.com,MetaSync,Inbound - Content,Converted,67,642,914,2023-01-26,2022-12-13T00:00:00
1606,Nancy,Brown,nancy.brown1606@futureforge.com,FutureForge,Inbound - Content,Nurture,63,,,,2022-06-05T00:00:00
1607,Joseph,Rodriguez,joseph.rodriguez1607@quantumlogiclabs.com,QuantumLogic Labs,Event,SQL,95,,,,2024-04-24T00:00:00
1608,John,Martin,john.martin1608@innovateco.com,InnovateCo,Outbound - Cold,MQL,52,,,,2021-02-06T00:00:00
1609,Patricia,Miller,patricia.miller1609@truenorthdata.com,TrueNorth Data,Partner Referral,Converted,51,111,522,2024-09-21,2024-09-28T00:00:00
1610,John,Jackson,john.jackson1610@futureforge.com,FutureForge,Outbound - Cold,SQL,93,,,,2022-11-30T00:00:00
1611,Thomas,Jackson,thomas.jackson1611@databridgecorp.com,DataBridge Corp,Paid Search,MQL,65,,,,2024-02-10T00:00:00
1612,Michael,Davis,michael.davis1612@futureforge.com,FutureForge,,Converted,85,3761,731,2023-12-09,2023-11-25T00:00:00
1613,Nancy,Taylor,nancy.taylor1613@primepathdigital.com,PrimePath Digital,Event,Converted,83,2092,580,2024-05-31,2024-05-21T00:00:00
1614,David,Taylor,david.taylor1614@vertexai.com,VertexAI,Partner Referral,MQL,52,,,,2024-02-28T00:00:00
1615,Jessica,Anderson,jessica.anderson1615@cybervault.com,CyberVault,Event,Converted,53,3132,717,2024-11-10,2024-11-06T00:00:00
1616,Lisa,Anderson,lisa.anderson1616@streamlineanalytics.com,StreamLine Analytics,Paid Search,Disqualified,19,,,,2024-07-27T00:00:00
1617,John,Davis,john.davis1617@databridgecorp.com,DataBridge Corp,Inbound - Webinar,Disqualified,27,,,,2020-10-15T00:00:00
1618,Thomas,Lopez,thomas.lopez1618@techflowinc.com,TechFlow Inc,Inbound - Webinar,Working,57,,,,2022-12-25T00:00:00
1619,Linda,Miller,linda.miller1619@futureforge.com,FutureForge,Event,Nurture,54,,,,2020-12-23T00:00:00
1620,James,Davis,james.davis1620@brightwavetech.com,BrightWave Tech,Inbound - Web,MQL,99,,,,2021-03-06T00:00:00
1621,James,Anderson,james.anderson1621@nexgensolutions.com,NexGen Solutions,Event,Converted,65,2664,279,2023-12-18,2023-10-01T00:00:00
1622,Charles,Martinez,charles.martinez1622@streamlineanalytics.com,StreamLine Analytics,Inbound - Web,Converted,64,4007,360,2022-04-15,2022-01-29T00:00:00
1623,Robert,Jones,robert.jones1623@rapidcloud.com,RapidCloud,Product-Led,Converted,77,4648,362,2024-06-07,2024-05-12T00:00:00
1624,James,Lee,james.lee1624@quantumlogiclabs.com,QuantumLogic Labs,Event,New,12,,,,2020-10-25T00:00:00
1625,Elizabeth,Thompson,elizabeth.thompson1625@futureforge.com,FutureForge,Outbound - SDR,Nurture,62,,,,2023-03-19T00:00:00
1626,Linda,Moore,linda.moore1626@rapidcloud.com,RapidCloud,Event,Working,68,,,,2022-06-29T00:00:00
1627,Patricia,Lopez,patricia.lopez1627@quantumlogiclabs.com,QuantumLogic Labs,Product-Led,Working,41,,,,2022-12-19T00:00:00
1628,Elizabeth,Garcia,elizabeth.garcia1628@vertexai.com,VertexAI,Inbound - Web,New,24,,,,2024-04-27T00:00:00
1629,Lisa,Lopez,lisa.lopez1629@agiledynamics.com,Agile Dynamics,Partner Referral,Working,60,,,,2023-02-08T00:00:00
1630,Nancy,Davis,nancy.davis1630@primepathdigital.com,PrimePath Digital,Product-Led,Working,59,,,,2020-01-18T00:00:00
1631,Lisa,Lopez,lisa.lopez1631@futureforge.com,FutureForge,Event,Working,50,,,,2024-05-09T00:00:00
1632,Elizabeth,Jones,elizabeth.jones1632@databridgecorp.com,DataBridge Corp,,Nurture,35,,,,2022-08-01T00:00:00
1633,Richard,Smith,richard.smith1633@cloudscalesystems.com,CloudScale Systems,Paid Search,Working,65,,,,2020-10-22T00:00:00
1634,Nancy,Martin,nancy.martin1634@pulsepointdigital.com,PulsePoint Digital,Outbound - Cold,Nurture,14,,,,2021-08-10T00:00:00
1635,Elizabeth,Thompson,elizabeth.thompson1635@databridgecorp.com,DataBridge Corp,Paid Search,Nurture,26,,,,2022-03-18T00:00:00
1636,Richard,Jackson,richard.jackson1636@metasync.com,MetaSync,Inbound - Web,Disqualified,14,,,,2021-10-30T00:00:00
1637,Mary,Smith,mary.smith1637@vertexai.com,VertexAI,Product-Led,New,19,,,,2023-02-05T00:00:00
1638,David,Gonzalez,david.gonzalez1638@futureforge.com,FutureForge,Partner Referral,MQL,60,,,,2021-02-12T00:00:00
1639,Jessica,Jones,jessica.jones1639@rapidcloud.com,RapidCloud,Paid Search,Disqualified,0,,,,2020-03-09T00:00:00
1640,Karen,Rodriguez,karen.rodriguez1640@cybervault.com,CyberVault,Event,MQL,88,,,,2022-01-06T00:00:00
1641,Susan,Brown,susan.brown1641@nexgensolutions.com,NexGen Solutions,Partner Referral,Nurture,29,,,,2024-01-19T00:00:00
1642,Daniel,Martinez,daniel.martinez1642@truenorthdata.com,TrueNorth Data,Product-Led,New,15,,,,2024-07-27T00:00:00
1643,Karen,Jackson,karen.jackson1643@truenorthdata.com,TrueNorth Data,Inbound - Content,Converted,76,1573,707,2024-08-20,2024-07-04T00:00:00
1644,Jennifer,Anderson,jennifer.anderson1644@vertexai.com,VertexAI,Paid Search,Converted,62,3004,249,2024-02-25,2024-02-12T00:00:00
1645,David,Anderson,david.anderson1645@insightplatforms.com,Insight Platforms,Event,Working,34,,,,2021-04-06T00:00:00
1646,Susan,Gonzalez,susan.gonzalez1646@scaleupsystems.com,ScaleUp Systems,Inbound - Content,MQL,93,,,,2021-09-30T00:00:00
1647,Jennifer,Hernandez,jennifer.hernandez1647@metasync.com,MetaSync,Event,Working,62,,,,2020-07-07T00:00:00
1648,Michael,Martin,,DataBridge Corp,Product-Led,Converted,55,1684,591,2024-12-20,2024-11-05T00:00:00
1649,Michael,Thompson,michael.thompson1649@techflowinc.com,TechFlow Inc,Product-Led,Converted,66,2591,870,2023-04-27,2023-04-03T00:00:00
1650,William,Martinez,,Insight Platforms,Paid Search,SQL,72,,,,2024-07-07T00:00:00
1651,Susan,Smith,susan.smith1651@insightplatforms.com,Insight Platforms,Inbound - Web,MQL,68,,,,2023-08-11T00:00:00
1652,Susan,Miller,susan.miller,VertexAI,Outbound - SDR,MQL,81,,,,2023-04-28T00:00:00
1653,Sarah,Lopez,sarah.lopez1653@nexgensolutions.com,NexGen Solutions,Social Media,Nurture,19,,,,2020-04-03T00:00:00
1654,Jennifer,Hernandez,jennifer.hernandez1654@innovateco.com,InnovateCo,Inbound - Web,MQL,57,,,,2020-03-06T00:00:00
1655,Michael,Rodriguez,michael.rodriguez1655@brightwavetech.com,BrightWave Tech,Inbound - Content,Converted,92,3810,860,2024-10-30,2024-09-28T00:00:00
1656,Lisa,Garcia,lisa.garcia1656@metasync.com,MetaSync,Event,Converted,83,192,683,2024-03-30,2024-02-07T00:00:00
1657,Elizabeth,Smith,elizabeth.smith1657@quantumlogiclabs.com,QuantumLogic Labs,Inbound - Web,Working,23,,,,2023-03-11T00:00:00
1658,Nancy,Gonzalez,nancy.gonzalez1658@rapidcloud.com,RapidCloud,Outbound - Cold,Nurture,13,,,,2020-08-09T00:00:00
1659,Jennifer,Jackson,jennifer.jackson1659@innovateco.com,InnovateCo,Social Media,New,58,,,,2020-07-29T00:00:00
1660,Christopher,Thompson,christopher.thompson1660@metasync.com,MetaSync,Inbound - Web,Nurture,57,,,,2021-07-21T00:00:00
1661,William,Williams,william.williams1661@brightwavetech.com,BrightWave Tech,Inbound - Webinar,MQL,89,,,,2021-03-15T00:00:00
1662,Jennifer,Gonzalez,jennifer.gonzalez1662@techflowinc.com,TechFlow Inc,Partner Referral,Disqualified,5,,,,2022-03-08T00:00:00
1663,Sarah,Lopez,sarah.lopez1663@brightwavetech.com,BrightWave Tech,Outbound - SDR,Working,33,,,,2022-01-20T00:00:00
1664,Jessica,Thomas,jessica.thomas1664@pulsepointdigital.com,PulsePoint Digital,Event,MQL,76,,,,2020-01-27T00:00:00
1665,Patricia,Wilson,patricia.wilson1665@insightplatforms.com,Insight Platforms,Outbound - SDR,Disqualified,3,,,,2022-02-06T00:00:00
1666,John,Rodriguez,john.rodriguez1666@rapidcloud.com,RapidCloud,Outbound - Cold,SQL,99,,,,2020-05-02T00:00:00
1667,Mary,Thompson,mary.thompson1667@primepathdigital.com,PrimePath Digital,Outbound - SDR,MQL,86,,,,2023-03-18T00:00:00
1668,Mary,Rodriguez,mary.rodriguez1668@cybervault.com,CyberVault,Social Media,MQL,67,,,,2024-08-19T00:00:00
1669,Christopher,Martinez,christopher.martinez1669@insightplatforms.com,Insight Platforms,Social Media,New,40,,,,2021-08-23T00:00:00
1670,James,Wilson,james.wilson1670@metasync.com,MetaSync,Social Media,SQL,93,,,,2021-05-23T00:00:00
1671,Christopher,Taylor,christopher.taylor1671@quantumlogiclabs.com,QuantumLogic Labs,Inbound - Content,New,-13,,,,2023-12-14T00:00:00
1672,David,Garcia,david.garcia1672@streamlineanalytics.com,StreamLine Analytics,Inbound - Webinar,Working,50,,,,2023-06-24T00:00:00
1673,Jessica,Wilson,jessica.wilson1673@techflowinc.com,TechFlow Inc,Inbound - Web,Disqualified,15,,,,2020-05-26T00:00:00
1674,Robert,Williams,robert.williams1674@primepathdigital.com,PrimePath Digital,Event,Working,17,,,,2023-04-22T00:00:00
1675,Michael,Wilson,,DataBridge Corp,Inbound - Content,Converted,80,2029,853,2024-09-07,2024-06-28T00:00:00
1676,Susan,Thomas,susan.thomas1676@techflowinc.com,TechFlow Inc,Social Media,MQL,50,,,,2021-02-12T00:00:00
1677,Robert,Jones,robert.jones1677@nexgensolutions.com,NexGen Solutions,Paid Search,New,28,,,,2020-05-28T00:00:00
1678,James,Smith,james.smith1678@nexgensolutions.com,NexGen Solutions,Inbound - Web,New,60,,,,2024-09-26T00:00:00
1679,Nancy,Lee,nancy.lee1679@databridgecorp.com,DataBridge Corp,Event,New,33,,,,2020-12-10T00:00:00
1680,Mary,Gonzalez,mary.gonzalez1680@pulsepointdigital.com,PulsePoint Digital,Product-Led,Converted,89,702,314,2024-08-09,2024-06-18T00:00:00
1681,Mary,Gonzalez,mary.gonzalez1681@scaleupsystems.com,ScaleUp Systems,Partner Referral,MQL,65,,,,2024-05-21T00:00:00
1682,Jennifer,Brown,jennifer.brown1682@brightwavetech.com,BrightWave Tech,Outbound - Cold,New,23,,,,2021-08-16T00:00:00
1683,Barbara,Brown,barbara.brown1683@futureforge.com,FutureForge,Event,New,14,,,,2022-12-09T00:00:00
1684,Patricia,Thompson,patricia.thompson1684@brightwavetech.com,BrightWave Tech,Inbound - Content,MQL,83,,,,2020-03-11T00:00:00
1685,Richard,Thomas,richard.thomas1685@cybervault.com,CyberVault,Inbound - Webinar,MQL,70,,,,2020-09-28T00:00:00
1686,Mary,Jones,mary.jones1686@truenorthdata.com,TrueNorth Data,Outbound - SDR,Nurture,11,,,,2021-05-25T00:00:00
1687,Sarah,Martin,sarah.martin1687@agiledynamics.com,Agile Dynamics,Outbound - SDR,New,18,,,,2023-11-21T00:00:00
1688,Sarah,Thompson,sarah.thompson1688@streamlineanalytics.com,StreamLine Analytics,Event,Converted,93,4763,928,2024-08-02,2024-05-05T00:00:00
1689,Joseph,Lee,joseph.lee1689@metasync.com,MetaSync,Partner Referral,Converted,92,3018,546,2024-12-26,2024-10-20T00:00:00
1690,Lisa,Wilson,lisa.wilson1690@vertexai.com,VertexAI,Outbound - SDR,Disqualified,2,,,,2020-01-01T00:00:00
1691,Mary,Anderson,mary.anderson1691@databridgecorp.com,DataBridge Corp,Outbound - Cold,New,22,,,,2021-12-29T00:00:00
1692,Lisa,Jones,lisa.jones1692@pulsepointdigital.com,PulsePoint Digital,Partner Referral,Converted,84,2723,252,2021-10-07,2021-08-24T00:00:00
1693,Michael,Gonzalez,michael.gonzalez1693@corestack.com,CoreStack,Social Media,SQL,90,,,,2020-08-15T00:00:00
1694,Mary,Jackson,mary.jackson1694@pulsepointdigital.com,PulsePoint Digital,Social Media,Working,52,,,,2022-11-06T00:00:00
1695,Sarah,Gonzalez,sarah.gonzalez1695@primepathdigital.com,PrimePath Digital,Partner Referral,Disqualified,13,,,,2024-10-14T00:00:00
1696,Elizabeth,Moore,elizabeth.moore1696@cloudscalesystems.com,CloudScale Systems,Partner Referral,Converted,95,4172,19,2023-07-21,2023-05-23T00:00:00
1697,Barbara,Anderson,barbara.anderson1697@databridgecorp.com,DataBridge Corp,,Nurture,24,,,,2020-03-15T00:00:00
1698,Joseph,Lee,joseph.lee1698@corestack.com,CoreStack,Product-Led,Nurture,69,,,,2021-11-06T00:00:00
1699,Christopher,Rodriguez,christopher.rodriguez1699@vertexai.com,VertexAI,Outbound - SDR,SQL,57,,,,2022-05-06T00:00:00
1700,Richard,Taylor,richard.taylor1700@metasync.com,MetaSync,Social Media,MQL,79,,,,2020-08-03T00:00:00
1701,John,Garcia,john.garcia1701@scaleupsystems.com,ScaleUp Systems,Inbound - Web,Working,63,,,,2022-10-31T00:00:00
1702,Lisa,Davis,lisa.davis1702@insightplatforms.com,Insight Platforms,Event,Converted,74,3300,856,2024-08-05,2024-06-14T00:00:00
1703,David,Thomas,david.thomas1703@rapidcloud.com,RapidCloud,Partner Referral,Converted,68,3126,699,2024-07-22,2024-05-27T00:00:00
1704,Nancy,Lee,nancy.lee1704@agiledynamics.com,Agile Dynamics,Partner Referral,SQL,74,,,,2024-08-06T00:00:00
1705,Linda,Hernandez,linda.hernandez1705@futureforge.com,FutureForge,Paid Search,Nurture,-21,,,,2022-09-21T00:00:00
1706,Christopher,Lee,christopher.lee1706@agiledynamics.com,Agile Dynamics,Event,New,33,,,,2020-09-18T00:00:00
1707,Christopher,Brown,christopher.brown1707@cybervault.com,CyberVault,Outbound - Cold,MQL,85,,,,2021-09-26T00:00:00
1708,Joseph,Gonzalez,joseph.gonzalez1708@futureforge.com,FutureForge,Outbound - SDR,MQL,59,,,,2021-07-18T00:00:00
1709,Lisa,Thompson,lisa.thompson1709@techflowinc.com,TechFlow Inc,Social Media,Working,54,,,,2021-01-12T00:00:00
1710,James,Rodriguez,james.rodriguez1710@brightwavetech.com,BrightWave Tech,Inbound - Webinar,Working,16,,,,2022-08-16T00:00:00
1711,James,Martinez,james.martinez1711@rapidcloud.com,RapidCloud,Outbound - SDR,Working,-47,,,,2020-03-06T00:00:00
1712,Richard,Lee,richard.lee1712@nexgensolutions.com,NexGen Solutions,Partner Referral,New,54,,,,2020-10-21T00:00:00
1713,Barbara,Davis,barbara.davis1713@rapidcloud.com,RapidCloud,Outbound - Cold,New,46,,,,2023-06-26T00:00:00
1714,Joseph,Johnson,joseph.johnson1714@vertexai.com,VertexAI,Paid Search,New,65,,,,2021-06-28T00:00:00
1715,Michael,Lopez,michael.lopez1715@vertexai.com,VertexAI,Outbound - Cold,New,49,,,,2023-07-27T00:00:00
1716,Christopher,Martin,christopher.martin1716@agiledynamics.com,Agile Dynamics,Inbound - Webinar,Working,27,,,,2020-07-17T00:00:00
1717,Patricia,Taylor,patricia.taylor1717@nexgensolutions.com,NexGen Solutions,Outbound - SDR,Disqualified,25,,,,2021-02-06T00:00:00
1718,John,Taylor,john.taylor1718@corestack.com,CoreStack,Product-Led,Disqualified,30,,,,2022-08-11T00:00:00
1719,Charles,Gonzalez,charles.gonzalez1719@primepathdigital.com,PrimePath Digital,Outbound - Cold,Nurture,57,,,,2024-05-24T00:00:00
1720,William,Anderson,william.anderson1720@agiledynamics.com,Agile Dynamics,Paid Search,New,37,,,,2020-11-01T00:00:00
1721,Robert,Thompson,robert.thompson1721@truenorthdata.com,TrueNorth Data,Outbound - Cold,Nurture,28,,,,2022-08-24T00:00:00
1722,Barbara,Miller,barbara.miller1722@innovateco.com,InnovateCo,Outbound - Cold,Disqualified,4,,,,2020-12-05T00:00:00
1723,Elizabeth,Lee,,QuantumLogic Labs,Inbound - Web,New,55,,,,2022-02-24T00:00:00
1724,Elizabeth,Rodriguez,elizabeth.rodriguez1724@rapidcloud.com,RapidCloud,Outbound - SDR,MQL,74,,,,2024-09-10T00:00:00
1725,Patricia,Brown,patricia.brown1725@primepathdigital.com,PrimePath Digital,Social Media,New,34,,,,2020-09-12T00:00:00
1726,Daniel,Taylor,daniel.taylor1726@cloudscalesystems.com,CloudScale Systems,Inbound - Content,New,45,,,,2022-02-23T00:00:00
1727,Christopher,Miller,christopher.miller1727@vertexai.com,VertexAI,Outbound - Cold,Disqualified,17,,,,2020-11-05T00:00:00
1728,Barbara,Jackson,barbara.jackson1728@streamlineanalytics.com,StreamLine Analytics,Inbound - Web,Working,44,,,,2024-07-31T00:00:00
1729,Barbara,Williams,barbara.williams1729@nexgensolutions.com,NexGen Solutions,Inbound - Content,Nurture,40,,,,2022-09-04T00:00:00
1730,David,Taylor,david.taylor1730@nexgensolutions.com,NexGen Solutions,Inbound - Web,New,14,,,,2022-03-11T00:00:00
1731,Daniel,Johnson,daniel.johnson1731@vertexai.com,VertexAI,Paid Search,MQL,91,,,,2023-08-04T00:00:00
1732,Karen,Martinez,karen.martinez1732@vertexai.com,VertexAI,Product-Led,MQL,62,,,,2024-12-05T00:00:00
1733,Richard,Moore,richard.moore1733@corestack.com,CoreStack,Inbound - Content,MQL,77,,,,2024-11-27T00:00:00
1734,Jennifer,Thompson,jennifer.thompson1734@cybervault.com,CyberVault,Event,MQL,54,,,,2021-06-20T00:00:00
1735,Elizabeth,Johnson,elizabeth.johnson1735@innovateco.com,InnovateCo,Inbound - Web,Converted,70,2692,247,2024-10-13,2024-09-06T00:00:00
1736,William,Garcia,,QuantumLogic Labs,Outbound - Cold,Disqualified,21,,,,2021-10-06T00:00:00
1737,Richard,Johnson,richard.johnson1737@cybervault.com,CyberVault,Inbound - Web,Nurture,32,,,,2023-10-21T00:00:00
1738,Linda,Johnson,linda.johnson1738@agiledynamics.com,Agile Dynamics,,New,17,,,,2020-12-26T00:00:00
1739,Lisa,Lopez,lisa.lopez1739@quantumlogiclabs.com,QuantumLogic Labs,Inbound - Content,New,35,,,,2020-03-01T00:00:00
1740,Nancy,Miller,nancy.miller1740@techflowinc.com,TechFlow Inc,Outbound - Cold,Working,28,,,,2023-05-30T00:00:00
1741,Mary,Thompson,mary.thompson1741@vertexai.com,VertexAI,Paid Search,Working,59,,,,2023-12-21T00:00:00
1742,Linda,Thomas,linda.thomas1742@metasync.com,MetaSync,Inbound - Content,Converted,53,2188,813,2024-09-07,2024-08-24T00:00:00
1743,Robert,Rodriguez,robert.rodriguez1743@pulsepointdigital.com,PulsePoint Digital,Social Media,MQL,51,,,,2021-08-24T00:00:00
1744,Joseph,Brown,joseph.brown1744@corestack.com,CoreStack,Inbound - Web,Disqualified,28,,,,2020-01-28T00:00:00
1745,Jessica,Wilson,jessica.wilson1745@truenorthdata.com,TrueNorth Data,Inbound - Web,New,54,,,,2023-02-21T00:00:00
1746,Richard,Garcia,richard.garcia1746@quantumlogiclabs.com,QuantumLogic Labs,Inbound - Content,Disqualified,24,,,,2023-02-07T00:00:00
1747,David,Wilson,david.wilson1747@insightplatforms.com,Insight Platforms,Inbound - Web,Converted,92,1869,850,2024-07-22,2024-06-03T00:00:00
1748,Karen,Garcia,karen.garcia1748@corestack.com,CoreStack,Product-Led,Converted,88,558,345,2024-09-16,2024-07-15T00:00:00
1749,Susan,Martin,,TechFlow Inc,Inbound - Webinar,Working,60,,,,2023-09-22T00:00:00
1750,Daniel,Anderson,daniel.anderson1750@nexgensolutions.com,NexGen Solutions,Inbound - Webinar,MQL,87,,,,2020-03-25T00:00:00
1751,James,Smith,james.smith1751@futureforge.com,FutureForge,Outbound - Cold,Disqualified,9,,,,2020-06-01T00:00:00
1752,Christopher,Garcia,christopher.garcia1752@cybervault.com,CyberVault,Partner Referral,MQL,53,,,,2022-05-20T00:00:00
1753,Charles,Hernandez,charles.hernandez1753@futureforge.com,FutureForge,Partner Referral,SQL,66,,,,2021-03-31T00:00:00
1754,Michael,Martin,michael.martin1754@databridgecorp.com,DataBridge Corp,,Nurture,46,,,,2020-04-29T00:00:00
1755,Nancy,Martinez,nancy.martinez1755@vertexai.com,VertexAI,Outbound - SDR,Working,28,,,,2021-05-25T00:00:00
1756,Karen,Johnson,karen.johnson1756@databridgecorp.com,DataBridge Corp,Product-Led,Converted,89,3606,441,2023-11-05,2023-10-03T00:00:00
1757,Richard,Thompson,richard.thompson1757@vertexai.com,VertexAI,Inbound - Content,Disqualified,0,,,,2023-02-09T00:00:00
1758,David,Rodriguez,david.rodriguez1758@cloudscalesystems.com,CloudScale Systems,Inbound - Web,Converted,85,233,824,2024-10-07,2024-08-25T00:00:00
1759,Joseph,Johnson,joseph.johnson,CoreStack,Outbound - SDR,MQL,68,,,,2020-02-08T00:00:00
1760,Jessica,Smith,jessica.smith1760@futureforge.com,FutureForge,Paid Search,SQL,51,,,,2022-09-13T00:00:00
1761,Patricia,Moore,patricia.moore1761@pulsepointdigital.com,PulsePoint Digital,Product-Led,Working,23,,,,2022-07-12T00:00:00
1762,James,Lopez,james.lopez1762@insightplatforms.com,Insight Platforms,Social Media,Converted,96,472,618,2024-07-23,2024-06-20T00:00:00
1763,Nancy,Thompson,nancy.thompson1763@brightwavetech.com,BrightWave Tech,Outbound - Cold,SQL,84,,,,2023-08-15T00:00:00
1764,Lisa,Lee,lisa.lee1764@brightwavetech.com,BrightWave Tech,Outbound - SDR,SQL,50,,,,2022-03-19T00:00:00
1765,Sarah,Lopez,sarah.lopez1765@vertexai.com,VertexAI,Event,Disqualified,22,,,,2023-12-28T00:00:00
1766,Thomas,Lopez,thomas.lopez1766@quantumlogiclabs.com,QuantumLogic Labs,Inbound - Web,Working,10,,,,2020-03-01T00:00:00
1767,Barbara,Brown,barbara.brown1767@techflowinc.com,TechFlow Inc,Social Media,Converted,100,2015,328,2024-09-25,2024-08-28T00:00:00
1768,Sarah,Smith,sarah.smith1768@quantumlogiclabs.com,QuantumLogic Labs,Paid Search,Disqualified,8,,,,2023-01-04T00:00:00
1769,William,Garcia,william.garcia1769@primepathdigital.com,PrimePath Digital,Event,SQL,65,,,,2022-07-20T00:00:00
1770,Christopher,Rodriguez,christopher.rodriguez1770@innovateco.com,InnovateCo,Inbound - Content,Working,56,,,,2024-04-27T00:00:00
1771,Susan,Martin,susan.martin1771@innovateco.com,InnovateCo,Outbound - Cold,MQL,60,,,,2023-07-27T00:00:00
1772,Elizabeth,Garcia,elizabeth.garcia1772@corestack.com,CoreStack,Inbound - Content,Working,54,,,,2023-06-01T00:00:00
1773,Robert,Anderson,robert.anderson1773@pulsepointdigital.com,PulsePoint Digital,Outbound - Cold,New,43,,,,2020-12-19T00:00:00
1774,Jennifer,Jackson,jennifer.jackson1774@brightwavetech.com,BrightWave Tech,Paid Search,New,54,,,,2023-01-01T00:00:00
1775,Richard,Lee,richard.lee1775@databridgecorp.com,DataBridge Corp,Social Media,Disqualified,23,,,,2020-06-03T00:00:00
1776,Jessica,Martinez,jessica.martinez1776@cybervault.com,CyberVault,Inbound - Web,Disqualified,6,,,,2023-11-29T00:00:00
1777,Nancy,Jones,nancy.jones1777@databridgecorp.com,DataBridge Corp,Paid Search,Converted,54,2083,668,2024-11-09,2024-10-08T00:00:00
1778,Robert,Martin,robert.martin1778@truenorthdata.com,TrueNorth Data,Inbound - Content,Disqualified,6,,,,2021-02-07T00:00:00
1779,Michael,Martinez,michael.martinez1779@metasync.com,MetaSync,Paid Search,Working,50,,,,2021-03-31T00:00:00
1780,Jessica,Lopez,jessica.lopez1780@innovateco.com,InnovateCo,Product-Led,Nurture,64,,,,2020-12-11T00:00:00
1781,Nancy,Garcia,nancy.garcia1781@quantumlogiclabs.com,QuantumLogic Labs,Social Media,Nurture,43,,,,2020-04-14T00:00:00
1782,Barbara,Thompson,barbara.thompson1782@innovateco.com,InnovateCo,Social Media,Working,-39,,,,2024-04-23T00:00:00
1783,William,Smith,william.smith,NexGen Solutions,Social Media,MQL,82,,,,2020-10-05T00:00:00
1784,Michael,Wilson,michael.wilson1784@cybervault.com,CyberVault,Paid Search,SQL,93,,,,2021-01-22T00:00:00
1785,Mary,Garcia,mary.garcia1785@streamlineanalytics.com,StreamLine Analytics,Product-Led,Converted,88,2483,874,2024-09-24,2024-07-21T00:00:00
1786,Joseph,Martinez,joseph.martinez1786@insightplatforms.com,Insight Platforms,Product-Led,Nurture,53,,,,2022-03-01T00:00:00
1787,Thomas,Wilson,thomas.wilson1787@vertexai.com,VertexAI,Partner Referral,New,55,,,,2022-02-07T00:00:00
1788,David,Williams,david.williams1788@vertexai.com,VertexAI,Partner Referral,Working,10,,,,2022-03-28T00:00:00
1789,Joseph,Williams,joseph.williams1789@primepathdigital.com,PrimePath Digital,Inbound - Web,Nurture,19,,,,2021-03-16T00:00:00
1790,Nancy,Garcia,nancy.garcia1790@quantumlogiclabs.com,QuantumLogic Labs,Paid Search,Disqualified,0,,,,2021-02-17T00:00:00
1791,Daniel,Thomas,daniel.thomas1791@scaleupsystems.com,ScaleUp Systems,Inbound - Web,Working,48,,,,2024-02-04T00:00:00
1792,Nancy,Garcia,nancy.garcia1792@nexgensolutions.com,NexGen Solutions,Outbound - Cold,SQL,71,,,,2024-08-18T00:00:00
1793,Joseph,Miller,joseph.miller1793@metasync.com,MetaSync,Product-Led,MQL,80,,,,2022-06-16T00:00:00
1794,Daniel,Thompson,daniel.thompson1794@primepathdigital.com,PrimePath Digital,Outbound - SDR,Working,28,,,,2020-01-21T00:00:00
1795,Barbara,Anderson,barbara.anderson1795@streamlineanalytics.com,StreamLine Analytics,Inbound - Web,Converted,85,1651,472,2024-08-22,2024-06-15T00:00:00
1796,Linda,Miller,linda.miller1796@corestack.com,CoreStack,Social Media,MQL,82,,,,2024-12-13T00:00:00
1797,John,Williams,john.williams1797@innovateco.com,InnovateCo,Outbound - SDR,New,48,,,,2023-11-21T00:00:00
1798,William,Johnson,william.johnson1798@cloudscalesystems.com,CloudScale Systems,Outbound - Cold,Working,60,,,,2024-10-03T00:00:00
1799,Joseph,Miller,joseph.miller1799@cybervault.com,CyberVault,Paid Search,Converted,56,1207,940,2023-07-17,2023-06-12T00:00:00
1800,Charles,Brown,charles.brown1800@streamlineanalytics.com,StreamLine Analytics,Paid Search,New,57,,,,2024-03-26T00:00:00
1801,Susan,Jackson,susan.jackson1801@innovateco.com,InnovateCo,Inbound - Webinar,New,44,,,,2021-03-17T00:00:00
1802,Jennifer,Thomas,jennifer.thomas1802@quantumlogiclabs.com,QuantumLogic Labs,Event,Converted,89,3519,577,2023-10-15,2023-09-17T00:00:00
1803,Thomas,Lee,thomas.lee1803@innovateco.com,InnovateCo,Product-Led,MQL,63,,,,2020-01-05T00:00:00
1804,Jessica,Williams,jessica.williams1804@vertexai.com,VertexAI,Outbound - SDR,SQL,68,,,,2021-02-12T00:00:00
1805,Jennifer,Garcia,jennifer.garcia1805@rapidcloud.com,RapidCloud,Event,Converted,67,2943,405,2021-04-23,2021-02-26T00:00:00
1806,Charles,Miller,charles.miller1806@quantumlogiclabs.com,QuantumLogic Labs,Outbound - Cold,Working,39,,,,2024-07-31T00:00:00
1807,Christopher,Martinez,christopher.martinez1807@cloudscalesystems.com,CloudScale Systems,Social Media,MQL,85,,,,2021-04-27T00:00:00
1808,Patricia,Williams,patricia.williams1808@agiledynamics.com,Agile Dynamics,Event,Disqualified,21,,,,2022-04-20T00:00:00
1809,Barbara,Anderson,barbara.anderson1809@corestack.com,CoreStack,Partner Referral,Converted,98,4003,516,2023-07-31,2023-07-05T00:00:00
1810,Linda,Williams,linda.williams1810@quantumlogiclabs.com,QuantumLogic Labs,Inbound - Content,Converted,92,3334,570,2024-10-10,2024-09-23T00:00:00
1811,Elizabeth,Miller,elizabeth.miller1811@metasync.com,MetaSync,Social Media,New,12,,,,2022-05-12T00:00:00
1812,Michael,Jones,michael.jones1812@scaleupsystems.com,ScaleUp Systems,Event,Working,10,,,,2022-05-26T00:00:00
1813,James,Gonzalez,james.gonzalez1813@pulsepointdigital.com,PulsePoint Digital,Outbound - Cold,SQL,52,,,,2022-08-08T00:00:00
1814,Sarah,Rodriguez,sarah.rodriguez1814@nexgensolutions.com,NexGen Solutions,Inbound - Web,SQL,94,,,,2024-06-30T00:00:00
1815,Nancy,Moore,nancy.moore1815@metasync.com,MetaSync,Inbound - Web,Disqualified,1,,,,2024-07-30T00:00:00
1816,Linda,Lopez,linda.lopez1816@metasync.com,MetaSync,Inbound - Webinar,Working,36,,,,2020-04-28T00:00:00
1817,Christopher,Martinez,christopher.martinez,VertexAI,Outbound - SDR,Converted,94,3912,904,2022-06-09,2022-04-14T00:00:00
1818,Lisa,Williams,lisa.williams1818@agiledynamics.com,Agile Dynamics,Event,Converted,73,4693,574,2024-01-11,2023-11-29T00:00:00
1819,Joseph,Thomas,joseph.thomas1819@quantumlogiclabs.com,QuantumLogic Labs,Inbound - Content,Working,32,,,,2022-06-15T00:00:00
1820,Joseph,Martinez,joseph.martinez1820@databridgecorp.com,DataBridge Corp,Event,Working,22,,,,2024-05-14T00:00:00
1821,Richard,Smith,,Insight Platforms,Inbound - Webinar,Converted,57,4709,628,2022-01-12,2021-12-26T00:00:00
1822,William,Jones,william.jones,InnovateCo,Inbound - Webinar,SQL,87,,,,2020-10-31T00:00:00
1823,Christopher,Brown,christopher.brown1823@cybervault.com,CyberVault,Outbound - SDR,MQL,88,,,,2022-04-17T00:00:00
1824,Barbara,Thompson,barbara.thompson1824@futureforge.com,FutureForge,Inbound - Content,MQL,80,,,,2024-06-02T00:00:00
1825,Daniel,Wilson,daniel.wilson1825@futureforge.com,FutureForge,Outbound - Cold,Converted,79,3073,799,2024-06-21,2024-04-29T00:00:00
1826,Linda,Hernandez,,TechFlow Inc,Product-Led,MQL,58,,,,2022-07-03T00:00:00
1827,David,Miller,david.miller1827@corestack.com,CoreStack,Product-Led,Working,61,,,,2023-08-02T00:00:00
1828,Karen,Lopez,karen.lopez1828@quantumlogiclabs.com,QuantumLogic Labs,Inbound - Content,New,52,,,,2023-07-23T00:00:00
1829,William,Moore,william.moore1829@truenorthdata.com,TrueNorth Data,Inbound - Web,Nurture,41,,,,2022-03-01T00:00:00
1830,Linda,Taylor,linda.taylor1830@databridgecorp.com,DataBridge Corp,Outbound - SDR,Disqualified,18,,,,2024-03-17T00:00:00
1831,Michael,Jackson,michael.jackson1831@truenorthdata.com,TrueNorth Data,Inbound - Webinar,New,27,,,,2021-01-18T00:00:00
1832,John,Johnson,john.johnson1832@techflowinc.com,TechFlow Inc,Inbound - Webinar,Converted,76,156,147,2024-09-10,2024-07-22T00:00:00
1833,Jessica,Jones,jessica.jones1833@futureforge.com,FutureForge,Paid Search,Working,40,,,,2023-09-11T00:00:00
1834,William,Brown,william.brown1834@rapidcloud.com,RapidCloud,Inbound - Webinar,Working,64,,,,2024-12-27T00:00:00
1835,Elizabeth,Lopez,elizabeth.lopez1835@streamlineanalytics.com,StreamLine Analytics,Inbound - Content,Nurture,53,,,,2023-04-13T00:00:00
1836,Charles,Taylor,charles.taylor1836@quantumlogiclabs.com,QuantumLogic Labs,Inbound - Web,Working,33,,,,2021-06-22T00:00:00
1837,Robert,Lee,,CoreStack,Inbound - Webinar,Nurture,63,,,,2022-03-29T00:00:00
1838,Thomas,Thompson,thomas.thompson1838@nexgensolutions.com,NexGen Solutions,Inbound - Web,SQL,80,,,,2024-03-13T00:00:00
1839,Karen,Taylor,karen.taylor1839@futureforge.com,FutureForge,Paid Search,New,25,,,,2020-07-25T00:00:00
1840,Lisa,Gonzalez,lisa.gonzalez1840@pulsepointdigital.com,PulsePoint Digital,Inbound - Content,New,53,,,,2022-04-17T00:00:00
1841,David,Lee,david.lee1841@quantumlogiclabs.com,QuantumLogic Labs,Event,Disqualified,15,,,,2024-04-06T00:00:00
1842,Karen,Lopez,karen.lopez1842@quantumlogiclabs.com,QuantumLogic Labs,Product-Led,Converted,73,2958,801,2024-10-08,2024-10-05T00:00:00
1843,Charles,Martin,charles.martin1843@nexgensolutions.com,NexGen Solutions,Social Media,MQL,54,,,,2021-03-29T00:00:00
1844,Daniel,Moore,daniel.moore1844@streamlineanalytics.com,StreamLine Analytics,Inbound - Web,MQL,98,,,,2020-07-15T00:00:00
1845,Karen,Lee,karen.lee,QuantumLogic Labs,Inbound - Web,Working,20,,,,2021-10-11T00:00:00
1846,Susan,Garcia,susan.garcia1846@agiledynamics.com,Agile Dynamics,Inbound - Webinar,Disqualified,30,,,,2020-02-21T00:00:00
1847,David,Smith,david.smith1847@rapidcloud.com,RapidCloud,Inbound - Content,MQL,50,,,,2021-05-10T00:00:00
1848,Robert,Jackson,robert.jackson1848@metasync.com,MetaSync,Social Media,SQL,74,,,,2021-08-31T00:00:00
1849,John,Williams,john.williams1849@streamlineanalytics.com,StreamLine Analytics,Social Media,New,10,,,,2022-12-26T00:00:00
1850,Christopher,Thompson,christopher.thompson1850@truenorthdata.com,TrueNorth Data,Partner Referral,Working,65,,,,2021-02-11T00:00:00
1851,Barbara,Gonzalez,barbara.gonzalez1851@cloudscalesystems.com,CloudScale Systems,Paid Search,Nurture,58,,,,2020-06-22T00:00:00
1852,Thomas,Brown,thomas.brown1852@brightwavetech.com,BrightWave Tech,Paid Search,Converted,69,797,240,2023-08-23,2023-06-22T00:00:00
1853,William,Hernandez,william.hernandez1853@cloudscalesystems.com,CloudScale Systems,Product-Led,Disqualified,8,,,,2021-09-18T00:00:00
1854,Mary,Williams,mary.williams1854@agiledynamics.com,Agile Dynamics,Outbound - SDR,Nurture,15,,,,2022-11-15T00:00:00
1855,Karen,Williams,,CloudScale Systems,Product-Led,Disqualified,9,,,,2024-10-07T00:00:00
1856,Jessica,Brown,jessica.brown1856@rapidcloud.com,RapidCloud,Inbound - Webinar,SQL,63,,,,2023-04-12T00:00:00
1857,John,Brown,john.brown1857@cybervault.com,CyberVault,Product-Led,New,39,,,,2024-03-02T00:00:00
1858,Jennifer,Jones,jennifer.jones1858@cybervault.com,CyberVault,Product-Led,Nurture,43,,,,2021-01-28T00:00:00
1859,David,Williams,david.williams1859@brightwavetech.com,BrightWave Tech,Product-Led,Converted,76,4533,178,2024-04-24,2024-04-14T00:00:00
1860,Jessica,Williams,jessica.williams1860@databridgecorp.com,DataBridge Corp,Event,New,33,,,,2022-01-05T00:00:00
1861,Patricia,Smith,patricia.smith1861@techflowinc.com,TechFlow Inc,Social Media,New,27,,,,2023-11-15T00:00:00
1862,Mary,Martinez,mary.martinez1862@techflowinc.com,TechFlow Inc,Outbound - SDR,Nurture,32,,,,2022-03-03T00:00:00
1863,Robert,Davis,robert.davis1863@innovateco.com,InnovateCo,Inbound - Webinar,Converted,59,511,660,2022-08-26,2022-07-28T00:00:00
1864,William,Rodriguez,william.rodriguez1864@primepathdigital.com,PrimePath Digital,Inbound - Web,Converted,69,456,923,2024-03-07,2024-02-07T00:00:00
1865,Linda,Smith,linda.smith1865@cloudscalesystems.com,CloudScale Systems,Social Media,Nurture,52,,,,2024-07-19T00:00:00
1866,Nancy,Miller,nancy.miller1866@scaleupsystems.com,ScaleUp Systems,Paid Search,Nurture,58,,,,2021-05-31T00:00:00
1867,Michael,Rodriguez,michael.rodriguez,VertexAI,Product-Led,Working,61,,,,2022-03-21T00:00:00
1868,Patricia,Brown,patricia.brown1868@quantumlogiclabs.com,QuantumLogic Labs,Inbound - Webinar,Disqualified,0,,,,2020-03-15T00:00:00
1869,Joseph,Thompson,joseph.thompson1869@truenorthdata.com,TrueNorth Data,Outbound - Cold,MQL,54,,,,2022-08-13T00:00:00
1870,Mary,Martin,mary.martin1870@cybervault.com,CyberVault,Event,MQL,65,,,,2022-08-10T00:00:00
1871,Lisa,Jones,lisa.jones1871@pulsepointdigital.com,PulsePoint Digital,Paid Search,MQL,53,,,,2023-04-30T00:00:00
1872,Sarah,Johnson,sarah.johnson1872@metasync.com,MetaSync,Inbound - Web,New,-29,,,,2020-12-24T00:00:00
1873,Barbara,Davis,barbara.davis1873@primepathdigital.com,PrimePath Digital,Paid Search,New,36,,,,2024-02-07T00:00:00
1874,Susan,Johnson,susan.johnson1874@futureforge.com,FutureForge,Outbound - SDR,Disqualified,20,,,,2021-01-10T00:00:00
1875,Susan,Anderson,susan.anderson1875@insightplatforms.com,Insight Platforms,Inbound - Web,SQL,83,,,,2024-02-12T00:00:00
1876,Karen,Gonzalez,karen.gonzalez1876@vertexai.com,VertexAI,Partner Referral,SQL,57,,,,2020-10-21T00:00:00
1877,Christopher,Jones,christopher.jones,BrightWave Tech,Event,Converted,69,4942,390,2022-10-07,2022-09-13T00:00:00
1878,Barbara,Martin,barbara.martin1878@agiledynamics.com,Agile Dynamics,Event,SQL,91,,,,2024-04-22T00:00:00
1879,Daniel,Gonzalez,daniel.gonzalez1879@scaleupsystems.com,ScaleUp Systems,Paid Search,MQL,69,,,,2023-06-05T00:00:00
1880,Susan,Jackson,susan.jackson1880@scaleupsystems.com,ScaleUp Systems,Outbound - SDR,Working,37,,,,2023-03-30T00:00:00
1881,Joseph,Moore,joseph.moore1881@corestack.com,CoreStack,Inbound - Content,MQL,75,,,,2022-09-12T00:00:00
1882,Jennifer,Miller,jennifer.miller1882@rapidcloud.com,RapidCloud,Inbound - Web,Disqualified,29,,,,2024-01-13T00:00:00
1883,Linda,Hernandez,linda.hernandez1883@primepathdigital.com,PrimePath Digital,Inbound - Content,Working,20,,,,2020-12-28T00:00:00
1884,Robert,Williams,robert.williams1884@scaleupsystems.com,ScaleUp Systems,Outbound - Cold,MQL,97,,,,2022-07-18T00:00:00
1885,Charles,Wilson,charles.wilson1885@agiledynamics.com,Agile Dynamics,Inbound - Web,Converted,75,1846,404,2024-10-09,2024-07-23T00:00:00
1886,Patricia,Smith,patricia.smith1886@nexgensolutions.com,NexGen Solutions,Outbound - Cold,Working,49,,,,2022-03-26T00:00:00
1887,Richard,Anderson,richard.anderson1887@insightplatforms.com,Insight Platforms,Paid Search,New,48,,,,2022-02-03T00:00:00
1888,Mary,Johnson,mary.johnson1888@cloudscalesystems.com,CloudScale Systems,Inbound - Content,Disqualified,-17,,,,2024-01-23T00:00:00
1889,Sarah,Smith,sarah.smith1889@cybervault.com,CyberVault,Inbound - Webinar,Converted,51,3580,880,2024-10-10,2024-10-02T00:00:00
1890,Daniel,Jones,daniel.jones1890@primepathdigital.com,PrimePath Digital,Paid Search,Disqualified,27,,,,2020-07-12T00:00:00
1891,Thomas,Rodriguez,thomas.rodriguez1891@truenorthdata.com,TrueNorth Data,Event,New,45,,,,2024-05-11T00:00:00
1892,Robert,Gonzalez,robert.gonzalez1892@vertexai.com,VertexAI,Outbound - Cold,SQL,89,,,,2022-09-29T00:00:00
1893,Michael,Lee,michael.lee1893@streamlineanalytics.com,StreamLine Analytics,Outbound - SDR,Disqualified,20,,,,2023-10-08T00:00:00
1894,Elizabeth,Brown,elizabeth.brown1894@innovateco.com,InnovateCo,Outbound - SDR,Disqualified,-25,,,,2020-04-06T00:00:00
1895,Robert,Martin,robert.martin1895@brightwavetech.com,BrightWave Tech,,Converted,70,3903,513,2024-10-01,2024-07-23T00:00:00
1896,Joseph,Garcia,joseph.garcia1896@quantumlogiclabs.com,QuantumLogic Labs,Partner Referral,Working,30,,,,2022-07-18T00:00:00
1897,Karen,Rodriguez,karen.rodriguez1897@agiledynamics.com,Agile Dynamics,Outbound - SDR,New,53,,,,2022-12-31T00:00:00
1898,Patricia,Johnson,patricia.johnson1898@agiledynamics.com,Agile Dynamics,Outbound - SDR,MQL,66,,,,2024-07-15T00:00:00
1899,Mary,Johnson,mary.johnson1899@vertexai.com,VertexAI,Inbound - Web,MQL,75,,,,2020-10-25T00:00:00
1900,Nancy,Brown,nancy.brown1900@innovateco.com,InnovateCo,Inbound - Webinar,MQL,67,,,,2022-11-01T00:00:00
1901,Linda,Brown,linda.brown1901@innovateco.com,InnovateCo,Inbound - Web,Converted,78,1565,921,2024-11-24,2024-11-23T00:00:00
1902,Elizabeth,Lopez,elizabeth.lopez1902@pulsepointdigital.com,PulsePoint Digital,Inbound - Webinar,Converted,71,2910,649,2023-08-04,2023-05-17T00:00:00
1903,John,Martinez,john.martinez1903@agiledynamics.com,Agile Dynamics,Inbound - Content,Nurture,21,,,,2022-03-05T00:00:00
1904,William,Davis,william.davis1904@innovateco.com,InnovateCo,Inbound - Webinar,Converted,62,3531,534,2024-04-09,2024-03-11T00:00:00
1905,Daniel,Williams,,RapidCloud,Inbound - Webinar,New,32,,,,2020-11-05T00:00:00
1906,Linda,Anderson,linda.anderson1906@cloudscalesystems.com,CloudScale Systems,Inbound - Webinar,Working,39,,,,2021-09-15T00:00:00
1907,Patricia,Anderson,patricia.anderson1907@metasync.com,MetaSync,Inbound - Web,Disqualified,7,,,,2021-03-27T00:00:00
1908,Joseph,Lopez,joseph.lopez1908@brightwavetech.com,BrightWave Tech,Inbound - Web,Disqualified,0,,,,2024-01-12T00:00:00
1909,Christopher,Lee,christopher.lee,RapidCloud,Product-Led,MQL,63,,,,2022-06-29T00:00:00
1910,Richard,Taylor,richard.taylor1910@innovateco.com,InnovateCo,Inbound - Webinar,New,34,,,,2021-03-06T00:00:00
1911,James,Martinez,james.martinez1911@agiledynamics.com,Agile Dynamics,Inbound - Webinar,Converted,96,411,754,2023-10-02,2023-07-13T00:00:00
1912,Thomas,Taylor,thomas.taylor1912@databridgecorp.com,DataBridge Corp,Partner Referral,Disqualified,-27,,,,2020-12-10T00:00:00
1913,Richard,Johnson,richard.johnson1913@truenorthdata.com,TrueNorth Data,Outbound - SDR,New,31,,,,2020-10-27T00:00:00
1914,Nancy,Brown,nancy.brown1914@databridgecorp.com,DataBridge Corp,Social Media,Working,34,,,,2024-07-12T00:00:00
1915,John,Rodriguez,john.rodriguez1915@innovateco.com,InnovateCo,Social Media,Nurture,25,,,,2023-11-29T00:00:00
1916,Christopher,Moore,christopher.moore1916@pulsepointdigital.com,PulsePoint Digital,Inbound - Content,New,36,,,,2023-05-17T00:00:00
1917,Joseph,Martinez,joseph.martinez,DataBridge Corp,Inbound - Webinar,Disqualified,30,,,,2024-03-13T00:00:00
1918,John,Rodriguez,john.rodriguez1918@techflowinc.com,TechFlow Inc,Social Media,Disqualified,9,,,,2023-06-18T00:00:00
1919,Charles,Thompson,charles.thompson1919@streamlineanalytics.com,StreamLine Analytics,Social Media,Working,34,,,,2020-01-20T00:00:00
1920,Karen,Gonzalez,karen.gonzalez1920@truenorthdata.com,TrueNorth Data,Social Media,Disqualified,23,,,,2020-08-23T00:00:00
1921,Daniel,Williams,,Insight Platforms,Outbound - SDR,Nurture,60,,,,2020-05-12T00:00:00
1922,William,Hernandez,william.hernandez1922@truenorthdata.com,TrueNorth Data,Social Media,Disqualified,18,,,,2021-06-13T00:00:00
1923,Christopher,Garcia,christopher.garcia1923@truenorthdata.com,TrueNorth Data,Inbound - Content,New,44,,,,2023-05-25T00:00:00
1924,Jennifer,Wilson,jennifer.wilson1924@cloudscalesystems.com,CloudScale Systems,Outbound - Cold,Working,66,,,,2023-01-30T00:00:00
1925,Patricia,Gonzalez,patricia.gonzalez1925@scaleupsystems.com,ScaleUp Systems,Outbound - SDR,Working,51,,,,2020-04-30T00:00:00
1926,Daniel,Lopez,daniel.lopez1926@techflowinc.com,TechFlow Inc,Paid Search,Converted,53,1715,281,2024-02-04,2024-02-08T00:00:00
1927,James,Jones,james.jones1927@agiledynamics.com,Agile Dynamics,Product-Led,Converted,57,2433,164,2024-09-29,2024-09-10T00:00:00
1928,Linda,Lopez,linda.lopez1928@brightwavetech.com,BrightWave Tech,Outbound - Cold,Disqualified,15,,,,2022-09-20T00:00:00
1929,Richard,Thomas,richard.thomas1929@truenorthdata.com,TrueNorth Data,Event,Converted,50,4314,187,2022-10-29,2022-10-22T00:00:00
1930,Patricia,Martin,patricia.martin1930@brightwavetech.com,BrightWave Tech,Outbound - SDR,Disqualified,29,,,,2021-10-04T00:00:00
1931,Nancy,Rodriguez,nancy.rodriguez1931@databridgecorp.com,DataBridge Corp,Event,Working,50,,,,2024-08-07T00:00:00
1932,Daniel,Hernandez,daniel.hernandez1932@cybervault.com,CyberVault,Event,MQL,97,,,,2024-03-22T00:00:00
1933,Susan,Jackson,susan.jackson1933@truenorthdata.com,TrueNorth Data,Outbound - SDR,Nurture,18,,,,2020-03-14T00:00:00
1934,Christopher,Martinez,christopher.martinez1934@metasync.com,MetaSync,Paid Search,Converted,67,185,450,2024-12-10,2024-12-14T00:00:00
1935,John,Martinez,john.martinez1935@futureforge.com,FutureForge,Social Media,Nurture,34,,,,2023-01-19T00:00:00
1936,Jessica,Davis,jessica.davis1936@futureforge.com,FutureForge,Inbound - Content,Working,54,,,,2021-11-30T00:00:00
1937,Michael,Davis,michael.davis1937@innovateco.com,InnovateCo,Product-Led,SQL,83,,,,2020-01-09T00:00:00
1938,Jennifer,Miller,jennifer.miller1938@metasync.com,MetaSync,Partner Referral,New,41,,,,2024-09-16T00:00:00
1939,Charles,Hernandez,charles.hernandez1939@rapidcloud.com,RapidCloud,Outbound - Cold,New,55,,,,2021-03-20T00:00:00
1940,Charles,Hernandez,charles.hernandez1940@databridgecorp.com,DataBridge Corp,,Working,35,,,,2021-03-21T00:00:00
1941,Robert,Garcia,robert.garcia1941@brightwavetech.com,BrightWave Tech,Outbound - SDR,Disqualified,20,,,,2020-11-13T00:00:00
1942,Christopher,Thomas,christopher.thomas1942@primepathdigital.com,PrimePath Digital,Inbound - Content,Converted,67,1642,923,2024-02-11,2023-12-09T00:00:00
1943,Michael,Hernandez,michael.hernandez1943@brightwavetech.com,BrightWave Tech,Event,Converted,91,385,127,2024-11-28,2024-10-25T00:00:00
1944,Thomas,Hernandez,thomas.hernandez1944@truenorthdata.com,TrueNorth Data,Partner Referral,Converted,70,2128,58,2023-05-22,2023-04-14T00:00:00
1945,Joseph,Thomas,,Insight Platforms,Outbound - SDR,Nurture,18,,,,2024-07-08T00:00:00
1946,James,Taylor,james.taylor1946@innovateco.com,InnovateCo,Product-Led,Disqualified,12,,,,2024-08-02T00:00:00
1947,Jessica,Anderson,,ScaleUp Systems,Outbound - Cold,SQL,54,,,,2020-06-10T00:00:00
1948,Robert,Jones,robert.jones1948@truenorthdata.com,TrueNorth Data,Partner Referral,Disqualified,28,,,,2022-04-28T00:00:00
1949,Thomas,Taylor,thomas.taylor1949@insightplatforms.com,Insight Platforms,Inbound - Webinar,SQL,65,,,,2024-04-08T00:00:00
1950,Patricia,Smith,patricia.smith1950@cybervault.com,CyberVault,Outbound - Cold,MQL,71,,,,2023-11-12T00:00:00
1951,Mary,Davis,mary.davis1951@agiledynamics.com,Agile Dynamics,Inbound - Web,SQL,60,,,,2023-08-17T00:00:00
1952,Barbara,Anderson,barbara.anderson1952@cloudscalesystems.com,CloudScale Systems,Paid Search,Disqualified,-20,,,,2023-10-30T00:00:00
1953,Joseph,Brown,joseph.brown1953@scaleupsystems.com,ScaleUp Systems,Outbound - SDR,SQL,69,,,,2022-09-21T00:00:00
1954,Patricia,Moore,patricia.moore1954@futureforge.com,FutureForge,Outbound - SDR,Converted,91,4206,887,2024-11-30,2024-09-29T00:00:00
1955,Elizabeth,Lee,elizabeth.lee1955@corestack.com,CoreStack,Outbound - Cold,MQL,89,,,,2021-11-25T00:00:00
1956,James,Taylor,james.taylor1956@cloudscalesystems.com,CloudScale Systems,Inbound - Web,Disqualified,20,,,,2024-11-07T00:00:00
1957,John,Taylor,john.taylor1957@futureforge.com,FutureForge,Social Media,Disqualified,11,,,,2022-02-17T00:00:00
1958,Linda,Miller,linda.miller1958@primepathdigital.com,PrimePath Digital,Inbound - Web,SQL,79,,,,2023-02-28T00:00:00
1959,Jessica,Anderson,jessica.anderson1959@insightplatforms.com,Insight Platforms,Paid Search,New,33,,,,2023-03-01T00:00:00
1960,William,Martin,william.martin1960@metasync.com,MetaSync,Partner Referral,MQL,85,,,,2022-03-15T00:00:00
1961,Charles,Jones,charles.jones1961@pulsepointdigital.com,PulsePoint Digital,Inbound - Web,MQL,52,,,,2021-05-18T00:00:00
1962,Jennifer,Thomas,jennifer.thomas1962@quantumlogiclabs.com,QuantumLogic Labs,Product-Led,New,65,,,,2022-09-23T00:00:00
1963,Patricia,Thomas,patricia.thomas1963@rapidcloud.com,RapidCloud,Outbound - SDR,Nurture,13,,,,2024-03-23T00:00:00
1964,Mary,Rodriguez,mary.rodriguez1964@cloudscalesystems.com,CloudScale Systems,Inbound - Webinar,Disqualified,10,,,,2022-05-14T00:00:00
1965,Nancy,Lee,nancy.lee1965@corestack.com,CoreStack,Outbound - Cold,New,37,,,,2023-08-28T00:00:00
1966,Nancy,Moore,nancy.moore1966@scaleupsystems.com,ScaleUp Systems,Event,Disqualified,29,,,,2020-06-28T00:00:00
1967,Thomas,Lee,thomas.lee1967@rapidcloud.com,RapidCloud,Product-Led,Working,13,,,,2023-09-24T00:00:00
1968,Linda,Moore,linda.moore1968@truenorthdata.com,TrueNorth Data,Inbound - Webinar,New,50,,,,2023-08-11T00:00:00
1969,James,Lee,james.lee1969@cloudscalesystems.com,CloudScale Systems,Paid Search,Nurture,33,,,,2020-12-09T00:00:00
1970,Susan,Gonzalez,susan.gonzalez1970@primepathdigital.com,PrimePath Digital,Paid Search,New,27,,,,2020-04-15T00:00:00
1971,James,Lee,james.lee1971@futureforge.com,FutureForge,Inbound - Content,SQL,66,,,,2021-10-11T00:00:00
1972,Elizabeth,Smith,,FutureForge,Inbound - Content,Nurture,37,,,,2021-07-25T00:00:00
1973,Mary,Jackson,mary.jackson1973@cybervault.com,CyberVault,Outbound - SDR,Working,28,,,,2024-04-11T00:00:00
1974,Joseph,Martin,joseph.martin1974@databridgecorp.com,DataBridge Corp,Inbound - Content,MQL,51,,,,2022-06-25T00:00:00
1975,Elizabeth,Rodriguez,elizabeth.rodriguez1975@quantumlogiclabs.com,QuantumLogic Labs,Event,MQL,86,,,,2021-04-13T00:00:00
1976,Jennifer,Brown,jennifer.brown1976@innovateco.com,InnovateCo,Social Media,Working,26,,,,2022-09-07T00:00:00
1977,Mary,Thomas,mary.thomas1977@techflowinc.com,TechFlow Inc,Inbound - Content,SQL,56,,,,2022-04-14T00:00:00
1978,Barbara,Martinez,barbara.martinez1978@scaleupsystems.com,ScaleUp Systems,Outbound - SDR,Working,30,,,,2022-08-09T00:00:00
1979,Elizabeth,Thompson,elizabeth.thompson1979@rapidcloud.com,RapidCloud,Outbound - Cold,New,18,,,,2020-10-22T00:00:00
1980,Barbara,Thompson,barbara.thompson1980@rapidcloud.com,RapidCloud,Outbound - SDR,Converted,65,785,433,2023-02-03,2023-01-19T00:00:00
1981,Mary,Taylor,mary.taylor1981@cloudscalesystems.com,CloudScale Systems,Outbound - SDR,SQL,83,,,,2020-07-18T00:00:00
1982,Richard,Gonzalez,richard.gonzalez1982@quantumlogiclabs.com,QuantumLogic Labs,Inbound - Webinar,SQL,96,,,,2022-08-06T00:00:00
1983,Thomas,Thomas,thomas.thomas1983@scaleupsystems.com,ScaleUp Systems,Inbound - Webinar,SQL,87,,,,2024-03-02T00:00:00
1984,Joseph,Martinez,joseph.martinez1984@futureforge.com,FutureForge,Partner Referral,SQL,73,,,,2021-02-04T00:00:00
1985,Thomas,Lee,thomas.lee1985@databridgecorp.com,DataBridge Corp,Product-Led,Nurture,68,,,,2023-03-21T00:00:00
1986,William,Jones,william.jones1986@insightplatforms.com,Insight Platforms,Outbound - SDR,MQL,55,,,,2021-05-05T00:00:00
1987,Elizabeth,Jackson,elizabeth.jackson1987@databridgecorp.com,DataBridge Corp,Product-Led,Converted,62,4720,479,2023-05-02,2023-02-23T00:00:00
1988,Robert,Moore,robert.moore1988@databridgecorp.com,DataBridge Corp,Paid Search,Converted,95,4192,762,2021-02-22,2020-12-03T00:00:00
1989,Sarah,Lee,sarah.lee1989@cybervault.com,CyberVault,Social Media,Nurture,39,,,,2022-04-06T00:00:00
1990,Nancy,Jackson,nancy.jackson1990@primepathdigital.com,PrimePath Digital,Inbound - Web,Working,51,,,,2023-04-06T00:00:00
1991,David,Lopez,david.lopez1991@futureforge.com,FutureForge,Partner Referral,SQL,93,,,,2024-09-22T00:00:00
1992,Robert,Moore,robert.moore1992@scaleupsystems.com,ScaleUp Systems,,Disqualified,26,,,,2021-11-10T00:00:00
1993,Jessica,Martinez,jessica.martinez1993@agiledynamics.com,Agile Dynamics,Outbound - Cold,New,65,,,,2021-09-12T00:00:00
1994,Richard,Hernandez,richard.hernandez,RapidCloud,Paid Search,Disqualified,-23,,,,2022-05-06T00:00:00
1995,Karen,Rodriguez,karen.rodriguez1995@brightwavetech.com,BrightWave Tech,Paid Search,Disqualified,22,,,,2020-07-13T00:00:00
1996,Lisa,Jackson,lisa.jackson1996@nexgensolutions.com,NexGen Solutions,Social Media,MQL,93,,,,2022-08-25T00:00:00
1997,Joseph,Miller,joseph.miller1997@insightplatforms.com,Insight Platforms,Outbound - SDR,MQL,51,,,,2020-04-13T00:00:00
1998,William,Smith,william.smith1998@streamlineanalytics.com,StreamLine Analytics,Paid Search,Working,62,,,,2024-08-07T00:00:00
1999,Karen,Jackson,karen.jackson1999@scaleupsystems.com,ScaleUp Systems,Inbound - Webinar,SQL,96,,,,2024-04-02T00:00:00
2000,Christopher,Jones,,CoreStack,Inbound - Content,Converted,55,522,304,2024-04-21,2024-04-01T00:00:00
2001,Lisa,Gonzalez,lisa.gonzalez2001@streamlineanalytics.com,StreamLine Analytics,Inbound - Content,SQL,94,,,,2020-01-03T00:00:00
2002,Michael,Martinez,,CloudScale Systems,Inbound - Web,MQL,52,,,,2022-04-04T00:00:00
2003,Joseph,Williams,joseph.williams2003@streamlineanalytics.com,StreamLine Analytics,Inbound - Webinar,Converted,77,3262,75,2024-10-16,2024-09-29T00:00:00
2004,Jennifer,Davis,jennifer.davis2004@rapidcloud.com,RapidCloud,Outbound - SDR,Disqualified,29,,,,2023-01-04T00:00:00
2005,Christopher,Wilson,christopher.wilson2005@corestack.com,CoreStack,Inbound - Web,New,35,,,,2022-03-12T00:00:00
2006,Susan,Moore,susan.moore2006@cloudscalesystems.com,CloudScale Systems,Event,Converted,65,1827,808,2020-08-06,2020-06-17T00:00:00
2007,Jessica,Moore,jessica.moore2007@databridgecorp.com,DataBridge Corp,Outbound - Cold,Disqualified,24,,,,2022-08-31T00:00:00
2008,Patricia,Thomas,patricia.thomas2008@metasync.com,MetaSync,Outbound - SDR,Nurture,22,,,,2023-09-20T00:00:00
2009,Michael,Hernandez,michael.hernandez2009@scaleupsystems.com,ScaleUp Systems,Partner Referral,New,58,,,,2020-05-03T00:00:00
2010,Christopher,Lee,christopher.lee2010@quantumlogiclabs.com,QuantumLogic Labs,Paid Search,MQL,58,,,,2020-02-10T00:00:00
2011,Jessica,Miller,jessica.miller2011@innovateco.com,InnovateCo,Outbound - SDR,New,23,,,,2024-02-01T00:00:00
2012,Joseph,Williams,joseph.williams2012@vertexai.com,VertexAI,Inbound - Content,Nurture,41,,,,2021-07-16T00:00:00
2013,Thomas,Thomas,thomas.thomas2013@corestack.com,CoreStack,Outbound - Cold,MQL,77,,,,2021-07-03T00:00:00
2014,Joseph,Martin,joseph.martin2014@vertexai.com,VertexAI,Product-Led,Converted,84,3397,189,2024-12-03,2024-11-20T00:00:00
2015,Charles,Jackson,charles.jackson2015@rapidcloud.com,RapidCloud,Inbound - Webinar,Disqualified,10,,,,2021-02-07T00:00:00
2016,Sarah,Johnson,sarah.johnson2016@primepathdigital.com,PrimePath Digital,Event,Disqualified,7,,,,2020-10-08T00:00:00
2017,Lisa,Lee,,Insight Platforms,Social Media,Converted,56,1681,164,2024-12-13,2024-09-30T00:00:00
2018,Daniel,Anderson,daniel.anderson2018@streamlineanalytics.com,StreamLine Analytics,Outbound - Cold,New,64,,,,2021-08-18T00:00:00
2019,Joseph,Smith,joseph.smith2019@databridgecorp.com,DataBridge Corp,,SQL,90,,,,2022-11-26T00:00:00
2020,Sarah,Moore,sarah.moore2020@primepathdigital.com,PrimePath Digital,Outbound - Cold,Nurture,18,,,,2021-09-29T00:00:00
2021,Elizabeth,Thompson,elizabeth.thompson2021@futureforge.com,FutureForge,Inbound - Web,Converted,75,253,817,2024-10-13,2024-09-20T00:00:00
2022,Lisa,Johnson,lisa.johnson2022@quantumlogiclabs.com,QuantumLogic Labs,Product-Led,Converted,96,4005,881,2022-04-08,2022-01-24T00:00:00
2023,Nancy,Lee,nancy.lee2023@innovateco.com,InnovateCo,Inbound - Webinar,SQL,94,,,,2021-07-09T00:00:00
2024,James,Hernandez,james.hernandez2024@insightplatforms.com,Insight Platforms,Inbound - Web,New,58,,,,2021-12-06T00:00:00
2025,Joseph,Brown,joseph.brown2025@primepathdigital.com,PrimePath Digital,Outbound - SDR,Working,65,,,,2024-11-12T00:00:00
2026,Jessica,Miller,jessica.miller2026@streamlineanalytics.com,StreamLine Analytics,Inbound - Content,Nurture,14,,,,2021-04-01T00:00:00
2027,Barbara,Martinez,barbara.martinez2027@scaleupsystems.com,ScaleUp Systems,Product-Led,New,41,,,,2024-09-14T00:00:00
2028,Patricia,Anderson,patricia.anderson2028@cybervault.com,CyberVault,Outbound - Cold,Disqualified,13,,,,2020-09-23T00:00:00
2029,Barbara,Taylor,barbara.taylor2029@streamlineanalytics.com,StreamLine Analytics,Event,Converted,80,4089,553,2024-11-04,2024-09-02T00:00:00
2030,Barbara,Lee,barbara.lee2030@corestack.com,CoreStack,Inbound - Webinar,Converted,87,4232,578,2023-05-15,2023-05-07T00:00:00
2031,Robert,Lee,robert.lee2031@agiledynamics.com,Agile Dynamics,Paid Search,Disqualified,25,,,,2023-10-09T00:00:00
2032,Sarah,Rodriguez,sarah.rodriguez2032@databridgecorp.com,DataBridge Corp,Event,Converted,56,2210,448,2024-10-24,2024-08-12T00:00:00
2033,Jennifer,Davis,jennifer.davis2033@truenorthdata.com,TrueNorth Data,Outbound - SDR,Disqualified,22,,,,2020-01-28T00:00:00
2034,Thomas,Lopez,thomas.lopez2034@innovateco.com,InnovateCo,Social Media,Disqualified,7,,,,2024-09-12T00:00:00
2035,Robert,Martin,robert.martin2035@nexgensolutions.com,NexGen Solutions,Inbound - Webinar,Nurture,55,,,,2022-03-29T00:00:00
2036,Linda,Lopez,linda.lopez2036@innovateco.com,InnovateCo,Product-Led,Disqualified,28,,,,2021-03-28T00:00:00
2037,William,Davis,william.davis2037@scaleupsystems.com,ScaleUp Systems,Outbound - Cold,New,15,,,,2023-06-23T00:00:00
2038,William,Smith,william.smith2038@innovateco.com,InnovateCo,Product-Led,Converted,56,2403,819,2024-12-14,2024-11-10T00:00:00
2039,Elizabeth,Rodriguez,elizabeth.rodriguez2039@scaleupsystems.com,ScaleUp Systems,Product-Led,Working,23,,,,2020-02-03T00:00:00
2040,John,Williams,john.williams2040@scaleupsystems.com,ScaleUp Systems,Inbound - Webinar,Disqualified,3,,,,2021-09-13T00:00:00
2041,John,Johnson,john.johnson2041@rapidcloud.com,RapidCloud,Paid Search,SQL,98,,,,2023-05-30T00:00:00
2042,Daniel,Wilson,daniel.wilson2042@futureforge.com,FutureForge,,Nurture,52,,,,2021-07-04T00:00:00
2043,Linda,Thomas,linda.thomas2043@primepathdigital.com,PrimePath Digital,Social Media,Converted,92,274,674,2022-09-10,2022-08-07T00:00:00
2044,Sarah,Moore,sarah.moore2044@truenorthdata.com,TrueNorth Data,Product-Led,Working,20,,,,2021-11-29T00:00:00
2045,Joseph,Hernandez,joseph.hernandez2045@scaleupsystems.com,ScaleUp Systems,Product-Led,New,27,,,,2023-06-21T00:00:00
2046,Lisa,Jackson,lisa.jackson2046@rapidcloud.com,RapidCloud,Product-Led,Converted,79,4661,90,2024-11-01,2024-09-23T00:00:00
2047,John,Davis,john.davis2047@databridgecorp.com,DataBridge Corp,Outbound - SDR,Working,11,,,,2022-08-24T00:00:00
2048,James,Garcia,james.garcia2048@brightwavetech.com,BrightWave Tech,Inbound - Web,Working,63,,,,2023-09-27T00:00:00
2049,Mary,Moore,mary.moore2049@vertexai.com,VertexAI,Outbound - SDR,MQL,67,,,,2023-11-04T00:00:00
2050,Michael,Lopez,michael.lopez2050@innovateco.com,InnovateCo,Inbound - Content,New,49,,,,2020-05-18T00:00:00
2051,Sarah,Davis,sarah.davis2051@vertexai.com,VertexAI,Inbound - Content,MQL,91,,,,2021-09-15T00:00:00
2052,Jennifer,Anderson,jennifer.anderson2052@vertexai.com,VertexAI,Event,Nurture,61,,,,2020-08-09T00:00:00
2053,Christopher,Taylor,christopher.taylor2053@scaleupsystems.com,ScaleUp Systems,Inbound - Web,MQL,75,,,,2022-08-15T00:00:00
2054,Jessica,Wilson,jessica.wilson2054@primepathdigital.com,PrimePath Digital,Product-Led,Working,38,,,,2020-11-20T00:00:00
2055,John,Martin,john.martin2055@primepathdigital.com,PrimePath Digital,Outbound - Cold,Converted,70,776,393,2022-10-28,2022-09-14T00:00:00
2056,James,Anderson,james.anderson2056@cloudscalesystems.com,CloudScale Systems,Outbound - Cold,Disqualified,30,,,,2023-12-21T00:00:00
2057,Robert,Thomas,,TrueNorth Data,Inbound - Webinar,MQL,79,,,,2023-11-24T00:00:00
2058,Jessica,Martin,jessica.martin2058@techflowinc.com,TechFlow Inc,Outbound - SDR,New,65,,,,2024-06-25T00:00:00
2059,Karen,Brown,karen.brown2059@innovateco.com,InnovateCo,Partner Referral,Converted,72,4858,103,2022-08-17,2022-06-18T00:00:00
2060,Lisa,Jackson,lisa.jackson2060@pulsepointdigital.com,PulsePoint Digital,Inbound - Web,Working,10,,,,2024-02-25T00:00:00
2061,David,Hernandez,david.hernandez2061@truenorthdata.com,TrueNorth Data,,Disqualified,20,,,,2020-03-27T00:00:00
2062,Mary,Brown,mary.brown2062@nexgensolutions.com,NexGen Solutions,Product-Led,Nurture,46,,,,2022-04-12T00:00:00
2063,John,Taylor,john.taylor2063@streamlineanalytics.com,StreamLine Analytics,Product-Led,Disqualified,28,,,,2021-01-13T00:00:00
2064,Lisa,Lopez,lisa.lopez2064@streamlineanalytics.com,StreamLine Analytics,Outbound - Cold,Nurture,15,,,,2020-04-26T00:00:00
2065,Jennifer,Jones,jennifer.jones2065@cybervault.com,CyberVault,Paid Search,Converted,57,32,266,2024-10-08,2024-10-09T00:00:00
2066,Michael,Jackson,michael.jackson2066@quantumlogiclabs.com,QuantumLogic Labs,Product-Led,Disqualified,0,,,,2024-01-26T00:00:00
2067,Elizabeth,Hernandez,elizabeth.hernandez2067@cloudscalesystems.com,CloudScale Systems,Product-Led,Working,49,,,,2022-03-19T00:00:00
2068,Barbara,Thompson,barbara.thompson2068@brightwavetech.com,BrightWave Tech,Outbound - SDR,Converted,60,2454,874,2023-10-14,2023-09-21T00:00:00
2069,Mary,Garcia,mary.garcia2069@vertexai.com,VertexAI,Outbound - Cold,Nurture,41,,,,2020-02-28T00:00:00
2070,David,Garcia,,PrimePath Digital,Event,Converted,80,3844,344,2024-10-31,2024-08-21T00:00:00
2071,Michael,Smith,michael.smith2071@innovateco.com,InnovateCo,Event,Disqualified,29,,,,2022-11-20T00:00:00
2072,Nancy,Anderson,nancy.anderson2072@metasync.com,MetaSync,Partner Referral,SQL,-63,,,,2020-09-26T00:00:00
2073,Michael,Martinez,michael.martinez2073@agiledynamics.com,Agile Dynamics,Paid Search,Disqualified,1,,,,2022-09-28T00:00:00
2074,Richard,Garcia,richard.garcia2074@databridgecorp.com,DataBridge Corp,Inbound - Webinar,Working,48,,,,2020-08-30T00:00:00
2075,Thomas,Anderson,thomas.anderson2075@insightplatforms.com,Insight Platforms,Event,New,67,,,,2021-02-06T00:00:00
2076,Patricia,Lopez,patricia.lopez2076@truenorthdata.com,TrueNorth Data,Inbound - Content,Working,58,,,,2022-02-22T00:00:00
2077,Barbara,Rodriguez,,NexGen Solutions,Paid Search,Converted,55,431,260,2022-01-09,2021-11-14T00:00:00
2078,Jennifer,Brown,jennifer.brown2078@corestack.com,CoreStack,Inbound - Content,Disqualified,7,,,,2021-11-04T00:00:00
2079,Jessica,Martin,jessica.martin2079@vertexai.com,VertexAI,Product-Led,Disqualified,23,,,,2020-04-19T00:00:00
2080,Thomas,Wilson,thomas.wilson2080@streamlineanalytics.com,StreamLine Analytics,Event,Converted,62,3760,44,2024-03-04,2024-01-07T00:00:00
2081,Charles,Davis,charles.davis,PrimePath Digital,Partner Referral,New,18,,,,2023-03-14T00:00:00
2082,Linda,Miller,linda.miller2082@innovateco.com,InnovateCo,Outbound - SDR,SQL,71,,,,2021-11-02T00:00:00
2083,Michael,Jackson,,PrimePath Digital,Outbound - Cold,MQL,62,,,,2020-03-11T00:00:00
2084,Nancy,Moore,nancy.moore2084@rapidcloud.com,RapidCloud,Social Media,Disqualified,13,,,,2021-05-15T00:00:00
2085,John,Lee,john.lee2085@streamlineanalytics.com,StreamLine Analytics,Outbound - Cold,Disqualified,9,,,,2023-06-16T00:00:00
2086,Thomas,Taylor,thomas.taylor2086@innovateco.com,InnovateCo,Event,SQL,77,,,,2020-11-07T00:00:00
2087,Linda,Thomas,linda.thomas2087@innovateco.com,InnovateCo,Paid Search,Disqualified,21,,,,2021-04-21T00:00:00
2088,Elizabeth,Rodriguez,elizabeth.rodriguez2088@futureforge.com,FutureForge,Outbound - Cold,New,19,,,,2022-11-29T00:00:00
2089,Sarah,Rodriguez,sarah.rodriguez,ScaleUp Systems,Event,Working,14,,,,2021-09-16T00:00:00
2090,Sarah,Lee,sarah.lee2090@techflowinc.com,TechFlow Inc,Paid Search,Converted,77,375,150,2022-10-01,2022-07-17T00:00:00
2091,Jennifer,Lopez,jennifer.lopez,DataBridge Corp,Inbound - Web,Converted,90,3187,490,2021-12-28,2021-10-11T00:00:00
2092,David,Taylor,david.taylor2092@metasync.com,MetaSync,Outbound - SDR,Nurture,50,,,,2020-03-23T00:00:00
2093,Linda,Jones,linda.jones2093@techflowinc.com,TechFlow Inc,Inbound - Content,SQL,54,,,,2022-10-23T00:00:00
2094,Elizabeth,Lopez,elizabeth.lopez2094@truenorthdata.com,TrueNorth Data,Social Media,Disqualified,9,,,,2021-12-13T00:00:00
2095,Karen,Jackson,karen.jackson2095@agiledynamics.com,Agile Dynamics,Outbound - Cold,MQL,77,,,,2023-08-14T00:00:00
2096,Karen,Lopez,karen.lopez2096@pulsepointdigital.com,PulsePoint Digital,Inbound - Web,MQL,53,,,,2024-04-23T00:00:00
2097,Karen,Rodriguez,karen.rodriguez2097@corestack.com,CoreStack,Inbound - Content,Nurture,37,,,,2022-05-13T00:00:00
2098,Thomas,Taylor,thomas.taylor2098@insightplatforms.com,Insight Platforms,Social Media,MQL,68,,,,2024-05-09T00:00:00
2099,Susan,Garcia,susan.garcia2099@metasync.com,MetaSync,Inbound - Content,Working,31,,,,2024-03-02T00:00:00
2100,Patricia,Martin,patricia.martin2100@nexgensolutions.com,NexGen Solutions,Social Media,Working,45,,,,2022-09-06T00:00:00
2101,Lisa,Taylor,lisa.taylor2101@scaleupsystems.com,ScaleUp Systems,Event,Nurture,50,,,,2020-03-31T00:00:00
2102,Michael,Thompson,michael.thompson2102@corestack.com,CoreStack,Paid Search,Working,65,,,,2024-09-23T00:00:00
2103,Elizabeth,Jones,elizabeth.jones2103@vertexai.com,VertexAI,Partner Referral,Disqualified,24,,,,2022-08-15T00:00:00
2104,Linda,Lopez,,TechFlow Inc,Outbound - SDR,New,47,,,,2022-08-04T00:00:00
2105,Nancy,Thomas,nancy.thomas2105@insightplatforms.com,Insight Platforms,Inbound - Content,New,51,,,,2023-04-21T00:00:00
2106,Thomas,Lopez,thomas.lopez2106@primepathdigital.com,PrimePath Digital,Event,MQL,94,,,,2021-03-01T00:00:00
2107,James,Jones,james.jones2107@corestack.com,CoreStack,Event,MQL,63,,,,2023-05-18T00:00:00
2108,Richard,Williams,richard.williams2108@insightplatforms.com,Insight Platforms,Partner Referral,Disqualified,16,,,,2024-09-25T00:00:00
2109,Michael,Williams,michael.williams2109@insightplatforms.com,Insight Platforms,Inbound - Webinar,Converted,71,1945,187,2021-04-02,2021-02-07T00:00:00
2110,Linda,Brown,linda.brown2110@streamlineanalytics.com,StreamLine Analytics,Paid Search,Converted,93,2583,131,2024-08-11,2024-06-21T00:00:00
2111,William,Brown,william.brown2111@pulsepointdigital.com,PulsePoint Digital,Outbound - Cold,Nurture,11,,,,2022-05-23T00:00:00
2112,Daniel,Miller,daniel.miller2112@scaleupsystems.com,ScaleUp Systems,Outbound - SDR,Nurture,46,,,,2023-11-19T00:00:00
2113,Jennifer,Lee,jennifer.lee2113@databridgecorp.com,DataBridge Corp,Inbound - Webinar,Converted,71,1301,363,2023-07-22,2023-07-25T00:00:00
2114,William,Garcia,william.garcia2114@pulsepointdigital.com,PulsePoint Digital,Outbound - SDR,Working,14,,,,2022-11-24T00:00:00
2115,Karen,Gonzalez,karen.gonzalez2115@nexgensolutions.com,NexGen Solutions,Inbound - Web,Disqualified,7,,,,2021-03-19T00:00:00
2116,Lisa,Johnson,lisa.johnson2116@nexgensolutions.com,NexGen Solutions,Product-Led,New,36,,,,2020-06-02T00:00:00
2117,Daniel,Johnson,daniel.johnson2117@brightwavetech.com,BrightWave Tech,Inbound - Web,Working,55,,,,2023-09-23T00:00:00
2118,Linda,Thomas,linda.thomas2118@cloudscalesystems.com,CloudScale Systems,Product-Led,Disqualified,22,,,,2021-09-27T00:00:00
2119,Susan,Thompson,susan.thompson2119@vertexai.com,VertexAI,Outbound - SDR,Nurture,27,,,,2022-06-11T00:00:00
2120,Jennifer,Davis,jennifer.davis2120@corestack.com,CoreStack,Social Media,MQL,91,,,,2022-08-08T00:00:00
2121,Barbara,Martin,barbara.martin2121@primepathdigital.com,PrimePath Digital,Inbound - Content,Working,17,,,,2023-02-11T00:00:00
2122,Elizabeth,Miller,elizabeth.miller2122@primepathdigital.com,PrimePath Digital,Social Media,SQL,64,,,,2023-10-16T00:00:00
2123,Christopher,Martin,christopher.martin2123@databridgecorp.com,DataBridge Corp,Social Media,New,40,,,,2024-07-21T00:00:00
2124,William,Taylor,william.taylor2124@futureforge.com,FutureForge,Outbound - Cold,Disqualified,19,,,,2023-12-25T00:00:00
2125,Richard,Hernandez,richard.hernandez2125@techflowinc.com,TechFlow Inc,Inbound - Content,SQL,91,,,,2023-11-03T00:00:00
2126,Sarah,Jackson,sarah.jackson2126@quantumlogiclabs.com,QuantumLogic Labs,Paid Search,New,45,,,,2020-12-29T00:00:00
2127,Christopher,Rodriguez,christopher.rodriguez2127@primepathdigital.com,PrimePath Digital,Inbound - Content,Working,65,,,,2023-09-08T00:00:00
2128,William,Moore,william.moore2128@cybervault.com,CyberVault,Product-Led,MQL,90,,,,2022-08-19T00:00:00
2129,David,Hernandez,david.hernandez2129@techflowinc.com,TechFlow Inc,,MQL,73,,,,2020-10-19T00:00:00
2130,Karen,Miller,karen.miller2130@nexgensolutions.com,NexGen Solutions,Event,Nurture,42,,,,2024-06-25T00:00:00
2131,David,Martinez,,Insight Platforms,Outbound - Cold,MQL,94,,,,2020-10-02T00:00:00
2132,Robert,Smith,robert.smith2132@streamlineanalytics.com,StreamLine Analytics,Paid Search,New,25,,,,2023-03-28T00:00:00
2133,Elizabeth,Jones,elizabeth.jones2133@agiledynamics.com,Agile Dynamics,Product-Led,SQL,52,,,,2020-06-01T00:00:00
2134,Karen,Lee,karen.lee2134@scaleupsystems.com,ScaleUp Systems,Product-Led,Converted,68,462,181,2023-11-14,2023-11-04T00:00:00
2135,Barbara,Brown,barbara.brown2135@innovateco.com,InnovateCo,Inbound - Webinar,New,25,,,,2024-10-11T00:00:00
2136,Lisa,Miller,lisa.miller2136@quantumlogiclabs.com,QuantumLogic Labs,Outbound - SDR,Nurture,10,,,,2021-12-25T00:00:00
2137,John,Hernandez,john.hernandez2137@brightwavetech.com,BrightWave Tech,Product-Led,Converted,69,1492,358,2023-02-11,2022-12-13T00:00:00
2138,Thomas,Johnson,thomas.johnson2138@cloudscalesystems.com,CloudScale Systems,Product-Led,MQL,55,,,,2022-10-01T00:00:00
2139,Michael,Jackson,michael.jackson2139@insightplatforms.com,Insight Platforms,Event,Converted,100,3891,916,2024-05-30,2024-03-21T00:00:00
2140,Barbara,Lee,barbara.lee2140@cloudscalesystems.com,CloudScale Systems,Inbound - Content,New,19,,,,2021-11-30T00:00:00
2141,Charles,Garcia,charles.garcia2141@nexgensolutions.com,NexGen Solutions,Outbound - Cold,SQL,99,,,,2024-05-30T00:00:00
2142,Charles,Wilson,charles.wilson2142@nexgensolutions.com,NexGen Solutions,Outbound - Cold,New,47,,,,2022-03-17T00:00:00
2143,Joseph,Wilson,joseph.wilson2143@vertexai.com,VertexAI,Event,MQL,96,,,,2021-03-27T00:00:00
2144,Linda,Moore,linda.moore2144@futureforge.com,FutureForge,Social Media,MQL,59,,,,2023-09-23T00:00:00
2145,James,Miller,james.miller2145@scaleupsystems.com,ScaleUp Systems,Social Media,Disqualified,5,,,,2021-08-07T00:00:00
2146,Lisa,Hernandez,lisa.hernandez2146@primepathdigital.com,PrimePath Digital,Paid Search,Disqualified,23,,,,2021-07-21T00:00:00
2147,Robert,Garcia,robert.garcia2147@corestack.com,CoreStack,Social Media,Disqualified,20,,,,2024-05-15T00:00:00
2148,Sarah,Jackson,sarah.jackson2148@scaleupsystems.com,ScaleUp Systems,Paid Search,SQL,88,,,,2021-04-26T00:00:00
2149,Robert,Taylor,robert.taylor2149@metasync.com,MetaSync,Inbound - Web,SQL,55,,,,2021-07-31T00:00:00
2150,Joseph,Smith,,InnovateCo,Outbound - SDR,Working,33,,,,2021-01-14T00:00:00
2151,Barbara,Taylor,barbara.taylor2151@pulsepointdigital.com,PulsePoint Digital,Paid Search,Nurture,24,,,,2024-08-13T00:00:00
2152,Elizabeth,Smith,elizabeth.smith2152@streamlineanalytics.com,StreamLine Analytics,Outbound - SDR,Disqualified,9,,,,2020-06-12T00:00:00
2153,Lisa,Hernandez,lisa.hernandez2153@techflowinc.com,TechFlow Inc,Outbound - SDR,New,31,,,,2021-07-21T00:00:00
2154,Thomas,Gonzalez,thomas.gonzalez2154@cybervault.com,CyberVault,Product-Led,Working,24,,,,2020-03-08T00:00:00
2155,Barbara,Rodriguez,barbara.rodriguez2155@agiledynamics.com,Agile Dynamics,Outbound - Cold,New,40,,,,2022-07-18T00:00:00
2156,Jennifer,Miller,jennifer.miller,DataBridge Corp,Partner Referral,Converted,68,1613,193,2023-07-14,2023-05-20T00:00:00
2157,Christopher,Williams,christopher.williams2157@primepathdigital.com,PrimePath Digital,Outbound - SDR,New,11,,,,2022-05-14T00:00:00
2158,David,Martinez,david.martinez2158@rapidcloud.com,RapidCloud,Social Media,Disqualified,2,,,,2023-08-06T00:00:00
2159,Sarah,Hernandez,sarah.hernandez,PulsePoint Digital,Outbound - Cold,Nurture,41,,,,2021-06-01T00:00:00
2160,Lisa,Martinez,lisa.martinez2160@brightwavetech.com,BrightWave Tech,Event,MQL,86,,,,2020-08-06T00:00:00
2161,Joseph,Thomas,joseph.thomas,InnovateCo,Partner Referral,Disqualified,1,,,,2024-04-09T00:00:00
2162,Sarah,Jackson,sarah.jackson2162@brightwavetech.com,BrightWave Tech,Inbound - Content,Working,11,,,,2022-09-24T00:00:00
2163,Joseph,Rodriguez,joseph.rodriguez2163@quantumlogiclabs.com,QuantumLogic Labs,Outbound - SDR,MQL,80,,,,2023-03-02T00:00:00
2164,Christopher,Davis,christopher.davis2164@primepathdigital.com,PrimePath Digital,Paid Search,Converted,75,3195,772,2023-01-23,2023-01-05T00:00:00
2165,Susan,Hernandez,susan.hernandez2165@techflowinc.com,TechFlow Inc,Inbound - Content,New,61,,,,2021-10-05T00:00:00
2166,Richard,Anderson,richard.anderson2166@truenorthdata.com,TrueNorth Data,Paid Search,MQL,69,,,,2021-03-03T00:00:00
2167,Robert,Gonzalez,robert.gonzalez2167@insightplatforms.com,Insight Platforms,Partner Referral,Converted,85,4191,362,2021-10-03,2021-08-14T00:00:00
2168,Joseph,Thomas,joseph.thomas2168@streamlineanalytics.com,StreamLine Analytics,Partner Referral,Converted,98,2119,242,2024-11-12,2024-10-28T00:00:00
2169,Robert,Lopez,robert.lopez2169@databridgecorp.com,DataBridge Corp,Outbound - SDR,MQL,69,,,,2024-03-07T00:00:00
2170,Michael,Moore,michael.moore,TechFlow Inc,Paid Search,SQL,98,,,,2024-10-26T00:00:00
2171,Susan,Rodriguez,susan.rodriguez2171@brightwavetech.com,BrightWave Tech,Outbound - SDR,MQL,81,,,,2020-08-12T00:00:00
2172,James,Brown,james.brown2172@pulsepointdigital.com,PulsePoint Digital,Inbound - Webinar,Converted,74,2276,30,2024-09-03,2024-06-28T00:00:00
2173,Patricia,Moore,patricia.moore2173@cybervault.com,CyberVault,Inbound - Web,MQL,92,,,,2024-03-16T00:00:00
2174,Karen,Gonzalez,karen.gonzalez,QuantumLogic Labs,Product-Led,Working,47,,,,2022-10-04T00:00:00
2175,Linda,Gonzalez,linda.gonzalez2175@cloudscalesystems.com,CloudScale Systems,Product-Led,SQL,96,,,,2024-03-22T00:00:00
2176,Elizabeth,Jones,elizabeth.jones2176@techflowinc.com,TechFlow Inc,Inbound - Webinar,Converted,100,3600,77,2024-10-03,2024-09-11T00:00:00
2177,Michael,Miller,michael.miller2177@truenorthdata.com,TrueNorth Data,Inbound - Web,Nurture,14,,,,2020-05-17T00:00:00
2178,John,Davis,john.davis2178@streamlineanalytics.com,StreamLine Analytics,Inbound - Web,SQL,50,,,,2024-07-09T00:00:00
2179,Linda,Miller,linda.miller2179@brightwavetech.com,BrightWave Tech,Partner Referral,MQL,60,,,,2021-10-22T00:00:00
2180,Thomas,Johnson,thomas.johnson2180@agiledynamics.com,Agile Dynamics,Inbound - Webinar,MQL,-68,,,,2023-04-07T00:00:00
2181,David,Garcia,david.garcia2181@insightplatforms.com,Insight Platforms,Inbound - Content,Converted,71,1001,921,2024-11-21,2024-09-09T00:00:00
2182,Charles,Gonzalez,charles.gonzalez2182@techflowinc.com,TechFlow Inc,Product-Led,New,47,,,,2021-05-02T00:00:00
2183,Elizabeth,Wilson,elizabeth.wilson2183@primepathdigital.com,PrimePath Digital,Partner Referral,Disqualified,26,,,,2022-06-12T00:00:00
2184,Thomas,Davis,thomas.davis2184@rapidcloud.com,RapidCloud,Social Media,MQL,75,,,,2022-09-01T00:00:00
2185,James,Lee,james.lee2185@techflowinc.com,TechFlow Inc,Social Media,SQL,68,,,,2023-01-14T00:00:00
2186,Patricia,Wilson,patricia.wilson2186@brightwavetech.com,BrightWave Tech,Inbound - Web,New,29,,,,2024-03-07T00:00:00
2187,Joseph,Jones,joseph.jones2187@brightwavetech.com,BrightWave Tech,Inbound - Web,Working,16,,,,2022-08-29T00:00:00
2188,Patricia,Anderson,patricia.anderson2188@vertexai.com,VertexAI,Inbound - Content,Disqualified,3,,,,2021-02-17T00:00:00
2189,James,Hernandez,james.hernandez2189@techflowinc.com,TechFlow Inc,Inbound - Web,MQL,61,,,,2023-05-29T00:00:00
2190,Nancy,Martin,nancy.martin2190@techflowinc.com,TechFlow Inc,Paid Search,Nurture,-28,,,,2020-04-22T00:00:00
2191,Daniel,Rodriguez,daniel.rodriguez2191@innovateco.com,InnovateCo,Inbound - Web,MQL,59,,,,2020-12-19T00:00:00
2192,Thomas,Jackson,thomas.jackson2192@quantumlogiclabs.com,QuantumLogic Labs,Outbound - Cold,New,63,,,,2022-10-19T00:00:00
2193,Thomas,Gonzalez,thomas.gonzalez2193@innovateco.com,InnovateCo,Partner Referral,Converted,75,689,232,2024-11-18,2024-09-22T00:00:00
2194,John,Taylor,john.taylor2194@innovateco.com,InnovateCo,Outbound - SDR,Converted,61,2003,605,2024-01-21,2023-11-16T00:00:00
2195,Nancy,Jackson,nancy.jackson2195@metasync.com,MetaSync,Product-Led,New,32,,,,2020-10-25T00:00:00
2196,Karen,Martinez,karen.martinez2196@rapidcloud.com,RapidCloud,Partner Referral,Disqualified,18,,,,2022-09-25T00:00:00
2197,Patricia,Lopez,patricia.lopez2197@pulsepointdigital.com,PulsePoint Digital,Outbound - SDR,Nurture,49,,,,2023-07-04T00:00:00
2198,Elizabeth,Lee,elizabeth.lee2198@innovateco.com,InnovateCo,Social Media,Disqualified,12,,,,2023-05-15T00:00:00
2199,Thomas,Gonzalez,,DataBridge Corp,Inbound - Webinar,Converted,98,4952,534,2024-07-20,2024-06-07T00:00:00
2200,Susan,Thompson,susan.thompson2200@futureforge.com,FutureForge,Partner Referral,Nurture,42,,,,2024-12-12T00:00:00
2201,Nancy,Johnson,nancy.johnson2201@rapidcloud.com,RapidCloud,Event,Converted,89,794,813,2024-09-01,2024-06-16T00:00:00
2202,Joseph,Hernandez,joseph.hernandez2202@databridgecorp.com,DataBridge Corp,Inbound - Content,SQL,53,,,,2024-07-04T00:00:00
2203,Patricia,Gonzalez,patricia.gonzalez2203@cloudscalesystems.com,CloudScale Systems,Inbound - Content,SQL,81,,,,2023-01-18T00:00:00
2204,Elizabeth,Lee,elizabeth.lee2204@scaleupsystems.com,ScaleUp Systems,Outbound - Cold,SQL,95,,,,2022-08-10T00:00:00
2205,Richard,Brown,richard.brown2205@cybervault.com,CyberVault,Event,MQL,63,,,,2024-12-20T00:00:00
2206,Nancy,Taylor,nancy.taylor2206@databridgecorp.com,DataBridge Corp,Inbound - Web,Disqualified,4,,,,2020-04-29T00:00:00
2207,Linda,Garcia,linda.garcia2207@innovateco.com,InnovateCo,Partner Referral,Converted,91,3417,409,2023-08-14,2023-07-13T00:00:00
2208,Daniel,Moore,daniel.moore2208@brightwavetech.com,BrightWave Tech,Inbound - Web,Nurture,40,,,,2022-01-23T00:00:00
2209,John,Wilson,john.wilson2209@truenorthdata.com,TrueNorth Data,Paid Search,MQL,75,,,,2020-01-30T00:00:00
2210,Patricia,Thompson,patricia.thompson2210@pulsepointdigital.com,PulsePoint Digital,Partner Referral,Working,40,,,,2021-11-04T00:00:00
2211,Barbara,Jackson,barbara.jackson2211@vertexai.com,VertexAI,Inbound - Web,New,24,,,,2023-09-30T00:00:00
2212,Joseph,Taylor,joseph.taylor2212@streamlineanalytics.com,StreamLine Analytics,Inbound - Webinar,SQL,71,,,,2021-01-23T00:00:00
2213,Joseph,Gonzalez,joseph.gonzalez2213@brightwavetech.com,BrightWave Tech,Outbound - Cold,Nurture,47,,,,2024-02-14T00:00:00
2214,James,Taylor,james.taylor2214@insightplatforms.com,Insight Platforms,Inbound - Webinar,Disqualified,20,,,,2021-07-10T00:00:00
2215,Mary,Brown,mary.brown2215@primepathdigital.com,PrimePath Digital,Social Media,SQL,87,,,,2021-02-07T00:00:00
2216,David,Garcia,david.garcia2216@databridgecorp.com,DataBridge Corp,Product-Led,Converted,83,1783,761,2024-11-01,2024-09-02T00:00:00
2217,Jessica,Rodriguez,jessica.rodriguez2217@pulsepointdigital.com,PulsePoint Digital,Paid Search,Converted,68,856,895,2024-07-30,2024-07-02T00:00:00
2218,William,Wilson,william.wilson2218@databridgecorp.com,DataBridge Corp,Outbound - SDR,Working,63,,,,2022-01-14T00:00:00
2219,James,Jones,james.jones2219@innovateco.com,InnovateCo,Social Media,Working,25,,,,2020-10-03T00:00:00
2220,Jennifer,Wilson,jennifer.wilson2220@cybervault.com,CyberVault,Inbound - Content,New,21,,,,2023-10-18T00:00:00
2221,Susan,Rodriguez,susan.rodriguez2221@rapidcloud.com,RapidCloud,Social Media,Disqualified,13,,,,2020-07-09T00:00:00
2222,Thomas,Smith,thomas.smith2222@rapidcloud.com,RapidCloud,Paid Search,Working,15,,,,2022-01-10T00:00:00
2223,Patricia,Gonzalez,patricia.gonzalez2223@futureforge.com,FutureForge,Event,MQL,82,,,,2022-04-07T00:00:00
2224,Sarah,Taylor,sarah.taylor2224@cloudscalesystems.com,CloudScale Systems,Outbound - Cold,Disqualified,24,,,,2022-03-10T00:00:00
2225,Joseph,Garcia,joseph.garcia2225@techflowinc.com,TechFlow Inc,Event,Converted,-58,3790,831,2022-11-29,2022-09-19T00:00:00
2226,Elizabeth,Brown,elizabeth.brown2226@corestack.com,CoreStack,Outbound - SDR,Disqualified,1,,,,2020-05-25T00:00:00
2227,James,Thomas,james.thomas2227@truenorthdata.com,TrueNorth Data,Inbound - Content,New,-10,,,,2023-09-26T00:00:00
2228,Jennifer,Anderson,jennifer.anderson,PrimePath Digital,Social Media,New,32,,,,2021-05-08T00:00:00
2229,Patricia,Garcia,patricia.garcia2229@corestack.com,CoreStack,Inbound - Content,Converted,91,2263,756,2024-06-24,2024-05-26T00:00:00
2230,William,Jackson,william.jackson2230@agiledynamics.com,Agile Dynamics,Paid Search,MQL,80,,,,2021-12-24T00:00:00
2231,Susan,Taylor,susan.taylor2231@rapidcloud.com,RapidCloud,Inbound - Web,Converted,68,4677,696,2023-06-04,2023-05-11T00:00:00
2232,David,Lopez,david.lopez2232@corestack.com,CoreStack,Paid Search,Nurture,13,,,,2024-09-20T00:00:00
2233,Robert,Rodriguez,robert.rodriguez2233@innovateco.com,InnovateCo,Paid Search,Converted,74,1957,757,2021-01-23,2020-11-07T00:00:00
2234,Michael,Jackson,michael.jackson2234@primepathdigital.com,PrimePath Digital,Product-Led,New,66,,,,2020-04-24T00:00:00
2235,Thomas,Wilson,thomas.wilson2235@cybervault.com,CyberVault,Inbound - Webinar,New,36,,,,2020-08-14T00:00:00
2236,Robert,Smith,robert.smith2236@primepathdigital.com,PrimePath Digital,Inbound - Web,MQL,57,,,,2022-06-24T00:00:00
2237,Elizabeth,Garcia,elizabeth.garcia2237@innovateco.com,InnovateCo,Outbound - SDR,New,25,,,,2020-03-29T00:00:00
2238,Richard,Wilson,richard.wilson2238@brightwavetech.com,BrightWave Tech,,Working,52,,,,2023-11-26T00:00:00
2239,Nancy,Rodriguez,nancy.rodriguez,TechFlow Inc,Social Media,MQL,59,,,,2024-06-04T00:00:00
2240,Thomas,Taylor,thomas.taylor2240@truenorthdata.com,TrueNorth Data,Outbound - SDR,Nurture,24,,,,2021-03-17T00:00:00
2241,Patricia,Smith,patricia.smith2241@streamlineanalytics.com,StreamLine Analytics,Product-Led,Converted,78,4260,525,2024-06-07,2024-04-18T00:00:00
2242,James,Anderson,james.anderson2242@metasync.com,MetaSync,Event,New,38,,,,2021-02-26T00:00:00
2243,Michael,Lee,michael.lee2243@corestack.com,CoreStack,Inbound - Web,Working,41,,,,2023-10-13T00:00:00
2244,Nancy,Martinez,nancy.martinez2244@agiledynamics.com,Agile Dynamics,Inbound - Web,Working,47,,,,2023-09-22T00:00:00
2245,Patricia,Miller,,TechFlow Inc,Outbound - SDR,New,63,,,,2020-02-12T00:00:00
2246,Barbara,Smith,barbara.smith2246@metasync.com,MetaSync,Outbound - SDR,Converted,73,4486,988,2024-11-23,2024-09-13T00:00:00
2247,Daniel,Rodriguez,daniel.rodriguez2247@streamlineanalytics.com,StreamLine Analytics,Product-Led,Disqualified,0,,,,2021-12-02T00:00:00
2248,Patricia,Davis,patricia.davis2248@primepathdigital.com,PrimePath Digital,Event,New,68,,,,2023-01-12T00:00:00
2249,Sarah,Gonzalez,sarah.gonzalez2249@truenorthdata.com,TrueNorth Data,Paid Search,Disqualified,17,,,,2020-02-16T00:00:00
2250,Barbara,Rodriguez,barbara.rodriguez2250@agiledynamics.com,Agile Dynamics,Product-Led,New,44,,,,2024-01-05T00:00:00
2251,Jennifer,Lee,jennifer.lee2251@agiledynamics.com,Agile Dynamics,Outbound - Cold,SQL,54,,,,2023-01-07T00:00:00
2252,Lisa,Jones,lisa.jones,PulsePoint Digital,Inbound - Content,MQL,80,,,,2020-08-03T00:00:00
2253,David,Moore,david.moore2253@brightwavetech.com,BrightWave Tech,Social Media,Converted,62,550,767,2024-01-09,2023-12-06T00:00:00
2254,Patricia,Thomas,patricia.thomas2254@truenorthdata.com,TrueNorth Data,Outbound - Cold,New,26,,,,2022-07-30T00:00:00
2255,Barbara,Davis,barbara.davis2255@streamlineanalytics.com,StreamLine Analytics,Paid Search,Nurture,33,,,,2020-08-18T00:00:00
2256,Joseph,Miller,joseph.miller2256@cloudscalesystems.com,CloudScale Systems,Event,Nurture,64,,,,2024-03-20T00:00:00
2257,Patricia,Jackson,patricia.jackson2257@metasync.com,MetaSync,Inbound - Content,MQL,83,,,,2024-08-11T00:00:00
2258,John,Davis,john.davis2258@techflowinc.com,TechFlow Inc,Inbound - Web,SQL,63,,,,2024-03-30T00:00:00
2259,Robert,Hernandez,robert.hernandez,InnovateCo,Outbound - SDR,Disqualified,24,,,,2022-06-17T00:00:00
2260,James,Lee,james.lee2260@scaleupsystems.com,ScaleUp Systems,Event,New,30,,,,2020-11-14T00:00:00
2261,Lisa,Lopez,lisa.lopez2261@primepathdigital.com,PrimePath Digital,Inbound - Web,Nurture,32,,,,2024-02-27T00:00:00
2262,Nancy,Brown,nancy.brown2262@vertexai.com,VertexAI,Outbound - SDR,Nurture,47,,,,2024-09-19T00:00:00
2263,Christopher,Anderson,christopher.anderson2263@innovateco.com,InnovateCo,Product-Led,New,43,,,,2024-12-21T00:00:00
2264,Mary,Gonzalez,mary.gonzalez2264@techflowinc.com,TechFlow Inc,Inbound - Webinar,Converted,50,2497,659,2023-10-09,2023-08-07T00:00:00
2265,David,Smith,david.smith2265@techflowinc.com,TechFlow Inc,Event,Working,22,,,,2021-03-21T00:00:00
2266,Robert,Moore,robert.moore2266@primepathdigital.com,PrimePath Digital,Inbound - Content,Nurture,45,,,,2023-12-12T00:00:00
2267,Barbara,Jackson,barbara.jackson2267@vertexai.com,VertexAI,Inbound - Content,Disqualified,11,,,,2023-11-24T00:00:00
2268,Susan,Lopez,susan.lopez2268@cybervault.com,CyberVault,Paid Search,SQL,52,,,,2024-09-19T00:00:00
2269,Susan,Jackson,susan.jackson2269@cloudscalesystems.com,CloudScale Systems,Paid Search,Working,13,,,,2020-04-12T00:00:00
2270,Richard,Taylor,richard.taylor2270@cloudscalesystems.com,CloudScale Systems,Event,MQL,63,,,,2020-08-19T00:00:00
2271,Patricia,Brown,patricia.brown2271@insightplatforms.com,Insight Platforms,Event,Working,25,,,,2024-11-30T00:00:00
2272,Joseph,Lee,joseph.lee2272@corestack.com,CoreStack,Inbound - Web,Disqualified,10,,,,2023-02-14T00:00:00
2273,Jessica,Hernandez,jessica.hernandez2273@innovateco.com,InnovateCo,Inbound - Web,Converted,51,4866,626,2022-11-30,2022-10-05T00:00:00
2274,Linda,Martinez,linda.martinez2274@nexgensolutions.com,NexGen Solutions,Event,Disqualified,11,,,,2024-03-27T00:00:00
2275,Susan,Brown,susan.brown2275@innovateco.com,InnovateCo,Product-Led,Working,50,,,,2022-06-19T00:00:00
2276,Charles,Martinez,charles.martinez2276@pulsepointdigital.com,PulsePoint Digital,Outbound - SDR,Disqualified,29,,,,2020-01-03T00:00:00
2277,James,Johnson,james.johnson2277@insightplatforms.com,Insight Platforms,Inbound - Content,Nurture,23,,,,2024-06-04T00:00:00
2278,David,Smith,david.smith2278@quantumlogiclabs.com,QuantumLogic Labs,Paid Search,New,28,,,,2024-07-12T00:00:00
2279,Richard,Wilson,richard.wilson2279@insightplatforms.com,Insight Platforms,Paid Search,Nurture,46,,,,2021-08-17T00:00:00
2280,Charles,Thompson,charles.thompson2280@cloudscalesystems.com,CloudScale Systems,Social Media,Disqualified,30,,,,2023-07-10T00:00:00
2281,Linda,Davis,linda.davis2281@agiledynamics.com,Agile Dynamics,Inbound - Webinar,SQL,73,,,,2024-11-15T00:00:00
2282,Christopher,Rodriguez,christopher.rodriguez2282@cybervault.com,CyberVault,Inbound - Webinar,Converted,97,839,568,2024-11-08,2024-10-18T00:00:00
2283,Jennifer,Jackson,jennifer.jackson2283@scaleupsystems.com,ScaleUp Systems,Inbound - Web,Disqualified,27,,,,2020-05-19T00:00:00
2284,Charles,Brown,charles.brown2284@primepathdigital.com,PrimePath Digital,Inbound - Web,SQL,87,,,,2020-07-21T00:00:00
2285,Robert,Jackson,robert.jackson2285@streamlineanalytics.com,StreamLine Analytics,Inbound - Webinar,Converted,75,2896,414,2023-07-07,2023-06-22T00:00:00
2286,Michael,Wilson,michael.wilson2286@vertexai.com,VertexAI,Inbound - Web,Disqualified,15,,,,2020-10-07T00:00:00
2287,Jennifer,Thompson,jennifer.thompson2287@rapidcloud.com,RapidCloud,Event,MQL,86,,,,2024-09-30T00:00:00
2288,Linda,Thompson,linda.thompson2288@metasync.com,MetaSync,Outbound - Cold,Nurture,49,,,,2022-10-09T00:00:00
2289,Mary,Martinez,mary.martinez2289@cybervault.com,CyberVault,Outbound - SDR,MQL,94,,,,2021-05-30T00:00:00
2290,Lisa,Martin,lisa.martin2290@databridgecorp.com,DataBridge Corp,Inbound - Web,Converted,94,446,909,2024-10-04,2024-07-28T00:00:00
2291,Nancy,Jackson,nancy.jackson2291@corestack.com,CoreStack,Product-Led,Converted,72,4530,671,2024-03-01,2024-02-23T00:00:00
2292,Robert,Smith,robert.smith2292@brightwavetech.com,BrightWave Tech,Outbound - SDR,Working,18,,,,2022-05-25T00:00:00
2293,David,Anderson,david.anderson2293@corestack.com,CoreStack,Paid Search,SQL,82,,,,2020-01-30T00:00:00
2294,Thomas,Hernandez,thomas.hernandez2294@corestack.com,CoreStack,Partner Referral,MQL,68,,,,2021-03-28T00:00:00
2295,Charles,Martin,charles.martin2295@scaleupsystems.com,ScaleUp Systems,Partner Referral,Converted,76,566,87,2021-06-01,2021-04-27T00:00:00
2296,John,Lopez,john.lopez2296@truenorthdata.com,TrueNorth Data,Social Media,MQL,64,,,,2021-05-25T00:00:00
2297,Karen,Wilson,karen.wilson2297@primepathdigital.com,PrimePath Digital,Partner Referral,Converted,70,3480,97,2024-11-01,2024-08-16T00:00:00
2298,Mary,Taylor,mary.taylor2298@metasync.com,MetaSync,Inbound - Webinar,Working,11,,,,2024-12-28T00:00:00
2299,Barbara,Williams,barbara.williams2299@techflowinc.com,TechFlow Inc,Partner Referral,New,46,,,,2023-02-05T00:00:00
2300,Richard,Jones,richard.jones2300@vertexai.com,VertexAI,Inbound - Webinar,SQL,51,,,,2020-02-12T00:00:00
2301,Daniel,Brown,daniel.brown2301@innovateco.com,InnovateCo,Outbound - SDR,New,33,,,,2024-01-03T00:00:00
2302,Patricia,Garcia,patricia.garcia2302@cloudscalesystems.com,CloudScale Systems,Event,MQL,86,,,,2021-07-18T00:00:00
2303,Jessica,Rodriguez,jessica.rodriguez2303@primepathdigital.com,PrimePath Digital,Inbound - Webinar,Converted,54,4133,623,2021-03-10,2020-12-20T00:00:00
2304,Robert,Miller,robert.miller2304@cybervault.com,CyberVault,Product-Led,Converted,94,901,909,2024-11-13,2024-08-22T00:00:00
2305,Patricia,Brown,patricia.brown2305@cloudscalesystems.com,CloudScale Systems,Event,Converted,72,1089,581,2024-11-25,2024-11-23T00:00:00
2306,Karen,Williams,karen.williams2306@agiledynamics.com,Agile Dynamics,Inbound - Web,Converted,67,4354,171,2024-12-08,2024-12-05T00:00:00
2307,Lisa,Smith,lisa.smith2307@agiledynamics.com,Agile Dynamics,Product-Led,Converted,100,97,980,2023-02-19,2023-02-08T00:00:00
2308,Nancy,Martinez,nancy.martinez2308@vertexai.com,VertexAI,Inbound - Content,Working,25,,,,2020-01-29T00:00:00
2309,Nancy,Johnson,,QuantumLogic Labs,Social Media,New,11,,,,2022-05-03T00:00:00
2310,Mary,Williams,mary.williams2310@pulsepointdigital.com,PulsePoint Digital,Outbound - SDR,Converted,81,3610,747,2024-08-06,2024-06-14T00:00:00
2311,James,Davis,james.davis2311@rapidcloud.com,RapidCloud,Inbound - Web,Disqualified,-3,,,,2020-02-01T00:00:00
2312,William,Garcia,william.garcia2312@futureforge.com,FutureForge,Inbound - Content,Converted,77,4637,160,2024-07-15,2024-06-28T00:00:00
2313,William,Smith,william.smith2313@metasync.com,MetaSync,Inbound - Content,New,23,,,,2020-09-02T00:00:00
2314,Karen,Wilson,karen.wilson2314@corestack.com,CoreStack,,Disqualified,2,,,,2024-04-09T00:00:00
2315,Patricia,Garcia,patricia.garcia2315@databridgecorp.com,DataBridge Corp,Inbound - Web,Converted,52,4402,28,2024-11-19,2024-10-11T00:00:00
2316,William,Thompson,william.thompson2316@cybervault.com,CyberVault,Outbound - SDR,New,61,,,,2022-12-22T00:00:00
2317,Thomas,Jones,thomas.jones2317@scaleupsystems.com,ScaleUp Systems,Product-Led,SQL,84,,,,2020-08-07T00:00:00
2318,Thomas,Jackson,thomas.jackson2318@innovateco.com,InnovateCo,Product-Led,Disqualified,13,,,,2021-09-22T00:00:00
2319,Nancy,Thomas,nancy.thomas2319@metasync.com,MetaSync,Inbound - Webinar,MQL,55,,,,2022-07-13T00:00:00
2320,Christopher,Jackson,christopher.jackson2320@techflowinc.com,TechFlow Inc,Inbound - Content,Converted,69,2566,312,2024-10-31,2024-08-12T00:00:00
2321,James,Martinez,james.martinez2321@nexgensolutions.com,NexGen Solutions,Inbound - Content,Converted,63,4999,878,2024-06-14,2024-04-13T00:00:00
2322,James,Martinez,james.martinez2322@databridgecorp.com,DataBridge Corp,Outbound - SDR,SQL,80,,,,2023-10-02T00:00:00
2323,Thomas,Smith,thomas.smith2323@agiledynamics.com,Agile Dynamics,Event,Working,24,,,,2024-08-28T00:00:00
2324,Jessica,Martin,jessica.martin2324@corestack.com,CoreStack,Inbound - Web,SQL,55,,,,2020-06-16T00:00:00
2325,Elizabeth,Lopez,elizabeth.lopez2325@vertexai.com,VertexAI,Social Media,New,19,,,,2022-09-12T00:00:00
2326,Lisa,Thomas,lisa.thomas2326@rapidcloud.com,RapidCloud,Inbound - Content,SQL,100,,,,2024-08-20T00:00:00
2327,Mary,Williams,mary.williams2327@corestack.com,CoreStack,Inbound - Webinar,Working,42,,,,2024-05-01T00:00:00
2328,Nancy,Martin,nancy.martin2328@techflowinc.com,TechFlow Inc,Outbound - SDR,New,27,,,,2024-02-18T00:00:00
2329,Joseph,Lopez,joseph.lopez2329@innovateco.com,InnovateCo,Product-Led,MQL,57,,,,2024-08-04T00:00:00
2330,Lisa,Hernandez,lisa.hernandez2330@nexgensolutions.com,NexGen Solutions,Event,Converted,57,2061,369,2020-10-28,2020-08-27T00:00:00
2331,Mary,Garcia,mary.garcia2331@agiledynamics.com,Agile Dynamics,Event,SQL,76,,,,2023-07-19T00:00:00
2332,Daniel,Williams,daniel.williams2332@metasync.com,MetaSync,Outbound - SDR,Disqualified,21,,,,2022-05-23T00:00:00
2333,Mary,Lee,mary.lee2333@agiledynamics.com,Agile Dynamics,Outbound - Cold,Disqualified,23,,,,2024-10-27T00:00:00
2334,Linda,Martin,linda.martin2334@primepathdigital.com,PrimePath Digital,Event,New,21,,,,2021-03-09T00:00:00
2335,Jennifer,Martinez,jennifer.martinez2335@scaleupsystems.com,ScaleUp Systems,Outbound - SDR,SQL,70,,,,2024-11-12T00:00:00
2336,Patricia,Jones,patricia.jones2336@vertexai.com,VertexAI,Event,Nurture,36,,,,2022-05-11T00:00:00
2337,Patricia,Anderson,patricia.anderson2337@metasync.com,MetaSync,Inbound - Webinar,Disqualified,0,,,,2022-03-24T00:00:00
2338,Linda,Lopez,linda.lopez2338@insightplatforms.com,Insight Platforms,Social Media,MQL,62,,,,2023-07-01T00:00:00
2339,Barbara,Thomas,barbara.thomas2339@corestack.com,CoreStack,Outbound - SDR,Working,16,,,,2021-01-17T00:00:00
2340,Daniel,Lopez,daniel.lopez2340@insightplatforms.com,Insight Platforms,Inbound - Webinar,Working,-40,,,,2020-12-11T00:00:00
2341,Joseph,Hernandez,joseph.hernandez2341@cybervault.com,CyberVault,Inbound - Webinar,Converted,67,821,574,2024-11-23,2024-09-18T00:00:00
2342,Susan,Garcia,susan.garcia2342@corestack.com,CoreStack,Product-Led,SQL,77,,,,2023-08-12T00:00:00
2343,Patricia,Lee,patricia.lee2343@techflowinc.com,TechFlow Inc,Product-Led,Working,28,,,,2021-04-23T00:00:00
2344,Jennifer,Jones,jennifer.jones2344@rapidcloud.com,RapidCloud,Outbound - SDR,MQL,72,,,,2022-03-07T00:00:00
2345,David,Davis,david.davis2345@cybervault.com,CyberVault,Inbound - Webinar,SQL,96,,,,2024-08-14T00:00:00
2346,Robert,Thompson,robert.thompson2346@corestack.com,CoreStack,Paid Search,Converted,77,2678,59,2024-11-18,2024-10-08T00:00:00
2347,Elizabeth,Lopez,elizabeth.lopez2347@vertexai.com,VertexAI,Inbound - Content,MQL,50,,,,2021-03-06T00:00:00
2348,Nancy,Lee,nancy.lee2348@databridgecorp.com,DataBridge Corp,Inbound - Webinar,New,59,,,,2024-11-25T00:00:00
2349,Jennifer,Gonzalez,jennifer.gonzalez2349@metasync.com,MetaSync,Inbound - Webinar,New,59,,,,2021-01-21T00:00:00
2350,William,Rodriguez,william.rodriguez2350@quantumlogiclabs.com,QuantumLogic Labs,Inbound - Webinar,Converted,68,1108,82,2024-07-27,2024-06-27T00:00:00
2351,Karen,Anderson,karen.anderson2351@techflowinc.com,TechFlow Inc,Inbound - Content,New,23,,,,2024-12-09T00:00:00
2352,Patricia,Lee,patricia.lee2352@primepathdigital.com,PrimePath Digital,,Converted,66,3092,495,2024-11-11,2024-09-26T00:00:00
2353,Linda,Hernandez,linda.hernandez2353@brightwavetech.com,BrightWave Tech,Outbound - Cold,Working,30,,,,2023-07-16T00:00:00
2354,William,Davis,william.davis2354@brightwavetech.com,BrightWave Tech,Social Media,SQL,97,,,,2024-05-07T00:00:00
2355,Michael,Gonzalez,michael.gonzalez2355@insightplatforms.com,Insight Platforms,Partner Referral,Converted,88,1925,200,2024-07-04,2024-04-26T00:00:00
2356,Lisa,Garcia,,VertexAI,Social Media,Disqualified,-1,,,,2021-11-11T00:00:00
2357,Richard,Martin,richard.martin2357@truenorthdata.com,TrueNorth Data,Outbound - SDR,New,52,,,,2022-12-07T00:00:00
2358,Susan,Thompson,susan.thompson2358@futureforge.com,FutureForge,Inbound - Web,Nurture,56,,,,2023-05-01T00:00:00
2359,Christopher,Davis,christopher.davis2359@scaleupsystems.com,ScaleUp Systems,Outbound - Cold,New,45,,,,2022-01-12T00:00:00
2360,Barbara,Thomas,barbara.thomas2360@pulsepointdigital.com,PulsePoint Digital,Outbound - SDR,SQL,84,,,,2024-01-18T00:00:00
2361,Susan,Thomas,susan.thomas,CloudScale Systems,Paid Search,New,33,,,,2022-10-14T00:00:00
2362,Thomas,Martin,thomas.martin2362@brightwavetech.com,BrightWave Tech,Partner Referral,Working,49,,,,2022-08-04T00:00:00
2363,Robert,Johnson,robert.johnson2363@brightwavetech.com,BrightWave Tech,Outbound - Cold,Disqualified,21,,,,2023-09-24T00:00:00
2364,Thomas,Martin,thomas.martin2364@cloudscalesystems.com,CloudScale Systems,Inbound - Content,Nurture,23,,,,2022-06-12T00:00:00
2365,Richard,Johnson,richard.johnson2365@agiledynamics.com,Agile Dynamics,Product-Led,Converted,91,1539,393,2021-07-01,2021-05-15T00:00:00
2366,Jennifer,Williams,,Insight Platforms,Inbound - Web,New,62,,,,2022-08-03T00:00:00
2367,Michael,Smith,michael.smith2367@rapidcloud.com,RapidCloud,Product-Led,SQL,54,,,,2024-10-09T00:00:00
2368,Linda,Garcia,linda.garcia2368@cloudscalesystems.com,CloudScale Systems,Inbound - Content,New,27,,,,2020-06-08T00:00:00
2369,Daniel,Taylor,daniel.taylor2369@pulsepointdigital.com,PulsePoint Digital,Partner Referral,MQL,64,,,,2020-03-23T00:00:00
2370,Christopher,Smith,christopher.smith2370@primepathdigital.com,PrimePath Digital,Inbound - Content,New,56,,,,2024-04-19T00:00:00
2371,Charles,Anderson,charles.anderson2371@pulsepointdigital.com,PulsePoint Digital,Partner Referral,New,43,,,,2020-09-22T00:00:00
2372,Sarah,Hernandez,sarah.hernandez2372@agiledynamics.com,Agile Dynamics,Event,Disqualified,12,,,,2024-11-18T00:00:00
2373,Thomas,Gonzalez,,NexGen Solutions,Event,SQL,64,,,,2024-01-08T00:00:00
2374,Barbara,Williams,barbara.williams2374@vertexai.com,VertexAI,Inbound - Content,New,54,,,,2020-07-01T00:00:00
2375,Elizabeth,Martin,elizabeth.martin2375@scaleupsystems.com,ScaleUp Systems,Inbound - Webinar,Converted,91,2019,630,2021-11-29,2021-09-12T00:00:00
2376,John,Williams,john.williams2376@cybervault.com,CyberVault,Event,Disqualified,4,,,,2021-10-09T00:00:00
2377,William,Thomas,william.thomas,PrimePath Digital,Product-Led,New,55,,,,2020-02-06T00:00:00
2378,Susan,Wilson,susan.wilson2378@quantumlogiclabs.com,QuantumLogic Labs,Outbound - SDR,MQL,90,,,,2021-08-24T00:00:00
2379,Joseph,Smith,joseph.smith2379@truenorthdata.com,TrueNorth Data,Event,Disqualified,-23,,,,2022-08-07T00:00:00
2380,David,Williams,david.williams2380@databridgecorp.com,DataBridge Corp,Partner Referral,New,56,,,,2020-11-06T00:00:00
2381,Michael,Gonzalez,michael.gonzalez2381@truenorthdata.com,TrueNorth Data,Inbound - Content,Converted,75,334,10,2023-06-02,2023-05-18T00:00:00
2382,Joseph,Jones,joseph.jones2382@vertexai.com,VertexAI,Event,New,52,,,,2020-04-07T00:00:00
2383,Elizabeth,Brown,elizabeth.brown2383@streamlineanalytics.com,StreamLine Analytics,Inbound - Webinar,Working,46,,,,2023-04-29T00:00:00
2384,Sarah,Wilson,sarah.wilson2384@rapidcloud.com,RapidCloud,Outbound - Cold,Disqualified,23,,,,2021-02-28T00:00:00
2385,Patricia,Rodriguez,,NexGen Solutions,Partner Referral,Converted,94,4524,594,2023-10-29,2023-09-03T00:00:00
2386,Michael,Rodriguez,michael.rodriguez2386@cybervault.com,CyberVault,Paid Search,New,57,,,,2021-10-04T00:00:00
2387,Richard,Johnson,richard.johnson2387@truenorthdata.com,TrueNorth Data,Inbound - Content,Working,-21,,,,2024-06-19T00:00:00
2388,James,Anderson,james.anderson2388@pulsepointdigital.com,PulsePoint Digital,Outbound - Cold,New,44,,,,2021-07-01T00:00:00
2389,Mary,Lopez,mary.lopez2389@truenorthdata.com,TrueNorth Data,Outbound - SDR,SQL,95,,,,2023-06-30T00:00:00
2390,Linda,Jones,linda.jones2390@rapidcloud.com,RapidCloud,Inbound - Web,MQL,83,,,,2022-11-14T00:00:00
2391,Nancy,Hernandez,nancy.hernandez2391@vertexai.com,VertexAI,Outbound - Cold,Working,47,,,,2021-11-29T00:00:00
2392,Jessica,Lee,jessica.lee2392@futureforge.com,FutureForge,Event,New,19,,,,2020-04-07T00:00:00
2393,Joseph,Thompson,joseph.thompson2393@truenorthdata.com,TrueNorth Data,Outbound - Cold,MQL,95,,,,2021-08-04T00:00:00
2394,Richard,Davis,richard.davis2394@brightwavetech.com,BrightWave Tech,Outbound - SDR,MQL,85,,,,2022-07-14T00:00:00
2395,Susan,Taylor,susan.taylor2395@streamlineanalytics.com,StreamLine Analytics,Outbound - Cold,MQL,92,,,,2022-02-10T00:00:00
2396,Patricia,Smith,patricia.smith2396@streamlineanalytics.com,StreamLine Analytics,Partner Referral,MQL,63,,,,2024-08-29T00:00:00
2397,John,Moore,john.moore2397@vertexai.com,VertexAI,Inbound - Content,SQL,74,,,,2020-05-18T00:00:00
2398,Lisa,Thompson,lisa.thompson2398@cloudscalesystems.com,CloudScale Systems,Paid Search,Disqualified,21,,,,2020-08-08T00:00:00
2399,Barbara,Lee,barbara.lee2399@vertexai.com,VertexAI,,Converted,69,669,314,2024-09-30,2024-08-07T00:00:00
2400,Joseph,Thompson,joseph.thompson2400@corestack.com,CoreStack,Event,Working,70,,,,2024-05-10T00:00:00
2401,Michael,Martinez,michael.martinez2401@pulsepointdigital.com,PulsePoint Digital,Product-Led,Converted,75,2046,613,2023-01-24,2023-01-29T00:00:00
2402,Nancy,Martinez,nancy.martinez2402@rapidcloud.com,RapidCloud,Event,Converted,96,4256,570,2024-10-23,2024-10-17T00:00:00
2403,Mary,Taylor,mary.taylor,RapidCloud,Inbound - Content,New,15,,,,2020-09-07T00:00:00
2404,Karen,Johnson,karen.johnson2404@rapidcloud.com,RapidCloud,Partner Referral,Disqualified,26,,,,2020-06-12T00:00:00
2405,Elizabeth,Martinez,elizabeth.martinez2405@nexgensolutions.com,NexGen Solutions,Paid Search,MQL,73,,,,2024-03-31T00:00:00
2406,John,Martin,john.martin2406@brightwavetech.com,BrightWave Tech,Paid Search,Converted,86,4179,81,2023-07-29,2023-07-12T00:00:00
2407,Daniel,Davis,daniel.davis2407@techflowinc.com,TechFlow Inc,Outbound - SDR,Disqualified,1,,,,2020-06-06T00:00:00
2408,Sarah,Martinez,sarah.martinez2408@nexgensolutions.com,NexGen Solutions,Inbound - Webinar,New,42,,,,2022-02-05T00:00:00
2409,James,Hernandez,james.hernandez2409@truenorthdata.com,TrueNorth Data,Inbound - Content,Converted,67,4301,530,2023-10-30,2023-08-31T00:00:00
2410,Linda,Lopez,linda.lopez2410@streamlineanalytics.com,StreamLine Analytics,Event,Disqualified,23,,,,2020-10-14T00:00:00
2411,Susan,Wilson,susan.wilson2411@rapidcloud.com,RapidCloud,Outbound - Cold,MQL,91,,,,2022-08-08T00:00:00
2412,Charles,Taylor,charles.taylor2412@truenorthdata.com,TrueNorth Data,Inbound - Webinar,SQL,92,,,,2020-04-28T00:00:00
2413,Elizabeth,Lee,elizabeth.lee2413@futureforge.com,FutureForge,Paid Search,New,36,,,,2024-10-12T00:00:00
2414,William,Anderson,william.anderson2414@metasync.com,MetaSync,Social Media,Disqualified,20,,,,2021-02-07T00:00:00
2415,Charles,Williams,charles.williams2415@pulsepointdigital.com,PulsePoint Digital,Paid Search,Converted,50,484,104,2024-11-17,2024-09-27T00:00:00
2416,Michael,Taylor,michael.taylor2416@innovateco.com,InnovateCo,Inbound - Webinar,Working,15,,,,2020-03-23T00:00:00
2417,Robert,Taylor,robert.taylor2417@nexgensolutions.com,NexGen Solutions,Outbound - Cold,MQL,75,,,,2022-07-07T00:00:00
2418,James,Miller,james.miller2418@streamlineanalytics.com,StreamLine Analytics,Social Media,MQL,82,,,,2022-02-25T00:00:00
2419,David,Smith,david.smith2419@nexgensolutions.com,NexGen Solutions,Social Media,Disqualified,19,,,,2022-12-14T00:00:00
2420,Nancy,Anderson,nancy.anderson2420@primepathdigital.com,PrimePath Digital,Inbound - Content,Working,31,,,,2023-04-17T00:00:00
2421,David,Taylor,david.taylor,Agile Dynamics,Outbound - Cold,MQL,62,,,,2021-03-28T00:00:00
2422,Christopher,Taylor,christopher.taylor2422@insightplatforms.com,Insight Platforms,Partner Referral,SQL,53,,,,2021-04-02T00:00:00
2423,James,Lee,james.lee2423@insightplatforms.com,Insight Platforms,Paid Search,New,28,,,,2021-06-23T00:00:00
2424,Joseph,Hernandez,joseph.hernandez2424@nexgensolutions.com,NexGen Solutions,Inbound - Web,MQL,75,,,,2022-07-23T00:00:00
2425,William,Martin,william.martin2425@streamlineanalytics.com,StreamLine Analytics,Inbound - Webinar,Disqualified,28,,,,2024-04-28T00:00:00
2426,James,Thompson,james.thompson2426@nexgensolutions.com,NexGen Solutions,Social Media,Converted,89,3541,901,2024-12-15,2024-12-11T00:00:00
2427,Jessica,Davis,jessica.davis2427@truenorthdata.com,TrueNorth Data,Outbound - SDR,Working,34,,,,2024-02-07T00:00:00
2428,Mary,Jones,mary.jones2428@corestack.com,CoreStack,Inbound - Web,Working,51,,,,2022-03-22T00:00:00
2429,Christopher,Smith,christopher.smith2429@cybervault.com,CyberVault,Outbound - SDR,Nurture,56,,,,2024-06-09T00:00:00
2430,Jennifer,Martin,jennifer.martin2430@cloudscalesystems.com,CloudScale Systems,Product-Led,Nurture,26,,,,2024-07-20T00:00:00
2431,John,Jackson,john.jackson2431@brightwavetech.com,BrightWave Tech,Outbound - SDR,Converted,63,3538,720,2024-09-29,2024-09-01T00:00:00
2432,John,Johnson,john.johnson2432@cloudscalesystems.com,CloudScale Systems,Partner Referral,Working,15,,,,2024-05-18T00:00:00
2433,Nancy,Lopez,nancy.lopez2433@quantumlogiclabs.com,QuantumLogic Labs,Outbound - SDR,Working,13,,,,2022-01-17T00:00:00
2434,Christopher,Brown,christopher.brown2434@primepathdigital.com,PrimePath Digital,Product-Led,MQL,54,,,,2020-03-25T00:00:00
2435,Susan,Rodriguez,susan.rodriguez2435@databridgecorp.com,DataBridge Corp,,Converted,95,2381,784,2024-08-04,2024-07-07T00:00:00
2436,John,Hernandez,john.hernandez2436@cybervault.com,CyberVault,Inbound - Web,New,62,,,,2020-04-14T00:00:00
2437,Richard,Anderson,richard.anderson2437@insightplatforms.com,Insight Platforms,Product-Led,Converted,55,4499,906,2023-10-09,2023-07-13T00:00:00
2438,Christopher,Martinez,christopher.martinez2438@metasync.com,MetaSync,Paid Search,New,53,,,,2023-05-09T00:00:00
2439,Barbara,Johnson,barbara.johnson2439@databridgecorp.com,DataBridge Corp,Product-Led,New,28,,,,2023-07-04T00:00:00
2440,Thomas,Martin,thomas.martin2440@nexgensolutions.com,NexGen Solutions,Inbound - Content,Working,-49,,,,2021-03-06T00:00:00
2441,Richard,Martinez,richard.martinez2441@techflowinc.com,TechFlow Inc,Partner Referral,Converted,89,3459,326,2024-11-08,2024-10-13T00:00:00
2442,Charles,Smith,charles.smith2442@rapidcloud.com,RapidCloud,Social Media,Converted,50,989,696,2022-06-06,2022-03-28T00:00:00
2443,Michael,Brown,michael.brown2443@primepathdigital.com,PrimePath Digital,Partner Referral,Working,52,,,,2022-11-08T00:00:00
2444,Susan,Wilson,susan.wilson2444@futureforge.com,FutureForge,Inbound - Web,Working,26,,,,2021-12-17T00:00:00
2445,Patricia,Brown,patricia.brown2445@primepathdigital.com,PrimePath Digital,Inbound - Web,New,39,,,,2023-04-01T00:00:00
2446,James,Brown,james.brown2446@insightplatforms.com,Insight Platforms,Inbound - Webinar,New,15,,,,2023-06-29T00:00:00
2447,David,Garcia,david.garcia2447@vertexai.com,VertexAI,Event,New,13,,,,2020-08-30T00:00:00
2448,Thomas,Garcia,thomas.garcia2448@databridgecorp.com,DataBridge Corp,Inbound - Web,MQL,51,,,,2021-08-17T00:00:00
2449,Patricia,Moore,patricia.moore2449@vertexai.com,VertexAI,Outbound - Cold,Working,62,,,,2021-10-28T00:00:00
2450,Joseph,Jones,joseph.jones2450@truenorthdata.com,TrueNorth Data,Social Media,Working,47,,,,2020-11-05T00:00:00
2451,Joseph,Jones,joseph.jones2451@nexgensolutions.com,NexGen Solutions,Inbound - Web,Converted,91,2010,602,2024-11-06,2024-09-05T00:00:00
2452,Sarah,Johnson,sarah.johnson2452@streamlineanalytics.com,StreamLine Analytics,Social Media,Disqualified,23,,,,2022-01-20T00:00:00
2453,James,Taylor,james.taylor2453@primepathdigital.com,PrimePath Digital,Inbound - Content,Disqualified,20,,,,2020-08-28T00:00:00
2454,Sarah,Lee,sarah.lee2454@futureforge.com,FutureForge,Inbound - Content,New,28,,,,2020-07-29T00:00:00
2455,Daniel,Jackson,daniel.jackson2455@agiledynamics.com,Agile Dynamics,Event,Working,19,,,,2022-12-01T00:00:00
2456,Michael,Martinez,michael.martinez,InnovateCo,Event,Converted,57,2233,943,2024-12-17,2024-10-01T00:00:00
2457,David,Davis,david.davis2457@cloudscalesystems.com,CloudScale Systems,,SQL,93,,,,2024-03-09T00:00:00
2458,Thomas,Davis,thomas.davis2458@techflowinc.com,TechFlow Inc,Product-Led,Nurture,19,,,,2024-11-20T00:00:00
2459,David,Rodriguez,david.rodriguez2459@brightwavetech.com,BrightWave Tech,Social Media,MQL,52,,,,2020-08-09T00:00:00
2460,James,Taylor,james.taylor2460@vertexai.com,VertexAI,Inbound - Webinar,MQL,95,,,,2024-10-16T00:00:00
2461,James,Lopez,james.lopez2461@nexgensolutions.com,NexGen Solutions,Inbound - Content,Converted,97,1223,631,2024-07-26,2024-05-23T00:00:00
2462,Susan,Anderson,susan.anderson2462@futureforge.com,FutureForge,Outbound - SDR,New,-63,,,,2021-09-08T00:00:00
2463,Linda,Davis,linda.davis2463@pulsepointdigital.com,PulsePoint Digital,Inbound - Content,MQL,67,,,,2023-09-24T00:00:00
2464,David,Gonzalez,david.gonzalez2464@vertexai.com,VertexAI,Inbound - Webinar,Converted,71,330,509,2024-02-18,2024-02-15T00:00:00
2465,Jessica,Lopez,jessica.lopez2465@scaleupsystems.com,ScaleUp Systems,Event,Working,35,,,,2021-04-08T00:00:00
2466,Thomas,Hernandez,thomas.hernandez2466@primepathdigital.com,PrimePath Digital,Product-Led,New,16,,,,2023-07-20T00:00:00
2467,David,Hernandez,david.hernandez2467@quantumlogiclabs.com,QuantumLogic Labs,Inbound - Web,Converted,90,1536,872,2024-11-18,2024-10-27T00:00:00
2468,Barbara,Thompson,barbara.thompson2468@pulsepointdigital.com,PulsePoint Digital,Inbound - Content,Converted,70,1688,479,2023-12-07,2023-09-23T00:00:00
2469,Jennifer,Thomas,jennifer.thomas2469@agiledynamics.com,Agile Dynamics,Partner Referral,Converted,84,3172,259,2024-03-27,2024-01-09T00:00:00
2470,Jennifer,Gonzalez,jennifer.gonzalez2470@scaleupsystems.com,ScaleUp Systems,Inbound - Webinar,Disqualified,18,,,,2021-04-28T00:00:00
2471,Karen,Brown,karen.brown2471@insightplatforms.com,Insight Platforms,Partner Referral,Converted,-77,3194,341,2024-07-07,2024-06-27T00:00:00
2472,Mary,Garcia,mary.garcia2472@cybervault.com,CyberVault,Product-Led,New,64,,,,2021-02-23T00:00:00
2473,Charles,Lopez,charles.lopez2473@nexgensolutions.com,NexGen Solutions,Partner Referral,Disqualified,15,,,,2024-07-07T00:00:00
2474,David,Jones,,Insight Platforms,Social Media,Working,21,,,,2023-04-24T00:00:00
2475,Linda,Moore,linda.moore2475@agiledynamics.com,Agile Dynamics,Event,MQL,96,,,,2021-06-01T00:00:00
2476,Joseph,Hernandez,joseph.hernandez2476@corestack.com,CoreStack,Partner Referral,Working,48,,,,2021-05-27T00:00:00
2477,Karen,Thompson,karen.thompson2477@pulsepointdigital.com,PulsePoint Digital,Partner Referral,Working,29,,,,2020-11-02T00:00:00
2478,Christopher,Johnson,christopher.johnson,BrightWave Tech,Social Media,Disqualified,30,,,,2024-07-09T00:00:00
2479,Elizabeth,Taylor,,TrueNorth Data,Inbound - Content,Working,29,,,,2024-06-29T00:00:00
2480,Charles,Wilson,charles.wilson2480@agiledynamics.com,Agile Dynamics,Inbound - Content,Nurture,23,,,,2024-08-11T00:00:00
2481,David,Smith,david.smith2481@truenorthdata.com,TrueNorth Data,Partner Referral,Converted,88,3435,585,2024-08-03,2024-06-29T00:00:00
2482,Richard,Jackson,richard.jackson2482@databridgecorp.com,DataBridge Corp,Outbound - Cold,Working,-20,,,,2022-05-18T00:00:00
2483,James,Lee,james.lee2483@vertexai.com,VertexAI,Inbound - Webinar,Converted,95,4791,291,2024-09-07,2024-08-01T00:00:00
2484,Jessica,Moore,jessica.moore2484@techflowinc.com,TechFlow Inc,Inbound - Webinar,Working,22,,,,2020-09-22T00:00:00
2485,Sarah,Lee,sarah.lee2485@futureforge.com,FutureForge,Inbound - Web,Nurture,28,,,,2021-09-02T00:00:00
2486,Charles,Miller,charles.miller2486@streamlineanalytics.com,StreamLine Analytics,Partner Referral,Converted,54,4953,670,2024-09-11,2024-07-08T00:00:00
2487,Patricia,Brown,patricia.brown2487@primepathdigital.com,PrimePath Digital,Product-Led,Converted,59,995,31,2022-01-27,2021-12-28T00:00:00
2488,William,Moore,william.moore2488@truenorthdata.com,TrueNorth Data,Event,New,14,,,,2024-02-21T00:00:00
2489,Karen,Lopez,karen.lopez2489@databridgecorp.com,DataBridge Corp,,Converted,93,4127,730,2023-07-14,2023-04-19T00:00:00
2490,Charles,Brown,charles.brown2490@nexgensolutions.com,NexGen Solutions,Partner Referral,Disqualified,26,,,,2023-04-17T00:00:00
2491,Patricia,Hernandez,patricia.hernandez2491@truenorthdata.com,TrueNorth Data,Outbound - SDR,Converted,62,4867,989,2022-07-13,2022-07-04T00:00:00
2492,Joseph,Taylor,joseph.taylor2492@nexgensolutions.com,NexGen Solutions,Inbound - Content,Disqualified,19,,,,2021-02-28T00:00:00
2493,Charles,Rodriguez,charles.rodriguez2493@quantumlogiclabs.com,QuantumLogic Labs,Inbound - Content,Disqualified,5,,,,2020-01-16T00:00:00
2494,William,Jones,william.jones2494@corestack.com,CoreStack,Inbound - Webinar,MQL,68,,,,2023-03-08T00:00:00
2495,Robert,Rodriguez,robert.rodriguez2495@pulsepointdigital.com,PulsePoint Digital,Inbound - Content,Disqualified,29,,,,2023-09-21T00:00:00
2496,Robert,Lee,robert.lee2496@innovateco.com,InnovateCo,Outbound - Cold,New,34,,,,2024-07-26T00:00:00
2497,Elizabeth,Garcia,elizabeth.garcia2497@vertexai.com,VertexAI,Outbound - Cold,Disqualified,23,,,,2023-12-16T00:00:00
2498,Sarah,Lopez,sarah.lopez2498@metasync.com,MetaSync,Outbound - Cold,Nurture,23,,,,2023-09-09T00:00:00
2499,Linda,Jackson,linda.jackson2499@rapidcloud.com,RapidCloud,Event,Nurture,54,,,,2021-08-16T00:00:00
2500,Christopher,Martinez,christopher.martinez2500@cybervault.com,CyberVault,Event,Nurture,70,,,,2021-08-28T00:00:00
2501,Sarah,Lee,sarah.lee2501@vertexai.com,VertexAI,Inbound - Web,MQL,75,,,,2023-04-02T00:00:00
2502,Karen,Jackson,karen.jackson2502@cloudscalesystems.com,CloudScale Systems,Social Media,Nurture,33,,,,2022-03-25T00:00:00
2503,Daniel,Wilson,daniel.wilson2503@pulsepointdigital.com,PulsePoint Digital,Outbound - SDR,New,20,,,,2020-12-19T00:00:00
2504,David,Lee,david.lee2504@corestack.com,CoreStack,Inbound - Webinar,Converted,57,3698,232,2024-07-26,2024-06-09T00:00:00
2505,Richard,Thompson,richard.thompson2505@rapidcloud.com,RapidCloud,Inbound - Content,Nurture,31,,,,2023-10-13T00:00:00
2506,Mary,Moore,mary.moore,DataBridge Corp,Inbound - Content,Converted,68,1555,652,2023-12-26,2023-10-21T00:00:00
2507,Joseph,Smith,joseph.smith2507@rapidcloud.com,RapidCloud,Partner Referral,MQL,96,,,,2021-08-02T00:00:00
2508,Christopher,Williams,christopher.williams,Agile Dynamics,Event,MQL,52,,,,2020-01-17T00:00:00
2509,Barbara,Miller,barbara.miller2509@corestack.com,CoreStack,Product-Led,MQL,84,,,,2024-07-16T00:00:00
2510,Joseph,Rodriguez,joseph.rodriguez2510@quantumlogiclabs.com,QuantumLogic Labs,Inbound - Web,MQL,51,,,,2021-01-14T00:00:00
2511,Elizabeth,Thomas,elizabeth.thomas2511@brightwavetech.com,BrightWave Tech,Event,MQL,98,,,,2022-09-03T00:00:00
2512,Sarah,Smith,sarah.smith2512@innovateco.com,InnovateCo,Paid Search,SQL,67,,,,2024-05-08T00:00:00
2513,Nancy,Williams,nancy.williams2513@nexgensolutions.com,NexGen Solutions,Inbound - Web,SQL,86,,,,2023-07-15T00:00:00
2514,William,Thomas,william.thomas2514@databridgecorp.com,DataBridge Corp,Inbound - Webinar,Disqualified,3,,,,2021-09-25T00:00:00
2515,Patricia,Moore,,QuantumLogic Labs,Inbound - Webinar,Converted,93,4144,970,2024-12-28,2024-10-25T00:00:00
2516,Elizabeth,Lee,elizabeth.lee2516@metasync.com,MetaSync,Outbound - Cold,New,45,,,,2022-12-19T00:00:00
2517,David,Taylor,david.taylor2517@futureforge.com,FutureForge,Outbound - Cold,Disqualified,16,,,,2022-01-27T00:00:00
2518,Linda,Taylor,linda.taylor2518@futureforge.com,FutureForge,Social Media,New,67,,,,2020-09-22T00:00:00
2519,Nancy,Rodriguez,nancy.rodriguez2519@metasync.com,MetaSync,Partner Referral,Working,50,,,,2020-04-29T00:00:00
2520,William,Brown,william.brown2520@scaleupsystems.com,ScaleUp Systems,Partner Referral,Disqualified,4,,,,2020-06-09T00:00:00
2521,James,Thomas,james.thomas2521@pulsepointdigital.com,PulsePoint Digital,Outbound - Cold,Nurture,35,,,,2023-07-20T00:00:00
2522,Christopher,Jackson,,CloudScale Systems,Paid Search,MQL,52,,,,2021-07-24T00:00:00
2523,Christopher,Wilson,christopher.wilson2523@vertexai.com,VertexAI,Partner Referral,SQL,72,,,,2024-04-11T00:00:00
2524,Richard,Rodriguez,richard.rodriguez2524@brightwavetech.com,BrightWave Tech,Product-Led,Nurture,46,,,,2022-04-17T00:00:00
2525,Jessica,Williams,jessica.williams2525@vertexai.com,VertexAI,Social Media,Working,-11,,,,2024-02-06T00:00:00
2526,Charles,Hernandez,charles.hernandez2526@corestack.com,CoreStack,Outbound - Cold,MQL,85,,,,2020-03-24T00:00:00
2527,Christopher,Miller,christopher.miller2527@cloudscalesystems.com,CloudScale Systems,Social Media,MQL,59,,,,2024-01-17T00:00:00
2528,Patricia,Lee,patricia.lee2528@innovateco.com,InnovateCo,Outbound - SDR,New,25,,,,2021-01-07T00:00:00
2529,Charles,Thomas,charles.thomas2529@pulsepointdigital.com,PulsePoint Digital,Partner Referral,MQL,100,,,,2020-03-03T00:00:00
2530,Karen,Moore,karen.moore2530@brightwavetech.com,BrightWave Tech,Social Media,Converted,58,3673,283,2024-12-05,2024-09-12T00:00:00
2531,Susan,Martin,susan.martin2531@metasync.com,MetaSync,Inbound - Webinar,New,66,,,,2022-05-11T00:00:00
2532,Lisa,Lee,lisa.lee2532@insightplatforms.com,Insight Platforms,Inbound - Webinar,Converted,83,2170,83,2024-12-08,2024-09-20T00:00:00
2533,Mary,Miller,mary.miller2533@insightplatforms.com,Insight Platforms,Inbound - Web,Nurture,55,,,,2020-09-28T00:00:00
2534,Daniel,Jones,daniel.jones2534@quantumlogiclabs.com,QuantumLogic Labs,Outbound - SDR,Disqualified,8,,,,2024-11-27T00:00:00
2535,Elizabeth,Wilson,elizabeth.wilson2535@innovateco.com,InnovateCo,Event,Converted,-54,4535,914,2023-07-17,2023-06-08T00:00:00
2536,Michael,Anderson,michael.anderson2536@metasync.com,MetaSync,Paid Search,MQL,-83,,,,2024-10-23T00:00:00
2537,John,Brown,john.brown2537@vertexai.com,VertexAI,Outbound - SDR,New,39,,,,2023-06-04T00:00:00
2538,Barbara,Gonzalez,barbara.gonzalez2538@streamlineanalytics.com,StreamLine Analytics,Inbound - Content,Converted,91,3511,109,2023-02-23,2022-12-22T00:00:00
2539,Mary,Taylor,mary.taylor2539@pulsepointdigital.com,PulsePoint Digital,Outbound - SDR,SQL,94,,,,2020-09-29T00:00:00
2540,Joseph,Gonzalez,joseph.gonzalez2540@agiledynamics.com,Agile Dynamics,Event,SQL,54,,,,2020-08-11T00:00:00
2541,David,Taylor,david.taylor2541@vertexai.com,VertexAI,Social Media,SQL,99,,,,2021-07-02T00:00:00
2542,Patricia,Rodriguez,patricia.rodriguez2542@cybervault.com,CyberVault,Partner Referral,New,13,,,,2022-09-20T00:00:00
2543,Susan,Lopez,susan.lopez2543@brightwavetech.com,BrightWave Tech,Product-Led,New,48,,,,2023-01-19T00:00:00
2544,Karen,Davis,karen.davis2544@nexgensolutions.com,NexGen Solutions,Social Media,Nurture,52,,,,2021-11-18T00:00:00
2545,Elizabeth,Lopez,elizabeth.lopez2545@corestack.com,CoreStack,Paid Search,Working,60,,,,2024-01-09T00:00:00
2546,James,Martin,james.martin2546@primepathdigital.com,PrimePath Digital,Event,Disqualified,4,,,,2023-11-30T00:00:00
2547,Karen,Brown,karen.brown2547@nexgensolutions.com,NexGen Solutions,Paid Search,MQL,90,,,,2023-06-10T00:00:00
2548,Charles,Hernandez,,ScaleUp Systems,Event,New,47,,,,2022-05-01T00:00:00
2549,Robert,Jackson,robert.jackson2549@rapidcloud.com,RapidCloud,Event,Working,27,,,,2020-03-11T00:00:00
2550,Nancy,Hernandez,,DataBridge Corp,Inbound - Webinar,Working,32,,,,2022-06-11T00:00:00
2551,Jessica,Hernandez,jessica.hernandez2551@cybervault.com,CyberVault,Outbound - Cold,New,15,,,,2021-07-28T00:00:00
2552,David,Gonzalez,david.gonzalez2552@techflowinc.com,TechFlow Inc,Inbound - Web,Disqualified,19,,,,2023-05-10T00:00:00
2553,Patricia,Martin,patricia.martin2553@agiledynamics.com,Agile Dynamics,Paid Search,MQL,77,,,,2021-12-30T00:00:00
2554,Charles,Hernandez,charles.hernandez2554@scaleupsystems.com,ScaleUp Systems,Social Media,Disqualified,13,,,,2024-06-15T00:00:00
2555,Linda,Smith,linda.smith2555@metasync.com,MetaSync,Paid Search,MQL,100,,,,2020-01-16T00:00:00
2556,William,Davis,william.davis2556@techflowinc.com,TechFlow Inc,Outbound - Cold,Working,40,,,,2021-11-11T00:00:00
2557,Mary,Johnson,mary.johnson2557@cybervault.com,CyberVault,,SQL,67,,,,2021-10-11T00:00:00
2558,William,Martin,william.martin2558@insightplatforms.com,Insight Platforms,Product-Led,Working,-27,,,,2023-05-30T00:00:00
2559,John,Davis,john.davis2559@rapidcloud.com,RapidCloud,Product-Led,Converted,50,3916,181,2023-02-06,2023-01-02T00:00:00
2560,Daniel,Garcia,daniel.garcia2560@insightplatforms.com,Insight Platforms,Inbound - Web,MQL,66,,,,2024-06-24T00:00:00
2561,Lisa,Garcia,lisa.garcia,TrueNorth Data,Outbound - Cold,Working,35,,,,2024-07-01T00:00:00
2562,Christopher,Martinez,christopher.martinez2562@pulsepointdigital.com,PulsePoint Digital,Outbound - Cold,Working,64,,,,2021-07-20T00:00:00
2563,Linda,Jackson,linda.jackson2563@corestack.com,CoreStack,Outbound - Cold,MQL,74,,,,2021-09-18T00:00:00
2564,Patricia,Jones,patricia.jones2564@metasync.com,MetaSync,Outbound - Cold,MQL,98,,,,2024-12-19T00:00:00
2565,Mary,Brown,mary.brown2565@corestack.com,CoreStack,Partner Referral,Converted,92,109,460,2024-11-02,2024-10-17T00:00:00
2566,John,Davis,john.davis2566@futureforge.com,FutureForge,Product-Led,Working,28,,,,2021-05-21T00:00:00
2567,John,Gonzalez,john.gonzalez2567@vertexai.com,VertexAI,Outbound - Cold,Disqualified,23,,,,2023-04-30T00:00:00
2568,Karen,Taylor,karen.taylor2568@futureforge.com,FutureForge,Inbound - Content,SQL,62,,,,2020-04-07T00:00:00
2569,Jennifer,Jones,jennifer.jones2569@futureforge.com,FutureForge,Inbound - Webinar,Disqualified,18,,,,2022-07-23T00:00:00
2570,Patricia,Davis,patricia.davis2570@cybervault.com,CyberVault,Partner Referral,Converted,50,1525,752,2024-04-18,2024-04-04T00:00:00
2571,Thomas,Wilson,thomas.wilson2571@quantumlogiclabs.com,QuantumLogic Labs,Inbound - Web,MQL,52,,,,2022-11-28T00:00:00
2572,Barbara,Wilson,barbara.wilson2572@scaleupsystems.com,ScaleUp Systems,Outbound - Cold,Disqualified,4,,,,2022-07-06T00:00:00
2573,Karen,Hernandez,karen.hernandez2573@primepathdigital.com,PrimePath Digital,Inbound - Content,Converted,74,4213,881,2023-04-08,2023-03-28T00:00:00
2574,Michael,Brown,michael.brown2574@corestack.com,CoreStack,Event,New,37,,,,2021-02-01T00:00:00
2575,James,Jones,james.jones2575@cloudscalesystems.com,CloudScale Systems,Paid Search,MQL,98,,,,2020-10-29T00:00:00
2576,Sarah,Lee,sarah.lee2576@cloudscalesystems.com,CloudScale Systems,Inbound - Webinar,MQL,70,,,,2024-09-08T00:00:00
2577,Daniel,Jones,daniel.jones2577@pulsepointdigital.com,PulsePoint Digital,Outbound - SDR,Disqualified,8,,,,2020-06-26T00:00:00
2578,Jennifer,Jackson,jennifer.jackson2578@vertexai.com,VertexAI,Outbound - Cold,SQL,83,,,,2021-02-13T00:00:00
2579,Karen,Martin,karen.martin,StreamLine Analytics,Outbound - Cold,MQL,76,,,,2021-08-26T00:00:00
2580,Christopher,Wilson,christopher.wilson2580@insightplatforms.com,Insight Platforms,Inbound - Web,SQL,75,,,,2020-07-24T00:00:00
2581,Elizabeth,Lopez,elizabeth.lopez2581@agiledynamics.com,Agile Dynamics,Outbound - SDR,MQL,66,,,,2021-06-23T00:00:00
2582,Charles,Smith,charles.smith2582@rapidcloud.com,RapidCloud,Inbound - Web,Converted,74,1214,895,2023-07-07,2023-06-30T00:00:00
2583,Elizabeth,Hernandez,elizabeth.hernandez2583@vertexai.com,VertexAI,Inbound - Webinar,MQL,52,,,,2021-09-06T00:00:00
2584,Lisa,Jones,lisa.jones2584@streamlineanalytics.com,StreamLine Analytics,Social Media,Disqualified,24,,,,2020-11-21T00:00:00
2585,Christopher,Lee,christopher.lee2585@cybervault.com,CyberVault,Partner Referral,SQL,70,,,,2022-07-22T00:00:00
2586,Lisa,Taylor,lisa.taylor2586@scaleupsystems.com,ScaleUp Systems,Social Media,SQL,94,,,,2021-11-11T00:00:00
2587,Christopher,Miller,christopher.miller2587@primepathdigital.com,PrimePath Digital,Partner Referral,SQL,75,,,,2023-02-05T00:00:00
2588,Lisa,Thomas,lisa.thomas2588@databridgecorp.com,DataBridge Corp,Paid Search,Working,61,,,,2024-07-29T00:00:00
2589,Susan,Lopez,susan.lopez2589@brightwavetech.com,BrightWave Tech,Outbound - Cold,MQL,76,,,,2024-08-29T00:00:00
2590,Thomas,Lopez,thomas.lopez2590@databridgecorp.com,DataBridge Corp,Inbound - Web,Converted,84,2258,843,2024-12-05,2024-11-24T00:00:00
2591,Mary,Wilson,mary.wilson2591@metasync.com,MetaSync,Event,Nurture,53,,,,2022-12-29T00:00:00
2592,William,Smith,william.smith2592@pulsepointdigital.com,PulsePoint Digital,Outbound - SDR,SQL,57,,,,2024-10-30T00:00:00
2593,Susan,Taylor,susan.taylor2593@techflowinc.com,TechFlow Inc,Inbound - Webinar,Working,47,,,,2020-10-02T00:00:00
2594,Jennifer,Gonzalez,jennifer.gonzalez2594@rapidcloud.com,RapidCloud,Paid Search,Working,64,,,,2021-07-24T00:00:00
2595,Daniel,Smith,daniel.smith2595@corestack.com,CoreStack,Outbound - SDR,MQL,50,,,,2020-03-30T00:00:00
2596,David,Garcia,david.garcia2596@databridgecorp.com,DataBridge Corp,Event,New,30,,,,2022-05-17T00:00:00
2597,David,Johnson,david.johnson2597@databridgecorp.com,DataBridge Corp,Partner Referral,Working,37,,,,2024-05-15T00:00:00
2598,Jessica,Jackson,jessica.jackson2598@streamlineanalytics.com,StreamLine Analytics,Product-Led,SQL,77,,,,2020-09-20T00:00:00
2599,Daniel,Anderson,daniel.anderson2599@vertexai.com,VertexAI,Product-Led,Nurture,16,,,,2022-04-10T00:00:00
2600,David,Taylor,david.taylor2600@streamlineanalytics.com,StreamLine Analytics,Inbound - Web,Working,58,,,,2021-05-14T00:00:00
2601,Karen,Thomas,karen.thomas,CloudScale Systems,Inbound - Web,Converted,85,4834,28,2024-12-03,2024-11-03T00:00:00
2602,William,Jackson,william.jackson2602@streamlineanalytics.com,StreamLine Analytics,Event,New,20,,,,2021-12-04T00:00:00
2603,Elizabeth,Davis,elizabeth.davis2603@corestack.com,CoreStack,Inbound - Webinar,Nurture,68,,,,2021-07-06T00:00:00
2604,Daniel,Moore,daniel.moore2604@scaleupsystems.com,ScaleUp Systems,Social Media,Working,41,,,,2020-05-03T00:00:00
2605,Richard,Thomas,richard.thomas2605@vertexai.com,VertexAI,Outbound - Cold,Disqualified,27,,,,2020-11-09T00:00:00
2606,Michael,Jackson,michael.jackson2606@insightplatforms.com,Insight Platforms,Inbound - Web,Working,30,,,,2020-06-12T00:00:00
2607,Elizabeth,Williams,elizabeth.williams2607@cybervault.com,CyberVault,Inbound - Webinar,Converted,86,115,946,2024-05-07,2024-03-22T00:00:00
2608,Daniel,Martin,daniel.martin2608@metasync.com,MetaSync,Product-Led,New,22,,,,2023-01-02T00:00:00
2609,Karen,Smith,karen.smith,Insight Platforms,Event,Nurture,16,,,,2023-09-12T00:00:00
2610,Karen,Davis,karen.davis2610@nexgensolutions.com,NexGen Solutions,Partner Referral,New,53,,,,2022-09-29T00:00:00
2611,Karen,Brown,,TrueNorth Data,Outbound - SDR,Working,-52,,,,2024-05-09T00:00:00
2612,Daniel,Moore,daniel.moore2612@scaleupsystems.com,ScaleUp Systems,Inbound - Webinar,MQL,57,,,,2021-07-04T00:00:00
2613,Michael,Martin,michael.martin2613@insightplatforms.com,Insight Platforms,Product-Led,Working,62,,,,2024-11-04T00:00:00
2614,William,Rodriguez,william.rodriguez2614@vertexai.com,VertexAI,Inbound - Content,Converted,62,1959,506,2024-01-10,2024-01-13T00:00:00
2615,William,Martinez,william.martinez2615@metasync.com,MetaSync,Paid Search,Converted,52,3765,357,2023-07-01,2023-05-03T00:00:00
2616,Michael,Martinez,michael.martinez2616@brightwavetech.com,BrightWave Tech,Paid Search,MQL,80,,,,2023-03-16T00:00:00
2617,Sarah,Thomas,sarah.thomas2617@techflowinc.com,TechFlow Inc,Social Media,Converted,74,2592,201,2024-11-05,2024-08-31T00:00:00
2618,Jessica,Johnson,jessica.johnson2618@cybervault.com,CyberVault,Partner Referral,Converted,96,4290,441,2024-10-27,2024-08-18T00:00:00
2619,Nancy,Miller,nancy.miller2619@techflowinc.com,TechFlow Inc,Partner Referral,Converted,64,4538,74,2024-06-12,2024-05-13T00:00:00
2620,Karen,Martinez,,PrimePath Digital,Social Media,SQL,98,,,,2024-05-07T00:00:00
2621,Michael,Johnson,michael.johnson2621@metasync.com,MetaSync,Inbound - Web,Disqualified,11,,,,2020-01-27T00:00:00
2622,Charles,Brown,,NexGen Solutions,Inbound - Content,SQL,66,,,,2023-06-17T00:00:00
2623,Robert,Brown,robert.brown2623@innovateco.com,InnovateCo,Inbound - Content,MQL,66,,,,2022-01-14T00:00:00
2624,Charles,Thomas,charles.thomas2624@databridgecorp.com,DataBridge Corp,Inbound - Web,Disqualified,4,,,,2022-10-14T00:00:00
2625,Linda,Hernandez,linda.hernandez2625@nexgensolutions.com,NexGen Solutions,Inbound - Content,Disqualified,13,,,,2020-10-15T00:00:00
2626,James,Williams,james.williams2626@quantumlogiclabs.com,QuantumLogic Labs,Social Media,New,58,,,,2023-11-16T00:00:00
2627,Lisa,Thompson,lisa.thompson2627@primepathdigital.com,PrimePath Digital,Inbound - Web,Disqualified,10,,,,2020-01-17T00:00:00
2628,Karen,Martinez,karen.martinez2628@insightplatforms.com,Insight Platforms,Paid Search,Nurture,15,,,,2023-10-31T00:00:00
2629,Daniel,Johnson,daniel.johnson2629@truenorthdata.com,TrueNorth Data,Outbound - SDR,MQL,53,,,,2022-04-16T00:00:00
2630,Nancy,Miller,nancy.miller2630@futureforge.com,FutureForge,Inbound - Webinar,SQL,89,,,,2023-08-22T00:00:00
2631,Jessica,Rodriguez,jessica.rodriguez2631@quantumlogiclabs.com,QuantumLogic Labs,Inbound - Web,Working,68,,,,2023-03-09T00:00:00
2632,James,Wilson,james.wilson2632@metasync.com,MetaSync,Inbound - Content,SQL,62,,,,2020-12-02T00:00:00
2633,Susan,Jones,susan.jones2633@futureforge.com,FutureForge,Product-Led,New,47,,,,2024-10-01T00:00:00
2634,Jessica,Rodriguez,jessica.rodriguez2634@techflowinc.com,TechFlow Inc,Inbound - Content,Converted,92,4681,658,2023-04-25,2023-04-14T00:00:00
2635,Richard,Hernandez,richard.hernandez2635@nexgensolutions.com,NexGen Solutions,Outbound - SDR,MQL,72,,,,2022-10-14T00:00:00
2636,Barbara,Johnson,barbara.johnson2636@techflowinc.com,TechFlow Inc,Product-Led,Disqualified,18,,,,2020-12-07T00:00:00
2637,Daniel,Thomas,daniel.thomas2637@truenorthdata.com,TrueNorth Data,Inbound - Content,Converted,86,1430,793,2023-06-18,2023-06-06T00:00:00
2638,Linda,Wilson,linda.wilson2638@nexgensolutions.com,NexGen Solutions,Inbound - Web,Nurture,11,,,,2021-02-18T00:00:00
2639,Linda,Jackson,linda.jackson2639@vertexai.com,VertexAI,Social Media,MQL,96,,,,2023-04-13T00:00:00
2640,Joseph,Thomas,joseph.thomas2640@databridgecorp.com,DataBridge Corp,Social Media,Nurture,39,,,,2022-03-03T00:00:00
2641,Lisa,Lee,lisa.lee2641@brightwavetech.com,BrightWave Tech,Paid Search,Working,16,,,,2022-07-17T00:00:00
2642,Lisa,Hernandez,lisa.hernandez2642@rapidcloud.com,RapidCloud,Product-Led,Nurture,23,,,,2021-09-06T00:00:00
2643,Christopher,Brown,christopher.brown2643@agiledynamics.com,Agile Dynamics,Outbound - SDR,Working,55,,,,2023-05-26T00:00:00
2644,Elizabeth,Thompson,elizabeth.thompson2644@cybervault.com,CyberVault,Paid Search,Converted,74,684,71,2024-05-17,2024-05-05T00:00:00
2645,Joseph,Taylor,joseph.taylor2645@primepathdigital.com,PrimePath Digital,Inbound - Web,MQL,52,,,,2021-11-10T00:00:00
2646,Richard,Gonzalez,richard.gonzalez,Insight Platforms,Event,SQL,90,,,,2023-05-26T00:00:00
2647,James,Taylor,james.taylor2647@innovateco.com,InnovateCo,,Nurture,41,,,,2023-01-05T00:00:00
2648,Jennifer,Davis,jennifer.davis2648@streamlineanalytics.com,StreamLine Analytics,Inbound - Web,Converted,70,1211,587,2024-03-18,2024-02-17T00:00:00
2649,Patricia,Hernandez,patricia.hernandez2649@pulsepointdigital.com,PulsePoint Digital,Paid Search,MQL,79,,,,2020-05-04T00:00:00
2650,David,Martin,david.martin2650@agiledynamics.com,Agile Dynamics,Inbound - Webinar,Converted,62,1367,271,2023-06-09,2023-05-27T00:00:00
2651,Joseph,Moore,joseph.moore2651@databridgecorp.com,DataBridge Corp,,MQL,86,,,,2021-05-22T00:00:00
2652,Mary,Johnson,mary.johnson2652@streamlineanalytics.com,StreamLine Analytics,Inbound - Webinar,Working,24,,,,2021-10-08T00:00:00
2653,Linda,Hernandez,linda.hernandez2653@databridgecorp.com,DataBridge Corp,Partner Referral,MQL,87,,,,2020-12-26T00:00:00
2654,Thomas,Jones,thomas.jones2654@scaleupsystems.com,ScaleUp Systems,Partner Referral,Disqualified,-8,,,,2020-10-10T00:00:00
2655,Barbara,Johnson,barbara.johnson2655@pulsepointdigital.com,PulsePoint Digital,Event,MQL,100,,,,2024-10-29T00:00:00
2656,Elizabeth,Thompson,elizabeth.thompson2656@techflowinc.com,TechFlow Inc,Paid Search,Nurture,68,,,,2020-10-31T00:00:00
2657,Mary,Smith,mary.smith2657@pulsepointdigital.com,PulsePoint Digital,Product-Led,MQL,73,,,,2022-08-10T00:00:00
2658,Karen,Davis,karen.davis2658@cloudscalesystems.com,CloudScale Systems,Inbound - Web,Converted,63,3967,30,2022-12-18,2022-10-03T00:00:00
2659,Jennifer,Lee,jennifer.lee2659@metasync.com,MetaSync,,Converted,50,2271,242,2024-10-20,2024-09-16T00:00:00
2660,Daniel,Miller,daniel.miller2660@truenorthdata.com,TrueNorth Data,Social Media,Working,26,,,,2022-05-29T00:00:00
2661,Richard,Anderson,richard.anderson2661@cloudscalesystems.com,CloudScale Systems,Product-Led,MQL,50,,,,2023-07-20T00:00:00
2662,Mary,Williams,mary.williams2662@primepathdigital.com,PrimePath Digital,Partner Referral,SQL,95,,,,2024-05-01T00:00:00
2663,Jennifer,Martin,jennifer.martin2663@brightwavetech.com,BrightWave Tech,Inbound - Web,Converted,72,420,818,2022-12-28,2022-12-10T00:00:00
2664,Elizabeth,Smith,elizabeth.smith2664@quantumlogiclabs.com,QuantumLogic Labs,Partner Referral,Working,26,,,,2020-11-04T00:00:00
2665,Daniel,Hernandez,daniel.hernandez2665@scaleupsystems.com,ScaleUp Systems,Event,MQL,98,,,,2024-11-20T00:00:00
2666,Elizabeth,Jones,elizabeth.jones2666@nexgensolutions.com,NexGen Solutions,Event,Disqualified,23,,,,2022-06-21T00:00:00
2667,Susan,Miller,susan.miller2667@cybervault.com,CyberVault,Paid Search,Working,69,,,,2022-06-16T00:00:00
2668,Linda,Thomas,linda.thomas2668@insightplatforms.com,Insight Platforms,Event,MQL,77,,,,2020-10-17T00:00:00
2669,Joseph,Thomas,joseph.thomas2669@vertexai.com,VertexAI,Product-Led,Nurture,52,,,,2020-10-10T00:00:00
2670,Joseph,Martin,joseph.martin2670@pulsepointdigital.com,PulsePoint Digital,Outbound - SDR,Nurture,47,,,,2021-03-13T00:00:00
2671,Charles,Jackson,charles.jackson2671@nexgensolutions.com,NexGen Solutions,Inbound - Content,Working,35,,,,2020-12-27T00:00:00
2672,Michael,Johnson,michael.johnson2672@cloudscalesystems.com,CloudScale Systems,Inbound - Content,Working,54,,,,2020-01-10T00:00:00
2673,Jessica,Martin,jessica.martin,FutureForge,Event,Working,42,,,,2022-03-19T00:00:00
2674,Lisa,Moore,lisa.moore2674@brightwavetech.com,BrightWave Tech,Event,Nurture,62,,,,2020-10-04T00:00:00
2675,Joseph,Gonzalez,joseph.gonzalez2675@innovateco.com,InnovateCo,Outbound - Cold,New,33,,,,2022-06-19T00:00:00
2676,Elizabeth,Johnson,elizabeth.johnson2676@brightwavetech.com,BrightWave Tech,Inbound - Content,Working,19,,,,2021-01-10T00:00:00
2677,Jessica,Brown,jessica.brown2677@innovateco.com,InnovateCo,Inbound - Web,Disqualified,5,,,,2022-02-21T00:00:00
2678,Daniel,Taylor,daniel.taylor2678@techflowinc.com,TechFlow Inc,Inbound - Webinar,MQL,99,,,,2020-01-22T00:00:00
2679,Robert,Williams,robert.williams2679@streamlineanalytics.com,StreamLine Analytics,Outbound - SDR,Nurture,43,,,,2022-08-02T00:00:00
2680,Patricia,Jones,patricia.jones2680@cybervault.com,CyberVault,Outbound - Cold,Converted,55,1876,730,2024-06-18,2024-05-17T00:00:00
2681,Robert,Gonzalez,robert.gonzalez2681@innovateco.com,InnovateCo,Inbound - Content,Nurture,70,,,,2023-08-14T00:00:00
2682,Thomas,Jackson,thomas.jackson2682@cloudscalesystems.com,CloudScale Systems,Outbound - SDR,SQL,98,,,,2022-11-10T00:00:00
2683,Jennifer,Thompson,jennifer.thompson2683@insightplatforms.com,Insight Platforms,Inbound - Webinar,SQL,74,,,,2024-01-20T00:00:00
2684,Linda,Jackson,,VertexAI,Social Media,Converted,96,3395,209,2024-07-13,2024-05-16T00:00:00
2685,Linda,Davis,linda.davis2685@cybervault.com,CyberVault,Inbound - Webinar,Converted,53,3784,357,2023-11-23,2023-11-09T00:00:00
2686,Charles,Johnson,charles.johnson2686@innovateco.com,InnovateCo,Inbound - Web,Disqualified,22,,,,2024-08-12T00:00:00
2687,Richard,Lee,richard.lee2687@vertexai.com,VertexAI,Inbound - Content,Converted,97,2549,991,2024-11-01,2024-09-23T00:00:00
2688,Daniel,Moore,daniel.moore2688@metasync.com,MetaSync,Inbound - Content,MQL,96,,,,2021-12-22T00:00:00
2689,Michael,Thomas,michael.thomas2689@corestack.com,CoreStack,Social Media,New,63,,,,2024-08-23T00:00:00
2690,Nancy,Jones,nancy.jones2690@truenorthdata.com,TrueNorth Data,,Nurture,28,,,,2024-03-17T00:00:00
2691,Michael,Thompson,michael.thompson2691@pulsepointdigital.com,PulsePoint Digital,Social Media,Disqualified,18,,,,2024-02-19T00:00:00
2692,Linda,Jones,linda.jones2692@brightwavetech.com,BrightWave Tech,Partner Referral,Converted,77,2605,887,2024-12-08,2024-11-12T00:00:00
2693,Joseph,Taylor,joseph.taylor2693@cloudscalesystems.com,CloudScale Systems,Paid Search,SQL,85,,,,2023-03-01T00:00:00
2694,Jessica,Anderson,,DataBridge Corp,Outbound - Cold,MQL,100,,,,2024-03-06T00:00:00
2695,William,Garcia,william.garcia2695@cybervault.com,CyberVault,Outbound - Cold,New,40,,,,2021-10-23T00:00:00
2696,Michael,Moore,michael.moore2696@rapidcloud.com,RapidCloud,Product-Led,MQL,93,,,,2022-04-13T00:00:00
2697,Richard,Lee,richard.lee2697@innovateco.com,InnovateCo,Outbound - Cold,Converted,99,2939,977,2023-08-30,2023-07-23T00:00:00
2698,Richard,Martin,richard.martin2698@insightplatforms.com,Insight Platforms,Inbound - Web,Nurture,58,,,,2024-09-20T00:00:00
2699,Sarah,Johnson,sarah.johnson2699@agiledynamics.com,Agile Dynamics,Event,Converted,100,112,670,2024-10-22,2024-07-29T00:00:00
2700,Lisa,Wilson,lisa.wilson2700@cloudscalesystems.com,CloudScale Systems,Inbound - Web,Converted,58,119,902,2024-03-31,2024-02-20T00:00:00
2701,Mary,Martinez,mary.martinez2701@cloudscalesystems.com,CloudScale Systems,Social Media,Converted,73,1153,727,2024-11-04,2024-10-10T00:00:00
2702,James,Jackson,james.jackson2702@rapidcloud.com,RapidCloud,Inbound - Content,SQL,59,,,,2021-12-13T00:00:00
2703,Barbara,Hernandez,barbara.hernandez2703@databridgecorp.com,DataBridge Corp,Paid Search,Nurture,61,,,,2021-03-08T00:00:00
2704,Karen,Lopez,karen.lopez2704@metasync.com,MetaSync,Partner Referral,Converted,51,2816,944,2024-09-24,2024-09-07T00:00:00
2705,Nancy,Moore,nancy.moore2705@agiledynamics.com,Agile Dynamics,Inbound - Web,MQL,72,,,,2024-09-29T00:00:00
2706,Joseph,Thompson,joseph.thompson2706@vertexai.com,VertexAI,Outbound - Cold,New,65,,,,2024-10-04T00:00:00
2707,William,Johnson,william.johnson2707@vertexai.com,VertexAI,Inbound - Webinar,Working,27,,,,2023-02-24T00:00:00
2708,Patricia,Smith,patricia.smith2708@innovateco.com,InnovateCo,Partner Referral,Working,46,,,,2020-07-15T00:00:00
2709,Elizabeth,Davis,elizabeth.davis2709@futureforge.com,FutureForge,Event,Converted,73,2621,596,2024-08-15,2024-05-19T00:00:00
2710,Elizabeth,Williams,elizabeth.williams2710@metasync.com,MetaSync,Social Media,Disqualified,23,,,,2020-07-02T00:00:00
2711,Patricia,Martinez,patricia.martinez2711@scaleupsystems.com,ScaleUp Systems,Partner Referral,Working,66,,,,2020-05-07T00:00:00
2712,Sarah,Rodriguez,sarah.rodriguez2712@techflowinc.com,TechFlow Inc,Product-Led,New,20,,,,2024-03-09T00:00:00
2713,Lisa,Brown,lisa.brown2713@techflowinc.com,TechFlow Inc,Social Media,MQL,68,,,,2020-12-02T00:00:00
2714,James,Lee,,FutureForge,Social Media,New,20,,,,2020-12-25T00:00:00
2715,Linda,Gonzalez,linda.gonzalez,InnovateCo,Paid Search,Converted,76,3400,842,2023-04-05,2023-02-11T00:00:00
2716,Linda,Jones,linda.jones2716@pulsepointdigital.com,PulsePoint Digital,Inbound - Webinar,Working,61,,,,2022-03-13T00:00:00
2717,Elizabeth,Martinez,elizabeth.martinez2717@cloudscalesystems.com,CloudScale Systems,Product-Led,Nurture,43,,,,2023-10-07T00:00:00
2718,Robert,Thompson,robert.thompson2718@cloudscalesystems.com,CloudScale Systems,Outbound - Cold,New,47,,,,2023-08-24T00:00:00
2719,Jennifer,Jones,jennifer.jones2719@quantumlogiclabs.com,QuantumLogic Labs,Social Media,MQL,63,,,,2022-08-18T00:00:00
2720,William,Thompson,william.thompson2720@techflowinc.com,TechFlow Inc,Partner Referral,MQL,96,,,,2023-08-04T00:00:00
2721,David,Rodriguez,david.rodriguez2721@quantumlogiclabs.com,QuantumLogic Labs,Inbound - Webinar,Converted,82,1764,256,2022-03-29,2022-03-01T00:00:00
2722,Elizabeth,Wilson,elizabeth.wilson2722@metasync.com,MetaSync,Event,New,35,,,,2024-03-29T00:00:00
2723,Charles,Moore,charles.moore2723@quantumlogiclabs.com,QuantumLogic Labs,Paid Search,Working,18,,,,2021-01-08T00:00:00
2724,Sarah,Martin,sarah.martin2724@truenorthdata.com,TrueNorth Data,Social Media,Working,47,,,,2022-07-20T00:00:00
2725,Susan,Wilson,susan.wilson,FutureForge,Paid Search,Working,40,,,,2023-06-27T00:00:00
2726,Mary,Taylor,mary.taylor2726@innovateco.com,InnovateCo,Product-Led,Disqualified,1,,,,2024-04-30T00:00:00
2727,Joseph,Moore,,QuantumLogic Labs,Outbound - SDR,SQL,54,,,,2023-09-07T00:00:00
2728,Jennifer,Hernandez,jennifer.hernandez2728@innovateco.com,InnovateCo,Inbound - Web,SQL,96,,,,2020-08-07T00:00:00
2729,Joseph,Rodriguez,joseph.rodriguez2729@cybervault.com,CyberVault,Partner Referral,Disqualified,1,,,,2024-07-23T00:00:00
2730,Michael,Martinez,michael.martinez2730@futureforge.com,FutureForge,Outbound - SDR,Nurture,39,,,,2023-12-27T00:00:00
2731,Sarah,Thompson,sarah.thompson2731@metasync.com,MetaSync,Inbound - Content,Converted,67,4719,313,2024-11-09,2024-10-30T00:00:00
2732,Elizabeth,Brown,elizabeth.brown2732@innovateco.com,InnovateCo,Paid Search,New,16,,,,2021-01-12T00:00:00
2733,Jennifer,Moore,jennifer.moore2733@scaleupsystems.com,ScaleUp Systems,Outbound - SDR,Working,57,,,,2024-07-30T00:00:00
2734,Patricia,Brown,patricia.brown2734@pulsepointdigital.com,PulsePoint Digital,Inbound - Web,Converted,95,984,565,2024-05-22,2024-05-03T00:00:00
2735,Karen,Martin,karen.martin2735@innovateco.com,InnovateCo,Product-Led,Converted,90,192,772,2022-03-06,2022-02-14T00:00:00
2736,Richard,Gonzalez,richard.gonzalez2736@cybervault.com,CyberVault,Outbound - SDR,Disqualified,7,,,,2024-03-26T00:00:00
2737,Thomas,Wilson,thomas.wilson2737@scaleupsystems.com,ScaleUp Systems,Inbound - Content,MQL,66,,,,2023-03-26T00:00:00
2738,Charles,Taylor,charles.taylor2738@agiledynamics.com,Agile Dynamics,Event,Nurture,19,,,,2020-11-10T00:00:00
2739,Karen,Hernandez,karen.hernandez2739@truenorthdata.com,TrueNorth Data,Inbound - Webinar,Working,59,,,,2020-07-09T00:00:00
2740,Sarah,Brown,sarah.brown2740@quantumlogiclabs.com,QuantumLogic Labs,Inbound - Webinar,Disqualified,23,,,,2022-07-30T00:00:00
2741,Lisa,Wilson,lisa.wilson2741@cloudscalesystems.com,CloudScale Systems,Event,Nurture,59,,,,2020-07-28T00:00:00
2742,Nancy,Garcia,nancy.garcia2742@cloudscalesystems.com,CloudScale Systems,Inbound - Webinar,New,44,,,,2023-12-21T00:00:00
2743,Lisa,Rodriguez,lisa.rodriguez2743@metasync.com,MetaSync,Product-Led,Nurture,34,,,,2022-12-23T00:00:00
2744,Susan,Anderson,susan.anderson2744@innovateco.com,InnovateCo,Partner Referral,Disqualified,2,,,,2022-06-19T00:00:00
2745,Robert,Davis,robert.davis2745@cybervault.com,CyberVault,Inbound - Content,SQL,58,,,,2022-11-21T00:00:00
2746,Barbara,Martin,barbara.martin2746@quantumlogiclabs.com,QuantumLogic Labs,Partner Referral,Working,51,,,,2023-02-27T00:00:00
2747,Lisa,Jackson,lisa.jackson2747@databridgecorp.com,DataBridge Corp,Paid Search,Working,27,,,,2023-09-29T00:00:00
2748,Susan,Williams,susan.williams2748@cloudscalesystems.com,CloudScale Systems,Product-Led,SQL,-94,,,,2023-04-05T00:00:00
2749,David,Martin,david.martin2749@rapidcloud.com,RapidCloud,Product-Led,Converted,55,3502,103,2024-05-14,2024-02-25T00:00:00
2750,Nancy,Thompson,nancy.thompson2750@corestack.com,CoreStack,Product-Led,MQL,58,,,,2023-03-10T00:00:00
2751,Jessica,Smith,jessica.smith2751@cybervault.com,CyberVault,Paid Search,Disqualified,27,,,,2022-06-28T00:00:00
2752,James,Rodriguez,james.rodriguez2752@insightplatforms.com,Insight Platforms,Partner Referral,New,21,,,,2023-08-14T00:00:00
2753,Robert,Moore,robert.moore2753@insightplatforms.com,Insight Platforms,Paid Search,Nurture,13,,,,2024-04-03T00:00:00
2754,James,Rodriguez,james.rodriguez2754@scaleupsystems.com,ScaleUp Systems,Social Media,Disqualified,11,,,,2021-06-26T00:00:00
2755,Thomas,Martinez,,FutureForge,Outbound - Cold,MQL,79,,,,2023-03-22T00:00:00
2756,James,Rodriguez,james.rodriguez2756@quantumlogiclabs.com,QuantumLogic Labs,Partner Referral,Converted,66,4370,228,2023-04-18,2023-02-13T00:00:00
2757,Christopher,Davis,christopher.davis2757@cybervault.com,CyberVault,Partner Referral,Converted,78,2450,876,2023-07-20,2023-05-19T00:00:00
2758,Jennifer,Williams,jennifer.williams2758@agiledynamics.com,Agile Dynamics,,MQL,74,,,,2024-12-02T00:00:00
2759,James,Lee,james.lee2759@cloudscalesystems.com,CloudScale Systems,Event,Disqualified,25,,,,2022-05-29T00:00:00
2760,Linda,Brown,linda.brown2760@cloudscalesystems.com,CloudScale Systems,Product-Led,Converted,50,4566,266,2024-09-29,2024-09-14T00:00:00
2761,Charles,Martinez,charles.martinez2761@metasync.com,MetaSync,Inbound - Web,MQL,97,,,,2021-11-09T00:00:00
2762,Joseph,Gonzalez,joseph.gonzalez2762@cloudscalesystems.com,CloudScale Systems,,New,39,,,,2024-06-19T00:00:00
2763,Joseph,Miller,joseph.miller2763@brightwavetech.com,BrightWave Tech,Paid Search,Working,13,,,,2022-02-24T00:00:00
2764,Mary,Wilson,mary.wilson2764@brightwavetech.com,BrightWave Tech,Inbound - Webinar,Disqualified,21,,,,2022-05-25T00:00:00
2765,Sarah,Moore,sarah.moore2765@agiledynamics.com,Agile Dynamics,Partner Referral,New,17,,,,2022-12-30T00:00:00
2766,Linda,Thompson,linda.thompson2766@metasync.com,MetaSync,Social Media,New,20,,,,2023-09-09T00:00:00
2767,James,Lopez,james.lopez2767@cybervault.com,CyberVault,Partner Referral,New,-35,,,,2022-10-02T00:00:00
2768,David,Martin,david.martin2768@futureforge.com,FutureForge,Inbound - Webinar,MQL,51,,,,2023-08-01T00:00:00
2769,Richard,Hernandez,richard.hernandez2769@insightplatforms.com,Insight Platforms,Outbound - Cold,Working,49,,,,2022-11-09T00:00:00
2770,Karen,Anderson,karen.anderson2770@metasync.com,MetaSync,Paid Search,Disqualified,30,,,,2024-12-17T00:00:00
2771,Sarah,Moore,sarah.moore2771@innovateco.com,InnovateCo,Inbound - Webinar,Disqualified,8,,,,2024-09-10T00:00:00
2772,Patricia,Martin,patricia.martin2772@corestack.com,CoreStack,Outbound - Cold,Working,29,,,,2022-08-25T00:00:00
2773,Michael,Thomas,michael.thomas2773@metasync.com,MetaSync,Outbound - Cold,New,43,,,,2022-06-07T00:00:00
2774,Nancy,Wilson,nancy.wilson2774@nexgensolutions.com,NexGen Solutions,Event,Disqualified,16,,,,2024-06-07T00:00:00
2775,Mary,Jones,mary.jones2775@pulsepointdigital.com,PulsePoint Digital,Inbound - Web,New,54,,,,2021-12-30T00:00:00
2776,Patricia,Martin,patricia.martin2776@scaleupsystems.com,ScaleUp Systems,Event,SQL,65,,,,2023-05-19T00:00:00
2777,Thomas,Jones,thomas.jones2777@nexgensolutions.com,NexGen Solutions,Inbound - Content,Converted,98,3487,793,2024-05-18,2024-04-11T00:00:00
2778,Michael,Thompson,michael.thompson2778@corestack.com,CoreStack,Partner Referral,SQL,59,,,,2022-10-11T00:00:00
2779,Thomas,Thompson,thomas.thompson2779@quantumlogiclabs.com,QuantumLogic Labs,Social Media,New,54,,,,2020-06-19T00:00:00
2780,Jennifer,Jones,jennifer.jones2780@brightwavetech.com,BrightWave Tech,,MQL,92,,,,2022-01-29T00:00:00
2781,James,Smith,james.smith2781@primepathdigital.com,PrimePath Digital,Inbound - Webinar,Working,32,,,,2024-08-23T00:00:00
2782,John,Anderson,john.anderson2782@agiledynamics.com,Agile Dynamics,Paid Search,Converted,69,1951,124,2023-08-06,2023-07-24T00:00:00
2783,Linda,Brown,linda.brown2783@futureforge.com,FutureForge,Inbound - Webinar,MQL,62,,,,2023-04-21T00:00:00
2784,John,Jones,john.jones2784@innovateco.com,InnovateCo,Outbound - Cold,SQL,81,,,,2021-05-22T00:00:00
2785,Barbara,Williams,barbara.williams2785@techflowinc.com,TechFlow Inc,Outbound - Cold,Disqualified,1,,,,2021-06-18T00:00:00
2786,Jennifer,Anderson,jennifer.anderson2786@brightwavetech.com,BrightWave Tech,Outbound - Cold,MQL,100,,,,2023-11-17T00:00:00
2787,James,Lee,james.lee2787@corestack.com,CoreStack,Inbound - Web,SQL,71,,,,2020-11-10T00:00:00
2788,Sarah,Garcia,sarah.garcia2788@insightplatforms.com,Insight Platforms,Event,SQL,89,,,,2024-04-28T00:00:00
2789,James,Davis,james.davis2789@brightwavetech.com,BrightWave Tech,Inbound - Web,MQL,61,,,,2023-06-06T00:00:00
2790,Linda,Taylor,linda.taylor2790@agiledynamics.com,Agile Dynamics,Outbound - Cold,Working,20,,,,2024-05-19T00:00:00
2791,Elizabeth,Hernandez,elizabeth.hernandez2791@agiledynamics.com,Agile Dynamics,,Disqualified,0,,,,2023-01-14T00:00:00
2792,Daniel,Lopez,,CyberVault,Outbound - SDR,New,55,,,,2023-03-29T00:00:00
2793,Karen,Smith,karen.smith2793@insightplatforms.com,Insight Platforms,Partner Referral,Working,53,,,,2023-08-29T00:00:00
2794,Barbara,Martinez,barbara.martinez2794@techflowinc.com,TechFlow Inc,Product-Led,New,70,,,,2020-04-01T00:00:00
2795,Charles,Taylor,,VertexAI,Partner Referral,Converted,61,173,296,2023-05-09,2023-04-09T00:00:00
2796,William,Martinez,william.martinez2796@streamlineanalytics.com,StreamLine Analytics,Outbound - Cold,New,16,,,,2020-07-17T00:00:00
2797,Richard,Miller,richard.miller2797@pulsepointdigital.com,PulsePoint Digital,Event,Working,51,,,,2022-09-01T00:00:00
2798,Daniel,Smith,daniel.smith2798@nexgensolutions.com,NexGen Solutions,Outbound - SDR,New,64,,,,2022-07-17T00:00:00
2799,Jennifer,Thomas,jennifer.thomas2799@agiledynamics.com,Agile Dynamics,Outbound - SDR,SQL,89,,,,2022-12-12T00:00:00
2800,Susan,Taylor,susan.taylor2800@agiledynamics.com,Agile Dynamics,Outbound - SDR,Nurture,25,,,,2022-06-10T00:00:00
2801,Michael,Gonzalez,michael.gonzalez2801@techflowinc.com,TechFlow Inc,Outbound - Cold,MQL,72,,,,2023-10-17T00:00:00
2802,Mary,Davis,mary.davis2802@agiledynamics.com,Agile Dynamics,Inbound - Webinar,New,10,,,,2023-05-24T00:00:00
2803,Karen,Moore,karen.moore2803@streamlineanalytics.com,StreamLine Analytics,Product-Led,Working,39,,,,2023-01-02T00:00:00
2804,Joseph,Rodriguez,joseph.rodriguez2804@agiledynamics.com,Agile Dynamics,Social Media,Working,24,,,,2022-05-21T00:00:00
2805,Nancy,Garcia,nancy.garcia2805@databridgecorp.com,DataBridge Corp,Outbound - SDR,Nurture,56,,,,2024-08-22T00:00:00
2806,Richard,Moore,richard.moore2806@innovateco.com,InnovateCo,Inbound - Content,Working,39,,,,2020-09-29T00:00:00
2807,Sarah,Wilson,sarah.wilson2807@pulsepointdigital.com,PulsePoint Digital,Event,Nurture,38,,,,2023-02-11T00:00:00
2808,Charles,Taylor,charles.taylor2808@agiledynamics.com,Agile Dynamics,Event,Working,26,,,,2020-11-16T00:00:00
2809,Barbara,Taylor,barbara.taylor2809@metasync.com,MetaSync,Inbound - Content,Nurture,28,,,,2022-05-29T00:00:00
2810,Christopher,Gonzalez,christopher.gonzalez2810@quantumlogiclabs.com,QuantumLogic Labs,Product-Led,Nurture,69,,,,2021-12-25T00:00:00
2811,John,Davis,john.davis2811@databridgecorp.com,DataBridge Corp,Inbound - Web,Disqualified,28,,,,2022-09-25T00:00:00
2812,Mary,Lopez,mary.lopez2812@insightplatforms.com,Insight Platforms,Event,Nurture,44,,,,2020-12-18T00:00:00
2813,Susan,Thomas,susan.thomas2813@cloudscalesystems.com,CloudScale Systems,Product-Led,Converted,66,4325,156,2024-08-31,2024-06-30T00:00:00
2814,Christopher,Brown,,MetaSync,Product-Led,MQL,94,,,,2021-04-26T00:00:00
2815,Elizabeth,Moore,elizabeth.moore2815@metasync.com,MetaSync,Event,Converted,95,697,646,2023-10-02,2023-08-11T00:00:00
2816,John,Davis,john.davis2816@cloudscalesystems.com,CloudScale Systems,Product-Led,Converted,64,154,47,2022-05-08,2022-03-07T00:00:00
2817,Karen,Gonzalez,karen.gonzalez2817@truenorthdata.com,TrueNorth Data,Partner Referral,New,65,,,,2024-07-30T00:00:00
2818,Patricia,Jones,patricia.jones2818@pulsepointdigital.com,PulsePoint Digital,Social Media,Working,42,,,,2024-06-13T00:00:00
2819,Jessica,Garcia,jessica.garcia2819@agiledynamics.com,Agile Dynamics,Inbound - Web,Working,18,,,,2024-11-02T00:00:00
2820,Richard,Moore,richard.moore2820@quantumlogiclabs.com,QuantumLogic Labs,Outbound - SDR,Working,58,,,,2024-12-13T00:00:00
2821,Charles,Martin,charles.martin2821@metasync.com,MetaSync,Outbound - Cold,MQL,79,,,,2021-07-04T00:00:00
2822,Charles,Lopez,charles.lopez2822@metasync.com,MetaSync,Paid Search,New,21,,,,2020-03-17T00:00:00
2823,Jessica,Anderson,jessica.anderson2823@techflowinc.com,TechFlow Inc,Paid Search,Disqualified,6,,,,2020-12-15T00:00:00
2824,Lisa,Lopez,lisa.lopez2824@futureforge.com,FutureForge,Inbound - Web,Working,55,,,,2020-12-21T00:00:00
2825,Thomas,Lee,thomas.lee2825@databridgecorp.com,DataBridge Corp,Paid Search,Converted,92,2928,748,2024-09-15,2024-08-22T00:00:00
2826,Linda,Taylor,linda.taylor2826@futureforge.com,FutureForge,Event,Converted,56,4467,661,2021-06-23,2021-05-31T00:00:00
2827,Richard,Moore,richard.moore2827@quantumlogiclabs.com,QuantumLogic Labs,Inbound - Web,New,10,,,,2022-05-24T00:00:00
2828,Karen,Miller,karen.miller2828@agiledynamics.com,Agile Dynamics,Inbound - Content,Working,57,,,,2024-07-03T00:00:00
2829,Susan,Taylor,susan.taylor2829@cybervault.com,CyberVault,Inbound - Web,Working,67,,,,2022-03-03T00:00:00
2830,John,Davis,john.davis2830@streamlineanalytics.com,StreamLine Analytics,Outbound - Cold,Working,70,,,,2024-12-26T00:00:00
2831,Barbara,Martinez,barbara.martinez2831@techflowinc.com,TechFlow Inc,Partner Referral,SQL,67,,,,2022-08-12T00:00:00
2832,Barbara,Taylor,barbara.taylor2832@innovateco.com,InnovateCo,Inbound - Webinar,MQL,71,,,,2022-06-03T00:00:00
2833,John,Lopez,john.lopez2833@cloudscalesystems.com,CloudScale Systems,Paid Search,Converted,81,843,673,2024-12-03,2024-11-25T00:00:00
2834,Karen,Lee,karen.lee2834@truenorthdata.com,TrueNorth Data,Partner Referral,Nurture,69,,,,2020-04-22T00:00:00
2835,Mary,Garcia,mary.garcia2835@primepathdigital.com,PrimePath Digital,Partner Referral,Converted,98,791,105,2024-01-09,2023-12-14T00:00:00
2836,Mary,Miller,mary.miller2836@metasync.com,MetaSync,Partner Referral,SQL,76,,,,2021-04-17T00:00:00
2837,Jennifer,Gonzalez,jennifer.gonzalez2837@rapidcloud.com,RapidCloud,Outbound - SDR,Converted,80,3723,809,2023-12-11,2023-09-26T00:00:00
2838,David,Martinez,david.martinez2838@insightplatforms.com,Insight Platforms,Partner Referral,Converted,68,2730,345,2024-06-29,2024-05-31T00:00:00
2839,Thomas,Jones,thomas.jones2839@innovateco.com,InnovateCo,Social Media,Working,12,,,,2022-01-26T00:00:00
2840,Joseph,Lee,joseph.lee2840@streamlineanalytics.com,StreamLine Analytics,Inbound - Content,New,19,,,,2024-07-11T00:00:00
2841,Michael,Rodriguez,michael.rodriguez2841@truenorthdata.com,TrueNorth Data,Inbound - Webinar,Converted,68,1476,186,2024-12-08,2024-09-22T00:00:00
2842,John,Miller,john.miller2842@streamlineanalytics.com,StreamLine Analytics,Event,New,17,,,,2020-06-01T00:00:00
2843,David,Lee,david.lee2843@cybervault.com,CyberVault,Outbound - SDR,New,25,,,,2020-08-17T00:00:00
2844,David,Rodriguez,david.rodriguez2844@innovateco.com,InnovateCo,Outbound - SDR,MQL,69,,,,2023-07-25T00:00:00
2845,Daniel,Thompson,daniel.thompson2845@cloudscalesystems.com,CloudScale Systems,Inbound - Content,Converted,67,3951,5,2024-04-22,2024-03-15T00:00:00
2846,Sarah,Martin,sarah.martin2846@primepathdigital.com,PrimePath Digital,Outbound - Cold,SQL,98,,,,2021-08-07T00:00:00
2847,Thomas,Jackson,thomas.jackson2847@insightplatforms.com,Insight Platforms,Product-Led,Nurture,21,,,,2020-01-02T00:00:00
2848,Barbara,Martin,barbara.martin2848@cloudscalesystems.com,CloudScale Systems,Product-Led,Working,22,,,,2021-06-06T00:00:00
2849,Elizabeth,Miller,elizabeth.miller2849@futureforge.com,FutureForge,Paid Search,Converted,63,1685,85,2021-09-14,2021-08-15T00:00:00
2850,Christopher,Martinez,christopher.martinez2850@truenorthdata.com,TrueNorth Data,Outbound - Cold,Working,66,,,,2024-10-25T00:00:00
2851,Linda,Smith,linda.smith2851@streamlineanalytics.com,StreamLine Analytics,Outbound - SDR,Disqualified,5,,,,2020-08-19T00:00:00
2852,Barbara,Lee,barbara.lee2852@agiledynamics.com,Agile Dynamics,Event,MQL,83,,,,2021-11-13T00:00:00
2853,Joseph,Jones,joseph.jones2853@scaleupsystems.com,ScaleUp Systems,Inbound - Web,MQL,76,,,,2024-03-25T00:00:00
2854,John,Martin,john.martin2854@primepathdigital.com,PrimePath Digital,Outbound - SDR,New,10,,,,2021-12-30T00:00:00
2855,Nancy,Wilson,,InnovateCo,Partner Referral,Working,69,,,,2023-10-20T00:00:00
2856,John,Martinez,john.martinez2856@cybervault.com,CyberVault,Inbound - Web,Disqualified,29,,,,2021-02-03T00:00:00
2857,Barbara,Lopez,barbara.lopez2857@rapidcloud.com,RapidCloud,Outbound - Cold,New,49,,,,2024-02-21T00:00:00
2858,Mary,Wilson,mary.wilson,QuantumLogic Labs,Inbound - Webinar,SQL,84,,,,2024-12-16T00:00:00
2859,Daniel,Anderson,daniel.anderson2859@streamlineanalytics.com,StreamLine Analytics,Social Media,MQL,86,,,,2024-01-10T00:00:00
2860,Daniel,Brown,daniel.brown2860@nexgensolutions.com,NexGen Solutions,Inbound - Web,Nurture,51,,,,2024-12-05T00:00:00
2861,James,Taylor,james.taylor2861@vertexai.com,VertexAI,Outbound - SDR,Disqualified,30,,,,2021-08-27T00:00:00
2862,Christopher,Lee,christopher.lee2862@pulsepointdigital.com,PulsePoint Digital,Inbound - Content,Converted,76,1325,176,2024-05-06,2024-03-01T00:00:00
2863,Robert,Johnson,robert.johnson2863@futureforge.com,FutureForge,Outbound - Cold,Working,11,,,,2022-11-23T00:00:00
2864,Barbara,Johnson,barbara.johnson2864@pulsepointdigital.com,PulsePoint Digital,Social Media,MQL,69,,,,2022-04-09T00:00:00
2865,John,Taylor,john.taylor2865@nexgensolutions.com,NexGen Solutions,Inbound - Web,Disqualified,28,,,,2021-08-13T00:00:00
2866,Christopher,Brown,christopher.brown2866@rapidcloud.com,RapidCloud,Inbound - Content,New,40,,,,2020-05-20T00:00:00
2867,Sarah,Thompson,sarah.thompson2867@innovateco.com,InnovateCo,Social Media,Nurture,60,,,,2022-03-03T00:00:00
2868,Jessica,Davis,jessica.davis2868@databridgecorp.com,DataBridge Corp,Inbound - Web,New,25,,,,2022-08-31T00:00:00
2869,John,Jones,john.jones2869@agiledynamics.com,Agile Dynamics,Event,Disqualified,24,,,,2021-08-19T00:00:00
2870,Jessica,Brown,jessica.brown2870@innovateco.com,InnovateCo,Inbound - Web,New,59,,,,2020-11-23T00:00:00
2871,David,Miller,david.miller2871@techflowinc.com,TechFlow Inc,Inbound - Web,MQL,50,,,,2024-04-21T00:00:00
2872,Charles,Johnson,charles.johnson2872@innovateco.com,InnovateCo,Event,Nurture,57,,,,2024-09-21T00:00:00
2873,David,Thomas,david.thomas2873@quantumlogiclabs.com,QuantumLogic Labs,Social Media,New,65,,,,2022-03-26T00:00:00
2874,Michael,Anderson,michael.anderson2874@metasync.com,MetaSync,Outbound - Cold,MQL,77,,,,2024-07-07T00:00:00
2875,Lisa,Gonzalez,lisa.gonzalez2875@insightplatforms.com,Insight Platforms,Inbound - Web,Converted,77,4214,89,2024-02-06,2023-12-29T00:00:00
2876,Barbara,Martin,barbara.martin2876@insightplatforms.com,Insight Platforms,Inbound - Content,Disqualified,-25,,,,2024-08-21T00:00:00
2877,Michael,Johnson,michael.johnson2877@insightplatforms.com,Insight Platforms,Social Media,MQL,56,,,,2020-07-02T00:00:00
2878,William,Davis,william.davis2878@futureforge.com,FutureForge,Inbound - Web,MQL,58,,,,2022-02-12T00:00:00
2879,Christopher,Martin,christopher.martin2879@futureforge.com,FutureForge,Event,Working,55,,,,2021-10-25T00:00:00
2880,James,Johnson,james.johnson2880@brightwavetech.com,BrightWave Tech,Paid Search,Working,44,,,,2021-08-06T00:00:00
2881,Daniel,Moore,daniel.moore2881@primepathdigital.com,PrimePath Digital,Paid Search,Nurture,32,,,,2020-08-14T00:00:00
2882,Nancy,Taylor,nancy.taylor2882@innovateco.com,InnovateCo,Outbound - Cold,SQL,56,,,,2023-10-13T00:00:00
2883,Jennifer,Davis,jennifer.davis2883@scaleupsystems.com,ScaleUp Systems,Inbound - Webinar,Working,15,,,,2020-08-20T00:00:00
2884,Michael,Thompson,michael.thompson2884@nexgensolutions.com,NexGen Solutions,Inbound - Webinar,SQL,52,,,,2023-02-15T00:00:00
2885,Elizabeth,Lopez,elizabeth.lopez2885@cloudscalesystems.com,CloudScale Systems,Outbound - SDR,Converted,92,2748,487,2024-11-10,2024-08-27T00:00:00
2886,Sarah,Johnson,sarah.johnson2886@cybervault.com,CyberVault,Paid Search,Disqualified,10,,,,2022-06-25T00:00:00
2887,Christopher,Martinez,christopher.martinez2887@agiledynamics.com,Agile Dynamics,Partner Referral,Nurture,18,,,,2024-10-01T00:00:00
2888,Lisa,Hernandez,lisa.hernandez2888@nexgensolutions.com,NexGen Solutions,Inbound - Content,Working,39,,,,2024-04-30T00:00:00
2889,Michael,Hernandez,michael.hernandez2889@databridgecorp.com,DataBridge Corp,Outbound - Cold,SQL,51,,,,2020-01-29T00:00:00
2890,Charles,Rodriguez,charles.rodriguez2890@brightwavetech.com,BrightWave Tech,Product-Led,MQL,84,,,,2022-05-20T00:00:00
2891,David,Hernandez,david.hernandez2891@vertexai.com,VertexAI,Outbound - Cold,Disqualified,24,,,,2024-06-03T00:00:00
2892,Robert,Williams,robert.williams2892@truenorthdata.com,TrueNorth Data,Outbound - SDR,Disqualified,16,,,,2020-09-03T00:00:00
2893,Robert,Martin,robert.martin2893@insightplatforms.com,Insight Platforms,Paid Search,Nurture,-65,,,,2024-01-15T00:00:00
2894,James,Martinez,james.martinez2894@innovateco.com,InnovateCo,,New,27,,,,2021-11-27T00:00:00
2895,Lisa,Hernandez,lisa.hernandez2895@cloudscalesystems.com,CloudScale Systems,Inbound - Content,Nurture,44,,,,2021-09-12T00:00:00
2896,Daniel,Rodriguez,daniel.rodriguez2896@insightplatforms.com,Insight Platforms,Inbound - Content,New,65,,,,2022-09-02T00:00:00
2897,Jennifer,Martin,jennifer.martin2897@nexgensolutions.com,NexGen Solutions,Inbound - Web,MQL,84,,,,2024-06-24T00:00:00
2898,Mary,Smith,mary.smith2898@cybervault.com,CyberVault,Inbound - Web,Nurture,69,,,,2022-03-14T00:00:00
2899,Robert,Williams,robert.williams2899@techflowinc.com,TechFlow Inc,Inbound - Web,SQL,86,,,,2020-05-30T00:00:00
2900,John,Brown,john.brown2900@corestack.com,CoreStack,Inbound - Content,SQL,97,,,,2024-04-28T00:00:00
2901,Susan,Moore,susan.moore2901@rapidcloud.com,RapidCloud,Inbound - Content,Working,59,,,,2021-06-04T00:00:00
2902,James,Miller,james.miller2902@corestack.com,CoreStack,Outbound - SDR,New,20,,,,2021-12-21T00:00:00
2903,Christopher,Thomas,christopher.thomas2903@rapidcloud.com,RapidCloud,Inbound - Web,Working,28,,,,2024-08-26T00:00:00
2904,Michael,Davis,michael.davis2904@techflowinc.com,TechFlow Inc,Inbound - Web,SQL,63,,,,2021-03-23T00:00:00
2905,John,Miller,john.miller2905@metasync.com,MetaSync,Inbound - Content,Working,51,,,,2022-12-30T00:00:00
2906,Sarah,Jackson,sarah.jackson2906@techflowinc.com,TechFlow Inc,Outbound - SDR,New,24,,,,2024-01-23T00:00:00
2907,Christopher,Jackson,christopher.jackson2907@metasync.com,MetaSync,Outbound - Cold,New,22,,,,2021-07-06T00:00:00
2908,Daniel,Moore,daniel.moore2908@databridgecorp.com,DataBridge Corp,Inbound - Webinar,SQL,97,,,,2023-06-28T00:00:00
2909,Charles,Wilson,charles.wilson2909@primepathdigital.com,PrimePath Digital,Inbound - Web,MQL,98,,,,2021-10-03T00:00:00
2910,Lisa,Thomas,lisa.thomas2910@agiledynamics.com,Agile Dynamics,Paid Search,MQL,75,,,,2021-04-24T00:00:00
2911,Michael,Rodriguez,michael.rodriguez2911@streamlineanalytics.com,StreamLine Analytics,Inbound - Web,Disqualified,17,,,,2022-11-15T00:00:00
2912,Michael,Johnson,michael.johnson2912@scaleupsystems.com,ScaleUp Systems,Inbound - Webinar,Working,18,,,,2020-05-01T00:00:00
2913,Michael,Hernandez,michael.hernandez2913@nexgensolutions.com,NexGen Solutions,Social Media,Working,12,,,,2022-06-18T00:00:00
2914,Richard,Davis,richard.davis,TechFlow Inc,Outbound - Cold,Working,25,,,,2024-05-26T00:00:00
2915,Daniel,Miller,daniel.miller2915@nexgensolutions.com,NexGen Solutions,Social Media,MQL,80,,,,2023-05-31T00:00:00
2916,Joseph,Wilson,joseph.wilson2916@agiledynamics.com,Agile Dynamics,Inbound - Webinar,Converted,71,1110,255,2021-10-05,2021-09-09T00:00:00
2917,Daniel,Moore,daniel.moore2917@nexgensolutions.com,NexGen Solutions,Product-Led,New,62,,,,2024-03-28T00:00:00
2918,Linda,Jones,linda.jones2918@innovateco.com,InnovateCo,Partner Referral,Nurture,15,,,,2024-04-12T00:00:00
2919,Patricia,Taylor,patricia.taylor2919@quantumlogiclabs.com,QuantumLogic Labs,Product-Led,MQL,70,,,,2021-04-13T00:00:00
2920,Jessica,Miller,jessica.miller2920@rapidcloud.com,RapidCloud,Outbound - SDR,New,22,,,,2022-12-14T00:00:00
2921,William,Lee,william.lee2921@insightplatforms.com,Insight Platforms,Event,Converted,82,766,259,2024-11-05,2024-08-21T00:00:00
2922,Mary,Hernandez,mary.hernandez2922@agiledynamics.com,Agile Dynamics,Outbound - Cold,Working,62,,,,2021-08-29T00:00:00
2923,Jessica,Garcia,jessica.garcia2923@truenorthdata.com,TrueNorth Data,Inbound - Content,Nurture,15,,,,2021-05-26T00:00:00
2924,Nancy,Lee,nancy.lee2924@cybervault.com,CyberVault,Outbound - SDR,Nurture,34,,,,2021-09-14T00:00:00
2925,Charles,Thomas,charles.thomas2925@agiledynamics.com,Agile Dynamics,Product-Led,Nurture,40,,,,2022-01-26T00:00:00
2926,Lisa,Brown,lisa.brown2926@quantumlogiclabs.com,QuantumLogic Labs,Event,New,20,,,,2024-05-17T00:00:00
2927,Joseph,Williams,joseph.williams2927@cloudscalesystems.com,CloudScale Systems,Outbound - SDR,Converted,80,691,854,2023-02-22,2023-01-14T00:00:00
2928,Michael,Hernandez,michael.hernandez2928@truenorthdata.com,TrueNorth Data,Social Media,Disqualified,3,,,,2023-03-09T00:00:00
2929,James,Garcia,james.garcia2929@cloudscalesystems.com,CloudScale Systems,Outbound - Cold,Converted,69,4850,70,2024-02-12,2024-01-08T00:00:00
2930,Karen,Brown,karen.brown2930@insightplatforms.com,Insight Platforms,Event,Nurture,54,,,,2022-01-17T00:00:00
2931,Lisa,Lee,lisa.lee2931@metasync.com,MetaSync,Outbound - Cold,Disqualified,4,,,,2020-12-08T00:00:00
2932,Jennifer,Martin,jennifer.martin2932@insightplatforms.com,Insight Platforms,Inbound - Web,New,61,,,,2021-08-15T00:00:00
2933,Karen,Wilson,karen.wilson2933@metasync.com,MetaSync,Inbound - Webinar,SQL,71,,,,2023-08-28T00:00:00
2934,Charles,Martin,charles.martin2934@primepathdigital.com,PrimePath Digital,Inbound - Content,New,65,,,,2023-08-10T00:00:00
2935,John,Martin,john.martin2935@metasync.com,MetaSync,Partner Referral,MQL,64,,,,2023-05-27T00:00:00
2936,Michael,Jones,michael.jones2936@innovateco.com,InnovateCo,Product-Led,Working,52,,,,2022-01-14T00:00:00
2937,James,Brown,james.brown2937@insightplatforms.com,Insight Platforms,Inbound - Web,Working,41,,,,2021-12-20T00:00:00
2938,Christopher,Johnson,christopher.johnson2938@streamlineanalytics.com,StreamLine Analytics,Inbound - Webinar,Nurture,46,,,,2021-05-24T00:00:00
2939,Joseph,Brown,joseph.brown2939@insightplatforms.com,Insight Platforms,Paid Search,SQL,70,,,,2020-09-14T00:00:00
2940,Robert,Garcia,robert.garcia2940@techflowinc.com,TechFlow Inc,Inbound - Webinar,Converted,-62,1950,327,2024-07-03,2024-06-05T00:00:00
2941,David,Williams,david.williams2941@cloudscalesystems.com,CloudScale Systems,,SQL,74,,,,2022-06-20T00:00:00
2942,Christopher,Gonzalez,christopher.gonzalez2942@insightplatforms.com,Insight Platforms,Outbound - SDR,Working,21,,,,2023-06-03T00:00:00
2943,Thomas,Williams,thomas.williams2943@rapidcloud.com,RapidCloud,Inbound - Webinar,Nurture,10,,,,2022-06-19T00:00:00
2944,Susan,Martin,susan.martin2944@corestack.com,CoreStack,Outbound - Cold,MQL,74,,,,2022-11-18T00:00:00
2945,Susan,Miller,,PulsePoint Digital,Product-Led,Converted,97,146,94,2024-04-27,2024-02-28T00:00:00
2946,Robert,Wilson,robert.wilson2946@scaleupsystems.com,ScaleUp Systems,Paid Search,Working,65,,,,2024-01-26T00:00:00
2947,Patricia,Jackson,patricia.jackson2947@streamlineanalytics.com,StreamLine Analytics,,New,-18,,,,2020-05-23T00:00:00
2948,Barbara,Taylor,barbara.taylor2948@insightplatforms.com,Insight Platforms,Inbound - Content,Working,64,,,,2022-07-22T00:00:00
2949,Robert,Martin,robert.martin2949@corestack.com,CoreStack,Inbound - Web,Converted,84,4465,673,2022-03-12,2022-02-19T00:00:00
2950,Jennifer,Wilson,jennifer.wilson2950@agiledynamics.com,Agile Dynamics,Outbound - Cold,New,43,,,,2023-07-12T00:00:00
2951,Jennifer,Brown,jennifer.brown,PrimePath Digital,Inbound - Web,Converted,88,4162,434,2024-09-18,2024-08-18T00:00:00
2952,Daniel,Moore,daniel.moore2952@innovateco.com,InnovateCo,Outbound - SDR,MQL,68,,,,2023-01-28T00:00:00
2953,Mary,Anderson,mary.anderson2953@techflowinc.com,TechFlow Inc,Inbound - Webinar,SQL,81,,,,2023-12-10T00:00:00
2954,William,Williams,william.williams2954@rapidcloud.com,RapidCloud,Inbound - Webinar,SQL,73,,,,2024-09-12T00:00:00
2955,Linda,Miller,linda.miller2955@techflowinc.com,TechFlow Inc,Inbound - Webinar,New,23,,,,2024-10-12T00:00:00
2956,Lisa,Davis,lisa.davis2956@innovateco.com,InnovateCo,Product-Led,Nurture,55,,,,2022-12-07T00:00:00
2957,Elizabeth,Williams,elizabeth.williams2957@scaleupsystems.com,ScaleUp Systems,Paid Search,MQL,99,,,,2023-06-12T00:00:00
2958,James,Anderson,james.anderson2958@metasync.com,MetaSync,Inbound - Web,SQL,65,,,,2020-05-11T00:00:00
2959,Mary,Martin,mary.martin2959@truenorthdata.com,TrueNorth Data,Inbound - Webinar,Nurture,47,,,,2020-03-16T00:00:00
2960,Lisa,Wilson,lisa.wilson2960@primepathdigital.com,PrimePath Digital,Product-Led,New,25,,,,2020-09-13T00:00:00
2961,Jennifer,Taylor,jennifer.taylor2961@scaleupsystems.com,ScaleUp Systems,Outbound - SDR,Working,19,,,,2020-03-05T00:00:00
2962,Barbara,Thompson,barbara.thompson2962@scaleupsystems.com,ScaleUp Systems,Inbound - Content,MQL,71,,,,2023-01-26T00:00:00
2963,Sarah,Lopez,sarah.lopez2963@metasync.com,MetaSync,Inbound - Webinar,Converted,55,1822,365,2024-12-22,2024-10-08T00:00:00
2964,David,Wilson,david.wilson2964@rapidcloud.com,RapidCloud,Inbound - Content,Converted,86,3559,175,2024-03-09,2024-02-13T00:00:00
2965,William,Wilson,william.wilson2965@futureforge.com,FutureForge,Product-Led,SQL,57,,,,2020-11-15T00:00:00
2966,Patricia,Garcia,patricia.garcia2966@agiledynamics.com,Agile Dynamics,Partner Referral,New,17,,,,2022-07-31T00:00:00
2967,Karen,Martinez,karen.martinez2967@futureforge.com,FutureForge,Partner Referral,Disqualified,16,,,,2024-02-11T00:00:00
2968,James,Jackson,james.jackson2968@truenorthdata.com,TrueNorth Data,Inbound - Content,SQL,62,,,,2022-03-12T00:00:00
2969,Barbara,Miller,barbara.miller2969@vertexai.com,VertexAI,Inbound - Web,Nurture,59,,,,2021-08-27T00:00:00
2970,David,Taylor,david.taylor2970@databridgecorp.com,DataBridge Corp,Social Media,MQL,75,,,,2021-05-01T00:00:00
2971,Linda,Thompson,linda.thompson2971@scaleupsystems.com,ScaleUp Systems,,Converted,61,3914,613,2022-12-15,2022-10-31T00:00:00
2972,John,Miller,john.miller2972@pulsepointdigital.com,PulsePoint Digital,Social Media,New,25,,,,2024-10-23T00:00:00
2973,Charles,Johnson,charles.johnson2973@primepathdigital.com,PrimePath Digital,Inbound - Web,Nurture,34,,,,2020-08-30T00:00:00
2974,Robert,Miller,robert.miller2974@primepathdigital.com,PrimePath Digital,Product-Led,Converted,90,4447,159,2023-01-06,2022-11-27T00:00:00
2975,Christopher,Anderson,christopher.anderson2975@futureforge.com,FutureForge,Partner Referral,Converted,65,1970,644,2023-09-03,2023-07-03T00:00:00
2976,Elizabeth,Rodriguez,elizabeth.rodriguez2976@truenorthdata.com,TrueNorth Data,Outbound - SDR,MQL,90,,,,2023-12-10T00:00:00
2977,Jennifer,Gonzalez,jennifer.gonzalez2977@metasync.com,MetaSync,Social Media,Working,46,,,,2022-10-21T00:00:00
2978,John,Williams,john.williams2978@scaleupsystems.com,ScaleUp Systems,Paid Search,Working,35,,,,2023-01-22T00:00:00
2979,Lisa,Garcia,lisa.garcia2979@cloudscalesystems.com,CloudScale Systems,Inbound - Webinar,MQL,91,,,,2023-06-21T00:00:00
2980,Daniel,Jackson,daniel.jackson2980@agiledynamics.com,Agile Dynamics,Outbound - Cold,MQL,50,,,,2023-04-11T00:00:00
2981,Barbara,Martinez,barbara.martinez2981@primepathdigital.com,PrimePath Digital,Inbound - Content,MQL,89,,,,2021-06-25T00:00:00
2982,Michael,Brown,michael.brown2982@metasync.com,MetaSync,Product-Led,SQL,61,,,,2023-10-05T00:00:00
2983,Sarah,Gonzalez,sarah.gonzalez2983@databridgecorp.com,DataBridge Corp,Inbound - Web,Working,65,,,,2021-07-24T00:00:00
2984,Susan,Miller,susan.miller2984@truenorthdata.com,TrueNorth Data,Social Media,MQL,56,,,,2021-01-07T00:00:00
2985,Robert,Wilson,robert.wilson2985@pulsepointdigital.com,PulsePoint Digital,Outbound - Cold,SQL,79,,,,2024-10-25T00:00:00
2986,Mary,Smith,mary.smith2986@scaleupsystems.com,ScaleUp Systems,Inbound - Web,Nurture,34,,,,2024-05-20T00:00:00
2987,John,Williams,john.williams2987@scaleupsystems.com,ScaleUp Systems,Product-Led,Converted,51,4308,482,2023-08-03,2023-06-01T00:00:00
2988,Thomas,Thompson,thomas.thompson2988@truenorthdata.com,TrueNorth Data,Social Media,MQL,96,,,,2022-03-24T00:00:00
2989,Christopher,Martin,christopher.martin2989@pulsepointdigital.com,PulsePoint Digital,Inbound - Web,Disqualified,22,,,,2020-03-26T00:00:00
2990,Patricia,Smith,,Insight Platforms,Inbound - Webinar,Working,27,,,,2022-09-13T00:00:00
2991,Barbara,Rodriguez,,Insight Platforms,Inbound - Content,MQL,62,,,,2021-06-04T00:00:00
2992,Susan,Jones,susan.jones2992@brightwavetech.com,BrightWave Tech,Inbound - Webinar,Working,21,,,,2021-06-02T00:00:00
2993,Jennifer,Martin,jennifer.martin2993@metasync.com,MetaSync,Inbound - Content,Working,16,,,,2023-01-23T00:00:00
2994,Jessica,Gonzalez,jessica.gonzalez2994@metasync.com,MetaSync,Social Media,SQL,62,,,,2020-02-28T00:00:00
2995,Jessica,Miller,jessica.miller2995@agiledynamics.com,Agile Dynamics,Paid Search,Converted,57,1486,511,2024-12-18,2024-11-13T00:00:00
2996,Christopher,Thompson,christopher.thompson2996@insightplatforms.com,Insight Platforms,Event,Working,45,,,,2020-12-17T00:00:00
2997,James,Gonzalez,james.gonzalez2997@nexgensolutions.com,NexGen Solutions,Outbound - SDR,Nurture,14,,,,2021-07-04T00:00:00
2998,Christopher,Gonzalez,christopher.gonzalez2998@cloudscalesystems.com,CloudScale Systems,,Converted,77,2028,853,2024-07-22,2024-07-22T00:00:00
2999,Richard,Smith,richard.smith2999@pulsepointdigital.com,PulsePoint Digital,Inbound - Web,SQL,68,,,,2022-09-24T00:00:00
3000,William,Wilson,william.wilson3000@quantumlogiclabs.com,QuantumLogic Labs,Outbound - SDR,Working,26,,,,2021-07-27T00:00:00
3001,Barbara,Martinez,barbara.martinez3001@cloudscalesystems.com,CloudScale Systems,,Converted,80,1531,469,2024-06-02,2024-03-30T00:00:00
3002,Linda,Williams,linda.williams3002@cybervault.com,CyberVault,Partner Referral,Converted,60,22,773,2024-10-29,2024-10-19T00:00:00
3003,Christopher,Thompson,christopher.thompson3003@cybervault.com,CyberVault,Inbound - Webinar,SQL,65,,,,2024-09-01T00:00:00
3004,Nancy,Miller,nancy.miller3004@innovateco.com,InnovateCo,Inbound - Web,Nurture,13,,,,2022-04-01T00:00:00
3005,Nancy,Anderson,nancy.anderson3005@scaleupsystems.com,ScaleUp Systems,Outbound - Cold,MQL,97,,,,2020-10-17T00:00:00
3006,Christopher,Moore,christopher.moore3006@pulsepointdigital.com,PulsePoint Digital,Inbound - Content,New,45,,,,2023-11-21T00:00:00
3007,James,Rodriguez,james.rodriguez3007@brightwavetech.com,BrightWave Tech,Event,Converted,91,1904,166,2024-06-04,2024-06-01T00:00:00
3008,David,Lee,david.lee3008@insightplatforms.com,Insight Platforms,Social Media,Working,67,,,,2023-09-26T00:00:00
3009,Robert,Miller,robert.miller3009@techflowinc.com,TechFlow Inc,Product-Led,Working,61,,,,2021-08-26T00:00:00
3010,Karen,Davis,karen.davis3010@brightwavetech.com,BrightWave Tech,Event,Disqualified,20,,,,2024-12-02T00:00:00
3011,Barbara,Jones,barbara.jones,QuantumLogic Labs,Inbound - Web,Working,10,,,,2020-03-09T00:00:00
3012,Susan,Rodriguez,susan.rodriguez3012@quantumlogiclabs.com,QuantumLogic Labs,Paid Search,Converted,-70,3938,487,2024-11-12,2024-11-11T00:00:00
3013,Joseph,Anderson,joseph.anderson3013@nexgensolutions.com,NexGen Solutions,Outbound - SDR,SQL,79,,,,2021-08-29T00:00:00
3014,Michael,Thomas,michael.thomas3014@cloudscalesystems.com,CloudScale Systems,Inbound - Web,Working,58,,,,2020-01-09T00:00:00
3015,Elizabeth,Lee,elizabeth.lee3015@metasync.com,MetaSync,Outbound - SDR,Disqualified,11,,,,2021-07-20T00:00:00
3016,Karen,Anderson,karen.anderson3016@futureforge.com,FutureForge,Paid Search,MQL,71,,,,2022-07-27T00:00:00
3017,William,Jackson,william.jackson3017@corestack.com,CoreStack,Outbound - SDR,Disqualified,-9,,,,2022-11-21T00:00:00
3018,Karen,Wilson,,CloudScale Systems,Inbound - Web,MQL,51,,,,2022-09-13T00:00:00
3019,Elizabeth,Williams,elizabeth.williams3019@rapidcloud.com,RapidCloud,Inbound - Web,Working,32,,,,2022-07-21T00:00:00
3020,Sarah,Jones,sarah.jones3020@primepathdigital.com,PrimePath Digital,Inbound - Content,Converted,88,2607,38,2024-12-06,2024-10-12T00:00:00
3021,Barbara,Thompson,barbara.thompson3021@agiledynamics.com,Agile Dynamics,Outbound - SDR,SQL,80,,,,2021-03-19T00:00:00
3022,Jessica,Brown,jessica.brown3022@streamlineanalytics.com,StreamLine Analytics,Event,Working,52,,,,2024-05-29T00:00:00
3023,Elizabeth,Miller,elizabeth.miller3023@futureforge.com,FutureForge,Product-Led,Working,44,,,,2022-02-13T00:00:00
3024,Lisa,Garcia,lisa.garcia3024@brightwavetech.com,BrightWave Tech,Outbound - Cold,Nurture,26,,,,2021-02-19T00:00:00
3025,Michael,Miller,michael.miller3025@futureforge.com,FutureForge,Product-Led,Working,55,,,,2023-04-27T00:00:00
3026,Richard,Smith,richard.smith3026@futureforge.com,FutureForge,Outbound - Cold,MQL,59,,,,2022-02-25T00:00:00
3027,Richard,Rodriguez,richard.rodriguez3027@databridgecorp.com,DataBridge Corp,Partner Referral,New,70,,,,2024-02-16T00:00:00
3028,Linda,Garcia,linda.garcia3028@vertexai.com,VertexAI,Product-Led,Nurture,26,,,,2024-06-05T00:00:00
3029,Robert,Lee,robert.lee3029@truenorthdata.com,TrueNorth Data,Inbound - Webinar,New,20,,,,2023-09-25T00:00:00
3030,Linda,Thomas,linda.thomas3030@agiledynamics.com,Agile Dynamics,Social Media,MQL,-87,,,,2024-04-25T00:00:00
3031,Karen,Martin,karen.martin3031@rapidcloud.com,RapidCloud,Outbound - Cold,Nurture,35,,,,2021-07-13T00:00:00
3032,Linda,Jackson,linda.jackson3032@pulsepointdigital.com,PulsePoint Digital,Outbound - SDR,Nurture,19,,,,2021-12-07T00:00:00
3033,David,Hernandez,david.hernandez3033@rapidcloud.com,RapidCloud,Product-Led,Nurture,50,,,,2020-11-26T00:00:00
3034,Nancy,Davis,nancy.davis3034@databridgecorp.com,DataBridge Corp,Event,SQL,96,,,,2022-03-17T00:00:00
3035,Richard,Smith,richard.smith3035@rapidcloud.com,RapidCloud,Paid Search,New,39,,,,2024-11-23T00:00:00
3036,Daniel,Smith,daniel.smith3036@techflowinc.com,TechFlow Inc,Partner Referral,Converted,96,2650,989,2023-09-10,2023-07-29T00:00:00
3037,Sarah,Lee,sarah.lee3037@agiledynamics.com,Agile Dynamics,Inbound - Webinar,New,53,,,,2021-11-01T00:00:00
3038,Richard,Gonzalez,richard.gonzalez3038@insightplatforms.com,Insight Platforms,Product-Led,Converted,62,3888,166,2024-09-24,2024-07-22T00:00:00
3039,Patricia,Brown,patricia.brown3039@quantumlogiclabs.com,QuantumLogic Labs,,Converted,83,2653,169,2022-08-02,2022-05-18T00:00:00
3040,Daniel,Gonzalez,daniel.gonzalez3040@corestack.com,CoreStack,Social Media,New,32,,,,2022-12-26T00:00:00
3041,Robert,Brown,robert.brown3041@databridgecorp.com,DataBridge Corp,Inbound - Web,New,68,,,,2024-12-23T00:00:00
3042,Joseph,Moore,joseph.moore3042@vertexai.com,VertexAI,Paid Search,SQL,68,,,,2020-10-29T00:00:00
3043,David,Lee,david.lee,FutureForge,Event,Nurture,66,,,,2020-04-18T00:00:00
3044,William,Thompson,william.thompson3044@truenorthdata.com,TrueNorth Data,Inbound - Content,MQL,99,,,,2024-10-02T00:00:00
3045,Nancy,Jackson,nancy.jackson3045@rapidcloud.com,RapidCloud,Partner Referral,MQL,76,,,,2023-09-08T00:00:00
3046,David,Miller,david.miller3046@databridgecorp.com,DataBridge Corp,Inbound - Web,Converted,89,3269,797,2024-06-29,2024-06-12T00:00:00
3047,Karen,Taylor,karen.taylor3047@agiledynamics.com,Agile Dynamics,Event,MQL,92,,,,2024-09-06T00:00:00
3048,Richard,Martin,richard.martin3048@innovateco.com,InnovateCo,Paid Search,MQL,97,,,,2024-10-24T00:00:00
3049,David,Martin,david.martin3049@cybervault.com,CyberVault,,MQL,86,,,,2022-05-11T00:00:00
3050,Jessica,Thompson,jessica.thompson3050@primepathdigital.com,PrimePath Digital,Outbound - Cold,MQL,51,,,,2024-07-03T00:00:00
3051,Susan,Jones,susan.jones3051@insightplatforms.com,Insight Platforms,Paid Search,Nurture,50,,,,2020-12-12T00:00:00
3052,Thomas,Wilson,thomas.wilson3052@futureforge.com,FutureForge,Event,MQL,62,,,,2024-06-29T00:00:00
3053,William,Lee,william.lee3053@corestack.com,CoreStack,Outbound - SDR,SQL,61,,,,2024-11-06T00:00:00
3054,Robert,Anderson,robert.anderson3054@nexgensolutions.com,NexGen Solutions,Inbound - Web,Converted,83,2431,939,2024-08-25,2024-07-17T00:00:00
3055,William,Martin,william.martin3055@scaleupsystems.com,ScaleUp Systems,Paid Search,Disqualified,19,,,,2023-02-11T00:00:00
3056,Joseph,Williams,joseph.williams3056@techflowinc.com,TechFlow Inc,Outbound - Cold,Nurture,28,,,,2024-12-26T00:00:00
3057,Linda,Lopez,linda.lopez3057@nexgensolutions.com,NexGen Solutions,Outbound - SDR,Converted,97,2902,676,2022-01-07,2021-10-29T00:00:00
3058,Christopher,Jackson,christopher.jackson3058@streamlineanalytics.com,StreamLine Analytics,Outbound - Cold,Disqualified,27,,,,2024-11-21T00:00:00
3059,Patricia,Lopez,patricia.lopez3059@insightplatforms.com,Insight Platforms,Outbound - SDR,Disqualified,17,,,,2022-01-02T00:00:00
3060,Richard,Martinez,richard.martinez3060@pulsepointdigital.com,PulsePoint Digital,Outbound - SDR,Working,11,,,,2020-01-07T00:00:00
3061,Daniel,Smith,,NexGen Solutions,Inbound - Web,SQL,56,,,,2022-03-22T00:00:00
3062,Lisa,Lopez,lisa.lopez3062@scaleupsystems.com,ScaleUp Systems,Paid Search,New,67,,,,2021-06-11T00:00:00
3063,Nancy,Jackson,nancy.jackson3063@cybervault.com,CyberVault,Paid Search,SQL,97,,,,2024-11-03T00:00:00
3064,Thomas,Miller,thomas.miller3064@streamlineanalytics.com,StreamLine Analytics,Inbound - Web,Converted,69,3139,81,2024-10-16,2024-08-04T00:00:00
3065,Susan,Martin,susan.martin3065@nexgensolutions.com,NexGen Solutions,Social Media,SQL,82,,,,2023-08-23T00:00:00
3066,Susan,Rodriguez,susan.rodriguez3066@brightwavetech.com,BrightWave Tech,Event,New,16,,,,2024-12-03T00:00:00
3067,Michael,Johnson,michael.johnson3067@futureforge.com,FutureForge,Outbound - SDR,MQL,96,,,,2021-05-23T00:00:00
3068,Jessica,Anderson,jessica.anderson3068@vertexai.com,VertexAI,Inbound - Web,Nurture,69,,,,2024-04-28T00:00:00
3069,Christopher,Gonzalez,christopher.gonzalez3069@futureforge.com,FutureForge,Inbound - Webinar,Working,56,,,,2020-11-06T00:00:00
3070,Karen,Hernandez,karen.hernandez3070@brightwavetech.com,BrightWave Tech,Social Media,SQL,97,,,,2022-06-10T00:00:00
3071,Barbara,Anderson,,TechFlow Inc,Inbound - Content,Converted,59,4241,60,2024-08-25,2024-06-17T00:00:00
3072,Daniel,Jones,daniel.jones3072@agiledynamics.com,Agile Dynamics,Inbound - Web,Working,21,,,,2020-03-01T00:00:00
3073,Michael,Davis,michael.davis3073@metasync.com,MetaSync,Outbound - SDR,Converted,86,4854,843,2024-11-09,2024-10-21T00:00:00
3074,Patricia,Williams,patricia.williams3074@agiledynamics.com,Agile Dynamics,Product-Led,Converted,77,73,780,2024-08-25,2024-06-23T00:00:00
3075,Sarah,Taylor,sarah.taylor3075@vertexai.com,VertexAI,Inbound - Content,MQL,74,,,,2021-10-23T00:00:00
3076,Nancy,Jackson,nancy.jackson3076@databridgecorp.com,DataBridge Corp,Paid Search,Nurture,33,,,,2020-04-01T00:00:00
3077,Barbara,Lee,barbara.lee3077@truenorthdata.com,TrueNorth Data,Product-Led,Nurture,24,,,,2021-08-22T00:00:00
3078,Elizabeth,Brown,elizabeth.brown3078@primepathdigital.com,PrimePath Digital,Paid Search,SQL,80,,,,2020-07-12T00:00:00
3079,Elizabeth,Thompson,elizabeth.thompson3079@scaleupsystems.com,ScaleUp Systems,Social Media,MQL,61,,,,2024-05-03T00:00:00
3080,John,Miller,john.miller3080@corestack.com,CoreStack,Inbound - Web,MQL,78,,,,2023-08-17T00:00:00
3081,Barbara,Moore,barbara.moore3081@quantumlogiclabs.com,QuantumLogic Labs,Outbound - SDR,Disqualified,29,,,,2024-04-04T00:00:00
3082,James,Gonzalez,james.gonzalez3082@cybervault.com,CyberVault,Paid Search,MQL,74,,,,2024-09-28T00:00:00
3083,Barbara,Smith,barbara.smith3083@truenorthdata.com,TrueNorth Data,Inbound - Content,Converted,78,4360,827,2024-05-24,2024-03-09T00:00:00
3084,David,Martinez,david.martinez3084@rapidcloud.com,RapidCloud,Outbound - SDR,New,46,,,,2021-10-12T00:00:00
3085,Richard,Davis,richard.davis3085@rapidcloud.com,RapidCloud,Inbound - Web,Nurture,49,,,,2022-03-08T00:00:00
3086,Barbara,Thompson,barbara.thompson3086@streamlineanalytics.com,StreamLine Analytics,Product-Led,MQL,91,,,,2020-02-01T00:00:00
3087,Richard,Hernandez,richard.hernandez3087@vertexai.com,VertexAI,Social Media,MQL,53,,,,2020-10-17T00:00:00
3088,John,Martinez,john.martinez3088@primepathdigital.com,PrimePath Digital,Inbound - Web,Disqualified,25,,,,2024-06-22T00:00:00
3089,Joseph,Lee,,BrightWave Tech,Event,Working,55,,,,2021-09-28T00:00:00
3090,Joseph,Miller,joseph.miller3090@corestack.com,CoreStack,Partner Referral,Converted,50,1529,804,2023-05-23,2023-03-02T00:00:00
3091,Patricia,Thomas,patricia.thomas3091@vertexai.com,VertexAI,Paid Search,Nurture,13,,,,2020-01-07T00:00:00
3092,John,Lee,john.lee3092@agiledynamics.com,Agile Dynamics,Inbound - Content,SQL,88,,,,2024-01-14T00:00:00
3093,Nancy,Hernandez,nancy.hernandez3093@brightwavetech.com,BrightWave Tech,Event,Converted,83,788,336,2024-01-19,2024-01-02T00:00:00
3094,Daniel,Rodriguez,daniel.rodriguez3094@cloudscalesystems.com,CloudScale Systems,Event,MQL,94,,,,2024-03-07T00:00:00
3095,Richard,Jones,richard.jones3095@streamlineanalytics.com,StreamLine Analytics,Social Media,New,59,,,,2020-07-26T00:00:00
3096,Daniel,Taylor,daniel.taylor3096@pulsepointdigital.com,PulsePoint Digital,Social Media,Disqualified,21,,,,2024-01-18T00:00:00
3097,Patricia,Davis,patricia.davis3097@cloudscalesystems.com,CloudScale Systems,Paid Search,MQL,50,,,,2022-07-31T00:00:00
3098,Linda,Hernandez,linda.hernandez3098@metasync.com,MetaSync,Inbound - Web,New,44,,,,2022-03-10T00:00:00
3099,Karen,Moore,karen.moore,TechFlow Inc,Paid Search,MQL,78,,,,2023-12-22T00:00:00
3100,Charles,Jones,charles.jones3100@primepathdigital.com,PrimePath Digital,Social Media,New,20,,,,2021-12-12T00:00:00
3101,Richard,Lopez,richard.lopez3101@streamlineanalytics.com,StreamLine Analytics,Paid Search,Disqualified,5,,,,2020-02-29T00:00:00
3102,James,Garcia,james.garcia3102@primepathdigital.com,PrimePath Digital,Inbound - Web,Working,46,,,,2021-03-04T00:00:00
3103,Nancy,Taylor,,NexGen Solutions,Inbound - Content,SQL,54,,,,2020-06-15T00:00:00
3104,Mary,Martin,mary.martin3104@scaleupsystems.com,ScaleUp Systems,,New,31,,,,2020-07-27T00:00:00
3105,James,Garcia,james.garcia3105@innovateco.com,InnovateCo,Social Media,Nurture,55,,,,2021-04-21T00:00:00
3106,Daniel,Johnson,daniel.johnson3106@truenorthdata.com,TrueNorth Data,Outbound - Cold,Converted,53,1351,743,2023-09-12,2023-08-07T00:00:00
3107,Joseph,Smith,joseph.smith3107@futureforge.com,FutureForge,Inbound - Content,Converted,57,2067,602,2024-09-28,2024-09-11T00:00:00
3108,David,Garcia,david.garcia3108@brightwavetech.com,BrightWave Tech,Partner Referral,Nurture,65,,,,2021-12-21T00:00:00
3109,Robert,Smith,robert.smith3109@vertexai.com,VertexAI,Product-Led,New,13,,,,2020-03-16T00:00:00
3110,Michael,Thompson,michael.thompson3110@quantumlogiclabs.com,QuantumLogic Labs,Partner Referral,Converted,50,3581,257,2020-07-27,2020-05-22T00:00:00
3111,William,Lopez,william.lopez3111@nexgensolutions.com,NexGen Solutions,Outbound - SDR,MQL,66,,,,2023-06-12T00:00:00
3112,Karen,Lee,karen.lee3112@quantumlogiclabs.com,QuantumLogic Labs,Inbound - Web,SQL,100,,,,2023-05-04T00:00:00
3113,John,Anderson,john.anderson3113@streamlineanalytics.com,StreamLine Analytics,Outbound - Cold,MQL,73,,,,2021-04-18T00:00:00
3114,Michael,Taylor,michael.taylor3114@insightplatforms.com,Insight Platforms,Inbound - Webinar,MQL,81,,,,2024-09-23T00:00:00
3115,Karen,Taylor,karen.taylor3115@cybervault.com,CyberVault,Inbound - Web,Converted,86,3620,391,2024-01-25,2024-01-11T00:00:00
3116,Christopher,Martin,christopher.martin3116@cloudscalesystems.com,CloudScale Systems,Outbound - Cold,Disqualified,12,,,,2020-08-09T00:00:00
3117,William,Brown,william.brown3117@truenorthdata.com,TrueNorth Data,Paid Search,Nurture,60,,,,2022-07-15T00:00:00
3118,Barbara,Martin,barbara.martin3118@scaleupsystems.com,ScaleUp Systems,Social Media,MQL,92,,,,2022-04-02T00:00:00
3119,Susan,Thompson,susan.thompson3119@rapidcloud.com,RapidCloud,Partner Referral,MQL,68,,,,2024-02-17T00:00:00
3120,Jessica,Jones,jessica.jones3120@vertexai.com,VertexAI,Inbound - Web,New,17,,,,2022-11-24T00:00:00
3121,Charles,Lopez,charles.lopez3121@cybervault.com,CyberVault,Partner Referral,Disqualified,11,,,,2023-08-30T00:00:00
3122,Patricia,Hernandez,patricia.hernandez3122@corestack.com,CoreStack,Inbound - Webinar,New,13,,,,2024-11-07T00:00:00
3123,William,Garcia,william.garcia3123@innovateco.com,InnovateCo,Outbound - Cold,MQL,79,,,,2024-12-14T00:00:00
3124,Lisa,Anderson,lisa.anderson3124@techflowinc.com,TechFlow Inc,Outbound - SDR,MQL,78,,,,2022-12-15T00:00:00
3125,William,Miller,,TrueNorth Data,Product-Led,Disqualified,11,,,,2024-10-25T00:00:00
3126,Christopher,Thomas,christopher.thomas3126@metasync.com,MetaSync,Inbound - Web,SQL,90,,,,2023-05-12T00:00:00
3127,Jennifer,Brown,jennifer.brown3127@vertexai.com,VertexAI,Inbound - Webinar,Converted,89,2384,762,2024-08-17,2024-06-30T00:00:00
3128,Karen,Brown,karen.brown3128@streamlineanalytics.com,StreamLine Analytics,Social Media,SQL,69,,,,2021-10-23T00:00:00
3129,Karen,Jackson,karen.jackson3129@truenorthdata.com,TrueNorth Data,Social Media,New,70,,,,2021-01-16T00:00:00
3130,Christopher,Lee,christopher.lee3130@futureforge.com,FutureForge,Event,MQL,59,,,,2023-02-09T00:00:00
3131,Jennifer,Rodriguez,jennifer.rodriguez3131@techflowinc.com,TechFlow Inc,Partner Referral,Converted,58,1237,38,2024-12-02,2024-11-11T00:00:00
3132,Susan,Wilson,susan.wilson3132@insightplatforms.com,Insight Platforms,Inbound - Content,Disqualified,23,,,,2023-01-01T00:00:00
3133,Daniel,Gonzalez,daniel.gonzalez3133@pulsepointdigital.com,PulsePoint Digital,Outbound - Cold,MQL,54,,,,2020-04-21T00:00:00
3134,Mary,Miller,,NexGen Solutions,Inbound - Content,Converted,75,728,926,2023-12-24,2023-10-18T00:00:00
3135,Sarah,Taylor,sarah.taylor3135@corestack.com,CoreStack,Outbound - SDR,Working,67,,,,2024-09-11T00:00:00
3136,Nancy,Rodriguez,nancy.rodriguez3136@pulsepointdigital.com,PulsePoint Digital,Outbound - SDR,MQL,64,,,,2020-01-15T00:00:00
3137,Susan,Williams,susan.williams,CyberVault,Social Media,Converted,59,4490,710,2024-08-29,2024-06-30T00:00:00
3138,Thomas,Jackson,thomas.jackson3138@truenorthdata.com,TrueNorth Data,Inbound - Web,Nurture,32,,,,2024-12-30T00:00:00
3139,Sarah,Thompson,sarah.thompson3139@cloudscalesystems.com,CloudScale Systems,Paid Search,Converted,95,3605,145,2024-04-01,2024-01-28T00:00:00
3140,Lisa,Williams,lisa.williams3140@primepathdigital.com,PrimePath Digital,Paid Search,New,62,,,,2021-08-01T00:00:00
3141,John,Anderson,john.anderson3141@metasync.com,MetaSync,Inbound - Content,Working,52,,,,2022-10-18T00:00:00
3142,Christopher,Lopez,christopher.lopez3142@pulsepointdigital.com,PulsePoint Digital,Inbound - Webinar,Disqualified,19,,,,2020-03-06T00:00:00
3143,Elizabeth,Wilson,elizabeth.wilson3143@cybervault.com,CyberVault,Inbound - Content,SQL,98,,,,2020-07-03T00:00:00
3144,Susan,Wilson,susan.wilson3144@nexgensolutions.com,NexGen Solutions,Partner Referral,Converted,52,4580,964,2022-01-04,2021-10-19T00:00:00
3145,Nancy,Wilson,nancy.wilson3145@scaleupsystems.com,ScaleUp Systems,,MQL,55,,,,2022-11-14T00:00:00
3146,Susan,Rodriguez,susan.rodriguez3146@innovateco.com,InnovateCo,Product-Led,Disqualified,11,,,,2022-05-21T00:00:00
3147,Mary,Moore,mary.moore3147@cybervault.com,CyberVault,Partner Referral,Converted,66,842,130,2024-01-11,2024-01-07T00:00:00
3148,Jessica,Thompson,jessica.thompson3148@rapidcloud.com,RapidCloud,Inbound - Webinar,MQL,67,,,,2024-10-18T00:00:00
3149,James,Jackson,james.jackson3149@metasync.com,MetaSync,Inbound - Web,Disqualified,17,,,,2020-09-04T00:00:00
3150,Karen,Martinez,karen.martinez3150@metasync.com,MetaSync,Social Media,New,45,,,,2021-01-23T00:00:00
3151,Sarah,Martinez,sarah.martinez3151@cybervault.com,CyberVault,Outbound - SDR,Working,61,,,,2021-06-03T00:00:00
3152,Thomas,Wilson,thomas.wilson3152@primepathdigital.com,PrimePath Digital,Inbound - Webinar,Disqualified,24,,,,2020-08-04T00:00:00
3153,Linda,Williams,linda.williams3153@databridgecorp.com,DataBridge Corp,Paid Search,New,57,,,,2022-02-28T00:00:00
3154,John,Brown,john.brown3154@scaleupsystems.com,ScaleUp Systems,Paid Search,MQL,67,,,,2024-04-11T00:00:00
3155,James,Jones,james.jones3155@scaleupsystems.com,ScaleUp Systems,Event,Nurture,50,,,,2021-06-27T00:00:00
3156,Jessica,Davis,jessica.davis3156@rapidcloud.com,RapidCloud,Product-Led,Disqualified,25,,,,2020-01-06T00:00:00
3157,Michael,Martinez,michael.martinez3157@quantumlogiclabs.com,QuantumLogic Labs,Inbound - Content,Converted,61,3968,910,2023-01-31,2022-12-07T00:00:00
3158,Nancy,Jackson,nancy.jackson3158@brightwavetech.com,BrightWave Tech,Product-Led,Disqualified,15,,,,2024-03-10T00:00:00
3159,Jessica,Johnson,jessica.johnson3159@metasync.com,MetaSync,Social Media,New,24,,,,2023-12-18T00:00:00
3160,Jessica,Williams,jessica.williams3160@streamlineanalytics.com,StreamLine Analytics,Outbound - SDR,MQL,93,,,,2022-02-22T00:00:00
3161,Richard,Wilson,richard.wilson3161@futureforge.com,FutureForge,Partner Referral,Converted,85,4891,860,2024-11-07,2024-08-25T00:00:00
3162,John,Lopez,john.lopez3162@insightplatforms.com,Insight Platforms,Inbound - Webinar,Converted,79,3874,674,2024-09-11,2024-07-11T00:00:00
3163,John,Miller,john.miller3163@cybervault.com,CyberVault,Partner Referral,Converted,58,1620,683,2024-07-15,2024-06-28T00:00:00
3164,Linda,Taylor,linda.taylor3164@innovateco.com,InnovateCo,Partner Referral,MQL,63,,,,2020-11-27T00:00:00
3165,Richard,Lopez,richard.lopez3165@quantumlogiclabs.com,QuantumLogic Labs,Partner Referral,Disqualified,6,,,,2022-06-11T00:00:00
3166,Patricia,Moore,patricia.moore3166@insightplatforms.com,Insight Platforms,Event,Disqualified,7,,,,2023-10-12T00:00:00
3167,Thomas,Wilson,thomas.wilson3167@pulsepointdigital.com,PulsePoint Digital,Inbound - Webinar,Nurture,10,,,,2021-07-16T00:00:00
3168,Linda,Thomas,linda.thomas3168@cybervault.com,CyberVault,Event,Working,30,,,,2022-06-19T00:00:00
3169,William,Martinez,william.martinez3169@truenorthdata.com,TrueNorth Data,Product-Led,SQL,68,,,,2024-04-21T00:00:00
3170,Mary,Garcia,mary.garcia3170@corestack.com,CoreStack,Event,Working,30,,,,2022-09-23T00:00:00
3171,Jessica,Lee,jessica.lee3171@corestack.com,CoreStack,Event,Converted,91,3963,898,2024-09-09,2024-07-15T00:00:00
3172,John,Martinez,john.martinez3172@primepathdigital.com,PrimePath Digital,Product-Led,Converted,59,438,177,2024-11-17,2024-11-05T00:00:00
3173,John,Miller,john.miller3173@metasync.com,MetaSync,Inbound - Web,Nurture,69,,,,2023-03-20T00:00:00
3174,Elizabeth,Thomas,elizabeth.thomas3174@primepathdigital.com,PrimePath Digital,Paid Search,Disqualified,28,,,,2024-05-11T00:00:00
3175,Linda,Jackson,linda.jackson3175@vertexai.com,VertexAI,Inbound - Content,Disqualified,25,,,,2020-08-06T00:00:00
3176,James,Thompson,james.thompson3176@databridgecorp.com,DataBridge Corp,Outbound - SDR,Working,12,,,,2024-06-19T00:00:00
3177,William,Lopez,william.lopez3177@databridgecorp.com,DataBridge Corp,Product-Led,Disqualified,3,,,,2022-07-07T00:00:00
3178,Lisa,Jones,lisa.jones3178@databridgecorp.com,DataBridge Corp,Inbound - Webinar,MQL,90,,,,2024-06-03T00:00:00
3179,Joseph,Miller,joseph.miller3179@techflowinc.com,TechFlow Inc,Inbound - Content,MQL,58,,,,2022-11-22T00:00:00
3180,Richard,Thomas,richard.thomas,StreamLine Analytics,Partner Referral,New,70,,,,2023-06-11T00:00:00
3181,Nancy,Taylor,nancy.taylor3181@metasync.com,MetaSync,Social Media,Nurture,34,,,,2024-01-12T00:00:00
3182,Michael,Rodriguez,michael.rodriguez3182@primepathdigital.com,PrimePath Digital,Event,Disqualified,18,,,,2020-05-23T00:00:00
3183,Richard,Jones,richard.jones3183@primepathdigital.com,PrimePath Digital,Inbound - Web,Working,12,,,,2023-09-07T00:00:00
3184,Sarah,Lee,sarah.lee3184@futureforge.com,FutureForge,Inbound - Content,Working,27,,,,2020-06-04T00:00:00
3185,Daniel,Thomas,daniel.thomas3185@databridgecorp.com,DataBridge Corp,Inbound - Webinar,Disqualified,14,,,,2021-05-02T00:00:00
3186,Sarah,Rodriguez,sarah.rodriguez3186@insightplatforms.com,Insight Platforms,Social Media,Working,69,,,,2022-02-28T00:00:00
3187,Lisa,Moore,lisa.moore3187@quantumlogiclabs.com,QuantumLogic Labs,Social Media,Converted,50,3205,913,2024-05-15,2024-02-25T00:00:00
3188,Patricia,Smith,patricia.smith3188@streamlineanalytics.com,StreamLine Analytics,Event,Nurture,11,,,,2023-07-12T00:00:00
3189,John,Lopez,john.lopez3189@streamlineanalytics.com,StreamLine Analytics,Partner Referral,New,19,,,,2020-08-17T00:00:00
3190,William,Wilson,william.wilson3190@techflowinc.com,TechFlow Inc,,Disqualified,18,,,,2021-04-14T00:00:00
3191,Barbara,Martinez,barbara.martinez3191@streamlineanalytics.com,StreamLine Analytics,Social Media,Disqualified,20,,,,2023-02-13T00:00:00
3192,Joseph,Moore,joseph.moore3192@insightplatforms.com,Insight Platforms,Event,MQL,89,,,,2021-09-01T00:00:00
3193,John,Lee,john.lee3193@streamlineanalytics.com,StreamLine Analytics,Partner Referral,Converted,68,3947,651,2023-03-30,2023-02-22T00:00:00
3194,Linda,Anderson,linda.anderson3194@insightplatforms.com,Insight Platforms,Inbound - Content,Working,46,,,,2020-10-23T00:00:00
3195,Lisa,Anderson,lisa.anderson3195@cybervault.com,CyberVault,Partner Referral,Converted,53,2368,167,2022-08-02,2022-05-29T00:00:00
3196,Michael,Wilson,,CloudScale Systems,Outbound - SDR,SQL,57,,,,2022-05-23T00:00:00
3197,Patricia,Anderson,patricia.anderson3197@truenorthdata.com,TrueNorth Data,Inbound - Web,Working,58,,,,2020-01-25T00:00:00
3198,Jessica,Rodriguez,jessica.rodriguez3198@rapidcloud.com,RapidCloud,Inbound - Webinar,SQL,96,,,,2023-08-16T00:00:00
3199,Daniel,Brown,daniel.brown3199@insightplatforms.com,Insight Platforms,Product-Led,New,20,,,,2022-03-12T00:00:00
3200,Michael,Miller,michael.miller3200@metasync.com,MetaSync,Paid Search,Disqualified,15,,,,2024-09-25T00:00:00
3201,Jennifer,Gonzalez,jennifer.gonzalez3201@rapidcloud.com,RapidCloud,Event,MQL,56,,,,2020-01-02T00:00:00
3202,Nancy,Moore,nancy.moore3202@insightplatforms.com,Insight Platforms,Inbound - Web,Disqualified,7,,,,2022-01-09T00:00:00
3203,Susan,Brown,susan.brown3203@quantumlogiclabs.com,QuantumLogic Labs,Inbound - Webinar,SQL,81,,,,2022-05-24T00:00:00
3204,Christopher,Hernandez,christopher.hernandez3204@corestack.com,CoreStack,Inbound - Content,Converted,71,2686,279,2024-09-06,2024-07-14T00:00:00
3205,Richard,Garcia,richard.garcia3205@databridgecorp.com,DataBridge Corp,Inbound - Content,Working,51,,,,2020-08-06T00:00:00
3206,John,Wilson,john.wilson3206@truenorthdata.com,TrueNorth Data,Social Media,Nurture,59,,,,2021-01-31T00:00:00
3207,John,Williams,john.williams,Insight Platforms,Event,Converted,75,3930,705,2022-04-28,2022-03-05T00:00:00
3208,Linda,Anderson,linda.anderson3208@corestack.com,CoreStack,Outbound - SDR,MQL,52,,,,2024-06-08T00:00:00
3209,Mary,Taylor,,InnovateCo,Outbound - SDR,Nurture,44,,,,2020-08-31T00:00:00
3210,Michael,Wilson,michael.wilson,QuantumLogic Labs,Outbound - SDR,Disqualified,21,,,,2024-03-06T00:00:00
3211,Michael,Rodriguez,michael.rodriguez3211@quantumlogiclabs.com,QuantumLogic Labs,Inbound - Web,Converted,82,2192,864,2024-07-29,2024-07-30T00:00:00
3212,Thomas,Martin,thomas.martin3212@nexgensolutions.com,NexGen Solutions,Event,MQL,73,,,,2020-02-25T00:00:00
3213,Barbara,Hernandez,barbara.hernandez3213@cybervault.com,CyberVault,Inbound - Webinar,SQL,87,,,,2022-01-05T00:00:00
3214,Lisa,Martin,lisa.martin3214@truenorthdata.com,TrueNorth Data,Inbound - Webinar,Converted,57,3106,163,2020-10-13,2020-09-21T00:00:00
3215,James,Lopez,james.lopez3215@brightwavetech.com,BrightWave Tech,Inbound - Content,MQL,59,,,,2023-06-07T00:00:00
3216,Sarah,Lopez,sarah.lopez3216@nexgensolutions.com,NexGen Solutions,Inbound - Content,SQL,90,,,,2024-04-11T00:00:00
3217,Sarah,Jackson,sarah.jackson,CyberVault,Inbound - Web,New,50,,,,2023-02-23T00:00:00
3218,James,Williams,james.williams3218@databridgecorp.com,DataBridge Corp,Event,Working,57,,,,2021-01-24T00:00:00
3219,Susan,Martin,susan.martin3219@cloudscalesystems.com,CloudScale Systems,Inbound - Web,Disqualified,14,,,,2021-02-15T00:00:00
3220,Mary,Miller,mary.miller3220@databridgecorp.com,DataBridge Corp,Event,SQL,81,,,,2023-04-25T00:00:00
3221,Robert,Thomas,robert.thomas3221@techflowinc.com,TechFlow Inc,Social Media,Disqualified,22,,,,2022-07-03T00:00:00
3222,Michael,Johnson,michael.johnson3222@pulsepointdigital.com,PulsePoint Digital,Social Media,Working,30,,,,2022-01-17T00:00:00
3223,Christopher,Lee,christopher.lee3223@vertexai.com,VertexAI,Outbound - SDR,MQL,76,,,,2024-08-31T00:00:00
3224,Karen,Gonzalez,karen.gonzalez3224@futureforge.com,FutureForge,Paid Search,SQL,80,,,,2021-02-03T00:00:00
3225,Susan,Taylor,susan.taylor3225@streamlineanalytics.com,StreamLine Analytics,Outbound - SDR,SQL,79,,,,2020-11-08T00:00:00
3226,Lisa,Hernandez,lisa.hernandez3226@truenorthdata.com,TrueNorth Data,Social Media,Working,59,,,,2022-04-14T00:00:00
3227,Linda,Martin,linda.martin3227@cloudscalesystems.com,CloudScale Systems,Event,New,23,,,,2022-12-31T00:00:00
3228,Lisa,Wilson,,InnovateCo,Outbound - Cold,New,56,,,,2024-07-03T00:00:00
3229,David,Wilson,,Insight Platforms,Outbound - SDR,Converted,96,4412,705,2022-04-12,2022-04-04T00:00:00
3230,Michael,Taylor,michael.taylor3230@techflowinc.com,TechFlow Inc,Partner Referral,Working,36,,,,2023-01-24T00:00:00
3231,Christopher,Moore,christopher.moore3231@vertexai.com,VertexAI,Product-Led,MQL,99,,,,2022-03-15T00:00:00
3232,Jennifer,Hernandez,jennifer.hernandez3232@vertexai.com,VertexAI,Paid Search,New,57,,,,2024-03-07T00:00:00
3233,Susan,Garcia,susan.garcia3233@cloudscalesystems.com,CloudScale Systems,Partner Referral,Converted,64,4802,407,2024-11-23,2024-09-18T00:00:00
3234,Linda,Williams,linda.williams3234@scaleupsystems.com,ScaleUp Systems,Inbound - Content,New,23,,,,2021-04-15T00:00:00
3235,Joseph,Smith,joseph.smith3235@truenorthdata.com,TrueNorth Data,Partner Referral,Converted,-51,2912,269,2024-12-11,2024-11-03T00:00:00
3236,Susan,Thompson,susan.thompson3236@primepathdigital.com,PrimePath Digital,Outbound - Cold,MQL,64,,,,2024-09-04T00:00:00
3237,Mary,Rodriguez,mary.rodriguez3237@techflowinc.com,TechFlow Inc,Product-Led,Converted,89,4699,472,2023-08-07,2023-05-30T00:00:00
3238,Elizabeth,Hernandez,elizabeth.hernandez3238@primepathdigital.com,PrimePath Digital,Social Media,Disqualified,30,,,,2023-01-09T00:00:00
3239,Karen,Garcia,karen.garcia3239@primepathdigital.com,PrimePath Digital,Paid Search,Converted,88,2877,426,2024-02-14,2024-02-09T00:00:00
3240,John,Jackson,john.jackson3240@truenorthdata.com,TrueNorth Data,Inbound - Webinar,MQL,64,,,,2020-06-11T00:00:00
3241,Thomas,Davis,thomas.davis3241@truenorthdata.com,TrueNorth Data,Product-Led,New,37,,,,2020-04-20T00:00:00
3242,Karen,Wilson,karen.wilson3242@techflowinc.com,TechFlow Inc,Inbound - Content,Nurture,11,,,,2022-04-06T00:00:00
3243,Mary,Miller,mary.miller3243@scaleupsystems.com,ScaleUp Systems,Inbound - Content,Working,33,,,,2021-09-14T00:00:00
3244,Jennifer,Martinez,jennifer.martinez3244@nexgensolutions.com,NexGen Solutions,Outbound - SDR,Disqualified,5,,,,2023-11-06T00:00:00
3245,Linda,Davis,linda.davis3245@scaleupsystems.com,ScaleUp Systems,Outbound - Cold,New,55,,,,2024-04-17T00:00:00
3246,Richard,Thompson,richard.thompson3246@metasync.com,MetaSync,Inbound - Webinar,Working,-29,,,,2021-07-02T00:00:00
3247,Daniel,Hernandez,daniel.hernandez3247@cloudscalesystems.com,CloudScale Systems,Paid Search,Working,40,,,,2024-06-06T00:00:00
3248,Jennifer,Gonzalez,jennifer.gonzalez3248@corestack.com,CoreStack,Outbound - Cold,MQL,68,,,,2022-12-12T00:00:00
3249,Lisa,Gonzalez,lisa.gonzalez3249@insightplatforms.com,Insight Platforms,Event,Converted,77,1230,665,2021-07-14,2021-05-27T00:00:00
3250,Elizabeth,Brown,elizabeth.brown3250@insightplatforms.com,Insight Platforms,Outbound - Cold,Working,52,,,,2020-09-04T00:00:00
3251,Nancy,Brown,nancy.brown3251@agiledynamics.com,Agile Dynamics,Inbound - Webinar,Converted,94,831,716,2024-12-14,2024-09-24T00:00:00
3252,David,Taylor,david.taylor3252@corestack.com,CoreStack,Event,Working,27,,,,2020-08-06T00:00:00
3253,Jessica,Hernandez,jessica.hernandez3253@truenorthdata.com,TrueNorth Data,Partner Referral,Converted,58,4388,286,2023-01-15,2022-11-16T00:00:00
3254,Christopher,Garcia,christopher.garcia3254@brightwavetech.com,BrightWave Tech,Product-Led,Disqualified,19,,,,2023-07-26T00:00:00
3255,Linda,Moore,linda.moore3255@cloudscalesystems.com,CloudScale Systems,Product-Led,SQL,94,,,,2024-07-29T00:00:00
3256,Daniel,Davis,daniel.davis3256@brightwavetech.com,BrightWave Tech,Social Media,Working,27,,,,2023-05-28T00:00:00
3257,Richard,Garcia,richard.garcia3257@techflowinc.com,TechFlow Inc,Social Media,Converted,85,1096,941,2022-07-01,2022-04-11T00:00:00
3258,Lisa,Smith,lisa.smith3258@techflowinc.com,TechFlow Inc,Product-Led,Converted,67,1824,280,2023-03-01,2023-02-16T00:00:00
3259,Karen,Thomas,karen.thomas3259@futureforge.com,FutureForge,Social Media,Nurture,13,,,,2022-11-15T00:00:00
3260,Jennifer,Thomas,jennifer.thomas3260@streamlineanalytics.com,StreamLine Analytics,Inbound - Content,Working,13,,,,2023-01-31T00:00:00
3261,Susan,Garcia,susan.garcia3261@quantumlogiclabs.com,QuantumLogic Labs,Inbound - Content,Working,70,,,,2023-11-11T00:00:00
3262,Lisa,Rodriguez,lisa.rodriguez3262@brightwavetech.com,BrightWave Tech,,New,61,,,,2023-06-10T00:00:00
3263,Robert,Hernandez,robert.hernandez3263@streamlineanalytics.com,StreamLine Analytics,Inbound - Web,MQL,89,,,,2023-01-09T00:00:00
3264,Nancy,Lee,nancy.lee3264@agiledynamics.com,Agile Dynamics,Event,Disqualified,21,,,,2024-04-15T00:00:00
3265,Karen,Thomas,karen.thomas3265@rapidcloud.com,RapidCloud,Inbound - Content,Converted,81,205,130,2024-01-17,2023-10-30T00:00:00
3266,Sarah,Miller,sarah.miller3266@rapidcloud.com,RapidCloud,Inbound - Web,Working,15,,,,2023-01-25T00:00:00
3267,Thomas,Hernandez,thomas.hernandez3267@vertexai.com,VertexAI,Inbound - Content,Converted,71,618,489,2024-08-16,2024-06-25T00:00:00
3268,Susan,Lee,susan.lee3268@innovateco.com,InnovateCo,Inbound - Webinar,Working,50,,,,2022-01-01T00:00:00
3269,Sarah,Jones,sarah.jones3269@streamlineanalytics.com,StreamLine Analytics,Outbound - Cold,Working,67,,,,2024-06-30T00:00:00
3270,Karen,Wilson,karen.wilson3270@vertexai.com,VertexAI,Outbound - Cold,MQL,87,,,,2024-12-09T00:00:00
3271,Linda,Hernandez,linda.hernandez3271@brightwavetech.com,BrightWave Tech,Partner Referral,Working,33,,,,2022-09-07T00:00:00
3272,Jessica,Thomas,jessica.thomas,TechFlow Inc,Partner Referral,Converted,76,4216,179,2023-12-05,2023-10-04T00:00:00
3273,Robert,Jackson,robert.jackson3273@pulsepointdigital.com,PulsePoint Digital,Inbound - Webinar,Disqualified,6,,,,2024-03-27T00:00:00
3274,Thomas,Rodriguez,thomas.rodriguez3274@pulsepointdigital.com,PulsePoint Digital,Outbound - Cold,Disqualified,8,,,,2024-06-16T00:00:00
3275,Karen,Jackson,karen.jackson3275@databridgecorp.com,DataBridge Corp,Product-Led,SQL,99,,,,2021-12-17T00:00:00
3276,Mary,Smith,mary.smith3276@brightwavetech.com,BrightWave Tech,Outbound - Cold,Working,60,,,,2020-01-02T00:00:00
3277,James,Lee,james.lee3277@futureforge.com,FutureForge,Product-Led,Disqualified,4,,,,2024-12-07T00:00:00
3278,Mary,Hernandez,mary.hernandez3278@techflowinc.com,TechFlow Inc,Product-Led,Converted,56,4500,713,2022-07-03,2022-04-25T00:00:00
3279,Jessica,Davis,jessica.davis3279@truenorthdata.com,TrueNorth Data,Inbound - Webinar,MQL,92,,,,2021-11-10T00:00:00
3280,Lisa,Jones,lisa.jones3280@truenorthdata.com,TrueNorth Data,Partner Referral,Converted,96,3540,278,2022-07-31,2022-05-23T00:00:00
3281,Jessica,Jones,jessica.jones3281@agiledynamics.com,Agile Dynamics,Product-Led,Disqualified,17,,,,2024-04-13T00:00:00
3282,Michael,Rodriguez,michael.rodriguez3282@cybervault.com,CyberVault,Outbound - SDR,Converted,82,2004,491,2023-01-17,2022-11-09T00:00:00
3283,Christopher,Rodriguez,christopher.rodriguez,CoreStack,Outbound - SDR,MQL,93,,,,2020-12-17T00:00:00
3284,William,Thomas,william.thomas3284@primepathdigital.com,PrimePath Digital,Outbound - Cold,Disqualified,30,,,,2023-12-06T00:00:00
3285,Patricia,Lee,patricia.lee3285@cloudscalesystems.com,CloudScale Systems,Paid Search,Disqualified,13,,,,2023-05-03T00:00:00
3286,Sarah,Garcia,sarah.garcia3286@databridgecorp.com,DataBridge Corp,Product-Led,MQL,100,,,,2023-04-05T00:00:00
3287,Joseph,Brown,joseph.brown3287@techflowinc.com,TechFlow Inc,Paid Search,Nurture,65,,,,2022-02-12T00:00:00
3288,Christopher,Thomas,christopher.thomas3288@cloudscalesystems.com,CloudScale Systems,Social Media,Nurture,64,,,,2023-08-12T00:00:00
3289,Karen,Wilson,karen.wilson3289@vertexai.com,VertexAI,Inbound - Web,Working,41,,,,2024-09-27T00:00:00
3290,Patricia,Jackson,patricia.jackson3290@primepathdigital.com,PrimePath Digital,Inbound - Web,Converted,98,2795,36,2024-11-18,2024-10-25T00:00:00
3291,David,Taylor,david.taylor3291@nexgensolutions.com,NexGen Solutions,Inbound - Web,SQL,98,,,,2020-11-27T00:00:00
3292,Thomas,Anderson,thomas.anderson3292@futureforge.com,FutureForge,Product-Led,Converted,95,2,142,2024-12-30,2024-11-01T00:00:00
3293,William,Anderson,william.anderson3293@techflowinc.com,TechFlow Inc,Inbound - Web,SQL,83,,,,2022-03-24T00:00:00
3294,Lisa,Taylor,lisa.taylor3294@pulsepointdigital.com,PulsePoint Digital,Product-Led,Converted,76,723,625,2024-12-17,2024-10-06T00:00:00
3295,Barbara,Lee,,TrueNorth Data,Social Media,MQL,63,,,,2022-02-12T00:00:00
3296,Richard,Rodriguez,richard.rodriguez3296@streamlineanalytics.com,StreamLine Analytics,Outbound - SDR,Disqualified,16,,,,2022-06-14T00:00:00
3297,Susan,Gonzalez,susan.gonzalez3297@streamlineanalytics.com,StreamLine Analytics,Social Media,MQL,92,,,,2021-04-17T00:00:00
3298,Susan,Moore,susan.moore3298@insightplatforms.com,Insight Platforms,Social Media,MQL,92,,,,2020-09-29T00:00:00
3299,Sarah,Smith,sarah.smith3299@truenorthdata.com,TrueNorth Data,Inbound - Content,Working,68,,,,2023-09-02T00:00:00
3300,David,Davis,david.davis3300@pulsepointdigital.com,PulsePoint Digital,Inbound - Webinar,New,39,,,,2021-08-17T00:00:00
3301,Christopher,Rodriguez,christopher.rodriguez3301@metasync.com,MetaSync,Inbound - Webinar,Nurture,41,,,,2024-10-28T00:00:00
3302,James,Williams,james.williams3302@agiledynamics.com,Agile Dynamics,Inbound - Webinar,New,25,,,,2020-02-09T00:00:00
3303,Karen,Thomas,karen.thomas3303@primepathdigital.com,PrimePath Digital,Outbound - Cold,MQL,57,,,,2021-02-21T00:00:00
3304,Nancy,Garcia,nancy.garcia3304@corestack.com,CoreStack,,SQL,67,,,,2021-04-21T00:00:00
3305,Robert,Brown,robert.brown3305@cybervault.com,CyberVault,Paid Search,New,64,,,,2021-09-17T00:00:00
3306,Linda,Taylor,linda.taylor3306@truenorthdata.com,TrueNorth Data,Outbound - Cold,MQL,94,,,,2022-08-27T00:00:00
3307,Susan,Thomas,susan.thomas3307@scaleupsystems.com,ScaleUp Systems,Partner Referral,Converted,75,4184,127,2022-10-28,2022-10-25T00:00:00
3308,Robert,Wilson,robert.wilson3308@rapidcloud.com,RapidCloud,Partner Referral,Converted,93,1402,306,2024-08-23,2024-06-30T00:00:00
3309,John,Jones,john.jones3309@truenorthdata.com,TrueNorth Data,Inbound - Content,Disqualified,27,,,,2023-08-04T00:00:00
3310,Daniel,Brown,daniel.brown3310@agiledynamics.com,Agile Dynamics,Paid Search,New,65,,,,2022-08-20T00:00:00
3311,Barbara,Smith,barbara.smith3311@insightplatforms.com,Insight Platforms,Partner Referral,Disqualified,14,,,,2020-05-17T00:00:00
3312,Barbara,Lopez,barbara.lopez3312@truenorthdata.com,TrueNorth Data,Paid Search,Working,25,,,,2023-08-12T00:00:00
3313,Richard,Martin,richard.martin3313@scaleupsystems.com,ScaleUp Systems,Social Media,Working,31,,,,2024-04-17T00:00:00
3314,Patricia,Williams,patricia.williams3314@streamlineanalytics.com,StreamLine Analytics,Product-Led,SQL,72,,,,2024-02-23T00:00:00
3315,Charles,Miller,charles.miller,VertexAI,Partner Referral,Converted,66,2987,996,2024-11-02,2024-09-16T00:00:00
3316,Lisa,Martinez,,FutureForge,Event,MQL,83,,,,2023-09-12T00:00:00
3317,Robert,Lopez,robert.lopez3317@techflowinc.com,TechFlow Inc,Partner Referral,Disqualified,3,,,,2022-04-24T00:00:00
3318,Jessica,Davis,jessica.davis3318@truenorthdata.com,TrueNorth Data,Inbound - Web,Disqualified,28,,,,2022-09-01T00:00:00
3319,Robert,Hernandez,robert.hernandez3319@metasync.com,MetaSync,Outbound - Cold,Working,64,,,,2023-02-20T00:00:00
3320,Barbara,Martin,barbara.martin3320@techflowinc.com,TechFlow Inc,Inbound - Content,Converted,79,4576,727,2024-09-19,2024-08-25T00:00:00
3321,Nancy,Garcia,,Agile Dynamics,Social Media,SQL,58,,,,2024-10-08T00:00:00
3322,William,Martin,william.martin3322@cloudscalesystems.com,CloudScale Systems,Product-Led,MQL,87,,,,2024-09-12T00:00:00
3323,Nancy,Johnson,nancy.johnson3323@rapidcloud.com,RapidCloud,Inbound - Content,MQL,76,,,,2022-06-22T00:00:00
3324,William,Thompson,william.thompson3324@cloudscalesystems.com,CloudScale Systems,Inbound - Content,Converted,77,3168,407,2024-10-13,2024-09-01T00:00:00
3325,Barbara,Gonzalez,barbara.gonzalez3325@brightwavetech.com,BrightWave Tech,Outbound - Cold,Nurture,24,,,,2021-05-26T00:00:00
3326,Joseph,Williams,joseph.williams3326@brightwavetech.com,BrightWave Tech,Partner Referral,Converted,86,3157,897,2024-05-18,2024-03-23T00:00:00
3327,William,Thompson,william.thompson3327@truenorthdata.com,TrueNorth Data,Inbound - Content,Converted,88,4280,771,2023-08-06,2023-06-06T00:00:00
3328,Thomas,Hernandez,thomas.hernandez3328@primepathdigital.com,PrimePath Digital,Outbound - SDR,New,13,,,,2023-09-12T00:00:00
3329,Linda,Jackson,linda.jackson3329@streamlineanalytics.com,StreamLine Analytics,Product-Led,Converted,67,4951,471,2024-01-07,2023-12-11T00:00:00
3330,Jessica,Jackson,jessica.jackson3330@techflowinc.com,TechFlow Inc,,New,56,,,,2021-11-14T00:00:00
3331,David,Garcia,david.garcia3331@metasync.com,MetaSync,Inbound - Web,SQL,70,,,,2022-03-01T00:00:00
3332,Sarah,Miller,sarah.miller3332@streamlineanalytics.com,StreamLine Analytics,Social Media,New,24,,,,2021-02-09T00:00:00
3333,Jessica,Moore,jessica.moore3333@cloudscalesystems.com,CloudScale Systems,Partner Referral,Converted,72,1034,415,2024-06-10,2024-06-16T00:00:00
3334,Daniel,Smith,daniel.smith3334@cybervault.com,CyberVault,Paid Search,New,44,,,,2024-02-09T00:00:00
3335,William,Brown,william.brown3335@metasync.com,MetaSync,Inbound - Web,New,48,,,,2021-06-29T00:00:00
3336,Michael,Wilson,michael.wilson3336@brightwavetech.com,BrightWave Tech,Outbound - Cold,Nurture,20,,,,2022-08-26T00:00:00
3337,Joseph,Thomas,joseph.thomas3337@truenorthdata.com,TrueNorth Data,Outbound - SDR,Nurture,-34,,,,2020-12-04T00:00:00
3338,Karen,Rodriguez,karen.rodriguez3338@vertexai.com,VertexAI,Inbound - Web,New,64,,,,2022-06-14T00:00:00
3339,Sarah,Anderson,sarah.anderson3339@cloudscalesystems.com,CloudScale Systems,Partner Referral,Converted,92,1322,480,2023-11-12,2023-11-04T00:00:00
3340,Patricia,Miller,patricia.miller3340@cybervault.com,CyberVault,Outbound - SDR,Converted,-90,2866,768,2020-10-13,2020-09-25T00:00:00
3341,William,Anderson,william.anderson3341@rapidcloud.com,RapidCloud,Social Media,MQL,66,,,,2024-02-03T00:00:00
3342,John,Martin,john.martin3342@innovateco.com,InnovateCo,Inbound - Webinar,MQL,89,,,,2022-09-13T00:00:00
3343,Robert,Davis,robert.davis3343@rapidcloud.com,RapidCloud,Paid Search,MQL,67,,,,2020-09-12T00:00:00
3344,Elizabeth,Thomas,elizabeth.thomas3344@rapidcloud.com,RapidCloud,Outbound - SDR,MQL,78,,,,2022-07-21T00:00:00
3345,John,Thomas,john.thomas3345@databridgecorp.com,DataBridge Corp,Product-Led,Working,61,,,,2024-09-04T00:00:00
3346,John,Thomas,john.thomas3346@rapidcloud.com,RapidCloud,Product-Led,SQL,91,,,,2020-03-29T00:00:00
3347,Karen,Jackson,karen.jackson3347@insightplatforms.com,Insight Platforms,Event,Working,15,,,,2022-12-24T00:00:00
3348,Nancy,Martinez,nancy.martinez3348@scaleupsystems.com,ScaleUp Systems,Outbound - SDR,Nurture,12,,,,2021-04-11T00:00:00
3349,Patricia,Davis,patricia.davis3349@futureforge.com,FutureForge,Inbound - Content,Disqualified,25,,,,2024-05-01T00:00:00
3350,James,Jones,james.jones3350@agiledynamics.com,Agile Dynamics,Outbound - SDR,SQL,86,,,,2020-02-02T00:00:00
3351,Susan,Gonzalez,susan.gonzalez3351@cybervault.com,CyberVault,Outbound - Cold,Disqualified,30,,,,2022-09-05T00:00:00
3352,Michael,Martinez,michael.martinez3352@techflowinc.com,TechFlow Inc,Outbound - SDR,Working,69,,,,2020-08-21T00:00:00
3353,John,Thomas,john.thomas3353@vertexai.com,VertexAI,Inbound - Web,Converted,61,3440,996,2024-11-01,2024-09-11T00:00:00
3354,James,Miller,james.miller3354@agiledynamics.com,Agile Dynamics,Inbound - Webinar,Disqualified,6,,,,2023-07-05T00:00:00
3355,Linda,Thompson,linda.thompson3355@innovateco.com,InnovateCo,Product-Led,Nurture,33,,,,2024-09-26T00:00:00
3356,James,Hernandez,james.hernandez3356@techflowinc.com,TechFlow Inc,Event,Disqualified,11,,,,2022-10-09T00:00:00
3357,Christopher,Wilson,christopher.wilson3357@insightplatforms.com,Insight Platforms,Social Media,MQL,73,,,,2020-07-03T00:00:00
3358,Richard,Jones,richard.jones3358@corestack.com,CoreStack,Event,SQL,95,,,,2023-07-19T00:00:00
3359,Nancy,Taylor,nancy.taylor3359@cloudscalesystems.com,CloudScale Systems,Inbound - Content,Converted,62,1432,545,2023-03-03,2023-01-06T00:00:00
3360,Linda,Thompson,linda.thompson3360@cybervault.com,CyberVault,Outbound - SDR,Nurture,11,,,,2020-08-04T00:00:00
3361,Linda,Davis,linda.davis3361@insightplatforms.com,Insight Platforms,Outbound - SDR,Disqualified,22,,,,2024-11-09T00:00:00
3362,Elizabeth,Taylor,elizabeth.taylor3362@agiledynamics.com,Agile Dynamics,Partner Referral,Converted,75,3807,414,2021-12-31,2021-11-17T00:00:00
3363,Robert,Martinez,robert.martinez3363@truenorthdata.com,TrueNorth Data,Outbound - SDR,Working,25,,,,2021-10-31T00:00:00
3364,Robert,Jackson,robert.jackson3364@cybervault.com,CyberVault,Inbound - Web,New,68,,,,2021-01-24T00:00:00
3365,Joseph,Jones,joseph.jones3365@rapidcloud.com,RapidCloud,Partner Referral,Converted,88,4520,583,2023-01-13,2023-01-06T00:00:00
3366,Elizabeth,Smith,elizabeth.smith3366@primepathdigital.com,PrimePath Digital,Outbound - SDR,Converted,74,3447,63,2024-05-06,2024-02-13T00:00:00
3367,Karen,Lee,karen.lee3367@innovateco.com,InnovateCo,Partner Referral,Converted,50,3515,657,2023-01-13,2023-01-01T00:00:00
3368,William,Lopez,,CloudScale Systems,Outbound - SDR,Working,48,,,,2020-07-22T00:00:00
3369,John,Taylor,john.taylor3369@pulsepointdigital.com,PulsePoint Digital,Inbound - Web,Converted,86,4118,476,2021-10-12,2021-08-31T00:00:00
3370,Patricia,Wilson,patricia.wilson3370@streamlineanalytics.com,StreamLine Analytics,Product-Led,New,62,,,,2021-11-11T00:00:00
3371,David,Lee,david.lee3371@techflowinc.com,TechFlow Inc,Partner Referral,Working,12,,,,2024-03-25T00:00:00
3372,Joseph,Anderson,joseph.anderson3372@quantumlogiclabs.com,QuantumLogic Labs,Outbound - Cold,Disqualified,22,,,,2020-02-11T00:00:00
3373,James,Rodriguez,james.rodriguez3373@quantumlogiclabs.com,QuantumLogic Labs,Inbound - Content,Disqualified,21,,,,2020-07-15T00:00:00
3374,Susan,Anderson,susan.anderson3374@nexgensolutions.com,NexGen Solutions,Inbound - Web,Converted,58,2741,759,2024-10-24,2024-08-29T00:00:00
3375,Christopher,Miller,christopher.miller3375@brightwavetech.com,BrightWave Tech,Inbound - Content,SQL,60,,,,2022-05-30T00:00:00
3376,Thomas,Brown,thomas.brown3376@metasync.com,MetaSync,Inbound - Web,Converted,67,3992,671,2023-08-29,2023-06-07T00:00:00
3377,Richard,Davis,richard.davis3377@quantumlogiclabs.com,QuantumLogic Labs,Partner Referral,Disqualified,25,,,,2021-02-20T00:00:00
3378,Patricia,Garcia,patricia.garcia3378@rapidcloud.com,RapidCloud,Inbound - Webinar,Nurture,51,,,,2024-03-28T00:00:00
3379,Robert,Lee,robert.lee3379@cloudscalesystems.com,CloudScale Systems,Partner Referral,Working,19,,,,2024-11-30T00:00:00
3380,Sarah,Wilson,sarah.wilson3380@agiledynamics.com,Agile Dynamics,Outbound - Cold,Working,49,,,,2022-02-08T00:00:00
3381,Karen,Martin,karen.martin3381@truenorthdata.com,TrueNorth Data,Partner Referral,Converted,89,2380,932,2024-09-16,2024-08-27T00:00:00
3382,Elizabeth,Rodriguez,elizabeth.rodriguez3382@quantumlogiclabs.com,QuantumLogic Labs,Outbound - SDR,Converted,-70,2716,645,2021-10-30,2021-10-12T00:00:00
3383,Charles,Gonzalez,charles.gonzalez3383@corestack.com,CoreStack,Social Media,Nurture,58,,,,2022-03-08T00:00:00
3384,Daniel,Martin,daniel.martin3384@corestack.com,CoreStack,Inbound - Web,Converted,79,567,396,2022-12-14,2022-10-03T00:00:00
3385,Jessica,Brown,jessica.brown3385@insightplatforms.com,Insight Platforms,Inbound - Web,MQL,74,,,,2020-02-22T00:00:00
3386,Christopher,Martinez,christopher.martinez3386@truenorthdata.com,TrueNorth Data,Partner Referral,Disqualified,24,,,,2023-08-06T00:00:00
3387,Susan,Miller,susan.miller3387@databridgecorp.com,DataBridge Corp,Event,Disqualified,25,,,,2024-08-16T00:00:00
3388,Jessica,Miller,jessica.miller3388@metasync.com,MetaSync,Inbound - Web,MQL,50,,,,2021-03-26T00:00:00
3389,Linda,Wilson,linda.wilson3389@futureforge.com,FutureForge,Outbound - Cold,New,61,,,,2021-05-07T00:00:00
3390,Michael,Davis,michael.davis3390@databridgecorp.com,DataBridge Corp,Outbound - SDR,Working,49,,,,2024-05-05T00:00:00
3391,David,Anderson,david.anderson3391@truenorthdata.com,TrueNorth Data,Outbound - Cold,Nurture,67,,,,2020-03-04T00:00:00
3392,Elizabeth,Johnson,elizabeth.johnson3392@streamlineanalytics.com,StreamLine Analytics,Outbound - Cold,Working,56,,,,2024-08-14T00:00:00
3393,Linda,Moore,linda.moore3393@nexgensolutions.com,NexGen Solutions,Event,New,36,,,,2024-01-24T00:00:00
3394,William,Brown,william.brown3394@scaleupsystems.com,ScaleUp Systems,Social Media,MQL,56,,,,2023-08-19T00:00:00
3395,Daniel,Thomas,daniel.thomas3395@futureforge.com,FutureForge,Outbound - SDR,Nurture,23,,,,2024-04-07T00:00:00
3396,Linda,Davis,linda.davis3396@brightwavetech.com,BrightWave Tech,Inbound - Content,SQL,72,,,,2022-02-16T00:00:00
3397,Patricia,Williams,patricia.williams3397@streamlineanalytics.com,StreamLine Analytics,Inbound - Web,MQL,50,,,,2023-01-30T00:00:00
3398,Christopher,Gonzalez,christopher.gonzalez3398@quantumlogiclabs.com,QuantumLogic Labs,Partner Referral,Converted,52,1766,931,2024-12-03,2024-09-29T00:00:00
3399,Thomas,Wilson,thomas.wilson3399@insightplatforms.com,Insight Platforms,Outbound - Cold,MQL,85,,,,2022-06-24T00:00:00
3400,Barbara,Davis,barbara.davis3400@innovateco.com,InnovateCo,Paid Search,Working,38,,,,2021-04-11T00:00:00
3401,Patricia,Martinez,patricia.martinez3401@quantumlogiclabs.com,QuantumLogic Labs,Social Media,Converted,76,3612,924,2024-09-03,2024-06-22T00:00:00
3402,Lisa,Jones,lisa.jones3402@brightwavetech.com,BrightWave Tech,Inbound - Content,Working,64,,,,2020-05-12T00:00:00
3403,Jennifer,Wilson,jennifer.wilson3403@cybervault.com,CyberVault,Product-Led,Converted,61,3952,415,2024-06-29,2024-06-14T00:00:00
3404,Daniel,Thomas,daniel.thomas3404@pulsepointdigital.com,PulsePoint Digital,Inbound - Content,Working,38,,,,2024-04-17T00:00:00
3405,Patricia,Miller,patricia.miller3405@brightwavetech.com,BrightWave Tech,Inbound - Web,Working,-42,,,,2021-05-31T00:00:00
3406,James,Gonzalez,james.gonzalez3406@scaleupsystems.com,ScaleUp Systems,Partner Referral,MQL,98,,,,2020-12-31T00:00:00
3407,Richard,Gonzalez,richard.gonzalez3407@truenorthdata.com,TrueNorth Data,Partner Referral,Converted,96,1323,378,2024-01-01,2023-10-14T00:00:00
3408,Patricia,Garcia,patricia.garcia3408@innovateco.com,InnovateCo,Outbound - Cold,MQL,57,,,,2020-07-01T00:00:00
3409,Christopher,Jackson,christopher.jackson3409@futureforge.com,FutureForge,Event,Working,65,,,,2022-12-20T00:00:00
3410,Barbara,Lee,barbara.lee3410@innovateco.com,InnovateCo,Outbound - Cold,Disqualified,1,,,,2020-05-28T00:00:00
3411,Thomas,Smith,thomas.smith3411@nexgensolutions.com,NexGen Solutions,Product-Led,Converted,51,2071,442,2022-07-05,2022-04-30T00:00:00
3412,Sarah,Thompson,sarah.thompson3412@brightwavetech.com,BrightWave Tech,Inbound - Web,New,41,,,,2021-06-08T00:00:00
3413,Barbara,Martinez,barbara.martinez3413@pulsepointdigital.com,PulsePoint Digital,Social Media,Disqualified,3,,,,2022-07-01T00:00:00
3414,Jennifer,Rodriguez,jennifer.rodriguez3414@rapidcloud.com,RapidCloud,Outbound - SDR,Converted,79,2155,417,2024-10-09,2024-09-25T00:00:00
3415,James,Jackson,james.jackson3415@scaleupsystems.com,ScaleUp Systems,Outbound - Cold,MQL,71,,,,2022-07-22T00:00:00
3416,Charles,Jones,charles.jones3416@vertexai.com,VertexAI,Product-Led,MQL,62,,,,2024-07-20T00:00:00
3417,John,Rodriguez,john.rodriguez3417@innovateco.com,InnovateCo,Paid Search,Converted,92,2400,265,2023-03-22,2023-01-16T00:00:00
3418,Elizabeth,Brown,elizabeth.brown3418@insightplatforms.com,Insight Platforms,Outbound - Cold,Working,23,,,,2023-09-21T00:00:00
3419,Elizabeth,Martin,,BrightWave Tech,Outbound - SDR,Disqualified,9,,,,2024-12-15T00:00:00
3420,Sarah,Anderson,sarah.anderson3420@streamlineanalytics.com,StreamLine Analytics,Inbound - Content,Disqualified,22,,,,2021-06-06T00:00:00
3421,James,Rodriguez,james.rodriguez3421@brightwavetech.com,BrightWave Tech,Outbound - SDR,Working,65,,,,2021-10-19T00:00:00
3422,Jessica,Smith,jessica.smith3422@streamlineanalytics.com,StreamLine Analytics,Social Media,Converted,72,1719,407,2024-11-29,2024-09-12T00:00:00
3423,Thomas,Martinez,thomas.martinez3423@rapidcloud.com,RapidCloud,Inbound - Web,MQL,71,,,,2024-06-05T00:00:00
3424,Sarah,Garcia,sarah.garcia3424@databridgecorp.com,DataBridge Corp,Inbound - Webinar,MQL,85,,,,2020-03-01T00:00:00
3425,Lisa,Rodriguez,lisa.rodriguez3425@databridgecorp.com,DataBridge Corp,Paid Search,Working,15,,,,2020-06-28T00:00:00
3426,David,Smith,david.smith3426@vertexai.com,VertexAI,Event,Working,40,,,,2020-10-24T00:00:00
3427,David,Johnson,david.johnson3427@cybervault.com,CyberVault,Inbound - Content,New,65,,,,2020-11-16T00:00:00
3428,Joseph,Davis,joseph.davis3428@primepathdigital.com,PrimePath Digital,Inbound - Content,Disqualified,24,,,,2020-03-08T00:00:00
3429,Patricia,Garcia,patricia.garcia3429@quantumlogiclabs.com,QuantumLogic Labs,Paid Search,Disqualified,20,,,,2022-05-09T00:00:00
3430,Jennifer,Thomas,jennifer.thomas3430@scaleupsystems.com,ScaleUp Systems,Social Media,MQL,75,,,,2024-02-07T00:00:00
3431,Jessica,Hernandez,jessica.hernandez3431@quantumlogiclabs.com,QuantumLogic Labs,Event,Disqualified,19,,,,2021-12-15T00:00:00
3432,James,Martinez,james.martinez3432@scaleupsystems.com,ScaleUp Systems,Inbound - Webinar,New,18,,,,2020-06-11T00:00:00
3433,William,Jones,william.jones3433@brightwavetech.com,BrightWave Tech,Paid Search,MQL,57,,,,2020-09-05T00:00:00
3434,Karen,Anderson,karen.anderson3434@streamlineanalytics.com,StreamLine Analytics,Event,MQL,93,,,,2022-06-17T00:00:00
3435,Karen,Garcia,karen.garcia3435@nexgensolutions.com,NexGen Solutions,Outbound - Cold,Disqualified,17,,,,2021-07-19T00:00:00
3436,Richard,Rodriguez,richard.rodriguez3436@pulsepointdigital.com,PulsePoint Digital,Outbound - Cold,Disqualified,10,,,,2023-06-19T00:00:00
3437,Thomas,Smith,thomas.smith3437@innovateco.com,InnovateCo,Inbound - Web,Disqualified,18,,,,2021-07-30T00:00:00
3438,Richard,Martin,richard.martin3438@vertexai.com,VertexAI,Inbound - Webinar,MQL,76,,,,2023-09-08T00:00:00
3439,John,Lee,john.lee3439@cybervault.com,CyberVault,Outbound - SDR,Disqualified,13,,,,2021-05-07T00:00:00
3440,Linda,Smith,linda.smith3440@brightwavetech.com,BrightWave Tech,,Converted,62,1841,827,2024-11-26,2024-10-11T00:00:00
3441,Nancy,Wilson,nancy.wilson3441@innovateco.com,InnovateCo,Inbound - Webinar,Converted,83,17,644,2021-12-30,2021-11-21T00:00:00
3442,James,Miller,james.miller3442@vertexai.com,VertexAI,Outbound - SDR,Converted,79,2124,163,2022-07-26,2022-06-12T00:00:00
3443,Mary,Johnson,mary.johnson3443@rapidcloud.com,RapidCloud,Paid Search,Converted,82,934,985,2024-06-29,2024-06-21T00:00:00
3444,Michael,Taylor,michael.taylor3444@cybervault.com,CyberVault,Inbound - Web,Working,45,,,,2022-03-18T00:00:00
3445,Karen,Davis,karen.davis3445@quantumlogiclabs.com,QuantumLogic Labs,Event,Converted,63,4748,981,2022-01-09,2021-11-28T00:00:00
3446,Karen,Jackson,karen.jackson3446@pulsepointdigital.com,PulsePoint Digital,Inbound - Webinar,Converted,64,2546,447,2020-08-26,2020-06-16T00:00:00
3447,Christopher,Rodriguez,christopher.rodriguez3447@scaleupsystems.com,ScaleUp Systems,Product-Led,SQL,69,,,,2023-06-08T00:00:00
3448,Thomas,Williams,thomas.williams3448@rapidcloud.com,RapidCloud,Product-Led,New,37,,,,2021-12-03T00:00:00
3449,Thomas,Wilson,thomas.wilson3449@databridgecorp.com,DataBridge Corp,Outbound - SDR,MQL,65,,,,2022-01-27T00:00:00
3450,Lisa,Jones,lisa.jones3450@nexgensolutions.com,NexGen Solutions,Outbound - Cold,MQL,64,,,,2022-01-29T00:00:00
3451,Barbara,Smith,barbara.smith3451@primepathdigital.com,PrimePath Digital,Product-Led,New,58,,,,2023-06-17T00:00:00
3452,Jennifer,Brown,jennifer.brown,InnovateCo,Outbound - Cold,SQL,80,,,,2022-10-27T00:00:00
3453,Nancy,Moore,nancy.moore,CloudScale Systems,Inbound - Web,Converted,86,3383,104,2023-03-08,2022-12-12T00:00:00
3454,Linda,Martinez,linda.martinez3454@nexgensolutions.com,NexGen Solutions,Inbound - Content,Working,40,,,,2024-08-09T00:00:00
3455,David,Garcia,,StreamLine Analytics,Inbound - Web,Disqualified,14,,,,2022-11-02T00:00:00
3456,Sarah,Lopez,sarah.lopez3456@corestack.com,CoreStack,Event,Working,36,,,,2021-11-24T00:00:00
3457,Daniel,Taylor,daniel.taylor3457@corestack.com,CoreStack,Inbound - Content,Converted,88,3339,937,2020-11-17,2020-08-27T00:00:00
3458,John,Thompson,john.thompson,CloudScale Systems,Inbound - Web,Converted,68,1412,853,2024-08-11,2024-05-26T00:00:00
3459,John,Garcia,john.garcia3459@pulsepointdigital.com,PulsePoint Digital,Paid Search,MQL,69,,,,2020-04-27T00:00:00
3460,Jessica,Thomas,jessica.thomas3460@pulsepointdigital.com,PulsePoint Digital,Event,Nurture,35,,,,2020-03-08T00:00:00
3461,Michael,Garcia,michael.garcia3461@databridgecorp.com,DataBridge Corp,Event,Converted,95,2278,995,2024-06-03,2024-03-28T00:00:00
3462,Lisa,Jones,lisa.jones3462@cybervault.com,CyberVault,Paid Search,Working,34,,,,2020-04-02T00:00:00
3463,David,Lopez,david.lopez3463@cloudscalesystems.com,CloudScale Systems,Partner Referral,Converted,79,3201,673,2024-09-17,2024-08-27T00:00:00
3464,John,Thompson,john.thompson3464@truenorthdata.com,TrueNorth Data,Event,New,51,,,,2024-06-13T00:00:00
3465,Thomas,Taylor,thomas.taylor3465@cloudscalesystems.com,CloudScale Systems,Inbound - Webinar,New,24,,,,2023-06-25T00:00:00
3466,Barbara,Moore,,FutureForge,Paid Search,Nurture,40,,,,2021-08-14T00:00:00
3467,David,Martin,david.martin3467@scaleupsystems.com,ScaleUp Systems,Outbound - Cold,SQL,97,,,,2020-10-10T00:00:00
3468,Elizabeth,Rodriguez,elizabeth.rodriguez3468@databridgecorp.com,DataBridge Corp,Inbound - Content,Working,42,,,,2021-04-24T00:00:00
3469,Linda,Williams,linda.williams3469@metasync.com,MetaSync,Inbound - Content,New,20,,,,2024-10-12T00:00:00
3470,Barbara,Martinez,barbara.martinez3470@pulsepointdigital.com,PulsePoint Digital,Inbound - Web,MQL,51,,,,2021-10-05T00:00:00
3471,Charles,Jackson,charles.jackson3471@futureforge.com,FutureForge,Outbound - SDR,Working,46,,,,2021-10-22T00:00:00
3472,Linda,Anderson,linda.anderson3472@cloudscalesystems.com,CloudScale Systems,Paid Search,New,69,,,,2023-03-04T00:00:00
3473,William,Lee,william.lee3473@brightwavetech.com,BrightWave Tech,,MQL,87,,,,2022-09-23T00:00:00
3474,Michael,Jackson,michael.jackson3474@innovateco.com,InnovateCo,Social Media,Working,56,,,,2022-05-23T00:00:00
3475,Patricia,Thomas,patricia.thomas3475@scaleupsystems.com,ScaleUp Systems,Event,Converted,74,3833,662,2022-01-22,2021-11-15T00:00:00
3476,Lisa,Moore,lisa.moore3476@quantumlogiclabs.com,QuantumLogic Labs,Inbound - Webinar,Converted,61,1678,550,2022-08-25,2022-07-26T00:00:00
3477,Jennifer,Jackson,jennifer.jackson,QuantumLogic Labs,Inbound - Web,Disqualified,23,,,,2024-09-07T00:00:00
3478,Karen,Garcia,karen.garcia3478@insightplatforms.com,Insight Platforms,Outbound - Cold,MQL,72,,,,2021-07-27T00:00:00
3479,Daniel,Brown,daniel.brown3479@cybervault.com,CyberVault,Social Media,New,55,,,,2020-04-21T00:00:00
3480,Michael,Thompson,michael.thompson,CoreStack,Inbound - Web,Converted,98,906,15,2023-10-06,2023-09-06T00:00:00
3481,James,Thomas,james.thomas,Insight Platforms,Partner Referral,Disqualified,-23,,,,2022-03-17T00:00:00
3482,Karen,Taylor,karen.taylor3482@nexgensolutions.com,NexGen Solutions,Paid Search,MQL,92,,,,2021-03-11T00:00:00
3483,Susan,Wilson,susan.wilson3483@primepathdigital.com,PrimePath Digital,Event,Converted,84,2418,535,2024-06-27,2024-05-03T00:00:00
3484,John,Garcia,john.garcia3484@pulsepointdigital.com,PulsePoint Digital,Event,Converted,64,740,182,2024-01-18,2023-11-29T00:00:00
3485,Joseph,Jackson,joseph.jackson3485@vertexai.com,VertexAI,Inbound - Webinar,SQL,83,,,,2022-05-08T00:00:00
3486,Patricia,Garcia,patricia.garcia3486@vertexai.com,VertexAI,Partner Referral,Nurture,14,,,,2021-01-13T00:00:00
3487,Robert,Moore,robert.moore3487@databridgecorp.com,DataBridge Corp,,New,45,,,,2023-03-01T00:00:00
3488,Sarah,Martinez,sarah.martinez3488@nexgensolutions.com,NexGen Solutions,Event,SQL,54,,,,2024-06-08T00:00:00
3489,Thomas,Martinez,thomas.martinez3489@metasync.com,MetaSync,Paid Search,Converted,89,966,742,2023-05-05,2023-04-15T00:00:00
3490,Sarah,Davis,sarah.davis3490@truenorthdata.com,TrueNorth Data,Inbound - Content,Working,38,,,,2022-08-30T00:00:00
3491,Thomas,Smith,thomas.smith3491@techflowinc.com,TechFlow Inc,Partner Referral,Nurture,26,,,,2021-03-24T00:00:00
3492,Patricia,Anderson,patricia.anderson3492@techflowinc.com,TechFlow Inc,Event,Converted,82,1984,739,2024-12-08,2024-09-29T00:00:00
3493,Patricia,Jackson,patricia.jackson3493@pulsepointdigital.com,PulsePoint Digital,Social Media,Working,48,,,,2021-03-10T00:00:00
3494,Thomas,Lee,thomas.lee3494@corestack.com,CoreStack,Product-Led,Working,29,,,,2023-02-14T00:00:00
3495,Christopher,Thompson,christopher.thompson3495@innovateco.com,InnovateCo,Social Media,Working,70,,,,2023-01-17T00:00:00
3496,Karen,Anderson,karen.anderson3496@futureforge.com,FutureForge,Inbound - Webinar,Nurture,60,,,,2023-08-25T00:00:00
3497,Karen,Jackson,karen.jackson3497@databridgecorp.com,DataBridge Corp,Event,Converted,75,1408,671,2021-03-24,2021-01-20T00:00:00
3498,Nancy,Thompson,nancy.thompson3498@pulsepointdigital.com,PulsePoint Digital,Event,SQL,100,,,,2023-10-26T00:00:00
3499,Susan,Thomas,susan.thomas3499@futureforge.com,FutureForge,Partner Referral,MQL,73,,,,2024-05-11T00:00:00
3500,Christopher,Davis,christopher.davis3500@streamlineanalytics.com,StreamLine Analytics,Paid Search,MQL,68,,,,2023-03-20T00:00:00
3501,Daniel,Thompson,daniel.thompson3501@agiledynamics.com,Agile Dynamics,Partner Referral,Converted,57,2619,529,2022-11-01,2022-10-30T00:00:00
3502,Charles,Lopez,charles.lopez3502@streamlineanalytics.com,StreamLine Analytics,Outbound - Cold,Disqualified,28,,,,2023-05-31T00:00:00
3503,John,Jackson,john.jackson3503@cloudscalesystems.com,CloudScale Systems,Outbound - Cold,MQL,55,,,,2020-12-23T00:00:00
3504,Michael,Wilson,michael.wilson,InnovateCo,Inbound - Webinar,New,61,,,,2023-10-18T00:00:00
3505,Charles,Jackson,charles.jackson3505@scaleupsystems.com,ScaleUp Systems,Paid Search,SQL,89,,,,2024-05-05T00:00:00
3506,James,Taylor,james.taylor3506@quantumlogiclabs.com,QuantumLogic Labs,Partner Referral,SQL,69,,,,2021-03-01T00:00:00
3507,Karen,Thompson,karen.thompson3507@techflowinc.com,TechFlow Inc,Event,SQL,100,,,,2021-06-10T00:00:00
3508,Christopher,Garcia,christopher.garcia3508@rapidcloud.com,RapidCloud,Inbound - Webinar,Disqualified,13,,,,2024-08-01T00:00:00
3509,John,Davis,john.davis3509@metasync.com,MetaSync,Inbound - Web,MQL,91,,,,2020-06-03T00:00:00
3510,Robert,Davis,robert.davis3510@truenorthdata.com,TrueNorth Data,Outbound - SDR,Converted,93,3560,505,2024-11-03,2024-08-26T00:00:00
3511,Michael,Brown,michael.brown3511@pulsepointdigital.com,PulsePoint Digital,Inbound - Content,Disqualified,14,,,,2020-12-18T00:00:00
3512,James,Rodriguez,james.rodriguez3512@innovateco.com,InnovateCo,Partner Referral,Working,21,,,,2023-10-02T00:00:00
3513,John,Brown,john.brown3513@insightplatforms.com,Insight Platforms,Event,MQL,76,,,,2021-05-24T00:00:00
3514,Michael,Anderson,michael.anderson3514@scaleupsystems.com,ScaleUp Systems,Social Media,Working,17,,,,2022-05-25T00:00:00
3515,James,Moore,james.moore3515@rapidcloud.com,RapidCloud,Social Media,New,66,,,,2023-04-03T00:00:00
3516,Elizabeth,Martinez,elizabeth.martinez3516@cybervault.com,CyberVault,Social Media,New,24,,,,2023-11-05T00:00:00
3517,Robert,Garcia,robert.garcia3517@nexgensolutions.com,NexGen Solutions,Partner Referral,Converted,53,494,494,2022-07-03,2022-04-24T00:00:00
3518,Nancy,Martin,nancy.martin3518@insightplatforms.com,Insight Platforms,Inbound - Webinar,Converted,74,2651,647,2024-12-09,2024-11-05T00:00:00
3519,Elizabeth,Brown,elizabeth.brown3519@corestack.com,CoreStack,Inbound - Web,Working,31,,,,2023-08-13T00:00:00
3520,Jessica,Williams,jessica.williams3520@scaleupsystems.com,ScaleUp Systems,Partner Referral,MQL,99,,,,2021-07-05T00:00:00
3521,Karen,Miller,karen.miller3521@nexgensolutions.com,NexGen Solutions,Inbound - Content,MQL,57,,,,2021-03-21T00:00:00
3522,Barbara,Moore,barbara.moore3522@techflowinc.com,TechFlow Inc,Inbound - Web,Working,47,,,,2023-01-26T00:00:00
3523,Daniel,Moore,daniel.moore3523@cybervault.com,CyberVault,Event,SQL,61,,,,2024-10-28T00:00:00
3524,Elizabeth,Thomas,elizabeth.thomas3524@nexgensolutions.com,NexGen Solutions,Inbound - Web,Converted,93,3893,128,2024-07-21,2024-05-07T00:00:00
3525,Richard,Rodriguez,richard.rodriguez3525@cybervault.com,CyberVault,Paid Search,Nurture,38,,,,2022-05-04T00:00:00
3526,James,Davis,james.davis3526@nexgensolutions.com,NexGen Solutions,Product-Led,New,24,,,,2024-04-01T00:00:00
3527,Jessica,Gonzalez,jessica.gonzalez3527@innovateco.com,InnovateCo,Outbound - Cold,Nurture,39,,,,2021-07-29T00:00:00
3528,Patricia,Hernandez,patricia.hernandez3528@futureforge.com,FutureForge,Outbound - SDR,Disqualified,13,,,,2020-11-22T00:00:00
3529,Charles,Lee,charles.lee3529@metasync.com,MetaSync,Product-Led,MQL,81,,,,2021-09-10T00:00:00
3530,Joseph,Moore,joseph.moore3530@nexgensolutions.com,NexGen Solutions,Partner Referral,Converted,73,137,247,2024-05-26,2024-05-19T00:00:00
3531,Michael,Martinez,michael.martinez3531@vertexai.com,VertexAI,Inbound - Webinar,Disqualified,27,,,,2020-05-13T00:00:00
3532,Susan,Thompson,susan.thompson3532@quantumlogiclabs.com,QuantumLogic Labs,Outbound - SDR,SQL,93,,,,2023-09-10T00:00:00
3533,Thomas,Williams,thomas.williams3533@brightwavetech.com,BrightWave Tech,Paid Search,SQL,100,,,,2022-08-11T00:00:00
3534,Richard,Thomas,richard.thomas3534@insightplatforms.com,Insight Platforms,Paid Search,MQL,63,,,,2020-11-13T00:00:00
3535,John,Gonzalez,john.gonzalez3535@corestack.com,CoreStack,Outbound - SDR,SQL,87,,,,2022-08-12T00:00:00
3536,Linda,Brown,linda.brown3536@metasync.com,MetaSync,Social Media,Nurture,66,,,,2022-01-10T00:00:00
3537,Michael,Lee,michael.lee3537@metasync.com,MetaSync,Inbound - Web,MQL,85,,,,2021-06-23T00:00:00
3538,William,Jackson,william.jackson3538@pulsepointdigital.com,PulsePoint Digital,Paid Search,Converted,55,4564,236,2024-09-07,2024-08-23T00:00:00
3539,Karen,Johnson,karen.johnson3539@futureforge.com,FutureForge,Product-Led,Converted,83,1953,159,2024-04-04,2024-03-01T00:00:00
3540,Jennifer,Martin,,MetaSync,Inbound - Content,Converted,66,1835,862,2022-06-11,2022-06-07T00:00:00
3541,Patricia,Martinez,patricia.martinez3541@truenorthdata.com,TrueNorth Data,Inbound - Content,Working,42,,,,2020-11-04T00:00:00
3542,David,Martinez,david.martinez3542@truenorthdata.com,TrueNorth Data,Partner Referral,Converted,65,4056,936,2023-05-21,2023-03-23T00:00:00
3543,Joseph,Jones,joseph.jones3543@agiledynamics.com,Agile Dynamics,Product-Led,Working,57,,,,2022-02-02T00:00:00
3544,Joseph,Hernandez,joseph.hernandez3544@corestack.com,CoreStack,Product-Led,Working,15,,,,2020-07-23T00:00:00
3545,Charles,Moore,charles.moore3545@truenorthdata.com,TrueNorth Data,Inbound - Content,New,43,,,,2024-03-26T00:00:00
3546,Robert,Smith,robert.smith3546@metasync.com,MetaSync,Inbound - Webinar,Nurture,52,,,,2023-12-24T00:00:00
3547,Jennifer,Johnson,jennifer.johnson3547@metasync.com,MetaSync,Event,Converted,89,4268,300,2024-08-02,2024-06-06T00:00:00
3548,Michael,Jones,michael.jones3548@agiledynamics.com,Agile Dynamics,Inbound - Web,Nurture,33,,,,2024-08-23T00:00:00
3549,Christopher,Lee,christopher.lee3549@vertexai.com,VertexAI,Outbound - SDR,Disqualified,16,,,,2023-08-04T00:00:00
3550,Elizabeth,Thomas,elizabeth.thomas3550@pulsepointdigital.com,PulsePoint Digital,Inbound - Web,MQL,51,,,,2020-05-05T00:00:00
3551,Daniel,Taylor,daniel.taylor3551@streamlineanalytics.com,StreamLine Analytics,Social Media,New,34,,,,2020-10-11T00:00:00
3552,Michael,Johnson,michael.johnson3552@techflowinc.com,TechFlow Inc,Event,MQL,87,,,,2021-08-14T00:00:00
3553,Susan,Jackson,susan.jackson3553@cybervault.com,CyberVault,Inbound - Webinar,Working,13,,,,2020-07-19T00:00:00
3554,Joseph,Miller,joseph.miller3554@databridgecorp.com,DataBridge Corp,Inbound - Web,Disqualified,30,,,,2023-01-01T00:00:00
3555,Mary,Wilson,mary.wilson3555@insightplatforms.com,Insight Platforms,Partner Referral,Converted,71,1789,533,2020-05-19,2020-03-30T00:00:00
3556,Linda,Wilson,linda.wilson3556@cloudscalesystems.com,CloudScale Systems,Outbound - SDR,Disqualified,20,,,,2022-07-05T00:00:00
3557,Sarah,Williams,sarah.williams3557@metasync.com,MetaSync,Event,SQL,71,,,,2023-09-23T00:00:00
3558,David,Moore,david.moore3558@corestack.com,CoreStack,Paid Search,MQL,87,,,,2023-09-21T00:00:00
3559,Barbara,Brown,barbara.brown3559@vertexai.com,VertexAI,Social Media,New,51,,,,2023-11-30T00:00:00
3560,Nancy,Moore,nancy.moore3560@futureforge.com,FutureForge,Product-Led,Converted,59,4900,902,2024-08-09,2024-07-25T00:00:00
3561,Joseph,Wilson,joseph.wilson3561@scaleupsystems.com,ScaleUp Systems,,New,68,,,,2022-11-13T00:00:00
3562,William,Thomas,william.thomas3562@metasync.com,MetaSync,Partner Referral,Converted,70,1624,429,2024-10-20,2024-09-16T00:00:00
3563,Charles,Martinez,charles.martinez3563@quantumlogiclabs.com,QuantumLogic Labs,Inbound - Web,MQL,59,,,,2023-03-10T00:00:00
3564,Barbara,Brown,barbara.brown3564@futureforge.com,FutureForge,Paid Search,New,31,,,,2023-08-27T00:00:00
3565,Jennifer,Wilson,jennifer.wilson3565@primepathdigital.com,PrimePath Digital,Partner Referral,Converted,61,3918,205,2024-08-22,2024-07-02T00:00:00
3566,Sarah,Gonzalez,sarah.gonzalez3566@corestack.com,CoreStack,Outbound - SDR,MQL,71,,,,2023-11-04T00:00:00
3567,Charles,Miller,charles.miller3567@innovateco.com,InnovateCo,Outbound - Cold,Disqualified,6,,,,2020-11-04T00:00:00
3568,David,Brown,david.brown3568@truenorthdata.com,TrueNorth Data,Event,Working,59,,,,2020-03-21T00:00:00
3569,Thomas,Martin,thomas.martin3569@metasync.com,MetaSync,Inbound - Webinar,Nurture,16,,,,2023-06-28T00:00:00
3570,Barbara,Thomas,barbara.thomas3570@metasync.com,MetaSync,Outbound - SDR,Working,16,,,,2024-11-08T00:00:00
3571,Joseph,Miller,joseph.miller3571@techflowinc.com,TechFlow Inc,,Working,65,,,,2023-04-07T00:00:00
3572,John,Smith,john.smith3572@vertexai.com,VertexAI,Inbound - Web,Converted,64,3019,189,2024-12-10,2024-11-12T00:00:00
3573,Lisa,Miller,lisa.miller3573@metasync.com,MetaSync,,Disqualified,2,,,,2021-12-18T00:00:00
3574,Charles,Miller,charles.miller,VertexAI,Outbound - SDR,New,28,,,,2024-03-04T00:00:00
3575,Christopher,Miller,christopher.miller3575@corestack.com,CoreStack,Outbound - SDR,MQL,80,,,,2023-09-08T00:00:00
3576,Charles,Davis,charles.davis3576@truenorthdata.com,TrueNorth Data,Inbound - Webinar,MQL,66,,,,2023-11-21T00:00:00
3577,Elizabeth,Brown,elizabeth.brown3577@agiledynamics.com,Agile Dynamics,Outbound - SDR,Disqualified,1,,,,2020-09-14T00:00:00
3578,Patricia,Martinez,patricia.martinez3578@innovateco.com,InnovateCo,Event,MQL,68,,,,2021-09-30T00:00:00
3579,Karen,Jones,karen.jones3579@scaleupsystems.com,ScaleUp Systems,Paid Search,Working,57,,,,2021-05-30T00:00:00
3580,Jessica,Wilson,jessica.wilson3580@quantumlogiclabs.com,QuantumLogic Labs,Outbound - Cold,SQL,93,,,,2022-01-12T00:00:00
3581,Patricia,Taylor,patricia.taylor3581@corestack.com,CoreStack,Paid Search,Disqualified,15,,,,2022-04-26T00:00:00
3582,Robert,Johnson,robert.johnson3582@truenorthdata.com,TrueNorth Data,Inbound - Web,Working,69,,,,2024-06-11T00:00:00
3583,Jennifer,Jackson,jennifer.jackson3583@innovateco.com,InnovateCo,Social Media,Working,49,,,,2022-02-08T00:00:00
3584,Lisa,Thomas,lisa.thomas3584@rapidcloud.com,RapidCloud,Partner Referral,New,10,,,,2020-01-26T00:00:00
3585,David,Taylor,david.taylor3585@primepathdigital.com,PrimePath Digital,Social Media,MQL,62,,,,2021-05-08T00:00:00
3586,Robert,Davis,robert.davis,PrimePath Digital,Outbound - Cold,Nurture,35,,,,2020-01-15T00:00:00
3587,James,Gonzalez,james.gonzalez3587@streamlineanalytics.com,StreamLine Analytics,Inbound - Webinar,Converted,81,1464,521,2024-03-23,2024-02-09T00:00:00
3588,Christopher,Lee,christopher.lee3588@quantumlogiclabs.com,QuantumLogic Labs,Inbound - Webinar,SQL,65,,,,2024-06-26T00:00:00
3589,Linda,Wilson,linda.wilson3589@agiledynamics.com,Agile Dynamics,Paid Search,Converted,66,1675,867,2023-07-15,2023-06-19T00:00:00
3590,Mary,Brown,mary.brown3590@insightplatforms.com,Insight Platforms,Inbound - Content,Working,46,,,,2021-12-19T00:00:00
3591,Thomas,Davis,thomas.davis3591@quantumlogiclabs.com,QuantumLogic Labs,Inbound - Web,Converted,69,1132,112,2020-10-06,2020-10-05T00:00:00
3592,Joseph,Davis,joseph.davis3592@pulsepointdigital.com,PulsePoint Digital,Event,MQL,77,,,,2020-02-19T00:00:00
3593,James,Jones,james.jones3593@techflowinc.com,TechFlow Inc,Inbound - Webinar,SQL,98,,,,2023-02-16T00:00:00
3594,Thomas,Davis,thomas.davis3594@brightwavetech.com,BrightWave Tech,Inbound - Web,New,69,,,,2024-01-07T00:00:00
3595,Linda,Jackson,linda.jackson3595@insightplatforms.com,Insight Platforms,Inbound - Content,Converted,80,8,431,2024-10-01,2024-08-15T00:00:00
3596,Thomas,Wilson,thomas.wilson3596@pulsepointdigital.com,PulsePoint Digital,Outbound - Cold,New,56,,,,2023-07-25T00:00:00
3597,William,Martinez,william.martinez3597@pulsepointdigital.com,PulsePoint Digital,Product-Led,Disqualified,0,,,,2024-07-18T00:00:00
3598,Jennifer,Anderson,,Agile Dynamics,Paid Search,New,29,,,,2024-05-05T00:00:00
3599,Thomas,Rodriguez,thomas.rodriguez3599@innovateco.com,InnovateCo,Inbound - Webinar,Disqualified,20,,,,2024-07-12T00:00:00
3600,Linda,Gonzalez,linda.gonzalez3600@corestack.com,CoreStack,Paid Search,MQL,73,,,,2023-08-03T00:00:00
3601,Thomas,Lee,thomas.lee3601@pulsepointdigital.com,PulsePoint Digital,Product-Led,MQL,94,,,,2021-11-12T00:00:00
3602,Nancy,Martin,nancy.martin3602@cloudscalesystems.com,CloudScale Systems,Event,SQL,82,,,,2020-07-03T00:00:00
3603,Michael,Williams,michael.williams3603@scaleupsystems.com,ScaleUp Systems,Partner Referral,New,23,,,,2022-06-05T00:00:00
3604,Richard,Moore,richard.moore3604@innovateco.com,InnovateCo,Outbound - Cold,MQL,84,,,,2023-02-09T00:00:00
3605,Jessica,Miller,jessica.miller3605@truenorthdata.com,TrueNorth Data,Outbound - Cold,Working,35,,,,2022-07-05T00:00:00
3606,Robert,Anderson,robert.anderson3606@techflowinc.com,TechFlow Inc,Outbound - SDR,Disqualified,10,,,,2020-12-10T00:00:00
3607,Karen,Anderson,karen.anderson3607@databridgecorp.com,DataBridge Corp,Inbound - Content,Working,65,,,,2020-08-30T00:00:00
3608,Thomas,Rodriguez,thomas.rodriguez3608@insightplatforms.com,Insight Platforms,Product-Led,Converted,97,96,810,2023-03-10,2023-03-06T00:00:00
3609,Patricia,Jones,patricia.jones3609@primepathdigital.com,PrimePath Digital,Inbound - Content,Nurture,30,,,,2022-09-23T00:00:00
3610,Daniel,Gonzalez,daniel.gonzalez3610@pulsepointdigital.com,PulsePoint Digital,Inbound - Web,Working,67,,,,2022-01-31T00:00:00
3611,James,Martin,james.martin3611@rapidcloud.com,RapidCloud,Inbound - Web,Nurture,23,,,,2022-01-11T00:00:00
3612,Thomas,Hernandez,thomas.hernandez3612@brightwavetech.com,BrightWave Tech,Outbound - Cold,Disqualified,30,,,,2023-01-30T00:00:00
3613,Robert,Rodriguez,robert.rodriguez3613@corestack.com,CoreStack,Inbound - Webinar,MQL,82,,,,2024-08-24T00:00:00
3614,Robert,Wilson,robert.wilson3614@streamlineanalytics.com,StreamLine Analytics,Inbound - Webinar,SQL,87,,,,2023-03-24T00:00:00
3615,Charles,Miller,charles.miller3615@pulsepointdigital.com,PulsePoint Digital,Paid Search,Nurture,42,,,,2022-03-29T00:00:00
3616,Sarah,Miller,sarah.miller3616@corestack.com,CoreStack,Event,Converted,58,4810,659,2021-06-24,2021-04-29T00:00:00
3617,Joseph,Lopez,joseph.lopez3617@insightplatforms.com,Insight Platforms,Inbound - Content,Working,27,,,,2021-08-24T00:00:00
3618,Thomas,Martinez,thomas.martinez3618@techflowinc.com,TechFlow Inc,Inbound - Web,MQL,52,,,,2024-06-03T00:00:00
3619,Nancy,Thompson,nancy.thompson3619@nexgensolutions.com,NexGen Solutions,Inbound - Content,MQL,78,,,,2021-12-03T00:00:00
3620,Jennifer,Martin,jennifer.martin3620@cloudscalesystems.com,CloudScale Systems,Partner Referral,Disqualified,22,,,,2023-04-25T00:00:00
3621,Daniel,Gonzalez,daniel.gonzalez3621@agiledynamics.com,Agile Dynamics,Paid Search,Working,17,,,,2021-12-18T00:00:00
3622,Barbara,Davis,,Insight Platforms,Event,New,35,,,,2020-02-09T00:00:00
3623,Linda,Jackson,,CoreStack,Event,MQL,94,,,,2020-12-04T00:00:00
3624,Michael,Martinez,michael.martinez3624@streamlineanalytics.com,StreamLine Analytics,Social Media,MQL,87,,,,2022-06-07T00:00:00
3625,Michael,Martin,michael.martin3625@rapidcloud.com,RapidCloud,Outbound - Cold,New,69,,,,2024-07-14T00:00:00
3626,John,Garcia,john.garcia3626@pulsepointdigital.com,PulsePoint Digital,Inbound - Web,MQL,73,,,,2022-07-20T00:00:00
3627,William,Lopez,william.lopez3627@cloudscalesystems.com,CloudScale Systems,Inbound - Web,SQL,53,,,,2023-01-30T00:00:00
3628,Karen,Miller,karen.miller3628@scaleupsystems.com,ScaleUp Systems,Inbound - Web,Converted,74,4761,999,2024-11-04,2024-10-03T00:00:00
3629,Joseph,Jones,joseph.jones3629@brightwavetech.com,BrightWave Tech,Partner Referral,Nurture,13,,,,2024-01-17T00:00:00
3630,Karen,Gonzalez,karen.gonzalez3630@insightplatforms.com,Insight Platforms,Social Media,Disqualified,20,,,,2021-08-02T00:00:00
3631,William,Martinez,william.martinez3631@truenorthdata.com,TrueNorth Data,Inbound - Web,New,68,,,,2022-04-25T00:00:00
3632,Jennifer,Thomas,jennifer.thomas3632@pulsepointdigital.com,PulsePoint Digital,Paid Search,Converted,57,3426,346,2021-07-21,2021-05-09T00:00:00
3633,Elizabeth,Gonzalez,elizabeth.gonzalez3633@nexgensolutions.com,NexGen Solutions,Inbound - Web,Working,70,,,,2022-05-08T00:00:00
3634,Jessica,Garcia,,DataBridge Corp,Outbound - SDR,Working,48,,,,2020-07-15T00:00:00
3635,Nancy,Davis,nancy.davis3635@rapidcloud.com,RapidCloud,Social Media,MQL,58,,,,2023-11-13T00:00:00
3636,Richard,Moore,richard.moore3636@primepathdigital.com,PrimePath Digital,Paid Search,Converted,70,1895,37,2020-08-15,2020-08-12T00:00:00
3637,Michael,Jones,,NexGen Solutions,Event,Disqualified,5,,,,2023-10-17T00:00:00
3638,Jennifer,Moore,jennifer.moore3638@quantumlogiclabs.com,QuantumLogic Labs,Inbound - Web,Nurture,10,,,,2023-01-31T00:00:00
3639,Jessica,Brown,jessica.brown3639@techflowinc.com,TechFlow Inc,Outbound - SDR,Working,51,,,,2023-10-28T00:00:00
3640,Michael,Lee,,BrightWave Tech,Outbound - SDR,New,46,,,,2023-02-24T00:00:00
3641,Thomas,Smith,thomas.smith3641@primepathdigital.com,PrimePath Digital,Social Media,SQL,56,,,,2021-06-22T00:00:00
3642,David,Taylor,david.taylor3642@innovateco.com,InnovateCo,Event,Nurture,16,,,,2024-01-26T00:00:00
3643,James,Thompson,james.thompson3643@truenorthdata.com,TrueNorth Data,Inbound - Webinar,New,30,,,,2020-08-17T00:00:00
3644,Linda,Williams,linda.williams3644@agiledynamics.com,Agile Dynamics,Outbound - SDR,Working,14,,,,2022-02-07T00:00:00
3645,David,Jackson,david.jackson3645@cloudscalesystems.com,CloudScale Systems,Inbound - Web,Converted,53,1196,413,2023-07-25,2023-06-21T00:00:00
3646,Lisa,Martinez,lisa.martinez3646@nexgensolutions.com,NexGen Solutions,Partner Referral,MQL,91,,,,2024-10-04T00:00:00
3647,Daniel,Hernandez,daniel.hernandez3647@innovateco.com,InnovateCo,Product-Led,MQL,83,,,,2021-12-16T00:00:00
3648,John,Miller,john.miller3648@quantumlogiclabs.com,QuantumLogic Labs,Inbound - Content,MQL,82,,,,2020-08-13T00:00:00
3649,Jennifer,Williams,jennifer.williams3649@databridgecorp.com,DataBridge Corp,Event,Working,23,,,,2024-10-17T00:00:00
3650,John,Thompson,john.thompson3650@cybervault.com,CyberVault,Social Media,New,20,,,,2023-12-22T00:00:00
3651,Christopher,Jackson,christopher.jackson,StreamLine Analytics,Event,Working,15,,,,2024-03-03T00:00:00
3652,Daniel,Gonzalez,daniel.gonzalez3652@corestack.com,CoreStack,Inbound - Web,Disqualified,20,,,,2021-03-27T00:00:00
3653,Mary,Brown,mary.brown3653@corestack.com,CoreStack,Inbound - Web,Disqualified,3,,,,2020-02-24T00:00:00
3654,Nancy,Anderson,nancy.anderson3654@techflowinc.com,TechFlow Inc,Event,MQL,86,,,,2021-08-08T00:00:00
3655,Karen,Brown,karen.brown3655@corestack.com,CoreStack,Inbound - Content,Nurture,44,,,,2022-03-10T00:00:00
3656,Daniel,Gonzalez,daniel.gonzalez,StreamLine Analytics,Inbound - Web,SQL,64,,,,2020-01-04T00:00:00
3657,Thomas,Lee,thomas.lee3657@pulsepointdigital.com,PulsePoint Digital,Social Media,Converted,67,4989,694,2024-10-02,2024-08-24T00:00:00
3658,Karen,Taylor,karen.taylor3658@streamlineanalytics.com,StreamLine Analytics,Paid Search,Disqualified,10,,,,2023-06-20T00:00:00
3659,Susan,Smith,susan.smith3659@brightwavetech.com,BrightWave Tech,Paid Search,Nurture,34,,,,2023-06-29T00:00:00
3660,Susan,Gonzalez,susan.gonzalez3660@cybervault.com,CyberVault,Paid Search,Disqualified,-17,,,,2021-07-19T00:00:00
3661,Sarah,Brown,sarah.brown3661@metasync.com,MetaSync,Inbound - Web,SQL,85,,,,2021-09-15T00:00:00
3662,David,Jackson,david.jackson3662@agiledynamics.com,Agile Dynamics,Event,SQL,66,,,,2023-08-31T00:00:00
3663,Mary,Lopez,mary.lopez3663@vertexai.com,VertexAI,Social Media,SQL,51,,,,2024-11-03T00:00:00
3664,Thomas,Jones,thomas.jones3664@scaleupsystems.com,ScaleUp Systems,Event,Converted,98,1926,479,2024-06-16,2024-05-27T00:00:00
3665,Robert,Martin,robert.martin3665@insightplatforms.com,Insight Platforms,Social Media,SQL,96,,,,2024-06-05T00:00:00
3666,Robert,Moore,robert.moore3666@metasync.com,MetaSync,Inbound - Webinar,New,52,,,,2023-07-22T00:00:00
3667,Patricia,Rodriguez,,PrimePath Digital,Partner Referral,Working,54,,,,2021-12-17T00:00:00
3668,Jennifer,Anderson,jennifer.anderson3668@rapidcloud.com,RapidCloud,Outbound - Cold,Disqualified,11,,,,2020-04-23T00:00:00
3669,Sarah,Jackson,sarah.jackson3669@vertexai.com,VertexAI,Outbound - SDR,Converted,50,4328,639,2024-08-27,2024-06-09T00:00:00
3670,John,Martinez,john.martinez3670@truenorthdata.com,TrueNorth Data,Event,Converted,62,469,858,2024-11-17,2024-11-05T00:00:00
3671,Joseph,Martin,joseph.martin3671@corestack.com,CoreStack,Partner Referral,Working,10,,,,2020-04-11T00:00:00
3672,Barbara,Garcia,barbara.garcia3672@pulsepointdigital.com,PulsePoint Digital,Inbound - Web,Working,59,,,,2024-07-30T00:00:00
3673,James,Lopez,james.lopez3673@quantumlogiclabs.com,QuantumLogic Labs,Paid Search,Nurture,33,,,,2022-02-05T00:00:00
3674,Michael,Wilson,michael.wilson3674@streamlineanalytics.com,StreamLine Analytics,Social Media,Nurture,63,,,,2021-09-06T00:00:00
3675,Barbara,Jones,barbara.jones3675@pulsepointdigital.com,PulsePoint Digital,,MQL,87,,,,2020-08-03T00:00:00
3676,Mary,Martin,mary.martin3676@primepathdigital.com,PrimePath Digital,Partner Referral,Nurture,16,,,,2020-12-11T00:00:00
3677,Joseph,Williams,joseph.williams3677@quantumlogiclabs.com,QuantumLogic Labs,Paid Search,Converted,55,1418,877,2024-12-25,2024-12-01T00:00:00
3678,Mary,Anderson,mary.anderson3678@quantumlogiclabs.com,QuantumLogic Labs,Social Media,MQL,77,,,,2020-11-06T00:00:00
3679,Lisa,Martinez,lisa.martinez3679@primepathdigital.com,PrimePath Digital,Product-Led,Nurture,61,,,,2022-12-22T00:00:00
3680,Nancy,Martin,nancy.martin3680@rapidcloud.com,RapidCloud,Social Media,SQL,97,,,,2020-10-06T00:00:00
3681,Susan,Moore,susan.moore3681@innovateco.com,InnovateCo,Product-Led,MQL,87,,,,2021-01-13T00:00:00
3682,Richard,Garcia,richard.garcia3682@techflowinc.com,TechFlow Inc,Event,Disqualified,18,,,,2021-09-21T00:00:00
3683,David,Davis,david.davis3683@futureforge.com,FutureForge,Paid Search,New,55,,,,2023-01-05T00:00:00
3684,Susan,Jones,susan.jones,MetaSync,Social Media,New,34,,,,2023-06-04T00:00:00
3685,John,Taylor,john.taylor3685@cybervault.com,CyberVault,Paid Search,SQL,62,,,,2021-07-08T00:00:00
3686,James,Moore,james.moore3686@quantumlogiclabs.com,QuantumLogic Labs,Paid Search,SQL,66,,,,2023-04-03T00:00:00
3687,Richard,Thomas,richard.thomas3687@insightplatforms.com,Insight Platforms,Partner Referral,New,10,,,,2023-01-16T00:00:00
3688,Daniel,Thomas,daniel.thomas3688@rapidcloud.com,RapidCloud,Partner Referral,SQL,81,,,,2021-11-10T00:00:00
3689,John,Johnson,john.johnson3689@quantumlogiclabs.com,QuantumLogic Labs,Inbound - Content,Converted,61,2798,147,2024-10-04,2024-09-02T00:00:00
3690,Robert,Brown,robert.brown3690@pulsepointdigital.com,PulsePoint Digital,Inbound - Web,Working,62,,,,2021-12-19T00:00:00
3691,Susan,Anderson,susan.anderson3691@quantumlogiclabs.com,QuantumLogic Labs,Event,Working,18,,,,2021-10-08T00:00:00
3692,Patricia,Wilson,patricia.wilson3692@quantumlogiclabs.com,QuantumLogic Labs,Paid Search,Disqualified,11,,,,2021-01-21T00:00:00
3693,Joseph,Jones,joseph.jones3693@agiledynamics.com,Agile Dynamics,Event,SQL,76,,,,2023-11-15T00:00:00
3694,Mary,Miller,mary.miller3694@truenorthdata.com,TrueNorth Data,Inbound - Content,New,30,,,,2023-02-25T00:00:00
3695,Richard,Moore,richard.moore3695@rapidcloud.com,RapidCloud,Product-Led,Converted,68,3991,308,2023-02-20,2022-12-21T00:00:00
3696,Thomas,Miller,thomas.miller3696@techflowinc.com,TechFlow Inc,Paid Search,MQL,95,,,,2024-03-14T00:00:00
3697,Patricia,Moore,patricia.moore3697@innovateco.com,InnovateCo,Product-Led,New,34,,,,2021-06-27T00:00:00
3698,Thomas,Rodriguez,thomas.rodriguez3698@streamlineanalytics.com,StreamLine Analytics,Outbound - SDR,Disqualified,20,,,,2023-07-13T00:00:00
3699,Charles,Jones,charles.jones3699@scaleupsystems.com,ScaleUp Systems,Outbound - SDR,Nurture,30,,,,2022-09-23T00:00:00
3700,William,Taylor,william.taylor3700@techflowinc.com,TechFlow Inc,Event,MQL,50,,,,2021-08-14T00:00:00
3701,Jessica,Martinez,jessica.martinez3701@scaleupsystems.com,ScaleUp Systems,Social Media,Converted,59,3342,770,2022-08-19,2022-06-19T00:00:00
3702,David,Thomas,david.thomas3702@brightwavetech.com,BrightWave Tech,Social Media,Converted,52,3401,546,2024-07-03,2024-05-26T00:00:00
3703,Karen,Martin,karen.martin3703@primepathdigital.com,PrimePath Digital,Event,Working,25,,,,2023-09-07T00:00:00
3704,Mary,Davis,mary.davis3704@metasync.com,MetaSync,Product-Led,New,60,,,,2021-01-02T00:00:00
3705,Nancy,Brown,nancy.brown3705@corestack.com,CoreStack,Paid Search,Working,53,,,,2022-01-09T00:00:00
3706,Michael,Hernandez,michael.hernandez,TrueNorth Data,Product-Led,Disqualified,16,,,,2021-04-04T00:00:00
3707,David,Moore,david.moore3707@futureforge.com,FutureForge,Outbound - Cold,SQL,53,,,,2024-09-08T00:00:00
3708,James,Taylor,james.taylor3708@insightplatforms.com,Insight Platforms,Inbound - Content,Converted,67,513,479,2024-07-06,2024-06-21T00:00:00
3709,Barbara,Lee,barbara.lee3709@streamlineanalytics.com,StreamLine Analytics,Event,Converted,52,2282,654,2024-01-01,2023-10-19T00:00:00
3710,Daniel,Lopez,daniel.lopez3710@truenorthdata.com,TrueNorth Data,Social Media,New,26,,,,2023-09-24T00:00:00
3711,Nancy,Miller,nancy.miller3711@rapidcloud.com,RapidCloud,Inbound - Webinar,Working,15,,,,2024-10-13T00:00:00
3712,William,Miller,william.miller3712@techflowinc.com,TechFlow Inc,Product-Led,MQL,80,,,,2022-08-02T00:00:00
3713,Susan,Gonzalez,susan.gonzalez3713@futureforge.com,FutureForge,Inbound - Content,New,11,,,,2021-11-28T00:00:00
3714,Christopher,Lopez,christopher.lopez3714@streamlineanalytics.com,StreamLine Analytics,Outbound - Cold,New,52,,,,2021-07-18T00:00:00
3715,Mary,Johnson,mary.johnson3715@primepathdigital.com,PrimePath Digital,Inbound - Web,Disqualified,19,,,,2024-03-23T00:00:00
3716,Joseph,Jones,joseph.jones3716@corestack.com,CoreStack,Paid Search,Working,52,,,,2020-06-05T00:00:00
3717,William,Hernandez,william.hernandez3717@vertexai.com,VertexAI,Outbound - SDR,New,25,,,,2024-11-11T00:00:00
3718,Jennifer,Davis,jennifer.davis3718@techflowinc.com,TechFlow Inc,Outbound - Cold,Working,24,,,,2024-11-22T00:00:00
3719,Jessica,Anderson,jessica.anderson3719@techflowinc.com,TechFlow Inc,Paid Search,New,10,,,,2022-08-15T00:00:00
3720,Elizabeth,Martinez,,MetaSync,Outbound - SDR,Disqualified,4,,,,2020-05-18T00:00:00
3721,David,Rodriguez,david.rodriguez3721@cybervault.com,CyberVault,Outbound - SDR,SQL,69,,,,2024-07-16T00:00:00
3722,Susan,Thomas,susan.thomas3722@futureforge.com,FutureForge,Inbound - Content,MQL,64,,,,2020-03-22T00:00:00
3723,Christopher,Rodriguez,,CyberVault,Paid Search,New,23,,,,2021-08-26T00:00:00
3724,James,Martinez,james.martinez3724@scaleupsystems.com,ScaleUp Systems,Outbound - SDR,SQL,89,,,,2023-04-10T00:00:00
3725,Patricia,Garcia,patricia.garcia3725@pulsepointdigital.com,PulsePoint Digital,Product-Led,Working,14,,,,2021-04-19T00:00:00
3726,Joseph,Martin,joseph.martin3726@corestack.com,CoreStack,Product-Led,New,14,,,,2022-12-18T00:00:00
3727,Joseph,Thomas,joseph.thomas3727@futureforge.com,FutureForge,Partner Referral,Disqualified,16,,,,2023-09-12T00:00:00
3728,Mary,Wilson,mary.wilson3728@vertexai.com,VertexAI,Inbound - Content,SQL,78,,,,2021-07-07T00:00:00
3729,Patricia,Brown,patricia.brown3729@innovateco.com,InnovateCo,Event,MQL,84,,,,2020-01-16T00:00:00
3730,Barbara,Garcia,barbara.garcia3730@cybervault.com,CyberVault,Social Media,Disqualified,26,,,,2021-05-28T00:00:00
3731,Elizabeth,Johnson,elizabeth.johnson3731@nexgensolutions.com,NexGen Solutions,Partner Referral,SQL,86,,,,2020-02-11T00:00:00
3732,Nancy,Garcia,nancy.garcia3732@corestack.com,CoreStack,Inbound - Web,Converted,56,276,816,2022-12-29,2022-12-30T00:00:00
3733,Jessica,Moore,jessica.moore3733@cybervault.com,CyberVault,Inbound - Web,SQL,97,,,,2022-02-16T00:00:00
3734,Karen,Rodriguez,karen.rodriguez3734@truenorthdata.com,TrueNorth Data,Product-Led,Nurture,11,,,,2023-10-12T00:00:00
3735,Charles,Garcia,charles.garcia3735@quantumlogiclabs.com,QuantumLogic Labs,Partner Referral,SQL,55,,,,2020-12-16T00:00:00
3736,Richard,Hernandez,richard.hernandez3736@agiledynamics.com,Agile Dynamics,Outbound - SDR,Disqualified,16,,,,2024-11-25T00:00:00
3737,Patricia,Martin,patricia.martin3737@pulsepointdigital.com,PulsePoint Digital,Inbound - Web,Nurture,27,,,,2022-04-14T00:00:00
3738,Linda,Martin,linda.martin3738@primepathdigital.com,PrimePath Digital,Inbound - Content,MQL,68,,,,2020-06-22T00:00:00
3739,David,Taylor,david.taylor,PulsePoint Digital,Inbound - Webinar,Nurture,28,,,,2024-04-28T00:00:00
3740,Sarah,Hernandez,sarah.hernandez3740@cloudscalesystems.com,CloudScale Systems,Partner Referral,Converted,97,2614,519,2024-09-27,2024-09-25T00:00:00
3741,Robert,Lopez,robert.lopez3741@cloudscalesystems.com,CloudScale Systems,Event,MQL,83,,,,2020-08-07T00:00:00
3742,Susan,Garcia,susan.garcia3742@nexgensolutions.com,NexGen Solutions,Inbound - Webinar,Converted,92,3597,87,2023-03-24,2023-03-24T00:00:00
3743,Michael,Martin,michael.martin3743@pulsepointdigital.com,PulsePoint Digital,Product-Led,Converted,100,4771,532,2021-02-16,2021-01-31T00:00:00
3744,Nancy,Wilson,nancy.wilson3744@pulsepointdigital.com,PulsePoint Digital,Outbound - Cold,Working,29,,,,2024-02-08T00:00:00
3745,Barbara,Hernandez,barbara.hernandez3745@techflowinc.com,TechFlow Inc,Partner Referral,Working,33,,,,2022-06-02T00:00:00
3746,Daniel,Martin,daniel.martin3746@pulsepointdigital.com,PulsePoint Digital,Inbound - Content,New,67,,,,2020-09-12T00:00:00
3747,Elizabeth,Jones,elizabeth.jones3747@innovateco.com,InnovateCo,Outbound - Cold,SQL,80,,,,2021-09-10T00:00:00
3748,David,Anderson,david.anderson3748@agiledynamics.com,Agile Dynamics,Partner Referral,New,62,,,,2020-06-28T00:00:00
3749,Mary,Martin,mary.martin3749@cloudscalesystems.com,CloudScale Systems,Inbound - Content,New,63,,,,2021-08-10T00:00:00
3750,Sarah,Brown,sarah.brown3750@agiledynamics.com,Agile Dynamics,Outbound - SDR,Nurture,51,,,,2023-12-30T00:00:00
3751,Michael,Thomas,michael.thomas3751@brightwavetech.com,BrightWave Tech,Partner Referral,New,64,,,,2020-10-31T00:00:00
3752,James,Johnson,james.johnson,PulsePoint Digital,Partner Referral,Working,39,,,,2020-02-05T00:00:00
3753,Linda,Thompson,linda.thompson3753@corestack.com,CoreStack,Product-Led,MQL,65,,,,2021-04-29T00:00:00
3754,Jennifer,Thomas,jennifer.thomas3754@insightplatforms.com,Insight Platforms,Inbound - Content,Working,26,,,,2021-03-20T00:00:00
3755,Richard,Jones,richard.jones3755@vertexai.com,VertexAI,,Nurture,45,,,,2022-01-12T00:00:00
3756,Jennifer,Thompson,,RapidCloud,Product-Led,Converted,58,3995,572,2024-06-03,2024-05-04T00:00:00
3757,Lisa,Wilson,lisa.wilson3757@brightwavetech.com,BrightWave Tech,Inbound - Content,Converted,98,4713,198,2020-09-26,2020-08-26T00:00:00
3758,Nancy,Jones,nancy.jones3758@innovateco.com,InnovateCo,Inbound - Content,Disqualified,6,,,,2021-05-20T00:00:00
3759,Joseph,Garcia,joseph.garcia3759@futureforge.com,FutureForge,Outbound - SDR,Nurture,27,,,,2024-09-04T00:00:00
3760,Linda,Jackson,linda.jackson3760@scaleupsystems.com,ScaleUp Systems,Product-Led,Working,43,,,,2024-06-17T00:00:00
3761,James,Martin,james.martin3761@cybervault.com,CyberVault,Product-Led,New,50,,,,2022-10-16T00:00:00
3762,Susan,Jones,susan.jones,InnovateCo,Outbound - Cold,New,52,,,,2022-03-01T00:00:00
3763,Jessica,Gonzalez,jessica.gonzalez3763@streamlineanalytics.com,StreamLine Analytics,Product-Led,Converted,98,3481,396,2022-12-08,2022-09-17T00:00:00
3764,Karen,Martinez,karen.martinez3764@databridgecorp.com,DataBridge Corp,Product-Led,New,67,,,,2022-08-23T00:00:00
3765,Sarah,Smith,sarah.smith3765@brightwavetech.com,BrightWave Tech,Outbound - Cold,SQL,91,,,,2020-02-20T00:00:00
3766,Sarah,Taylor,sarah.taylor3766@techflowinc.com,TechFlow Inc,Outbound - Cold,New,22,,,,2021-09-10T00:00:00
3767,Lisa,Johnson,lisa.johnson3767@scaleupsystems.com,ScaleUp Systems,Social Media,Nurture,56,,,,2022-06-10T00:00:00
3768,Jessica,Gonzalez,jessica.gonzalez3768@databridgecorp.com,DataBridge Corp,Social Media,MQL,62,,,,2020-05-21T00:00:00
3769,Mary,Jackson,mary.jackson3769@cloudscalesystems.com,CloudScale Systems,Outbound - Cold,MQL,96,,,,2020-03-19T00:00:00
3770,Daniel,Garcia,daniel.garcia3770@truenorthdata.com,TrueNorth Data,Partner Referral,New,-48,,,,2024-12-18T00:00:00
3771,Michael,Wilson,michael.wilson3771@nexgensolutions.com,NexGen Solutions,Outbound - Cold,Working,25,,,,2020-12-25T00:00:00
3772,Susan,Smith,susan.smith3772@streamlineanalytics.com,StreamLine Analytics,Outbound - Cold,Nurture,36,,,,2024-07-14T00:00:00
3773,Linda,Williams,linda.williams3773@metasync.com,MetaSync,Outbound - SDR,MQL,54,,,,2023-08-09T00:00:00
3774,Sarah,Jackson,sarah.jackson3774@nexgensolutions.com,NexGen Solutions,Paid Search,Disqualified,6,,,,2020-06-25T00:00:00
3775,Patricia,Garcia,patricia.garcia3775@streamlineanalytics.com,StreamLine Analytics,Inbound - Content,Converted,99,501,193,2023-06-24,2023-04-30T00:00:00
3776,Barbara,Wilson,barbara.wilson3776@primepathdigital.com,PrimePath Digital,Partner Referral,Converted,54,2382,900,2022-12-24,2022-10-21T00:00:00
3777,Patricia,Davis,patricia.davis3777@streamlineanalytics.com,StreamLine Analytics,Paid Search,MQL,82,,,,2020-08-15T00:00:00
3778,Robert,Miller,robert.miller3778@agiledynamics.com,Agile Dynamics,Event,Disqualified,18,,,,2024-10-01T00:00:00
3779,Elizabeth,Gonzalez,elizabeth.gonzalez3779@primepathdigital.com,PrimePath Digital,Inbound - Webinar,Converted,87,619,338,2024-02-23,2024-01-19T00:00:00
3780,Charles,Gonzalez,charles.gonzalez3780@techflowinc.com,TechFlow Inc,Social Media,MQL,65,,,,2022-08-16T00:00:00
3781,Charles,Rodriguez,charles.rodriguez3781@futureforge.com,FutureForge,Partner Referral,Converted,65,89,628,2022-10-17,2022-08-30T00:00:00
3782,William,Rodriguez,william.rodriguez3782@cybervault.com,CyberVault,Inbound - Web,Converted,93,3774,640,2024-02-05,2024-01-02T00:00:00
3783,Nancy,Hernandez,nancy.hernandez3783@scaleupsystems.com,ScaleUp Systems,Event,Working,25,,,,2020-07-03T00:00:00
3784,Patricia,Taylor,patricia.taylor3784@scaleupsystems.com,ScaleUp Systems,Social Media,MQL,60,,,,2022-09-15T00:00:00
3785,Jennifer,Davis,jennifer.davis3785@streamlineanalytics.com,StreamLine Analytics,Outbound - Cold,MQL,87,,,,2020-04-13T00:00:00
3786,Patricia,Davis,patricia.davis3786@pulsepointdigital.com,PulsePoint Digital,Partner Referral,Working,16,,,,2023-09-18T00:00:00
3787,Richard,Lopez,richard.lopez3787@techflowinc.com,TechFlow Inc,Inbound - Web,SQL,87,,,,2021-09-05T00:00:00
3788,Jessica,Davis,jessica.davis3788@cybervault.com,CyberVault,Inbound - Web,Working,54,,,,2023-07-24T00:00:00
3789,Thomas,Jackson,thomas.jackson3789@primepathdigital.com,PrimePath Digital,Event,New,47,,,,2022-09-25T00:00:00
3790,John,Davis,john.davis3790@metasync.com,MetaSync,,Converted,97,4440,28,2024-12-18,2024-09-28T00:00:00
3791,Jennifer,Moore,jennifer.moore3791@vertexai.com,VertexAI,Outbound - SDR,Converted,72,1892,302,2020-03-12,2020-01-26T00:00:00
3792,David,Gonzalez,david.gonzalez3792@streamlineanalytics.com,StreamLine Analytics,Partner Referral,Working,14,,,,2021-02-11T00:00:00
3793,Nancy,Thompson,nancy.thompson3793@cloudscalesystems.com,CloudScale Systems,Social Media,Disqualified,27,,,,2021-10-24T00:00:00
3794,Christopher,Martinez,christopher.martinez3794@corestack.com,CoreStack,Partner Referral,Disqualified,9,,,,2022-06-15T00:00:00
3795,Richard,Williams,richard.williams3795@nexgensolutions.com,NexGen Solutions,Inbound - Webinar,Converted,89,2036,668,2023-05-04,2023-02-23T00:00:00
3796,Daniel,Jackson,daniel.jackson3796@vertexai.com,VertexAI,Paid Search,New,17,,,,2023-06-04T00:00:00
3797,Richard,Miller,richard.miller3797@agiledynamics.com,Agile Dynamics,Partner Referral,SQL,85,,,,2023-12-23T00:00:00
3798,Michael,Rodriguez,michael.rodriguez3798@innovateco.com,InnovateCo,Outbound - SDR,Disqualified,30,,,,2023-05-07T00:00:00
3799,Thomas,Jones,,TechFlow Inc,Partner Referral,New,32,,,,2023-12-12T00:00:00
3800,Elizabeth,Rodriguez,elizabeth.rodriguez3800@scaleupsystems.com,ScaleUp Systems,Partner Referral,SQL,68,,,,2024-05-11T00:00:00
3801,Jennifer,Lee,jennifer.lee3801@metasync.com,MetaSync,Inbound - Webinar,Working,-36,,,,2022-08-28T00:00:00
3802,John,Anderson,john.anderson3802@rapidcloud.com,RapidCloud,Inbound - Webinar,Working,67,,,,2022-09-18T00:00:00
3803,Charles,Thomas,charles.thomas3803@quantumlogiclabs.com,QuantumLogic Labs,Inbound - Content,Nurture,62,,,,2024-05-13T00:00:00
3804,Robert,Miller,robert.miller3804@nexgensolutions.com,NexGen Solutions,Social Media,New,28,,,,2024-03-05T00:00:00
3805,Michael,Thomas,michael.thomas3805@insightplatforms.com,Insight Platforms,,Disqualified,16,,,,2023-06-04T00:00:00
3806,Richard,Williams,richard.williams3806@quantumlogiclabs.com,QuantumLogic Labs,Inbound - Content,Converted,86,1456,110,2023-12-04,2023-10-16T00:00:00
3807,William,Jackson,william.jackson3807@cloudscalesystems.com,CloudScale Systems,Inbound - Webinar,SQL,73,,,,2020-09-25T00:00:00
3808,Thomas,Hernandez,,TrueNorth Data,Social Media,New,58,,,,2020-08-07T00:00:00
3809,Susan,Martinez,susan.martinez3809@nexgensolutions.com,NexGen Solutions,Inbound - Web,Disqualified,20,,,,2020-05-29T00:00:00
3810,John,Thompson,john.thompson3810@techflowinc.com,TechFlow Inc,Partner Referral,Converted,55,1035,633,2024-03-26,2024-01-08T00:00:00
3811,William,Martin,william.martin3811@agiledynamics.com,Agile Dynamics,Inbound - Content,MQL,100,,,,2024-07-20T00:00:00
3812,Lisa,Williams,lisa.williams3812@brightwavetech.com,BrightWave Tech,Social Media,Working,67,,,,2021-06-24T00:00:00
3813,Elizabeth,Moore,elizabeth.moore3813@vertexai.com,VertexAI,Inbound - Web,Converted,92,2535,932,2024-05-08,2024-03-02T00:00:00
3814,Jennifer,Taylor,jennifer.taylor3814@vertexai.com,VertexAI,Outbound - SDR,Disqualified,26,,,,2021-04-28T00:00:00
3815,Michael,Lopez,michael.lopez3815@nexgensolutions.com,NexGen Solutions,,New,63,,,,2021-07-03T00:00:00
3816,Thomas,Martin,thomas.martin3816@techflowinc.com,TechFlow Inc,Inbound - Webinar,Converted,66,3446,19,2024-01-21,2023-12-11T00:00:00
3817,Joseph,Lee,joseph.lee,TechFlow Inc,Paid Search,Disqualified,26,,,,2021-08-22T00:00:00
3818,Linda,Davis,linda.davis3818@rapidcloud.com,RapidCloud,Paid Search,SQL,65,,,,2020-01-07T00:00:00
3819,Christopher,Gonzalez,christopher.gonzalez3819@cybervault.com,CyberVault,Product-Led,Disqualified,14,,,,2024-09-12T00:00:00
3820,Michael,Smith,michael.smith3820@pulsepointdigital.com,PulsePoint Digital,Inbound - Content,SQL,72,,,,2024-04-16T00:00:00
3821,Joseph,Jones,joseph.jones3821@brightwavetech.com,BrightWave Tech,Outbound - SDR,New,51,,,,2024-12-29T00:00:00
3822,Susan,Martinez,susan.martinez3822@insightplatforms.com,Insight Platforms,Inbound - Content,SQL,52,,,,2021-09-03T00:00:00
3823,James,Anderson,james.anderson3823@truenorthdata.com,TrueNorth Data,,Disqualified,25,,,,2024-05-23T00:00:00
3824,Sarah,Williams,sarah.williams3824@innovateco.com,InnovateCo,Inbound - Web,New,49,,,,2024-05-04T00:00:00
3825,Linda,Garcia,linda.garcia3825@vertexai.com,VertexAI,Social Media,Converted,79,2490,308,2024-06-04,2024-04-26T00:00:00
3826,David,Lopez,david.lopez3826@insightplatforms.com,Insight Platforms,Event,New,62,,,,2020-04-28T00:00:00
3827,Sarah,Jones,sarah.jones3827@cloudscalesystems.com,CloudScale Systems,Outbound - SDR,Disqualified,22,,,,2021-12-04T00:00:00
3828,Nancy,Miller,nancy.miller3828@streamlineanalytics.com,StreamLine Analytics,Partner Referral,Working,20,,,,2020-11-10T00:00:00
3829,Jennifer,Taylor,jennifer.taylor3829@pulsepointdigital.com,PulsePoint Digital,Inbound - Content,New,17,,,,2021-08-02T00:00:00
3830,Patricia,Rodriguez,patricia.rodriguez3830@databridgecorp.com,DataBridge Corp,Inbound - Webinar,SQL,90,,,,2023-02-05T00:00:00
3831,Charles,Taylor,charles.taylor3831@primepathdigital.com,PrimePath Digital,Partner Referral,SQL,76,,,,2020-03-28T00:00:00
3832,John,Brown,john.brown3832@pulsepointdigital.com,PulsePoint Digital,Outbound - SDR,MQL,66,,,,2020-02-25T00:00:00
3833,Christopher,Hernandez,christopher.hernandez3833@innovateco.com,InnovateCo,Inbound - Web,Disqualified,16,,,,2020-08-29T00:00:00
3834,Mary,Davis,mary.davis3834@primepathdigital.com,PrimePath Digital,Paid Search,MQL,90,,,,2021-01-31T00:00:00
3835,Mary,Thomas,mary.thomas3835@nexgensolutions.com,NexGen Solutions,Inbound - Content,SQL,50,,,,2023-11-01T00:00:00
3836,Barbara,Wilson,barbara.wilson3836@primepathdigital.com,PrimePath Digital,Paid Search,New,13,,,,2021-09-08T00:00:00
3837,Michael,Wilson,michael.wilson3837@pulsepointdigital.com,PulsePoint Digital,Product-Led,Working,57,,,,2024-04-21T00:00:00
3838,Joseph,Lee,joseph.lee3838@metasync.com,MetaSync,Outbound - SDR,Disqualified,13,,,,2024-03-21T00:00:00
3839,Charles,Smith,charles.smith3839@streamlineanalytics.com,StreamLine Analytics,Paid Search,New,30,,,,2021-08-17T00:00:00
3840,Linda,Brown,linda.brown3840@cloudscalesystems.com,CloudScale Systems,Partner Referral,Converted,98,2597,232,2024-12-04,2024-12-07T00:00:00
3841,Joseph,Brown,joseph.brown3841@agiledynamics.com,Agile Dynamics,Inbound - Webinar,Disqualified,6,,,,2023-01-11T00:00:00
3842,James,Lee,james.lee3842@innovateco.com,InnovateCo,Outbound - Cold,Nurture,54,,,,2021-11-29T00:00:00
3843,Jennifer,Lopez,jennifer.lopez3843@innovateco.com,InnovateCo,Paid Search,Converted,78,2251,463,2024-01-11,2023-11-14T00:00:00
3844,Jennifer,Moore,jennifer.moore3844@insightplatforms.com,Insight Platforms,Social Media,SQL,56,,,,2021-02-09T00:00:00
3845,Susan,Martinez,susan.martinez3845@agiledynamics.com,Agile Dynamics,Event,MQL,100,,,,2022-07-31T00:00:00
3846,Sarah,Smith,sarah.smith3846@truenorthdata.com,TrueNorth Data,Partner Referral,Disqualified,2,,,,2024-03-04T00:00:00
3847,Elizabeth,Martinez,elizabeth.martinez3847@quantumlogiclabs.com,QuantumLogic Labs,Inbound - Content,New,15,,,,2023-04-20T00:00:00
3848,Joseph,Jones,joseph.jones3848@primepathdigital.com,PrimePath Digital,Inbound - Webinar,Nurture,59,,,,2022-01-24T00:00:00
3849,David,Smith,david.smith,PulsePoint Digital,Inbound - Content,MQL,59,,,,2021-10-28T00:00:00
3850,Sarah,Anderson,sarah.anderson3850@cybervault.com,CyberVault,Partner Referral,New,15,,,,2021-01-27T00:00:00
3851,Karen,Jones,karen.jones3851@cloudscalesystems.com,CloudScale Systems,Partner Referral,Converted,59,3889,457,2024-10-05,2024-08-21T00:00:00
3852,Barbara,Martinez,barbara.martinez3852@agiledynamics.com,Agile Dynamics,Inbound - Content,Nurture,37,,,,2023-06-14T00:00:00
3853,Joseph,Martin,joseph.martin3853@nexgensolutions.com,NexGen Solutions,Inbound - Content,Nurture,17,,,,2020-09-07T00:00:00
3854,James,Taylor,james.taylor3854@truenorthdata.com,TrueNorth Data,Outbound - Cold,MQL,89,,,,2023-04-18T00:00:00
3855,Nancy,Anderson,nancy.anderson3855@insightplatforms.com,Insight Platforms,Paid Search,MQL,73,,,,2022-07-01T00:00:00
3856,David,Johnson,david.johnson,FutureForge,Paid Search,SQL,97,,,,2021-05-30T00:00:00
3857,Barbara,Thomas,barbara.thomas3857@futureforge.com,FutureForge,,Nurture,51,,,,2020-07-15T00:00:00
3858,Elizabeth,Smith,elizabeth.smith3858@futureforge.com,FutureForge,Inbound - Content,Nurture,64,,,,2024-07-22T00:00:00
3859,Nancy,Jackson,nancy.jackson3859@corestack.com,CoreStack,Outbound - SDR,New,57,,,,2023-04-16T00:00:00
3860,William,Lopez,william.lopez3860@scaleupsystems.com,ScaleUp Systems,Paid Search,Disqualified,-19,,,,2020-12-21T00:00:00
3861,Mary,Martinez,mary.martinez3861@insightplatforms.com,Insight Platforms,Outbound - Cold,MQL,98,,,,2021-09-21T00:00:00
3862,Robert,Williams,robert.williams3862@vertexai.com,VertexAI,Partner Referral,Converted,66,1334,508,2021-12-14,2021-11-04T00:00:00
3863,Thomas,Martin,thomas.martin3863@vertexai.com,VertexAI,Inbound - Content,New,51,,,,2021-12-11T00:00:00
3864,Linda,Lopez,linda.lopez3864@databridgecorp.com,DataBridge Corp,Paid Search,MQL,90,,,,2024-10-25T00:00:00
3865,Thomas,Lee,thomas.lee3865@streamlineanalytics.com,StreamLine Analytics,Paid Search,MQL,100,,,,2023-10-09T00:00:00
3866,Daniel,Davis,daniel.davis3866@corestack.com,CoreStack,Paid Search,Working,15,,,,2020-09-07T00:00:00
3867,Linda,Davis,linda.davis3867@rapidcloud.com,RapidCloud,Inbound - Web,Nurture,70,,,,2021-09-11T00:00:00
3868,Susan,Rodriguez,susan.rodriguez3868@techflowinc.com,TechFlow Inc,Product-Led,New,61,,,,2020-03-21T00:00:00
3869,Nancy,Lee,nancy.lee3869@scaleupsystems.com,ScaleUp Systems,Paid Search,MQL,63,,,,2022-11-13T00:00:00
3870,Lisa,Martin,lisa.martin3870@cloudscalesystems.com,CloudScale Systems,Inbound - Content,Converted,56,1930,310,2023-09-11,2023-06-28T00:00:00
3871,Barbara,Johnson,barbara.johnson3871@scaleupsystems.com,ScaleUp Systems,Product-Led,Converted,67,2980,275,2024-06-20,2024-05-07T00:00:00
3872,Barbara,Lee,barbara.lee3872@cloudscalesystems.com,CloudScale Systems,Inbound - Webinar,Disqualified,25,,,,2020-08-26T00:00:00
3873,John,Williams,john.williams3873@nexgensolutions.com,NexGen Solutions,Inbound - Content,New,40,,,,2022-05-01T00:00:00
3874,Karen,Anderson,karen.anderson3874@cloudscalesystems.com,CloudScale Systems,Inbound - Webinar,Converted,54,439,406,2024-12-03,2024-11-14T00:00:00
3875,Linda,Johnson,linda.johnson3875@streamlineanalytics.com,StreamLine Analytics,Outbound - Cold,New,20,,,,2024-07-16T00:00:00
3876,Richard,Rodriguez,richard.rodriguez3876@innovateco.com,InnovateCo,Inbound - Webinar,Converted,78,4425,564,2024-12-07,2024-11-18T00:00:00
3877,Linda,Thomas,linda.thomas3877@databridgecorp.com,DataBridge Corp,Inbound - Content,New,65,,,,2022-07-14T00:00:00
3878,Linda,Brown,linda.brown3878@rapidcloud.com,RapidCloud,Outbound - Cold,Working,44,,,,2020-01-05T00:00:00
3879,Patricia,Moore,patricia.moore3879@insightplatforms.com,Insight Platforms,Inbound - Webinar,MQL,92,,,,2023-01-22T00:00:00
3880,Charles,Williams,charles.williams3880@insightplatforms.com,Insight Platforms,Event,Nurture,42,,,,2021-10-08T00:00:00
3881,Robert,Lopez,robert.lopez3881@pulsepointdigital.com,PulsePoint Digital,Inbound - Webinar,Converted,90,610,566,2023-08-26,2023-08-06T00:00:00
3882,Patricia,Lopez,patricia.lopez3882@scaleupsystems.com,ScaleUp Systems,Inbound - Content,Converted,93,3339,121,2020-12-12,2020-12-04T00:00:00
3883,John,Lee,john.lee3883@innovateco.com,InnovateCo,Inbound - Content,New,25,,,,2022-10-12T00:00:00
3884,John,Lee,john.lee3884@quantumlogiclabs.com,QuantumLogic Labs,Partner Referral,Working,34,,,,2021-10-08T00:00:00
3885,Michael,Miller,michael.miller3885@pulsepointdigital.com,PulsePoint Digital,,New,28,,,,2021-04-10T00:00:00
3886,David,Anderson,david.anderson,Agile Dynamics,Outbound - SDR,Disqualified,17,,,,2023-03-21T00:00:00
3887,Lisa,Martinez,lisa.martinez3887@insightplatforms.com,Insight Platforms,Inbound - Webinar,Disqualified,13,,,,2021-07-28T00:00:00
3888,Sarah,Moore,sarah.moore3888@rapidcloud.com,RapidCloud,Paid Search,Nurture,23,,,,2024-07-25T00:00:00
3889,Elizabeth,Wilson,elizabeth.wilson3889@streamlineanalytics.com,StreamLine Analytics,Outbound - Cold,Disqualified,27,,,,2020-02-23T00:00:00
3890,Joseph,Johnson,,PrimePath Digital,Inbound - Web,Working,25,,,,2024-09-13T00:00:00
3891,Richard,Garcia,richard.garcia3891@quantumlogiclabs.com,QuantumLogic Labs,Product-Led,SQL,92,,,,2023-10-26T00:00:00
3892,Nancy,Moore,nancy.moore3892@techflowinc.com,TechFlow Inc,Product-Led,Converted,100,4731,523,2024-09-17,2024-09-04T00:00:00
3893,Christopher,Martinez,christopher.martinez3893@pulsepointdigital.com,PulsePoint Digital,Inbound - Webinar,Working,53,,,,2020-10-31T00:00:00
3894,William,Johnson,william.johnson3894@cloudscalesystems.com,CloudScale Systems,Outbound - SDR,Disqualified,10,,,,2023-08-20T00:00:00
3895,Charles,Jackson,charles.jackson3895@agiledynamics.com,Agile Dynamics,Social Media,MQL,70,,,,2023-12-26T00:00:00
3896,William,Johnson,william.johnson3896@rapidcloud.com,RapidCloud,Product-Led,Nurture,57,,,,2022-06-03T00:00:00
3897,Michael,Williams,michael.williams3897@cloudscalesystems.com,CloudScale Systems,Partner Referral,New,18,,,,2023-10-08T00:00:00
3898,Mary,Williams,,CyberVault,Social Media,Disqualified,27,,,,2022-01-13T00:00:00
3899,Elizabeth,Wilson,elizabeth.wilson3899@cybervault.com,CyberVault,Inbound - Web,Disqualified,8,,,,2021-05-11T00:00:00
3900,Patricia,Rodriguez,patricia.rodriguez3900@rapidcloud.com,RapidCloud,Inbound - Content,Converted,98,3754,836,2024-12-09,2024-10-18T00:00:00
3901,Sarah,Garcia,sarah.garcia3901@truenorthdata.com,TrueNorth Data,Inbound - Content,SQL,94,,,,2020-11-10T00:00:00
3902,Charles,Martin,charles.martin3902@metasync.com,MetaSync,Outbound - SDR,SQL,-50,,,,2021-05-31T00:00:00
3903,Linda,Moore,linda.moore3903@vertexai.com,VertexAI,Partner Referral,Disqualified,21,,,,2024-07-12T00:00:00
3904,Joseph,Thompson,joseph.thompson3904@rapidcloud.com,RapidCloud,Inbound - Web,Working,70,,,,2024-12-15T00:00:00
3905,John,Williams,john.williams3905@nexgensolutions.com,NexGen Solutions,Paid Search,Nurture,64,,,,2022-02-16T00:00:00
3906,Barbara,Taylor,barbara.taylor3906@metasync.com,MetaSync,Outbound - Cold,New,19,,,,2020-07-12T00:00:00
3907,James,Taylor,james.taylor3907@streamlineanalytics.com,StreamLine Analytics,Event,Converted,56,1552,197,2024-07-18,2024-06-03T00:00:00
3908,Sarah,Jackson,sarah.jackson3908@cloudscalesystems.com,CloudScale Systems,Inbound - Content,MQL,69,,,,2021-08-18T00:00:00
3909,William,Hernandez,william.hernandez3909@databridgecorp.com,DataBridge Corp,Inbound - Content,New,39,,,,2020-08-29T00:00:00
3910,Lisa,Martin,lisa.martin3910@cybervault.com,CyberVault,Product-Led,SQL,85,,,,2022-01-25T00:00:00
3911,Sarah,Davis,sarah.davis3911@quantumlogiclabs.com,QuantumLogic Labs,Partner Referral,Converted,100,4239,699,2022-08-30,2022-07-11T00:00:00
3912,Barbara,Jackson,barbara.jackson3912@nexgensolutions.com,NexGen Solutions,Social Media,MQL,55,,,,2024-06-21T00:00:00
3913,Jennifer,Jones,,RapidCloud,Event,Nurture,14,,,,2023-04-18T00:00:00
3914,Michael,Wilson,michael.wilson3914@cloudscalesystems.com,CloudScale Systems,Outbound - Cold,SQL,74,,,,2021-05-09T00:00:00
3915,James,Gonzalez,james.gonzalez3915@insightplatforms.com,Insight Platforms,Paid Search,Nurture,69,,,,2022-11-29T00:00:00
3916,Lisa,Garcia,lisa.garcia3916@rapidcloud.com,RapidCloud,Outbound - SDR,New,66,,,,2024-08-24T00:00:00
3917,James,Rodriguez,james.rodriguez3917@cybervault.com,CyberVault,Event,Working,18,,,,2022-04-29T00:00:00
3918,Jennifer,Lopez,jennifer.lopez3918@cybervault.com,CyberVault,Inbound - Content,SQL,53,,,,2020-01-07T00:00:00
3919,Jennifer,Jones,jennifer.jones3919@insightplatforms.com,Insight Platforms,Partner Referral,Converted,98,443,228,2024-08-31,2024-08-12T00:00:00
3920,Christopher,Jones,christopher.jones3920@cloudscalesystems.com,CloudScale Systems,Social Media,Converted,62,103,20,2023-11-25,2023-10-29T00:00:00
3921,Jessica,Brown,jessica.brown3921@cloudscalesystems.com,CloudScale Systems,Outbound - SDR,Converted,76,2411,771,2024-04-19,2024-01-31T00:00:00
3922,David,Garcia,david.garcia3922@pulsepointdigital.com,PulsePoint Digital,Inbound - Content,MQL,58,,,,2021-10-13T00:00:00
3923,Mary,Davis,mary.davis3923@brightwavetech.com,BrightWave Tech,Outbound - SDR,Working,61,,,,2023-08-11T00:00:00
3924,Karen,Lopez,karen.lopez3924@futureforge.com,FutureForge,Social Media,Converted,98,4670,474,2024-10-30,2024-09-09T00:00:00
3925,Joseph,Taylor,joseph.taylor3925@agiledynamics.com,Agile Dynamics,Inbound - Webinar,SQL,66,,,,2022-03-30T00:00:00
3926,Robert,Taylor,robert.taylor3926@scaleupsystems.com,ScaleUp Systems,Paid Search,Working,15,,,,2021-02-14T00:00:00
3927,Jessica,Gonzalez,jessica.gonzalez3927@cloudscalesystems.com,CloudScale Systems,Inbound - Web,Working,33,,,,2023-08-26T00:00:00
3928,Lisa,Brown,lisa.brown3928@scaleupsystems.com,ScaleUp Systems,Event,Nurture,18,,,,2024-06-15T00:00:00
3929,Sarah,Thomas,sarah.thomas3929@rapidcloud.com,RapidCloud,Outbound - SDR,Converted,92,2961,749,2022-06-29,2022-06-02T00:00:00
3930,Michael,Taylor,michael.taylor3930@techflowinc.com,TechFlow Inc,Inbound - Content,SQL,54,,,,2020-04-23T00:00:00
3931,Robert,Johnson,robert.johnson3931@rapidcloud.com,RapidCloud,Product-Led,Working,51,,,,2023-12-05T00:00:00
3932,Lisa,Lopez,lisa.lopez3932@metasync.com,MetaSync,Paid Search,New,18,,,,2022-01-14T00:00:00
3933,Patricia,Anderson,patricia.anderson3933@techflowinc.com,TechFlow Inc,Inbound - Web,Converted,55,737,467,2024-11-10,2024-10-06T00:00:00
3934,Nancy,Moore,nancy.moore3934@agiledynamics.com,Agile Dynamics,Social Media,Disqualified,26,,,,2021-09-04T00:00:00
3935,Lisa,Thomas,lisa.thomas3935@agiledynamics.com,Agile Dynamics,Outbound - SDR,Working,21,,,,2020-02-23T00:00:00
3936,Michael,Johnson,michael.johnson3936@metasync.com,MetaSync,Inbound - Web,Converted,100,1000,786,2023-07-07,2023-04-29T00:00:00
3937,Michael,Gonzalez,michael.gonzalez3937@agiledynamics.com,Agile Dynamics,Product-Led,Nurture,59,,,,2022-10-18T00:00:00
3938,William,Thomas,william.thomas3938@cybervault.com,CyberVault,,Disqualified,18,,,,2024-03-30T00:00:00
3939,Sarah,Garcia,sarah.garcia3939@metasync.com,MetaSync,Partner Referral,Converted,99,1544,579,2022-04-20,2022-03-29T00:00:00
3940,Barbara,Taylor,barbara.taylor3940@scaleupsystems.com,ScaleUp Systems,Event,Nurture,48,,,,2021-06-23T00:00:00
3941,Robert,Gonzalez,robert.gonzalez3941@vertexai.com,VertexAI,Outbound - SDR,Converted,53,382,916,2024-11-04,2024-09-07T00:00:00
3942,Jennifer,Miller,jennifer.miller3942@techflowinc.com,TechFlow Inc,Outbound - Cold,Nurture,62,,,,2024-11-19T00:00:00
3943,Barbara,Davis,barbara.davis3943@corestack.com,CoreStack,Paid Search,MQL,90,,,,2023-10-30T00:00:00
3944,Elizabeth,Wilson,elizabeth.wilson3944@scaleupsystems.com,ScaleUp Systems,Event,Nurture,52,,,,2024-10-14T00:00:00
3945,Daniel,Taylor,daniel.taylor,FutureForge,Outbound - SDR,MQL,56,,,,2023-04-25T00:00:00
3946,Richard,Thomas,richard.thomas3946@scaleupsystems.com,ScaleUp Systems,Event,Disqualified,1,,,,2020-06-20T00:00:00
3947,David,Jones,david.jones3947@agiledynamics.com,Agile Dynamics,Partner Referral,Converted,82,589,542,2024-11-01,2024-08-30T00:00:00
3948,Jennifer,Anderson,jennifer.anderson3948@quantumlogiclabs.com,QuantumLogic Labs,Inbound - Webinar,MQL,64,,,,2020-03-03T00:00:00
3949,Richard,Martin,richard.martin3949@scaleupsystems.com,ScaleUp Systems,Inbound - Webinar,MQL,83,,,,2022-03-04T00:00:00
3950,Christopher,Martin,christopher.martin3950@primepathdigital.com,PrimePath Digital,Event,Converted,79,3354,611,2023-10-24,2023-09-13T00:00:00
3951,Joseph,Thomas,joseph.thomas3951@techflowinc.com,TechFlow Inc,Outbound - Cold,Disqualified,13,,,,2023-02-04T00:00:00
3952,Susan,Brown,susan.brown3952@databridgecorp.com,DataBridge Corp,Outbound - SDR,MQL,86,,,,2021-04-21T00:00:00
3953,Elizabeth,Williams,elizabeth.williams3953@futureforge.com,FutureForge,Inbound - Web,Disqualified,21,,,,2021-05-27T00:00:00
3954,Jessica,Martinez,jessica.martinez,VertexAI,Event,Converted,79,517,763,2023-01-25,2023-01-30T00:00:00
3955,Lisa,Williams,lisa.williams3955@databridgecorp.com,DataBridge Corp,Outbound - SDR,Converted,52,2055,806,2024-01-09,2023-10-31T00:00:00
3956,Jennifer,Anderson,jennifer.anderson3956@metasync.com,MetaSync,Partner Referral,Converted,94,238,414,2023-11-14,2023-11-02T00:00:00
3957,Daniel,Taylor,daniel.taylor3957@scaleupsystems.com,ScaleUp Systems,Product-Led,MQL,53,,,,2020-07-16T00:00:00
3958,Patricia,Thompson,patricia.thompson3958@metasync.com,MetaSync,Inbound - Content,SQL,86,,,,2020-06-11T00:00:00
3959,John,Gonzalez,john.gonzalez3959@cybervault.com,CyberVault,Product-Led,Working,44,,,,2020-06-20T00:00:00
3960,Karen,Lopez,karen.lopez3960@futureforge.com,FutureForge,Outbound - SDR,Disqualified,19,,,,2021-12-13T00:00:00
3961,Linda,Davis,linda.davis3961@primepathdigital.com,PrimePath Digital,Partner Referral,Nurture,54,,,,2024-05-27T00:00:00
3962,Jennifer,Anderson,jennifer.anderson3962@brightwavetech.com,BrightWave Tech,Partner Referral,Disqualified,7,,,,2021-10-18T00:00:00
3963,Mary,Martin,mary.martin3963@futureforge.com,FutureForge,Product-Led,Nurture,69,,,,2020-03-28T00:00:00
3964,Sarah,Miller,sarah.miller3964@vertexai.com,VertexAI,Outbound - SDR,Nurture,22,,,,2020-03-07T00:00:00
3965,Robert,Hernandez,robert.hernandez3965@futureforge.com,FutureForge,Outbound - SDR,Disqualified,10,,,,2020-11-22T00:00:00
3966,James,Brown,james.brown3966@techflowinc.com,TechFlow Inc,Paid Search,Nurture,64,,,,2021-05-19T00:00:00
3967,Linda,Moore,linda.moore3967@innovateco.com,InnovateCo,Social Media,Disqualified,29,,,,2024-09-01T00:00:00
3968,James,Lopez,james.lopez3968@primepathdigital.com,PrimePath Digital,Event,Working,32,,,,2021-11-27T00:00:00
3969,Daniel,Gonzalez,daniel.gonzalez3969@truenorthdata.com,TrueNorth Data,Inbound - Web,Nurture,59,,,,2024-01-12T00:00:00
3970,Joseph,Thompson,joseph.thompson3970@agiledynamics.com,Agile Dynamics,Social Media,Disqualified,15,,,,2020-03-13T00:00:00
3971,Linda,Moore,linda.moore3971@rapidcloud.com,RapidCloud,Paid Search,Converted,57,659,534,2024-04-12,2024-02-19T00:00:00
3972,John,Jones,john.jones3972@brightwavetech.com,BrightWave Tech,Inbound - Content,New,-12,,,,2022-04-09T00:00:00
3973,Karen,Lee,karen.lee3973@scaleupsystems.com,ScaleUp Systems,Inbound - Content,Converted,90,2360,255,2021-12-07,2021-11-28T00:00:00
3974,Joseph,Lee,joseph.lee3974@primepathdigital.com,PrimePath Digital,Inbound - Webinar,New,20,,,,2020-07-04T00:00:00
3975,Patricia,Martin,patricia.martin3975@metasync.com,MetaSync,Outbound - SDR,SQL,90,,,,2021-01-17T00:00:00
3976,Karen,Miller,karen.miller3976@agiledynamics.com,Agile Dynamics,Partner Referral,Nurture,65,,,,2024-12-30T00:00:00
3977,Richard,Davis,richard.davis3977@brightwavetech.com,BrightWave Tech,Inbound - Content,Disqualified,9,,,,2022-12-29T00:00:00
3978,Mary,Martinez,mary.martinez3978@futureforge.com,FutureForge,Product-Led,Working,70,,,,2020-11-05T00:00:00
3979,James,Gonzalez,james.gonzalez3979@techflowinc.com,TechFlow Inc,Inbound - Web,Working,62,,,,2022-12-31T00:00:00
3980,John,Hernandez,john.hernandez3980@primepathdigital.com,PrimePath Digital,Partner Referral,Converted,63,139,471,2024-09-05,2024-07-25T00:00:00
3981,Karen,Jackson,karen.jackson3981@scaleupsystems.com,ScaleUp Systems,Outbound - Cold,Converted,57,866,293,2024-11-30,2024-10-07T00:00:00
3982,Patricia,Jackson,patricia.jackson3982@truenorthdata.com,TrueNorth Data,Event,Disqualified,3,,,,2023-02-10T00:00:00
3983,Nancy,Rodriguez,nancy.rodriguez3983@cybervault.com,CyberVault,Partner Referral,New,56,,,,2021-03-17T00:00:00
3984,Lisa,Miller,lisa.miller3984@brightwavetech.com,BrightWave Tech,Outbound - SDR,Disqualified,6,,,,2024-04-13T00:00:00
3985,Jessica,Thomas,jessica.thomas3985@scaleupsystems.com,ScaleUp Systems,Inbound - Web,Converted,63,481,609,2024-11-10,2024-11-02T00:00:00
3986,Christopher,Thompson,christopher.thompson3986@agiledynamics.com,Agile Dynamics,Paid Search,MQL,80,,,,2023-09-30T00:00:00
3987,Charles,Brown,charles.brown3987@cloudscalesystems.com,CloudScale Systems,Paid Search,Disqualified,17,,,,2020-04-18T00:00:00
3988,Jessica,Martinez,jessica.martinez3988@primepathdigital.com,PrimePath Digital,Inbound - Web,Disqualified,18,,,,2021-07-09T00:00:00
3989,Elizabeth,Lee,elizabeth.lee3989@techflowinc.com,TechFlow Inc,Product-Led,Converted,100,1065,638,2023-07-14,2023-04-20T00:00:00
3990,Charles,Moore,charles.moore3990@techflowinc.com,TechFlow Inc,,MQL,61,,,,2021-09-12T00:00:00
3991,Susan,Rodriguez,susan.rodriguez3991@agiledynamics.com,Agile Dynamics,Social Media,MQL,91,,,,2023-11-18T00:00:00
3992,Nancy,Brown,nancy.brown3992@quantumlogiclabs.com,QuantumLogic Labs,Inbound - Webinar,Working,14,,,,2021-04-26T00:00:00
3993,Karen,Jones,karen.jones3993@databridgecorp.com,DataBridge Corp,Inbound - Content,Converted,74,2054,938,2024-05-21,2024-05-09T00:00:00
3994,Nancy,Gonzalez,nancy.gonzalez3994@futureforge.com,FutureForge,Inbound - Content,New,26,,,,2022-08-18T00:00:00
3995,Jennifer,Rodriguez,jennifer.rodriguez3995@vertexai.com,VertexAI,Inbound - Web,Converted,97,1975,622,2024-11-17,2024-10-08T00:00:00
3996,David,Taylor,david.taylor3996@quantumlogiclabs.com,QuantumLogic Labs,Outbound - Cold,MQL,76,,,,2023-11-27T00:00:00
3997,Nancy,Johnson,nancy.johnson3997@quantumlogiclabs.com,QuantumLogic Labs,,SQL,82,,,,2024-12-28T00:00:00
3998,John,Davis,john.davis3998@futureforge.com,FutureForge,Outbound - SDR,Nurture,60,,,,2023-03-27T00:00:00
3999,Jessica,Moore,jessica.moore3999@insightplatforms.com,Insight Platforms,Inbound - Content,MQL,70,,,,2020-06-09T00:00:00
4000,Lisa,Martin,lisa.martin4000@streamlineanalytics.com,StreamLine Analytics,Social Media,Working,16,,,,2024-03-31T00:00:00
4001,Mary,Smith,mary.smith4001@pulsepointdigital.com,PulsePoint Digital,Paid Search,SQL,59,,,,2023-11-28T00:00:00
4002,Thomas,Williams,thomas.williams4002@quantumlogiclabs.com,QuantumLogic Labs,Product-Led,Working,14,,,,2022-09-18T00:00:00
4003,Daniel,Lopez,daniel.lopez4003@techflowinc.com,TechFlow Inc,Inbound - Content,New,41,,,,2020-03-13T00:00:00
4004,Thomas,Williams,thomas.williams4004@futureforge.com,FutureForge,Partner Referral,Converted,60,497,874,2024-08-23,2024-06-04T00:00:00
4005,Lisa,Rodriguez,lisa.rodriguez4005@scaleupsystems.com,ScaleUp Systems,Social Media,MQL,63,,,,2021-01-08T00:00:00
4006,Mary,Brown,mary.brown4006@innovateco.com,InnovateCo,Social Media,SQL,73,,,,2022-10-14T00:00:00
4007,William,Jones,william.jones4007@metasync.com,MetaSync,Inbound - Content,MQL,57,,,,2020-01-16T00:00:00
4008,Christopher,Hernandez,christopher.hernandez4008@truenorthdata.com,TrueNorth Data,Event,Nurture,10,,,,2022-11-17T00:00:00
4009,William,Lopez,william.lopez4009@truenorthdata.com,TrueNorth Data,Event,Disqualified,8,,,,2024-08-24T00:00:00
4010,Barbara,Smith,barbara.smith4010@vertexai.com,VertexAI,Product-Led,Disqualified,19,,,,2023-08-13T00:00:00
4011,Mary,Garcia,mary.garcia4011@insightplatforms.com,Insight Platforms,Event,Disqualified,9,,,,2022-04-27T00:00:00
4012,Susan,Moore,susan.moore4012@agiledynamics.com,Agile Dynamics,Outbound - SDR,Converted,77,3786,92,2022-03-06,2021-12-21T00:00:00
4013,Daniel,Jackson,daniel.jackson4013@scaleupsystems.com,ScaleUp Systems,Outbound - Cold,Disqualified,21,,,,2020-12-13T00:00:00
4014,Linda,Brown,linda.brown4014@truenorthdata.com,TrueNorth Data,Paid Search,MQL,78,,,,2023-04-20T00:00:00
4015,Charles,Gonzalez,charles.gonzalez4015@futureforge.com,FutureForge,Outbound - SDR,New,24,,,,2024-04-16T00:00:00
4016,Christopher,Jackson,christopher.jackson4016@rapidcloud.com,RapidCloud,Inbound - Content,MQL,91,,,,2021-06-27T00:00:00
4017,Barbara,Lopez,barbara.lopez4017@corestack.com,CoreStack,Outbound - SDR,Working,13,,,,2020-04-05T00:00:00
4018,Jennifer,Hernandez,jennifer.hernandez4018@techflowinc.com,TechFlow Inc,Partner Referral,Nurture,25,,,,2024-01-22T00:00:00
4019,Daniel,Moore,daniel.moore4019@nexgensolutions.com,NexGen Solutions,Inbound - Content,Disqualified,11,,,,2023-10-15T00:00:00
4020,Elizabeth,Jackson,elizabeth.jackson4020@primepathdigital.com,PrimePath Digital,Outbound - Cold,New,25,,,,2021-05-15T00:00:00
4021,Charles,Martinez,charles.martinez4021@nexgensolutions.com,NexGen Solutions,,Disqualified,28,,,,2024-06-18T00:00:00
4022,William,Martinez,william.martinez4022@insightplatforms.com,Insight Platforms,Outbound - SDR,New,44,,,,2023-12-06T00:00:00
4023,John,Gonzalez,john.gonzalez4023@primepathdigital.com,PrimePath Digital,Outbound - Cold,Working,50,,,,2022-10-09T00:00:00
4024,Linda,Lopez,linda.lopez4024@primepathdigital.com,PrimePath Digital,Outbound - SDR,Converted,54,2998,929,2022-07-11,2022-06-14T00:00:00
4025,Jessica,Martin,jessica.martin4025@rapidcloud.com,RapidCloud,Product-Led,Working,35,,,,2021-01-21T00:00:00
4026,Richard,Gonzalez,richard.gonzalez4026@primepathdigital.com,PrimePath Digital,Social Media,Working,68,,,,2021-09-30T00:00:00
4027,Lisa,Hernandez,lisa.hernandez4027@databridgecorp.com,DataBridge Corp,Paid Search,Nurture,36,,,,2022-10-07T00:00:00
4028,Daniel,Wilson,daniel.wilson4028@corestack.com,CoreStack,Inbound - Content,New,15,,,,2024-08-07T00:00:00
4029,Jessica,Martinez,jessica.martinez4029@nexgensolutions.com,NexGen Solutions,Outbound - SDR,Nurture,16,,,,2023-01-30T00:00:00
4030,Nancy,Jackson,nancy.jackson4030@innovateco.com,InnovateCo,Partner Referral,Working,39,,,,2024-12-19T00:00:00
4031,John,Martinez,john.martinez4031@pulsepointdigital.com,PulsePoint Digital,Inbound - Content,Converted,66,2498,503,2024-05-10,2024-03-11T00:00:00
4032,David,Jones,david.jones4032@techflowinc.com,TechFlow Inc,Event,Converted,52,3485,364,2024-06-03,2024-04-04T00:00:00
4033,Patricia,Davis,patricia.davis4033@corestack.com,CoreStack,Event,Working,36,,,,2021-01-22T00:00:00
4034,Sarah,Brown,sarah.brown4034@rapidcloud.com,RapidCloud,Outbound - SDR,Converted,65,3983,17,2024-10-08,2024-09-11T00:00:00
4035,Sarah,Miller,sarah.miller4035@quantumlogiclabs.com,QuantumLogic Labs,Event,MQL,55,,,,2023-04-23T00:00:00
4036,Joseph,Thomas,joseph.thomas4036@streamlineanalytics.com,StreamLine Analytics,Outbound - Cold,Converted,57,2577,762,2024-09-28,2024-07-18T00:00:00
4037,Lisa,Anderson,,DataBridge Corp,Paid Search,Working,20,,,,2020-11-06T00:00:00
4038,William,Wilson,william.wilson4038@insightplatforms.com,Insight Platforms,Inbound - Web,New,-69,,,,2020-12-10T00:00:00
4039,Charles,Thomas,charles.thomas4039@corestack.com,CoreStack,Outbound - Cold,Working,13,,,,2021-09-18T00:00:00
4040,Linda,Garcia,linda.garcia4040@streamlineanalytics.com,StreamLine Analytics,Event,Working,22,,,,2022-09-17T00:00:00
4041,Christopher,Thomas,christopher.thomas4041@innovateco.com,InnovateCo,Outbound - SDR,Nurture,17,,,,2024-12-11T00:00:00
4042,Elizabeth,Taylor,elizabeth.taylor4042@truenorthdata.com,TrueNorth Data,Outbound - SDR,Converted,84,234,104,2024-08-30,2024-08-16T00:00:00
4043,Joseph,Thomas,joseph.thomas4043@scaleupsystems.com,ScaleUp Systems,Outbound - SDR,MQL,94,,,,2020-03-24T00:00:00
4044,Mary,Davis,mary.davis4044@brightwavetech.com,BrightWave Tech,Paid Search,SQL,77,,,,2023-12-13T00:00:00
4045,Joseph,Garcia,joseph.garcia4045@vertexai.com,VertexAI,Outbound - SDR,Nurture,57,,,,2024-07-07T00:00:00
4046,Elizabeth,Williams,elizabeth.williams4046@truenorthdata.com,TrueNorth Data,Inbound - Web,SQL,62,,,,2024-04-23T00:00:00
4047,Mary,Thompson,mary.thompson4047@innovateco.com,InnovateCo,Product-Led,Converted,87,3549,596,2024-10-25,2024-09-18T00:00:00
4048,Charles,Brown,charles.brown4048@scaleupsystems.com,ScaleUp Systems,Paid Search,Working,32,,,,2021-04-11T00:00:00
4049,Jennifer,Gonzalez,jennifer.gonzalez4049@scaleupsystems.com,ScaleUp Systems,Inbound - Web,MQL,70,,,,2021-07-09T00:00:00
4050,Patricia,Jones,patricia.jones4050@agiledynamics.com,Agile Dynamics,Product-Led,Working,27,,,,2021-12-10T00:00:00
4051,Karen,Garcia,karen.garcia4051@cloudscalesystems.com,CloudScale Systems,,Nurture,46,,,,2021-07-19T00:00:00
4052,Michael,Jackson,michael.jackson4052@cybervault.com,CyberVault,Outbound - SDR,New,49,,,,2022-06-19T00:00:00
4053,Robert,Moore,robert.moore4053@brightwavetech.com,BrightWave Tech,Outbound - Cold,Disqualified,27,,,,2021-05-03T00:00:00
4054,Mary,Moore,mary.moore4054@databridgecorp.com,DataBridge Corp,Event,Working,20,,,,2024-01-05T00:00:00
4055,Joseph,Moore,joseph.moore4055@agiledynamics.com,Agile Dynamics,Paid Search,Disqualified,24,,,,2020-01-26T00:00:00
4056,William,Williams,william.williams4056@cloudscalesystems.com,CloudScale Systems,Paid Search,MQL,87,,,,2021-10-04T00:00:00
4057,Patricia,Garcia,patricia.garcia4057@nexgensolutions.com,NexGen Solutions,Inbound - Webinar,New,60,,,,2020-03-27T00:00:00
4058,Jennifer,Lopez,jennifer.lopez4058@brightwavetech.com,BrightWave Tech,Inbound - Webinar,MQL,74,,,,2022-04-01T00:00:00
4059,Robert,Johnson,robert.johnson4059@techflowinc.com,TechFlow Inc,Inbound - Web,Converted,58,2615,746,2024-12-03,2024-11-14T00:00:00
4060,Charles,Hernandez,charles.hernandez4060@techflowinc.com,TechFlow Inc,Paid Search,New,56,,,,2024-07-26T00:00:00
4061,Linda,Smith,linda.smith4061@futureforge.com,FutureForge,Event,Converted,93,3071,520,2024-03-05,2024-02-24T00:00:00
4062,Robert,Taylor,robert.taylor4062@cloudscalesystems.com,CloudScale Systems,Outbound - SDR,Working,65,,,,2021-09-20T00:00:00
4063,Linda,Johnson,linda.johnson4063@primepathdigital.com,PrimePath Digital,Partner Referral,Converted,60,211,903,2023-05-16,2023-05-08T00:00:00
4064,Daniel,Anderson,daniel.anderson4064@streamlineanalytics.com,StreamLine Analytics,Inbound - Webinar,Converted,93,311,824,2024-09-05,2024-09-04T00:00:00
4065,Patricia,Moore,patricia.moore4065@cloudscalesystems.com,CloudScale Systems,Product-Led,MQL,97,,,,2020-04-25T00:00:00
4066,Robert,Taylor,robert.taylor4066@rapidcloud.com,RapidCloud,Outbound - SDR,Disqualified,12,,,,2020-12-15T00:00:00
4067,James,Martin,james.martin4067@techflowinc.com,TechFlow Inc,Inbound - Web,MQL,68,,,,2023-10-04T00:00:00
4068,Susan,Lopez,susan.lopez4068@futureforge.com,FutureForge,Inbound - Web,New,56,,,,2023-02-28T00:00:00
4069,Daniel,Moore,daniel.moore4069@techflowinc.com,TechFlow Inc,,SQL,60,,,,2023-08-07T00:00:00
4070,Susan,Martin,susan.martin4070@quantumlogiclabs.com,QuantumLogic Labs,Outbound - SDR,New,55,,,,2020-07-04T00:00:00
4071,Barbara,Thomas,barbara.thomas4071@cloudscalesystems.com,CloudScale Systems,Paid Search,Converted,97,2528,554,2022-04-27,2022-03-26T00:00:00
4072,John,Martinez,john.martinez4072@scaleupsystems.com,ScaleUp Systems,Inbound - Content,MQL,97,,,,2020-02-03T00:00:00
4073,Jennifer,Lopez,jennifer.lopez4073@rapidcloud.com,RapidCloud,Paid Search,Working,13,,,,2024-08-23T00:00:00
4074,Elizabeth,Hernandez,elizabeth.hernandez4074@vertexai.com,VertexAI,Inbound - Web,Working,47,,,,2023-01-28T00:00:00
4075,John,Lopez,john.lopez4075@innovateco.com,InnovateCo,Product-Led,Working,-24,,,,2021-10-14T00:00:00
4076,William,Williams,william.williams4076@cybervault.com,CyberVault,Product-Led,New,69,,,,2024-08-11T00:00:00
4077,Nancy,Wilson,nancy.wilson4077@techflowinc.com,TechFlow Inc,Outbound - Cold,Working,61,,,,2020-11-29T00:00:00
4078,Richard,Gonzalez,richard.gonzalez4078@corestack.com,CoreStack,Partner Referral,Working,49,,,,2020-10-28T00:00:00
4079,Jessica,Miller,jessica.miller4079@nexgensolutions.com,NexGen Solutions,Event,Converted,84,2726,301,2024-04-01,2024-03-03T00:00:00
4080,Mary,Williams,mary.williams4080@cybervault.com,CyberVault,Outbound - SDR,Disqualified,28,,,,2021-09-05T00:00:00
4081,Thomas,Anderson,thomas.anderson4081@cloudscalesystems.com,CloudScale Systems,Social Media,New,30,,,,2021-05-23T00:00:00
4082,Patricia,Martin,patricia.martin4082@databridgecorp.com,DataBridge Corp,Partner Referral,Converted,82,3799,795,2024-12-18,2024-12-13T00:00:00
4083,William,Smith,william.smith4083@insightplatforms.com,Insight Platforms,,Nurture,43,,,,2021-01-03T00:00:00
4084,John,Moore,john.moore4084@nexgensolutions.com,NexGen Solutions,,Working,12,,,,2020-03-08T00:00:00
4085,Barbara,Johnson,barbara.johnson,DataBridge Corp,Inbound - Content,MQL,57,,,,2023-08-14T00:00:00
4086,Charles,Lopez,charles.lopez4086@techflowinc.com,TechFlow Inc,Outbound - SDR,Converted,80,1792,136,2024-01-06,2023-10-17T00:00:00
4087,Daniel,Thomas,daniel.thomas4087@corestack.com,CoreStack,Paid Search,Disqualified,22,,,,2023-07-02T00:00:00
4088,Thomas,Jackson,thomas.jackson4088@nexgensolutions.com,NexGen Solutions,Inbound - Web,MQL,77,,,,2022-01-02T00:00:00
4089,James,Moore,james.moore4089@innovateco.com,InnovateCo,Partner Referral,MQL,63,,,,2024-04-11T00:00:00
4090,William,Miller,william.miller4090@brightwavetech.com,BrightWave Tech,Inbound - Webinar,MQL,68,,,,2023-06-17T00:00:00
4091,Jessica,Hernandez,jessica.hernandez4091@primepathdigital.com,PrimePath Digital,Event,New,55,,,,2021-10-29T00:00:00
4092,Karen,Lee,karen.lee4092@pulsepointdigital.com,PulsePoint Digital,Paid Search,Working,66,,,,2023-12-07T00:00:00
4093,Jessica,Thomas,jessica.thomas4093@streamlineanalytics.com,StreamLine Analytics,Outbound - Cold,New,59,,,,2023-04-08T00:00:00
4094,Karen,Lee,karen.lee4094@rapidcloud.com,RapidCloud,,Disqualified,-23,,,,2020-01-08T00:00:00
4095,Daniel,Moore,daniel.moore4095@techflowinc.com,TechFlow Inc,Social Media,Working,66,,,,2020-07-22T00:00:00
4096,David,Garcia,david.garcia4096@insightplatforms.com,Insight Platforms,Social Media,New,68,,,,2022-06-23T00:00:00
4097,John,Taylor,john.taylor4097@agiledynamics.com,Agile Dynamics,Outbound - Cold,Nurture,60,,,,2024-11-18T00:00:00
4098,Michael,Jones,michael.jones4098@scaleupsystems.com,ScaleUp Systems,,MQL,96,,,,2023-09-24T00:00:00
4099,Charles,Davis,charles.davis4099@quantumlogiclabs.com,QuantumLogic Labs,Inbound - Web,Converted,55,644,450,2020-08-18,2020-07-03T00:00:00
4100,Elizabeth,Jones,elizabeth.jones4100@insightplatforms.com,Insight Platforms,Inbound - Web,New,39,,,,2020-10-30T00:00:00
4101,Charles,Garcia,charles.garcia4101@quantumlogiclabs.com,QuantumLogic Labs,Social Media,Converted,67,4197,890,2024-12-12,2024-10-01T00:00:00
4102,Richard,Moore,richard.moore4102@cybervault.com,CyberVault,Inbound - Webinar,New,17,,,,2024-01-19T00:00:00
4103,Jennifer,Hernandez,jennifer.hernandez4103@rapidcloud.com,RapidCloud,Outbound - SDR,Converted,83,2089,831,2023-03-13,2023-01-03T00:00:00
4104,Richard,Martin,richard.martin4104@futureforge.com,FutureForge,Product-Led,Working,60,,,,2024-12-10T00:00:00
4105,Richard,Rodriguez,richard.rodriguez4105@agiledynamics.com,Agile Dynamics,Outbound - SDR,Disqualified,5,,,,2024-11-08T00:00:00
4106,James,Lopez,james.lopez4106@brightwavetech.com,BrightWave Tech,Outbound - SDR,Working,18,,,,2024-02-03T00:00:00
4107,Jennifer,Taylor,jennifer.taylor4107@streamlineanalytics.com,StreamLine Analytics,Social Media,New,69,,,,2022-04-24T00:00:00
4108,Linda,Lopez,linda.lopez4108@quantumlogiclabs.com,QuantumLogic Labs,Partner Referral,Working,18,,,,2024-07-19T00:00:00
4109,Karen,Thompson,karen.thompson4109@cybervault.com,CyberVault,Partner Referral,New,70,,,,2020-03-07T00:00:00
4110,James,Jones,,NexGen Solutions,Outbound - Cold,Working,56,,,,2022-04-30T00:00:00
4111,Joseph,Davis,joseph.davis4111@metasync.com,MetaSync,Product-Led,Converted,66,2624,689,2024-08-27,2024-07-25T00:00:00
4112,James,Lopez,james.lopez4112@primepathdigital.com,PrimePath Digital,Event,Converted,92,2,170,2024-03-18,2024-02-18T00:00:00
4113,Christopher,Thomas,christopher.thomas4113@cybervault.com,CyberVault,Inbound - Content,New,68,,,,2024-12-10T00:00:00
4114,Jessica,Moore,jessica.moore4114@metasync.com,MetaSync,Inbound - Web,New,22,,,,2023-02-07T00:00:00
4115,Jessica,Jackson,jessica.jackson4115@insightplatforms.com,Insight Platforms,Paid Search,Disqualified,11,,,,2020-03-11T00:00:00
4116,Elizabeth,Thomas,elizabeth.thomas4116@databridgecorp.com,DataBridge Corp,Inbound - Webinar,SQL,64,,,,2023-09-03T00:00:00
4117,Elizabeth,Martinez,elizabeth.martinez4117@scaleupsystems.com,ScaleUp Systems,Event,MQL,72,,,,2022-09-22T00:00:00
4118,Jennifer,Wilson,jennifer.wilson4118@streamlineanalytics.com,StreamLine Analytics,Product-Led,Working,25,,,,2021-10-17T00:00:00
4119,Christopher,Lee,christopher.lee4119@cloudscalesystems.com,CloudScale Systems,Event,Converted,81,1774,997,2024-09-12,2024-09-07T00:00:00
4120,Lisa,Rodriguez,lisa.rodriguez4120@streamlineanalytics.com,StreamLine Analytics,Inbound - Web,Nurture,11,,,,2023-06-01T00:00:00
4121,Elizabeth,Smith,elizabeth.smith4121@cloudscalesystems.com,CloudScale Systems,Product-Led,Converted,78,965,347,2023-06-05,2023-05-30T00:00:00
4122,Elizabeth,Martin,elizabeth.martin4122@pulsepointdigital.com,PulsePoint Digital,Product-Led,Nurture,63,,,,2024-07-02T00:00:00
4123,Joseph,Taylor,,DataBridge Corp,Inbound - Content,New,13,,,,2022-10-07T00:00:00
4124,Daniel,Lopez,daniel.lopez4124@futureforge.com,FutureForge,Outbound - SDR,Working,28,,,,2022-09-02T00:00:00
4125,Barbara,Thompson,barbara.thompson4125@cloudscalesystems.com,CloudScale Systems,Outbound - Cold,MQL,86,,,,2022-01-28T00:00:00
4126,John,Martin,john.martin4126@truenorthdata.com,TrueNorth Data,Inbound - Content,Disqualified,8,,,,2024-03-25T00:00:00
4127,Barbara,Lee,,TrueNorth Data,Inbound - Content,Working,24,,,,2024-02-22T00:00:00
4128,Jennifer,Martin,jennifer.martin4128@cybervault.com,CyberVault,Social Media,New,54,,,,2023-07-17T00:00:00
4129,Linda,Moore,linda.moore4129@corestack.com,CoreStack,Inbound - Web,Converted,68,874,484,2023-05-12,2023-04-28T00:00:00
4130,Joseph,Jones,joseph.jones4130@nexgensolutions.com,NexGen Solutions,Inbound - Webinar,Nurture,20,,,,2021-03-01T00:00:00
4131,Linda,Gonzalez,linda.gonzalez4131@brightwavetech.com,BrightWave Tech,Social Media,SQL,97,,,,2024-06-21T00:00:00
4132,John,Williams,john.williams4132@agiledynamics.com,Agile Dynamics,,Converted,86,2090,236,2022-06-13,2022-05-11T00:00:00
4133,Joseph,Thompson,,MetaSync,Event,Working,27,,,,2022-03-04T00:00:00
4134,Robert,Brown,robert.brown4134@insightplatforms.com,Insight Platforms,Outbound - Cold,MQL,93,,,,2021-08-08T00:00:00
4135,Thomas,Martinez,thomas.martinez4135@cloudscalesystems.com,CloudScale Systems,,MQL,99,,,,2023-09-02T00:00:00
4136,Lisa,Hernandez,lisa.hernandez4136@innovateco.com,InnovateCo,Inbound - Web,Converted,54,2305,303,2023-05-15,2023-04-22T00:00:00
4137,William,Hernandez,william.hernandez4137@scaleupsystems.com,ScaleUp Systems,Social Media,Nurture,62,,,,2021-06-20T00:00:00
4138,Susan,Thomas,susan.thomas,CyberVault,Social Media,SQL,98,,,,2021-03-13T00:00:00
4139,Jessica,Martinez,jessica.martinez4139@insightplatforms.com,Insight Platforms,Paid Search,New,32,,,,2023-07-14T00:00:00
4140,Joseph,Anderson,joseph.anderson4140@primepathdigital.com,PrimePath Digital,Product-Led,Working,23,,,,2024-02-19T00:00:00
4141,Lisa,Wilson,lisa.wilson4141@databridgecorp.com,DataBridge Corp,Social Media,New,45,,,,2020-12-20T00:00:00
4142,Richard,Smith,richard.smith4142@pulsepointdigital.com,PulsePoint Digital,Partner Referral,Converted,57,3418,713,2022-09-23,2022-08-16T00:00:00
4143,Susan,Garcia,susan.garcia4143@truenorthdata.com,TrueNorth Data,Outbound - Cold,Disqualified,16,,,,2022-12-25T00:00:00
4144,Richard,Thompson,richard.thompson4144@agiledynamics.com,Agile Dynamics,Social Media,New,47,,,,2022-01-06T00:00:00
4145,Elizabeth,Garcia,elizabeth.garcia4145@cybervault.com,CyberVault,Outbound - SDR,Converted,76,4065,680,2024-06-16,2024-06-17T00:00:00
4146,Richard,Martinez,richard.martinez4146@primepathdigital.com,PrimePath Digital,Paid Search,Nurture,31,,,,2022-11-23T00:00:00
4147,James,Thomas,james.thomas4147@futureforge.com,FutureForge,Inbound - Webinar,Nurture,31,,,,2020-10-01T00:00:00
4148,Patricia,Rodriguez,patricia.rodriguez4148@brightwavetech.com,BrightWave Tech,Inbound - Content,SQL,50,,,,2023-12-09T00:00:00
4149,Barbara,Thompson,barbara.thompson4149@brightwavetech.com,BrightWave Tech,Outbound - SDR,Working,29,,,,2022-08-03T00:00:00
4150,Sarah,Williams,sarah.williams4150@truenorthdata.com,TrueNorth Data,Paid Search,MQL,96,,,,2020-07-24T00:00:00
4151,Susan,Davis,susan.davis4151@nexgensolutions.com,NexGen Solutions,Paid Search,Nurture,33,,,,2023-06-27T00:00:00
4152,Susan,Williams,susan.williams4152@agiledynamics.com,Agile Dynamics,Social Media,MQL,97,,,,2022-04-01T00:00:00
4153,Jessica,Gonzalez,jessica.gonzalez4153@rapidcloud.com,RapidCloud,Partner Referral,Nurture,66,,,,2024-08-21T00:00:00
4154,James,Miller,james.miller4154@quantumlogiclabs.com,QuantumLogic Labs,Outbound - Cold,SQL,53,,,,2023-01-25T00:00:00
4155,Joseph,Johnson,joseph.johnson4155@primepathdigital.com,PrimePath Digital,,MQL,70,,,,2024-08-05T00:00:00
4156,Barbara,Rodriguez,barbara.rodriguez4156@pulsepointdigital.com,PulsePoint Digital,Outbound - Cold,Disqualified,2,,,,2024-11-10T00:00:00
4157,Thomas,Thomas,thomas.thomas4157@cloudscalesystems.com,CloudScale Systems,Outbound - Cold,New,45,,,,2024-07-01T00:00:00
4158,Michael,Davis,michael.davis4158@cybervault.com,CyberVault,Outbound - Cold,MQL,87,,,,2024-09-24T00:00:00
4159,Nancy,Brown,nancy.brown4159@futureforge.com,FutureForge,Inbound - Webinar,Working,19,,,,2024-05-27T00:00:00
4160,Jennifer,Lopez,jennifer.lopez4160@futureforge.com,FutureForge,Paid Search,Converted,54,1831,980,2024-02-19,2024-02-15T00:00:00
4161,David,Gonzalez,david.gonzalez4161@cloudscalesystems.com,CloudScale Systems,Outbound - Cold,New,16,,,,2020-03-15T00:00:00
4162,William,Garcia,william.garcia4162@rapidcloud.com,RapidCloud,Event,Working,52,,,,2022-03-12T00:00:00
4163,James,Rodriguez,james.rodriguez4163@cloudscalesystems.com,CloudScale Systems,Inbound - Webinar,Converted,70,1030,644,2024-11-28,2024-10-07T00:00:00
4164,Mary,Rodriguez,mary.rodriguez4164@innovateco.com,InnovateCo,Partner Referral,Nurture,48,,,,2022-05-22T00:00:00
4165,Karen,Hernandez,karen.hernandez4165@cybervault.com,CyberVault,,Nurture,18,,,,2020-09-15T00:00:00
4166,David,Johnson,david.johnson4166@truenorthdata.com,TrueNorth Data,Product-Led,Converted,68,2933,424,2024-10-02,2024-08-29T00:00:00
4167,Michael,Brown,michael.brown4167@corestack.com,CoreStack,Social Media,MQL,88,,,,2020-01-20T00:00:00
4168,Mary,Davis,mary.davis4168@nexgensolutions.com,NexGen Solutions,Event,New,27,,,,2023-05-23T00:00:00
4169,Nancy,Lopez,nancy.lopez4169@futureforge.com,FutureForge,Social Media,MQL,96,,,,2021-03-08T00:00:00
4170,Mary,Williams,mary.williams4170@quantumlogiclabs.com,QuantumLogic Labs,Inbound - Webinar,Disqualified,22,,,,2024-05-14T00:00:00
4171,Barbara,Taylor,,PrimePath Digital,Partner Referral,Working,33,,,,2024-11-18T00:00:00
4172,James,Thompson,james.thompson4172@databridgecorp.com,DataBridge Corp,Inbound - Webinar,Nurture,63,,,,2021-09-22T00:00:00
4173,Patricia,Brown,patricia.brown4173@brightwavetech.com,BrightWave Tech,Paid Search,MQL,72,,,,2020-06-15T00:00:00
4174,David,Taylor,,QuantumLogic Labs,Paid Search,New,45,,,,2021-06-10T00:00:00
4175,Nancy,Johnson,nancy.johnson4175@corestack.com,CoreStack,Paid Search,Working,68,,,,2021-09-27T00:00:00
4176,Michael,Jackson,michael.jackson4176@nexgensolutions.com,NexGen Solutions,Inbound - Content,Working,65,,,,2021-07-14T00:00:00
4177,Michael,Johnson,michael.johnson4177@cybervault.com,CyberVault,Outbound - SDR,SQL,56,,,,2021-09-13T00:00:00
4178,Daniel,Miller,daniel.miller4178@futureforge.com,FutureForge,Event,New,-69,,,,2024-04-24T00:00:00
4179,James,Davis,james.davis4179@corestack.com,CoreStack,Product-Led,New,30,,,,2022-09-29T00:00:00
4180,Joseph,Williams,joseph.williams4180@cloudscalesystems.com,CloudScale Systems,Social Media,Disqualified,6,,,,2022-10-02T00:00:00
4181,Christopher,Smith,christopher.smith4181@streamlineanalytics.com,StreamLine Analytics,Outbound - SDR,Working,25,,,,2022-09-22T00:00:00
4182,Patricia,Jones,patricia.jones4182@metasync.com,MetaSync,Product-Led,Disqualified,1,,,,2022-02-11T00:00:00
4183,Thomas,Jones,thomas.jones4183@rapidcloud.com,RapidCloud,Inbound - Webinar,SQL,94,,,,2023-04-07T00:00:00
4184,Nancy,Davis,nancy.davis4184@scaleupsystems.com,ScaleUp Systems,Inbound - Webinar,Working,38,,,,2020-02-07T00:00:00
4185,Robert,Miller,robert.miller4185@brightwavetech.com,BrightWave Tech,Inbound - Webinar,Disqualified,5,,,,2020-09-07T00:00:00
4186,James,Brown,james.brown4186@brightwavetech.com,BrightWave Tech,Outbound - Cold,Working,30,,,,2024-06-13T00:00:00
4187,Joseph,Jones,joseph.jones4187@metasync.com,MetaSync,Inbound - Web,New,37,,,,2021-08-27T00:00:00
4188,Karen,Jackson,karen.jackson4188@rapidcloud.com,RapidCloud,Event,Disqualified,15,,,,2022-10-20T00:00:00
4189,Karen,Miller,karen.miller,InnovateCo,Paid Search,Working,-16,,,,2024-09-01T00:00:00
4190,Lisa,Taylor,lisa.taylor4190@primepathdigital.com,PrimePath Digital,Outbound - Cold,Nurture,68,,,,2020-10-21T00:00:00
4191,Susan,Johnson,susan.johnson4191@techflowinc.com,TechFlow Inc,Inbound - Webinar,Converted,54,3247,818,2021-06-16,2021-06-08T00:00:00
4192,Mary,Wilson,mary.wilson4192@brightwavetech.com,BrightWave Tech,Outbound - SDR,Nurture,48,,,,2020-09-07T00:00:00
4193,Barbara,Thompson,barbara.thompson4193@nexgensolutions.com,NexGen Solutions,Outbound - Cold,Disqualified,5,,,,2021-12-20T00:00:00
4194,David,Anderson,david.anderson4194@innovateco.com,InnovateCo,Inbound - Content,Working,33,,,,2022-05-22T00:00:00
4195,Jennifer,Martin,jennifer.martin4195@streamlineanalytics.com,StreamLine Analytics,Product-Led,New,14,,,,2022-12-14T00:00:00
4196,Elizabeth,Johnson,elizabeth.johnson4196@insightplatforms.com,Insight Platforms,Product-Led,Disqualified,1,,,,2023-07-25T00:00:00
4197,Joseph,Anderson,joseph.anderson4197@techflowinc.com,TechFlow Inc,Inbound - Content,MQL,73,,,,2022-11-16T00:00:00
4198,Linda,Smith,linda.smith,FutureForge,,New,65,,,,2024-02-22T00:00:00
4199,Mary,Brown,mary.brown4199@databridgecorp.com,DataBridge Corp,Paid Search,SQL,97,,,,2022-09-20T00:00:00
4200,James,Gonzalez,james.gonzalez4200@cloudscalesystems.com,CloudScale Systems,Product-Led,Disqualified,27,,,,2021-05-07T00:00:00
4201,John,Miller,john.miller4201@scaleupsystems.com,ScaleUp Systems,Inbound - Web,Working,20,,,,2023-03-29T00:00:00
4202,Michael,Hernandez,michael.hernandez4202@agiledynamics.com,Agile Dynamics,Event,Disqualified,29,,,,2021-08-10T00:00:00
4203,Thomas,Martinez,thomas.martinez4203@quantumlogiclabs.com,QuantumLogic Labs,Event,Working,56,,,,2021-06-25T00:00:00
4204,Susan,Smith,susan.smith4204@databridgecorp.com,DataBridge Corp,Social Media,SQL,55,,,,2021-01-22T00:00:00
4205,Barbara,Wilson,barbara.wilson4205@cybervault.com,CyberVault,Event,Working,20,,,,2023-04-25T00:00:00
4206,Robert,Jones,robert.jones4206@databridgecorp.com,DataBridge Corp,Inbound - Content,Nurture,65,,,,2021-10-22T00:00:00
4207,Elizabeth,Thomas,elizabeth.thomas4207@innovateco.com,InnovateCo,Outbound - SDR,Converted,59,3266,935,2024-11-15,2024-11-04T00:00:00
4208,David,Jones,david.jones4208@truenorthdata.com,TrueNorth Data,Inbound - Web,Working,51,,,,2023-09-30T00:00:00
4209,Linda,Williams,linda.williams4209@brightwavetech.com,BrightWave Tech,Paid Search,Disqualified,1,,,,2020-12-31T00:00:00
4210,Elizabeth,Lopez,elizabeth.lopez4210@nexgensolutions.com,NexGen Solutions,Paid Search,Working,53,,,,2020-09-08T00:00:00
4211,David,Anderson,david.anderson4211@corestack.com,CoreStack,Inbound - Webinar,MQL,98,,,,2020-02-27T00:00:00
4212,Susan,Davis,susan.davis4212@nexgensolutions.com,NexGen Solutions,Outbound - Cold,Nurture,21,,,,2022-08-27T00:00:00
4213,Christopher,Jackson,christopher.jackson4213@brightwavetech.com,BrightWave Tech,Product-Led,MQL,87,,,,2022-06-25T00:00:00
4214,David,Brown,david.brown4214@cybervault.com,CyberVault,Inbound - Webinar,Converted,89,27,366,2024-10-16,2024-08-03T00:00:00
4215,Richard,Lee,richard.lee4215@insightplatforms.com,Insight Platforms,,Converted,98,2676,865,2024-06-27,2024-05-03T00:00:00
4216,Jennifer,Thomas,jennifer.thomas4216@insightplatforms.com,Insight Platforms,Outbound - Cold,Disqualified,5,,,,2020-07-24T00:00:00
4217,Thomas,Gonzalez,thomas.gonzalez,RapidCloud,Event,Working,32,,,,2020-08-30T00:00:00
4218,Jennifer,Williams,jennifer.williams4218@innovateco.com,InnovateCo,Inbound - Web,New,37,,,,2023-04-24T00:00:00
4219,Karen,Gonzalez,karen.gonzalez4219@primepathdigital.com,PrimePath Digital,Outbound - SDR,Converted,79,4193,408,2023-10-04,2023-07-08T00:00:00
4220,Charles,Lopez,charles.lopez4220@truenorthdata.com,TrueNorth Data,Outbound - Cold,MQL,82,,,,2020-08-16T00:00:00
4221,Susan,Jones,susan.jones4221@cybervault.com,CyberVault,Inbound - Web,Working,70,,,,2021-07-15T00:00:00
4222,Nancy,Brown,nancy.brown4222@cloudscalesystems.com,CloudScale Systems,Inbound - Web,Converted,89,3038,931,2024-12-10,2024-12-06T00:00:00
4223,Christopher,Thompson,christopher.thompson4223@corestack.com,CoreStack,,Converted,79,1920,899,2023-05-31,2023-04-19T00:00:00
4224,Jessica,Miller,jessica.miller4224@techflowinc.com,TechFlow Inc,Paid Search,New,40,,,,2020-03-20T00:00:00
4225,John,Miller,john.miller4225@databridgecorp.com,DataBridge Corp,Partner Referral,New,19,,,,2020-12-05T00:00:00
4226,Sarah,Anderson,sarah.anderson4226@insightplatforms.com,Insight Platforms,Partner Referral,New,38,,,,2022-01-06T00:00:00
4227,Thomas,Lee,thomas.lee4227@vertexai.com,VertexAI,Inbound - Webinar,Converted,66,269,590,2024-04-28,2024-04-23T00:00:00
4228,Thomas,Rodriguez,thomas.rodriguez4228@pulsepointdigital.com,PulsePoint Digital,Inbound - Content,Converted,85,3041,102,2023-10-01,2023-08-02T00:00:00
4229,Daniel,Martin,daniel.martin4229@insightplatforms.com,Insight Platforms,Social Media,Working,25,,,,2023-07-13T00:00:00
4230,Joseph,Moore,joseph.moore4230@insightplatforms.com,Insight Platforms,Event,Converted,89,4038,792,2021-08-14,2021-07-20T00:00:00
4231,Nancy,Rodriguez,nancy.rodriguez4231@cloudscalesystems.com,CloudScale Systems,Inbound - Webinar,MQL,80,,,,2022-01-12T00:00:00
4232,Sarah,Johnson,sarah.johnson4232@brightwavetech.com,BrightWave Tech,Event,Disqualified,3,,,,2022-05-12T00:00:00
4233,Thomas,Williams,thomas.williams4233@nexgensolutions.com,NexGen Solutions,Inbound - Webinar,Working,49,,,,2024-05-04T00:00:00
4234,David,Hernandez,david.hernandez4234@futureforge.com,FutureForge,Event,Working,-37,,,,2022-04-02T00:00:00
4235,Lisa,Garcia,lisa.garcia4235@scaleupsystems.com,ScaleUp Systems,Event,New,23,,,,2021-02-19T00:00:00
4236,Barbara,Gonzalez,barbara.gonzalez4236@nexgensolutions.com,NexGen Solutions,Product-Led,MQL,89,,,,2022-07-14T00:00:00
4237,Daniel,Davis,daniel.davis4237@cybervault.com,CyberVault,Outbound - Cold,SQL,67,,,,2021-09-06T00:00:00
4238,Nancy,Davis,nancy.davis4238@quantumlogiclabs.com,QuantumLogic Labs,Event,Disqualified,20,,,,2023-09-11T00:00:00
4239,Barbara,Smith,barbara.smith4239@agiledynamics.com,Agile Dynamics,Outbound - Cold,Nurture,13,,,,2020-11-14T00:00:00
4240,Sarah,Moore,sarah.moore4240@metasync.com,MetaSync,Inbound - Content,SQL,60,,,,2020-11-08T00:00:00
4241,Richard,Rodriguez,richard.rodriguez4241@scaleupsystems.com,ScaleUp Systems,Outbound - Cold,New,28,,,,2022-10-14T00:00:00
4242,James,Thompson,james.thompson4242@streamlineanalytics.com,StreamLine Analytics,Social Media,New,26,,,,2022-07-01T00:00:00
4243,Sarah,Lee,sarah.lee4243@scaleupsystems.com,ScaleUp Systems,Product-Led,Working,61,,,,2023-06-26T00:00:00
4244,Jessica,Thompson,jessica.thompson4244@vertexai.com,VertexAI,Product-Led,Converted,84,247,108,2024-09-08,2024-08-07T00:00:00
4245,Robert,Davis,robert.davis4245@pulsepointdigital.com,PulsePoint Digital,Outbound - Cold,SQL,55,,,,2021-07-24T00:00:00
4246,Karen,Davis,karen.davis4246@scaleupsystems.com,ScaleUp Systems,Partner Referral,Working,19,,,,2022-05-01T00:00:00
4247,Jennifer,Lee,jennifer.lee4247@futureforge.com,FutureForge,Inbound - Content,New,14,,,,2022-06-21T00:00:00
4248,Lisa,Gonzalez,lisa.gonzalez4248@quantumlogiclabs.com,QuantumLogic Labs,Paid Search,Converted,92,2191,53,2022-02-27,2022-01-25T00:00:00
4249,Mary,Williams,mary.williams4249@streamlineanalytics.com,StreamLine Analytics,Outbound - SDR,Disqualified,22,,,,2021-09-28T00:00:00
4250,David,Garcia,david.garcia4250@truenorthdata.com,TrueNorth Data,Outbound - SDR,MQL,100,,,,2024-03-31T00:00:00
4251,Susan,Lee,susan.lee4251@quantumlogiclabs.com,QuantumLogic Labs,Event,Disqualified,22,,,,2024-06-05T00:00:00
4252,Linda,Moore,linda.moore4252@streamlineanalytics.com,StreamLine Analytics,Partner Referral,New,11,,,,2022-05-14T00:00:00
4253,Karen,Martinez,karen.martinez4253@nexgensolutions.com,NexGen Solutions,Partner Referral,MQL,62,,,,2021-10-10T00:00:00
4254,Michael,Moore,michael.moore4254@nexgensolutions.com,NexGen Solutions,Paid Search,Converted,71,4653,279,2023-08-04,2023-06-01T00:00:00
4255,David,Wilson,david.wilson4255@agiledynamics.com,Agile Dynamics,Social Media,Disqualified,27,,,,2022-08-28T00:00:00
4256,Robert,Hernandez,robert.hernandez4256@cybervault.com,CyberVault,Event,SQL,62,,,,2021-06-30T00:00:00
4257,Jessica,Miller,jessica.miller4257@truenorthdata.com,TrueNorth Data,Partner Referral,New,70,,,,2021-11-16T00:00:00
4258,Lisa,Wilson,lisa.wilson4258@pulsepointdigital.com,PulsePoint Digital,Event,Disqualified,19,,,,2024-05-20T00:00:00
4259,Nancy,Jones,,InnovateCo,Inbound - Content,Converted,80,3572,6,2024-08-24,2024-06-13T00:00:00
4260,John,Jones,john.jones4260@databridgecorp.com,DataBridge Corp,Inbound - Content,Disqualified,9,,,,2022-12-19T00:00:00
4261,David,Martin,david.martin4261@truenorthdata.com,TrueNorth Data,Event,Converted,54,3500,289,2024-06-30,2024-05-22T00:00:00
4262,Linda,Lee,linda.lee4262@vertexai.com,VertexAI,Partner Referral,New,49,,,,2024-01-06T00:00:00
4263,Christopher,Martinez,christopher.martinez4263@techflowinc.com,TechFlow Inc,Paid Search,Converted,71,4870,877,2024-12-08,2024-11-09T00:00:00
4264,Daniel,Taylor,daniel.taylor4264@streamlineanalytics.com,StreamLine Analytics,Inbound - Webinar,MQL,76,,,,2023-02-01T00:00:00
4265,Jennifer,Gonzalez,jennifer.gonzalez4265@streamlineanalytics.com,StreamLine Analytics,Inbound - Content,Working,33,,,,2021-03-01T00:00:00
4266,Thomas,Gonzalez,thomas.gonzalez4266@streamlineanalytics.com,StreamLine Analytics,Product-Led,Converted,52,2184,518,2022-07-27,2022-06-14T00:00:00
4267,Jennifer,Jones,jennifer.jones4267@corestack.com,CoreStack,Outbound - Cold,Disqualified,14,,,,2021-10-22T00:00:00
4268,John,Jones,john.jones4268@rapidcloud.com,RapidCloud,Social Media,Working,11,,,,2024-12-12T00:00:00
4269,Richard,Garcia,richard.garcia4269@brightwavetech.com,BrightWave Tech,Paid Search,MQL,50,,,,2021-09-19T00:00:00
4270,Barbara,Gonzalez,barbara.gonzalez4270@innovateco.com,InnovateCo,Product-Led,MQL,61,,,,2024-02-01T00:00:00
4271,Linda,Taylor,linda.taylor4271@insightplatforms.com,Insight Platforms,Paid Search,New,14,,,,2020-01-13T00:00:00
4272,James,Martinez,james.martinez4272@quantumlogiclabs.com,QuantumLogic Labs,Inbound - Content,New,39,,,,2020-11-21T00:00:00
4273,Richard,Lee,richard.lee4273@primepathdigital.com,PrimePath Digital,Product-Led,Disqualified,3,,,,2021-11-02T00:00:00
4274,Lisa,Gonzalez,lisa.gonzalez4274@nexgensolutions.com,NexGen Solutions,Outbound - SDR,Working,-50,,,,2020-02-07T00:00:00
4275,Barbara,Hernandez,barbara.hernandez4275@corestack.com,CoreStack,Social Media,SQL,93,,,,2020-01-09T00:00:00
4276,Lisa,Thompson,lisa.thompson4276@nexgensolutions.com,NexGen Solutions,Partner Referral,Converted,63,4893,334,2024-12-16,2024-11-06T00:00:00
4277,Patricia,Wilson,patricia.wilson4277@pulsepointdigital.com,PulsePoint Digital,Partner Referral,New,63,,,,2023-09-14T00:00:00
4278,Jessica,Jones,jessica.jones4278@rapidcloud.com,RapidCloud,Inbound - Content,Nurture,20,,,,2022-10-31T00:00:00
4279,Robert,Gonzalez,robert.gonzalez4279@rapidcloud.com,RapidCloud,Outbound - SDR,Nurture,32,,,,2022-01-23T00:00:00
4280,James,Moore,james.moore4280@techflowinc.com,TechFlow Inc,Paid Search,MQL,70,,,,2020-09-14T00:00:00
4281,Susan,Thomas,,CloudScale Systems,Social Media,Nurture,19,,,,2022-03-04T00:00:00
4282,Mary,Lee,mary.lee4282@innovateco.com,InnovateCo,Product-Led,Converted,56,140,941,2023-10-19,2023-10-13T00:00:00
4283,Barbara,Rodriguez,barbara.rodriguez4283@vertexai.com,VertexAI,Outbound - SDR,Converted,83,3878,855,2023-12-13,2023-10-11T00:00:00
4284,Daniel,Martinez,daniel.martinez4284@primepathdigital.com,PrimePath Digital,Partner Referral,SQL,55,,,,2021-08-19T00:00:00
4285,John,Williams,john.williams4285@agiledynamics.com,Agile Dynamics,Outbound - Cold,Working,15,,,,2023-02-18T00:00:00
4286,Daniel,Miller,daniel.miller4286@truenorthdata.com,TrueNorth Data,Outbound - SDR,Converted,61,3476,25,2023-07-22,2023-05-24T00:00:00
4287,Joseph,Garcia,joseph.garcia4287@databridgecorp.com,DataBridge Corp,Event,Converted,53,2940,69,2024-06-21,2024-05-25T00:00:00
4288,Nancy,Williams,nancy.williams,RapidCloud,Event,MQL,53,,,,2020-01-18T00:00:00
4289,Barbara,Rodriguez,barbara.rodriguez4289@corestack.com,CoreStack,Event,Converted,65,3618,668,2023-10-05,2023-08-09T00:00:00
4290,Robert,Martin,robert.martin4290@agiledynamics.com,Agile Dynamics,Paid Search,Working,26,,,,2024-07-22T00:00:00
4291,Richard,Brown,,PrimePath Digital,Paid Search,New,47,,,,2023-07-28T00:00:00
4292,Richard,Wilson,richard.wilson4292@cybervault.com,CyberVault,Outbound - Cold,MQL,63,,,,2021-11-13T00:00:00
4293,Charles,Thomas,charles.thomas4293@truenorthdata.com,TrueNorth Data,Product-Led,Converted,98,2517,836,2024-09-10,2024-07-28T00:00:00
4294,Daniel,Miller,daniel.miller4294@insightplatforms.com,Insight Platforms,Product-Led,New,53,,,,2021-01-09T00:00:00
4295,Jessica,Jackson,jessica.jackson4295@quantumlogiclabs.com,QuantumLogic Labs,Product-Led,Working,62,,,,2020-12-11T00:00:00
4296,Patricia,Miller,patricia.miller4296@innovateco.com,InnovateCo,Paid Search,Disqualified,30,,,,2021-07-14T00:00:00
4297,Jennifer,Miller,jennifer.miller4297@corestack.com,CoreStack,Inbound - Content,Disqualified,10,,,,2023-10-11T00:00:00
4298,Joseph,Moore,joseph.moore4298@nexgensolutions.com,NexGen Solutions,Inbound - Content,Converted,73,2703,386,2023-01-05,2022-10-30T00:00:00
4299,Nancy,Miller,nancy.miller4299@futureforge.com,FutureForge,Social Media,Working,24,,,,2022-07-12T00:00:00
4300,Lisa,Thompson,lisa.thompson4300@quantumlogiclabs.com,QuantumLogic Labs,Paid Search,Converted,52,408,507,2024-12-12,2024-10-21T00:00:00
4301,Mary,Thompson,mary.thompson4301@agiledynamics.com,Agile Dynamics,Inbound - Web,MQL,55,,,,2020-11-14T00:00:00
4302,Michael,Smith,michael.smith4302@truenorthdata.com,TrueNorth Data,,Converted,56,3456,196,2023-11-05,2023-10-11T00:00:00
4303,John,Hernandez,john.hernandez4303@corestack.com,CoreStack,Outbound - SDR,New,51,,,,2022-10-09T00:00:00
4304,Thomas,Davis,thomas.davis4304@rapidcloud.com,RapidCloud,Inbound - Content,SQL,77,,,,2022-09-23T00:00:00
4305,Joseph,Hernandez,joseph.hernandez4305@quantumlogiclabs.com,QuantumLogic Labs,Inbound - Web,MQL,51,,,,2024-01-01T00:00:00
4306,Joseph,Anderson,joseph.anderson4306@truenorthdata.com,TrueNorth Data,Outbound - SDR,Converted,98,3749,193,2023-06-20,2023-04-27T00:00:00
4307,Patricia,Lopez,patricia.lopez4307@agiledynamics.com,Agile Dynamics,Inbound - Content,SQL,100,,,,2021-06-04T00:00:00
4308,Charles,Lopez,charles.lopez4308@vertexai.com,VertexAI,Product-Led,Disqualified,30,,,,2020-10-05T00:00:00
4309,Charles,Gonzalez,,BrightWave Tech,Inbound - Webinar,Working,34,,,,2021-12-02T00:00:00
4310,Susan,Smith,susan.smith4310@databridgecorp.com,DataBridge Corp,Outbound - Cold,Nurture,46,,,,2020-03-14T00:00:00
4311,Lisa,Thompson,lisa.thompson4311@nexgensolutions.com,NexGen Solutions,Event,New,51,,,,2023-08-04T00:00:00
4312,Elizabeth,Anderson,elizabeth.anderson4312@pulsepointdigital.com,PulsePoint Digital,Partner Referral,Working,37,,,,2021-08-09T00:00:00
4313,William,Lee,william.lee4313@streamlineanalytics.com,StreamLine Analytics,Social Media,Working,54,,,,2023-08-23T00:00:00
4314,Lisa,Taylor,lisa.taylor4314@vertexai.com,VertexAI,Paid Search,Converted,68,1031,589,2024-05-23,2024-03-17T00:00:00
4315,Thomas,Anderson,thomas.anderson4315@pulsepointdigital.com,PulsePoint Digital,Product-Led,SQL,73,,,,2020-01-19T00:00:00
4316,Christopher,Davis,christopher.davis4316@pulsepointdigital.com,PulsePoint Digital,Social Media,Nurture,31,,,,2021-01-14T00:00:00
4317,Christopher,Thomas,christopher.thomas4317@futureforge.com,FutureForge,Event,MQL,60,,,,2024-04-07T00:00:00
4318,Karen,Hernandez,,CyberVault,Inbound - Webinar,Nurture,32,,,,2020-03-10T00:00:00
4319,Richard,Hernandez,richard.hernandez4319@quantumlogiclabs.com,QuantumLogic Labs,Inbound - Webinar,Converted,-72,1497,634,2022-10-12,2022-08-11T00:00:00
4320,Michael,Taylor,michael.taylor4320@corestack.com,CoreStack,Inbound - Webinar,Working,24,,,,2020-08-19T00:00:00
4321,David,Moore,david.moore4321@cloudscalesystems.com,CloudScale Systems,Partner Referral,Converted,98,1796,241,2024-10-21,2024-10-12T00:00:00
4322,Karen,Gonzalez,karen.gonzalez4322@insightplatforms.com,Insight Platforms,Outbound - Cold,MQL,60,,,,2023-01-13T00:00:00
4323,Sarah,Gonzalez,sarah.gonzalez4323@agiledynamics.com,Agile Dynamics,Inbound - Webinar,Converted,73,1839,59,2024-04-03,2024-03-09T00:00:00
4324,Richard,Martinez,richard.martinez4324@metasync.com,MetaSync,Social Media,Disqualified,-17,,,,2023-08-21T00:00:00
4325,Joseph,Hernandez,joseph.hernandez4325@truenorthdata.com,TrueNorth Data,Product-Led,Disqualified,20,,,,2021-12-26T00:00:00
4326,Daniel,Johnson,daniel.johnson4326@truenorthdata.com,TrueNorth Data,Inbound - Content,MQL,100,,,,2020-05-23T00:00:00
4327,Sarah,Thomas,sarah.thomas4327@scaleupsystems.com,ScaleUp Systems,Product-Led,SQL,64,,,,2020-05-31T00:00:00
4328,Richard,Johnson,richard.johnson4328@innovateco.com,InnovateCo,Event,Working,15,,,,2024-08-08T00:00:00
4329,William,Davis,william.davis4329@techflowinc.com,TechFlow Inc,Inbound - Webinar,Disqualified,6,,,,2023-07-31T00:00:00
4330,Charles,Martinez,charles.martinez4330@pulsepointdigital.com,PulsePoint Digital,Social Media,SQL,57,,,,2023-07-27T00:00:00
4331,William,Williams,william.williams4331@agiledynamics.com,Agile Dynamics,Event,Disqualified,18,,,,2022-06-04T00:00:00
4332,Linda,Wilson,linda.wilson4332@metasync.com,MetaSync,Inbound - Web,MQL,67,,,,2023-06-02T00:00:00
4333,Jessica,Miller,jessica.miller4333@nexgensolutions.com,NexGen Solutions,Product-Led,Disqualified,28,,,,2023-03-05T00:00:00
4334,Linda,Brown,linda.brown4334@primepathdigital.com,PrimePath Digital,Paid Search,MQL,88,,,,2020-11-15T00:00:00
4335,Richard,Davis,richard.davis4335@streamlineanalytics.com,StreamLine Analytics,Inbound - Web,MQL,99,,,,2022-12-04T00:00:00
4336,Sarah,Lee,sarah.lee4336@primepathdigital.com,PrimePath Digital,Inbound - Web,Working,30,,,,2020-02-28T00:00:00
4337,Charles,Thomas,charles.thomas4337@cybervault.com,CyberVault,Outbound - Cold,Disqualified,14,,,,2023-12-30T00:00:00
4338,Thomas,Gonzalez,thomas.gonzalez4338@agiledynamics.com,Agile Dynamics,Inbound - Web,MQL,82,,,,2020-10-13T00:00:00
4339,Richard,Johnson,richard.johnson4339@corestack.com,CoreStack,Outbound - Cold,MQL,96,,,,2022-01-03T00:00:00
4340,Daniel,Jackson,daniel.jackson4340@scaleupsystems.com,ScaleUp Systems,Outbound - SDR,MQL,61,,,,2023-04-09T00:00:00
4341,Christopher,Moore,christopher.moore4341@primepathdigital.com,PrimePath Digital,Outbound - SDR,Nurture,41,,,,2021-01-09T00:00:00
4342,Elizabeth,Moore,elizabeth.moore4342@truenorthdata.com,TrueNorth Data,Product-Led,Converted,66,4400,263,2024-03-17,2024-03-04T00:00:00
4343,Robert,Hernandez,robert.hernandez4343@futureforge.com,FutureForge,Inbound - Webinar,Nurture,26,,,,2020-04-24T00:00:00
4344,Michael,Hernandez,michael.hernandez4344@rapidcloud.com,RapidCloud,Event,MQL,83,,,,2024-02-02T00:00:00
4345,Linda,Anderson,linda.anderson4345@insightplatforms.com,Insight Platforms,Product-Led,New,62,,,,2022-09-01T00:00:00
4346,William,Thomas,william.thomas4346@brightwavetech.com,BrightWave Tech,Product-Led,MQL,86,,,,2023-10-12T00:00:00
4347,Thomas,Brown,thomas.brown4347@nexgensolutions.com,NexGen Solutions,Paid Search,Converted,71,1340,594,2020-11-15,2020-11-01T00:00:00
4348,Elizabeth,Williams,elizabeth.williams,FutureForge,Social Media,Working,11,,,,2020-10-30T00:00:00
4349,Sarah,Moore,sarah.moore4349@nexgensolutions.com,NexGen Solutions,Outbound - SDR,New,57,,,,2020-03-11T00:00:00
4350,Thomas,Hernandez,thomas.hernandez4350@nexgensolutions.com,NexGen Solutions,Outbound - Cold,Nurture,20,,,,2022-02-09T00:00:00
4351,Barbara,Thompson,barbara.thompson4351@nexgensolutions.com,NexGen Solutions,Product-Led,Converted,91,3929,490,2024-02-24,2024-02-01T00:00:00
4352,Joseph,Martinez,joseph.martinez4352@truenorthdata.com,TrueNorth Data,Product-Led,Converted,54,4341,471,2024-07-13,2024-05-04T00:00:00
4353,Mary,Davis,mary.davis4353@brightwavetech.com,BrightWave Tech,Social Media,Nurture,39,,,,2024-08-18T00:00:00
4354,Linda,Wilson,linda.wilson4354@primepathdigital.com,PrimePath Digital,Partner Referral,New,51,,,,2021-12-01T00:00:00
4355,Michael,Brown,michael.brown4355@rapidcloud.com,RapidCloud,Outbound - SDR,Converted,74,1572,693,2024-12-07,2024-11-11T00:00:00
4356,William,Hernandez,william.hernandez4356@innovateco.com,InnovateCo,Paid Search,New,47,,,,2022-02-20T00:00:00
4357,Jessica,Miller,jessica.miller4357@streamlineanalytics.com,StreamLine Analytics,Product-Led,MQL,67,,,,2020-10-03T00:00:00
4358,Robert,Jones,robert.jones4358@nexgensolutions.com,NexGen Solutions,Paid Search,Working,35,,,,2022-08-29T00:00:00
4359,Jessica,Lee,jessica.lee4359@cloudscalesystems.com,CloudScale Systems,Event,Disqualified,0,,,,2022-04-04T00:00:00
4360,Thomas,Garcia,thomas.garcia4360@databridgecorp.com,DataBridge Corp,Inbound - Content,Nurture,42,,,,2022-06-17T00:00:00
4361,William,Brown,william.brown4361@insightplatforms.com,Insight Platforms,Event,New,28,,,,2023-11-08T00:00:00
4362,Karen,Martin,karen.martin4362@agiledynamics.com,Agile Dynamics,Paid Search,Converted,62,3989,31,2022-02-11,2022-01-21T00:00:00
4363,Sarah,Wilson,sarah.wilson4363@brightwavetech.com,BrightWave Tech,Product-Led,SQL,51,,,,2024-03-17T00:00:00
4364,Jessica,Lopez,jessica.lopez4364@techflowinc.com,TechFlow Inc,Outbound - Cold,Working,57,,,,2021-07-18T00:00:00
4365,Nancy,Brown,nancy.brown4365@scaleupsystems.com,ScaleUp Systems,Inbound - Content,Working,41,,,,2020-03-20T00:00:00
4366,William,Anderson,william.anderson4366@innovateco.com,InnovateCo,Inbound - Web,New,46,,,,2024-06-09T00:00:00
4367,Daniel,Lee,daniel.lee4367@vertexai.com,VertexAI,Partner Referral,Nurture,14,,,,2023-02-01T00:00:00
4368,Daniel,Hernandez,daniel.hernandez4368@corestack.com,CoreStack,Inbound - Web,Converted,86,2447,142,2024-12-22,2024-10-13T00:00:00
4369,Thomas,Gonzalez,thomas.gonzalez4369@nexgensolutions.com,NexGen Solutions,Partner Referral,Working,59,,,,2023-12-22T00:00:00
4370,Thomas,Anderson,thomas.anderson4370@truenorthdata.com,TrueNorth Data,Inbound - Webinar,MQL,72,,,,2024-05-01T00:00:00
4371,John,Gonzalez,john.gonzalez4371@scaleupsystems.com,ScaleUp Systems,Event,New,64,,,,2024-07-18T00:00:00
4372,Elizabeth,Thomas,elizabeth.thomas4372@cybervault.com,CyberVault,Paid Search,MQL,81,,,,2024-04-16T00:00:00
4373,Robert,Taylor,robert.taylor,RapidCloud,Inbound - Content,MQL,81,,,,2022-03-30T00:00:00
4374,James,Smith,,BrightWave Tech,Partner Referral,Converted,-67,1856,805,2024-09-21,2024-08-26T00:00:00
4375,Linda,Taylor,linda.taylor4375@metasync.com,MetaSync,Outbound - SDR,Disqualified,30,,,,2022-03-08T00:00:00
4376,Robert,Gonzalez,robert.gonzalez4376@cybervault.com,CyberVault,Paid Search,Working,48,,,,2024-08-29T00:00:00
4377,Barbara,Martinez,barbara.martinez4377@vertexai.com,VertexAI,Product-Led,New,46,,,,2022-02-05T00:00:00
4378,Jennifer,Williams,jennifer.williams4378@insightplatforms.com,Insight Platforms,Product-Led,SQL,69,,,,2022-11-17T00:00:00
4379,Charles,Taylor,charles.taylor4379@scaleupsystems.com,ScaleUp Systems,Inbound - Content,Nurture,62,,,,2024-01-30T00:00:00
4380,Mary,Davis,mary.davis4380@databridgecorp.com,DataBridge Corp,Paid Search,MQL,50,,,,2020-04-16T00:00:00
4381,Thomas,Anderson,thomas.anderson4381@streamlineanalytics.com,StreamLine Analytics,Event,New,50,,,,2021-09-11T00:00:00
4382,Patricia,Anderson,patricia.anderson4382@scaleupsystems.com,ScaleUp Systems,Inbound - Content,New,-42,,,,2023-05-19T00:00:00
4383,Thomas,Rodriguez,thomas.rodriguez4383@vertexai.com,VertexAI,Partner Referral,Disqualified,20,,,,2020-04-23T00:00:00
4384,Patricia,Garcia,patricia.garcia4384@truenorthdata.com,TrueNorth Data,Inbound - Webinar,SQL,54,,,,2024-07-21T00:00:00
4385,Robert,Martin,robert.martin4385@metasync.com,MetaSync,Inbound - Content,Disqualified,27,,,,2023-02-11T00:00:00
4386,Elizabeth,Lee,elizabeth.lee4386@truenorthdata.com,TrueNorth Data,Outbound - Cold,Nurture,49,,,,2023-09-13T00:00:00
4387,Patricia,Lopez,patricia.lopez4387@techflowinc.com,TechFlow Inc,Product-Led,Converted,89,1420,196,2023-01-18,2023-01-23T00:00:00
4388,Joseph,Garcia,joseph.garcia4388@techflowinc.com,TechFlow Inc,Partner Referral,MQL,86,,,,2024-01-08T00:00:00
4389,Robert,Brown,robert.brown4389@agiledynamics.com,Agile Dynamics,Outbound - Cold,Working,35,,,,2021-04-14T00:00:00
4390,Michael,Lopez,michael.lopez4390@cloudscalesystems.com,CloudScale Systems,Inbound - Web,Converted,80,4560,957,2024-06-20,2024-04-04T00:00:00
4391,John,Garcia,john.garcia4391@nexgensolutions.com,NexGen Solutions,Event,New,49,,,,2020-05-13T00:00:00
4392,Richard,Smith,richard.smith4392@databridgecorp.com,DataBridge Corp,Inbound - Content,Converted,66,4385,179,2022-09-21,2022-08-22T00:00:00
4393,Joseph,Wilson,joseph.wilson4393@agiledynamics.com,Agile Dynamics,Paid Search,Nurture,52,,,,2020-07-10T00:00:00
4394,Elizabeth,Smith,elizabeth.smith4394@insightplatforms.com,Insight Platforms,Social Media,Converted,66,3037,363,2023-04-30,2023-02-10T00:00:00
4395,Elizabeth,Brown,elizabeth.brown4395@agiledynamics.com,Agile Dynamics,Inbound - Webinar,Converted,82,1755,358,2022-04-06,2022-03-22T00:00:00
4396,Richard,Thompson,richard.thompson4396@vertexai.com,VertexAI,Product-Led,SQL,98,,,,2022-01-01T00:00:00
4397,Sarah,Wilson,sarah.wilson4397@nexgensolutions.com,NexGen Solutions,Paid Search,Nurture,50,,,,2022-03-28T00:00:00
4398,Lisa,Jones,lisa.jones4398@cybervault.com,CyberVault,Inbound - Web,Converted,61,2942,604,2024-11-14,2024-11-05T00:00:00
4399,Patricia,Wilson,patricia.wilson4399@techflowinc.com,TechFlow Inc,Paid Search,Disqualified,16,,,,2024-06-07T00:00:00
4400,Robert,Gonzalez,robert.gonzalez4400@nexgensolutions.com,NexGen Solutions,Partner Referral,New,28,,,,2021-12-12T00:00:00
4401,Sarah,Davis,sarah.davis4401@pulsepointdigital.com,PulsePoint Digital,Inbound - Webinar,Converted,98,4075,141,2023-01-01,2022-11-13T00:00:00
4402,Jessica,Rodriguez,jessica.rodriguez4402@quantumlogiclabs.com,QuantumLogic Labs,Inbound - Webinar,SQL,74,,,,2023-06-27T00:00:00
4403,William,Thomas,william.thomas4403@futureforge.com,FutureForge,Social Media,Disqualified,28,,,,2020-12-03T00:00:00
4404,Mary,Davis,mary.davis4404@innovateco.com,InnovateCo,Product-Led,Converted,100,3273,752,2024-12-10,2024-12-10T00:00:00
4405,Richard,Johnson,richard.johnson4405@databridgecorp.com,DataBridge Corp,Outbound - Cold,Nurture,24,,,,2024-11-08T00:00:00
4406,Susan,Hernandez,susan.hernandez4406@vertexai.com,VertexAI,Product-Led,SQL,90,,,,2023-11-21T00:00:00
4407,Joseph,Rodriguez,joseph.rodriguez4407@innovateco.com,InnovateCo,Inbound - Web,New,69,,,,2020-12-18T00:00:00
4408,Daniel,Smith,daniel.smith4408@truenorthdata.com,TrueNorth Data,Outbound - SDR,New,13,,,,2024-06-16T00:00:00
4409,James,Martinez,james.martinez4409@nexgensolutions.com,NexGen Solutions,Partner Referral,Disqualified,25,,,,2024-02-08T00:00:00
4410,Joseph,Davis,joseph.davis4410@databridgecorp.com,DataBridge Corp,Inbound - Webinar,Converted,57,1147,730,2024-08-05,2024-08-04T00:00:00
4411,Elizabeth,Taylor,elizabeth.taylor4411@futureforge.com,FutureForge,Outbound - Cold,New,67,,,,2024-12-21T00:00:00
4412,Linda,Wilson,linda.wilson4412@innovateco.com,InnovateCo,Inbound - Web,Converted,54,2832,109,2023-11-11,2023-11-03T00:00:00
4413,Susan,Garcia,susan.garcia4413@scaleupsystems.com,ScaleUp Systems,Inbound - Content,MQL,59,,,,2020-09-09T00:00:00
4414,John,Thompson,john.thompson4414@techflowinc.com,TechFlow Inc,Partner Referral,SQL,98,,,,2023-08-31T00:00:00
4415,Jessica,Jackson,jessica.jackson4415@rapidcloud.com,RapidCloud,Outbound - Cold,Working,41,,,,2023-03-31T00:00:00
4416,Nancy,Lee,nancy.lee4416@techflowinc.com,TechFlow Inc,Outbound - SDR,Nurture,40,,,,2021-11-21T00:00:00
4417,Jennifer,Wilson,jennifer.wilson4417@quantumlogiclabs.com,QuantumLogic Labs,Outbound - Cold,Working,57,,,,2023-07-06T00:00:00
4418,Michael,Jones,michael.jones4418@rapidcloud.com,RapidCloud,Outbound - SDR,New,54,,,,2022-08-25T00:00:00
4419,Joseph,Hernandez,joseph.hernandez4419@databridgecorp.com,DataBridge Corp,Outbound - Cold,MQL,83,,,,2022-02-08T00:00:00
4420,Karen,Williams,karen.williams4420@insightplatforms.com,Insight Platforms,Partner Referral,SQL,75,,,,2023-05-03T00:00:00
4421,James,Williams,james.williams4421@agiledynamics.com,Agile Dynamics,Paid Search,MQL,87,,,,2021-07-17T00:00:00
4422,James,Anderson,james.anderson4422@cloudscalesystems.com,CloudScale Systems,Partner Referral,MQL,52,,,,2023-10-04T00:00:00
4423,Elizabeth,Taylor,elizabeth.taylor4423@databridgecorp.com,DataBridge Corp,Partner Referral,Converted,72,1067,555,2024-04-09,2024-03-21T00:00:00
4424,William,Hernandez,william.hernandez4424@cybervault.com,CyberVault,Inbound - Webinar,Disqualified,25,,,,2022-07-11T00:00:00
4425,Lisa,Moore,lisa.moore4425@insightplatforms.com,Insight Platforms,Inbound - Web,Nurture,11,,,,2023-05-26T00:00:00
4426,Lisa,Jackson,lisa.jackson4426@streamlineanalytics.com,StreamLine Analytics,Paid Search,Working,15,,,,2022-05-27T00:00:00
4427,William,Anderson,william.anderson4427@nexgensolutions.com,NexGen Solutions,Partner Referral,Working,61,,,,2024-05-25T00:00:00
4428,Joseph,Martin,joseph.martin4428@primepathdigital.com,PrimePath Digital,Paid Search,Disqualified,6,,,,2022-10-18T00:00:00
4429,Sarah,Wilson,,QuantumLogic Labs,Social Media,MQL,67,,,,2023-11-17T00:00:00
4430,Robert,Gonzalez,robert.gonzalez4430@nexgensolutions.com,NexGen Solutions,Outbound - SDR,New,20,,,,2020-08-24T00:00:00
4431,Thomas,Smith,thomas.smith4431@scaleupsystems.com,ScaleUp Systems,Inbound - Web,Working,48,,,,2020-09-04T00:00:00
4432,Jessica,Anderson,jessica.anderson4432@metasync.com,MetaSync,Product-Led,Disqualified,6,,,,2022-07-13T00:00:00
4433,Susan,Taylor,susan.taylor4433@brightwavetech.com,BrightWave Tech,Social Media,New,10,,,,2021-06-03T00:00:00
4434,Nancy,Miller,nancy.miller4434@innovateco.com,InnovateCo,Outbound - Cold,SQL,64,,,,2023-03-09T00:00:00
4435,Thomas,Lopez,thomas.lopez4435@agiledynamics.com,Agile Dynamics,Inbound - Content,Disqualified,25,,,,2021-09-12T00:00:00
4436,Michael,Moore,,NexGen Solutions,Inbound - Webinar,New,37,,,,2021-10-15T00:00:00
4437,Linda,Taylor,linda.taylor4437@pulsepointdigital.com,PulsePoint Digital,Outbound - SDR,New,55,,,,2020-05-13T00:00:00
4438,Jessica,Jones,jessica.jones4438@primepathdigital.com,PrimePath Digital,Social Media,Disqualified,10,,,,2021-09-20T00:00:00
4439,Barbara,Wilson,barbara.wilson4439@cybervault.com,CyberVault,Outbound - Cold,Nurture,49,,,,2021-03-03T00:00:00
4440,Richard,Martin,richard.martin4440@cybervault.com,CyberVault,Outbound - SDR,New,67,,,,2023-09-18T00:00:00
4441,David,Martin,david.martin4441@innovateco.com,InnovateCo,Outbound - SDR,New,33,,,,2023-10-26T00:00:00
4442,Sarah,Williams,sarah.williams4442@futureforge.com,FutureForge,Partner Referral,MQL,96,,,,2021-10-26T00:00:00
4443,Nancy,Thompson,nancy.thompson4443@techflowinc.com,TechFlow Inc,Inbound - Webinar,New,31,,,,2024-03-24T00:00:00
4444,David,Smith,david.smith4444@metasync.com,MetaSync,Inbound - Content,MQL,95,,,,2024-02-28T00:00:00
4445,Susan,Smith,susan.smith4445@quantumlogiclabs.com,QuantumLogic Labs,Outbound - Cold,Nurture,19,,,,2022-10-10T00:00:00
4446,Sarah,Garcia,sarah.garcia4446@rapidcloud.com,RapidCloud,Event,New,41,,,,2023-01-08T00:00:00
4447,Daniel,Hernandez,daniel.hernandez4447@scaleupsystems.com,ScaleUp Systems,Product-Led,Disqualified,28,,,,2024-07-25T00:00:00
4448,Robert,Johnson,robert.johnson4448@futureforge.com,FutureForge,Paid Search,Converted,63,1777,719,2024-04-01,2024-02-17T00:00:00
4449,Mary,Davis,mary.davis4449@agiledynamics.com,Agile Dynamics,Outbound - SDR,Working,16,,,,2020-09-15T00:00:00
4450,Mary,Johnson,mary.johnson4450@streamlineanalytics.com,StreamLine Analytics,Partner Referral,Disqualified,21,,,,2024-10-30T00:00:00
4451,Richard,Taylor,,BrightWave Tech,,MQL,51,,,,2021-10-30T00:00:00
4452,Charles,Martinez,charles.martinez4452@innovateco.com,InnovateCo,Inbound - Web,Nurture,35,,,,2022-11-07T00:00:00
4453,Daniel,Lopez,daniel.lopez4453@innovateco.com,InnovateCo,Inbound - Web,MQL,55,,,,2023-10-08T00:00:00
4454,Sarah,Jackson,sarah.jackson4454@cybervault.com,CyberVault,Event,Working,70,,,,2023-02-14T00:00:00
4455,Susan,Miller,susan.miller4455@techflowinc.com,TechFlow Inc,Outbound - Cold,MQL,64,,,,2023-05-21T00:00:00
4456,Christopher,Gonzalez,christopher.gonzalez4456@streamlineanalytics.com,StreamLine Analytics,Event,Disqualified,5,,,,2022-10-17T00:00:00
4457,Barbara,Smith,barbara.smith4457@pulsepointdigital.com,PulsePoint Digital,Event,New,28,,,,2020-08-03T00:00:00
4458,Jessica,Martinez,jessica.martinez4458@cybervault.com,CyberVault,Partner Referral,Disqualified,15,,,,2022-05-18T00:00:00
4459,Karen,Moore,karen.moore4459@metasync.com,MetaSync,Partner Referral,SQL,73,,,,2021-07-21T00:00:00
4460,Patricia,Jones,patricia.jones4460@databridgecorp.com,DataBridge Corp,Event,Disqualified,6,,,,2022-01-25T00:00:00
4461,Christopher,Wilson,,TrueNorth Data,Event,SQL,93,,,,2021-08-25T00:00:00
4462,Lisa,Smith,lisa.smith4462@truenorthdata.com,TrueNorth Data,Event,New,56,,,,2024-12-26T00:00:00
4463,Karen,Garcia,karen.garcia4463@corestack.com,CoreStack,Social Media,Working,68,,,,2020-02-26T00:00:00
4464,John,Gonzalez,john.gonzalez4464@metasync.com,MetaSync,Inbound - Web,New,17,,,,2023-08-17T00:00:00
4465,Robert,Wilson,robert.wilson4465@cloudscalesystems.com,CloudScale Systems,Outbound - Cold,MQL,73,,,,2020-02-11T00:00:00
4466,Jessica,Anderson,jessica.anderson4466@quantumlogiclabs.com,QuantumLogic Labs,Social Media,Working,29,,,,2020-05-07T00:00:00
4467,Patricia,Martinez,patricia.martinez4467@insightplatforms.com,Insight Platforms,Partner Referral,Disqualified,18,,,,2022-08-23T00:00:00
4468,William,Gonzalez,william.gonzalez4468@vertexai.com,VertexAI,Social Media,Disqualified,16,,,,2020-12-27T00:00:00
4469,Sarah,Davis,sarah.davis4469@scaleupsystems.com,ScaleUp Systems,Outbound - SDR,Disqualified,0,,,,2022-05-03T00:00:00
4470,Richard,Jackson,richard.jackson4470@innovateco.com,InnovateCo,Inbound - Web,SQL,87,,,,2023-05-30T00:00:00
4471,Susan,Hernandez,susan.hernandez4471@corestack.com,CoreStack,Inbound - Webinar,Nurture,21,,,,2020-11-06T00:00:00
4472,Elizabeth,Wilson,elizabeth.wilson,Insight Platforms,Partner Referral,New,-58,,,,2023-02-09T00:00:00
4473,Barbara,Williams,barbara.williams4473@rapidcloud.com,RapidCloud,Inbound - Content,SQL,77,,,,2024-08-11T00:00:00
4474,Elizabeth,Gonzalez,elizabeth.gonzalez4474@innovateco.com,InnovateCo,Paid Search,SQL,83,,,,2020-08-04T00:00:00
4475,John,Jackson,john.jackson4475@brightwavetech.com,BrightWave Tech,Event,Converted,82,4494,675,2021-02-27,2021-01-13T00:00:00
4476,Charles,Lee,charles.lee4476@cloudscalesystems.com,CloudScale Systems,Event,Nurture,68,,,,2022-11-22T00:00:00
4477,James,Brown,james.brown4477@cloudscalesystems.com,CloudScale Systems,Product-Led,Converted,-54,3717,4,2024-02-14,2024-02-10T00:00:00
4478,Sarah,Anderson,sarah.anderson4478@cybervault.com,CyberVault,Product-Led,SQL,82,,,,2024-03-04T00:00:00
4479,Joseph,Moore,joseph.moore4479@cloudscalesystems.com,CloudScale Systems,Social Media,Converted,89,1289,335,2024-07-18,2024-05-07T00:00:00
4480,Nancy,Williams,,DataBridge Corp,Social Media,SQL,57,,,,2023-07-31T00:00:00
4481,Christopher,Brown,christopher.brown4481@insightplatforms.com,Insight Platforms,Event,Working,20,,,,2021-01-22T00:00:00
4482,Joseph,Lopez,joseph.lopez4482@databridgecorp.com,DataBridge Corp,Paid Search,SQL,64,,,,2020-09-18T00:00:00
4483,Daniel,Jones,daniel.jones4483@cybervault.com,CyberVault,Inbound - Web,Converted,56,1662,171,2024-12-25,2024-10-10T00:00:00
4484,Charles,Gonzalez,charles.gonzalez4484@truenorthdata.com,TrueNorth Data,Partner Referral,Converted,100,4110,358,2023-03-27,2023-01-25T00:00:00
4485,Sarah,Martin,sarah.martin4485@corestack.com,CoreStack,Event,New,46,,,,2022-06-03T00:00:00
4486,Lisa,Moore,lisa.moore4486@insightplatforms.com,Insight Platforms,Inbound - Webinar,Converted,85,3416,304,2024-12-21,2024-12-13T00:00:00
4487,Linda,Miller,linda.miller4487@quantumlogiclabs.com,QuantumLogic Labs,Paid Search,MQL,83,,,,2023-03-01T00:00:00
4488,Michael,Rodriguez,michael.rodriguez4488@pulsepointdigital.com,PulsePoint Digital,Product-Led,Nurture,66,,,,2021-11-21T00:00:00
4489,John,Jackson,john.jackson4489@streamlineanalytics.com,StreamLine Analytics,Outbound - Cold,SQL,78,,,,2020-12-13T00:00:00
4490,Lisa,Rodriguez,lisa.rodriguez4490@truenorthdata.com,TrueNorth Data,Outbound - SDR,SQL,60,,,,2021-03-18T00:00:00
4491,William,Rodriguez,william.rodriguez4491@databridgecorp.com,DataBridge Corp,Inbound - Web,SQL,62,,,,2024-03-10T00:00:00
4492,Sarah,Thomas,sarah.thomas4492@scaleupsystems.com,ScaleUp Systems,Inbound - Webinar,Converted,69,1349,61,2024-01-01,2023-12-04T00:00:00
4493,Daniel,Thompson,daniel.thompson4493@streamlineanalytics.com,StreamLine Analytics,Product-Led,Nurture,38,,,,2024-10-22T00:00:00
4494,Jessica,Brown,jessica.brown4494@cybervault.com,CyberVault,Inbound - Web,Converted,74,780,819,2024-12-22,2024-10-26T00:00:00
4495,Jessica,Lee,jessica.lee4495@truenorthdata.com,TrueNorth Data,Inbound - Web,Disqualified,14,,,,2021-04-11T00:00:00
4496,Sarah,Miller,sarah.miller4496@rapidcloud.com,RapidCloud,Outbound - SDR,Nurture,68,,,,2021-10-01T00:00:00
4497,James,Anderson,james.anderson4497@cybervault.com,CyberVault,Outbound - SDR,SQL,53,,,,2020-09-03T00:00:00
4498,Patricia,Davis,patricia.davis4498@quantumlogiclabs.com,QuantumLogic Labs,Partner Referral,New,32,,,,2022-04-08T00:00:00
4499,Nancy,Hernandez,nancy.hernandez4499@databridgecorp.com,DataBridge Corp,Product-Led,Working,31,,,,2024-11-22T00:00:00
4500,Richard,Wilson,richard.wilson,TechFlow Inc,Product-Led,MQL,-55,,,,2024-09-12T00:00:00
4501,Jennifer,Lopez,jennifer.lopez4501@nexgensolutions.com,NexGen Solutions,Product-Led,Disqualified,5,,,,2020-03-10T00:00:00
4502,John,Thompson,john.thompson4502@vertexai.com,VertexAI,Social Media,Converted,82,2811,63,2024-10-22,2024-09-08T00:00:00
4503,Mary,Moore,mary.moore4503@cloudscalesystems.com,CloudScale Systems,Inbound - Webinar,Working,49,,,,2022-09-11T00:00:00
4504,Charles,Jackson,charles.jackson4504@pulsepointdigital.com,PulsePoint Digital,Paid Search,Converted,80,4508,46,2024-08-14,2024-06-11T00:00:00
4505,Sarah,Johnson,sarah.johnson4505@cloudscalesystems.com,CloudScale Systems,Outbound - Cold,MQL,86,,,,2022-09-21T00:00:00
4506,Elizabeth,Thomas,elizabeth.thomas4506@pulsepointdigital.com,PulsePoint Digital,Inbound - Web,SQL,98,,,,2020-10-03T00:00:00
4507,Lisa,Taylor,lisa.taylor4507@pulsepointdigital.com,PulsePoint Digital,Outbound - Cold,New,22,,,,2022-05-16T00:00:00
4508,Richard,Anderson,richard.anderson4508@futureforge.com,FutureForge,Paid Search,Nurture,12,,,,2022-01-20T00:00:00
4509,Joseph,Lopez,joseph.lopez4509@insightplatforms.com,Insight Platforms,,Working,45,,,,2023-02-12T00:00:00
4510,Michael,Garcia,michael.garcia4510@streamlineanalytics.com,StreamLine Analytics,Partner Referral,Converted,86,751,808,2024-09-30,2024-08-09T00:00:00
4511,James,Miller,james.miller,TrueNorth Data,Inbound - Web,SQL,80,,,,2023-09-04T00:00:00
4512,Linda,Thomas,linda.thomas4512@corestack.com,CoreStack,Event,Converted,56,3263,471,2024-04-17,2024-02-09T00:00:00
4513,Linda,Davis,linda.davis4513@streamlineanalytics.com,StreamLine Analytics,Inbound - Web,Disqualified,21,,,,2021-05-01T00:00:00
4514,Nancy,Hernandez,nancy.hernandez4514@cloudscalesystems.com,CloudScale Systems,Outbound - Cold,Converted,69,4588,750,2024-11-18,2024-10-18T00:00:00
4515,Sarah,Lee,sarah.lee4515@streamlineanalytics.com,StreamLine Analytics,Event,New,32,,,,2022-04-29T00:00:00
4516,Michael,Smith,michael.smith4516@insightplatforms.com,Insight Platforms,Inbound - Web,New,38,,,,2022-05-12T00:00:00
4517,Charles,Miller,charles.miller4517@scaleupsystems.com,ScaleUp Systems,Inbound - Webinar,Converted,68,3471,503,2024-08-31,2024-06-19T00:00:00
4518,Thomas,Jackson,thomas.jackson4518@corestack.com,CoreStack,Inbound - Content,MQL,98,,,,2024-08-05T00:00:00
4519,Charles,Wilson,charles.wilson4519@futureforge.com,FutureForge,Paid Search,Disqualified,28,,,,2023-12-04T00:00:00
4520,Karen,Rodriguez,karen.rodriguez4520@cybervault.com,CyberVault,Outbound - SDR,Working,63,,,,2022-04-21T00:00:00
4521,Sarah,Brown,sarah.brown4521@databridgecorp.com,DataBridge Corp,Event,SQL,-89,,,,2020-11-29T00:00:00
4522,Charles,Brown,charles.brown4522@techflowinc.com,TechFlow Inc,Inbound - Webinar,Disqualified,1,,,,2023-10-21T00:00:00
4523,Joseph,Davis,joseph.davis4523@databridgecorp.com,DataBridge Corp,Outbound - Cold,Nurture,48,,,,2021-01-09T00:00:00
4524,Daniel,Lopez,daniel.lopez4524@pulsepointdigital.com,PulsePoint Digital,Paid Search,Converted,89,4043,248,2023-09-24,2023-08-13T00:00:00
4525,Joseph,Martin,joseph.martin4525@innovateco.com,InnovateCo,Outbound - SDR,Converted,95,3078,490,2020-09-14,2020-08-19T00:00:00
4526,Thomas,Smith,thomas.smith4526@rapidcloud.com,RapidCloud,Inbound - Content,Disqualified,7,,,,2022-01-01T00:00:00
4527,Sarah,Martinez,sarah.martinez,NexGen Solutions,Social Media,Converted,85,2392,887,2024-12-05,2024-11-27T00:00:00
4528,Linda,Lopez,linda.lopez4528@nexgensolutions.com,NexGen Solutions,Inbound - Web,Converted,66,4838,811,2024-08-18,2024-06-16T00:00:00
4529,Richard,Smith,richard.smith4529@metasync.com,MetaSync,Outbound - SDR,New,14,,,,2023-05-27T00:00:00
4530,Nancy,Rodriguez,nancy.rodriguez4530@agiledynamics.com,Agile Dynamics,Product-Led,MQL,70,,,,2023-03-24T00:00:00
4531,Robert,Lee,robert.lee4531@vertexai.com,VertexAI,Inbound - Webinar,New,55,,,,2020-11-25T00:00:00
4532,Patricia,Davis,patricia.davis4532@futureforge.com,FutureForge,Social Media,Converted,84,2802,336,2024-06-08,2024-05-04T00:00:00
4533,Jessica,Thomas,jessica.thomas4533@rapidcloud.com,RapidCloud,Inbound - Web,Working,25,,,,2022-04-02T00:00:00
4534,Linda,Lee,linda.lee4534@streamlineanalytics.com,StreamLine Analytics,Event,MQL,67,,,,2023-08-25T00:00:00
4535,Elizabeth,Moore,elizabeth.moore4535@streamlineanalytics.com,StreamLine Analytics,Product-Led,MQL,56,,,,2023-07-15T00:00:00
4536,Sarah,Moore,sarah.moore4536@rapidcloud.com,RapidCloud,Event,Converted,79,155,201,2024-09-28,2024-08-07T00:00:00
4537,William,Thomas,,CoreStack,Inbound - Webinar,New,31,,,,2020-09-06T00:00:00
4538,Patricia,Wilson,patricia.wilson4538@innovateco.com,InnovateCo,Outbound - Cold,Working,36,,,,2021-03-15T00:00:00
4539,Barbara,Moore,barbara.moore4539@nexgensolutions.com,NexGen Solutions,Inbound - Content,Converted,55,3110,68,2024-11-26,2024-10-13T00:00:00
4540,Sarah,Wilson,sarah.wilson4540@metasync.com,MetaSync,Inbound - Web,Converted,89,3154,386,2024-08-14,2024-07-03T00:00:00
4541,Richard,Davis,richard.davis4541@cloudscalesystems.com,CloudScale Systems,Event,Converted,62,2462,916,2022-10-19,2022-08-04T00:00:00
4542,John,Anderson,john.anderson4542@corestack.com,CoreStack,Inbound - Content,Working,14,,,,2023-01-29T00:00:00
4543,Michael,Thomas,michael.thomas4543@vertexai.com,VertexAI,Product-Led,Converted,69,2196,421,2024-09-09,2024-07-30T00:00:00
4544,Nancy,Davis,nancy.davis4544@primepathdigital.com,PrimePath Digital,Inbound - Content,Working,53,,,,2022-11-27T00:00:00
4545,Susan,Jackson,susan.jackson4545@primepathdigital.com,PrimePath Digital,Inbound - Web,Working,60,,,,2021-08-11T00:00:00
4546,Daniel,Smith,daniel.smith4546@scaleupsystems.com,ScaleUp Systems,Inbound - Webinar,Nurture,37,,,,2023-04-23T00:00:00
4547,Daniel,Thompson,daniel.thompson4547@techflowinc.com,TechFlow Inc,Product-Led,New,52,,,,2021-02-27T00:00:00
4548,Robert,Miller,robert.miller4548@techflowinc.com,TechFlow Inc,Inbound - Content,Working,60,,,,2021-03-24T00:00:00
4549,Christopher,Martin,christopher.martin4549@innovateco.com,InnovateCo,Social Media,MQL,53,,,,2023-05-08T00:00:00
4550,Christopher,Smith,christopher.smith4550@futureforge.com,FutureForge,Partner Referral,MQL,84,,,,2024-08-07T00:00:00
4551,James,Taylor,james.taylor4551@metasync.com,MetaSync,Outbound - Cold,New,26,,,,2023-02-05T00:00:00
4552,Linda,Garcia,linda.garcia4552@pulsepointdigital.com,PulsePoint Digital,Outbound - SDR,Working,12,,,,2023-05-27T00:00:00
4553,Lisa,Thompson,lisa.thompson4553@cybervault.com,CyberVault,Partner Referral,Working,15,,,,2020-12-31T00:00:00
4554,Barbara,Williams,barbara.williams4554@vertexai.com,VertexAI,Social Media,MQL,-97,,,,2023-12-03T00:00:00
4555,Linda,Martinez,linda.martinez4555@truenorthdata.com,TrueNorth Data,Outbound - SDR,MQL,74,,,,2022-02-25T00:00:00
4556,Nancy,Smith,,CoreStack,Inbound - Web,Converted,58,2656,777,2024-04-19,2024-04-11T00:00:00
4557,Joseph,Thompson,joseph.thompson4557@primepathdigital.com,PrimePath Digital,Event,Converted,62,804,100,2023-09-20,2023-07-06T00:00:00
4558,Lisa,Anderson,lisa.anderson4558@truenorthdata.com,TrueNorth Data,Inbound - Content,Converted,57,629,999,2024-11-22,2024-09-09T00:00:00
4559,Jessica,Jackson,jessica.jackson4559@streamlineanalytics.com,StreamLine Analytics,Outbound - Cold,New,52,,,,2021-07-12T00:00:00
4560,Lisa,Martin,lisa.martin4560@futureforge.com,FutureForge,Product-Led,Disqualified,4,,,,2024-09-15T00:00:00
4561,James,Jones,james.jones,TechFlow Inc,Inbound - Webinar,Working,40,,,,2022-02-19T00:00:00
4562,Christopher,Gonzalez,christopher.gonzalez4562@insightplatforms.com,Insight Platforms,Partner Referral,Converted,56,4255,976,2024-07-26,2024-05-22T00:00:00
4563,Mary,Anderson,mary.anderson4563@rapidcloud.com,RapidCloud,Event,Converted,62,4044,144,2024-04-17,2024-01-28T00:00:00
4564,Jessica,Gonzalez,jessica.gonzalez4564@primepathdigital.com,PrimePath Digital,Product-Led,Converted,-69,3028,302,2024-09-17,2024-09-11T00:00:00
4565,Nancy,Hernandez,nancy.hernandez,Insight Platforms,Paid Search,New,41,,,,2021-05-05T00:00:00
4566,Sarah,Jackson,sarah.jackson4566@cloudscalesystems.com,CloudScale Systems,Inbound - Content,New,37,,,,2022-08-31T00:00:00
4567,Barbara,Lee,barbara.lee4567@streamlineanalytics.com,StreamLine Analytics,Event,Nurture,27,,,,2023-08-18T00:00:00
4568,Nancy,Jones,nancy.jones4568@techflowinc.com,TechFlow Inc,Partner Referral,Converted,78,4254,929,2024-02-25,2024-01-14T00:00:00
4569,Karen,Rodriguez,karen.rodriguez4569@scaleupsystems.com,ScaleUp Systems,Inbound - Webinar,Converted,100,1272,196,2022-08-10,2022-07-03T00:00:00
4570,Elizabeth,Jackson,elizabeth.jackson4570@quantumlogiclabs.com,QuantumLogic Labs,Product-Led,SQL,-92,,,,2022-03-24T00:00:00
4571,Patricia,Taylor,patricia.taylor4571@agiledynamics.com,Agile Dynamics,Inbound - Content,New,16,,,,2020-11-27T00:00:00
4572,Barbara,Williams,barbara.williams4572@rapidcloud.com,RapidCloud,Social Media,New,56,,,,2024-04-24T00:00:00
4573,Jennifer,Rodriguez,jennifer.rodriguez4573@cloudscalesystems.com,CloudScale Systems,Inbound - Content,MQL,82,,,,2021-12-31T00:00:00
4574,Elizabeth,Taylor,elizabeth.taylor4574@techflowinc.com,TechFlow Inc,Paid Search,New,24,,,,2021-06-25T00:00:00
4575,John,Brown,john.brown4575@nexgensolutions.com,NexGen Solutions,Paid Search,Disqualified,30,,,,2022-03-01T00:00:00
4576,Joseph,Lopez,joseph.lopez4576@metasync.com,MetaSync,Event,Working,-57,,,,2021-12-11T00:00:00
4577,Charles,Rodriguez,charles.rodriguez4577@databridgecorp.com,DataBridge Corp,Social Media,MQL,65,,,,2020-09-26T00:00:00
4578,Richard,Gonzalez,richard.gonzalez4578@quantumlogiclabs.com,QuantumLogic Labs,Outbound - SDR,Converted,64,2316,659,2023-01-01,2022-12-04T00:00:00
4579,James,Smith,james.smith4579@primepathdigital.com,PrimePath Digital,Inbound - Content,MQL,56,,,,2022-08-26T00:00:00
4580,Jessica,Moore,jessica.moore4580@corestack.com,CoreStack,Event,New,54,,,,2022-07-30T00:00:00
4581,William,Wilson,william.wilson4581@techflowinc.com,TechFlow Inc,Outbound - Cold,MQL,57,,,,2023-09-13T00:00:00
4582,Nancy,Johnson,nancy.johnson4582@techflowinc.com,TechFlow Inc,Inbound - Web,Working,22,,,,2024-12-22T00:00:00
4583,Susan,Jackson,susan.jackson4583@brightwavetech.com,BrightWave Tech,Paid Search,New,60,,,,2024-07-16T00:00:00
4584,Lisa,Taylor,lisa.taylor4584@innovateco.com,InnovateCo,,Working,40,,,,2021-11-25T00:00:00
4585,Charles,Gonzalez,charles.gonzalez4585@scaleupsystems.com,ScaleUp Systems,Inbound - Web,Disqualified,26,,,,2021-12-14T00:00:00
4586,Lisa,Wilson,lisa.wilson4586@pulsepointdigital.com,PulsePoint Digital,Inbound - Content,Disqualified,13,,,,2022-02-28T00:00:00
4587,Barbara,Miller,barbara.miller4587@insightplatforms.com,Insight Platforms,Social Media,Disqualified,1,,,,2022-07-09T00:00:00
4588,William,Martinez,william.martinez4588@quantumlogiclabs.com,QuantumLogic Labs,Inbound - Webinar,New,-13,,,,2020-07-27T00:00:00
4589,Sarah,Anderson,sarah.anderson4589@scaleupsystems.com,ScaleUp Systems,Event,Working,60,,,,2024-02-22T00:00:00
4590,Patricia,Williams,patricia.williams4590@primepathdigital.com,PrimePath Digital,Inbound - Content,Nurture,56,,,,2024-03-10T00:00:00
4591,Patricia,Smith,patricia.smith4591@innovateco.com,InnovateCo,Inbound - Content,Converted,51,2699,426,2024-05-20,2024-05-01T00:00:00
4592,David,Thomas,david.thomas4592@quantumlogiclabs.com,QuantumLogic Labs,Social Media,New,23,,,,2024-03-14T00:00:00
4593,Karen,Taylor,karen.taylor4593@rapidcloud.com,RapidCloud,Inbound - Web,MQL,93,,,,2023-10-04T00:00:00
4594,Linda,Jones,linda.jones4594@streamlineanalytics.com,StreamLine Analytics,Partner Referral,Converted,69,3820,25,2023-03-22,2023-03-14T00:00:00
4595,Sarah,Anderson,sarah.anderson4595@corestack.com,CoreStack,Inbound - Content,Working,20,,,,2023-09-04T00:00:00
4596,John,Davis,john.davis4596@streamlineanalytics.com,StreamLine Analytics,Outbound - SDR,MQL,50,,,,2020-07-06T00:00:00
4597,Daniel,Anderson,daniel.anderson4597@vertexai.com,VertexAI,Outbound - SDR,Disqualified,9,,,,2022-12-02T00:00:00
4598,Jennifer,Brown,jennifer.brown4598@vertexai.com,VertexAI,Product-Led,SQL,60,,,,2021-11-20T00:00:00
4599,Michael,Williams,michael.williams4599@brightwavetech.com,BrightWave Tech,Outbound - Cold,SQL,100,,,,2021-08-18T00:00:00
4600,Charles,Taylor,charles.taylor4600@corestack.com,CoreStack,Partner Referral,Converted,60,1310,400,2024-11-26,2024-09-29T00:00:00
4601,Charles,Garcia,charles.garcia4601@vertexai.com,VertexAI,Partner Referral,New,27,,,,2021-09-24T00:00:00
4602,Joseph,Johnson,joseph.johnson4602@vertexai.com,VertexAI,Inbound - Webinar,MQL,73,,,,2021-08-08T00:00:00
4603,Jessica,Martin,jessica.martin4603@primepathdigital.com,PrimePath Digital,Product-Led,MQL,52,,,,2022-07-05T00:00:00
4604,Michael,Jones,michael.jones4604@insightplatforms.com,Insight Platforms,Partner Referral,Nurture,38,,,,2022-01-06T00:00:00
4605,John,Jackson,john.jackson4605@streamlineanalytics.com,StreamLine Analytics,Paid Search,Converted,83,236,9,2023-04-05,2023-03-29T00:00:00
4606,Lisa,Williams,lisa.williams4606@metasync.com,MetaSync,Event,MQL,61,,,,2020-04-08T00:00:00
4607,Patricia,Lee,patricia.lee4607@rapidcloud.com,RapidCloud,Outbound - SDR,New,49,,,,2021-07-17T00:00:00
4608,James,Smith,james.smith4608@corestack.com,CoreStack,Event,Converted,85,2464,233,2024-11-12,2024-09-11T00:00:00
4609,Karen,Lopez,karen.lopez4609@metasync.com,MetaSync,Product-Led,SQL,91,,,,2022-06-14T00:00:00
4610,Robert,Williams,robert.williams4610@streamlineanalytics.com,StreamLine Analytics,Paid Search,MQL,59,,,,2021-05-11T00:00:00
4611,Patricia,Jackson,patricia.jackson4611@truenorthdata.com,TrueNorth Data,Social Media,SQL,79,,,,2021-05-14T00:00:00
4612,Christopher,Martinez,christopher.martinez4612@insightplatforms.com,Insight Platforms,Inbound - Content,Disqualified,29,,,,2023-06-03T00:00:00
4613,Robert,Jones,robert.jones4613@quantumlogiclabs.com,QuantumLogic Labs,Event,Converted,67,3982,486,2024-10-22,2024-08-11T00:00:00
4614,Thomas,Davis,thomas.davis4614@quantumlogiclabs.com,QuantumLogic Labs,,SQL,79,,,,2022-08-17T00:00:00
4615,John,Jones,john.jones4615@techflowinc.com,TechFlow Inc,Paid Search,MQL,80,,,,2021-11-21T00:00:00
4616,Nancy,Davis,,VertexAI,Outbound - Cold,Disqualified,10,,,,2020-07-31T00:00:00
4617,Jessica,Johnson,jessica.johnson4617@vertexai.com,VertexAI,Inbound - Web,Converted,90,3704,71,2024-12-16,2024-10-04T00:00:00
4618,Barbara,Miller,barbara.miller4618@cloudscalesystems.com,CloudScale Systems,Outbound - SDR,Working,33,,,,2020-12-24T00:00:00
4619,Mary,Jackson,mary.jackson4619@insightplatforms.com,Insight Platforms,Outbound - Cold,SQL,99,,,,2022-02-08T00:00:00
4620,Robert,Thomas,robert.thomas4620@corestack.com,CoreStack,Inbound - Webinar,Nurture,68,,,,2020-10-05T00:00:00
4621,Christopher,Lee,christopher.lee4621@rapidcloud.com,RapidCloud,Product-Led,Converted,57,2734,714,2024-08-04,2024-07-31T00:00:00
4622,David,Thompson,david.thompson4622@corestack.com,CoreStack,Product-Led,Disqualified,5,,,,2020-06-23T00:00:00
4623,James,Moore,james.moore4623@futureforge.com,FutureForge,Inbound - Web,Converted,53,1804,402,2024-08-20,2024-07-19T00:00:00
4624,Barbara,Martinez,barbara.martinez4624@vertexai.com,VertexAI,Outbound - SDR,SQL,80,,,,2022-01-31T00:00:00
4625,John,Anderson,john.anderson4625@cybervault.com,CyberVault,,Disqualified,3,,,,2023-04-12T00:00:00
4626,Linda,Lopez,linda.lopez4626@nexgensolutions.com,NexGen Solutions,Partner Referral,Nurture,42,,,,2023-09-18T00:00:00
4627,Richard,Garcia,richard.garcia4627@innovateco.com,InnovateCo,Paid Search,Working,42,,,,2024-08-03T00:00:00
4628,Mary,Lee,mary.lee4628@corestack.com,CoreStack,Social Media,MQL,65,,,,2021-09-24T00:00:00
4629,Linda,Jackson,linda.jackson4629@rapidcloud.com,RapidCloud,Product-Led,SQL,74,,,,2022-09-13T00:00:00
4630,Richard,Rodriguez,richard.rodriguez4630@rapidcloud.com,RapidCloud,Social Media,New,17,,,,2023-08-19T00:00:00
4631,Sarah,Davis,sarah.davis4631@techflowinc.com,TechFlow Inc,Inbound - Webinar,New,56,,,,2021-09-19T00:00:00
4632,Jessica,Thompson,jessica.thompson4632@databridgecorp.com,DataBridge Corp,Inbound - Web,Converted,95,4353,58,2023-04-21,2023-01-31T00:00:00
4633,John,Gonzalez,john.gonzalez4633@vertexai.com,VertexAI,Event,Nurture,63,,,,2024-08-28T00:00:00
4634,Robert,Lee,robert.lee4634@metasync.com,MetaSync,Social Media,Disqualified,9,,,,2023-02-02T00:00:00
4635,Lisa,Taylor,lisa.taylor4635@databridgecorp.com,DataBridge Corp,,Converted,57,4666,188,2022-03-11,2022-02-09T00:00:00
4636,Christopher,Gonzalez,christopher.gonzalez4636@futureforge.com,FutureForge,Product-Led,Nurture,47,,,,2021-10-04T00:00:00
4637,Thomas,Gonzalez,thomas.gonzalez4637@nexgensolutions.com,NexGen Solutions,Product-Led,SQL,99,,,,2020-05-01T00:00:00
4638,Thomas,Martin,thomas.martin4638@primepathdigital.com,PrimePath Digital,Outbound - Cold,Working,37,,,,2022-02-15T00:00:00
4639,Patricia,Davis,patricia.davis4639@pulsepointdigital.com,PulsePoint Digital,Inbound - Web,SQL,54,,,,2021-04-23T00:00:00
4640,Christopher,Davis,christopher.davis4640@innovateco.com,InnovateCo,Inbound - Webinar,Nurture,55,,,,2022-02-02T00:00:00
4641,Thomas,Miller,thomas.miller4641@futureforge.com,FutureForge,Partner Referral,MQL,70,,,,2022-10-01T00:00:00
4642,Karen,Brown,karen.brown4642@truenorthdata.com,TrueNorth Data,Product-Led,Working,26,,,,2020-06-21T00:00:00
4643,Susan,Anderson,susan.anderson4643@truenorthdata.com,TrueNorth Data,Product-Led,Converted,78,4380,179,2023-07-15,2023-05-31T00:00:00
4644,Elizabeth,Hernandez,elizabeth.hernandez4644@techflowinc.com,TechFlow Inc,,Converted,71,2953,154,2023-12-28,2023-11-19T00:00:00
4645,Daniel,Hernandez,daniel.hernandez4645@techflowinc.com,TechFlow Inc,Social Media,New,51,,,,2020-09-23T00:00:00
4646,Daniel,Jones,daniel.jones4646@pulsepointdigital.com,PulsePoint Digital,Inbound - Content,New,55,,,,2021-08-04T00:00:00
4647,Patricia,Lopez,patricia.lopez4647@cloudscalesystems.com,CloudScale Systems,Inbound - Web,Nurture,16,,,,2020-10-25T00:00:00
4648,Thomas,Jackson,thomas.jackson4648@futureforge.com,FutureForge,Outbound - Cold,New,63,,,,2021-01-25T00:00:00
4649,Richard,Garcia,richard.garcia4649@brightwavetech.com,BrightWave Tech,Partner Referral,MQL,66,,,,2021-03-30T00:00:00
4650,Patricia,Hernandez,,CloudScale Systems,Inbound - Webinar,Working,30,,,,2023-01-04T00:00:00
4651,John,Thompson,john.thompson4651@pulsepointdigital.com,PulsePoint Digital,Paid Search,Disqualified,12,,,,2021-10-25T00:00:00
4652,Elizabeth,Anderson,elizabeth.anderson4652@nexgensolutions.com,NexGen Solutions,Inbound - Content,MQL,55,,,,2024-01-29T00:00:00
4653,Nancy,Wilson,nancy.wilson4653@cloudscalesystems.com,CloudScale Systems,Inbound - Content,Converted,100,4818,623,2023-01-16,2023-01-21T00:00:00
4654,John,Lopez,john.lopez4654@futureforge.com,FutureForge,Inbound - Content,MQL,64,,,,2023-04-18T00:00:00
4655,Mary,Johnson,mary.johnson4655@truenorthdata.com,TrueNorth Data,Inbound - Content,Working,70,,,,2023-08-12T00:00:00
4656,Charles,Martin,,Insight Platforms,Inbound - Web,Disqualified,5,,,,2023-04-09T00:00:00
4657,Michael,Martin,michael.martin4657@agiledynamics.com,Agile Dynamics,Paid Search,Nurture,20,,,,2022-12-15T00:00:00
4658,Susan,Lee,susan.lee4658@primepathdigital.com,PrimePath Digital,Inbound - Webinar,Converted,65,2753,861,2020-11-25,2020-11-08T00:00:00
4659,Nancy,Lee,nancy.lee4659@corestack.com,CoreStack,Inbound - Content,New,50,,,,2022-04-15T00:00:00
4660,Sarah,Thomas,sarah.thomas4660@pulsepointdigital.com,PulsePoint Digital,Outbound - SDR,New,65,,,,2022-09-04T00:00:00
4661,Sarah,Jackson,sarah.jackson4661@cybervault.com,CyberVault,Social Media,Nurture,31,,,,2023-06-27T00:00:00
4662,Sarah,Brown,sarah.brown4662@techflowinc.com,TechFlow Inc,Inbound - Web,Disqualified,5,,,,2022-11-01T00:00:00
4663,Robert,Taylor,robert.taylor4663@pulsepointdigital.com,PulsePoint Digital,Paid Search,Disqualified,21,,,,2020-02-24T00:00:00
4664,Jennifer,Wilson,jennifer.wilson4664@metasync.com,MetaSync,Social Media,Disqualified,2,,,,2023-05-08T00:00:00
4665,Patricia,Smith,patricia.smith4665@metasync.com,MetaSync,Social Media,MQL,62,,,,2022-05-15T00:00:00
4666,Christopher,Thomas,christopher.thomas4666@corestack.com,CoreStack,,Disqualified,-14,,,,2023-01-17T00:00:00
4667,Richard,Wilson,richard.wilson4667@cybervault.com,CyberVault,Inbound - Web,Disqualified,28,,,,2024-08-11T00:00:00
4668,Nancy,Lee,nancy.lee4668@innovateco.com,InnovateCo,Paid Search,Working,45,,,,2023-01-06T00:00:00
4669,Patricia,Smith,patricia.smith,PrimePath Digital,Product-Led,SQL,58,,,,2022-05-07T00:00:00
4670,William,Thomas,william.thomas4670@databridgecorp.com,DataBridge Corp,Social Media,MQL,57,,,,2020-09-18T00:00:00
4671,Richard,Rodriguez,richard.rodriguez4671@vertexai.com,VertexAI,Event,New,58,,,,2021-11-22T00:00:00
4672,Thomas,Jones,thomas.jones4672@corestack.com,CoreStack,Inbound - Content,Disqualified,13,,,,2024-07-06T00:00:00
4673,David,Jones,david.jones4673@corestack.com,CoreStack,Paid Search,Disqualified,22,,,,2022-04-23T00:00:00
4674,Joseph,Thomas,joseph.thomas4674@corestack.com,CoreStack,Inbound - Web,Disqualified,11,,,,2021-07-30T00:00:00
4675,James,Johnson,james.johnson4675@innovateco.com,InnovateCo,Paid Search,MQL,52,,,,2022-08-08T00:00:00
4676,Charles,Moore,charles.moore4676@pulsepointdigital.com,PulsePoint Digital,Inbound - Content,Nurture,28,,,,2024-03-19T00:00:00
4677,Susan,Johnson,susan.johnson4677@techflowinc.com,TechFlow Inc,Event,Converted,61,3079,842,2024-12-13,2024-10-28T00:00:00
4678,Karen,Martinez,karen.martinez4678@innovateco.com,InnovateCo,Outbound - SDR,Converted,76,2408,924,2024-10-30,2024-09-26T00:00:00
4679,David,Brown,david.brown4679@truenorthdata.com,TrueNorth Data,Social Media,New,63,,,,2020-09-03T00:00:00
4680,Michael,Thompson,michael.thompson,FutureForge,Social Media,MQL,67,,,,2022-09-24T00:00:00
4681,Linda,Martin,linda.martin4681@nexgensolutions.com,NexGen Solutions,Paid Search,Disqualified,27,,,,2024-07-09T00:00:00
4682,Charles,Brown,charles.brown4682@corestack.com,CoreStack,Partner Referral,Working,42,,,,2024-01-17T00:00:00
4683,Daniel,Davis,daniel.davis4683@metasync.com,MetaSync,Outbound - SDR,MQL,77,,,,2020-09-07T00:00:00
4684,David,Thomas,david.thomas4684@cloudscalesystems.com,CloudScale Systems,Outbound - SDR,Converted,76,4959,727,2024-10-23,2024-10-07T00:00:00
4685,Jessica,Anderson,jessica.anderson,DataBridge Corp,Outbound - Cold,Working,32,,,,2024-01-15T00:00:00
4686,Nancy,Williams,nancy.williams4686@streamlineanalytics.com,StreamLine Analytics,Inbound - Web,Converted,85,2471,379,2024-03-09,2023-12-17T00:00:00
4687,John,Johnson,john.johnson4687@databridgecorp.com,DataBridge Corp,Social Media,SQL,84,,,,2022-05-15T00:00:00
4688,Lisa,Lopez,lisa.lopez4688@metasync.com,MetaSync,Inbound - Webinar,Converted,57,2356,868,2023-11-01,2023-08-31T00:00:00
4689,Barbara,Lee,barbara.lee4689@streamlineanalytics.com,StreamLine Analytics,Paid Search,MQL,90,,,,2024-10-12T00:00:00
4690,Barbara,Lee,barbara.lee4690@primepathdigital.com,PrimePath Digital,Product-Led,Converted,67,3185,104,2023-08-22,2023-07-23T00:00:00
4691,Charles,Brown,charles.brown4691@vertexai.com,VertexAI,Inbound - Webinar,Converted,-52,1654,534,2024-10-04,2024-07-22T00:00:00
4692,Lisa,Anderson,lisa.anderson4692@vertexai.com,VertexAI,Inbound - Content,New,43,,,,2023-10-21T00:00:00
4693,Christopher,Wilson,christopher.wilson4693@innovateco.com,InnovateCo,Outbound - SDR,MQL,66,,,,2024-11-25T00:00:00
4694,Patricia,Gonzalez,patricia.gonzalez4694@scaleupsystems.com,ScaleUp Systems,Social Media,Disqualified,23,,,,2020-08-11T00:00:00
4695,Charles,Williams,charles.williams4695@primepathdigital.com,PrimePath Digital,Inbound - Web,Disqualified,21,,,,2023-02-27T00:00:00
4696,Christopher,Lopez,christopher.lopez4696@pulsepointdigital.com,PulsePoint Digital,Social Media,Disqualified,28,,,,2020-12-29T00:00:00
4697,Richard,Thomas,richard.thomas4697@metasync.com,MetaSync,Paid Search,SQL,77,,,,2024-06-07T00:00:00
4698,Jennifer,Lopez,jennifer.lopez4698@scaleupsystems.com,ScaleUp Systems,Inbound - Web,Converted,52,2050,352,2024-01-25,2024-01-18T00:00:00
4699,Barbara,Williams,barbara.williams4699@techflowinc.com,TechFlow Inc,Inbound - Webinar,Nurture,24,,,,2020-05-10T00:00:00
4700,Linda,Anderson,linda.anderson4700@futureforge.com,FutureForge,Product-Led,Converted,83,1321,832,2022-12-27,2022-10-04T00:00:00
4701,Robert,Garcia,robert.garcia4701@streamlineanalytics.com,StreamLine Analytics,Event,Working,43,,,,2021-05-20T00:00:00
4702,Lisa,Garcia,lisa.garcia4702@insightplatforms.com,Insight Platforms,Event,Nurture,28,,,,2020-12-02T00:00:00
4703,Linda,Wilson,linda.wilson4703@corestack.com,CoreStack,Inbound - Webinar,Disqualified,17,,,,2023-02-24T00:00:00
4704,David,Moore,david.moore4704@scaleupsystems.com,ScaleUp Systems,Event,Disqualified,3,,,,2020-11-19T00:00:00
4705,Lisa,Jones,lisa.jones4705@truenorthdata.com,TrueNorth Data,Event,MQL,69,,,,2021-02-16T00:00:00
4706,Christopher,Martin,christopher.martin4706@pulsepointdigital.com,PulsePoint Digital,Inbound - Content,Nurture,30,,,,2021-02-10T00:00:00
4707,Christopher,Gonzalez,christopher.gonzalez4707@databridgecorp.com,DataBridge Corp,Outbound - SDR,Converted,89,2969,447,2024-02-14,2023-12-17T00:00:00
4708,James,Garcia,james.garcia4708@primepathdigital.com,PrimePath Digital,Inbound - Web,Disqualified,26,,,,2022-02-28T00:00:00
4709,Michael,Jones,michael.jones4709@cloudscalesystems.com,CloudScale Systems,,New,13,,,,2023-09-25T00:00:00
4710,David,Anderson,david.anderson4710@techflowinc.com,TechFlow Inc,Paid Search,Nurture,-53,,,,2024-05-09T00:00:00
4711,Susan,Jones,susan.jones4711@nexgensolutions.com,NexGen Solutions,Outbound - SDR,SQL,52,,,,2022-09-14T00:00:00
4712,Barbara,Jackson,barbara.jackson,NexGen Solutions,Partner Referral,Converted,68,3208,207,2024-09-20,2024-08-24T00:00:00
4713,Christopher,Thomas,christopher.thomas4713@streamlineanalytics.com,StreamLine Analytics,Inbound - Content,Working,70,,,,2020-09-17T00:00:00
4714,Mary,Rodriguez,mary.rodriguez4714@cybervault.com,CyberVault,Partner Referral,Disqualified,30,,,,2023-12-02T00:00:00
4715,Thomas,Davis,thomas.davis4715@primepathdigital.com,PrimePath Digital,Partner Referral,Converted,89,1158,118,2024-03-29,2024-02-21T00:00:00
4716,Sarah,Thompson,sarah.thompson4716@insightplatforms.com,Insight Platforms,Product-Led,Working,17,,,,2021-07-23T00:00:00
4717,David,Jackson,david.jackson4717@insightplatforms.com,Insight Platforms,Partner Referral,Working,60,,,,2024-06-10T00:00:00
4718,Charles,Johnson,charles.johnson4718@vertexai.com,VertexAI,Paid Search,Disqualified,12,,,,2020-09-27T00:00:00
4719,Sarah,Jackson,sarah.jackson4719@futureforge.com,FutureForge,Inbound - Content,Converted,-63,4673,262,2024-06-20,2024-05-30T00:00:00
4720,Jessica,Jackson,jessica.jackson4720@streamlineanalytics.com,StreamLine Analytics,Partner Referral,New,46,,,,2021-06-19T00:00:00
4721,Robert,Thomas,robert.thomas4721@rapidcloud.com,RapidCloud,,MQL,-78,,,,2022-12-03T00:00:00
4722,John,Thompson,john.thompson4722@innovateco.com,InnovateCo,Inbound - Webinar,New,41,,,,2022-10-20T00:00:00
4723,Susan,Smith,susan.smith4723@rapidcloud.com,RapidCloud,Inbound - Webinar,Working,15,,,,2024-02-04T00:00:00
4724,Daniel,Martinez,daniel.martinez4724@insightplatforms.com,Insight Platforms,Product-Led,Disqualified,12,,,,2020-01-29T00:00:00
4725,Charles,Williams,charles.williams4725@quantumlogiclabs.com,QuantumLogic Labs,Outbound - SDR,Converted,88,970,923,2023-02-07,2022-11-13T00:00:00
4726,Thomas,Thompson,thomas.thompson,FutureForge,Social Media,Disqualified,0,,,,2023-12-17T00:00:00
4727,Barbara,Martinez,barbara.martinez4727@vertexai.com,VertexAI,Inbound - Content,SQL,94,,,,2024-03-01T00:00:00
4728,David,Taylor,david.taylor,CyberVault,Inbound - Content,Nurture,37,,,,2023-04-24T00:00:00
4729,Lisa,Moore,lisa.moore4729@streamlineanalytics.com,StreamLine Analytics,Inbound - Content,MQL,99,,,,2024-09-29T00:00:00
4730,Robert,Miller,robert.miller4730@nexgensolutions.com,NexGen Solutions,Inbound - Web,SQL,50,,,,2023-05-27T00:00:00
4731,Elizabeth,Hernandez,elizabeth.hernandez4731@innovateco.com,InnovateCo,Outbound - SDR,Converted,80,917,263,2024-06-30,2024-06-27T00:00:00
4732,Susan,Anderson,susan.anderson4732@pulsepointdigital.com,PulsePoint Digital,Partner Referral,Nurture,29,,,,2020-01-25T00:00:00
4733,Charles,Johnson,charles.johnson4733@techflowinc.com,TechFlow Inc,Inbound - Content,Nurture,28,,,,2021-07-23T00:00:00
4734,Karen,Anderson,karen.anderson4734@cloudscalesystems.com,CloudScale Systems,Outbound - Cold,New,53,,,,2022-05-17T00:00:00
4735,Linda,Williams,linda.williams4735@nexgensolutions.com,NexGen Solutions,Partner Referral,Converted,63,3964,238,2024-10-23,2024-10-04T00:00:00
4736,Christopher,Moore,,NexGen Solutions,Outbound - SDR,Converted,70,4107,171,2024-12-16,2024-10-10T00:00:00
4737,Linda,Gonzalez,linda.gonzalez4737@cloudscalesystems.com,CloudScale Systems,Social Media,New,40,,,,2024-12-10T00:00:00
4738,Lisa,Martin,lisa.martin4738@cloudscalesystems.com,CloudScale Systems,Outbound - SDR,Converted,84,1386,647,2024-03-12,2024-01-17T00:00:00
4739,Elizabeth,Thomas,elizabeth.thomas4739@brightwavetech.com,BrightWave Tech,Partner Referral,Disqualified,14,,,,2022-10-02T00:00:00
4740,Barbara,Lopez,barbara.lopez4740@vertexai.com,VertexAI,Social Media,SQL,85,,,,2020-10-04T00:00:00
4741,Elizabeth,Miller,elizabeth.miller,PrimePath Digital,Partner Referral,Disqualified,8,,,,2020-10-10T00:00:00
4742,Nancy,Martinez,nancy.martinez4742@rapidcloud.com,RapidCloud,Paid Search,Converted,67,208,793,2022-03-27,2022-02-20T00:00:00
4743,Richard,Moore,richard.moore4743@primepathdigital.com,PrimePath Digital,Product-Led,MQL,65,,,,2024-03-02T00:00:00
4744,Barbara,Garcia,barbara.garcia4744@streamlineanalytics.com,StreamLine Analytics,Outbound - SDR,MQL,75,,,,2023-12-05T00:00:00
4745,Charles,Johnson,charles.johnson4745@scaleupsystems.com,ScaleUp Systems,Paid Search,Nurture,31,,,,2021-12-22T00:00:00
4746,Susan,Thomas,susan.thomas4746@pulsepointdigital.com,PulsePoint Digital,Outbound - SDR,SQL,72,,,,2020-04-03T00:00:00
4747,Lisa,Jones,lisa.jones4747@metasync.com,MetaSync,Outbound - SDR,Nurture,42,,,,2021-02-24T00:00:00
4748,Jennifer,Garcia,,FutureForge,Product-Led,Disqualified,0,,,,2023-02-10T00:00:00
4749,John,Lopez,john.lopez4749@databridgecorp.com,DataBridge Corp,Inbound - Webinar,Converted,98,4033,868,2024-05-30,2024-04-29T00:00:00
4750,Daniel,Martinez,daniel.martinez4750@brightwavetech.com,BrightWave Tech,Inbound - Webinar,MQL,50,,,,2022-08-21T00:00:00
4751,James,Garcia,james.garcia4751@primepathdigital.com,PrimePath Digital,Paid Search,Working,46,,,,2020-02-10T00:00:00
4752,David,Smith,david.smith4752@metasync.com,MetaSync,Inbound - Webinar,Disqualified,4,,,,2023-09-10T00:00:00
4753,Susan,Johnson,susan.johnson4753@cybervault.com,CyberVault,Social Media,MQL,75,,,,2020-01-13T00:00:00
4754,Patricia,Thompson,patricia.thompson4754@cybervault.com,CyberVault,Partner Referral,Working,57,,,,2022-11-03T00:00:00
4755,Joseph,Hernandez,joseph.hernandez4755@quantumlogiclabs.com,QuantumLogic Labs,Inbound - Web,Disqualified,7,,,,2020-04-08T00:00:00
4756,Sarah,Lopez,sarah.lopez4756@agiledynamics.com,Agile Dynamics,Inbound - Web,Working,48,,,,2022-06-13T00:00:00
4757,Mary,Miller,mary.miller4757@primepathdigital.com,PrimePath Digital,Social Media,MQL,52,,,,2020-09-30T00:00:00
4758,Robert,Martinez,robert.martinez4758@insightplatforms.com,Insight Platforms,Partner Referral,Nurture,18,,,,2020-11-05T00:00:00
4759,James,Thomas,james.thomas4759@databridgecorp.com,DataBridge Corp,Partner Referral,SQL,50,,,,2022-07-18T00:00:00
4760,Robert,Miller,,Insight Platforms,Inbound - Web,MQL,87,,,,2024-03-06T00:00:00
4761,Patricia,Jackson,patricia.jackson4761@truenorthdata.com,TrueNorth Data,Inbound - Webinar,Working,27,,,,2022-12-18T00:00:00
4762,Nancy,Hernandez,nancy.hernandez4762@agiledynamics.com,Agile Dynamics,Outbound - SDR,MQL,94,,,,2021-12-10T00:00:00
4763,Thomas,Rodriguez,thomas.rodriguez4763@quantumlogiclabs.com,QuantumLogic Labs,Inbound - Web,Converted,64,4261,431,2024-10-03,2024-08-13T00:00:00
4764,Richard,Miller,richard.miller4764@rapidcloud.com,RapidCloud,Paid Search,New,32,,,,2022-10-13T00:00:00
4765,Nancy,Jones,nancy.jones4765@techflowinc.com,TechFlow Inc,Outbound - SDR,MQL,61,,,,2021-04-03T00:00:00
4766,Daniel,Hernandez,,StreamLine Analytics,Inbound - Web,Nurture,40,,,,2023-10-16T00:00:00
4767,Christopher,Miller,christopher.miller4767@cybervault.com,CyberVault,,Converted,100,4234,984,2023-06-03,2023-04-08T00:00:00
4768,David,Williams,david.williams4768@truenorthdata.com,TrueNorth Data,Social Media,MQL,74,,,,2024-05-28T00:00:00
4769,Michael,Smith,michael.smith4769@databridgecorp.com,DataBridge Corp,Partner Referral,Working,14,,,,2024-06-13T00:00:00
4770,Michael,Garcia,michael.garcia4770@brightwavetech.com,BrightWave Tech,Inbound - Webinar,Nurture,70,,,,2024-08-15T00:00:00
4771,Nancy,Thompson,nancy.thompson4771@streamlineanalytics.com,StreamLine Analytics,Event,Disqualified,15,,,,2022-07-18T00:00:00
4772,Patricia,Smith,patricia.smith4772@rapidcloud.com,RapidCloud,Product-Led,Converted,71,2960,539,2024-12-20,2024-10-13T00:00:00
4773,William,Davis,william.davis4773@futureforge.com,FutureForge,Social Media,Working,33,,,,2023-07-13T00:00:00
4774,Richard,Lee,richard.lee4774@insightplatforms.com,Insight Platforms,Outbound - Cold,Disqualified,2,,,,2023-10-25T00:00:00
4775,Michael,Taylor,michael.taylor4775@futureforge.com,FutureForge,Inbound - Webinar,Converted,62,2927,10,2021-07-26,2021-05-29T00:00:00
4776,Charles,Taylor,charles.taylor4776@metasync.com,MetaSync,Outbound - Cold,Disqualified,6,,,,2023-07-29T00:00:00
4777,Thomas,Smith,thomas.smith4777@streamlineanalytics.com,StreamLine Analytics,Outbound - SDR,New,58,,,,2024-11-02T00:00:00
4778,Jessica,Johnson,jessica.johnson4778@rapidcloud.com,RapidCloud,Event,New,21,,,,2024-08-15T00:00:00
4779,Elizabeth,Davis,elizabeth.davis4779@cybervault.com,CyberVault,Product-Led,MQL,99,,,,2023-02-23T00:00:00
4780,Michael,Lopez,,FutureForge,Outbound - Cold,Disqualified,27,,,,2021-03-29T00:00:00
4781,Mary,Smith,mary.smith4781@nexgensolutions.com,NexGen Solutions,Outbound - Cold,Disqualified,8,,,,2024-12-23T00:00:00
4782,David,Johnson,david.johnson4782@pulsepointdigital.com,PulsePoint Digital,Product-Led,Converted,70,4577,917,2024-12-04,2024-10-17T00:00:00
4783,Michael,Smith,michael.smith4783@pulsepointdigital.com,PulsePoint Digital,Partner Referral,Disqualified,28,,,,2023-12-27T00:00:00
4784,Joseph,Lee,joseph.lee4784@agiledynamics.com,Agile Dynamics,Paid Search,MQL,-97,,,,2023-08-03T00:00:00
4785,Elizabeth,Moore,,PrimePath Digital,Event,Working,42,,,,2024-08-27T00:00:00
4786,Lisa,Rodriguez,lisa.rodriguez4786@cybervault.com,CyberVault,Event,Working,70,,,,2024-09-29T00:00:00
4787,Jennifer,Martin,jennifer.martin4787@innovateco.com,InnovateCo,Social Media,MQL,58,,,,2022-05-05T00:00:00
4788,Michael,Smith,michael.smith4788@metasync.com,MetaSync,Event,Working,12,,,,2024-11-12T00:00:00
4789,Charles,Wilson,charles.wilson4789@agiledynamics.com,Agile Dynamics,Social Media,MQL,91,,,,2022-05-24T00:00:00
4790,James,Davis,james.davis4790@techflowinc.com,TechFlow Inc,Inbound - Web,Converted,93,850,968,2023-04-19,2023-02-09T00:00:00
4791,Sarah,Jackson,sarah.jackson4791@quantumlogiclabs.com,QuantumLogic Labs,Outbound - SDR,MQL,93,,,,2024-05-30T00:00:00
4792,Jennifer,Hernandez,jennifer.hernandez4792@quantumlogiclabs.com,QuantumLogic Labs,Event,SQL,67,,,,2024-12-30T00:00:00
4793,Lisa,Rodriguez,lisa.rodriguez4793@agiledynamics.com,Agile Dynamics,Paid Search,SQL,84,,,,2021-03-03T00:00:00
4794,Thomas,Davis,thomas.davis4794@metasync.com,MetaSync,Paid Search,Converted,91,2472,910,2023-04-22,2023-02-18T00:00:00
4795,Mary,Martin,mary.martin4795@agiledynamics.com,Agile Dynamics,Paid Search,New,30,,,,2021-06-19T00:00:00
4796,Jessica,Lopez,jessica.lopez4796@innovateco.com,InnovateCo,Paid Search,Disqualified,26,,,,2022-12-06T00:00:00
4797,William,Gonzalez,william.gonzalez4797@innovateco.com,InnovateCo,Inbound - Webinar,Working,54,,,,2022-04-05T00:00:00
4798,Joseph,Garcia,joseph.garcia4798@quantumlogiclabs.com,QuantumLogic Labs,Inbound - Content,MQL,77,,,,2020-09-09T00:00:00
4799,William,Anderson,william.anderson4799@scaleupsystems.com,ScaleUp Systems,Inbound - Content,MQL,89,,,,2020-12-20T00:00:00
4800,Patricia,Jackson,patricia.jackson4800@innovateco.com,InnovateCo,Inbound - Web,SQL,91,,,,2020-06-30T00:00:00
4801,Jennifer,Miller,jennifer.miller4801@rapidcloud.com,RapidCloud,Partner Referral,Converted,80,2328,720,2024-03-16,2024-02-19T00:00:00
4802,Daniel,Taylor,daniel.taylor4802@truenorthdata.com,TrueNorth Data,Event,Converted,82,4553,973,2023-10-21,2023-09-05T00:00:00
4803,Linda,Martinez,linda.martinez4803@nexgensolutions.com,NexGen Solutions,Event,Disqualified,6,,,,2022-02-06T00:00:00
4804,Richard,Jones,richard.jones4804@primepathdigital.com,PrimePath Digital,Inbound - Webinar,MQL,53,,,,2021-04-19T00:00:00
4805,Christopher,Thompson,christopher.thompson4805@pulsepointdigital.com,PulsePoint Digital,Product-Led,New,26,,,,2021-02-02T00:00:00
4806,Charles,Jackson,charles.jackson4806@brightwavetech.com,BrightWave Tech,Partner Referral,MQL,71,,,,2020-01-07T00:00:00
4807,Jessica,Taylor,jessica.taylor4807@scaleupsystems.com,ScaleUp Systems,Inbound - Content,SQL,78,,,,2020-10-08T00:00:00
4808,David,Rodriguez,david.rodriguez4808@brightwavetech.com,BrightWave Tech,Product-Led,Working,50,,,,2020-09-26T00:00:00
4809,Michael,Thomas,michael.thomas4809@vertexai.com,VertexAI,Inbound - Content,New,44,,,,2024-02-11T00:00:00
4810,Michael,Anderson,michael.anderson4810@techflowinc.com,TechFlow Inc,Inbound - Webinar,Nurture,38,,,,2023-09-12T00:00:00
4811,Barbara,Martin,barbara.martin4811@cybervault.com,CyberVault,Paid Search,MQL,100,,,,2024-06-20T00:00:00
4812,Karen,Hernandez,karen.hernandez4812@corestack.com,CoreStack,Inbound - Web,Working,16,,,,2021-11-24T00:00:00
4813,William,Jones,william.jones4813@futureforge.com,FutureForge,Partner Referral,Working,36,,,,2023-05-01T00:00:00
4814,Christopher,Lee,christopher.lee4814@cybervault.com,CyberVault,Event,Converted,76,1216,347,2024-02-04,2024-02-02T00:00:00
4815,Joseph,Martinez,joseph.martinez4815@innovateco.com,InnovateCo,Inbound - Webinar,Disqualified,21,,,,2022-02-24T00:00:00
4816,Elizabeth,Moore,elizabeth.moore4816@cybervault.com,CyberVault,Inbound - Content,SQL,99,,,,2023-11-21T00:00:00
4817,Patricia,Martin,patricia.martin4817@innovateco.com,InnovateCo,Social Media,Disqualified,12,,,,2022-05-20T00:00:00
4818,Charles,Thompson,charles.thompson4818@cloudscalesystems.com,CloudScale Systems,Inbound - Web,New,27,,,,2020-10-19T00:00:00
4819,Christopher,Wilson,christopher.wilson4819@rapidcloud.com,RapidCloud,Outbound - Cold,SQL,69,,,,2020-09-17T00:00:00
4820,Jennifer,Jackson,jennifer.jackson4820@insightplatforms.com,Insight Platforms,Event,Converted,71,1528,161,2022-09-01,2022-07-03T00:00:00
4821,Joseph,Martinez,joseph.martinez4821@rapidcloud.com,RapidCloud,Outbound - Cold,Disqualified,29,,,,2020-10-01T00:00:00
4822,Christopher,Jackson,christopher.jackson4822@nexgensolutions.com,NexGen Solutions,Product-Led,Converted,86,1919,895,2022-08-28,2022-06-29T00:00:00
4823,William,Johnson,william.johnson4823@agiledynamics.com,Agile Dynamics,Inbound - Web,Working,40,,,,2023-12-05T00:00:00
4824,Daniel,Rodriguez,,Insight Platforms,Product-Led,Working,21,,,,2022-04-22T00:00:00
4825,Richard,Davis,richard.davis4825@nexgensolutions.com,NexGen Solutions,Partner Referral,Converted,78,3214,761,2024-12-07,2024-10-25T00:00:00
4826,Christopher,Davis,christopher.davis4826@scaleupsystems.com,ScaleUp Systems,Product-Led,Converted,64,1425,326,2021-12-21,2021-10-11T00:00:00
4827,Elizabeth,Miller,,ScaleUp Systems,Product-Led,Converted,87,2118,216,2024-04-29,2024-03-13T00:00:00
4828,Charles,Moore,charles.moore4828@agiledynamics.com,Agile Dynamics,Outbound - SDR,Disqualified,10,,,,2022-11-11T00:00:00
4829,William,Williams,william.williams4829@pulsepointdigital.com,PulsePoint Digital,Social Media,SQL,92,,,,2023-04-21T00:00:00
4830,David,Williams,david.williams4830@vertexai.com,VertexAI,Outbound - Cold,Converted,68,719,418,2024-12-07,2024-09-19T00:00:00
4831,Joseph,Wilson,joseph.wilson4831@innovateco.com,InnovateCo,Inbound - Webinar,Disqualified,2,,,,2024-01-13T00:00:00
4832,Thomas,Jackson,thomas.jackson4832@rapidcloud.com,RapidCloud,Outbound - Cold,Working,54,,,,2020-10-13T00:00:00
4833,Jessica,Thompson,jessica.thompson4833@futureforge.com,FutureForge,Outbound - SDR,SQL,69,,,,2023-07-26T00:00:00
4834,James,Taylor,james.taylor4834@vertexai.com,VertexAI,Outbound - SDR,Working,17,,,,2024-08-17T00:00:00
4835,Sarah,Williams,sarah.williams4835@pulsepointdigital.com,PulsePoint Digital,Outbound - Cold,Working,21,,,,2023-06-19T00:00:00
4836,Joseph,Jackson,joseph.jackson4836@brightwavetech.com,BrightWave Tech,Partner Referral,Nurture,-10,,,,2022-09-30T00:00:00
4837,David,Jones,david.jones4837@brightwavetech.com,BrightWave Tech,Outbound - SDR,Nurture,31,,,,2024-06-22T00:00:00
4838,Michael,Brown,michael.brown4838@quantumlogiclabs.com,QuantumLogic Labs,,Disqualified,5,,,,2023-11-30T00:00:00
4839,Charles,Johnson,charles.johnson4839@vertexai.com,VertexAI,Partner Referral,Working,40,,,,2020-12-08T00:00:00
4840,Thomas,Taylor,thomas.taylor4840@vertexai.com,VertexAI,Inbound - Webinar,SQL,96,,,,2020-02-14T00:00:00
4841,Jessica,Garcia,jessica.garcia,TrueNorth Data,Outbound - SDR,SQL,62,,,,2024-05-21T00:00:00
4842,Karen,Thomas,karen.thomas4842@streamlineanalytics.com,StreamLine Analytics,Product-Led,Working,56,,,,2024-11-24T00:00:00
4843,Joseph,Hernandez,joseph.hernandez4843@nexgensolutions.com,NexGen Solutions,Social Media,Nurture,57,,,,2024-09-23T00:00:00
4844,Linda,Davis,linda.davis4844@metasync.com,MetaSync,Inbound - Webinar,Working,61,,,,2021-05-11T00:00:00
4845,David,Thompson,david.thompson4845@streamlineanalytics.com,StreamLine Analytics,Social Media,SQL,56,,,,2021-02-13T00:00:00
4846,Karen,Johnson,karen.johnson4846@corestack.com,CoreStack,Inbound - Web,SQL,76,,,,2021-10-18T00:00:00
4847,Karen,Smith,karen.smith4847@innovateco.com,InnovateCo,Event,Working,63,,,,2021-12-26T00:00:00
4848,Richard,Thompson,richard.thompson4848@primepathdigital.com,PrimePath Digital,Partner Referral,Converted,83,3202,799,2024-12-14,2024-09-29T00:00:00
4849,Nancy,Gonzalez,nancy.gonzalez4849@cloudscalesystems.com,CloudScale Systems,Social Media,Working,12,,,,2020-10-05T00:00:00
4850,Barbara,Martinez,barbara.martinez,StreamLine Analytics,Event,Converted,80,756,55,2024-10-05,2024-07-15T00:00:00
4851,Daniel,Martin,daniel.martin4851@vertexai.com,VertexAI,Event,Disqualified,23,,,,2024-01-10T00:00:00
4852,Michael,Garcia,michael.garcia4852@rapidcloud.com,RapidCloud,Paid Search,SQL,84,,,,2021-08-23T00:00:00
4853,Sarah,Williams,sarah.williams4853@rapidcloud.com,RapidCloud,Partner Referral,Converted,60,884,929,2024-07-24,2024-06-17T00:00:00
4854,Thomas,Martinez,thomas.martinez4854@innovateco.com,InnovateCo,Event,SQL,54,,,,2022-07-29T00:00:00
4855,Christopher,Wilson,christopher.wilson4855@brightwavetech.com,BrightWave Tech,Inbound - Web,Working,53,,,,2022-08-22T00:00:00
4856,Thomas,Anderson,thomas.anderson4856@scaleupsystems.com,ScaleUp Systems,Event,Disqualified,27,,,,2024-06-13T00:00:00
4857,David,Martin,david.martin4857@cloudscalesystems.com,CloudScale Systems,Inbound - Web,Working,29,,,,2023-11-24T00:00:00
4858,Jessica,Garcia,jessica.garcia4858@insightplatforms.com,Insight Platforms,Social Media,MQL,97,,,,2023-10-19T00:00:00
4859,Charles,Rodriguez,charles.rodriguez4859@streamlineanalytics.com,StreamLine Analytics,Inbound - Web,New,52,,,,2020-09-25T00:00:00
4860,Joseph,Davis,joseph.davis4860@cloudscalesystems.com,CloudScale Systems,Product-Led,Converted,68,3558,713,2024-04-17,2024-01-27T00:00:00
4861,John,Williams,john.williams4861@rapidcloud.com,RapidCloud,Paid Search,Nurture,28,,,,2024-01-22T00:00:00
4862,Jennifer,Moore,jennifer.moore4862@cybervault.com,CyberVault,Product-Led,MQL,69,,,,2020-09-05T00:00:00
4863,Elizabeth,Thomas,elizabeth.thomas4863@insightplatforms.com,Insight Platforms,Inbound - Webinar,Converted,89,1250,609,2024-12-19,2024-10-14T00:00:00
4864,Karen,Miller,karen.miller4864@cybervault.com,CyberVault,Inbound - Content,Converted,55,2207,259,2024-10-22,2024-08-11T00:00:00
4865,James,Garcia,james.garcia4865@streamlineanalytics.com,StreamLine Analytics,Partner Referral,Converted,83,869,969,2022-06-01,2022-04-30T00:00:00
4866,Elizabeth,Brown,elizabeth.brown4866@nexgensolutions.com,NexGen Solutions,Product-Led,SQL,52,,,,2022-04-07T00:00:00
4867,Joseph,Lopez,joseph.lopez4867@vertexai.com,VertexAI,Outbound - SDR,Nurture,53,,,,2023-01-06T00:00:00
4868,Mary,Anderson,mary.anderson4868@databridgecorp.com,DataBridge Corp,Partner Referral,SQL,58,,,,2023-02-13T00:00:00
4869,Sarah,Brown,sarah.brown4869@brightwavetech.com,BrightWave Tech,Product-Led,MQL,98,,,,2023-07-05T00:00:00
4870,Karen,Smith,karen.smith4870@cloudscalesystems.com,CloudScale Systems,Event,New,39,,,,2024-10-08T00:00:00
4871,Christopher,Jones,christopher.jones4871@pulsepointdigital.com,PulsePoint Digital,Outbound - SDR,MQL,75,,,,2024-06-06T00:00:00
4872,Robert,Johnson,,NexGen Solutions,,New,35,,,,2020-05-30T00:00:00
4873,Nancy,Gonzalez,nancy.gonzalez4873@corestack.com,CoreStack,Social Media,New,65,,,,2023-07-08T00:00:00
4874,Linda,Wilson,linda.wilson4874@cybervault.com,CyberVault,Product-Led,MQL,99,,,,2020-10-29T00:00:00
4875,William,Gonzalez,william.gonzalez4875@pulsepointdigital.com,PulsePoint Digital,Social Media,Working,10,,,,2024-10-01T00:00:00
4876,Joseph,Rodriguez,joseph.rodriguez4876@nexgensolutions.com,NexGen Solutions,,MQL,80,,,,2020-09-08T00:00:00
4877,Jennifer,Martin,jennifer.martin4877@rapidcloud.com,RapidCloud,Inbound - Web,New,18,,,,2021-06-30T00:00:00
4878,Susan,Johnson,,BrightWave Tech,Outbound - SDR,MQL,60,,,,2022-02-09T00:00:00
4879,Mary,Williams,mary.williams4879@rapidcloud.com,RapidCloud,Inbound - Webinar,Converted,96,1616,830,2024-03-10,2024-02-01T00:00:00
4880,William,Jackson,william.jackson4880@cybervault.com,CyberVault,Outbound - Cold,MQL,60,,,,2022-02-05T00:00:00
4881,Barbara,Hernandez,barbara.hernandez4881@rapidcloud.com,RapidCloud,Product-Led,MQL,70,,,,2024-10-01T00:00:00
4882,Lisa,Brown,lisa.brown4882@databridgecorp.com,DataBridge Corp,Outbound - SDR,Disqualified,27,,,,2022-02-15T00:00:00
4883,Linda,Taylor,linda.taylor4883@vertexai.com,VertexAI,Outbound - SDR,Disqualified,21,,,,2020-10-03T00:00:00
4884,Thomas,Johnson,thomas.johnson4884@cybervault.com,CyberVault,Product-Led,Converted,82,4571,20,2023-05-17,2023-05-02T00:00:00
4885,Linda,Jones,linda.jones4885@metasync.com,MetaSync,Social Media,Nurture,22,,,,2023-02-19T00:00:00
4886,Karen,Hernandez,karen.hernandez4886@techflowinc.com,TechFlow Inc,Inbound - Webinar,Disqualified,6,,,,2023-02-02T00:00:00
4887,Karen,Hernandez,karen.hernandez4887@cloudscalesystems.com,CloudScale Systems,Social Media,SQL,69,,,,2022-04-08T00:00:00
4888,Charles,Williams,charles.williams,NexGen Solutions,Inbound - Web,MQL,51,,,,2021-01-19T00:00:00
4889,Lisa,Rodriguez,lisa.rodriguez4889@primepathdigital.com,PrimePath Digital,Outbound - SDR,Disqualified,28,,,,2020-08-18T00:00:00
4890,Jessica,Jackson,jessica.jackson4890@insightplatforms.com,Insight Platforms,Outbound - Cold,Converted,58,4836,960,2024-09-03,2024-06-26T00:00:00
4891,Joseph,Jackson,joseph.jackson4891@databridgecorp.com,DataBridge Corp,Inbound - Webinar,Disqualified,17,,,,2022-11-19T00:00:00
4892,Charles,Hernandez,charles.hernandez4892@cloudscalesystems.com,CloudScale Systems,Social Media,SQL,57,,,,2021-12-15T00:00:00
4893,Daniel,Moore,daniel.moore4893@vertexai.com,VertexAI,Social Media,MQL,95,,,,2024-11-11T00:00:00
4894,Sarah,Thompson,sarah.thompson4894@vertexai.com,VertexAI,Event,SQL,74,,,,2022-08-24T00:00:00
4895,Jessica,Thomas,jessica.thomas4895@cybervault.com,CyberVault,Inbound - Content,MQL,91,,,,2023-08-21T00:00:00
4896,Patricia,Miller,patricia.miller4896@cloudscalesystems.com,CloudScale Systems,Inbound - Web,Disqualified,3,,,,2023-09-12T00:00:00
4897,Linda,Jones,linda.jones4897@quantumlogiclabs.com,QuantumLogic Labs,Partner Referral,MQL,100,,,,2021-04-30T00:00:00
4898,Jennifer,Miller,jennifer.miller4898@corestack.com,CoreStack,Paid Search,Working,47,,,,2022-06-12T00:00:00
4899,William,Anderson,william.anderson4899@quantumlogiclabs.com,QuantumLogic Labs,Partner Referral,New,22,,,,2023-12-27T00:00:00
4900,John,Williams,john.williams4900@innovateco.com,InnovateCo,Partner Referral,New,59,,,,2022-04-03T00:00:00
4901,Barbara,Thompson,barbara.thompson4901@corestack.com,CoreStack,Inbound - Content,MQL,59,,,,2022-04-20T00:00:00
4902,Joseph,Johnson,joseph.johnson4902@cloudscalesystems.com,CloudScale Systems,Inbound - Webinar,New,59,,,,2022-10-27T00:00:00
4903,Christopher,Jones,christopher.jones4903@streamlineanalytics.com,StreamLine Analytics,Social Media,SQL,89,,,,2022-12-01T00:00:00
4904,David,Davis,david.davis4904@pulsepointdigital.com,PulsePoint Digital,Event,New,29,,,,2023-05-18T00:00:00
4905,Charles,Hernandez,charles.hernandez4905@insightplatforms.com,Insight Platforms,Inbound - Web,Converted,78,1244,45,2024-09-25,2024-09-20T00:00:00
4906,Nancy,Martinez,nancy.martinez4906@cloudscalesystems.com,CloudScale Systems,Event,Working,59,,,,2020-01-06T00:00:00
4907,Sarah,Williams,sarah.williams4907@primepathdigital.com,PrimePath Digital,Paid Search,Nurture,57,,,,2022-08-16T00:00:00
4908,Karen,Martinez,karen.martinez4908@scaleupsystems.com,ScaleUp Systems,Event,Converted,94,4592,208,2021-12-25,2021-10-27T00:00:00
4909,Michael,Garcia,,PrimePath Digital,Outbound - Cold,Disqualified,25,,,,2022-09-10T00:00:00
4910,David,Rodriguez,david.rodriguez4910@innovateco.com,InnovateCo,Paid Search,Nurture,41,,,,2022-10-28T00:00:00
4911,Barbara,Thomas,barbara.thomas4911@innovateco.com,InnovateCo,Event,New,45,,,,2020-01-02T00:00:00
4912,Richard,Wilson,richard.wilson4912@nexgensolutions.com,NexGen Solutions,Outbound - SDR,Disqualified,12,,,,2022-01-22T00:00:00
4913,Daniel,Hernandez,daniel.hernandez4913@databridgecorp.com,DataBridge Corp,Partner Referral,Nurture,25,,,,2024-11-30T00:00:00
4914,Michael,Brown,michael.brown4914@streamlineanalytics.com,StreamLine Analytics,Inbound - Content,SQL,62,,,,2021-04-19T00:00:00
4915,Christopher,Hernandez,christopher.hernandez4915@metasync.com,MetaSync,Inbound - Content,Disqualified,16,,,,2023-06-12T00:00:00
4916,Robert,Martinez,robert.martinez4916@streamlineanalytics.com,StreamLine Analytics,Paid Search,Disqualified,9,,,,2024-04-11T00:00:00
4917,Karen,Williams,karen.williams4917@innovateco.com,InnovateCo,Event,Converted,57,2937,788,2024-09-10,2024-07-08T00:00:00
4918,Thomas,Thompson,thomas.thompson4918@vertexai.com,VertexAI,Outbound - Cold,SQL,55,,,,2022-05-09T00:00:00
4919,Lisa,Moore,lisa.moore4919@innovateco.com,InnovateCo,Social Media,SQL,83,,,,2021-07-31T00:00:00
4920,Thomas,Smith,thomas.smith4920@rapidcloud.com,RapidCloud,Event,Disqualified,7,,,,2023-06-16T00:00:00
4921,Jessica,Hernandez,jessica.hernandez4921@pulsepointdigital.com,PulsePoint Digital,Social Media,Disqualified,13,,,,2020-01-25T00:00:00
4922,Nancy,Rodriguez,nancy.rodriguez4922@cybervault.com,CyberVault,Partner Referral,Converted,95,2611,731,2023-01-28,2022-12-30T00:00:00
4923,Thomas,Martinez,thomas.martinez4923@streamlineanalytics.com,StreamLine Analytics,Paid Search,Disqualified,10,,,,2023-08-20T00:00:00
4924,Joseph,Williams,joseph.williams4924@nexgensolutions.com,NexGen Solutions,Outbound - SDR,Nurture,20,,,,2023-08-10T00:00:00
4925,Patricia,Brown,patricia.brown4925@metasync.com,MetaSync,Inbound - Webinar,Converted,57,3795,342,2020-12-15,2020-10-27T00:00:00
4926,Daniel,Smith,daniel.smith4926@quantumlogiclabs.com,QuantumLogic Labs,Paid Search,Converted,76,442,79,2024-06-26,2024-05-28T00:00:00
4927,Jessica,Rodriguez,jessica.rodriguez4927@databridgecorp.com,DataBridge Corp,Event,Converted,78,2842,850,2024-08-03,2024-08-04T00:00:00
4928,James,Davis,james.davis4928@pulsepointdigital.com,PulsePoint Digital,Partner Referral,Disqualified,0,,,,2020-08-15T00:00:00
4929,Daniel,Martin,daniel.martin4929@techflowinc.com,TechFlow Inc,Product-Led,New,58,,,,2021-11-11T00:00:00
4930,Lisa,Taylor,lisa.taylor4930@databridgecorp.com,DataBridge Corp,Social Media,MQL,92,,,,2021-11-17T00:00:00
4931,Elizabeth,Smith,elizabeth.smith4931@corestack.com,CoreStack,Event,Converted,69,1807,788,2024-11-05,2024-09-16T00:00:00
4932,James,Taylor,james.taylor4932@databridgecorp.com,DataBridge Corp,Inbound - Content,Converted,57,1021,1,2023-12-26,2023-11-29T00:00:00
4933,Daniel,Moore,daniel.moore,RapidCloud,Event,Working,24,,,,2022-08-09T00:00:00
4934,Charles,Gonzalez,charles.gonzalez4934@cloudscalesystems.com,CloudScale Systems,Product-Led,Converted,64,1707,617,2022-12-11,2022-11-03T00:00:00
4935,Charles,Hernandez,charles.hernandez4935@nexgensolutions.com,NexGen Solutions,Outbound - Cold,Working,59,,,,2020-10-19T00:00:00
4936,Charles,Smith,charles.smith4936@corestack.com,CoreStack,Social Media,Working,17,,,,2023-09-23T00:00:00
4937,Joseph,Thompson,joseph.thompson4937@scaleupsystems.com,ScaleUp Systems,Inbound - Webinar,Disqualified,17,,,,2022-02-16T00:00:00
4938,John,Brown,john.brown4938@truenorthdata.com,TrueNorth Data,Event,Disqualified,21,,,,2023-09-18T00:00:00
4939,Jessica,Wilson,jessica.wilson4939@rapidcloud.com,RapidCloud,Inbound - Webinar,Converted,56,568,314,2024-11-10,2024-09-22T00:00:00
4940,Thomas,Thomas,thomas.thomas4940@streamlineanalytics.com,StreamLine Analytics,Partner Referral,Disqualified,24,,,,2024-11-23T00:00:00
4941,Charles,Johnson,charles.johnson4941@vertexai.com,VertexAI,Inbound - Web,Working,13,,,,2023-09-29T00:00:00
4942,Mary,Lopez,mary.lopez4942@innovateco.com,InnovateCo,Partner Referral,MQL,98,,,,2021-07-01T00:00:00
4943,Susan,Lee,susan.lee4943@databridgecorp.com,DataBridge Corp,Inbound - Content,MQL,60,,,,2023-04-14T00:00:00
4944,Thomas,Williams,thomas.williams4944@brightwavetech.com,BrightWave Tech,Event,Converted,62,969,643,2024-01-08,2024-01-09T00:00:00
4945,Elizabeth,Davis,elizabeth.davis4945@truenorthdata.com,TrueNorth Data,Inbound - Webinar,Nurture,65,,,,2020-08-31T00:00:00
4946,Christopher,Moore,christopher.moore4946@techflowinc.com,TechFlow Inc,Partner Referral,Nurture,42,,,,2021-02-16T00:00:00
4947,Patricia,Martinez,patricia.martinez4947@techflowinc.com,TechFlow Inc,Paid Search,Converted,53,3928,644,2024-03-09,2024-02-04T00:00:00
4948,David,Anderson,david.anderson4948@corestack.com,CoreStack,Paid Search,New,36,,,,2021-07-31T00:00:00
4949,William,Johnson,william.johnson4949@pulsepointdigital.com,PulsePoint Digital,Outbound - Cold,SQL,99,,,,2023-05-10T00:00:00
4950,Michael,Garcia,michael.garcia4950@innovateco.com,InnovateCo,Outbound - Cold,Nurture,24,,,,2020-08-11T00:00:00
4951,Richard,Jackson,richard.jackson4951@databridgecorp.com,DataBridge Corp,Outbound - SDR,New,30,,,,2020-09-23T00:00:00
4952,David,Miller,david.miller4952@primepathdigital.com,PrimePath Digital,Outbound - SDR,MQL,54,,,,2020-02-20T00:00:00
4953,Daniel,Williams,daniel.williams4953@techflowinc.com,TechFlow Inc,Social Media,MQL,90,,,,2024-10-29T00:00:00
4954,Linda,Hernandez,linda.hernandez4954@quantumlogiclabs.com,QuantumLogic Labs,Paid Search,New,14,,,,2021-05-04T00:00:00
4955,John,Miller,john.miller4955@nexgensolutions.com,NexGen Solutions,,New,69,,,,2021-06-02T00:00:00
4956,Charles,Anderson,charles.anderson4956@cloudscalesystems.com,CloudScale Systems,Social Media,Working,27,,,,2020-05-15T00:00:00
4957,Joseph,Jackson,joseph.jackson4957@agiledynamics.com,Agile Dynamics,Inbound - Webinar,Converted,59,2022,789,2024-12-14,2024-11-19T00:00:00
4958,John,Thomas,john.thomas4958@scaleupsystems.com,ScaleUp Systems,Inbound - Content,Nurture,40,,,,2023-09-18T00:00:00
4959,Joseph,Garcia,joseph.garcia4959@scaleupsystems.com,ScaleUp Systems,Social Media,New,70,,,,2021-05-12T00:00:00
4960,Richard,Lee,richard.lee4960@futureforge.com,FutureForge,Outbound - SDR,Converted,56,3209,465,2023-11-27,2023-10-17T00:00:00
4961,Thomas,Thomas,thomas.thomas4961@vertexai.com,VertexAI,Outbound - Cold,MQL,50,,,,2023-08-08T00:00:00
4962,Barbara,Jackson,barbara.jackson4962@databridgecorp.com,DataBridge Corp,Event,Nurture,67,,,,2022-04-02T00:00:00
4963,Christopher,Lee,christopher.lee4963@vertexai.com,VertexAI,Partner Referral,MQL,59,,,,2022-01-22T00:00:00
4964,Mary,Davis,mary.davis4964@corestack.com,CoreStack,Outbound - Cold,MQL,95,,,,2024-04-26T00:00:00
4965,Robert,Garcia,robert.garcia4965@streamlineanalytics.com,StreamLine Analytics,Inbound - Webinar,Nurture,61,,,,2023-10-07T00:00:00
4966,Elizabeth,Gonzalez,elizabeth.gonzalez4966@vertexai.com,VertexAI,Inbound - Webinar,Nurture,44,,,,2020-10-20T00:00:00
4967,Christopher,Martin,christopher.martin4967@streamlineanalytics.com,StreamLine Analytics,Inbound - Content,New,35,,,,2024-08-29T00:00:00
4968,John,Jackson,john.jackson4968@scaleupsystems.com,ScaleUp Systems,Social Media,New,45,,,,2021-07-29T00:00:00
4969,Charles,Thompson,charles.thompson4969@brightwavetech.com,BrightWave Tech,Partner Referral,Working,51,,,,2021-01-14T00:00:00
4970,Christopher,Taylor,christopher.taylor4970@innovateco.com,InnovateCo,Inbound - Content,Nurture,28,,,,2021-01-15T00:00:00
4971,Jennifer,Thomas,jennifer.thomas4971@scaleupsystems.com,ScaleUp Systems,Partner Referral,Converted,63,752,393,2023-01-19,2022-12-01T00:00:00
4972,Jessica,Anderson,jessica.anderson4972@cloudscalesystems.com,CloudScale Systems,Event,Converted,91,2830,978,2021-12-02,2021-10-28T00:00:00
4973,Jessica,Thompson,jessica.thompson4973@cloudscalesystems.com,CloudScale Systems,Partner Referral,Converted,65,4640,7,2021-08-04,2021-05-17T00:00:00
4974,Barbara,Thomas,barbara.thomas,DataBridge Corp,Partner Referral,Working,60,,,,2021-07-04T00:00:00
4975,Daniel,Williams,daniel.williams4975@streamlineanalytics.com,StreamLine Analytics,Inbound - Webinar,Working,10,,,,2023-04-23T00:00:00
4976,Robert,Jones,robert.jones4976@streamlineanalytics.com,StreamLine Analytics,Paid Search,Converted,74,3124,214,2024-11-21,2024-10-22T00:00:00
4977,John,Taylor,,Insight Platforms,Inbound - Webinar,Working,36,,,,2020-03-25T00:00:00
4978,David,Rodriguez,david.rodriguez4978@cybervault.com,CyberVault,Inbound - Content,Converted,60,4,750,2024-04-24,2024-02-19T00:00:00
4979,Linda,Martinez,linda.martinez4979@databridgecorp.com,DataBridge Corp,Product-Led,Converted,58,4419,364,2024-09-08,2024-07-05T00:00:00
4980,Linda,Lopez,linda.lopez4980@cybervault.com,CyberVault,Inbound - Webinar,MQL,66,,,,2022-08-29T00:00:00
4981,Joseph,Martin,joseph.martin4981@innovateco.com,InnovateCo,Social Media,Working,48,,,,2021-02-02T00:00:00
4982,Thomas,Rodriguez,thomas.rodriguez4982@truenorthdata.com,TrueNorth Data,Paid Search,MQL,64,,,,2021-03-20T00:00:00
4983,Linda,Gonzalez,linda.gonzalez4983@pulsepointdigital.com,PulsePoint Digital,Product-Led,Converted,64,1330,856,2024-06-19,2024-04-21T00:00:00
4984,Elizabeth,Lopez,elizabeth.lopez4984@cloudscalesystems.com,CloudScale Systems,Inbound - Content,SQL,86,,,,2024-05-13T00:00:00
4985,Michael,Gonzalez,michael.gonzalez4985@brightwavetech.com,BrightWave Tech,Product-Led,MQL,90,,,,2020-08-24T00:00:00
4986,Elizabeth,Jones,elizabeth.jones4986@corestack.com,CoreStack,Product-Led,Converted,69,3762,808,2023-11-23,2023-10-14T00:00:00
4987,Elizabeth,Jones,elizabeth.jones4987@agiledynamics.com,Agile Dynamics,Inbound - Content,Converted,53,228,375,2024-09-30,2024-09-19T00:00:00
4988,Elizabeth,Jones,elizabeth.jones4988@rapidcloud.com,RapidCloud,Social Media,Disqualified,29,,,,2022-01-25T00:00:00
4989,Charles,Taylor,charles.taylor4989@streamlineanalytics.com,StreamLine Analytics,Social Media,Working,31,,,,2023-05-20T00:00:00
4990,Linda,Smith,linda.smith4990@futureforge.com,FutureForge,Social Media,Converted,91,3505,120,2024-12-17,2024-11-13T00:00:00
4991,Sarah,Thomas,sarah.thomas4991@agiledynamics.com,Agile Dynamics,Event,SQL,60,,,,2022-01-21T00:00:00
4992,Karen,Wilson,karen.wilson4992@techflowinc.com,TechFlow Inc,Inbound - Content,New,48,,,,2023-01-20T00:00:00
4993,John,Brown,john.brown4993@vertexai.com,VertexAI,Partner Referral,Disqualified,8,,,,2021-11-24T00:00:00
4994,John,Martinez,john.martinez4994@cloudscalesystems.com,CloudScale Systems,Paid Search,SQL,72,,,,2021-11-01T00:00:00
4995,Thomas,Gonzalez,thomas.gonzalez4995@vertexai.com,VertexAI,Inbound - Content,SQL,51,,,,2021-02-23T00:00:00
4996,Jennifer,Thomas,jennifer.thomas4996@innovateco.com,InnovateCo,Outbound - Cold,Nurture,47,,,,2023-02-26T00:00:00
4997,Jennifer,Williams,jennifer.williams4997@quantumlogiclabs.com,QuantumLogic Labs,Inbound - Content,Working,17,,,,2024-04-01T00:00:00
4998,Elizabeth,Moore,,FutureForge,Outbound - Cold,Nurture,55,,,,2024-10-02T00:00:00
4999,Jessica,Jones,jessica.jones4999@cloudscalesystems.com,CloudScale Systems,Outbound - SDR,New,46,,,,2022-01-31T00:00:00
5000,Susan,Miller,susan.miller5000@streamlineanalytics.com,StreamLine Analytics,Partner Referral,Disqualified,26,,,,2021-09-02T00:00:00
5001,David,Moore,david.moore5001@streamlineanalytics.com,StreamLine Analytics,Outbound - SDR,New,68,,,,2024-12-05T00:00:00
5002,Lisa,Hernandez,lisa.hernandez,QuantumLogic Labs,Event,Working,25,,,,2023-03-22T00:00:00
5003,Joseph,Johnson,joseph.johnson5003@innovateco.com,InnovateCo,Partner Referral,New,29,,,,2023-01-01T00:00:00
5004,Daniel,Jackson,daniel.jackson5004@corestack.com,CoreStack,Outbound - Cold,MQL,64,,,,2024-02-15T00:00:00
5005,Patricia,Garcia,patricia.garcia5005@nexgensolutions.com,NexGen Solutions,Outbound - SDR,MQL,77,,,,2020-06-30T00:00:00
5006,Karen,Williams,karen.williams5006@primepathdigital.com,PrimePath Digital,Inbound - Webinar,Converted,99,3841,225,2022-08-20,2022-08-10T00:00:00
5007,Thomas,Jackson,thomas.jackson5007@techflowinc.com,TechFlow Inc,Event,MQL,72,,,,2020-09-06T00:00:00
5008,Christopher,Smith,christopher.smith5008@primepathdigital.com,PrimePath Digital,Inbound - Webinar,SQL,90,,,,2022-11-25T00:00:00
5009,Mary,Lopez,mary.lopez5009@brightwavetech.com,BrightWave Tech,,Nurture,44,,,,2021-03-03T00:00:00
5010,Sarah,Moore,sarah.moore5010@primepathdigital.com,PrimePath Digital,Product-Led,Converted,52,4611,507,2024-08-27,2024-06-05T00:00:00
5011,Jennifer,Thomas,jennifer.thomas5011@insightplatforms.com,Insight Platforms,Inbound - Web,Disqualified,9,,,,2020-02-15T00:00:00
5012,Patricia,Moore,patricia.moore5012@nexgensolutions.com,NexGen Solutions,Social Media,Working,11,,,,2020-12-06T00:00:00
5013,David,Thomas,david.thomas5013@cybervault.com,CyberVault,Outbound - Cold,MQL,70,,,,2020-02-15T00:00:00
5014,John,Miller,john.miller5014@brightwavetech.com,BrightWave Tech,Inbound - Webinar,Nurture,35,,,,2020-06-07T00:00:00
5015,James,Lee,james.lee5015@agiledynamics.com,Agile Dynamics,Inbound - Webinar,SQL,96,,,,2022-08-19T00:00:00
5016,Daniel,Hernandez,daniel.hernandez5016@databridgecorp.com,DataBridge Corp,Partner Referral,Converted,64,579,252,2021-11-18,2021-09-11T00:00:00
5017,John,Rodriguez,john.rodriguez5017@corestack.com,CoreStack,Inbound - Web,Disqualified,24,,,,2021-02-25T00:00:00
5018,James,Brown,james.brown5018@agiledynamics.com,Agile Dynamics,Outbound - SDR,MQL,94,,,,2020-11-27T00:00:00
5019,Christopher,Smith,christopher.smith5019@agiledynamics.com,Agile Dynamics,Social Media,MQL,63,,,,2024-06-30T00:00:00
5020,Lisa,Moore,lisa.moore5020@databridgecorp.com,DataBridge Corp,Outbound - Cold,Working,63,,,,2024-07-13T00:00:00
5021,Linda,Smith,linda.smith5021@innovateco.com,InnovateCo,Event,Converted,61,2661,733,2024-01-03,2023-10-29T00:00:00
5022,Barbara,Miller,barbara.miller5022@databridgecorp.com,DataBridge Corp,Product-Led,MQL,88,,,,2023-01-12T00:00:00
5023,Mary,Miller,mary.miller5023@nexgensolutions.com,NexGen Solutions,Product-Led,Converted,70,3292,811,2024-07-11,2024-06-27T00:00:00
5024,Lisa,Martin,lisa.martin5024@vertexai.com,VertexAI,Partner Referral,MQL,68,,,,2022-09-01T00:00:00
5025,Sarah,Anderson,sarah.anderson5025@futureforge.com,FutureForge,Outbound - Cold,New,-14,,,,2022-08-19T00:00:00
5026,Jennifer,Jackson,jennifer.jackson5026@insightplatforms.com,Insight Platforms,,Working,21,,,,2024-12-06T00:00:00
5027,Daniel,Davis,daniel.davis5027@insightplatforms.com,Insight Platforms,,Converted,-98,10,278,2022-09-09,2022-09-09T00:00:00
5028,Karen,Martinez,karen.martinez5028@cloudscalesystems.com,CloudScale Systems,Inbound - Web,Converted,86,1353,267,2020-05-05,2020-04-23T00:00:00
5029,Nancy,Williams,nancy.williams5029@vertexai.com,VertexAI,Social Media,New,42,,,,2020-12-19T00:00:00
5030,Jessica,Thomas,jessica.thomas5030@nexgensolutions.com,NexGen Solutions,Outbound - Cold,Working,31,,,,2020-03-31T00:00:00
5031,Christopher,Thompson,christopher.thompson5031@scaleupsystems.com,ScaleUp Systems,Event,MQL,95,,,,2020-06-03T00:00:00
5032,Nancy,Martin,nancy.martin5032@brightwavetech.com,BrightWave Tech,Event,New,14,,,,2021-03-15T00:00:00
5033,Susan,Martin,susan.martin5033@nexgensolutions.com,NexGen Solutions,Paid Search,Working,-28,,,,2020-01-24T00:00:00
5034,Linda,Brown,linda.brown5034@databridgecorp.com,DataBridge Corp,Social Media,Disqualified,29,,,,2022-11-17T00:00:00
5035,Thomas,Smith,thomas.smith5035@streamlineanalytics.com,StreamLine Analytics,Partner Referral,Disqualified,28,,,,2022-04-09T00:00:00
5036,James,Johnson,james.johnson5036@databridgecorp.com,DataBridge Corp,Product-Led,Nurture,68,,,,2023-08-08T00:00:00
5037,Daniel,Jones,daniel.jones5037@cloudscalesystems.com,CloudScale Systems,Outbound - SDR,MQL,62,,,,2024-09-17T00:00:00
5038,Linda,Smith,linda.smith5038@streamlineanalytics.com,StreamLine Analytics,,Working,52,,,,2024-07-20T00:00:00
5039,Christopher,Smith,christopher.smith5039@scaleupsystems.com,ScaleUp Systems,Partner Referral,Converted,98,1929,241,2024-12-01,2024-11-24T00:00:00
5040,James,Garcia,james.garcia5040@rapidcloud.com,RapidCloud,Social Media,Working,52,,,,2024-12-26T00:00:00
5041,John,Garcia,john.garcia5041@innovateco.com,InnovateCo,Event,Working,53,,,,2023-10-12T00:00:00
5042,Nancy,Jones,nancy.jones5042@databridgecorp.com,DataBridge Corp,Social Media,Disqualified,19,,,,2023-08-07T00:00:00
5043,Nancy,Martinez,nancy.martinez5043@quantumlogiclabs.com,QuantumLogic Labs,,Converted,98,1713,393,2024-09-19,2024-08-29T00:00:00
5044,Nancy,Martin,nancy.martin5044@pulsepointdigital.com,PulsePoint Digital,Product-Led,MQL,64,,,,2024-06-13T00:00:00
5045,Thomas,Taylor,thomas.taylor5045@rapidcloud.com,RapidCloud,Inbound - Webinar,Converted,87,1724,27,2021-11-03,2021-10-08T00:00:00
5046,Joseph,Johnson,joseph.johnson5046@corestack.com,CoreStack,Partner Referral,Disqualified,9,,,,2021-07-04T00:00:00
5047,William,Davis,william.davis5047@streamlineanalytics.com,StreamLine Analytics,Product-Led,SQL,77,,,,2021-04-08T00:00:00
5048,Charles,Martin,charles.martin5048@cybervault.com,CyberVault,Inbound - Webinar,Converted,77,4971,158,2024-07-05,2024-04-28T00:00:00
5049,Linda,Hernandez,linda.hernandez5049@pulsepointdigital.com,PulsePoint Digital,Inbound - Content,Disqualified,17,,,,2023-07-09T00:00:00
5050,William,Jones,william.jones5050@agiledynamics.com,Agile Dynamics,Outbound - SDR,SQL,69,,,,2020-10-02T00:00:00
5051,Elizabeth,Martin,elizabeth.martin5051@agiledynamics.com,Agile Dynamics,Outbound - SDR,New,29,,,,2021-05-05T00:00:00
5052,Karen,Anderson,karen.anderson5052@agiledynamics.com,Agile Dynamics,Inbound - Content,Disqualified,18,,,,2022-12-04T00:00:00
5053,Michael,Williams,michael.williams5053@futureforge.com,FutureForge,Event,Working,53,,,,2023-06-03T00:00:00
5054,William,Lopez,william.lopez5054@insightplatforms.com,Insight Platforms,Event,SQL,60,,,,2023-05-31T00:00:00
5055,Michael,Miller,michael.miller5055@rapidcloud.com,RapidCloud,Product-Led,Converted,82,939,897,2024-05-31,2024-03-08T00:00:00
5056,Charles,Davis,charles.davis5056@brightwavetech.com,BrightWave Tech,Outbound - SDR,MQL,71,,,,2020-02-21T00:00:00
5057,Sarah,Gonzalez,sarah.gonzalez5057@pulsepointdigital.com,PulsePoint Digital,Inbound - Webinar,Disqualified,25,,,,2022-12-07T00:00:00
5058,Jessica,Thompson,jessica.thompson5058@primepathdigital.com,PrimePath Digital,Social Media,Converted,99,2687,964,2022-05-24,2022-04-02T00:00:00
5059,Jennifer,Hernandez,jennifer.hernandez5059@innovateco.com,InnovateCo,Event,Converted,53,2840,58,2023-09-13,2023-07-29T00:00:00
5060,William,Gonzalez,william.gonzalez5060@brightwavetech.com,BrightWave Tech,Outbound - SDR,Disqualified,3,,,,2022-12-12T00:00:00
5061,William,Martin,william.martin5061@truenorthdata.com,TrueNorth Data,Event,MQL,100,,,,2020-03-04T00:00:00
5062,William,Brown,william.brown5062@scaleupsystems.com,ScaleUp Systems,Outbound - SDR,Converted,62,3746,113,2024-08-18,2024-08-10T00:00:00
5063,Jessica,Lopez,jessica.lopez5063@futureforge.com,FutureForge,Inbound - Web,Converted,76,1517,955,2023-11-06,2023-10-06T00:00:00
5064,Linda,Brown,,ScaleUp Systems,Outbound - Cold,Working,15,,,,2023-01-14T00:00:00
5065,Linda,Martin,linda.martin5065@scaleupsystems.com,ScaleUp Systems,Social Media,Working,29,,,,2024-09-30T00:00:00
5066,Thomas,Williams,thomas.williams5066@vertexai.com,VertexAI,Inbound - Content,Working,14,,,,2023-04-08T00:00:00
5067,Jessica,Taylor,jessica.taylor5067@corestack.com,CoreStack,Product-Led,Converted,78,853,770,2023-02-01,2023-01-02T00:00:00
5068,Michael,Jackson,michael.jackson,ScaleUp Systems,Inbound - Web,Converted,58,3099,193,2024-12-04,2024-11-05T00:00:00
5069,William,Wilson,william.wilson5069@techflowinc.com,TechFlow Inc,Partner Referral,Working,38,,,,2020-03-31T00:00:00
5070,Mary,Gonzalez,mary.gonzalez5070@agiledynamics.com,Agile Dynamics,Paid Search,Working,20,,,,2022-10-24T00:00:00
5071,Linda,Brown,linda.brown5071@agiledynamics.com,Agile Dynamics,Social Media,New,64,,,,2021-03-27T00:00:00
5072,Karen,Wilson,karen.wilson5072@innovateco.com,InnovateCo,Inbound - Content,Working,23,,,,2023-11-24T00:00:00
5073,Thomas,Johnson,thomas.johnson5073@brightwavetech.com,BrightWave Tech,Inbound - Web,MQL,100,,,,2021-11-17T00:00:00
5074,Susan,Thomas,susan.thomas5074@quantumlogiclabs.com,QuantumLogic Labs,Inbound - Web,Converted,100,3576,306,2024-08-22,2024-08-21T00:00:00
5075,William,Wilson,william.wilson5075@primepathdigital.com,PrimePath Digital,Outbound - SDR,SQL,54,,,,2024-01-28T00:00:00
5076,Jessica,Davis,jessica.davis5076@corestack.com,CoreStack,Event,Nurture,27,,,,2022-03-30T00:00:00
5077,Patricia,Garcia,patricia.garcia5077@quantumlogiclabs.com,QuantumLogic Labs,Outbound - Cold,Disqualified,14,,,,2024-12-24T00:00:00
5078,Michael,Gonzalez,michael.gonzalez5078@metasync.com,MetaSync,Outbound - SDR,New,26,,,,2024-11-17T00:00:00
5079,David,Moore,david.moore5079@cybervault.com,CyberVault,Outbound - Cold,Working,17,,,,2022-04-23T00:00:00
5080,Jennifer,Lee,jennifer.lee5080@nexgensolutions.com,NexGen Solutions,Outbound - Cold,MQL,76,,,,2024-02-24T00:00:00
5081,Patricia,Martinez,patricia.martinez5081@metasync.com,MetaSync,Inbound - Web,MQL,97,,,,2020-08-14T00:00:00
5082,Daniel,Gonzalez,daniel.gonzalez5082@cloudscalesystems.com,CloudScale Systems,Inbound - Web,Converted,90,3634,829,2024-10-24,2024-09-24T00:00:00
5083,Thomas,Smith,thomas.smith5083@databridgecorp.com,DataBridge Corp,Inbound - Content,Working,67,,,,2020-09-14T00:00:00
5084,Jessica,Lee,jessica.lee5084@vertexai.com,VertexAI,Outbound - SDR,New,35,,,,2021-07-10T00:00:00
5085,Christopher,Davis,christopher.davis5085@streamlineanalytics.com,StreamLine Analytics,Social Media,SQL,58,,,,2020-07-28T00:00:00
5086,Linda,Smith,linda.smith5086@metasync.com,MetaSync,Event,New,54,,,,2021-05-30T00:00:00
5087,William,Johnson,william.johnson5087@quantumlogiclabs.com,QuantumLogic Labs,Inbound - Web,Working,12,,,,2023-09-12T00:00:00
5088,Barbara,Lee,barbara.lee5088@nexgensolutions.com,NexGen Solutions,Outbound - SDR,Nurture,21,,,,2020-04-03T00:00:00
5089,Karen,Thompson,karen.thompson5089@agiledynamics.com,Agile Dynamics,Inbound - Content,SQL,94,,,,2020-11-15T00:00:00
5090,Mary,Lee,mary.lee5090@primepathdigital.com,PrimePath Digital,Social Media,Working,64,,,,2022-09-14T00:00:00
5091,Joseph,Thompson,joseph.thompson5091@techflowinc.com,TechFlow Inc,Paid Search,Working,65,,,,2020-03-15T00:00:00
5092,James,Wilson,james.wilson5092@primepathdigital.com,PrimePath Digital,Inbound - Web,Working,45,,,,2021-04-30T00:00:00
5093,Robert,Rodriguez,robert.rodriguez5093@metasync.com,MetaSync,Partner Referral,Working,39,,,,2024-03-29T00:00:00
5094,Christopher,Lopez,christopher.lopez5094@quantumlogiclabs.com,QuantumLogic Labs,Paid Search,MQL,57,,,,2022-04-30T00:00:00
5095,Sarah,Jones,sarah.jones5095@agiledynamics.com,Agile Dynamics,,Working,45,,,,2020-12-11T00:00:00
5096,David,Martinez,david.martinez5096@databridgecorp.com,DataBridge Corp,Event,Converted,96,2086,792,2021-05-06,2021-03-24T00:00:00
5097,Patricia,Smith,patricia.smith5097@futureforge.com,FutureForge,Event,MQL,51,,,,2024-09-13T00:00:00
5098,Michael,Brown,michael.brown5098@quantumlogiclabs.com,QuantumLogic Labs,,Nurture,41,,,,2020-12-30T00:00:00
5099,Christopher,Jackson,,QuantumLogic Labs,Outbound - SDR,Disqualified,25,,,,2023-07-19T00:00:00
5100,Michael,Gonzalez,michael.gonzalez5100@databridgecorp.com,DataBridge Corp,Outbound - SDR,New,26,,,,2020-04-06T00:00:00
5101,David,Brown,david.brown5101@pulsepointdigital.com,PulsePoint Digital,Event,MQL,57,,,,2021-06-24T00:00:00
5102,Jessica,Brown,jessica.brown5102@insightplatforms.com,Insight Platforms,Inbound - Web,Disqualified,5,,,,2021-11-06T00:00:00
5103,Nancy,Brown,nancy.brown5103@innovateco.com,InnovateCo,Partner Referral,SQL,60,,,,2022-03-04T00:00:00
5104,Christopher,Jones,christopher.jones5104@vertexai.com,VertexAI,Inbound - Web,Converted,82,1474,953,2023-08-20,2023-07-29T00:00:00
5105,Nancy,Miller,nancy.miller5105@metasync.com,MetaSync,Partner Referral,SQL,65,,,,2023-01-25T00:00:00
5106,Karen,Hernandez,karen.hernandez5106@insightplatforms.com,Insight Platforms,Inbound - Content,MQL,89,,,,2020-12-30T00:00:00
5107,Robert,Wilson,robert.wilson5107@vertexai.com,VertexAI,Inbound - Content,New,19,,,,2022-08-09T00:00:00
5108,Elizabeth,Lopez,elizabeth.lopez5108@innovateco.com,InnovateCo,Outbound - SDR,MQL,57,,,,2023-01-16T00:00:00
5109,Daniel,Jackson,daniel.jackson5109@pulsepointdigital.com,PulsePoint Digital,Outbound - SDR,Converted,60,3316,490,2024-10-25,2024-08-09T00:00:00
5110,Lisa,Thompson,lisa.thompson5110@insightplatforms.com,Insight Platforms,Social Media,SQL,81,,,,2023-10-31T00:00:00
5111,Michael,Lee,michael.lee,FutureForge,,Converted,51,4843,880,2024-08-18,2024-06-24T00:00:00
5112,William,Moore,william.moore5112@agiledynamics.com,Agile Dynamics,Inbound - Content,Working,68,,,,2024-12-28T00:00:00
5113,David,Moore,david.moore5113@agiledynamics.com,Agile Dynamics,Paid Search,New,31,,,,2023-06-18T00:00:00
5114,Karen,Smith,karen.smith5114@brightwavetech.com,BrightWave Tech,Paid Search,Nurture,68,,,,2021-04-20T00:00:00
5115,John,Johnson,john.johnson5115@brightwavetech.com,BrightWave Tech,Partner Referral,Nurture,45,,,,2022-02-08T00:00:00
5116,Richard,Moore,richard.moore5116@brightwavetech.com,BrightWave Tech,Event,Disqualified,2,,,,2020-07-17T00:00:00
5117,Susan,Brown,susan.brown5117@truenorthdata.com,TrueNorth Data,Inbound - Web,Working,27,,,,2024-05-01T00:00:00
5118,Daniel,Davis,daniel.davis5118@metasync.com,MetaSync,Event,Nurture,44,,,,2024-04-10T00:00:00
5119,Nancy,Wilson,nancy.wilson5119@futureforge.com,FutureForge,Outbound - Cold,SQL,92,,,,2023-01-11T00:00:00
5120,Linda,Johnson,linda.johnson5120@corestack.com,CoreStack,Event,Nurture,44,,,,2022-06-15T00:00:00
5121,Patricia,Rodriguez,patricia.rodriguez5121@rapidcloud.com,RapidCloud,Outbound - SDR,Converted,86,4126,538,2024-01-27,2024-01-18T00:00:00
5122,David,Thompson,david.thompson5122@cybervault.com,CyberVault,Product-Led,Disqualified,25,,,,2023-08-29T00:00:00
5123,David,Jones,david.jones5123@pulsepointdigital.com,PulsePoint Digital,Inbound - Content,Converted,96,3588,502,2024-09-24,2024-07-09T00:00:00
5124,Jessica,Smith,jessica.smith5124@streamlineanalytics.com,StreamLine Analytics,Inbound - Web,SQL,69,,,,2022-04-29T00:00:00
5125,William,Martin,william.martin5125@futureforge.com,FutureForge,Outbound - SDR,Disqualified,27,,,,2021-11-10T00:00:00
5126,Linda,Jackson,linda.jackson5126@scaleupsystems.com,ScaleUp Systems,Inbound - Web,Disqualified,19,,,,2021-09-25T00:00:00
5127,Jessica,Hernandez,jessica.hernandez5127@innovateco.com,InnovateCo,,MQL,93,,,,2022-05-25T00:00:00
5128,James,Williams,,CoreStack,Outbound - Cold,New,21,,,,2020-12-06T00:00:00
5129,John,Miller,john.miller5129@metasync.com,MetaSync,Paid Search,New,50,,,,2022-02-26T00:00:00
5130,Elizabeth,Martin,elizabeth.martin5130@truenorthdata.com,TrueNorth Data,Event,MQL,74,,,,2022-04-11T00:00:00
5131,Linda,Thompson,linda.thompson5131@innovateco.com,InnovateCo,Paid Search,Working,12,,,,2023-01-19T00:00:00
5132,Elizabeth,Lee,elizabeth.lee5132@corestack.com,CoreStack,Inbound - Web,Converted,96,4253,691,2022-08-04,2022-05-21T00:00:00
5133,Joseph,Thompson,joseph.thompson5133@pulsepointdigital.com,PulsePoint Digital,Outbound - Cold,Disqualified,0,,,,2024-08-01T00:00:00
5134,John,Johnson,john.johnson5134@databridgecorp.com,DataBridge Corp,Outbound - SDR,Converted,80,203,142,2024-12-16,2024-10-17T00:00:00
5135,Mary,Thomas,mary.thomas5135@scaleupsystems.com,ScaleUp Systems,,New,66,,,,2020-06-04T00:00:00
5136,Sarah,Smith,sarah.smith5136@cybervault.com,CyberVault,Product-Led,New,44,,,,2021-08-29T00:00:00
5137,Mary,Anderson,mary.anderson5137@nexgensolutions.com,NexGen Solutions,Social Media,Disqualified,10,,,,2022-12-11T00:00:00
5138,Joseph,Thompson,joseph.thompson5138@databridgecorp.com,DataBridge Corp,Social Media,Converted,69,2350,856,2020-07-03,2020-04-26T00:00:00
5139,Christopher,Gonzalez,christopher.gonzalez5139@insightplatforms.com,Insight Platforms,Inbound - Content,SQL,79,,,,2022-11-08T00:00:00
5140,William,Moore,,Insight Platforms,Product-Led,Converted,78,4822,176,2024-12-16,2024-10-30T00:00:00
5141,Joseph,Martinez,joseph.martinez5141@cloudscalesystems.com,CloudScale Systems,Partner Referral,Working,56,,,,2021-01-28T00:00:00
5142,Christopher,Davis,christopher.davis5142@truenorthdata.com,TrueNorth Data,Event,Nurture,36,,,,2021-12-23T00:00:00
5143,David,Thompson,david.thompson5143@innovateco.com,InnovateCo,Inbound - Content,Converted,89,144,545,2023-07-08,2023-04-19T00:00:00
5144,Susan,Johnson,susan.johnson5144@pulsepointdigital.com,PulsePoint Digital,Paid Search,MQL,69,,,,2023-11-21T00:00:00
5145,David,Thompson,david.thompson5145@vertexai.com,VertexAI,Inbound - Webinar,SQL,62,,,,2024-11-30T00:00:00
5146,Richard,Lee,richard.lee5146@rapidcloud.com,RapidCloud,Outbound - SDR,Working,48,,,,2021-04-23T00:00:00
5147,Linda,Jones,linda.jones5147@nexgensolutions.com,NexGen Solutions,Inbound - Web,Converted,50,1551,16,2023-10-07,2023-09-23T00:00:00
5148,John,Thompson,john.thompson5148@cloudscalesystems.com,CloudScale Systems,Paid Search,MQL,65,,,,2023-06-22T00:00:00
5149,Daniel,Moore,daniel.moore5149@innovateco.com,InnovateCo,Event,Disqualified,5,,,,2020-05-01T00:00:00
5150,Linda,Jones,linda.jones5150@corestack.com,CoreStack,Inbound - Web,Converted,79,1008,707,2024-03-06,2024-01-02T00:00:00
5151,Richard,Brown,richard.brown5151@futureforge.com,FutureForge,Inbound - Web,Working,23,,,,2020-11-13T00:00:00
5152,Karen,Johnson,karen.johnson,CloudScale Systems,Social Media,Nurture,17,,,,2020-11-24T00:00:00
5153,Nancy,Williams,nancy.williams5153@insightplatforms.com,Insight Platforms,Social Media,Nurture,60,,,,2022-05-26T00:00:00
5154,Susan,Taylor,susan.taylor5154@pulsepointdigital.com,PulsePoint Digital,Inbound - Webinar,Disqualified,22,,,,2022-05-30T00:00:00
5155,Patricia,Martinez,patricia.martinez5155@metasync.com,MetaSync,Inbound - Web,New,26,,,,2023-12-30T00:00:00
5156,Sarah,Thomas,sarah.thomas5156@brightwavetech.com,BrightWave Tech,Partner Referral,SQL,93,,,,2020-11-28T00:00:00
5157,Joseph,Thompson,joseph.thompson5157@rapidcloud.com,RapidCloud,,MQL,80,,,,2024-01-26T00:00:00
5158,Michael,Lopez,michael.lopez5158@truenorthdata.com,TrueNorth Data,Inbound - Web,MQL,79,,,,2020-07-26T00:00:00
5159,Sarah,Miller,sarah.miller5159@databridgecorp.com,DataBridge Corp,Event,Converted,79,4023,375,2024-02-13,2023-12-22T00:00:00
5160,Sarah,Moore,sarah.moore5160@cloudscalesystems.com,CloudScale Systems,Paid Search,MQL,75,,,,2020-11-03T00:00:00
5161,Michael,Williams,michael.williams,Agile Dynamics,Social Media,SQL,58,,,,2022-02-06T00:00:00
5162,Patricia,Wilson,patricia.wilson5162@databridgecorp.com,DataBridge Corp,Paid Search,Converted,56,1745,935,2024-06-05,2024-03-26T00:00:00
5163,Richard,Gonzalez,richard.gonzalez5163@metasync.com,MetaSync,Inbound - Content,New,21,,,,2024-07-19T00:00:00
5164,Susan,Rodriguez,susan.rodriguez5164@insightplatforms.com,Insight Platforms,Social Media,Nurture,54,,,,2022-12-10T00:00:00
5165,Susan,Thompson,susan.thompson5165@brightwavetech.com,BrightWave Tech,Inbound - Content,SQL,84,,,,2024-12-14T00:00:00
5166,Linda,Miller,linda.miller5166@nexgensolutions.com,NexGen Solutions,Inbound - Webinar,Disqualified,5,,,,2024-02-19T00:00:00
5167,Karen,Thompson,karen.thompson5167@truenorthdata.com,TrueNorth Data,Social Media,Nurture,61,,,,2020-10-11T00:00:00
5168,Jessica,Jackson,jessica.jackson5168@corestack.com,CoreStack,Outbound - SDR,MQL,-61,,,,2020-09-10T00:00:00
5169,James,Hernandez,james.hernandez5169@cloudscalesystems.com,CloudScale Systems,Social Media,SQL,57,,,,2023-12-17T00:00:00
5170,Richard,Brown,richard.brown5170@insightplatforms.com,Insight Platforms,Event,Working,66,,,,2022-11-27T00:00:00
5171,Richard,Moore,richard.moore,VertexAI,Outbound - SDR,Converted,50,3611,500,2024-05-25,2024-03-28T00:00:00
5172,John,Williams,john.williams5172@primepathdigital.com,PrimePath Digital,Product-Led,Converted,74,2394,809,2021-07-11,2021-05-07T00:00:00
5173,Lisa,Gonzalez,lisa.gonzalez5173@innovateco.com,InnovateCo,Outbound - Cold,Nurture,68,,,,2020-04-10T00:00:00
5174,Michael,Moore,michael.moore5174@streamlineanalytics.com,StreamLine Analytics,Outbound - Cold,MQL,78,,,,2024-07-03T00:00:00
5175,Mary,Gonzalez,mary.gonzalez5175@cybervault.com,CyberVault,Inbound - Web,Working,35,,,,2024-02-16T00:00:00
5176,Thomas,Davis,thomas.davis5176@insightplatforms.com,Insight Platforms,Inbound - Webinar,Disqualified,19,,,,2023-09-21T00:00:00
5177,Richard,Brown,richard.brown5177@scaleupsystems.com,ScaleUp Systems,Inbound - Content,Converted,85,4155,878,2024-04-08,2024-03-11T00:00:00
5178,Charles,Lopez,charles.lopez5178@rapidcloud.com,RapidCloud,Partner Referral,Disqualified,0,,,,2020-04-09T00:00:00
5179,William,Smith,william.smith5179@insightplatforms.com,Insight Platforms,Inbound - Web,Nurture,37,,,,2023-03-03T00:00:00
5180,Linda,Brown,linda.brown5180@cybervault.com,CyberVault,Outbound - Cold,Disqualified,5,,,,2022-07-21T00:00:00
5181,Joseph,Brown,joseph.brown5181@techflowinc.com,TechFlow Inc,Inbound - Webinar,Converted,57,3870,782,2024-11-27,2024-10-02T00:00:00
5182,David,Martinez,david.martinez,Insight Platforms,Product-Led,New,37,,,,2023-01-02T00:00:00
5183,Elizabeth,Wilson,elizabeth.wilson5183@futureforge.com,FutureForge,Paid Search,Converted,80,3757,963,2024-02-09,2024-02-08T00:00:00
5184,Robert,Brown,robert.brown5184@cloudscalesystems.com,CloudScale Systems,Social Media,New,52,,,,2022-03-30T00:00:00
5185,Jennifer,Hernandez,jennifer.hernandez5185@pulsepointdigital.com,PulsePoint Digital,Outbound - Cold,Nurture,16,,,,2023-10-09T00:00:00
5186,Joseph,Wilson,joseph.wilson5186@futureforge.com,FutureForge,Partner Referral,Nurture,69,,,,2023-11-27T00:00:00
5187,Charles,Thompson,charles.thompson5187@pulsepointdigital.com,PulsePoint Digital,Partner Referral,Converted,71,3000,438,2021-03-02,2021-01-27T00:00:00
5188,Daniel,Davis,daniel.davis5188@streamlineanalytics.com,StreamLine Analytics,Inbound - Webinar,MQL,67,,,,2024-12-07T00:00:00
5189,John,Brown,john.brown5189@nexgensolutions.com,NexGen Solutions,Product-Led,Converted,58,692,958,2024-11-29,2024-09-28T00:00:00
5190,Sarah,Williams,sarah.williams5190@corestack.com,CoreStack,Event,Working,53,,,,2022-04-21T00:00:00
5191,Patricia,Miller,patricia.miller5191@databridgecorp.com,DataBridge Corp,Partner Referral,New,21,,,,2022-10-03T00:00:00
5192,Karen,Thomas,karen.thomas5192@scaleupsystems.com,ScaleUp Systems,Outbound - Cold,Working,10,,,,2024-10-09T00:00:00
5193,Christopher,Lopez,christopher.lopez5193@cloudscalesystems.com,CloudScale Systems,Inbound - Webinar,New,29,,,,2024-04-29T00:00:00
5194,Susan,Hernandez,susan.hernandez5194@scaleupsystems.com,ScaleUp Systems,Social Media,SQL,89,,,,2024-06-25T00:00:00
5195,Thomas,Williams,thomas.williams5195@pulsepointdigital.com,PulsePoint Digital,Inbound - Web,SQL,97,,,,2020-08-08T00:00:00
5196,Karen,Smith,karen.smith5196@nexgensolutions.com,NexGen Solutions,Inbound - Content,New,30,,,,2024-01-08T00:00:00
5197,Thomas,Thomas,thomas.thomas5197@vertexai.com,VertexAI,Paid Search,Converted,58,3943,766,2023-11-25,2023-10-01T00:00:00
5198,Daniel,Garcia,daniel.garcia5198@rapidcloud.com,RapidCloud,Inbound - Content,Converted,68,4246,103,2023-12-14,2023-10-10T00:00:00
5199,Michael,Wilson,michael.wilson5199@pulsepointdigital.com,PulsePoint Digital,Product-Led,Converted,83,362,595,2023-10-13,2023-08-28T00:00:00
5200,John,Wilson,john.wilson5200@corestack.com,CoreStack,Inbound - Webinar,Disqualified,30,,,,2020-02-18T00:00:00
5201,Lisa,Jones,lisa.jones5201@insightplatforms.com,Insight Platforms,Paid Search,New,18,,,,2023-08-29T00:00:00
5202,Thomas,Johnson,thomas.johnson5202@rapidcloud.com,RapidCloud,Outbound - Cold,Disqualified,2,,,,2023-11-24T00:00:00
5203,Christopher,Jackson,christopher.jackson5203@pulsepointdigital.com,PulsePoint Digital,Social Media,SQL,67,,,,2020-07-12T00:00:00
5204,Michael,Jones,michael.jones5204@databridgecorp.com,DataBridge Corp,Paid Search,New,42,,,,2021-09-29T00:00:00
5205,Jessica,Taylor,jessica.taylor5205@rapidcloud.com,RapidCloud,Social Media,New,66,,,,2021-12-04T00:00:00
5206,John,Brown,john.brown5206@insightplatforms.com,Insight Platforms,,New,46,,,,2023-02-19T00:00:00
5207,Jennifer,Garcia,jennifer.garcia5207@streamlineanalytics.com,StreamLine Analytics,,New,18,,,,2022-03-01T00:00:00
5208,Michael,Miller,michael.miller5208@insightplatforms.com,Insight Platforms,Inbound - Web,Disqualified,6,,,,2021-05-16T00:00:00
5209,Patricia,Taylor,patricia.taylor5209@techflowinc.com,TechFlow Inc,Partner Referral,New,52,,,,2021-10-22T00:00:00
5210,Thomas,Lee,thomas.lee5210@scaleupsystems.com,ScaleUp Systems,Paid Search,MQL,89,,,,2024-11-18T00:00:00
5211,Daniel,Brown,daniel.brown5211@insightplatforms.com,Insight Platforms,Inbound - Web,SQL,81,,,,2023-04-25T00:00:00
5212,Jessica,Hernandez,jessica.hernandez5212@agiledynamics.com,Agile Dynamics,Inbound - Webinar,Working,30,,,,2023-08-16T00:00:00
5213,Elizabeth,Rodriguez,elizabeth.rodriguez5213@pulsepointdigital.com,PulsePoint Digital,Outbound - SDR,MQL,82,,,,2021-11-14T00:00:00
5214,Jennifer,Smith,jennifer.smith5214@brightwavetech.com,BrightWave Tech,Event,Converted,57,896,803,2024-11-24,2024-09-11T00:00:00
5215,Michael,Hernandez,michael.hernandez5215@insightplatforms.com,Insight Platforms,Outbound - Cold,MQL,54,,,,2020-03-21T00:00:00
5216,Daniel,Wilson,daniel.wilson5216@rapidcloud.com,RapidCloud,Product-Led,Disqualified,19,,,,2020-06-01T00:00:00
5217,Barbara,Garcia,barbara.garcia5217@corestack.com,CoreStack,Product-Led,MQL,55,,,,2023-06-17T00:00:00
5218,Michael,Davis,michael.davis5218@innovateco.com,InnovateCo,Partner Referral,Nurture,45,,,,2020-06-13T00:00:00
5219,Jessica,Thompson,jessica.thompson5219@insightplatforms.com,Insight Platforms,Social Media,SQL,69,,,,2024-01-28T00:00:00
5220,John,Miller,john.miller5220@rapidcloud.com,RapidCloud,Outbound - Cold,SQL,99,,,,2024-06-12T00:00:00
5221,Michael,Lopez,michael.lopez5221@databridgecorp.com,DataBridge Corp,Outbound - SDR,Disqualified,29,,,,2021-09-10T00:00:00
5222,Jennifer,Rodriguez,jennifer.rodriguez5222@brightwavetech.com,BrightWave Tech,Inbound - Content,Nurture,18,,,,2020-01-19T00:00:00
5223,Charles,Lee,charles.lee5223@brightwavetech.com,BrightWave Tech,Paid Search,Nurture,63,,,,2022-06-01T00:00:00
5224,Robert,Rodriguez,robert.rodriguez5224@rapidcloud.com,RapidCloud,Outbound - SDR,Disqualified,24,,,,2023-05-13T00:00:00
5225,Linda,Williams,linda.williams5225@quantumlogiclabs.com,QuantumLogic Labs,Outbound - Cold,Disqualified,17,,,,2020-01-27T00:00:00
5226,Susan,Davis,susan.davis5226@scaleupsystems.com,ScaleUp Systems,Outbound - SDR,Disqualified,3,,,,2020-11-03T00:00:00
5227,Thomas,Brown,thomas.brown5227@streamlineanalytics.com,StreamLine Analytics,Inbound - Content,Working,49,,,,2021-01-27T00:00:00
5228,Barbara,Brown,barbara.brown5228@metasync.com,MetaSync,Social Media,Working,25,,,,2021-05-13T00:00:00
5229,Daniel,Moore,daniel.moore5229@vertexai.com,VertexAI,Partner Referral,Converted,57,2918,198,2023-12-27,2023-12-02T00:00:00
5230,Susan,Lopez,susan.lopez5230@quantumlogiclabs.com,QuantumLogic Labs,Inbound - Webinar,Working,33,,,,2022-10-05T00:00:00
5231,Richard,Smith,richard.smith5231@techflowinc.com,TechFlow Inc,Inbound - Content,Working,10,,,,2022-10-03T00:00:00
5232,Nancy,Thomas,nancy.thomas5232@rapidcloud.com,RapidCloud,Outbound - Cold,SQL,59,,,,2021-08-15T00:00:00
5233,Richard,Thomas,richard.thomas5233@futureforge.com,FutureForge,Social Media,New,50,,,,2020-06-29T00:00:00
5234,Patricia,Jones,patricia.jones5234@streamlineanalytics.com,StreamLine Analytics,Social Media,Disqualified,0,,,,2021-09-09T00:00:00
5235,Mary,Martin,mary.martin5235@vertexai.com,VertexAI,Inbound - Content,MQL,77,,,,2020-12-22T00:00:00
5236,William,Rodriguez,william.rodriguez5236@streamlineanalytics.com,StreamLine Analytics,Partner Referral,Converted,95,2729,571,2022-09-24,2022-07-06T00:00:00
5237,Thomas,Martin,thomas.martin5237@pulsepointdigital.com,PulsePoint Digital,Paid Search,Nurture,43,,,,2022-04-15T00:00:00
5238,Linda,Wilson,linda.wilson5238@primepathdigital.com,PrimePath Digital,Product-Led,Converted,98,3994,505,2024-12-04,2024-11-26T00:00:00
5239,Barbara,Martin,barbara.martin5239@insightplatforms.com,Insight Platforms,Inbound - Webinar,Working,26,,,,2020-10-06T00:00:00
5240,Michael,Taylor,,CloudScale Systems,Outbound - SDR,Converted,86,2722,440,2024-03-09,2024-01-06T00:00:00
5241,Mary,Lee,mary.lee5241@rapidcloud.com,RapidCloud,Inbound - Web,Disqualified,16,,,,2024-06-12T00:00:00
5242,James,Thomas,james.thomas5242@nexgensolutions.com,NexGen Solutions,Partner Referral,MQL,60,,,,2023-10-11T00:00:00
5243,Linda,Lee,linda.lee5243@futureforge.com,FutureForge,Inbound - Content,Disqualified,21,,,,2022-08-17T00:00:00
5244,Elizabeth,Garcia,elizabeth.garcia5244@futureforge.com,FutureForge,Inbound - Web,Working,26,,,,2020-12-30T00:00:00
5245,John,Anderson,john.anderson5245@streamlineanalytics.com,StreamLine Analytics,Social Media,New,-60,,,,2024-01-04T00:00:00
5246,Linda,Anderson,linda.anderson5246@streamlineanalytics.com,StreamLine Analytics,,Working,51,,,,2020-02-15T00:00:00
5247,Barbara,Williams,barbara.williams5247@rapidcloud.com,RapidCloud,Inbound - Webinar,SQL,91,,,,2021-11-29T00:00:00
5248,Sarah,Davis,sarah.davis5248@databridgecorp.com,DataBridge Corp,Partner Referral,New,37,,,,2020-09-06T00:00:00
5249,David,Lee,david.lee5249@brightwavetech.com,BrightWave Tech,Outbound - Cold,MQL,74,,,,2021-11-13T00:00:00
5250,Jennifer,Taylor,jennifer.taylor5250@truenorthdata.com,TrueNorth Data,Outbound - Cold,New,38,,,,2022-04-18T00:00:00
5251,Richard,Williams,richard.williams5251@databridgecorp.com,DataBridge Corp,Inbound - Content,Working,18,,,,2024-12-06T00:00:00
5252,Barbara,Gonzalez,barbara.gonzalez5252@databridgecorp.com,DataBridge Corp,Event,Working,29,,,,2020-07-04T00:00:00
5253,Richard,Moore,richard.moore5253@scaleupsystems.com,ScaleUp Systems,Event,Working,21,,,,2024-09-24T00:00:00
5254,Robert,Gonzalez,robert.gonzalez5254@truenorthdata.com,TrueNorth Data,Inbound - Webinar,Working,64,,,,2021-09-07T00:00:00
5255,Lisa,Gonzalez,lisa.gonzalez5255@quantumlogiclabs.com,QuantumLogic Labs,Product-Led,Converted,64,1623,789,2024-05-05,2024-03-21T00:00:00
5256,Nancy,Smith,nancy.smith5256@databridgecorp.com,DataBridge Corp,Inbound - Webinar,Converted,78,3179,779,2022-08-02,2022-05-09T00:00:00
5257,William,Johnson,william.johnson5257@techflowinc.com,TechFlow Inc,Inbound - Web,Converted,79,4800,529,2021-01-02,2020-12-02T00:00:00
5258,Mary,Martin,mary.martin5258@cloudscalesystems.com,CloudScale Systems,Inbound - Content,Working,21,,,,2023-01-28T00:00:00
5259,Richard,Anderson,richard.anderson5259@scaleupsystems.com,ScaleUp Systems,Inbound - Content,Disqualified,16,,,,2023-06-12T00:00:00
5260,Michael,Thompson,michael.thompson5260@streamlineanalytics.com,StreamLine Analytics,Product-Led,MQL,85,,,,2023-06-14T00:00:00
5261,Karen,Martin,karen.martin5261@nexgensolutions.com,NexGen Solutions,Event,Working,10,,,,2020-10-31T00:00:00
5262,Christopher,Martin,christopher.martin5262@scaleupsystems.com,ScaleUp Systems,Product-Led,Disqualified,6,,,,2020-05-27T00:00:00
5263,Charles,Williams,,CoreStack,Partner Referral,MQL,88,,,,2023-02-07T00:00:00
5264,Linda,Johnson,linda.johnson5264@corestack.com,CoreStack,Social Media,MQL,95,,,,2021-05-01T00:00:00
5265,William,Jones,william.jones5265@pulsepointdigital.com,PulsePoint Digital,Social Media,MQL,57,,,,2020-01-16T00:00:00
5266,Michael,Lee,michael.lee5266@truenorthdata.com,TrueNorth Data,Inbound - Webinar,Working,25,,,,2022-12-08T00:00:00
5267,John,Gonzalez,john.gonzalez5267@techflowinc.com,TechFlow Inc,Inbound - Content,Working,45,,,,2023-02-25T00:00:00
5268,Jessica,Hernandez,jessica.hernandez5268@cybervault.com,CyberVault,Outbound - SDR,Converted,84,2793,278,2024-02-29,2023-12-16T00:00:00
5269,Barbara,Miller,barbara.miller5269@truenorthdata.com,TrueNorth Data,,Nurture,-35,,,,2022-04-28T00:00:00
5270,John,Rodriguez,,DataBridge Corp,Partner Referral,Working,27,,,,2021-11-17T00:00:00
5271,Mary,Taylor,mary.taylor5271@databridgecorp.com,DataBridge Corp,Outbound - Cold,MQL,67,,,,2020-02-05T00:00:00
5272,Sarah,Davis,sarah.davis5272@brightwavetech.com,BrightWave Tech,Event,New,14,,,,2020-12-29T00:00:00
5273,Daniel,Brown,daniel.brown5273@corestack.com,CoreStack,Inbound - Web,Converted,74,4922,583,2024-03-29,2024-03-11T00:00:00
5274,Linda,Martin,linda.martin5274@cybervault.com,CyberVault,Inbound - Webinar,Converted,72,399,34,2024-09-21,2024-08-04T00:00:00
5275,Christopher,Jackson,christopher.jackson5275@pulsepointdigital.com,PulsePoint Digital,Outbound - SDR,Nurture,50,,,,2022-04-18T00:00:00
5276,Robert,Moore,robert.moore5276@nexgensolutions.com,NexGen Solutions,Paid Search,Converted,72,1769,24,2024-11-30,2024-10-10T00:00:00
5277,Daniel,Smith,daniel.smith5277@databridgecorp.com,DataBridge Corp,Inbound - Content,MQL,62,,,,2021-05-30T00:00:00
5278,Robert,Miller,robert.miller5278@brightwavetech.com,BrightWave Tech,Event,Working,63,,,,2022-03-04T00:00:00
5279,Christopher,Jackson,christopher.jackson5279@nexgensolutions.com,NexGen Solutions,Outbound - Cold,Working,61,,,,2020-10-29T00:00:00
5280,Christopher,Lopez,christopher.lopez5280@primepathdigital.com,PrimePath Digital,Partner Referral,Nurture,66,,,,2024-04-02T00:00:00
5281,Robert,Jackson,robert.jackson5281@cybervault.com,CyberVault,Inbound - Webinar,Disqualified,30,,,,2024-08-29T00:00:00
5282,Robert,Williams,robert.williams5282@agiledynamics.com,Agile Dynamics,Event,Working,48,,,,2022-01-28T00:00:00
5283,Karen,Davis,karen.davis5283@pulsepointdigital.com,PulsePoint Digital,Paid Search,Disqualified,26,,,,2024-05-20T00:00:00
5284,Mary,Brown,mary.brown5284@rapidcloud.com,RapidCloud,Partner Referral,SQL,58,,,,2022-11-27T00:00:00
5285,Karen,Miller,karen.miller5285@nexgensolutions.com,NexGen Solutions,Inbound - Webinar,Disqualified,27,,,,2022-07-28T00:00:00
5286,Susan,Moore,susan.moore5286@futureforge.com,FutureForge,Event,Disqualified,24,,,,2022-03-19T00:00:00
5287,Christopher,Miller,christopher.miller5287@pulsepointdigital.com,PulsePoint Digital,Event,Disqualified,15,,,,2023-08-26T00:00:00
5288,Barbara,Miller,barbara.miller5288@techflowinc.com,TechFlow Inc,Product-Led,Nurture,29,,,,2020-04-11T00:00:00
5289,Robert,Lopez,robert.lopez5289@futureforge.com,FutureForge,Event,Working,18,,,,2024-03-02T00:00:00
5290,William,Williams,,Insight Platforms,Inbound - Webinar,Disqualified,10,,,,2022-07-02T00:00:00
5291,John,Taylor,john.taylor5291@futureforge.com,FutureForge,Inbound - Content,Nurture,59,,,,2022-12-13T00:00:00
5292,Joseph,Jackson,joseph.jackson5292@cybervault.com,CyberVault,Outbound - SDR,Working,24,,,,2020-03-12T00:00:00
5293,Charles,Anderson,charles.anderson5293@nexgensolutions.com,NexGen Solutions,Outbound - Cold,MQL,55,,,,2022-09-28T00:00:00
5294,Lisa,Martinez,lisa.martinez5294@cloudscalesystems.com,CloudScale Systems,Partner Referral,SQL,66,,,,2023-04-04T00:00:00
5295,Karen,Miller,karen.miller5295@metasync.com,MetaSync,Inbound - Webinar,Working,55,,,,2022-07-28T00:00:00
5296,Jessica,Wilson,jessica.wilson5296@rapidcloud.com,RapidCloud,Product-Led,Nurture,48,,,,2021-06-12T00:00:00
5297,Richard,Smith,richard.smith5297@techflowinc.com,TechFlow Inc,Social Media,Converted,82,1007,829,2024-03-23,2024-03-09T00:00:00
5298,James,Hernandez,james.hernandez5298@quantumlogiclabs.com,QuantumLogic Labs,Social Media,New,56,,,,2023-12-19T00:00:00
5299,Richard,Williams,richard.williams5299@insightplatforms.com,Insight Platforms,Paid Search,New,31,,,,2021-05-16T00:00:00
5300,Jennifer,Lopez,jennifer.lopez5300@techflowinc.com,TechFlow Inc,Inbound - Web,Disqualified,18,,,,2020-07-06T00:00:00
5301,Michael,Jones,michael.jones5301@rapidcloud.com,RapidCloud,Paid Search,Working,54,,,,2023-08-02T00:00:00
5302,Jessica,Brown,jessica.brown5302@agiledynamics.com,Agile Dynamics,,Nurture,55,,,,2022-09-08T00:00:00
5303,Christopher,Thomas,christopher.thomas5303@scaleupsystems.com,ScaleUp Systems,Inbound - Content,MQL,65,,,,2023-06-11T00:00:00
5304,Jessica,Wilson,jessica.wilson5304@vertexai.com,VertexAI,Partner Referral,MQL,85,,,,2022-12-19T00:00:00
5305,David,Jones,david.jones5305@corestack.com,CoreStack,Inbound - Content,MQL,58,,,,2022-07-23T00:00:00
5306,Mary,Johnson,mary.johnson5306@quantumlogiclabs.com,QuantumLogic Labs,Inbound - Content,Disqualified,2,,,,2021-12-13T00:00:00
5307,Karen,Williams,karen.williams5307@insightplatforms.com,Insight Platforms,Inbound - Webinar,New,17,,,,2022-11-01T00:00:00
5308,Lisa,Taylor,lisa.taylor5308@streamlineanalytics.com,StreamLine Analytics,Inbound - Web,New,39,,,,2024-07-20T00:00:00
5309,Michael,Hernandez,michael.hernandez5309@streamlineanalytics.com,StreamLine Analytics,Inbound - Web,Nurture,20,,,,2024-09-24T00:00:00
5310,David,Wilson,david.wilson5310@agiledynamics.com,Agile Dynamics,Partner Referral,Working,60,,,,2024-11-12T00:00:00
5311,James,Davis,james.davis5311@primepathdigital.com,PrimePath Digital,Product-Led,Working,21,,,,2023-01-01T00:00:00
5312,Susan,Jones,susan.jones5312@pulsepointdigital.com,PulsePoint Digital,Outbound - Cold,Nurture,55,,,,2023-10-07T00:00:00
5313,Jennifer,Miller,jennifer.miller,InnovateCo,Partner Referral,Converted,99,4594,668,2024-01-30,2023-12-16T00:00:00
5314,John,Thompson,john.thompson5314@brightwavetech.com,BrightWave Tech,Social Media,SQL,85,,,,2024-04-29T00:00:00
5315,Mary,Miller,mary.miller5315@agiledynamics.com,Agile Dynamics,Event,New,20,,,,2021-11-05T00:00:00
5316,Joseph,Moore,joseph.moore5316@quantumlogiclabs.com,QuantumLogic Labs,Inbound - Web,New,20,,,,2021-05-23T00:00:00
5317,Thomas,Thomas,thomas.thomas5317@scaleupsystems.com,ScaleUp Systems,Product-Led,Nurture,52,,,,2021-11-07T00:00:00
5318,Michael,Martin,michael.martin5318@truenorthdata.com,TrueNorth Data,Inbound - Content,MQL,76,,,,2023-05-06T00:00:00
5319,Jessica,Thompson,jessica.thompson5319@agiledynamics.com,Agile Dynamics,Event,Converted,73,4665,240,2024-08-10,2024-07-07T00:00:00
5320,William,Martinez,william.martinez5320@nexgensolutions.com,NexGen Solutions,Inbound - Webinar,Converted,59,4307,358,2024-03-06,2024-02-08T00:00:00
5321,Sarah,Garcia,sarah.garcia5321@scaleupsystems.com,ScaleUp Systems,Inbound - Webinar,Nurture,54,,,,2021-10-08T00:00:00
5322,Jennifer,Johnson,jennifer.johnson5322@vertexai.com,VertexAI,Paid Search,Working,64,,,,2021-04-25T00:00:00
5323,Joseph,Johnson,joseph.johnson5323@quantumlogiclabs.com,QuantumLogic Labs,Inbound - Web,New,20,,,,2020-12-22T00:00:00
5324,Joseph,Smith,joseph.smith5324@pulsepointdigital.com,PulsePoint Digital,Event,Disqualified,1,,,,2020-01-14T00:00:00
5325,Barbara,Taylor,barbara.taylor5325@corestack.com,CoreStack,Inbound - Content,Working,22,,,,2024-08-11T00:00:00
5326,Lisa,Jackson,lisa.jackson5326@vertexai.com,VertexAI,Outbound - Cold,Working,65,,,,2024-08-11T00:00:00
5327,Sarah,Hernandez,sarah.hernandez5327@truenorthdata.com,TrueNorth Data,Product-Led,Converted,64,953,607,2024-02-29,2023-12-13T00:00:00
5328,Lisa,Thompson,lisa.thompson5328@brightwavetech.com,BrightWave Tech,Outbound - SDR,New,35,,,,2021-01-08T00:00:00
5329,Robert,Jones,robert.jones5329@streamlineanalytics.com,StreamLine Analytics,Paid Search,MQL,63,,,,2023-09-08T00:00:00
5330,Patricia,Anderson,patricia.anderson5330@agiledynamics.com,Agile Dynamics,Event,New,34,,,,2023-05-02T00:00:00
5331,Thomas,Thomas,thomas.thomas5331@streamlineanalytics.com,StreamLine Analytics,Partner Referral,Disqualified,28,,,,2020-08-25T00:00:00
5332,Christopher,Rodriguez,christopher.rodriguez5332@nexgensolutions.com,NexGen Solutions,,New,10,,,,2022-01-10T00:00:00
5333,Charles,Davis,charles.davis5333@quantumlogiclabs.com,QuantumLogic Labs,,New,40,,,,2020-05-20T00:00:00
5334,Barbara,Rodriguez,barbara.rodriguez5334@corestack.com,CoreStack,Paid Search,Working,56,,,,2021-07-13T00:00:00
5335,Linda,Martin,,CoreStack,Paid Search,New,64,,,,2023-05-07T00:00:00
5336,Linda,Smith,linda.smith5336@scaleupsystems.com,ScaleUp Systems,Partner Referral,New,16,,,,2020-07-29T00:00:00
5337,William,Anderson,william.anderson5337@scaleupsystems.com,ScaleUp Systems,Inbound - Content,SQL,79,,,,2023-10-17T00:00:00
5338,John,Taylor,john.taylor5338@cloudscalesystems.com,CloudScale Systems,Paid Search,Converted,90,1326,646,2024-06-27,2024-06-06T00:00:00
5339,Patricia,Gonzalez,patricia.gonzalez5339@streamlineanalytics.com,StreamLine Analytics,Outbound - Cold,Working,12,,,,2020-08-05T00:00:00
5340,Elizabeth,Rodriguez,elizabeth.rodriguez5340@quantumlogiclabs.com,QuantumLogic Labs,Inbound - Web,MQL,83,,,,2020-05-05T00:00:00
5341,Nancy,Davis,nancy.davis5341@streamlineanalytics.com,StreamLine Analytics,Product-Led,New,46,,,,2024-04-21T00:00:00
5342,Jennifer,Martin,jennifer.martin5342@nexgensolutions.com,NexGen Solutions,Product-Led,Converted,75,911,956,2024-05-11,2024-02-17T00:00:00
5343,Robert,Jones,robert.jones5343@databridgecorp.com,DataBridge Corp,Product-Led,Converted,85,3320,189,2024-12-05,2024-11-26T00:00:00
5344,Joseph,Martinez,joseph.martinez5344@metasync.com,MetaSync,Inbound - Webinar,Converted,90,1382,308,2024-08-13,2024-08-02T00:00:00
5345,Elizabeth,Lopez,elizabeth.lopez5345@agiledynamics.com,Agile Dynamics,Event,New,12,,,,2023-03-19T00:00:00
5346,Richard,Moore,richard.moore5346@insightplatforms.com,Insight Platforms,Inbound - Webinar,New,28,,,,2020-09-26T00:00:00
5347,Sarah,Smith,sarah.smith5347@brightwavetech.com,BrightWave Tech,Inbound - Content,MQL,-95,,,,2023-10-10T00:00:00
5348,Lisa,Rodriguez,lisa.rodriguez5348@streamlineanalytics.com,StreamLine Analytics,Inbound - Content,MQL,99,,,,2021-09-05T00:00:00
5349,Richard,Martin,richard.martin5349@truenorthdata.com,TrueNorth Data,Outbound - Cold,SQL,68,,,,2021-02-01T00:00:00
5350,Charles,Williams,charles.williams5350@agiledynamics.com,Agile Dynamics,Paid Search,Nurture,40,,,,2020-04-20T00:00:00
5351,Jessica,Smith,jessica.smith5351@futureforge.com,FutureForge,Inbound - Web,New,54,,,,2021-07-31T00:00:00
5352,Jessica,Rodriguez,jessica.rodriguez5352@metasync.com,MetaSync,Paid Search,SQL,80,,,,2023-12-03T00:00:00
5353,Richard,Garcia,richard.garcia5353@brightwavetech.com,BrightWave Tech,Inbound - Web,Disqualified,22,,,,2024-10-08T00:00:00
5354,David,Lopez,david.lopez5354@insightplatforms.com,Insight Platforms,Product-Led,Working,14,,,,2021-12-05T00:00:00
5355,David,Wilson,david.wilson5355@quantumlogiclabs.com,QuantumLogic Labs,Inbound - Web,MQL,100,,,,2024-11-06T00:00:00
5356,Elizabeth,Smith,elizabeth.smith5356@nexgensolutions.com,NexGen Solutions,Outbound - SDR,Disqualified,19,,,,2021-01-01T00:00:00
5357,David,Thomas,david.thomas5357@nexgensolutions.com,NexGen Solutions,Inbound - Content,SQL,71,,,,2023-07-27T00:00:00
5358,John,Davis,john.davis5358@primepathdigital.com,PrimePath Digital,Product-Led,Converted,100,736,639,2024-09-18,2024-07-27T00:00:00
5359,John,Lopez,john.lopez5359@nexgensolutions.com,NexGen Solutions,Product-Led,Working,70,,,,2022-03-01T00:00:00
5360,Jennifer,Smith,jennifer.smith5360@databridgecorp.com,DataBridge Corp,Product-Led,New,62,,,,2020-05-20T00:00:00
5361,Lisa,Garcia,lisa.garcia5361@databridgecorp.com,DataBridge Corp,Social Media,Disqualified,6,,,,2024-01-13T00:00:00
5362,John,Thompson,john.thompson5362@innovateco.com,InnovateCo,Inbound - Webinar,SQL,60,,,,2021-09-06T00:00:00
5363,Patricia,Rodriguez,patricia.rodriguez5363@nexgensolutions.com,NexGen Solutions,Event,SQL,85,,,,2022-02-18T00:00:00
5364,Jennifer,Hernandez,jennifer.hernandez5364@primepathdigital.com,PrimePath Digital,Product-Led,Converted,65,2820,773,2024-07-10,2024-06-29T00:00:00
5365,Charles,Johnson,charles.johnson5365@techflowinc.com,TechFlow Inc,Outbound - SDR,Converted,61,4903,324,2022-09-19,2022-08-04T00:00:00
5366,Barbara,Martinez,barbara.martinez5366@vertexai.com,VertexAI,Event,MQL,-55,,,,2023-06-20T00:00:00
5367,Michael,Jackson,michael.jackson5367@agiledynamics.com,Agile Dynamics,Product-Led,Converted,62,4753,905,2024-12-11,2024-10-12T00:00:00
5368,Christopher,Davis,christopher.davis5368@scaleupsystems.com,ScaleUp Systems,Inbound - Web,Converted,50,132,1000,2024-10-11,2024-09-10T00:00:00
5369,Robert,Wilson,robert.wilson5369@scaleupsystems.com,ScaleUp Systems,Outbound - SDR,Working,15,,,,2022-03-28T00:00:00
5370,Sarah,Lee,sarah.lee5370@scaleupsystems.com,ScaleUp Systems,Partner Referral,Working,40,,,,2024-06-16T00:00:00
5371,Elizabeth,Smith,elizabeth.smith5371@cloudscalesystems.com,CloudScale Systems,Social Media,Disqualified,0,,,,2024-08-27T00:00:00
5372,Robert,Williams,,TechFlow Inc,Partner Referral,Disqualified,0,,,,2021-05-30T00:00:00
5373,Christopher,Garcia,christopher.garcia5373@streamlineanalytics.com,StreamLine Analytics,Inbound - Web,Working,32,,,,2024-06-12T00:00:00
5374,Barbara,Martinez,barbara.martinez5374@brightwavetech.com,BrightWave Tech,Outbound - SDR,Nurture,64,,,,2024-08-17T00:00:00
5375,Christopher,Wilson,christopher.wilson5375@futureforge.com,FutureForge,Inbound - Content,SQL,67,,,,2022-06-25T00:00:00
5376,Jessica,Lopez,jessica.lopez5376@corestack.com,CoreStack,Social Media,Working,55,,,,2024-10-25T00:00:00
5377,Michael,Thompson,michael.thompson5377@cloudscalesystems.com,CloudScale Systems,Inbound - Content,Converted,58,58,216,2023-05-04,2023-02-15T00:00:00
5378,Mary,Jones,mary.jones5378@techflowinc.com,TechFlow Inc,Social Media,SQL,66,,,,2021-04-23T00:00:00
5379,Mary,Rodriguez,mary.rodriguez5379@agiledynamics.com,Agile Dynamics,Partner Referral,Working,38,,,,2022-05-03T00:00:00
5380,Jennifer,Wilson,jennifer.wilson5380@truenorthdata.com,TrueNorth Data,Paid Search,Converted,87,1780,526,2022-11-07,2022-09-25T00:00:00
5381,James,Williams,james.williams5381@futureforge.com,FutureForge,Paid Search,Converted,94,251,485,2024-01-01,2023-12-25T00:00:00
5382,Christopher,Garcia,christopher.garcia5382@scaleupsystems.com,ScaleUp Systems,Product-Led,MQL,68,,,,2024-06-17T00:00:00
5383,Sarah,Miller,sarah.miller5383@agiledynamics.com,Agile Dynamics,Outbound - Cold,New,54,,,,2022-04-28T00:00:00
5384,James,Gonzalez,james.gonzalez5384@pulsepointdigital.com,PulsePoint Digital,Outbound - SDR,New,47,,,,2020-12-06T00:00:00
5385,Robert,Jones,robert.jones5385@cloudscalesystems.com,CloudScale Systems,Inbound - Content,New,41,,,,2024-03-19T00:00:00
5386,Sarah,Brown,sarah.brown5386@streamlineanalytics.com,StreamLine Analytics,Inbound - Web,Nurture,58,,,,2021-07-20T00:00:00
5387,Sarah,Jones,sarah.jones5387@truenorthdata.com,TrueNorth Data,Paid Search,Converted,97,1803,192,2024-05-28,2024-03-09T00:00:00
5388,Elizabeth,Thomas,elizabeth.thomas5388@databridgecorp.com,DataBridge Corp,Paid Search,Converted,75,1416,604,2024-12-13,2024-11-20T00:00:00
5389,Charles,Rodriguez,charles.rodriguez5389@nexgensolutions.com,NexGen Solutions,Product-Led,Working,50,,,,2021-02-28T00:00:00
5390,Richard,Moore,richard.moore5390@vertexai.com,VertexAI,Product-Led,Nurture,21,,,,2024-03-30T00:00:00
5391,William,Miller,william.miller5391@databridgecorp.com,DataBridge Corp,Inbound - Web,Working,34,,,,2023-01-01T00:00:00
5392,James,Wilson,james.wilson,Agile Dynamics,Paid Search,Disqualified,7,,,,2020-12-30T00:00:00
5393,Susan,Lee,susan.lee5393@cybervault.com,CyberVault,,MQL,85,,,,2022-08-23T00:00:00
5394,John,Jones,john.jones5394@agiledynamics.com,Agile Dynamics,,Converted,82,3638,690,2024-02-28,2024-02-29T00:00:00
5395,Karen,Davis,karen.davis5395@nexgensolutions.com,NexGen Solutions,Partner Referral,MQL,58,,,,2024-02-27T00:00:00
5396,Elizabeth,Gonzalez,elizabeth.gonzalez5396@corestack.com,CoreStack,Paid Search,MQL,93,,,,2021-07-06T00:00:00
5397,James,Martin,james.martin5397@rapidcloud.com,RapidCloud,Inbound - Web,Nurture,23,,,,2020-06-13T00:00:00
5398,Thomas,Lopez,thomas.lopez5398@pulsepointdigital.com,PulsePoint Digital,Partner Referral,Nurture,64,,,,2021-02-24T00:00:00
5399,Linda,Williams,linda.williams5399@agiledynamics.com,Agile Dynamics,Outbound - Cold,New,10,,,,2021-05-15T00:00:00
5400,Nancy,Johnson,nancy.johnson5400@pulsepointdigital.com,PulsePoint Digital,Product-Led,MQL,65,,,,2024-12-20T00:00:00
5401,Barbara,Lee,barbara.lee5401@innovateco.com,InnovateCo,Social Media,New,32,,,,2021-04-05T00:00:00
5402,Michael,Moore,michael.moore5402@metasync.com,MetaSync,Product-Led,Converted,98,82,761,2024-12-14,2024-11-11T00:00:00
5403,Mary,Moore,mary.moore5403@scaleupsystems.com,ScaleUp Systems,Inbound - Web,MQL,91,,,,2020-11-16T00:00:00
5404,Richard,Jones,richard.jones5404@databridgecorp.com,DataBridge Corp,,SQL,87,,,,2021-01-07T00:00:00
5405,Richard,Hernandez,richard.hernandez5405@nexgensolutions.com,NexGen Solutions,Event,MQL,99,,,,2024-12-11T00:00:00
5406,William,Rodriguez,william.rodriguez5406@cybervault.com,CyberVault,Outbound - Cold,SQL,93,,,,2022-02-17T00:00:00
5407,Jessica,Davis,jessica.davis5407@insightplatforms.com,Insight Platforms,Inbound - Content,SQL,80,,,,2020-07-27T00:00:00
5408,Charles,Davis,charles.davis5408@primepathdigital.com,PrimePath Digital,Paid Search,Disqualified,27,,,,2022-03-05T00:00:00
5409,Joseph,Rodriguez,,NexGen Solutions,Social Media,Disqualified,10,,,,2024-10-06T00:00:00
5410,Jennifer,Garcia,jennifer.garcia5410@corestack.com,CoreStack,Product-Led,Nurture,37,,,,2020-12-12T00:00:00
5411,Thomas,Taylor,thomas.taylor5411@truenorthdata.com,TrueNorth Data,Social Media,MQL,88,,,,2020-06-12T00:00:00
5412,Daniel,Thomas,daniel.thomas5412@innovateco.com,InnovateCo,Outbound - Cold,Disqualified,19,,,,2021-10-26T00:00:00
5413,Robert,Williams,robert.williams5413@metasync.com,MetaSync,Outbound - Cold,Working,11,,,,2020-08-12T00:00:00
5414,Nancy,Garcia,nancy.garcia5414@insightplatforms.com,Insight Platforms,Event,Converted,61,1224,765,2024-10-31,2024-09-28T00:00:00
5415,Nancy,Taylor,nancy.taylor5415@cybervault.com,CyberVault,Product-Led,New,26,,,,2024-01-08T00:00:00
5416,Christopher,Anderson,christopher.anderson5416@scaleupsystems.com,ScaleUp Systems,Inbound - Content,Working,38,,,,2022-04-04T00:00:00
5417,Michael,Johnson,michael.johnson5417@corestack.com,CoreStack,Outbound - SDR,Disqualified,10,,,,2023-11-24T00:00:00
5418,James,Thompson,james.thompson5418@futureforge.com,FutureForge,,Converted,75,3966,658,2023-01-29,2022-12-21T00:00:00
5419,Thomas,Lee,thomas.lee5419@primepathdigital.com,PrimePath Digital,Inbound - Content,Nurture,15,,,,2020-11-28T00:00:00
5420,Charles,Jones,charles.jones5420@truenorthdata.com,TrueNorth Data,Event,Converted,84,2339,213,2023-04-03,2023-03-06T00:00:00
5421,Lisa,Brown,lisa.brown5421@scaleupsystems.com,ScaleUp Systems,Outbound - SDR,MQL,63,,,,2020-08-10T00:00:00
5422,Joseph,Lopez,,ScaleUp Systems,Inbound - Content,Converted,52,960,482,2024-08-06,2024-07-19T00:00:00
5423,Karen,Jackson,karen.jackson5423@primepathdigital.com,PrimePath Digital,Event,Converted,64,4515,888,2024-11-18,2024-10-04T00:00:00
5424,Barbara,Taylor,barbara.taylor5424@techflowinc.com,TechFlow Inc,Outbound - Cold,SQL,83,,,,2023-07-21T00:00:00
5425,Susan,Martinez,susan.martinez,RapidCloud,Outbound - Cold,MQL,63,,,,2020-11-29T00:00:00
5426,Sarah,Davis,sarah.davis5426@truenorthdata.com,TrueNorth Data,Social Media,Working,29,,,,2020-04-22T00:00:00
5427,Elizabeth,Lee,elizabeth.lee5427@quantumlogiclabs.com,QuantumLogic Labs,Inbound - Content,Disqualified,3,,,,2020-10-07T00:00:00
5428,Richard,Miller,richard.miller5428@pulsepointdigital.com,PulsePoint Digital,Inbound - Content,MQL,80,,,,2022-01-16T00:00:00
5429,Michael,Jones,michael.jones5429@brightwavetech.com,BrightWave Tech,Outbound - Cold,Nurture,-51,,,,2024-12-23T00:00:00
5430,Robert,Thompson,,DataBridge Corp,Inbound - Web,Disqualified,2,,,,2023-07-23T00:00:00
5431,Jennifer,Wilson,jennifer.wilson5431@insightplatforms.com,Insight Platforms,Event,SQL,77,,,,2024-01-29T00:00:00
5432,Jessica,Thomas,jessica.thomas5432@insightplatforms.com,Insight Platforms,Paid Search,Working,49,,,,2021-11-29T00:00:00
5433,Jessica,Brown,jessica.brown5433@primepathdigital.com,PrimePath Digital,Product-Led,New,52,,,,2021-06-03T00:00:00
5434,Sarah,Johnson,sarah.johnson5434@insightplatforms.com,Insight Platforms,Inbound - Web,Working,11,,,,2024-07-18T00:00:00
5435,John,Jackson,john.jackson5435@cloudscalesystems.com,CloudScale Systems,Event,Working,49,,,,2024-06-18T00:00:00
5436,Lisa,Jackson,lisa.jackson5436@primepathdigital.com,PrimePath Digital,Inbound - Content,Nurture,35,,,,2022-08-21T00:00:00
5437,Thomas,Gonzalez,thomas.gonzalez,MetaSync,Inbound - Web,New,26,,,,2023-03-18T00:00:00
5438,Daniel,Gonzalez,daniel.gonzalez5438@brightwavetech.com,BrightWave Tech,Outbound - Cold,Nurture,36,,,,2023-09-08T00:00:00
5439,Joseph,Lopez,joseph.lopez5439@futureforge.com,FutureForge,Paid Search,Working,24,,,,2020-04-29T00:00:00
5440,Nancy,Brown,nancy.brown5440@metasync.com,MetaSync,Paid Search,New,28,,,,2024-02-13T00:00:00
5441,John,Jones,john.jones5441@vertexai.com,VertexAI,Event,Converted,96,895,956,2023-10-13,2023-08-17T00:00:00
5442,Lisa,Wilson,lisa.wilson,RapidCloud,Inbound - Content,Working,32,,,,2022-05-17T00:00:00
5443,Elizabeth,Lopez,,StreamLine Analytics,Inbound - Content,MQL,86,,,,2020-05-19T00:00:00
5444,Thomas,Garcia,thomas.garcia5444@truenorthdata.com,TrueNorth Data,Event,Disqualified,24,,,,2021-06-16T00:00:00
5445,Lisa,Johnson,lisa.johnson5445@primepathdigital.com,PrimePath Digital,Paid Search,Converted,98,2666,338,2024-01-05,2023-11-19T00:00:00
5446,Lisa,Taylor,lisa.taylor5446@scaleupsystems.com,ScaleUp Systems,Outbound - SDR,New,62,,,,2023-01-21T00:00:00
5447,Lisa,Anderson,lisa.anderson5447@truenorthdata.com,TrueNorth Data,Outbound - SDR,Working,70,,,,2023-11-28T00:00:00
5448,David,Johnson,david.johnson5448@rapidcloud.com,RapidCloud,Social Media,Nurture,43,,,,2021-07-10T00:00:00
5449,Patricia,Wilson,patricia.wilson5449@primepathdigital.com,PrimePath Digital,Outbound - SDR,Working,67,,,,2021-06-25T00:00:00
5450,William,Wilson,william.wilson5450@pulsepointdigital.com,PulsePoint Digital,Outbound - Cold,New,23,,,,2020-10-30T00:00:00
5451,Patricia,Anderson,patricia.anderson5451@rapidcloud.com,RapidCloud,Outbound - SDR,New,16,,,,2022-07-20T00:00:00
5452,James,Thompson,james.thompson5452@cloudscalesystems.com,CloudScale Systems,Product-Led,Converted,87,2391,940,2023-10-29,2023-09-14T00:00:00
5453,Joseph,Johnson,,PulsePoint Digital,Inbound - Webinar,MQL,83,,,,2023-03-23T00:00:00
5454,Jessica,Rodriguez,jessica.rodriguez5454@metasync.com,MetaSync,Inbound - Web,Disqualified,15,,,,2020-12-06T00:00:00
5455,James,Lopez,james.lopez5455@futureforge.com,FutureForge,Product-Led,Converted,72,4478,977,2024-07-13,2024-07-14T00:00:00
5456,Michael,Thomas,michael.thomas5456@futureforge.com,FutureForge,,Working,65,,,,2020-04-13T00:00:00
5457,Nancy,Gonzalez,nancy.gonzalez5457@techflowinc.com,TechFlow Inc,Inbound - Webinar,Working,31,,,,2023-11-07T00:00:00
5458,Patricia,Anderson,patricia.anderson5458@brightwavetech.com,BrightWave Tech,Inbound - Webinar,New,62,,,,2023-08-09T00:00:00
5459,William,Martin,william.martin5459@streamlineanalytics.com,StreamLine Analytics,Inbound - Webinar,Working,33,,,,2021-05-25T00:00:00
5460,Karen,Lee,karen.lee5460@innovateco.com,InnovateCo,Outbound - Cold,MQL,52,,,,2022-08-02T00:00:00
5461,Daniel,Brown,,CyberVault,Paid Search,New,54,,,,2021-12-17T00:00:00
5462,Nancy,Brown,nancy.brown5462@quantumlogiclabs.com,QuantumLogic Labs,Social Media,New,45,,,,2020-11-08T00:00:00
5463,Jessica,Smith,jessica.smith5463@cybervault.com,CyberVault,Outbound - SDR,Working,16,,,,2024-06-03T00:00:00
5464,William,Garcia,william.garcia5464@futureforge.com,FutureForge,Partner Referral,Working,10,,,,2023-10-04T00:00:00
5465,Jessica,Moore,jessica.moore5465@primepathdigital.com,PrimePath Digital,Inbound - Content,SQL,98,,,,2024-04-21T00:00:00
5466,Karen,Moore,karen.moore5466@pulsepointdigital.com,PulsePoint Digital,Outbound - SDR,SQL,-77,,,,2022-01-01T00:00:00
5467,Lisa,Lopez,lisa.lopez5467@nexgensolutions.com,NexGen Solutions,Event,Converted,70,2787,261,2024-07-22,2024-06-24T00:00:00
5468,Susan,Davis,susan.davis5468@corestack.com,CoreStack,Partner Referral,Disqualified,5,,,,2020-02-27T00:00:00
5469,Jennifer,Miller,jennifer.miller5469@quantumlogiclabs.com,QuantumLogic Labs,Outbound - Cold,Converted,76,992,668,2023-12-04,2023-09-30T00:00:00
5470,Linda,Martin,linda.martin5470@metasync.com,MetaSync,Social Media,Working,62,,,,2023-09-25T00:00:00
5471,Nancy,Jackson,nancy.jackson5471@truenorthdata.com,TrueNorth Data,Outbound - Cold,Nurture,39,,,,2024-11-12T00:00:00
5472,Linda,Taylor,linda.taylor5472@scaleupsystems.com,ScaleUp Systems,Inbound - Content,Converted,96,159,701,2023-11-05,2023-09-06T00:00:00
5473,Sarah,Garcia,sarah.garcia5473@techflowinc.com,TechFlow Inc,Inbound - Web,SQL,58,,,,2023-02-11T00:00:00
5474,Michael,Garcia,michael.garcia5474@innovateco.com,InnovateCo,Event,Working,69,,,,2024-09-10T00:00:00
5475,John,Brown,john.brown5475@quantumlogiclabs.com,QuantumLogic Labs,Outbound - Cold,Working,21,,,,2023-03-28T00:00:00
5476,Joseph,Lee,joseph.lee5476@quantumlogiclabs.com,QuantumLogic Labs,Social Media,MQL,81,,,,2023-11-30T00:00:00
5477,Karen,Thomas,karen.thomas5477@innovateco.com,InnovateCo,Paid Search,MQL,63,,,,2020-06-13T00:00:00
5478,Christopher,Davis,christopher.davis5478@primepathdigital.com,PrimePath Digital,Event,Disqualified,26,,,,2021-08-20T00:00:00
5479,Susan,Martin,susan.martin5479@scaleupsystems.com,ScaleUp Systems,Partner Referral,Converted,94,1858,841,2022-01-10,2021-11-16T00:00:00
5480,Nancy,Davis,nancy.davis5480@futureforge.com,FutureForge,Event,Nurture,26,,,,2022-04-05T00:00:00
5481,John,Taylor,john.taylor5481@primepathdigital.com,PrimePath Digital,Partner Referral,New,60,,,,2022-09-04T00:00:00
5482,Jessica,Jones,jessica.jones5482@pulsepointdigital.com,PulsePoint Digital,Social Media,Converted,76,148,355,2024-12-29,2024-11-17T00:00:00
5483,Barbara,Thompson,barbara.thompson5483@nexgensolutions.com,NexGen Solutions,,Converted,97,3270,225,2022-07-19,2022-05-05T00:00:00
5484,Karen,Garcia,karen.garcia5484@brightwavetech.com,BrightWave Tech,Outbound - Cold,Converted,55,1973,595,2023-09-23,2023-08-09T00:00:00
5485,Robert,Lopez,robert.lopez5485@futureforge.com,FutureForge,Outbound - Cold,SQL,81,,,,2020-10-06T00:00:00
5486,Sarah,Jackson,sarah.jackson5486@corestack.com,CoreStack,Event,Disqualified,-16,,,,2020-04-28T00:00:00
5487,Sarah,Thompson,sarah.thompson5487@insightplatforms.com,Insight Platforms,Product-Led,Converted,94,133,340,2024-04-22,2024-02-15T00:00:00
5488,Jennifer,Garcia,jennifer.garcia5488@cloudscalesystems.com,CloudScale Systems,Outbound - Cold,New,30,,,,2024-07-06T00:00:00
5489,Susan,Lee,susan.lee5489@quantumlogiclabs.com,QuantumLogic Labs,Partner Referral,Converted,100,2537,306,2024-08-12,2024-05-26T00:00:00
5490,Lisa,Smith,lisa.smith5490@rapidcloud.com,RapidCloud,Partner Referral,Converted,64,3403,724,2023-05-13,2023-04-06T00:00:00
5491,James,Williams,james.williams5491@techflowinc.com,TechFlow Inc,Partner Referral,Working,20,,,,2022-12-30T00:00:00
5492,Joseph,Gonzalez,joseph.gonzalez5492@rapidcloud.com,RapidCloud,Paid Search,New,55,,,,2023-01-02T00:00:00
5493,James,Anderson,james.anderson5493@databridgecorp.com,DataBridge Corp,Social Media,New,41,,,,2022-06-03T00:00:00
5494,David,Wilson,david.wilson5494@brightwavetech.com,BrightWave Tech,Product-Led,MQL,59,,,,2021-07-31T00:00:00
5495,David,Jackson,david.jackson5495@vertexai.com,VertexAI,Paid Search,Disqualified,13,,,,2020-07-05T00:00:00
5496,Daniel,Miller,daniel.miller5496@vertexai.com,VertexAI,Paid Search,New,58,,,,2023-02-27T00:00:00
5497,Mary,Thompson,mary.thompson5497@cloudscalesystems.com,CloudScale Systems,Social Media,New,14,,,,2022-10-18T00:00:00
5498,Richard,Hernandez,richard.hernandez5498@brightwavetech.com,BrightWave Tech,Outbound - Cold,Converted,96,3312,675,2022-08-28,2022-06-06T00:00:00
5499,Michael,Lopez,michael.lopez5499@nexgensolutions.com,NexGen Solutions,Partner Referral,Converted,72,3094,412,2022-01-30,2022-01-07T00:00:00
5500,David,Thomas,david.thomas5500@cybervault.com,CyberVault,Inbound - Content,MQL,100,,,,2020-08-02T00:00:00
5501,Karen,Moore,karen.moore5501@metasync.com,MetaSync,Partner Referral,Working,20,,,,2023-04-18T00:00:00
5502,Michael,Lopez,michael.lopez5502@pulsepointdigital.com,PulsePoint Digital,Social Media,SQL,96,,,,2021-05-25T00:00:00
5503,Sarah,Smith,sarah.smith5503@databridgecorp.com,DataBridge Corp,Inbound - Web,Converted,51,4393,179,2022-07-20,2022-05-14T00:00:00
5504,John,Anderson,john.anderson5504@vertexai.com,VertexAI,Social Media,Nurture,12,,,,2022-12-22T00:00:00
5505,Nancy,Davis,nancy.davis5505@truenorthdata.com,TrueNorth Data,Social Media,SQL,75,,,,2023-07-09T00:00:00
5506,Charles,Thomas,charles.thomas5506@cybervault.com,CyberVault,Social Media,New,37,,,,2020-04-30T00:00:00
5507,William,Rodriguez,william.rodriguez5507@innovateco.com,InnovateCo,Outbound - SDR,Nurture,36,,,,2024-08-21T00:00:00
5508,Charles,Jackson,charles.jackson5508@streamlineanalytics.com,StreamLine Analytics,Inbound - Webinar,Working,61,,,,2023-09-15T00:00:00
5509,Linda,Martinez,linda.martinez5509@pulsepointdigital.com,PulsePoint Digital,Paid Search,New,22,,,,2023-10-19T00:00:00
5510,Richard,Miller,richard.miller5510@cybervault.com,CyberVault,Paid Search,Nurture,23,,,,2022-10-13T00:00:00
5511,Richard,Thomas,richard.thomas5511@nexgensolutions.com,NexGen Solutions,Event,MQL,72,,,,2022-01-27T00:00:00
5512,Elizabeth,Gonzalez,elizabeth.gonzalez5512@cybervault.com,CyberVault,Partner Referral,Disqualified,20,,,,2022-02-21T00:00:00
5513,James,Rodriguez,james.rodriguez5513@scaleupsystems.com,ScaleUp Systems,Inbound - Web,MQL,68,,,,2021-02-21T00:00:00
5514,David,Taylor,david.taylor5514@primepathdigital.com,PrimePath Digital,Partner Referral,New,68,,,,2022-04-23T00:00:00
5515,Barbara,Garcia,barbara.garcia5515@streamlineanalytics.com,StreamLine Analytics,Inbound - Content,MQL,51,,,,2023-01-07T00:00:00
5516,Christopher,Lopez,christopher.lopez5516@corestack.com,CoreStack,Paid Search,MQL,70,,,,2023-07-19T00:00:00
5517,Elizabeth,Thomas,elizabeth.thomas5517@corestack.com,CoreStack,Inbound - Web,Converted,99,4489,769,2024-11-19,2024-10-15T00:00:00
5518,Linda,Thomas,linda.thomas5518@corestack.com,CoreStack,Inbound - Content,Working,19,,,,2023-08-29T00:00:00
5519,Mary,Smith,mary.smith5519@insightplatforms.com,Insight Platforms,Inbound - Web,Working,65,,,,2024-11-07T00:00:00
5520,Robert,Martin,robert.martin5520@databridgecorp.com,DataBridge Corp,Outbound - SDR,Nurture,21,,,,2023-07-02T00:00:00
5521,Susan,Smith,,QuantumLogic Labs,Product-Led,MQL,85,,,,2020-04-25T00:00:00
5522,Elizabeth,Lopez,elizabeth.lopez5522@vertexai.com,VertexAI,Inbound - Content,New,54,,,,2021-03-13T00:00:00
5523,Joseph,Rodriguez,joseph.rodriguez5523@agiledynamics.com,Agile Dynamics,Inbound - Web,New,51,,,,2022-01-14T00:00:00
5524,Nancy,Thomas,nancy.thomas5524@quantumlogiclabs.com,QuantumLogic Labs,Partner Referral,Converted,96,226,438,2024-03-01,2024-01-16T00:00:00
5525,Lisa,Martin,lisa.martin5525@futureforge.com,FutureForge,Outbound - Cold,SQL,92,,,,2022-04-10T00:00:00
5526,Patricia,Wilson,patricia.wilson5526@corestack.com,CoreStack,Partner Referral,Converted,63,1821,602,2024-07-02,2024-06-02T00:00:00
5527,John,Smith,john.smith5527@brightwavetech.com,BrightWave Tech,Event,New,63,,,,2024-08-16T00:00:00
5528,Nancy,Williams,nancy.williams5528@rapidcloud.com,RapidCloud,Inbound - Webinar,New,42,,,,2023-09-09T00:00:00
5529,Robert,Wilson,robert.wilson5529@rapidcloud.com,RapidCloud,Social Media,Nurture,33,,,,2024-10-24T00:00:00
5530,Christopher,Wilson,,QuantumLogic Labs,Partner Referral,Converted,56,729,314,2024-05-05,2024-03-09T00:00:00
5531,Nancy,Jones,nancy.jones5531@techflowinc.com,TechFlow Inc,Inbound - Content,Nurture,35,,,,2021-08-09T00:00:00
5532,Karen,Lee,karen.lee5532@cloudscalesystems.com,CloudScale Systems,Paid Search,New,44,,,,2020-01-09T00:00:00
5533,Lisa,Rodriguez,lisa.rodriguez,RapidCloud,Inbound - Content,New,42,,,,2022-05-07T00:00:00
5534,Michael,Brown,michael.brown5534@cybervault.com,CyberVault,Social Media,SQL,78,,,,2024-10-09T00:00:00
5535,Karen,Johnson,karen.johnson5535@pulsepointdigital.com,PulsePoint Digital,Paid Search,Converted,81,4682,469,2024-04-30,2024-03-04T00:00:00
5536,Lisa,Miller,lisa.miller5536@databridgecorp.com,DataBridge Corp,Product-Led,Disqualified,16,,,,2021-03-05T00:00:00
5537,William,Thomas,,DataBridge Corp,Paid Search,Converted,71,1917,41,2021-12-07,2021-11-29T00:00:00
5538,Joseph,Taylor,joseph.taylor5538@cloudscalesystems.com,CloudScale Systems,Partner Referral,Working,18,,,,2022-08-19T00:00:00
5539,Jennifer,Martin,jennifer.martin5539@brightwavetech.com,BrightWave Tech,Social Media,Working,36,,,,2023-04-27T00:00:00
5540,Susan,Wilson,susan.wilson5540@corestack.com,CoreStack,Paid Search,Converted,65,570,344,2024-10-13,2024-09-26T00:00:00
5541,John,Wilson,john.wilson5541@vertexai.com,VertexAI,Inbound - Webinar,Converted,58,3454,432,2024-11-06,2024-08-25T00:00:00
5542,Charles,Wilson,charles.wilson5542@truenorthdata.com,TrueNorth Data,Outbound - SDR,New,49,,,,2024-10-15T00:00:00
5543,David,Thompson,david.thompson5543@agiledynamics.com,Agile Dynamics,Partner Referral,SQL,55,,,,2024-02-22T00:00:00
5544,Michael,Johnson,michael.johnson5544@truenorthdata.com,TrueNorth Data,Inbound - Web,MQL,74,,,,2021-01-12T00:00:00
5545,John,Smith,,MetaSync,Social Media,Converted,54,3514,792,2020-12-14,2020-10-23T00:00:00
5546,Lisa,Rodriguez,lisa.rodriguez5546@scaleupsystems.com,ScaleUp Systems,Outbound - SDR,Converted,76,1297,842,2024-04-12,2024-01-24T00:00:00
5547,Daniel,Thomas,daniel.thomas5547@vertexai.com,VertexAI,Outbound - Cold,Disqualified,16,,,,2024-09-24T00:00:00
5548,Thomas,Jones,thomas.jones5548@corestack.com,CoreStack,Partner Referral,SQL,-97,,,,2022-08-23T00:00:00
5549,Karen,Johnson,karen.johnson5549@futureforge.com,FutureForge,Social Media,Disqualified,9,,,,2020-03-01T00:00:00
5550,Michael,Rodriguez,,MetaSync,Inbound - Content,Converted,-96,1991,528,2024-02-27,2024-01-09T00:00:00
5551,David,Martinez,david.martinez5551@futureforge.com,FutureForge,Partner Referral,Working,27,,,,2021-04-13T00:00:00
5552,Joseph,Rodriguez,joseph.rodriguez5552@cybervault.com,CyberVault,Inbound - Web,Working,56,,,,2020-11-02T00:00:00
5553,Daniel,Taylor,daniel.taylor5553@pulsepointdigital.com,PulsePoint Digital,Inbound - Webinar,SQL,71,,,,2021-02-19T00:00:00
5554,Lisa,Thompson,lisa.thompson5554@streamlineanalytics.com,StreamLine Analytics,Inbound - Content,MQL,86,,,,2020-01-25T00:00:00
5555,William,Brown,william.brown5555@techflowinc.com,TechFlow Inc,Product-Led,Working,14,,,,2021-04-28T00:00:00
5556,Christopher,Jackson,christopher.jackson5556@truenorthdata.com,TrueNorth Data,Inbound - Content,SQL,63,,,,2020-10-07T00:00:00
5557,Barbara,Johnson,barbara.johnson5557@primepathdigital.com,PrimePath Digital,Paid Search,SQL,86,,,,2021-08-18T00:00:00
5558,Charles,Martin,charles.martin5558@truenorthdata.com,TrueNorth Data,Outbound - Cold,Working,45,,,,2022-10-19T00:00:00
5559,David,Gonzalez,david.gonzalez5559@brightwavetech.com,BrightWave Tech,Inbound - Content,Working,13,,,,2020-08-05T00:00:00
5560,Jennifer,Moore,jennifer.moore5560@techflowinc.com,TechFlow Inc,,Converted,78,9,636,2024-05-06,2024-03-16T00:00:00
5561,Joseph,Wilson,joseph.wilson5561@innovateco.com,InnovateCo,Social Media,Disqualified,26,,,,2023-12-07T00:00:00
5562,Karen,Wilson,karen.wilson5562@agiledynamics.com,Agile Dynamics,Product-Led,New,56,,,,2024-02-22T00:00:00
5563,Karen,Davis,karen.davis5563@rapidcloud.com,RapidCloud,Inbound - Webinar,Disqualified,3,,,,2024-12-08T00:00:00
5564,Barbara,Thompson,barbara.thompson5564@truenorthdata.com,TrueNorth Data,Event,Converted,88,3721,141,2023-08-06,2023-05-26T00:00:00
5565,Patricia,Martinez,patricia.martinez5565@quantumlogiclabs.com,QuantumLogic Labs,Product-Led,Working,11,,,,2024-08-03T00:00:00
5566,Elizabeth,Rodriguez,elizabeth.rodriguez5566@truenorthdata.com,TrueNorth Data,Product-Led,Converted,75,381,126,2024-01-05,2023-10-31T00:00:00
5567,Jennifer,Moore,jennifer.moore5567@cloudscalesystems.com,CloudScale Systems,Social Media,SQL,71,,,,2023-12-12T00:00:00
5568,David,Jackson,david.jackson5568@scaleupsystems.com,ScaleUp Systems,Outbound - SDR,New,36,,,,2023-02-01T00:00:00
5569,Nancy,Hernandez,nancy.hernandez5569@rapidcloud.com,RapidCloud,Social Media,Nurture,53,,,,2024-03-22T00:00:00
5570,Susan,Martin,susan.martin5570@innovateco.com,InnovateCo,Product-Led,SQL,94,,,,2022-06-25T00:00:00
5571,Charles,Taylor,charles.taylor5571@rapidcloud.com,RapidCloud,Event,MQL,82,,,,2021-07-03T00:00:00
5572,Charles,Brown,charles.brown5572@techflowinc.com,TechFlow Inc,Inbound - Content,SQL,55,,,,2024-07-28T00:00:00
5573,Joseph,Hernandez,joseph.hernandez5573@techflowinc.com,TechFlow Inc,Outbound - Cold,Working,26,,,,2023-04-20T00:00:00
5574,Nancy,Jackson,nancy.jackson,MetaSync,,SQL,77,,,,2022-03-01T00:00:00
5575,Lisa,Moore,lisa.moore5575@nexgensolutions.com,NexGen Solutions,Outbound - Cold,SQL,81,,,,2023-03-25T00:00:00
5576,Christopher,Williams,christopher.williams5576@databridgecorp.com,DataBridge Corp,Paid Search,SQL,59,,,,2023-11-27T00:00:00
5577,Richard,Brown,richard.brown5577@innovateco.com,InnovateCo,Social Media,MQL,52,,,,2024-09-24T00:00:00
5578,Robert,Gonzalez,robert.gonzalez5578@quantumlogiclabs.com,QuantumLogic Labs,Inbound - Webinar,Disqualified,22,,,,2022-09-30T00:00:00
5579,Elizabeth,Wilson,elizabeth.wilson5579@insightplatforms.com,Insight Platforms,Product-Led,Converted,69,1409,58,2023-07-31,2023-07-03T00:00:00
5580,Joseph,Martinez,joseph.martinez,CloudScale Systems,Inbound - Webinar,MQL,54,,,,2021-12-05T00:00:00
5581,Mary,Brown,mary.brown5581@cybervault.com,CyberVault,Social Media,Working,30,,,,2022-01-11T00:00:00
5582,David,Jackson,david.jackson5582@metasync.com,MetaSync,Inbound - Webinar,New,-18,,,,2024-12-30T00:00:00
5583,Jennifer,Smith,jennifer.smith5583@metasync.com,MetaSync,Social Media,Working,62,,,,2020-01-05T00:00:00
5584,Karen,Martin,karen.martin5584@pulsepointdigital.com,PulsePoint Digital,Event,Converted,-80,3551,985,2024-11-01,2024-10-14T00:00:00
5585,Daniel,Moore,daniel.moore5585@insightplatforms.com,Insight Platforms,Inbound - Web,Converted,96,4163,906,2021-07-08,2021-05-09T00:00:00
5586,David,Martin,david.martin5586@streamlineanalytics.com,StreamLine Analytics,Partner Referral,Working,65,,,,2023-09-06T00:00:00
5587,Nancy,Jackson,nancy.jackson5587@innovateco.com,InnovateCo,Inbound - Content,New,17,,,,2021-11-15T00:00:00
5588,Elizabeth,Garcia,elizabeth.garcia5588@streamlineanalytics.com,StreamLine Analytics,Paid Search,Working,43,,,,2024-06-24T00:00:00
5589,Lisa,Gonzalez,lisa.gonzalez5589@cloudscalesystems.com,CloudScale Systems,Inbound - Webinar,New,24,,,,2022-07-17T00:00:00
5590,Joseph,Lee,joseph.lee,StreamLine Analytics,Paid Search,Nurture,20,,,,2022-03-14T00:00:00
5591,Barbara,Gonzalez,barbara.gonzalez5591@primepathdigital.com,PrimePath Digital,Social Media,MQL,87,,,,2024-08-10T00:00:00
5592,Nancy,Johnson,nancy.johnson5592@scaleupsystems.com,ScaleUp Systems,Social Media,MQL,79,,,,2020-11-25T00:00:00
5593,Richard,Thomas,richard.thomas5593@futureforge.com,FutureForge,Product-Led,Disqualified,29,,,,2021-09-07T00:00:00
5594,David,Anderson,david.anderson5594@scaleupsystems.com,ScaleUp Systems,Inbound - Content,SQL,80,,,,2020-02-25T00:00:00
5595,Lisa,Garcia,lisa.garcia5595@corestack.com,CoreStack,Social Media,Disqualified,7,,,,2021-02-06T00:00:00
5596,Elizabeth,Martin,elizabeth.martin5596@quantumlogiclabs.com,QuantumLogic Labs,Outbound - Cold,MQL,57,,,,2023-06-28T00:00:00
5597,James,Hernandez,james.hernandez5597@quantumlogiclabs.com,QuantumLogic Labs,Event,SQL,87,,,,2024-09-17T00:00:00
5598,Charles,Davis,charles.davis5598@nexgensolutions.com,NexGen Solutions,Inbound - Webinar,Disqualified,15,,,,2024-06-13T00:00:00
5599,Sarah,Martin,sarah.martin5599@nexgensolutions.com,NexGen Solutions,Inbound - Web,Converted,51,1350,696,2022-08-19,2022-07-08T00:00:00
5600,Patricia,Rodriguez,patricia.rodriguez5600@corestack.com,CoreStack,Inbound - Web,MQL,83,,,,2024-06-18T00:00:00
5601,William,Thompson,william.thompson5601@innovateco.com,InnovateCo,Inbound - Web,Converted,51,457,826,2023-05-25,2023-03-26T00:00:00
5602,Karen,Gonzalez,karen.gonzalez,NexGen Solutions,Outbound - SDR,New,31,,,,2021-12-19T00:00:00
5603,Barbara,Garcia,barbara.garcia5603@futureforge.com,FutureForge,Inbound - Webinar,Working,17,,,,2020-04-16T00:00:00
5604,Thomas,Taylor,thomas.taylor5604@corestack.com,CoreStack,Social Media,Converted,85,1293,504,2023-08-01,2023-06-27T00:00:00
5605,Nancy,Williams,nancy.williams5605@vertexai.com,VertexAI,Inbound - Webinar,Converted,98,1254,49,2023-10-15,2023-08-12T00:00:00
5606,Daniel,Lopez,daniel.lopez5606@cloudscalesystems.com,CloudScale Systems,Product-Led,Converted,61,4292,695,2024-05-01,2024-04-17T00:00:00
5607,Daniel,Lopez,daniel.lopez5607@techflowinc.com,TechFlow Inc,Outbound - SDR,Working,19,,,,2020-12-28T00:00:00
5608,Elizabeth,Gonzalez,elizabeth.gonzalez5608@innovateco.com,InnovateCo,Outbound - SDR,MQL,73,,,,2020-02-28T00:00:00
5609,Michael,Lopez,michael.lopez5609@streamlineanalytics.com,StreamLine Analytics,Social Media,MQL,97,,,,2024-05-05T00:00:00
5610,Lisa,Martinez,lisa.martinez5610@innovateco.com,InnovateCo,Product-Led,Converted,64,2338,267,2023-01-15,2022-12-02T00:00:00
5611,Robert,Taylor,robert.taylor5611@agiledynamics.com,Agile Dynamics,Partner Referral,New,47,,,,2021-11-16T00:00:00
5612,Linda,Hernandez,linda.hernandez,TechFlow Inc,Inbound - Webinar,New,15,,,,2021-03-21T00:00:00
5613,Mary,Garcia,mary.garcia5613@streamlineanalytics.com,StreamLine Analytics,Inbound - Webinar,Converted,71,4875,746,2024-11-05,2024-10-16T00:00:00
5614,Patricia,Johnson,patricia.johnson5614@cloudscalesystems.com,CloudScale Systems,Event,Nurture,25,,,,2023-08-28T00:00:00
5615,Patricia,Williams,patricia.williams5615@metasync.com,MetaSync,Outbound - Cold,Working,32,,,,2023-04-27T00:00:00
5616,Karen,Gonzalez,karen.gonzalez5616@insightplatforms.com,Insight Platforms,Inbound - Content,Converted,97,3742,764,2024-07-18,2024-06-10T00:00:00
5617,Christopher,Johnson,christopher.johnson5617@streamlineanalytics.com,StreamLine Analytics,Inbound - Content,SQL,74,,,,2023-08-13T00:00:00
5618,William,Wilson,william.wilson5618@primepathdigital.com,PrimePath Digital,Outbound - Cold,Disqualified,10,,,,2022-03-10T00:00:00
5619,Lisa,Rodriguez,lisa.rodriguez5619@techflowinc.com,TechFlow Inc,Product-Led,MQL,56,,,,2022-06-24T00:00:00
5620,Lisa,Thomas,lisa.thomas,TrueNorth Data,Outbound - SDR,Disqualified,1,,,,2024-06-30T00:00:00
5621,Robert,Anderson,,DataBridge Corp,Inbound - Content,MQL,68,,,,2021-06-15T00:00:00
5622,Karen,Williams,karen.williams5622@primepathdigital.com,PrimePath Digital,Inbound - Content,Nurture,39,,,,2020-09-24T00:00:00
5623,Charles,Moore,charles.moore5623@insightplatforms.com,Insight Platforms,Event,Converted,91,1090,196,2022-11-26,2022-11-22T00:00:00
5624,Nancy,Martin,nancy.martin5624@pulsepointdigital.com,PulsePoint Digital,Event,Disqualified,17,,,,2024-02-02T00:00:00
5625,Jessica,Brown,jessica.brown5625@vertexai.com,VertexAI,Paid Search,SQL,51,,,,2024-03-04T00:00:00
5626,Barbara,Martin,barbara.martin5626@metasync.com,MetaSync,Inbound - Content,SQL,99,,,,2023-11-08T00:00:00
5627,Elizabeth,Garcia,elizabeth.garcia5627@streamlineanalytics.com,StreamLine Analytics,Outbound - SDR,New,44,,,,2021-04-30T00:00:00
5628,Susan,Thomas,susan.thomas5628@streamlineanalytics.com,StreamLine Analytics,Outbound - SDR,Working,31,,,,2021-10-10T00:00:00
5629,Patricia,Martin,patricia.martin5629@databridgecorp.com,DataBridge Corp,Inbound - Content,New,65,,,,2022-10-28T00:00:00
5630,Sarah,Rodriguez,sarah.rodriguez5630@scaleupsystems.com,ScaleUp Systems,Product-Led,New,45,,,,2020-09-09T00:00:00
5631,Sarah,Garcia,sarah.garcia5631@databridgecorp.com,DataBridge Corp,Social Media,SQL,61,,,,2021-10-16T00:00:00
5632,Daniel,Rodriguez,daniel.rodriguez5632@techflowinc.com,TechFlow Inc,Inbound - Web,Working,45,,,,2021-03-16T00:00:00
5633,Robert,Williams,robert.williams5633@metasync.com,MetaSync,Outbound - Cold,Working,52,,,,2024-11-25T00:00:00
5634,Jessica,Williams,jessica.williams5634@primepathdigital.com,PrimePath Digital,Event,MQL,94,,,,2023-01-21T00:00:00
5635,Barbara,Johnson,barbara.johnson5635@vertexai.com,VertexAI,Partner Referral,Nurture,55,,,,2023-02-23T00:00:00
5636,William,Martin,william.martin5636@rapidcloud.com,RapidCloud,Inbound - Webinar,MQL,51,,,,2021-10-25T00:00:00
5637,Susan,Moore,susan.moore5637@insightplatforms.com,Insight Platforms,Product-Led,New,11,,,,2021-04-17T00:00:00
5638,John,Jackson,john.jackson5638@innovateco.com,InnovateCo,Outbound - SDR,Nurture,60,,,,2021-06-22T00:00:00
5639,Linda,Jones,linda.jones5639@corestack.com,CoreStack,Partner Referral,Converted,93,3025,619,2022-03-09,2022-02-20T00:00:00
5640,Joseph,Smith,joseph.smith5640@quantumlogiclabs.com,QuantumLogic Labs,Outbound - SDR,Nurture,44,,,,2021-10-21T00:00:00
5641,Christopher,Lopez,christopher.lopez5641@rapidcloud.com,RapidCloud,Paid Search,Working,64,,,,2023-04-22T00:00:00
5642,Michael,Wilson,michael.wilson5642@brightwavetech.com,BrightWave Tech,Social Media,SQL,86,,,,2022-10-25T00:00:00
5643,Patricia,Smith,patricia.smith5643@nexgensolutions.com,NexGen Solutions,Outbound - SDR,SQL,72,,,,2020-07-26T00:00:00
5644,Michael,Moore,michael.moore5644@techflowinc.com,TechFlow Inc,Inbound - Webinar,Disqualified,15,,,,2022-01-31T00:00:00
5645,Sarah,Smith,sarah.smith5645@pulsepointdigital.com,PulsePoint Digital,Social Media,MQL,79,,,,2022-02-01T00:00:00
5646,Robert,Jackson,robert.jackson5646@truenorthdata.com,TrueNorth Data,Paid Search,Working,53,,,,2021-07-29T00:00:00
5647,James,Johnson,james.johnson5647@innovateco.com,InnovateCo,Paid Search,Converted,53,1797,172,2024-04-07,2024-01-27T00:00:00
5648,James,Rodriguez,james.rodriguez5648@scaleupsystems.com,ScaleUp Systems,Inbound - Web,Nurture,62,,,,2021-11-25T00:00:00
5649,Daniel,Brown,daniel.brown5649@cybervault.com,CyberVault,Outbound - Cold,MQL,97,,,,2020-04-13T00:00:00
5650,Joseph,Brown,joseph.brown5650@techflowinc.com,TechFlow Inc,Inbound - Web,Nurture,33,,,,2020-09-28T00:00:00
5651,Susan,Gonzalez,susan.gonzalez5651@scaleupsystems.com,ScaleUp Systems,Social Media,MQL,95,,,,2024-01-19T00:00:00
5652,Charles,Martin,charles.martin5652@scaleupsystems.com,ScaleUp Systems,Inbound - Web,Disqualified,30,,,,2023-04-12T00:00:00
5653,Joseph,Miller,joseph.miller5653@pulsepointdigital.com,PulsePoint Digital,,Disqualified,14,,,,2020-04-05T00:00:00
5654,Christopher,Jackson,christopher.jackson5654@cloudscalesystems.com,CloudScale Systems,,SQL,92,,,,2021-02-03T00:00:00
5655,Linda,Gonzalez,linda.gonzalez5655@corestack.com,CoreStack,Paid Search,Nurture,58,,,,2020-05-24T00:00:00
5656,David,Anderson,david.anderson5656@primepathdigital.com,PrimePath Digital,Paid Search,Converted,66,2193,793,2022-11-23,2022-10-25T00:00:00
5657,Thomas,Garcia,thomas.garcia5657@cybervault.com,CyberVault,Outbound - Cold,Disqualified,8,,,,2023-03-12T00:00:00
5658,Michael,Martinez,michael.martinez5658@quantumlogiclabs.com,QuantumLogic Labs,Partner Referral,SQL,56,,,,2020-12-31T00:00:00
5659,Robert,Thomas,robert.thomas,StreamLine Analytics,Outbound - Cold,SQL,70,,,,2021-04-13T00:00:00
5660,Robert,Taylor,robert.taylor5660@primepathdigital.com,PrimePath Digital,Paid Search,SQL,50,,,,2023-03-29T00:00:00
5661,Christopher,Hernandez,christopher.hernandez5661@corestack.com,CoreStack,Inbound - Content,Working,38,,,,2023-07-03T00:00:00
5662,William,Thomas,william.thomas5662@brightwavetech.com,BrightWave Tech,Outbound - Cold,Nurture,51,,,,2020-07-28T00:00:00
5663,Jennifer,Davis,jennifer.davis5663@innovateco.com,InnovateCo,Product-Led,Nurture,65,,,,2022-10-18T00:00:00
5664,Patricia,Taylor,patricia.taylor5664@techflowinc.com,TechFlow Inc,Inbound - Content,MQL,77,,,,2024-02-17T00:00:00
5665,Barbara,Jones,barbara.jones5665@cybervault.com,CyberVault,Inbound - Webinar,Working,13,,,,2020-03-10T00:00:00
5666,Mary,Davis,mary.davis5666@innovateco.com,InnovateCo,Outbound - SDR,Disqualified,14,,,,2023-05-02T00:00:00
5667,Mary,Thomas,mary.thomas5667@pulsepointdigital.com,PulsePoint Digital,Event,Converted,63,216,236,2024-10-29,2024-09-30T00:00:00
5668,William,Smith,william.smith5668@streamlineanalytics.com,StreamLine Analytics,Inbound - Web,Working,68,,,,2020-07-30T00:00:00
5669,Christopher,Hernandez,christopher.hernandez5669@cloudscalesystems.com,CloudScale Systems,Product-Led,Disqualified,7,,,,2021-11-15T00:00:00
5670,Michael,Thomas,michael.thomas,FutureForge,,Converted,85,1405,415,2024-05-17,2024-03-27T00:00:00
5671,Michael,Lopez,michael.lopez5671@databridgecorp.com,DataBridge Corp,Outbound - Cold,New,48,,,,2021-07-07T00:00:00
5672,James,Rodriguez,james.rodriguez5672@agiledynamics.com,Agile Dynamics,Inbound - Content,Nurture,64,,,,2023-03-02T00:00:00
5673,Barbara,Anderson,barbara.anderson5673@agiledynamics.com,Agile Dynamics,Outbound - Cold,New,19,,,,2020-02-11T00:00:00
5674,Karen,Wilson,karen.wilson5674@techflowinc.com,TechFlow Inc,Paid Search,Converted,73,2252,675,2024-06-02,2024-04-02T00:00:00
5675,Elizabeth,Wilson,elizabeth.wilson5675@databridgecorp.com,DataBridge Corp,Inbound - Web,MQL,56,,,,2023-12-05T00:00:00
5676,Joseph,Williams,joseph.williams5676@futureforge.com,FutureForge,,Nurture,14,,,,2021-01-08T00:00:00
5677,Jennifer,Wilson,jennifer.wilson5677@corestack.com,CoreStack,Inbound - Webinar,MQL,53,,,,2020-07-02T00:00:00
5678,Daniel,Martin,daniel.martin5678@metasync.com,MetaSync,Inbound - Webinar,Converted,67,1282,788,2024-10-19,2024-08-11T00:00:00
5679,Daniel,Martinez,daniel.martinez5679@techflowinc.com,TechFlow Inc,Partner Referral,Disqualified,23,,,,2021-09-02T00:00:00
5680,John,Lopez,john.lopez5680@cybervault.com,CyberVault,Outbound - SDR,Working,19,,,,2020-02-28T00:00:00
5681,Barbara,Martinez,barbara.martinez5681@insightplatforms.com,Insight Platforms,Paid Search,Working,30,,,,2023-04-11T00:00:00
5682,Barbara,Williams,barbara.williams5682@agiledynamics.com,Agile Dynamics,Inbound - Content,Working,50,,,,2021-12-05T00:00:00
5683,Elizabeth,Jones,elizabeth.jones5683@cybervault.com,CyberVault,Inbound - Web,Disqualified,15,,,,2024-05-12T00:00:00
5684,James,Thomas,james.thomas5684@vertexai.com,VertexAI,Outbound - SDR,Working,57,,,,2023-06-29T00:00:00
5685,Lisa,Martinez,lisa.martinez5685@primepathdigital.com,PrimePath Digital,Inbound - Webinar,Converted,59,2508,689,2024-10-02,2024-09-17T00:00:00
5686,Jessica,Jackson,jessica.jackson5686@truenorthdata.com,TrueNorth Data,Event,Converted,62,607,858,2024-03-09,2024-01-25T00:00:00
5687,David,Williams,david.williams5687@cloudscalesystems.com,CloudScale Systems,Outbound - SDR,MQL,66,,,,2024-02-19T00:00:00
5688,Joseph,Anderson,joseph.anderson5688@brightwavetech.com,BrightWave Tech,Outbound - SDR,New,37,,,,2023-01-08T00:00:00
5689,Robert,Gonzalez,robert.gonzalez5689@rapidcloud.com,RapidCloud,Inbound - Webinar,Nurture,43,,,,2024-04-09T00:00:00
5690,William,Martin,william.martin5690@cybervault.com,CyberVault,Paid Search,New,12,,,,2023-10-29T00:00:00
5691,William,Moore,william.moore5691@techflowinc.com,TechFlow Inc,Inbound - Content,Nurture,45,,,,2023-05-24T00:00:00
5692,Robert,Hernandez,robert.hernandez5692@databridgecorp.com,DataBridge Corp,Product-Led,MQL,72,,,,2022-01-12T00:00:00
5693,Elizabeth,Martin,elizabeth.martin5693@databridgecorp.com,DataBridge Corp,Inbound - Web,SQL,72,,,,2023-11-17T00:00:00
5694,Jessica,Brown,jessica.brown5694@cybervault.com,CyberVault,Inbound - Content,Converted,100,651,925,2023-08-09,2023-06-15T00:00:00
5695,Christopher,Anderson,christopher.anderson5695@innovateco.com,InnovateCo,Outbound - SDR,MQL,72,,,,2022-07-12T00:00:00
5696,Thomas,Taylor,thomas.taylor5696@brightwavetech.com,BrightWave Tech,Partner Referral,Converted,100,3053,231,2024-12-07,2024-10-25T00:00:00
5697,William,Martinez,william.martinez5697@innovateco.com,InnovateCo,Inbound - Content,Working,66,,,,2020-06-29T00:00:00
5698,James,Davis,james.davis5698@techflowinc.com,TechFlow Inc,Inbound - Webinar,Converted,74,2633,389,2024-11-24,2024-10-18T00:00:00
5699,Jessica,Davis,jessica.davis5699@cybervault.com,CyberVault,Outbound - Cold,SQL,70,,,,2023-12-28T00:00:00
5700,William,Lee,william.lee5700@scaleupsystems.com,ScaleUp Systems,Partner Referral,Converted,88,1123,275,2023-01-08,2023-01-10T00:00:00
5701,John,Garcia,,CyberVault,Inbound - Webinar,MQL,96,,,,2024-08-17T00:00:00
5702,Charles,Anderson,charles.anderson5702@primepathdigital.com,PrimePath Digital,Inbound - Webinar,MQL,54,,,,2021-07-24T00:00:00
5703,Linda,Miller,linda.miller5703@primepathdigital.com,PrimePath Digital,Inbound - Webinar,Converted,80,87,506,2021-06-27,2021-06-05T00:00:00
5704,Daniel,Taylor,daniel.taylor5704@cybervault.com,CyberVault,Inbound - Webinar,Disqualified,21,,,,2022-07-13T00:00:00
5705,David,Martinez,david.martinez5705@rapidcloud.com,RapidCloud,Inbound - Content,Nurture,18,,,,2020-08-21T00:00:00
5706,Patricia,Brown,patricia.brown5706@pulsepointdigital.com,PulsePoint Digital,Outbound - SDR,SQL,71,,,,2022-11-29T00:00:00
5707,Joseph,Smith,joseph.smith5707@vertexai.com,VertexAI,Partner Referral,SQL,89,,,,2021-04-05T00:00:00
5708,Lisa,Martinez,lisa.martinez5708@vertexai.com,VertexAI,Inbound - Content,Working,25,,,,2020-09-15T00:00:00
5709,David,Jackson,david.jackson5709@scaleupsystems.com,ScaleUp Systems,Event,SQL,99,,,,2021-09-13T00:00:00
5710,William,Davis,william.davis5710@metasync.com,MetaSync,Partner Referral,Disqualified,3,,,,2021-07-18T00:00:00
5711,Daniel,Lee,daniel.lee5711@cybervault.com,CyberVault,Social Media,New,11,,,,2021-04-16T00:00:00
5712,Mary,Taylor,mary.taylor5712@cybervault.com,CyberVault,Inbound - Web,Disqualified,21,,,,2021-10-20T00:00:00
5713,Daniel,Moore,daniel.moore5713@cybervault.com,CyberVault,Inbound - Webinar,New,14,,,,2023-02-21T00:00:00
5714,Patricia,Moore,patricia.moore5714@cloudscalesystems.com,CloudScale Systems,Paid Search,Converted,72,508,332,2021-11-13,2021-10-27T00:00:00
5715,Robert,Garcia,robert.garcia5715@agiledynamics.com,Agile Dynamics,Outbound - Cold,New,12,,,,2022-03-25T00:00:00
5716,Michael,Garcia,michael.garcia5716@scaleupsystems.com,ScaleUp Systems,Event,Disqualified,22,,,,2023-11-06T00:00:00
5717,John,Taylor,john.taylor5717@futureforge.com,FutureForge,Paid Search,Nurture,60,,,,2021-01-16T00:00:00
5718,Jennifer,Davis,jennifer.davis5718@techflowinc.com,TechFlow Inc,Inbound - Content,MQL,98,,,,2022-12-29T00:00:00
5719,Thomas,Jackson,thomas.jackson5719@primepathdigital.com,PrimePath Digital,Outbound - Cold,SQL,68,,,,2021-09-20T00:00:00
5720,Richard,Thompson,richard.thompson5720@scaleupsystems.com,ScaleUp Systems,Product-Led,New,55,,,,2023-09-01T00:00:00
5721,Thomas,Lee,thomas.lee5721@futureforge.com,FutureForge,Paid Search,New,40,,,,2021-05-16T00:00:00
5722,Patricia,Miller,patricia.miller5722@innovateco.com,InnovateCo,Social Media,New,32,,,,2023-05-15T00:00:00
5723,Joseph,Jackson,joseph.jackson5723@rapidcloud.com,RapidCloud,Inbound - Content,Converted,79,3482,711,2023-12-16,2023-11-20T00:00:00
5724,Susan,Gonzalez,susan.gonzalez5724@nexgensolutions.com,NexGen Solutions,Outbound - Cold,Working,59,,,,2022-01-26T00:00:00
5725,Richard,Williams,richard.williams5725@vertexai.com,VertexAI,Product-Led,Converted,73,3539,595,2024-03-08,2024-02-07T00:00:00
5726,Elizabeth,Johnson,elizabeth.johnson5726@innovateco.com,InnovateCo,Outbound - Cold,SQL,86,,,,2024-04-15T00:00:00
5727,Nancy,Garcia,nancy.garcia5727@streamlineanalytics.com,StreamLine Analytics,Inbound - Webinar,Nurture,22,,,,2021-08-24T00:00:00
5728,David,Williams,david.williams5728@insightplatforms.com,Insight Platforms,Event,Disqualified,19,,,,2024-08-14T00:00:00
5729,Nancy,Martin,nancy.martin5729@futureforge.com,FutureForge,Inbound - Web,Working,16,,,,2021-02-15T00:00:00
5730,James,Taylor,james.taylor5730@innovateco.com,InnovateCo,Partner Referral,Converted,85,4373,992,2023-11-04,2023-10-10T00:00:00
5731,Robert,Wilson,,RapidCloud,Inbound - Content,MQL,94,,,,2022-11-20T00:00:00
5732,Charles,Smith,charles.smith5732@primepathdigital.com,PrimePath Digital,Paid Search,New,43,,,,2022-02-20T00:00:00
5733,Barbara,Anderson,barbara.anderson5733@vertexai.com,VertexAI,Inbound - Web,Disqualified,21,,,,2020-06-12T00:00:00
5734,Joseph,Taylor,joseph.taylor5734@pulsepointdigital.com,PulsePoint Digital,Paid Search,SQL,63,,,,2023-12-02T00:00:00
5735,Jessica,Jones,jessica.jones5735@agiledynamics.com,Agile Dynamics,Inbound - Content,New,61,,,,2024-01-11T00:00:00
5736,Charles,Lee,charles.lee5736@rapidcloud.com,RapidCloud,Inbound - Webinar,Converted,67,1725,543,2023-02-22,2023-01-07T00:00:00
5737,Nancy,Smith,nancy.smith5737@corestack.com,CoreStack,Inbound - Webinar,MQL,67,,,,2020-08-29T00:00:00
5738,Linda,Lopez,linda.lopez5738@databridgecorp.com,DataBridge Corp,Social Media,MQL,72,,,,2024-03-20T00:00:00
5739,Thomas,Jones,thomas.jones5739@agiledynamics.com,Agile Dynamics,Inbound - Webinar,MQL,50,,,,2021-12-14T00:00:00
5740,Michael,Martinez,michael.martinez5740@rapidcloud.com,RapidCloud,Paid Search,Disqualified,17,,,,2023-12-03T00:00:00
5741,Christopher,Gonzalez,christopher.gonzalez5741@streamlineanalytics.com,StreamLine Analytics,Inbound - Content,Converted,100,2724,860,2024-10-14,2024-08-30T00:00:00
5742,David,Williams,david.williams5742@nexgensolutions.com,NexGen Solutions,Social Media,Working,50,,,,2023-05-04T00:00:00
5743,Mary,Lee,mary.lee5743@quantumlogiclabs.com,QuantumLogic Labs,Outbound - SDR,SQL,80,,,,2024-07-21T00:00:00
5744,Elizabeth,Martinez,elizabeth.martinez5744@streamlineanalytics.com,StreamLine Analytics,Event,Working,29,,,,2024-07-14T00:00:00
5745,Patricia,Lopez,patricia.lopez5745@quantumlogiclabs.com,QuantumLogic Labs,Outbound - SDR,SQL,66,,,,2021-07-22T00:00:00
5746,Linda,Moore,linda.moore5746@vertexai.com,VertexAI,Outbound - SDR,Working,54,,,,2023-04-15T00:00:00
5747,Lisa,Lee,lisa.lee5747@nexgensolutions.com,NexGen Solutions,Product-Led,Nurture,53,,,,2020-02-17T00:00:00
5748,Charles,Martinez,charles.martinez5748@cybervault.com,CyberVault,Partner Referral,MQL,99,,,,2020-05-06T00:00:00
5749,Michael,Miller,michael.miller5749@corestack.com,CoreStack,Product-Led,Converted,70,363,278,2024-01-13,2024-01-06T00:00:00
5750,Christopher,Davis,christopher.davis5750@primepathdigital.com,PrimePath Digital,Social Media,Working,15,,,,2020-09-17T00:00:00
5751,Joseph,Jones,joseph.jones5751@cloudscalesystems.com,CloudScale Systems,Social Media,New,27,,,,2020-09-07T00:00:00
5752,Elizabeth,Davis,elizabeth.davis5752@insightplatforms.com,Insight Platforms,Inbound - Content,Disqualified,17,,,,2023-09-22T00:00:00
5753,Linda,Lopez,linda.lopez5753@corestack.com,CoreStack,Social Media,MQL,53,,,,2020-01-09T00:00:00
5754,Jennifer,Hernandez,jennifer.hernandez5754@cybervault.com,CyberVault,Inbound - Webinar,MQL,75,,,,2024-02-07T00:00:00
5755,Jennifer,Brown,jennifer.brown5755@nexgensolutions.com,NexGen Solutions,Inbound - Web,MQL,63,,,,2022-04-08T00:00:00
5756,John,Moore,john.moore5756@corestack.com,CoreStack,Paid Search,Working,55,,,,2020-05-10T00:00:00
5757,Elizabeth,Moore,elizabeth.moore5757@techflowinc.com,TechFlow Inc,Paid Search,New,-41,,,,2022-12-10T00:00:00
5758,Jessica,Wilson,jessica.wilson5758@cloudscalesystems.com,CloudScale Systems,Inbound - Web,New,67,,,,2023-02-26T00:00:00
5759,Linda,Garcia,linda.garcia5759@vertexai.com,VertexAI,Inbound - Web,Nurture,25,,,,2021-10-07T00:00:00
5760,Mary,Miller,mary.miller5760@nexgensolutions.com,NexGen Solutions,Social Media,Disqualified,7,,,,2021-03-08T00:00:00
5761,Jennifer,Hernandez,jennifer.hernandez5761@pulsepointdigital.com,PulsePoint Digital,Outbound - SDR,Disqualified,30,,,,2024-07-13T00:00:00
5762,William,Wilson,william.wilson5762@quantumlogiclabs.com,QuantumLogic Labs,Partner Referral,Working,28,,,,2024-12-19T00:00:00
5763,Richard,Smith,richard.smith5763@cybervault.com,CyberVault,Inbound - Web,Nurture,22,,,,2022-07-15T00:00:00
5764,Christopher,Miller,christopher.miller5764@vertexai.com,VertexAI,Inbound - Webinar,Converted,86,1676,899,2024-11-03,2024-11-03T00:00:00
5765,David,Miller,david.miller5765@innovateco.com,InnovateCo,Inbound - Web,Converted,96,892,618,2024-11-22,2024-11-03T00:00:00
5766,Charles,Martinez,charles.martinez5766@futureforge.com,FutureForge,Event,Working,27,,,,2020-03-01T00:00:00
5767,Sarah,Jackson,sarah.jackson5767@quantumlogiclabs.com,QuantumLogic Labs,Partner Referral,Converted,86,1786,291,2024-08-23,2024-06-02T00:00:00
5768,Mary,Williams,mary.williams5768@metasync.com,MetaSync,Inbound - Content,Converted,87,3821,383,2023-02-12,2022-12-16T00:00:00
5769,Michael,Jackson,michael.jackson5769@primepathdigital.com,PrimePath Digital,Outbound - SDR,New,20,,,,2021-02-03T00:00:00
5770,Charles,Wilson,charles.wilson5770@cloudscalesystems.com,CloudScale Systems,Inbound - Web,Disqualified,1,,,,2024-04-18T00:00:00
5771,John,Taylor,john.taylor5771@innovateco.com,InnovateCo,Paid Search,Nurture,14,,,,2021-09-25T00:00:00
5772,Sarah,Rodriguez,sarah.rodriguez5772@rapidcloud.com,RapidCloud,Social Media,New,50,,,,2020-10-18T00:00:00
5773,James,Thomas,james.thomas5773@innovateco.com,InnovateCo,Inbound - Webinar,Converted,67,3011,335,2024-11-01,2024-09-15T00:00:00
5774,Daniel,Lopez,daniel.lopez5774@corestack.com,CoreStack,Social Media,MQL,57,,,,2021-02-09T00:00:00
5775,William,Hernandez,william.hernandez5775@innovateco.com,InnovateCo,Event,MQL,73,,,,2020-03-26T00:00:00
5776,Christopher,Garcia,christopher.garcia5776@quantumlogiclabs.com,QuantumLogic Labs,Outbound - SDR,Converted,91,3804,791,2023-10-05,2023-08-07T00:00:00
5777,Charles,Brown,charles.brown5777@metasync.com,MetaSync,Paid Search,SQL,79,,,,2024-09-17T00:00:00
5778,Charles,Smith,charles.smith5778@corestack.com,CoreStack,Inbound - Content,Converted,73,332,449,2024-12-02,2024-11-26T00:00:00
5779,Richard,Martin,richard.martin5779@rapidcloud.com,RapidCloud,Paid Search,SQL,91,,,,2022-11-24T00:00:00
5780,Michael,Rodriguez,michael.rodriguez5780@cloudscalesystems.com,CloudScale Systems,Event,Converted,87,2735,289,2021-10-04,2021-08-22T00:00:00
5781,Robert,Moore,robert.moore5781@insightplatforms.com,Insight Platforms,Event,Working,58,,,,2024-04-24T00:00:00
5782,Sarah,Williams,sarah.williams5782@quantumlogiclabs.com,QuantumLogic Labs,Product-Led,Working,45,,,,2023-04-07T00:00:00
5783,Thomas,Garcia,thomas.garcia5783@nexgensolutions.com,NexGen Solutions,Partner Referral,SQL,75,,,,2022-10-26T00:00:00
5784,Lisa,Jones,lisa.jones5784@futureforge.com,FutureForge,Partner Referral,Converted,53,2768,515,2024-09-03,2024-07-28T00:00:00
5785,Robert,Rodriguez,robert.rodriguez5785@techflowinc.com,TechFlow Inc,Inbound - Content,MQL,73,,,,2024-12-05T00:00:00
5786,Lisa,Brown,lisa.brown5786@brightwavetech.com,BrightWave Tech,Partner Referral,Converted,71,4796,87,2023-02-26,2023-01-27T00:00:00
5787,Michael,Thompson,michael.thompson5787@agiledynamics.com,Agile Dynamics,Social Media,New,21,,,,2024-08-06T00:00:00
5788,Sarah,Williams,sarah.williams,TrueNorth Data,Paid Search,New,49,,,,2021-04-28T00:00:00
5789,Sarah,Martin,sarah.martin5789@innovateco.com,InnovateCo,Inbound - Content,Working,65,,,,2024-07-10T00:00:00
5790,Robert,Jones,robert.jones5790@techflowinc.com,TechFlow Inc,Outbound - Cold,Nurture,17,,,,2023-10-08T00:00:00
5791,Nancy,Martinez,nancy.martinez5791@innovateco.com,InnovateCo,Inbound - Web,MQL,76,,,,2022-03-16T00:00:00
5792,Thomas,Williams,thomas.williams5792@truenorthdata.com,TrueNorth Data,Inbound - Webinar,Working,17,,,,2024-03-11T00:00:00
5793,Thomas,Rodriguez,thomas.rodriguez5793@primepathdigital.com,PrimePath Digital,Inbound - Web,MQL,90,,,,2023-02-01T00:00:00
5794,Jessica,Davis,jessica.davis5794@innovateco.com,InnovateCo,Paid Search,Disqualified,17,,,,2020-09-24T00:00:00
5795,Patricia,Williams,patricia.williams5795@pulsepointdigital.com,PulsePoint Digital,Outbound - SDR,Working,35,,,,2021-11-23T00:00:00
5796,Karen,Gonzalez,karen.gonzalez5796@primepathdigital.com,PrimePath Digital,Paid Search,Disqualified,2,,,,2022-12-09T00:00:00
5797,Robert,Thompson,robert.thompson5797@scaleupsystems.com,ScaleUp Systems,Partner Referral,Working,59,,,,2021-01-08T00:00:00
5798,Christopher,Jones,christopher.jones5798@streamlineanalytics.com,StreamLine Analytics,Social Media,Nurture,43,,,,2022-06-20T00:00:00
5799,Patricia,Davis,patricia.davis5799@quantumlogiclabs.com,QuantumLogic Labs,Inbound - Content,Disqualified,29,,,,2020-03-28T00:00:00
5800,Jessica,Jackson,jessica.jackson5800@streamlineanalytics.com,StreamLine Analytics,,SQL,93,,,,2021-02-01T00:00:00
5801,Elizabeth,Anderson,elizabeth.anderson5801@rapidcloud.com,RapidCloud,Event,SQL,96,,,,2023-12-09T00:00:00
5802,Sarah,Williams,sarah.williams5802@rapidcloud.com,RapidCloud,Inbound - Content,New,30,,,,2023-08-07T00:00:00
5803,Susan,Thompson,susan.thompson5803@techflowinc.com,TechFlow Inc,Social Media,Nurture,-41,,,,2023-07-23T00:00:00
5804,Barbara,Jones,barbara.jones5804@agiledynamics.com,Agile Dynamics,Social Media,Converted,70,3305,888,2024-06-05,2024-05-26T00:00:00
5805,Patricia,Jackson,patricia.jackson5805@vertexai.com,VertexAI,Inbound - Content,SQL,97,,,,2022-01-27T00:00:00
5806,Linda,Jones,linda.jones5806@streamlineanalytics.com,StreamLine Analytics,Inbound - Webinar,Nurture,51,,,,2022-07-17T00:00:00
5807,Linda,Smith,linda.smith5807@insightplatforms.com,Insight Platforms,Outbound - SDR,Nurture,53,,,,2022-05-01T00:00:00
5808,Jessica,Martinez,jessica.martinez5808@cloudscalesystems.com,CloudScale Systems,Outbound - Cold,Disqualified,24,,,,2024-09-24T00:00:00
5809,Susan,Lopez,susan.lopez5809@corestack.com,CoreStack,Social Media,SQL,75,,,,2020-09-12T00:00:00
5810,Thomas,Garcia,thomas.garcia5810@agiledynamics.com,Agile Dynamics,Outbound - Cold,SQL,73,,,,2021-03-18T00:00:00
5811,Christopher,Smith,christopher.smith5811@streamlineanalytics.com,StreamLine Analytics,Event,New,38,,,,2023-05-27T00:00:00
5812,Mary,Smith,,CloudScale Systems,Product-Led,Working,37,,,,2023-04-24T00:00:00
5813,Susan,Rodriguez,susan.rodriguez5813@primepathdigital.com,PrimePath Digital,Social Media,New,50,,,,2021-05-04T00:00:00
5814,Linda,Anderson,linda.anderson5814@primepathdigital.com,PrimePath Digital,Paid Search,MQL,69,,,,2021-11-12T00:00:00
5815,Nancy,Gonzalez,nancy.gonzalez5815@futureforge.com,FutureForge,Inbound - Web,Disqualified,13,,,,2020-07-21T00:00:00
5816,William,Moore,william.moore5816@cloudscalesystems.com,CloudScale Systems,Inbound - Web,Converted,78,721,326,2023-06-04,2023-05-26T00:00:00
5817,Jennifer,Brown,jennifer.brown5817@databridgecorp.com,DataBridge Corp,Outbound - Cold,MQL,85,,,,2023-03-22T00:00:00
5818,Mary,Taylor,mary.taylor5818@nexgensolutions.com,NexGen Solutions,Product-Led,Nurture,43,,,,2024-12-09T00:00:00
5819,Michael,Lopez,michael.lopez5819@cloudscalesystems.com,CloudScale Systems,Outbound - SDR,MQL,56,,,,2021-12-26T00:00:00
5820,Sarah,Anderson,sarah.anderson5820@vertexai.com,VertexAI,Product-Led,Converted,70,422,109,2023-02-28,2023-02-26T00:00:00
5821,Thomas,Davis,thomas.davis5821@brightwavetech.com,BrightWave Tech,Outbound - SDR,Converted,97,4457,779,2022-10-21,2022-08-25T00:00:00
5822,Elizabeth,Miller,elizabeth.miller5822@streamlineanalytics.com,StreamLine Analytics,Inbound - Content,MQL,76,,,,2020-07-14T00:00:00
5823,John,Jones,john.jones5823@insightplatforms.com,Insight Platforms,Paid Search,Working,31,,,,2020-02-10T00:00:00
5824,Barbara,Anderson,barbara.anderson5824@innovateco.com,InnovateCo,Event,Nurture,47,,,,2021-01-18T00:00:00
5825,Karen,Jones,karen.jones5825@innovateco.com,InnovateCo,Paid Search,MQL,98,,,,2023-04-02T00:00:00
5826,Jessica,Gonzalez,jessica.gonzalez5826@vertexai.com,VertexAI,Inbound - Web,Nurture,38,,,,2023-05-09T00:00:00
5827,Patricia,Gonzalez,patricia.gonzalez5827@innovateco.com,InnovateCo,Outbound - SDR,New,67,,,,2021-04-23T00:00:00
5828,John,Thompson,john.thompson5828@primepathdigital.com,PrimePath Digital,,Converted,61,4265,299,2023-08-29,2023-08-27T00:00:00
5829,Nancy,Johnson,nancy.johnson5829@techflowinc.com,TechFlow Inc,Inbound - Content,SQL,72,,,,2023-04-02T00:00:00
5830,Daniel,Garcia,daniel.garcia5830@primepathdigital.com,PrimePath Digital,Event,New,42,,,,2023-08-11T00:00:00
5831,Susan,Jackson,susan.jackson5831@streamlineanalytics.com,StreamLine Analytics,Event,Working,40,,,,2024-08-07T00:00:00
5832,Jessica,Taylor,jessica.taylor,PrimePath Digital,Partner Referral,New,28,,,,2024-09-04T00:00:00
5833,Patricia,Taylor,,PulsePoint Digital,Outbound - Cold,New,68,,,,2020-02-19T00:00:00
5834,David,Gonzalez,david.gonzalez5834@techflowinc.com,TechFlow Inc,Outbound - Cold,Converted,75,2731,250,2024-10-14,2024-09-11T00:00:00
5835,Sarah,Martin,sarah.martin5835@primepathdigital.com,PrimePath Digital,Inbound - Content,Working,63,,,,2020-10-16T00:00:00
5836,David,Jones,david.jones5836@insightplatforms.com,Insight Platforms,Social Media,Disqualified,30,,,,2021-11-22T00:00:00
5837,Charles,Wilson,charles.wilson5837@quantumlogiclabs.com,QuantumLogic Labs,Product-Led,New,49,,,,2021-06-13T00:00:00
5838,Barbara,Gonzalez,barbara.gonzalez5838@innovateco.com,InnovateCo,Event,New,67,,,,2021-09-13T00:00:00
5839,Sarah,Anderson,sarah.anderson5839@innovateco.com,InnovateCo,Outbound - SDR,Working,30,,,,2020-12-20T00:00:00
5840,John,Rodriguez,john.rodriguez5840@metasync.com,MetaSync,Inbound - Web,Converted,52,1553,565,2024-08-29,2024-08-14T00:00:00
5841,James,Smith,james.smith5841@metasync.com,MetaSync,Event,New,62,,,,2021-07-29T00:00:00
5842,Linda,Lee,linda.lee5842@techflowinc.com,TechFlow Inc,Outbound - SDR,Working,27,,,,2024-08-26T00:00:00
5843,Linda,Thompson,linda.thompson5843@nexgensolutions.com,NexGen Solutions,Partner Referral,Working,53,,,,2024-03-31T00:00:00
5844,Karen,Thompson,karen.thompson5844@rapidcloud.com,RapidCloud,Product-Led,Converted,87,4723,260,2023-03-28,2023-01-29T00:00:00
5845,William,Thompson,william.thompson5845@quantumlogiclabs.com,QuantumLogic Labs,Product-Led,Converted,81,783,77,2024-10-24,2024-08-11T00:00:00
5846,Barbara,Gonzalez,barbara.gonzalez5846@brightwavetech.com,BrightWave Tech,Outbound - Cold,Working,12,,,,2023-10-07T00:00:00
5847,Daniel,Taylor,daniel.taylor5847@primepathdigital.com,PrimePath Digital,Event,Converted,86,4873,729,2023-04-17,2023-02-14T00:00:00
5848,Joseph,Garcia,joseph.garcia5848@truenorthdata.com,TrueNorth Data,Partner Referral,Disqualified,4,,,,2020-02-11T00:00:00
5849,Thomas,Miller,thomas.miller5849@futureforge.com,FutureForge,Inbound - Content,MQL,68,,,,2024-06-09T00:00:00
5850,Sarah,Miller,sarah.miller5850@metasync.com,MetaSync,Outbound - Cold,SQL,77,,,,2023-08-05T00:00:00
5851,Nancy,Taylor,nancy.taylor5851@quantumlogiclabs.com,QuantumLogic Labs,Product-Led,Converted,99,1618,159,2023-04-14,2023-03-30T00:00:00
5852,Joseph,Martin,joseph.martin5852@cybervault.com,CyberVault,Inbound - Content,SQL,60,,,,2023-11-07T00:00:00
5853,David,Anderson,david.anderson5853@brightwavetech.com,BrightWave Tech,Outbound - SDR,Nurture,42,,,,2022-07-27T00:00:00
5854,Susan,Gonzalez,susan.gonzalez5854@nexgensolutions.com,NexGen Solutions,Inbound - Content,Converted,84,395,731,2023-12-28,2023-10-24T00:00:00
5855,Michael,Wilson,michael.wilson5855@primepathdigital.com,PrimePath Digital,Partner Referral,SQL,78,,,,2023-02-27T00:00:00
5856,Michael,Miller,michael.miller5856@insightplatforms.com,Insight Platforms,Inbound - Web,SQL,67,,,,2024-09-20T00:00:00
5857,Thomas,Anderson,thomas.anderson5857@quantumlogiclabs.com,QuantumLogic Labs,Social Media,Disqualified,27,,,,2023-05-15T00:00:00
5858,Daniel,Brown,daniel.brown5858@pulsepointdigital.com,PulsePoint Digital,Event,Working,51,,,,2020-10-20T00:00:00
5859,Daniel,Smith,,MetaSync,Inbound - Webinar,MQL,94,,,,2021-01-13T00:00:00
5860,Lisa,Jones,lisa.jones5860@pulsepointdigital.com,PulsePoint Digital,Social Media,Disqualified,0,,,,2022-04-02T00:00:00
5861,Susan,Thomas,susan.thomas5861@quantumlogiclabs.com,QuantumLogic Labs,Event,SQL,68,,,,2021-05-29T00:00:00
5862,Christopher,Anderson,christopher.anderson5862@scaleupsystems.com,ScaleUp Systems,Inbound - Content,Converted,79,1428,840,2024-09-15,2024-08-05T00:00:00
5863,James,Smith,james.smith5863@truenorthdata.com,TrueNorth Data,Social Media,SQL,58,,,,2021-09-01T00:00:00
5864,David,Anderson,david.anderson5864@metasync.com,MetaSync,Inbound - Web,Working,50,,,,2020-07-24T00:00:00
5865,Lisa,Taylor,lisa.taylor5865@streamlineanalytics.com,StreamLine Analytics,,Converted,95,4656,416,2024-09-04,2024-06-30T00:00:00
5866,Karen,Thompson,karen.thompson5866@agiledynamics.com,Agile Dynamics,Social Media,Disqualified,18,,,,2022-07-30T00:00:00
5867,David,Lopez,david.lopez5867@innovateco.com,InnovateCo,Product-Led,MQL,67,,,,2024-02-12T00:00:00
5868,Sarah,Garcia,sarah.garcia5868@truenorthdata.com,TrueNorth Data,Partner Referral,Converted,63,3429,915,2024-03-06,2023-12-30T00:00:00
5869,Barbara,Johnson,barbara.johnson5869@cloudscalesystems.com,CloudScale Systems,Inbound - Content,Working,50,,,,2023-05-20T00:00:00
5870,Joseph,Thomas,joseph.thomas5870@scaleupsystems.com,ScaleUp Systems,Product-Led,Nurture,10,,,,2023-09-01T00:00:00
5871,Robert,Gonzalez,robert.gonzalez5871@futureforge.com,FutureForge,Inbound - Web,Disqualified,21,,,,2020-11-17T00:00:00
5872,Michael,Rodriguez,michael.rodriguez5872@agiledynamics.com,Agile Dynamics,Inbound - Web,SQL,92,,,,2021-01-07T00:00:00
5873,Richard,Miller,richard.miller5873@agiledynamics.com,Agile Dynamics,Social Media,Converted,93,3751,406,2024-07-09,2024-05-24T00:00:00
5874,Mary,Gonzalez,mary.gonzalez5874@pulsepointdigital.com,PulsePoint Digital,Inbound - Content,SQL,64,,,,2024-04-30T00:00:00
5875,William,Anderson,william.anderson5875@scaleupsystems.com,ScaleUp Systems,Outbound - SDR,Nurture,27,,,,2020-09-27T00:00:00
5876,Jennifer,Lee,jennifer.lee5876@corestack.com,CoreStack,,Nurture,50,,,,2020-10-31T00:00:00
5877,William,Martinez,william.martinez5877@streamlineanalytics.com,StreamLine Analytics,Event,Disqualified,14,,,,2024-09-23T00:00:00
5878,Michael,Martinez,michael.martinez5878@scaleupsystems.com,ScaleUp Systems,Inbound - Content,New,42,,,,2023-02-05T00:00:00
5879,Joseph,Garcia,joseph.garcia5879@pulsepointdigital.com,PulsePoint Digital,Outbound - Cold,New,26,,,,2020-10-09T00:00:00
5880,Michael,Hernandez,michael.hernandez5880@truenorthdata.com,TrueNorth Data,Social Media,New,10,,,,2023-06-07T00:00:00
5881,Susan,Garcia,susan.garcia5881@truenorthdata.com,TrueNorth Data,,Converted,89,3953,685,2024-11-24,2024-10-10T00:00:00
5882,Richard,Lee,richard.lee5882@techflowinc.com,TechFlow Inc,Social Media,MQL,74,,,,2020-10-15T00:00:00
5883,Linda,Jones,linda.jones5883@insightplatforms.com,Insight Platforms,Inbound - Content,Disqualified,0,,,,2022-03-13T00:00:00
5884,Jennifer,Miller,jennifer.miller5884@futureforge.com,FutureForge,Inbound - Content,SQL,57,,,,2023-09-28T00:00:00
5885,Lisa,Thomas,lisa.thomas5885@streamlineanalytics.com,StreamLine Analytics,Outbound - Cold,Disqualified,8,,,,2024-07-24T00:00:00
5886,Robert,Rodriguez,robert.rodriguez5886@rapidcloud.com,RapidCloud,Social Media,Nurture,56,,,,2021-06-26T00:00:00
5887,Nancy,Thompson,nancy.thompson5887@streamlineanalytics.com,StreamLine Analytics,Social Media,Working,45,,,,2021-08-07T00:00:00
5888,Linda,Smith,linda.smith5888@innovateco.com,InnovateCo,Outbound - Cold,New,20,,,,2021-06-06T00:00:00
5889,William,Gonzalez,william.gonzalez5889@insightplatforms.com,Insight Platforms,Inbound - Web,Converted,93,1179,460,2024-11-18,2024-11-06T00:00:00
5890,Jennifer,Garcia,jennifer.garcia5890@techflowinc.com,TechFlow Inc,Outbound - Cold,Working,48,,,,2024-10-08T00:00:00
5891,Patricia,Lee,patricia.lee5891@quantumlogiclabs.com,QuantumLogic Labs,Inbound - Content,New,66,,,,2020-01-15T00:00:00
5892,Christopher,Wilson,christopher.wilson5892@brightwavetech.com,BrightWave Tech,Partner Referral,Nurture,22,,,,2023-12-19T00:00:00
5893,Richard,Lopez,richard.lopez5893@rapidcloud.com,RapidCloud,Inbound - Webinar,MQL,94,,,,2021-10-07T00:00:00
5894,Jennifer,Thompson,jennifer.thompson5894@agiledynamics.com,Agile Dynamics,Outbound - Cold,Working,61,,,,2022-11-10T00:00:00
5895,David,Smith,,DataBridge Corp,Inbound - Content,New,44,,,,2022-03-05T00:00:00
5896,Christopher,Jackson,christopher.jackson5896@truenorthdata.com,TrueNorth Data,Outbound - SDR,Nurture,23,,,,2024-01-23T00:00:00
5897,Sarah,Thompson,sarah.thompson5897@vertexai.com,VertexAI,Event,Converted,94,699,936,2023-12-23,2023-10-23T00:00:00
5898,Barbara,Brown,barbara.brown5898@metasync.com,MetaSync,Paid Search,SQL,75,,,,2023-04-10T00:00:00
5899,Lisa,Gonzalez,lisa.gonzalez5899@streamlineanalytics.com,StreamLine Analytics,Inbound - Content,SQL,65,,,,2021-02-16T00:00:00
5900,Nancy,Taylor,nancy.taylor5900@agiledynamics.com,Agile Dynamics,Outbound - Cold,Disqualified,13,,,,2024-10-27T00:00:00
5901,Robert,Gonzalez,robert.gonzalez5901@futureforge.com,FutureForge,,New,69,,,,2021-05-23T00:00:00
5902,Nancy,Jackson,nancy.jackson5902@agiledynamics.com,Agile Dynamics,Event,MQL,80,,,,2021-07-26T00:00:00
5903,James,Moore,james.moore5903@innovateco.com,InnovateCo,Social Media,Disqualified,12,,,,2020-11-27T00:00:00
5904,Thomas,Williams,thomas.williams5904@cybervault.com,CyberVault,Partner Referral,SQL,65,,,,2024-12-25T00:00:00
5905,James,Davis,james.davis5905@quantumlogiclabs.com,QuantumLogic Labs,Inbound - Web,Disqualified,2,,,,2020-04-20T00:00:00
5906,Richard,Miller,richard.miller5906@brightwavetech.com,BrightWave Tech,Inbound - Webinar,Working,41,,,,2024-02-22T00:00:00
5907,Charles,Williams,charles.williams5907@insightplatforms.com,Insight Platforms,Event,Disqualified,22,,,,2020-03-17T00:00:00
5908,James,Anderson,james.anderson5908@insightplatforms.com,Insight Platforms,Inbound - Web,Working,24,,,,2024-06-25T00:00:00
5909,Susan,Rodriguez,susan.rodriguez5909@primepathdigital.com,PrimePath Digital,Inbound - Webinar,Nurture,51,,,,2021-11-08T00:00:00
5910,Barbara,Brown,barbara.brown5910@rapidcloud.com,RapidCloud,Inbound - Webinar,Disqualified,29,,,,2023-06-15T00:00:00
5911,Karen,Moore,karen.moore5911@cybervault.com,CyberVault,Product-Led,New,46,,,,2024-09-01T00:00:00
5912,Michael,Brown,michael.brown5912@rapidcloud.com,RapidCloud,Social Media,New,20,,,,2021-06-01T00:00:00
5913,Daniel,Lopez,daniel.lopez5913@primepathdigital.com,PrimePath Digital,Partner Referral,Disqualified,17,,,,2024-11-26T00:00:00
5914,Patricia,Jones,patricia.jones5914@cybervault.com,CyberVault,Inbound - Webinar,New,22,,,,2020-05-27T00:00:00
5915,John,Thompson,john.thompson5915@agiledynamics.com,Agile Dynamics,Paid Search,Converted,62,203,434,2024-05-27,2024-05-03T00:00:00
5916,Linda,Miller,linda.miller5916@cybervault.com,CyberVault,Outbound - Cold,SQL,80,,,,2024-12-26T00:00:00
5917,Charles,Wilson,charles.wilson5917@insightplatforms.com,Insight Platforms,Inbound - Content,MQL,93,,,,2024-04-19T00:00:00
5918,Christopher,Davis,christopher.davis5918@insightplatforms.com,Insight Platforms,Outbound - Cold,Disqualified,10,,,,2024-09-27T00:00:00
5919,Sarah,Williams,sarah.williams5919@insightplatforms.com,Insight Platforms,Paid Search,Converted,88,1389,272,2023-08-31,2023-07-23T00:00:00
5920,Thomas,Jackson,thomas.jackson5920@corestack.com,CoreStack,Outbound - Cold,SQL,75,,,,2021-04-09T00:00:00
5921,Linda,Jones,linda.jones5921@primepathdigital.com,PrimePath Digital,Product-Led,New,52,,,,2024-09-18T00:00:00
5922,Linda,Lopez,linda.lopez5922@pulsepointdigital.com,PulsePoint Digital,Event,Disqualified,26,,,,2021-02-09T00:00:00
5923,Christopher,Rodriguez,christopher.rodriguez5923@agiledynamics.com,Agile Dynamics,Event,Converted,87,2882,739,2024-10-06,2024-09-04T00:00:00
5924,Christopher,Hernandez,christopher.hernandez5924@insightplatforms.com,Insight Platforms,Event,Converted,91,4449,128,2023-01-26,2022-12-28T00:00:00
5925,Richard,Moore,richard.moore5925@databridgecorp.com,DataBridge Corp,Inbound - Web,SQL,96,,,,2024-08-02T00:00:00
5926,Susan,Martin,susan.martin5926@innovateco.com,InnovateCo,Outbound - SDR,Disqualified,8,,,,2023-12-17T00:00:00
5927,Charles,Johnson,charles.johnson5927@futureforge.com,FutureForge,Social Media,New,33,,,,2021-06-26T00:00:00
5928,Patricia,Hernandez,patricia.hernandez5928@quantumlogiclabs.com,QuantumLogic Labs,Partner Referral,Converted,50,3338,560,2024-11-13,2024-09-28T00:00:00
5929,Susan,Taylor,susan.taylor5929@insightplatforms.com,Insight Platforms,Inbound - Content,Disqualified,14,,,,2020-06-19T00:00:00
5930,Linda,Gonzalez,linda.gonzalez5930@rapidcloud.com,RapidCloud,Inbound - Content,Working,18,,,,2024-06-14T00:00:00
5931,John,Rodriguez,john.rodriguez5931@quantumlogiclabs.com,QuantumLogic Labs,Partner Referral,Converted,70,3191,335,2024-11-08,2024-10-18T00:00:00
5932,Patricia,Hernandez,patricia.hernandez5932@cloudscalesystems.com,CloudScale Systems,Inbound - Web,Nurture,34,,,,2023-03-23T00:00:00
5933,Karen,Taylor,karen.taylor5933@corestack.com,CoreStack,Event,Working,46,,,,2024-04-07T00:00:00
5934,James,Wilson,james.wilson5934@databridgecorp.com,DataBridge Corp,Event,Working,24,,,,2021-10-25T00:00:00
5935,Sarah,Jackson,sarah.jackson5935@futureforge.com,FutureForge,Paid Search,MQL,95,,,,2024-08-03T00:00:00
5936,Linda,Wilson,linda.wilson5936@cloudscalesystems.com,CloudScale Systems,Outbound - Cold,Working,13,,,,2023-09-13T00:00:00
5937,Linda,Anderson,linda.anderson5937@cybervault.com,CyberVault,Inbound - Content,Converted,76,3130,968,2022-03-14,2022-02-28T00:00:00
5938,Robert,Hernandez,robert.hernandez5938@quantumlogiclabs.com,QuantumLogic Labs,Product-Led,New,22,,,,2021-02-18T00:00:00
5939,Michael,Martin,michael.martin5939@vertexai.com,VertexAI,Event,SQL,75,,,,2023-08-14T00:00:00
5940,Mary,Davis,mary.davis5940@cybervault.com,CyberVault,Inbound - Webinar,SQL,52,,,,2023-03-09T00:00:00
5941,Mary,Martinez,mary.martinez5941@quantumlogiclabs.com,QuantumLogic Labs,Social Media,New,23,,,,2023-04-01T00:00:00
5942,James,Brown,james.brown5942@primepathdigital.com,PrimePath Digital,Outbound - SDR,MQL,56,,,,2020-11-23T00:00:00
5943,James,Moore,james.moore5943@quantumlogiclabs.com,QuantumLogic Labs,Partner Referral,MQL,100,,,,2021-12-22T00:00:00
5944,Robert,Lee,robert.lee,TrueNorth Data,Partner Referral,Disqualified,30,,,,2020-06-20T00:00:00
5945,William,Lopez,william.lopez5945@scaleupsystems.com,ScaleUp Systems,Partner Referral,SQL,82,,,,2022-07-22T00:00:00
5946,Lisa,Taylor,lisa.taylor5946@agiledynamics.com,Agile Dynamics,Paid Search,Converted,81,652,477,2023-01-09,2022-12-10T00:00:00
5947,Sarah,Thompson,sarah.thompson5947@innovateco.com,InnovateCo,Outbound - SDR,Working,14,,,,2021-10-17T00:00:00
5948,Nancy,Martinez,nancy.martinez5948@primepathdigital.com,PrimePath Digital,Event,Working,69,,,,2022-11-16T00:00:00
5949,Barbara,Wilson,barbara.wilson5949@insightplatforms.com,Insight Platforms,Outbound - SDR,Working,18,,,,2024-07-21T00:00:00
5950,James,Wilson,james.wilson5950@vertexai.com,VertexAI,Inbound - Webinar,Working,68,,,,2023-08-06T00:00:00
5951,Michael,Thompson,michael.thompson5951@techflowinc.com,TechFlow Inc,Outbound - Cold,Working,26,,,,2024-08-24T00:00:00
5952,Richard,Hernandez,richard.hernandez5952@techflowinc.com,TechFlow Inc,Event,Working,67,,,,2022-03-12T00:00:00
5953,Charles,Davis,charles.davis5953@futureforge.com,FutureForge,Inbound - Content,New,14,,,,2022-04-04T00:00:00
5954,James,Martinez,james.martinez5954@corestack.com,CoreStack,Inbound - Content,Converted,60,3724,503,2024-12-07,2024-11-25T00:00:00
5955,Lisa,Miller,lisa.miller5955@agiledynamics.com,Agile Dynamics,Product-Led,Disqualified,24,,,,2022-11-19T00:00:00
5956,David,Gonzalez,david.gonzalez5956@truenorthdata.com,TrueNorth Data,Event,Disqualified,10,,,,2024-08-09T00:00:00
5957,William,Smith,william.smith5957@databridgecorp.com,DataBridge Corp,Inbound - Webinar,MQL,73,,,,2022-06-24T00:00:00
5958,Patricia,Taylor,patricia.taylor5958@quantumlogiclabs.com,QuantumLogic Labs,Outbound - Cold,SQL,93,,,,2023-02-04T00:00:00
5959,Michael,Williams,michael.williams5959@futureforge.com,FutureForge,Outbound - Cold,Working,21,,,,2023-05-26T00:00:00
5960,Michael,Wilson,michael.wilson5960@cloudscalesystems.com,CloudScale Systems,Inbound - Content,Disqualified,2,,,,2021-02-14T00:00:00
5961,Thomas,Moore,thomas.moore5961@futureforge.com,FutureForge,Paid Search,Working,67,,,,2020-01-26T00:00:00
5962,Patricia,Brown,patricia.brown5962@corestack.com,CoreStack,Inbound - Content,SQL,60,,,,2024-12-27T00:00:00
5963,Joseph,Thomas,joseph.thomas5963@techflowinc.com,TechFlow Inc,Inbound - Webinar,Nurture,20,,,,2024-01-14T00:00:00
5964,John,Moore,john.moore5964@techflowinc.com,TechFlow Inc,Outbound - Cold,Working,40,,,,2021-04-16T00:00:00
5965,John,Rodriguez,john.rodriguez5965@futureforge.com,FutureForge,,MQL,87,,,,2024-08-26T00:00:00
5966,David,Lopez,david.lopez5966@streamlineanalytics.com,StreamLine Analytics,Inbound - Web,Disqualified,19,,,,2020-03-31T00:00:00
5967,Barbara,Lopez,barbara.lopez5967@metasync.com,MetaSync,Outbound - Cold,Working,56,,,,2024-09-27T00:00:00
5968,Daniel,Lopez,daniel.lopez5968@futureforge.com,FutureForge,Inbound - Webinar,New,26,,,,2020-02-11T00:00:00
5969,Charles,Martinez,charles.martinez5969@scaleupsystems.com,ScaleUp Systems,Paid Search,MQL,85,,,,2024-12-25T00:00:00
5970,Barbara,Thompson,barbara.thompson5970@databridgecorp.com,DataBridge Corp,Inbound - Webinar,Working,44,,,,2020-06-04T00:00:00
5971,Mary,Moore,mary.moore5971@rapidcloud.com,RapidCloud,Outbound - Cold,New,25,,,,2020-04-13T00:00:00
5972,William,Gonzalez,william.gonzalez5972@pulsepointdigital.com,PulsePoint Digital,Event,MQL,51,,,,2024-12-13T00:00:00
5973,Daniel,Miller,daniel.miller5973@vertexai.com,VertexAI,Social Media,SQL,71,,,,2023-07-14T00:00:00
5974,Charles,Johnson,charles.johnson5974@databridgecorp.com,DataBridge Corp,Inbound - Content,Working,29,,,,2020-12-13T00:00:00
5975,Daniel,Jackson,daniel.jackson5975@pulsepointdigital.com,PulsePoint Digital,Inbound - Content,SQL,68,,,,2022-06-17T00:00:00
5976,Jessica,Martin,jessica.martin5976@nexgensolutions.com,NexGen Solutions,Paid Search,MQL,97,,,,2021-10-25T00:00:00
5977,William,Brown,william.brown5977@primepathdigital.com,PrimePath Digital,Partner Referral,New,61,,,,2021-06-28T00:00:00
5978,Jennifer,Rodriguez,jennifer.rodriguez5978@databridgecorp.com,DataBridge Corp,Product-Led,Working,47,,,,2021-05-09T00:00:00
5979,Richard,Brown,richard.brown5979@primepathdigital.com,PrimePath Digital,Event,Working,30,,,,2022-12-19T00:00:00
5980,Christopher,Smith,christopher.smith5980@brightwavetech.com,BrightWave Tech,Inbound - Webinar,MQL,59,,,,2021-04-22T00:00:00
5981,Robert,Taylor,robert.taylor5981@techflowinc.com,TechFlow Inc,Event,New,44,,,,2020-03-04T00:00:00
5982,Christopher,Miller,christopher.miller5982@quantumlogiclabs.com,QuantumLogic Labs,Inbound - Web,SQL,74,,,,2023-11-27T00:00:00
5983,Christopher,Thompson,christopher.thompson5983@techflowinc.com,TechFlow Inc,Outbound - SDR,Nurture,35,,,,2020-11-11T00:00:00
5984,Lisa,Anderson,lisa.anderson5984@truenorthdata.com,TrueNorth Data,Inbound - Web,New,44,,,,2022-03-02T00:00:00
5985,John,Williams,john.williams5985@primepathdigital.com,PrimePath Digital,Outbound - Cold,Nurture,31,,,,2021-09-11T00:00:00
5986,Daniel,Taylor,daniel.taylor5986@cloudscalesystems.com,CloudScale Systems,Product-Led,Working,31,,,,2020-04-04T00:00:00
5987,Christopher,Johnson,,CloudScale Systems,Event,Working,58,,,,2024-01-09T00:00:00
5988,Robert,Thomas,robert.thomas5988@scaleupsystems.com,ScaleUp Systems,Outbound - Cold,Working,31,,,,2023-06-29T00:00:00
5989,Thomas,Johnson,thomas.johnson5989@innovateco.com,InnovateCo,Outbound - SDR,Converted,93,2082,685,2024-12-06,2024-11-09T00:00:00
5990,John,Thomas,john.thomas5990@vertexai.com,VertexAI,Social Media,MQL,55,,,,2023-05-31T00:00:00
5991,Mary,Martinez,mary.martinez5991@pulsepointdigital.com,PulsePoint Digital,Inbound - Webinar,Nurture,15,,,,2021-10-14T00:00:00
5992,David,Thompson,david.thompson5992@innovateco.com,InnovateCo,Outbound - Cold,Disqualified,15,,,,2024-08-22T00:00:00
5993,Karen,Rodriguez,karen.rodriguez5993@vertexai.com,VertexAI,Social Media,Working,24,,,,2023-08-20T00:00:00
5994,Robert,Lopez,robert.lopez5994@brightwavetech.com,BrightWave Tech,Inbound - Web,MQL,69,,,,2022-10-15T00:00:00
5995,Charles,Gonzalez,,VertexAI,Outbound - Cold,Working,20,,,,2022-12-10T00:00:00
5996,Elizabeth,Davis,elizabeth.davis5996@cybervault.com,CyberVault,Product-Led,Nurture,61,,,,2021-11-28T00:00:00
5997,Linda,Moore,linda.moore5997@rapidcloud.com,RapidCloud,Paid Search,MQL,74,,,,2022-02-27T00:00:00
5998,Robert,Martinez,robert.martinez,FutureForge,Outbound - Cold,Disqualified,24,,,,2021-10-01T00:00:00
5999,David,Johnson,david.johnson5999@truenorthdata.com,TrueNorth Data,Social Media,Working,42,,,,2023-11-24T00:00:00
6000,Barbara,Johnson,barbara.johnson6000@corestack.com,CoreStack,Inbound - Content,Working,57,,,,2022-03-15T00:00:00
6001,Thomas,Taylor,thomas.taylor6001@truenorthdata.com,TrueNorth Data,Partner Referral,Nurture,59,,,,2021-11-21T00:00:00
6002,Robert,Lopez,robert.lopez6002@metasync.com,MetaSync,Social Media,MQL,100,,,,2024-12-17T00:00:00
6003,Barbara,Anderson,barbara.anderson6003@corestack.com,CoreStack,Product-Led,MQL,87,,,,2020-04-28T00:00:00
6004,Michael,Miller,michael.miller6004@insightplatforms.com,Insight Platforms,Social Media,Working,11,,,,2022-10-09T00:00:00
6005,Elizabeth,Wilson,elizabeth.wilson6005@quantumlogiclabs.com,QuantumLogic Labs,Product-Led,MQL,68,,,,2021-12-08T00:00:00
6006,David,Davis,david.davis6006@corestack.com,CoreStack,Inbound - Webinar,Disqualified,28,,,,2022-05-07T00:00:00
6007,Christopher,Johnson,christopher.johnson6007@pulsepointdigital.com,PulsePoint Digital,,SQL,74,,,,2021-09-05T00:00:00
6008,Sarah,Thomas,sarah.thomas6008@vertexai.com,VertexAI,Outbound - SDR,Disqualified,9,,,,2022-12-30T00:00:00
6009,Richard,Wilson,richard.wilson6009@scaleupsystems.com,ScaleUp Systems,Partner Referral,Converted,71,1994,17,2023-12-03,2023-09-30T00:00:00
6010,Jessica,Rodriguez,jessica.rodriguez,ScaleUp Systems,Social Media,MQL,84,,,,2023-09-10T00:00:00
6011,Christopher,Davis,christopher.davis6011@streamlineanalytics.com,StreamLine Analytics,Outbound - Cold,SQL,54,,,,2020-07-29T00:00:00
6012,William,Garcia,william.garcia6012@innovateco.com,InnovateCo,Social Media,Disqualified,15,,,,2021-06-02T00:00:00
6013,Karen,Rodriguez,karen.rodriguez6013@futureforge.com,FutureForge,Social Media,Working,26,,,,2022-08-31T00:00:00
6014,Karen,Smith,karen.smith6014@cybervault.com,CyberVault,Social Media,Converted,79,4912,872,2024-10-16,2024-08-01T00:00:00
6015,Elizabeth,Jackson,elizabeth.jackson6015@futureforge.com,FutureForge,Partner Referral,New,57,,,,2023-09-14T00:00:00
6016,Charles,Rodriguez,charles.rodriguez6016@pulsepointdigital.com,PulsePoint Digital,Partner Referral,Converted,99,4326,682,2024-08-26,2024-06-19T00:00:00
6017,Elizabeth,Rodriguez,,TechFlow Inc,Partner Referral,MQL,55,,,,2024-08-02T00:00:00
6018,Thomas,Taylor,thomas.taylor6018@innovateco.com,InnovateCo,Event,Disqualified,26,,,,2023-12-09T00:00:00
6019,William,Lopez,william.lopez6019@streamlineanalytics.com,StreamLine Analytics,Social Media,SQL,62,,,,2024-02-08T00:00:00
6020,Jessica,Taylor,jessica.taylor6020@insightplatforms.com,Insight Platforms,Inbound - Web,SQL,64,,,,2023-07-09T00:00:00
6021,Linda,Smith,linda.smith6021@primepathdigital.com,PrimePath Digital,Partner Referral,Converted,67,3547,413,2024-07-18,2024-05-08T00:00:00
6022,Charles,Miller,charles.miller6022@cloudscalesystems.com,CloudScale Systems,Event,Converted,89,2903,669,2024-10-01,2024-08-04T00:00:00
6023,David,Jones,david.jones6023@metasync.com,MetaSync,Inbound - Webinar,Nurture,18,,,,2022-05-21T00:00:00
6024,William,Lopez,william.lopez6024@brightwavetech.com,BrightWave Tech,Inbound - Web,New,51,,,,2023-11-21T00:00:00
6025,Daniel,Moore,daniel.moore,StreamLine Analytics,Outbound - SDR,New,47,,,,2020-03-14T00:00:00
6026,Karen,Brown,karen.brown6026@vertexai.com,VertexAI,Social Media,Working,-35,,,,2023-09-17T00:00:00
6027,Thomas,Jackson,thomas.jackson6027@metasync.com,MetaSync,Inbound - Webinar,New,43,,,,2023-12-16T00:00:00
6028,William,Lopez,william.lopez6028@corestack.com,CoreStack,Inbound - Web,SQL,55,,,,2022-01-08T00:00:00
6029,Sarah,Martinez,sarah.martinez6029@vertexai.com,VertexAI,Event,Disqualified,1,,,,2024-06-21T00:00:00
6030,Thomas,Williams,thomas.williams6030@techflowinc.com,TechFlow Inc,,Nurture,18,,,,2021-06-17T00:00:00
6031,David,Taylor,david.taylor6031@pulsepointdigital.com,PulsePoint Digital,Inbound - Web,Converted,66,3834,885,2020-05-08,2020-03-16T00:00:00
6032,Christopher,Lee,christopher.lee6032@quantumlogiclabs.com,QuantumLogic Labs,Social Media,New,70,,,,2022-04-09T00:00:00
6033,Karen,Rodriguez,karen.rodriguez6033@cybervault.com,CyberVault,Outbound - Cold,MQL,88,,,,2023-10-21T00:00:00
6034,Jessica,Garcia,jessica.garcia6034@truenorthdata.com,TrueNorth Data,Product-Led,Converted,52,4905,590,2024-10-06,2024-08-29T00:00:00
6035,Karen,Jackson,karen.jackson6035@techflowinc.com,TechFlow Inc,Inbound - Webinar,Converted,56,4174,605,2024-02-03,2023-11-14T00:00:00
6036,Barbara,Martin,barbara.martin6036@metasync.com,MetaSync,Inbound - Webinar,Disqualified,14,,,,2021-11-08T00:00:00
6037,Christopher,Taylor,christopher.taylor6037@pulsepointdigital.com,PulsePoint Digital,Outbound - SDR,Converted,53,2120,258,2024-01-20,2023-12-26T00:00:00
6038,Michael,Jones,michael.jones6038@metasync.com,MetaSync,Event,Working,21,,,,2020-06-03T00:00:00
6039,David,Williams,david.williams6039@primepathdigital.com,PrimePath Digital,Outbound - SDR,MQL,68,,,,2022-07-07T00:00:00
6040,Thomas,Jackson,thomas.jackson6040@agiledynamics.com,Agile Dynamics,Inbound - Content,Converted,74,3566,399,2022-09-29,2022-08-24T00:00:00
6041,John,Thompson,john.thompson6041@techflowinc.com,TechFlow Inc,Inbound - Web,New,45,,,,2021-04-26T00:00:00
6042,Lisa,Jones,lisa.jones,TechFlow Inc,Event,New,45,,,,2024-10-06T00:00:00
6043,Michael,Martin,michael.martin6043@cybervault.com,CyberVault,Event,MQL,71,,,,2020-04-20T00:00:00
6044,Jessica,Hernandez,jessica.hernandez6044@vertexai.com,VertexAI,Partner Referral,New,63,,,,2023-08-20T00:00:00
6045,Nancy,Martin,nancy.martin6045@agiledynamics.com,Agile Dynamics,Product-Led,Converted,93,206,449,2024-06-22,2024-04-26T00:00:00
6046,Karen,Lee,karen.lee6046@vertexai.com,VertexAI,Outbound - Cold,Disqualified,0,,,,2023-05-30T00:00:00
6047,Barbara,Lopez,barbara.lopez6047@cybervault.com,CyberVault,Product-Led,MQL,94,,,,2023-06-15T00:00:00
6048,William,Martin,william.martin6048@metasync.com,MetaSync,Event,Disqualified,16,,,,2023-11-30T00:00:00
6049,John,Williams,john.williams6049@rapidcloud.com,RapidCloud,Partner Referral,MQL,100,,,,2023-12-30T00:00:00
6050,Nancy,Taylor,nancy.taylor6050@innovateco.com,InnovateCo,Partner Referral,Converted,86,4865,33,2024-08-21,2024-06-16T00:00:00
6051,William,Lee,william.lee6051@agiledynamics.com,Agile Dynamics,Social Media,Nurture,33,,,,2022-09-17T00:00:00
6052,Christopher,Lopez,christopher.lopez6052@truenorthdata.com,TrueNorth Data,Inbound - Web,Disqualified,17,,,,2022-01-29T00:00:00
6053,Patricia,Williams,patricia.williams6053@databridgecorp.com,DataBridge Corp,Inbound - Webinar,Nurture,52,,,,2022-03-14T00:00:00
6054,Richard,Davis,richard.davis6054@techflowinc.com,TechFlow Inc,Outbound - SDR,Working,18,,,,2023-11-14T00:00:00
6055,Sarah,Martin,sarah.martin6055@cloudscalesystems.com,CloudScale Systems,,SQL,69,,,,2020-10-01T00:00:00
6056,Mary,Jackson,mary.jackson6056@vertexai.com,VertexAI,Social Media,Disqualified,2,,,,2021-01-07T00:00:00
6057,Joseph,Gonzalez,joseph.gonzalez6057@streamlineanalytics.com,StreamLine Analytics,Inbound - Content,Working,26,,,,2024-08-14T00:00:00
6058,Jennifer,Johnson,jennifer.johnson6058@rapidcloud.com,RapidCloud,Outbound - SDR,Working,37,,,,2023-12-28T00:00:00
6059,Barbara,Thompson,barbara.thompson6059@cloudscalesystems.com,CloudScale Systems,Inbound - Content,Disqualified,6,,,,2021-11-26T00:00:00
6060,Richard,Garcia,richard.garcia6060@scaleupsystems.com,ScaleUp Systems,Product-Led,Working,68,,,,2021-12-11T00:00:00
6061,Joseph,Hernandez,joseph.hernandez6061@vertexai.com,VertexAI,Outbound - SDR,Working,29,,,,2020-04-04T00:00:00
6062,John,Brown,john.brown6062@scaleupsystems.com,ScaleUp Systems,Inbound - Web,Working,19,,,,2023-01-25T00:00:00
6063,Karen,Garcia,karen.garcia6063@truenorthdata.com,TrueNorth Data,Inbound - Content,MQL,91,,,,2023-10-16T00:00:00
6064,Susan,Rodriguez,susan.rodriguez6064@truenorthdata.com,TrueNorth Data,Outbound - SDR,Working,58,,,,2022-09-11T00:00:00
6065,Daniel,Smith,daniel.smith6065@primepathdigital.com,PrimePath Digital,Paid Search,New,70,,,,2023-01-15T00:00:00
6066,Nancy,Gonzalez,nancy.gonzalez6066@agiledynamics.com,Agile Dynamics,Event,Working,21,,,,2024-08-21T00:00:00
6067,Richard,Rodriguez,richard.rodriguez6067@cloudscalesystems.com,CloudScale Systems,Social Media,MQL,55,,,,2022-08-08T00:00:00
6068,Daniel,Hernandez,daniel.hernandez6068@nexgensolutions.com,NexGen Solutions,Inbound - Web,MQL,63,,,,2020-05-30T00:00:00
6069,Jessica,Martinez,jessica.martinez6069@futureforge.com,FutureForge,,New,20,,,,2024-05-25T00:00:00
6070,Elizabeth,Davis,elizabeth.davis6070@quantumlogiclabs.com,QuantumLogic Labs,Product-Led,Disqualified,16,,,,2022-07-16T00:00:00
6071,Barbara,Anderson,,RapidCloud,Outbound - Cold,Working,21,,,,2022-02-19T00:00:00
6072,John,Thompson,john.thompson6072@primepathdigital.com,PrimePath Digital,Inbound - Webinar,New,10,,,,2023-11-02T00:00:00
6073,Daniel,Taylor,daniel.taylor6073@quantumlogiclabs.com,QuantumLogic Labs,Outbound - SDR,Nurture,56,,,,2021-05-19T00:00:00
6074,Lisa,Hernandez,lisa.hernandez6074@pulsepointdigital.com,PulsePoint Digital,Partner Referral,New,46,,,,2021-03-15T00:00:00
6075,Charles,Thompson,charles.thompson6075@futureforge.com,FutureForge,Partner Referral,Disqualified,9,,,,2022-08-19T00:00:00
6076,Christopher,Johnson,christopher.johnson6076@metasync.com,MetaSync,Inbound - Webinar,SQL,93,,,,2020-04-23T00:00:00
6077,Michael,Johnson,michael.johnson6077@scaleupsystems.com,ScaleUp Systems,Social Media,MQL,85,,,,2023-01-06T00:00:00
6078,Jennifer,Moore,jennifer.moore6078@rapidcloud.com,RapidCloud,Inbound - Web,Converted,54,1059,390,2024-05-03,2024-03-28T00:00:00
6079,Daniel,Johnson,daniel.johnson6079@futureforge.com,FutureForge,Inbound - Webinar,Converted,75,3253,1,2024-11-27,2024-11-02T00:00:00
6080,Richard,Hernandez,richard.hernandez6080@truenorthdata.com,TrueNorth Data,Paid Search,Disqualified,21,,,,2020-06-13T00:00:00
6081,William,Jones,william.jones,StreamLine Analytics,Outbound - Cold,Nurture,48,,,,2020-06-08T00:00:00
6082,Nancy,Johnson,nancy.johnson6082@primepathdigital.com,PrimePath Digital,Paid Search,Nurture,13,,,,2022-02-04T00:00:00
6083,Patricia,Thomas,patricia.thomas6083@rapidcloud.com,RapidCloud,Social Media,SQL,93,,,,2021-07-29T00:00:00
6084,Karen,Wilson,karen.wilson6084@cloudscalesystems.com,CloudScale Systems,Inbound - Webinar,MQL,60,,,,2024-06-05T00:00:00
6085,William,Rodriguez,william.rodriguez6085@scaleupsystems.com,ScaleUp Systems,Paid Search,Nurture,43,,,,2021-09-07T00:00:00
6086,Charles,Gonzalez,charles.gonzalez6086@pulsepointdigital.com,PulsePoint Digital,Inbound - Web,MQL,53,,,,2022-04-23T00:00:00
6087,Joseph,Smith,joseph.smith6087@insightplatforms.com,Insight Platforms,Inbound - Web,MQL,86,,,,2020-11-16T00:00:00
6088,Jessica,Williams,jessica.williams6088@scaleupsystems.com,ScaleUp Systems,Social Media,MQL,53,,,,2021-10-14T00:00:00
6089,Robert,Martinez,robert.martinez6089@truenorthdata.com,TrueNorth Data,Inbound - Webinar,New,37,,,,2020-02-22T00:00:00
6090,Linda,Gonzalez,linda.gonzalez6090@nexgensolutions.com,NexGen Solutions,Partner Referral,Disqualified,26,,,,2020-01-29T00:00:00
6091,Linda,Lee,linda.lee6091@scaleupsystems.com,ScaleUp Systems,Product-Led,Disqualified,15,,,,2024-08-01T00:00:00
6092,Jessica,Garcia,jessica.garcia6092@agiledynamics.com,Agile Dynamics,Outbound - SDR,New,37,,,,2024-03-25T00:00:00
6093,Karen,Garcia,karen.garcia6093@rapidcloud.com,RapidCloud,Partner Referral,Nurture,49,,,,2020-07-08T00:00:00
6094,David,Brown,david.brown6094@primepathdigital.com,PrimePath Digital,Inbound - Web,Nurture,37,,,,2020-05-13T00:00:00
6095,Daniel,Martin,daniel.martin6095@insightplatforms.com,Insight Platforms,Inbound - Webinar,New,34,,,,2023-03-23T00:00:00
6096,Sarah,Garcia,sarah.garcia6096@agiledynamics.com,Agile Dynamics,Inbound - Web,Converted,96,4201,900,2023-04-17,2023-02-24T00:00:00
6097,Lisa,Thompson,lisa.thompson6097@quantumlogiclabs.com,QuantumLogic Labs,Paid Search,Disqualified,15,,,,2022-10-19T00:00:00
6098,Jessica,Lopez,jessica.lopez6098@insightplatforms.com,Insight Platforms,Inbound - Content,MQL,73,,,,2020-08-02T00:00:00
6099,Mary,Johnson,mary.johnson6099@techflowinc.com,TechFlow Inc,Outbound - Cold,Working,19,,,,2022-06-11T00:00:00
6100,Linda,Thomas,linda.thomas6100@corestack.com,CoreStack,Product-Led,Nurture,49,,,,2023-05-26T00:00:00
6101,Charles,Jackson,charles.jackson6101@corestack.com,CoreStack,Event,Converted,98,2393,356,2022-04-10,2022-02-28T00:00:00
6102,Charles,Anderson,charles.anderson6102@cybervault.com,CyberVault,Social Media,Working,15,,,,2020-12-17T00:00:00
6103,William,Taylor,william.taylor6103@agiledynamics.com,Agile Dynamics,Paid Search,New,66,,,,2020-12-27T00:00:00
6104,Barbara,Thompson,barbara.thompson6104@quantumlogiclabs.com,QuantumLogic Labs,Paid Search,Working,50,,,,2023-08-18T00:00:00
6105,Barbara,Williams,barbara.williams6105@vertexai.com,VertexAI,Outbound - SDR,Working,29,,,,2021-08-15T00:00:00
6106,Richard,Gonzalez,richard.gonzalez6106@quantumlogiclabs.com,QuantumLogic Labs,Outbound - SDR,Working,60,,,,2023-08-23T00:00:00
6107,Daniel,Thomas,daniel.thomas6107@primepathdigital.com,PrimePath Digital,Paid Search,Disqualified,6,,,,2022-04-27T00:00:00
6108,Christopher,Miller,christopher.miller6108@corestack.com,CoreStack,Paid Search,Nurture,15,,,,2020-02-29T00:00:00
6109,Daniel,Miller,daniel.miller6109@cybervault.com,CyberVault,Inbound - Webinar,New,11,,,,2021-07-31T00:00:00
6110,Charles,Davis,charles.davis6110@rapidcloud.com,RapidCloud,,Converted,-80,3950,755,2024-10-30,2024-10-28T00:00:00
6111,Jennifer,Rodriguez,jennifer.rodriguez6111@primepathdigital.com,PrimePath Digital,Outbound - Cold,MQL,53,,,,2022-11-23T00:00:00
6112,William,Hernandez,william.hernandez6112@cybervault.com,CyberVault,Outbound - SDR,New,15,,,,2024-09-16T00:00:00
6113,Elizabeth,Johnson,,RapidCloud,Event,Disqualified,18,,,,2021-02-25T00:00:00
6114,Richard,Jackson,richard.jackson6114@futureforge.com,FutureForge,Outbound - Cold,Working,29,,,,2023-09-17T00:00:00
6115,Mary,Jackson,mary.jackson6115@scaleupsystems.com,ScaleUp Systems,Partner Referral,Disqualified,27,,,,2020-07-28T00:00:00
6116,Karen,Lee,karen.lee6116@brightwavetech.com,BrightWave Tech,Partner Referral,Working,14,,,,2021-10-26T00:00:00
6117,James,Martin,james.martin6117@insightplatforms.com,Insight Platforms,Inbound - Web,Converted,77,3430,389,2024-09-22,2024-07-10T00:00:00
6118,Susan,Martinez,susan.martinez6118@innovateco.com,InnovateCo,Paid Search,SQL,78,,,,2023-02-25T00:00:00
6119,John,Rodriguez,john.rodriguez6119@brightwavetech.com,BrightWave Tech,Event,Working,32,,,,2020-10-18T00:00:00
6120,Lisa,Taylor,lisa.taylor6120@databridgecorp.com,DataBridge Corp,Event,Converted,97,3365,925,2024-03-01,2024-01-26T00:00:00
6121,Linda,Smith,linda.smith6121@pulsepointdigital.com,PulsePoint Digital,Event,MQL,59,,,,2020-05-10T00:00:00
6122,Jennifer,Hernandez,jennifer.hernandez6122@vertexai.com,VertexAI,Product-Led,Working,64,,,,2022-04-16T00:00:00
6123,Sarah,Wilson,sarah.wilson6123@cybervault.com,CyberVault,Outbound - SDR,Converted,73,3775,635,2024-06-03,2024-04-01T00:00:00
6124,Susan,Martin,susan.martin6124@scaleupsystems.com,ScaleUp Systems,Product-Led,MQL,81,,,,2022-07-24T00:00:00
6125,Barbara,Garcia,barbara.garcia6125@rapidcloud.com,RapidCloud,Inbound - Content,MQL,79,,,,2021-03-23T00:00:00
6126,James,Martin,james.martin6126@techflowinc.com,TechFlow Inc,Paid Search,SQL,77,,,,2022-04-16T00:00:00
6127,Christopher,Jones,christopher.jones6127@metasync.com,MetaSync,Event,SQL,98,,,,2020-11-12T00:00:00
6128,Sarah,Davis,,CyberVault,Event,Converted,94,2323,797,2023-10-27,2023-08-13T00:00:00
6129,Linda,Williams,linda.williams6129@insightplatforms.com,Insight Platforms,Inbound - Webinar,Converted,57,956,669,2024-09-21,2024-07-06T00:00:00
6130,David,Taylor,david.taylor6130@innovateco.com,InnovateCo,Inbound - Content,Working,32,,,,2021-08-09T00:00:00
6131,Joseph,Williams,joseph.williams6131@innovateco.com,InnovateCo,Outbound - SDR,Working,12,,,,2021-02-28T00:00:00
6132,Sarah,Gonzalez,sarah.gonzalez6132@quantumlogiclabs.com,QuantumLogic Labs,Inbound - Web,Nurture,52,,,,2021-12-16T00:00:00
6133,Richard,Rodriguez,richard.rodriguez6133@brightwavetech.com,BrightWave Tech,Event,Disqualified,9,,,,2021-05-31T00:00:00
6134,Sarah,Lopez,sarah.lopez6134@techflowinc.com,TechFlow Inc,Inbound - Web,Working,16,,,,2020-12-25T00:00:00
6135,Elizabeth,Taylor,elizabeth.taylor6135@agiledynamics.com,Agile Dynamics,Paid Search,Working,-53,,,,2023-09-07T00:00:00
6136,Jessica,Garcia,jessica.garcia6136@agiledynamics.com,Agile Dynamics,Outbound - SDR,MQL,70,,,,2024-06-02T00:00:00
6137,Robert,Hernandez,robert.hernandez6137@primepathdigital.com,PrimePath Digital,Product-Led,Working,45,,,,2022-04-01T00:00:00
6138,Barbara,Jackson,barbara.jackson6138@insightplatforms.com,Insight Platforms,Paid Search,Nurture,70,,,,2023-10-29T00:00:00
6139,Daniel,Jackson,daniel.jackson6139@databridgecorp.com,DataBridge Corp,Inbound - Webinar,Nurture,68,,,,2020-01-14T00:00:00
6140,Christopher,Brown,christopher.brown6140@rapidcloud.com,RapidCloud,Social Media,MQL,75,,,,2024-02-26T00:00:00
6141,Karen,Rodriguez,karen.rodriguez6141@futureforge.com,FutureForge,Inbound - Webinar,SQL,89,,,,2020-03-02T00:00:00
6142,James,Hernandez,james.hernandez6142@rapidcloud.com,RapidCloud,Inbound - Web,New,10,,,,2023-01-30T00:00:00
6143,Jennifer,Jackson,jennifer.jackson6143@insightplatforms.com,Insight Platforms,Event,Nurture,15,,,,2024-04-06T00:00:00
6144,Thomas,Lopez,thomas.lopez6144@primepathdigital.com,PrimePath Digital,Inbound - Webinar,Converted,96,3444,471,2024-10-23,2024-08-31T00:00:00
6145,Christopher,Garcia,christopher.garcia6145@pulsepointdigital.com,PulsePoint Digital,Product-Led,Converted,-56,1790,461,2023-01-01,2022-10-17T00:00:00
6146,Elizabeth,Thompson,elizabeth.thompson6146@primepathdigital.com,PrimePath Digital,Product-Led,Converted,55,3797,998,2024-02-26,2023-12-08T00:00:00
6147,Mary,Williams,mary.williams6147@pulsepointdigital.com,PulsePoint Digital,Paid Search,Converted,97,143,214,2024-06-29,2024-05-01T00:00:00
6148,Mary,Jones,mary.jones6148@corestack.com,CoreStack,Outbound - Cold,MQL,76,,,,2024-05-01T00:00:00
6149,David,Taylor,david.taylor6149@streamlineanalytics.com,StreamLine Analytics,Outbound - SDR,Working,22,,,,2021-10-11T00:00:00
6150,Nancy,Smith,nancy.smith6150@truenorthdata.com,TrueNorth Data,Product-Led,Disqualified,22,,,,2023-12-18T00:00:00
6151,John,Davis,john.davis6151@futureforge.com,FutureForge,Inbound - Content,Working,20,,,,2022-11-14T00:00:00
6152,Daniel,Smith,daniel.smith6152@primepathdigital.com,PrimePath Digital,Partner Referral,Disqualified,7,,,,2023-10-24T00:00:00
6153,Barbara,Lee,barbara.lee6153@cybervault.com,CyberVault,Inbound - Web,New,69,,,,2022-08-19T00:00:00
6154,David,Martinez,david.martinez6154@primepathdigital.com,PrimePath Digital,Inbound - Webinar,Working,68,,,,2022-03-30T00:00:00
6155,Thomas,Hernandez,thomas.hernandez6155@innovateco.com,InnovateCo,Inbound - Webinar,MQL,58,,,,2020-02-03T00:00:00
6156,Elizabeth,Wilson,elizabeth.wilson6156@agiledynamics.com,Agile Dynamics,Social Media,Working,35,,,,2020-06-20T00:00:00
6157,Michael,Moore,michael.moore6157@corestack.com,CoreStack,Product-Led,New,24,,,,2022-03-20T00:00:00
6158,Christopher,Martin,christopher.martin6158@vertexai.com,VertexAI,Inbound - Web,MQL,82,,,,2024-08-02T00:00:00
6159,Nancy,Thompson,nancy.thompson6159@primepathdigital.com,PrimePath Digital,Outbound - SDR,SQL,68,,,,2021-04-26T00:00:00
6160,John,Davis,john.davis6160@nexgensolutions.com,NexGen Solutions,Outbound - Cold,Working,12,,,,2022-12-20T00:00:00
6161,Mary,Jones,mary.jones6161@insightplatforms.com,Insight Platforms,Inbound - Webinar,Converted,63,2347,863,2024-11-25,2024-11-10T00:00:00
6162,Sarah,Garcia,sarah.garcia,PulsePoint Digital,Social Media,Working,35,,,,2021-10-30T00:00:00
6163,Joseph,Thomas,joseph.thomas6163@brightwavetech.com,BrightWave Tech,Paid Search,Nurture,-22,,,,2022-12-11T00:00:00
6164,Richard,Taylor,richard.taylor6164@futureforge.com,FutureForge,Paid Search,SQL,52,,,,2023-12-22T00:00:00
6165,Susan,Taylor,susan.taylor6165@pulsepointdigital.com,PulsePoint Digital,Social Media,Nurture,46,,,,2021-09-10T00:00:00
6166,Lisa,Gonzalez,lisa.gonzalez6166@insightplatforms.com,Insight Platforms,Inbound - Web,Nurture,58,,,,2023-10-16T00:00:00
6167,Elizabeth,Johnson,elizabeth.johnson6167@databridgecorp.com,DataBridge Corp,Partner Referral,Disqualified,16,,,,2020-06-09T00:00:00
6168,Sarah,Martin,sarah.martin6168@brightwavetech.com,BrightWave Tech,Social Media,Nurture,62,,,,2020-07-02T00:00:00
6169,Jessica,Gonzalez,,CoreStack,Product-Led,Converted,76,554,21,2024-09-24,2024-08-17T00:00:00
6170,Linda,Garcia,linda.garcia6170@rapidcloud.com,RapidCloud,Paid Search,Nurture,27,,,,2022-09-24T00:00:00
6171,Jennifer,Moore,jennifer.moore6171@futureforge.com,FutureForge,Event,Working,41,,,,2020-01-30T00:00:00
6172,William,Lee,william.lee6172@metasync.com,MetaSync,Outbound - SDR,Working,39,,,,2022-02-12T00:00:00
6173,Susan,Rodriguez,susan.rodriguez6173@insightplatforms.com,Insight Platforms,Paid Search,Working,67,,,,2022-09-16T00:00:00
6174,Thomas,Lee,thomas.lee6174@cloudscalesystems.com,CloudScale Systems,Inbound - Web,MQL,50,,,,2023-02-09T00:00:00
6175,Sarah,Garcia,sarah.garcia6175@insightplatforms.com,Insight Platforms,Social Media,Working,28,,,,2022-11-05T00:00:00
6176,Robert,Rodriguez,robert.rodriguez6176@brightwavetech.com,BrightWave Tech,Inbound - Web,Nurture,40,,,,2023-07-09T00:00:00
6177,James,Lopez,james.lopez6177@primepathdigital.com,PrimePath Digital,Social Media,SQL,75,,,,2021-07-19T00:00:00
6178,Linda,Thomas,linda.thomas6178@truenorthdata.com,TrueNorth Data,Outbound - SDR,New,63,,,,2021-04-28T00:00:00
6179,Charles,Smith,charles.smith6179@rapidcloud.com,RapidCloud,Partner Referral,Converted,89,1253,1000,2024-08-10,2024-05-31T00:00:00
6180,Nancy,Hernandez,nancy.hernandez6180@truenorthdata.com,TrueNorth Data,Event,Converted,89,2149,614,2024-11-26,2024-10-06T00:00:00
6181,Jessica,Anderson,jessica.anderson6181@innovateco.com,InnovateCo,Inbound - Webinar,Nurture,57,,,,2022-11-19T00:00:00
6182,Linda,Jones,linda.jones6182@rapidcloud.com,RapidCloud,Inbound - Content,SQL,54,,,,2023-02-23T00:00:00
6183,Richard,Wilson,richard.wilson6183@vertexai.com,VertexAI,Paid Search,Disqualified,1,,,,2020-02-04T00:00:00
6184,Daniel,Anderson,daniel.anderson6184@techflowinc.com,TechFlow Inc,Partner Referral,Working,60,,,,2022-02-06T00:00:00
6185,Charles,Smith,charles.smith6185@corestack.com,CoreStack,Inbound - Webinar,Disqualified,30,,,,2024-07-31T00:00:00
6186,Susan,Rodriguez,susan.rodriguez6186@agiledynamics.com,Agile Dynamics,Paid Search,New,43,,,,2024-05-27T00:00:00
6187,Linda,Wilson,linda.wilson6187@rapidcloud.com,RapidCloud,Outbound - Cold,New,27,,,,2020-06-24T00:00:00
6188,Patricia,Johnson,patricia.johnson6188@nexgensolutions.com,NexGen Solutions,Event,Nurture,37,,,,2024-10-26T00:00:00
6189,Robert,Smith,robert.smith6189@brightwavetech.com,BrightWave Tech,Inbound - Web,Converted,50,147,852,2024-01-09,2023-12-31T00:00:00
6190,Richard,Smith,richard.smith6190@quantumlogiclabs.com,QuantumLogic Labs,Event,New,29,,,,2022-03-19T00:00:00
6191,David,Williams,david.williams6191@pulsepointdigital.com,PulsePoint Digital,Event,SQL,64,,,,2021-10-07T00:00:00
6192,William,Taylor,william.taylor6192@vertexai.com,VertexAI,Paid Search,MQL,52,,,,2022-11-03T00:00:00
6193,Karen,Taylor,karen.taylor6193@cloudscalesystems.com,CloudScale Systems,Inbound - Web,Disqualified,30,,,,2023-11-02T00:00:00
6194,Sarah,Anderson,sarah.anderson,CoreStack,Event,Disqualified,28,,,,2020-09-24T00:00:00
6195,Daniel,Johnson,daniel.johnson6195@corestack.com,CoreStack,Product-Led,Converted,93,3569,701,2023-12-23,2023-10-12T00:00:00
6196,Barbara,Martin,barbara.martin6196@primepathdigital.com,PrimePath Digital,Inbound - Content,Converted,55,26,968,2021-11-11,2021-10-12T00:00:00
6197,Charles,Wilson,charles.wilson6197@quantumlogiclabs.com,QuantumLogic Labs,Partner Referral,Converted,61,1482,760,2022-10-21,2022-10-09T00:00:00
6198,Thomas,Williams,thomas.williams6198@truenorthdata.com,TrueNorth Data,Inbound - Content,Working,19,,,,2020-10-27T00:00:00
6199,Jessica,Hernandez,jessica.hernandez6199@truenorthdata.com,TrueNorth Data,Inbound - Content,Working,49,,,,2020-11-18T00:00:00
6200,Richard,Jackson,richard.jackson6200@primepathdigital.com,PrimePath Digital,Inbound - Webinar,Working,51,,,,2020-11-09T00:00:00
6201,Michael,Anderson,michael.anderson6201@cybervault.com,CyberVault,Outbound - SDR,Working,29,,,,2020-10-19T00:00:00
6202,John,Thomas,john.thomas6202@futureforge.com,FutureForge,,Working,16,,,,2021-12-03T00:00:00
6203,Thomas,Gonzalez,thomas.gonzalez6203@vertexai.com,VertexAI,Inbound - Web,SQL,66,,,,2021-03-23T00:00:00
6204,Christopher,Martinez,christopher.martinez6204@techflowinc.com,TechFlow Inc,Inbound - Content,Disqualified,26,,,,2020-02-24T00:00:00
6205,Robert,Anderson,robert.anderson6205@brightwavetech.com,BrightWave Tech,Partner Referral,SQL,73,,,,2024-04-19T00:00:00
6206,Christopher,Johnson,christopher.johnson6206@primepathdigital.com,PrimePath Digital,Inbound - Web,Working,27,,,,2020-04-21T00:00:00
6207,Barbara,Martin,barbara.martin6207@cybervault.com,CyberVault,Outbound - Cold,Working,54,,,,2021-10-29T00:00:00
6208,David,Garcia,david.garcia6208@techflowinc.com,TechFlow Inc,Inbound - Webinar,MQL,58,,,,2020-09-20T00:00:00
6209,Jennifer,Williams,jennifer.williams6209@pulsepointdigital.com,PulsePoint Digital,Partner Referral,MQL,89,,,,2022-03-20T00:00:00
6210,Daniel,Gonzalez,daniel.gonzalez6210@nexgensolutions.com,NexGen Solutions,Event,New,32,,,,2024-05-05T00:00:00
6211,Linda,Martin,linda.martin6211@cybervault.com,CyberVault,Partner Referral,Converted,60,2639,839,2024-12-07,2024-11-06T00:00:00
6212,Barbara,Miller,barbara.miller6212@scaleupsystems.com,ScaleUp Systems,Partner Referral,Converted,94,441,385,2022-06-01,2022-03-28T00:00:00
6213,Mary,Smith,,InnovateCo,Paid Search,New,49,,,,2021-05-29T00:00:00
6214,Daniel,Smith,daniel.smith6214@insightplatforms.com,Insight Platforms,Inbound - Web,New,23,,,,2023-04-05T00:00:00
6215,Mary,Williams,mary.williams6215@pulsepointdigital.com,PulsePoint Digital,Inbound - Web,Converted,90,1448,922,2023-03-02,2023-01-10T00:00:00
6216,Elizabeth,Taylor,elizabeth.taylor6216@scaleupsystems.com,ScaleUp Systems,Paid Search,MQL,89,,,,2024-06-06T00:00:00
6217,David,Martinez,david.martinez6217@insightplatforms.com,Insight Platforms,Inbound - Content,Nurture,36,,,,2020-02-21T00:00:00
6218,Jessica,Hernandez,jessica.hernandez6218@vertexai.com,VertexAI,Inbound - Webinar,Converted,73,4139,810,2023-04-28,2023-03-10T00:00:00
6219,Sarah,Wilson,sarah.wilson6219@cloudscalesystems.com,CloudScale Systems,Partner Referral,Disqualified,0,,,,2023-04-25T00:00:00
6220,Joseph,Jackson,joseph.jackson6220@brightwavetech.com,BrightWave Tech,Partner Referral,Nurture,37,,,,2024-08-26T00:00:00
6221,Nancy,Moore,nancy.moore6221@techflowinc.com,TechFlow Inc,Product-Led,Nurture,13,,,,2024-07-23T00:00:00
6222,Charles,Johnson,charles.johnson6222@nexgensolutions.com,NexGen Solutions,Paid Search,New,51,,,,2021-05-27T00:00:00
6223,David,Garcia,david.garcia6223@cybervault.com,CyberVault,Inbound - Content,SQL,86,,,,2021-01-16T00:00:00
6224,Karen,Martinez,karen.martinez6224@truenorthdata.com,TrueNorth Data,Partner Referral,Disqualified,24,,,,2022-12-28T00:00:00
6225,Joseph,Lopez,joseph.lopez6225@techflowinc.com,TechFlow Inc,Inbound - Webinar,Working,24,,,,2022-02-10T00:00:00
6226,Patricia,Gonzalez,patricia.gonzalez6226@pulsepointdigital.com,PulsePoint Digital,Inbound - Content,Disqualified,16,,,,2022-03-22T00:00:00
6227,James,Wilson,,NexGen Solutions,Outbound - Cold,Working,13,,,,2020-09-14T00:00:00
6228,Michael,Smith,michael.smith6228@primepathdigital.com,PrimePath Digital,Product-Led,Nurture,63,,,,2023-06-07T00:00:00
6229,Linda,Lopez,linda.lopez6229@streamlineanalytics.com,StreamLine Analytics,Inbound - Content,Converted,85,1834,835,2024-11-14,2024-08-31T00:00:00
6230,Mary,Lee,mary.lee6230@agiledynamics.com,Agile Dynamics,Inbound - Webinar,MQL,71,,,,2023-01-11T00:00:00
6231,David,Brown,,BrightWave Tech,Event,Working,17,,,,2024-11-26T00:00:00
6232,Jessica,Jackson,jessica.jackson6232@scaleupsystems.com,ScaleUp Systems,Inbound - Web,Working,65,,,,2021-06-03T00:00:00
6233,Karen,Johnson,karen.johnson6233@innovateco.com,InnovateCo,Inbound - Webinar,SQL,95,,,,2020-11-14T00:00:00
6234,Patricia,Thompson,patricia.thompson6234@brightwavetech.com,BrightWave Tech,Outbound - Cold,Working,17,,,,2023-03-12T00:00:00
6235,Robert,Jones,robert.jones6235@corestack.com,CoreStack,Inbound - Webinar,New,43,,,,2023-03-13T00:00:00
6236,James,Johnson,james.johnson6236@corestack.com,CoreStack,Paid Search,Converted,88,762,636,2022-09-21,2022-08-14T00:00:00
6237,James,Lopez,james.lopez6237@techflowinc.com,TechFlow Inc,Outbound - SDR,SQL,100,,,,2024-12-27T00:00:00
6238,Sarah,Martin,sarah.martin6238@futureforge.com,FutureForge,Partner Referral,Working,56,,,,2024-06-17T00:00:00
6239,Patricia,Davis,patricia.davis6239@agiledynamics.com,Agile Dynamics,Outbound - SDR,New,58,,,,2023-08-10T00:00:00
6240,William,Gonzalez,william.gonzalez6240@scaleupsystems.com,ScaleUp Systems,Outbound - Cold,Disqualified,12,,,,2020-08-28T00:00:00
6241,Mary,Anderson,mary.anderson6241@primepathdigital.com,PrimePath Digital,Partner Referral,SQL,98,,,,2021-11-16T00:00:00
6242,David,Thomas,david.thomas6242@agiledynamics.com,Agile Dynamics,,Working,65,,,,2023-06-30T00:00:00
6243,Elizabeth,Thompson,elizabeth.thompson6243@quantumlogiclabs.com,QuantumLogic Labs,Outbound - Cold,Disqualified,13,,,,2021-12-24T00:00:00
6244,Jennifer,Davis,jennifer.davis6244@brightwavetech.com,BrightWave Tech,Event,Nurture,59,,,,2021-03-06T00:00:00
6245,Robert,Johnson,robert.johnson6245@cybervault.com,CyberVault,Partner Referral,Converted,100,3712,389,2024-08-05,2024-05-22T00:00:00
6246,Daniel,Thompson,daniel.thompson6246@corestack.com,CoreStack,Event,Converted,55,2227,778,2023-04-17,2023-02-07T00:00:00
6247,Elizabeth,Moore,elizabeth.moore,TechFlow Inc,Outbound - Cold,Nurture,40,,,,2023-04-09T00:00:00
6248,Lisa,Wilson,lisa.wilson6248@databridgecorp.com,DataBridge Corp,Product-Led,Converted,81,828,257,2023-11-29,2023-10-06T00:00:00
6249,Michael,Martin,michael.martin6249@techflowinc.com,TechFlow Inc,Inbound - Web,Working,29,,,,2024-01-12T00:00:00
6250,John,Hernandez,john.hernandez6250@cloudscalesystems.com,CloudScale Systems,Outbound - SDR,MQL,99,,,,2021-07-05T00:00:00
6251,Jennifer,Miller,jennifer.miller6251@streamlineanalytics.com,StreamLine Analytics,Event,Converted,85,2709,52,2024-11-10,2024-10-16T00:00:00
6252,Robert,Williams,robert.williams6252@agiledynamics.com,Agile Dynamics,Partner Referral,Working,46,,,,2022-02-19T00:00:00
6253,Charles,Brown,charles.brown6253@scaleupsystems.com,ScaleUp Systems,Partner Referral,Converted,100,3934,101,2023-03-12,2023-01-17T00:00:00
6254,Mary,Gonzalez,mary.gonzalez6254@futureforge.com,FutureForge,Outbound - SDR,Working,59,,,,2020-07-31T00:00:00
6255,Lisa,Martin,lisa.martin6255@primepathdigital.com,PrimePath Digital,Social Media,Working,41,,,,2023-11-08T00:00:00
6256,Richard,Jones,richard.jones6256@primepathdigital.com,PrimePath Digital,Inbound - Content,New,49,,,,2020-11-14T00:00:00
6257,Lisa,Wilson,lisa.wilson6257@techflowinc.com,TechFlow Inc,Product-Led,Converted,72,2001,143,2024-08-27,2024-07-07T00:00:00
6258,Daniel,Jones,daniel.jones6258@quantumlogiclabs.com,QuantumLogic Labs,Event,Converted,93,4593,989,2022-12-20,2022-10-28T00:00:00
6259,Nancy,Hernandez,nancy.hernandez6259@quantumlogiclabs.com,QuantumLogic Labs,,New,56,,,,2021-04-17T00:00:00
6260,Joseph,Anderson,joseph.anderson6260@insightplatforms.com,Insight Platforms,Outbound - Cold,Converted,81,1093,871,2020-09-01,2020-08-12T00:00:00
6261,Jennifer,Garcia,jennifer.garcia6261@corestack.com,CoreStack,Product-Led,Working,58,,,,2022-07-11T00:00:00
6262,Patricia,Johnson,patricia.johnson6262@truenorthdata.com,TrueNorth Data,Inbound - Web,Converted,57,4885,684,2024-12-17,2024-12-17T00:00:00
6263,Jennifer,Gonzalez,jennifer.gonzalez6263@innovateco.com,InnovateCo,Inbound - Content,MQL,53,,,,2023-04-12T00:00:00
6264,Sarah,Rodriguez,sarah.rodriguez6264@pulsepointdigital.com,PulsePoint Digital,Event,Nurture,23,,,,2023-02-02T00:00:00
6265,Daniel,Gonzalez,daniel.gonzalez6265@cloudscalesystems.com,CloudScale Systems,Event,SQL,71,,,,2021-09-26T00:00:00
6266,Charles,Hernandez,charles.hernandez6266@insightplatforms.com,Insight Platforms,Inbound - Content,Converted,64,1300,552,2023-03-23,2023-02-16T00:00:00
6267,David,Johnson,david.johnson6267@metasync.com,MetaSync,Outbound - Cold,New,21,,,,2023-02-01T00:00:00
6268,Susan,Rodriguez,susan.rodriguez6268@corestack.com,CoreStack,Inbound - Webinar,Converted,63,760,473,2024-11-24,2024-10-28T00:00:00
6269,Jennifer,Rodriguez,jennifer.rodriguez6269@metasync.com,MetaSync,Outbound - SDR,MQL,61,,,,2022-08-01T00:00:00
6270,William,Johnson,william.johnson6270@innovateco.com,InnovateCo,Inbound - Web,Working,39,,,,2021-03-01T00:00:00
6271,Joseph,Taylor,joseph.taylor6271@brightwavetech.com,BrightWave Tech,Partner Referral,Converted,100,573,325,2024-10-10,2024-08-30T00:00:00
6272,Mary,Lee,mary.lee6272@techflowinc.com,TechFlow Inc,Partner Referral,Converted,89,4714,294,2024-05-30,2024-04-17T00:00:00
6273,Sarah,Garcia,,RapidCloud,Social Media,New,51,,,,2021-04-11T00:00:00
6274,Thomas,Brown,thomas.brown6274@nexgensolutions.com,NexGen Solutions,Outbound - Cold,MQL,99,,,,2020-05-11T00:00:00
6275,James,Hernandez,james.hernandez6275@metasync.com,MetaSync,Event,SQL,64,,,,2020-02-16T00:00:00
6276,Sarah,Jackson,sarah.jackson6276@streamlineanalytics.com,StreamLine Analytics,Partner Referral,New,64,,,,2023-01-27T00:00:00
6277,Karen,Brown,karen.brown6277@quantumlogiclabs.com,QuantumLogic Labs,Social Media,SQL,52,,,,2020-03-15T00:00:00
6278,Jennifer,Jackson,jennifer.jackson6278@databridgecorp.com,DataBridge Corp,Product-Led,Converted,98,86,985,2024-11-24,2024-11-17T00:00:00
6279,Elizabeth,Brown,elizabeth.brown6279@metasync.com,MetaSync,Event,Converted,81,2690,835,2024-11-24,2024-11-29T00:00:00
6280,Patricia,Smith,patricia.smith6280@primepathdigital.com,PrimePath Digital,Inbound - Content,SQL,57,,,,2023-10-16T00:00:00
6281,Nancy,Thomas,nancy.thomas6281@databridgecorp.com,DataBridge Corp,Inbound - Webinar,MQL,96,,,,2021-12-04T00:00:00
6282,Lisa,Martin,lisa.martin6282@vertexai.com,VertexAI,Product-Led,Converted,73,3182,330,2024-12-18,2024-11-23T00:00:00
6283,Richard,Davis,richard.davis6283@scaleupsystems.com,ScaleUp Systems,Event,Converted,68,4251,631,2024-01-14,2023-12-21T00:00:00
6284,Linda,Thomas,linda.thomas6284@innovateco.com,InnovateCo,Product-Led,MQL,99,,,,2023-03-31T00:00:00
6285,Robert,Davis,robert.davis6285@futureforge.com,FutureForge,Inbound - Content,Working,35,,,,2024-11-01T00:00:00
6286,Jennifer,Rodriguez,jennifer.rodriguez6286@truenorthdata.com,TrueNorth Data,Outbound - Cold,Converted,54,2163,507,2024-08-16,2024-06-12T00:00:00
6287,Lisa,Hernandez,lisa.hernandez6287@rapidcloud.com,RapidCloud,Outbound - Cold,New,18,,,,2024-01-04T00:00:00
6288,James,Wilson,james.wilson6288@cybervault.com,CyberVault,Partner Referral,MQL,66,,,,2023-03-12T00:00:00
6289,Susan,Thompson,susan.thompson6289@cybervault.com,CyberVault,Outbound - SDR,MQL,95,,,,2023-06-17T00:00:00
6290,Jessica,Martinez,,MetaSync,Partner Referral,Working,11,,,,2023-03-25T00:00:00
6291,Jennifer,Thompson,jennifer.thompson6291@techflowinc.com,TechFlow Inc,Social Media,MQL,96,,,,2020-05-18T00:00:00
6292,Lisa,Taylor,lisa.taylor6292@brightwavetech.com,BrightWave Tech,Outbound - SDR,Converted,67,3497,998,2024-09-04,2024-08-23T00:00:00
6293,Lisa,Brown,lisa.brown6293@scaleupsystems.com,ScaleUp Systems,Outbound - SDR,Disqualified,16,,,,2021-09-17T00:00:00
6294,Mary,Thomas,mary.thomas6294@innovateco.com,InnovateCo,Event,New,15,,,,2021-11-30T00:00:00
6295,Karen,Wilson,karen.wilson6295@truenorthdata.com,TrueNorth Data,Event,Disqualified,28,,,,2021-12-17T00:00:00
6296,Thomas,Thomas,thomas.thomas6296@futureforge.com,FutureForge,Inbound - Content,Disqualified,11,,,,2024-12-17T00:00:00
6297,James,Taylor,james.taylor6297@cloudscalesystems.com,CloudScale Systems,Inbound - Web,Nurture,44,,,,2022-07-27T00:00:00
6298,Sarah,Gonzalez,sarah.gonzalez,MetaSync,Event,Converted,71,4667,394,2023-12-31,2023-12-03T00:00:00
6299,Thomas,Anderson,thomas.anderson6299@metasync.com,MetaSync,Event,Working,49,,,,2021-09-26T00:00:00
6300,James,Martinez,james.martinez6300@rapidcloud.com,RapidCloud,Inbound - Web,Nurture,-13,,,,2022-02-15T00:00:00
6301,Jessica,Jackson,jessica.jackson6301@scaleupsystems.com,ScaleUp Systems,Paid Search,SQL,54,,,,2022-08-30T00:00:00
6302,Patricia,Wilson,patricia.wilson6302@scaleupsystems.com,ScaleUp Systems,Inbound - Content,MQL,58,,,,2022-07-21T00:00:00
6303,John,Miller,john.miller6303@databridgecorp.com,DataBridge Corp,Event,Nurture,25,,,,2022-06-22T00:00:00
6304,Sarah,Lee,sarah.lee6304@scaleupsystems.com,ScaleUp Systems,Paid Search,Converted,93,974,516,2024-07-04,2024-04-15T00:00:00
6305,Joseph,Jackson,joseph.jackson6305@brightwavetech.com,BrightWave Tech,Social Media,New,58,,,,2023-11-25T00:00:00
6306,Robert,Williams,robert.williams6306@pulsepointdigital.com,PulsePoint Digital,Inbound - Content,Disqualified,25,,,,2021-03-05T00:00:00
6307,Charles,Jones,charles.jones6307@scaleupsystems.com,ScaleUp Systems,Inbound - Webinar,Converted,71,2176,662,2021-04-14,2021-02-01T00:00:00
6308,John,Martin,john.martin6308@scaleupsystems.com,ScaleUp Systems,Product-Led,New,26,,,,2024-02-01T00:00:00
6309,Karen,Miller,karen.miller6309@insightplatforms.com,Insight Platforms,Outbound - SDR,MQL,98,,,,2021-07-17T00:00:00
6310,Charles,Anderson,charles.anderson,TechFlow Inc,Paid Search,Converted,-86,2751,331,2024-11-30,2024-09-30T00:00:00
6311,David,Johnson,david.johnson6311@agiledynamics.com,Agile Dynamics,Event,MQL,50,,,,2024-08-24T00:00:00
6312,Jennifer,Martin,jennifer.martin6312@innovateco.com,InnovateCo,Paid Search,New,18,,,,2022-09-20T00:00:00
6313,Jennifer,Wilson,jennifer.wilson6313@cybervault.com,CyberVault,Event,New,51,,,,2021-10-04T00:00:00
6314,David,Davis,david.davis6314@scaleupsystems.com,ScaleUp Systems,Product-Led,New,58,,,,2023-12-24T00:00:00
6315,Joseph,Martin,joseph.martin6315@techflowinc.com,TechFlow Inc,Inbound - Webinar,Working,68,,,,2023-03-09T00:00:00
6316,Karen,Hernandez,karen.hernandez6316@insightplatforms.com,Insight Platforms,Inbound - Content,Working,22,,,,2024-12-05T00:00:00
6317,Thomas,Thompson,thomas.thompson6317@innovateco.com,InnovateCo,Social Media,SQL,75,,,,2023-12-07T00:00:00
6318,Patricia,Thomas,patricia.thomas6318@databridgecorp.com,DataBridge Corp,Outbound - Cold,SQL,52,,,,2022-04-06T00:00:00
6319,Michael,Rodriguez,michael.rodriguez6319@brightwavetech.com,BrightWave Tech,,New,22,,,,2020-09-18T00:00:00
6320,David,Jones,david.jones6320@streamlineanalytics.com,StreamLine Analytics,Outbound - Cold,New,22,,,,2023-02-21T00:00:00
6321,David,Wilson,david.wilson6321@insightplatforms.com,Insight Platforms,Product-Led,SQL,61,,,,2021-11-12T00:00:00
6322,Michael,Moore,michael.moore6322@futureforge.com,FutureForge,Paid Search,Disqualified,1,,,,2022-05-26T00:00:00
6323,Charles,Davis,charles.davis6323@metasync.com,MetaSync,Outbound - Cold,Working,34,,,,2021-02-20T00:00:00
6324,Mary,Jones,mary.jones6324@brightwavetech.com,BrightWave Tech,Social Media,Converted,63,1737,398,2024-09-20,2024-09-24T00:00:00
6325,John,Lopez,john.lopez6325@innovateco.com,InnovateCo,Product-Led,Disqualified,2,,,,2024-01-20T00:00:00
6326,James,Gonzalez,james.gonzalez6326@truenorthdata.com,TrueNorth Data,Inbound - Webinar,Converted,65,4176,656,2020-12-28,2020-10-27T00:00:00
6327,Mary,Williams,mary.williams6327@vertexai.com,VertexAI,Outbound - Cold,SQL,66,,,,2024-08-26T00:00:00
6328,Linda,Hernandez,linda.hernandez6328@innovateco.com,InnovateCo,Paid Search,SQL,97,,,,2022-06-29T00:00:00
6329,William,Thompson,william.thompson6329@brightwavetech.com,BrightWave Tech,Social Media,Nurture,62,,,,2021-02-14T00:00:00
6330,Nancy,Wilson,nancy.wilson6330@vertexai.com,VertexAI,Outbound - Cold,Disqualified,9,,,,2021-01-28T00:00:00
6331,Patricia,Rodriguez,patricia.rodriguez6331@vertexai.com,VertexAI,Product-Led,Converted,85,3225,635,2024-11-22,2024-10-05T00:00:00
6332,Susan,Jones,susan.jones6332@brightwavetech.com,BrightWave Tech,Inbound - Content,SQL,71,,,,2023-07-04T00:00:00
6333,David,Moore,david.moore6333@cybervault.com,CyberVault,Inbound - Webinar,Converted,82,4364,603,2023-12-29,2023-11-08T00:00:00
6334,Robert,Taylor,robert.taylor6334@streamlineanalytics.com,StreamLine Analytics,Social Media,Working,54,,,,2024-12-18T00:00:00
6335,Patricia,Garcia,patricia.garcia6335@innovateco.com,InnovateCo,Partner Referral,Converted,99,4242,44,2022-08-14,2022-07-18T00:00:00
6336,Jessica,Rodriguez,jessica.rodriguez6336@corestack.com,CoreStack,Product-Led,MQL,74,,,,2021-02-09T00:00:00
6337,Mary,Garcia,mary.garcia6337@quantumlogiclabs.com,QuantumLogic Labs,Event,MQL,90,,,,2022-09-11T00:00:00
6338,Daniel,Martin,daniel.martin6338@truenorthdata.com,TrueNorth Data,Social Media,Nurture,21,,,,2020-09-04T00:00:00
6339,Christopher,Lopez,christopher.lopez6339@pulsepointdigital.com,PulsePoint Digital,Event,Working,30,,,,2022-12-08T00:00:00
6340,James,Hernandez,james.hernandez6340@pulsepointdigital.com,PulsePoint Digital,Partner Referral,Converted,63,3886,831,2023-07-28,2023-06-14T00:00:00
6341,William,Hernandez,william.hernandez6341@quantumlogiclabs.com,QuantumLogic Labs,Product-Led,Working,64,,,,2021-07-12T00:00:00
6342,Barbara,Thomas,barbara.thomas6342@pulsepointdigital.com,PulsePoint Digital,Inbound - Webinar,Converted,61,149,418,2024-08-29,2024-08-30T00:00:00
6343,Charles,Moore,charles.moore6343@metasync.com,MetaSync,Outbound - Cold,Disqualified,24,,,,2024-05-08T00:00:00
6344,Linda,Brown,linda.brown6344@cybervault.com,CyberVault,Inbound - Content,Nurture,34,,,,2023-02-05T00:00:00
6345,Robert,Williams,robert.williams6345@truenorthdata.com,TrueNorth Data,Event,New,21,,,,2024-12-03T00:00:00
6346,Lisa,Davis,lisa.davis6346@insightplatforms.com,Insight Platforms,Inbound - Content,SQL,64,,,,2022-02-02T00:00:00
6347,Patricia,Rodriguez,patricia.rodriguez6347@cybervault.com,CyberVault,Outbound - SDR,SQL,88,,,,2021-02-22T00:00:00
6348,Lisa,Martin,lisa.martin6348@vertexai.com,VertexAI,Paid Search,Disqualified,26,,,,2022-12-21T00:00:00
6349,Daniel,Hernandez,daniel.hernandez6349@vertexai.com,VertexAI,Partner Referral,Converted,100,4880,239,2024-05-04,2024-02-07T00:00:00
6350,Daniel,Lopez,daniel.lopez6350@streamlineanalytics.com,StreamLine Analytics,Product-Led,Converted,62,4141,270,2023-07-02,2023-06-30T00:00:00
6351,Lisa,Wilson,lisa.wilson6351@scaleupsystems.com,ScaleUp Systems,,MQL,94,,,,2023-06-07T00:00:00
6352,Jessica,Taylor,jessica.taylor6352@vertexai.com,VertexAI,Inbound - Webinar,Converted,84,1313,872,2024-11-06,2024-09-12T00:00:00
6353,Jennifer,Davis,jennifer.davis6353@corestack.com,CoreStack,Social Media,Nurture,42,,,,2023-10-13T00:00:00
6354,William,Thomas,william.thomas6354@cybervault.com,CyberVault,Inbound - Web,New,42,,,,2023-07-27T00:00:00
6355,David,Wilson,david.wilson6355@cloudscalesystems.com,CloudScale Systems,Product-Led,Converted,-50,1085,288,2024-11-23,2024-10-01T00:00:00
6356,Christopher,Miller,christopher.miller6356@corestack.com,CoreStack,Outbound - Cold,New,41,,,,2023-10-30T00:00:00
6357,Christopher,Jones,christopher.jones6357@nexgensolutions.com,NexGen Solutions,Inbound - Content,MQL,59,,,,2021-05-30T00:00:00
6358,Daniel,Thomas,,PulsePoint Digital,Partner Referral,Working,32,,,,2023-03-17T00:00:00
6359,Christopher,Rodriguez,christopher.rodriguez6359@scaleupsystems.com,ScaleUp Systems,Inbound - Content,Disqualified,6,,,,2022-05-15T00:00:00
6360,Lisa,Anderson,lisa.anderson6360@brightwavetech.com,BrightWave Tech,Partner Referral,Disqualified,20,,,,2020-04-14T00:00:00
6361,Joseph,Thomas,,Insight Platforms,Event,Converted,68,344,5,2024-10-02,2024-08-26T00:00:00
6362,Jennifer,Martinez,jennifer.martinez6362@corestack.com,CoreStack,Outbound - SDR,New,20,,,,2020-02-09T00:00:00
6363,Karen,Thomas,karen.thomas,PulsePoint Digital,Inbound - Web,Disqualified,30,,,,2020-12-17T00:00:00
6364,Christopher,Rodriguez,christopher.rodriguez6364@quantumlogiclabs.com,QuantumLogic Labs,Social Media,New,11,,,,2022-01-05T00:00:00
6365,Thomas,Wilson,thomas.wilson6365@cybervault.com,CyberVault,Social Media,MQL,51,,,,2023-03-19T00:00:00
6366,Barbara,Jones,barbara.jones6366@pulsepointdigital.com,PulsePoint Digital,Outbound - SDR,Working,42,,,,2021-10-30T00:00:00
6367,Christopher,Miller,christopher.miller6367@vertexai.com,VertexAI,Inbound - Web,Disqualified,18,,,,2023-03-04T00:00:00
6368,Robert,Jones,robert.jones6368@cybervault.com,CyberVault,Outbound - Cold,Working,53,,,,2023-04-02T00:00:00
6369,Michael,Martinez,michael.martinez6369@vertexai.com,VertexAI,Inbound - Content,New,16,,,,2020-12-05T00:00:00
6370,Susan,Smith,susan.smith6370@nexgensolutions.com,NexGen Solutions,Inbound - Webinar,MQL,51,,,,2020-06-09T00:00:00
6371,Elizabeth,Brown,elizabeth.brown6371@brightwavetech.com,BrightWave Tech,Outbound - Cold,Disqualified,21,,,,2024-08-26T00:00:00
6372,Mary,Smith,mary.smith6372@quantumlogiclabs.com,QuantumLogic Labs,Outbound - Cold,SQL,51,,,,2022-01-28T00:00:00
6373,Karen,Rodriguez,karen.rodriguez6373@rapidcloud.com,RapidCloud,Inbound - Content,MQL,80,,,,2023-06-07T00:00:00
6374,Robert,Martinez,robert.martinez6374@agiledynamics.com,Agile Dynamics,Paid Search,Nurture,36,,,,2020-11-06T00:00:00
6375,Michael,Taylor,michael.taylor6375@insightplatforms.com,Insight Platforms,Inbound - Content,MQL,54,,,,2021-05-14T00:00:00
6376,Elizabeth,Davis,elizabeth.davis6376@brightwavetech.com,BrightWave Tech,Social Media,Nurture,29,,,,2022-11-29T00:00:00
6377,Susan,Williams,susan.williams6377@vertexai.com,VertexAI,Product-Led,Converted,100,592,369,2021-05-31,2021-04-24T00:00:00
6378,Elizabeth,Anderson,elizabeth.anderson6378@scaleupsystems.com,ScaleUp Systems,Outbound - Cold,Working,32,,,,2020-05-16T00:00:00
6379,William,Smith,william.smith6379@primepathdigital.com,PrimePath Digital,Inbound - Content,Converted,76,1873,942,2022-08-11,2022-07-25T00:00:00
6380,Mary,Johnson,mary.johnson6380@scaleupsystems.com,ScaleUp Systems,Inbound - Content,Working,60,,,,2020-04-12T00:00:00
6381,Michael,Jones,michael.jones6381@quantumlogiclabs.com,QuantumLogic Labs,Outbound - Cold,Converted,51,3086,374,2024-10-11,2024-10-05T00:00:00
6382,Susan,Thomas,susan.thomas6382@brightwavetech.com,BrightWave Tech,Outbound - Cold,Disqualified,28,,,,2021-11-12T00:00:00
6383,Christopher,Smith,christopher.smith6383@rapidcloud.com,RapidCloud,Inbound - Webinar,Converted,65,2999,640,2024-01-04,2023-10-28T00:00:00
6384,Susan,Garcia,susan.garcia6384@futureforge.com,FutureForge,Inbound - Webinar,Converted,57,1829,59,2024-09-29,2024-08-25T00:00:00
6385,David,Taylor,david.taylor6385@streamlineanalytics.com,StreamLine Analytics,Inbound - Webinar,New,33,,,,2023-03-30T00:00:00
6386,Richard,Anderson,richard.anderson6386@rapidcloud.com,RapidCloud,Outbound - SDR,Converted,79,968,379,2023-05-31,2023-05-06T00:00:00
6387,Lisa,Taylor,lisa.taylor6387@primepathdigital.com,PrimePath Digital,Inbound - Web,Disqualified,14,,,,2021-06-10T00:00:00
6388,Charles,Rodriguez,charles.rodriguez6388@techflowinc.com,TechFlow Inc,Inbound - Web,New,62,,,,2020-08-20T00:00:00
6389,Richard,Taylor,richard.taylor6389@metasync.com,MetaSync,Outbound - SDR,New,57,,,,2023-05-29T00:00:00
6390,John,Hernandez,john.hernandez6390@insightplatforms.com,Insight Platforms,Product-Led,Converted,-95,1461,685,2024-12-11,2024-12-01T00:00:00
6391,Christopher,Wilson,christopher.wilson6391@truenorthdata.com,TrueNorth Data,Inbound - Web,SQL,58,,,,2023-10-29T00:00:00
6392,Joseph,Moore,joseph.moore6392@vertexai.com,VertexAI,Inbound - Web,SQL,88,,,,2022-12-09T00:00:00
6393,Christopher,Martin,christopher.martin6393@rapidcloud.com,RapidCloud,Outbound - Cold,SQL,54,,,,2024-08-15T00:00:00
6394,Linda,Taylor,linda.taylor6394@scaleupsystems.com,ScaleUp Systems,Paid Search,Nurture,69,,,,2023-07-11T00:00:00
6395,Christopher,Jackson,christopher.jackson6395@nexgensolutions.com,NexGen Solutions,Social Media,Converted,99,4466,973,2021-08-03,2021-05-25T00:00:00
6396,Charles,Lopez,charles.lopez6396@corestack.com,CoreStack,Social Media,Nurture,58,,,,2024-02-29T00:00:00
6397,Karen,Davis,karen.davis,Agile Dynamics,Outbound - Cold,MQL,89,,,,2020-06-18T00:00:00
6398,Thomas,Taylor,thomas.taylor6398@techflowinc.com,TechFlow Inc,Inbound - Web,Working,25,,,,2022-03-19T00:00:00
6399,Michael,Thomas,michael.thomas6399@corestack.com,CoreStack,Social Media,MQL,52,,,,2020-01-27T00:00:00
6400,James,Jones,james.jones6400@scaleupsystems.com,ScaleUp Systems,Event,Converted,65,1395,802,2023-12-16,2023-10-07T00:00:00
6401,James,Johnson,james.johnson6401@truenorthdata.com,TrueNorth Data,Outbound - SDR,SQL,93,,,,2021-03-20T00:00:00
6402,Richard,Thompson,richard.thompson6402@techflowinc.com,TechFlow Inc,Inbound - Webinar,Converted,99,2791,494,2023-05-15,2023-03-31T00:00:00
6403,Mary,Williams,mary.williams6403@scaleupsystems.com,ScaleUp Systems,Inbound - Web,Converted,88,3563,551,2024-12-22,2024-10-03T00:00:00
6404,Thomas,Jackson,thomas.jackson6404@metasync.com,MetaSync,Paid Search,Disqualified,22,,,,2023-11-27T00:00:00
6405,Christopher,Taylor,christopher.taylor6405@innovateco.com,InnovateCo,Outbound - SDR,Nurture,13,,,,2024-03-22T00:00:00
6406,Thomas,Taylor,thomas.taylor6406@primepathdigital.com,PrimePath Digital,Inbound - Content,Converted,71,2313,930,2022-09-21,2022-08-04T00:00:00
6407,William,Moore,william.moore6407@streamlineanalytics.com,StreamLine Analytics,Inbound - Content,MQL,98,,,,2022-09-23T00:00:00
6408,Lisa,Lopez,,BrightWave Tech,Paid Search,Disqualified,21,,,,2020-09-13T00:00:00
6409,Michael,Garcia,michael.garcia6409@corestack.com,CoreStack,Paid Search,Working,26,,,,2021-11-19T00:00:00
6410,Elizabeth,Miller,elizabeth.miller6410@metasync.com,MetaSync,Product-Led,Converted,99,1057,996,2024-11-11,2024-08-25T00:00:00
6411,Sarah,Davis,sarah.davis6411@quantumlogiclabs.com,QuantumLogic Labs,Partner Referral,Converted,81,971,476,2024-05-19,2024-03-26T00:00:00
6412,Jennifer,Wilson,jennifer.wilson6412@innovateco.com,InnovateCo,Partner Referral,New,20,,,,2022-11-18T00:00:00
6413,Mary,Anderson,mary.anderson6413@innovateco.com,InnovateCo,Inbound - Web,MQL,65,,,,2021-06-02T00:00:00
6414,Karen,Smith,karen.smith6414@rapidcloud.com,RapidCloud,Outbound - Cold,Disqualified,27,,,,2020-06-09T00:00:00
6415,Thomas,Johnson,thomas.johnson6415@corestack.com,CoreStack,Partner Referral,New,66,,,,2020-01-28T00:00:00
6416,Robert,Moore,robert.moore6416@primepathdigital.com,PrimePath Digital,Inbound - Webinar,New,50,,,,2022-11-08T00:00:00
6417,Michael,Thompson,michael.thompson6417@corestack.com,CoreStack,Social Media,Disqualified,1,,,,2024-05-10T00:00:00
6418,Karen,Lopez,karen.lopez6418@rapidcloud.com,RapidCloud,Outbound - SDR,Converted,94,179,577,2023-05-07,2023-04-14T00:00:00
6419,Richard,Brown,richard.brown6419@truenorthdata.com,TrueNorth Data,Product-Led,Converted,65,4536,244,2022-08-23,2022-07-29T00:00:00
6420,Barbara,Jackson,barbara.jackson6420@streamlineanalytics.com,StreamLine Analytics,Outbound - Cold,New,42,,,,2021-03-30T00:00:00
6421,Charles,Thompson,charles.thompson,RapidCloud,Outbound - Cold,Nurture,12,,,,2022-05-30T00:00:00
6422,Elizabeth,Moore,elizabeth.moore6422@cybervault.com,CyberVault,Inbound - Content,Working,57,,,,2020-11-06T00:00:00
6423,Mary,Garcia,mary.garcia6423@vertexai.com,VertexAI,Social Media,MQL,73,,,,2020-10-21T00:00:00
6424,Linda,Gonzalez,linda.gonzalez6424@agiledynamics.com,Agile Dynamics,Paid Search,Disqualified,23,,,,2021-02-21T00:00:00
6425,Elizabeth,Garcia,elizabeth.garcia6425@databridgecorp.com,DataBridge Corp,Inbound - Web,Disqualified,9,,,,2021-12-25T00:00:00
6426,John,Gonzalez,john.gonzalez6426@cloudscalesystems.com,CloudScale Systems,Product-Led,New,21,,,,2023-03-16T00:00:00
6427,Mary,Jackson,mary.jackson6427@futureforge.com,FutureForge,Event,Disqualified,25,,,,2023-10-27T00:00:00
6428,Nancy,Gonzalez,nancy.gonzalez6428@cybervault.com,CyberVault,Event,Disqualified,30,,,,2020-03-13T00:00:00
6429,David,Smith,david.smith6429@primepathdigital.com,PrimePath Digital,Inbound - Webinar,Nurture,51,,,,2020-07-17T00:00:00
6430,Patricia,Davis,,RapidCloud,Product-Led,Nurture,-54,,,,2021-10-04T00:00:00
6431,John,Williams,john.williams6431@techflowinc.com,TechFlow Inc,Inbound - Content,Disqualified,30,,,,2024-06-14T00:00:00
6432,Patricia,Thompson,patricia.thompson6432@cloudscalesystems.com,CloudScale Systems,Outbound - SDR,MQL,63,,,,2021-07-15T00:00:00
6433,John,Thompson,john.thompson6433@corestack.com,CoreStack,Event,SQL,75,,,,2020-06-07T00:00:00
6434,Nancy,Moore,nancy.moore6434@streamlineanalytics.com,StreamLine Analytics,Event,New,23,,,,2020-11-29T00:00:00
6435,Elizabeth,Moore,elizabeth.moore6435@cloudscalesystems.com,CloudScale Systems,Inbound - Webinar,Nurture,39,,,,2023-10-28T00:00:00
6436,William,Gonzalez,william.gonzalez6436@metasync.com,MetaSync,Inbound - Webinar,SQL,53,,,,2024-09-20T00:00:00
6437,Karen,Rodriguez,karen.rodriguez6437@futureforge.com,FutureForge,Event,Working,17,,,,2020-07-29T00:00:00
6438,James,Martinez,james.martinez6438@scaleupsystems.com,ScaleUp Systems,Inbound - Web,Converted,64,826,251,2022-02-03,2021-12-08T00:00:00
6439,Thomas,Thomas,thomas.thomas6439@techflowinc.com,TechFlow Inc,,Converted,77,4429,521,2024-11-01,2024-10-25T00:00:00
6440,Robert,Williams,robert.williams6440@rapidcloud.com,RapidCloud,Social Media,New,40,,,,2024-03-06T00:00:00
6441,Patricia,Lopez,patricia.lopez6441@insightplatforms.com,Insight Platforms,Outbound - Cold,Nurture,51,,,,2024-05-05T00:00:00
6442,James,Garcia,james.garcia6442@pulsepointdigital.com,PulsePoint Digital,Event,MQL,66,,,,2021-11-11T00:00:00
6443,Barbara,Lee,barbara.lee,Agile Dynamics,Outbound - Cold,MQL,65,,,,2023-03-10T00:00:00
6444,Daniel,Johnson,daniel.johnson6444@techflowinc.com,TechFlow Inc,Product-Led,SQL,66,,,,2020-11-25T00:00:00
6445,James,Jones,james.jones6445@corestack.com,CoreStack,Inbound - Web,Nurture,24,,,,2024-10-23T00:00:00
6446,Nancy,Wilson,nancy.wilson6446@techflowinc.com,TechFlow Inc,Event,SQL,56,,,,2020-06-26T00:00:00
6447,Elizabeth,Taylor,elizabeth.taylor6447@corestack.com,CoreStack,Social Media,Converted,98,1663,710,2024-10-25,2024-08-05T00:00:00
6448,Nancy,Smith,nancy.smith6448@scaleupsystems.com,ScaleUp Systems,Outbound - SDR,Converted,71,2033,655,2024-12-23,2024-11-13T00:00:00
6449,Sarah,Martinez,sarah.martinez6449@corestack.com,CoreStack,Inbound - Content,Converted,59,1972,433,2023-08-31,2023-08-04T00:00:00
6450,Linda,Lee,linda.lee6450@agiledynamics.com,Agile Dynamics,Outbound - Cold,Working,14,,,,2023-01-11T00:00:00
6451,Michael,Lee,michael.lee6451@truenorthdata.com,TrueNorth Data,Inbound - Web,Nurture,41,,,,2024-08-07T00:00:00
6452,William,Anderson,william.anderson6452@truenorthdata.com,TrueNorth Data,Inbound - Webinar,New,46,,,,2023-03-20T00:00:00
6453,Thomas,Martin,thomas.martin6453@vertexai.com,VertexAI,Inbound - Webinar,New,27,,,,2023-08-09T00:00:00
6454,Richard,Lopez,richard.lopez6454@primepathdigital.com,PrimePath Digital,Outbound - Cold,Disqualified,23,,,,2021-06-23T00:00:00
6455,Karen,Gonzalez,karen.gonzalez6455@metasync.com,MetaSync,Social Media,MQL,84,,,,2020-07-19T00:00:00
6456,Karen,Anderson,karen.anderson6456@pulsepointdigital.com,PulsePoint Digital,Outbound - Cold,Disqualified,0,,,,2020-02-01T00:00:00
6457,Nancy,Jones,nancy.jones6457@techflowinc.com,TechFlow Inc,Inbound - Content,Converted,69,4961,321,2023-12-23,2023-10-13T00:00:00
6458,James,Martin,james.martin6458@corestack.com,CoreStack,Inbound - Webinar,Working,-23,,,,2020-02-28T00:00:00
6459,Karen,Moore,karen.moore6459@scaleupsystems.com,ScaleUp Systems,Product-Led,Converted,92,3640,597,2024-10-16,2024-08-19T00:00:00
6460,William,Johnson,william.johnson6460@cybervault.com,CyberVault,Event,MQL,76,,,,2020-07-23T00:00:00
6461,Thomas,Hernandez,thomas.hernandez6461@pulsepointdigital.com,PulsePoint Digital,Inbound - Content,Converted,89,3686,859,2021-07-21,2021-06-24T00:00:00
6462,Barbara,Thomas,barbara.thomas6462@brightwavetech.com,BrightWave Tech,Social Media,New,57,,,,2024-12-20T00:00:00
6463,Mary,Gonzalez,mary.gonzalez6463@cybervault.com,CyberVault,Inbound - Content,Converted,69,2111,1000,2024-05-22,2024-02-28T00:00:00
6464,Linda,Moore,linda.moore6464@scaleupsystems.com,ScaleUp Systems,Paid Search,Nurture,69,,,,2020-04-19T00:00:00
6465,Elizabeth,Martin,elizabeth.martin6465@databridgecorp.com,DataBridge Corp,Event,Working,30,,,,2023-07-23T00:00:00
6466,Christopher,Brown,christopher.brown6466@truenorthdata.com,TrueNorth Data,Inbound - Content,Nurture,69,,,,2024-12-22T00:00:00
6467,Christopher,Williams,christopher.williams6467@corestack.com,CoreStack,Outbound - Cold,Disqualified,28,,,,2023-08-10T00:00:00
6468,Christopher,Smith,christopher.smith6468@techflowinc.com,TechFlow Inc,Inbound - Web,Disqualified,27,,,,2023-01-11T00:00:00
6469,Charles,Anderson,charles.anderson6469@pulsepointdigital.com,PulsePoint Digital,Inbound - Content,New,39,,,,2023-06-01T00:00:00
6470,Joseph,Williams,joseph.williams6470@corestack.com,CoreStack,Event,Nurture,66,,,,2023-07-03T00:00:00
6471,Mary,Johnson,mary.johnson6471@agiledynamics.com,Agile Dynamics,Inbound - Webinar,MQL,94,,,,2022-08-06T00:00:00
6472,Jennifer,Garcia,jennifer.garcia6472@truenorthdata.com,TrueNorth Data,,SQL,84,,,,2023-07-09T00:00:00
6473,Mary,Garcia,mary.garcia6473@corestack.com,CoreStack,Partner Referral,Converted,64,1981,926,2022-04-04,2022-01-25T00:00:00
6474,Joseph,Miller,joseph.miller6474@cybervault.com,CyberVault,Product-Led,Converted,80,1902,501,2021-03-01,2020-12-31T00:00:00
6475,Karen,Brown,karen.brown6475@futureforge.com,FutureForge,Inbound - Web,Working,31,,,,2023-10-06T00:00:00
6476,Susan,Martin,susan.martin6476@pulsepointdigital.com,PulsePoint Digital,,New,32,,,,2024-05-19T00:00:00
6477,Linda,Miller,linda.miller6477@databridgecorp.com,DataBridge Corp,Social Media,New,69,,,,2024-04-02T00:00:00
6478,James,Gonzalez,james.gonzalez6478@nexgensolutions.com,NexGen Solutions,Outbound - SDR,Working,48,,,,2021-01-04T00:00:00
6479,Charles,Lopez,charles.lopez6479@cybervault.com,CyberVault,Paid Search,New,67,,,,2021-01-19T00:00:00
6480,Lisa,Garcia,lisa.garcia6480@streamlineanalytics.com,StreamLine Analytics,Inbound - Content,Disqualified,9,,,,2021-04-18T00:00:00
6481,Jessica,Miller,jessica.miller6481@innovateco.com,InnovateCo,Partner Referral,New,47,,,,2020-07-07T00:00:00
6482,Patricia,Gonzalez,patricia.gonzalez6482@corestack.com,CoreStack,Inbound - Web,SQL,98,,,,2020-11-12T00:00:00
6483,John,Smith,john.smith6483@pulsepointdigital.com,PulsePoint Digital,Outbound - SDR,New,13,,,,2022-10-26T00:00:00
6484,Lisa,Wilson,lisa.wilson6484@quantumlogiclabs.com,QuantumLogic Labs,Partner Referral,MQL,82,,,,2021-05-20T00:00:00
6485,Patricia,Smith,patricia.smith6485@insightplatforms.com,Insight Platforms,Paid Search,Converted,87,281,949,2024-06-05,2024-05-15T00:00:00
6486,William,Smith,william.smith,CloudScale Systems,Partner Referral,Nurture,69,,,,2021-10-01T00:00:00
6487,Lisa,Jones,lisa.jones,CloudScale Systems,Product-Led,SQL,78,,,,2021-03-04T00:00:00
6488,Mary,Johnson,mary.johnson6488@truenorthdata.com,TrueNorth Data,Inbound - Content,MQL,100,,,,2024-03-24T00:00:00
6489,James,Wilson,james.wilson6489@cloudscalesystems.com,CloudScale Systems,Paid Search,Converted,52,3708,555,2023-02-08,2023-01-01T00:00:00
6490,Barbara,Garcia,barbara.garcia6490@truenorthdata.com,TrueNorth Data,Paid Search,Converted,88,1940,492,2024-02-01,2023-12-01T00:00:00
6491,Elizabeth,Rodriguez,elizabeth.rodriguez,InnovateCo,Partner Referral,Working,53,,,,2024-06-03T00:00:00
6492,Jennifer,Wilson,jennifer.wilson6492@metasync.com,MetaSync,Inbound - Web,Working,22,,,,2022-06-11T00:00:00
6493,Sarah,Jones,sarah.jones6493@nexgensolutions.com,NexGen Solutions,Event,MQL,80,,,,2024-06-12T00:00:00
6494,James,Wilson,james.wilson6494@rapidcloud.com,RapidCloud,Partner Referral,MQL,60,,,,2023-06-09T00:00:00
6495,David,Brown,david.brown6495@streamlineanalytics.com,StreamLine Analytics,Paid Search,SQL,64,,,,2020-06-29T00:00:00
6496,Michael,Rodriguez,michael.rodriguez6496@scaleupsystems.com,ScaleUp Systems,Outbound - SDR,New,48,,,,2022-05-17T00:00:00
6497,David,Lee,david.lee6497@primepathdigital.com,PrimePath Digital,Product-Led,Converted,72,287,858,2024-08-07,2024-07-08T00:00:00
6498,Linda,Rodriguez,linda.rodriguez6498@corestack.com,CoreStack,Paid Search,New,39,,,,2021-09-30T00:00:00
6499,Karen,Taylor,karen.taylor6499@agiledynamics.com,Agile Dynamics,Partner Referral,Converted,57,3425,102,2024-03-22,2024-02-13T00:00:00
6500,Richard,Garcia,richard.garcia6500@pulsepointdigital.com,PulsePoint Digital,Event,Nurture,27,,,,2022-01-19T00:00:00
6501,David,Lopez,david.lopez6501@insightplatforms.com,Insight Platforms,,Working,29,,,,2022-02-21T00:00:00
6502,Mary,Davis,mary.davis6502@cybervault.com,CyberVault,Inbound - Content,Converted,98,4165,205,2024-04-14,2024-03-01T00:00:00
6503,Daniel,Hernandez,daniel.hernandez6503@cybervault.com,CyberVault,Social Media,MQL,60,,,,2023-12-11T00:00:00
6504,Jessica,Jackson,jessica.jackson6504@nexgensolutions.com,NexGen Solutions,Paid Search,Working,48,,,,2022-08-29T00:00:00
6505,Susan,Brown,susan.brown6505@quantumlogiclabs.com,QuantumLogic Labs,Inbound - Content,Converted,54,4751,479,2023-06-28,2023-06-09T00:00:00
6506,Linda,Martinez,linda.martinez6506@quantumlogiclabs.com,QuantumLogic Labs,Inbound - Web,Disqualified,17,,,,2023-12-31T00:00:00
6507,David,Lee,david.lee6507@vertexai.com,VertexAI,Event,Converted,90,3352,323,2024-06-03,2024-03-27T00:00:00
6508,Lisa,Martinez,lisa.martinez6508@futureforge.com,FutureForge,Outbound - SDR,New,16,,,,2020-12-07T00:00:00
6509,Mary,Thomas,,CoreStack,Product-Led,New,35,,,,2023-10-09T00:00:00
6510,Richard,Lopez,richard.lopez6510@rapidcloud.com,RapidCloud,Inbound - Web,Working,35,,,,2024-03-03T00:00:00
6511,Richard,Thomas,richard.thomas6511@pulsepointdigital.com,PulsePoint Digital,Outbound - Cold,MQL,62,,,,2024-06-10T00:00:00
6512,John,Martinez,john.martinez6512@pulsepointdigital.com,PulsePoint Digital,Outbound - SDR,SQL,89,,,,2024-12-16T00:00:00
6513,Mary,Thompson,mary.thompson6513@metasync.com,MetaSync,Outbound - SDR,MQL,72,,,,2020-03-10T00:00:00
6514,Sarah,Miller,sarah.miller6514@innovateco.com,InnovateCo,Inbound - Web,MQL,79,,,,2020-04-17T00:00:00
6515,James,Garcia,james.garcia6515@cloudscalesystems.com,CloudScale Systems,Inbound - Webinar,New,30,,,,2022-05-19T00:00:00
6516,Sarah,Anderson,sarah.anderson6516@quantumlogiclabs.com,QuantumLogic Labs,Inbound - Webinar,MQL,84,,,,2022-06-17T00:00:00
6517,Mary,Miller,mary.miller6517@agiledynamics.com,Agile Dynamics,Social Media,Disqualified,13,,,,2023-08-10T00:00:00
6518,Charles,Jones,charles.jones6518@pulsepointdigital.com,PulsePoint Digital,Partner Referral,Converted,85,1037,324,2024-11-22,2024-09-17T00:00:00
6519,Jennifer,Thomas,jennifer.thomas,CloudScale Systems,Inbound - Web,SQL,93,,,,2022-10-20T00:00:00
6520,Karen,Moore,karen.moore6520@corestack.com,CoreStack,Outbound - Cold,Disqualified,17,,,,2020-01-03T00:00:00
6521,Susan,Lopez,susan.lopez6521@techflowinc.com,TechFlow Inc,Outbound - SDR,SQL,84,,,,2020-10-16T00:00:00
6522,James,Martin,,TrueNorth Data,Social Media,New,64,,,,2022-08-26T00:00:00
6523,David,Jones,david.jones6523@corestack.com,CoreStack,Inbound - Web,Converted,94,1784,904,2021-06-15,2021-04-07T00:00:00
6524,Sarah,Davis,sarah.davis6524@agiledynamics.com,Agile Dynamics,Social Media,MQL,53,,,,2022-02-10T00:00:00
6525,William,Taylor,william.taylor6525@quantumlogiclabs.com,QuantumLogic Labs,Outbound - Cold,Disqualified,17,,,,2022-08-26T00:00:00
6526,Elizabeth,Gonzalez,elizabeth.gonzalez6526@futureforge.com,FutureForge,Social Media,SQL,88,,,,2024-10-28T00:00:00
6527,Richard,Davis,,FutureForge,Inbound - Content,Converted,73,1401,671,2021-02-20,2021-02-05T00:00:00
6528,Jessica,Martin,jessica.martin6528@innovateco.com,InnovateCo,Inbound - Webinar,Converted,77,3766,778,2022-04-08,2022-03-23T00:00:00
6529,Nancy,Miller,nancy.miller6529@cloudscalesystems.com,CloudScale Systems,Partner Referral,Nurture,65,,,,2020-11-18T00:00:00
6530,Karen,Brown,karen.brown6530@cloudscalesystems.com,CloudScale Systems,Inbound - Web,Nurture,28,,,,2024-03-30T00:00:00
6531,Joseph,Martin,joseph.martin6531@innovateco.com,InnovateCo,Product-Led,New,36,,,,2022-05-13T00:00:00
6532,Joseph,Jackson,joseph.jackson6532@pulsepointdigital.com,PulsePoint Digital,Social Media,New,61,,,,2022-05-08T00:00:00
6533,Elizabeth,Miller,elizabeth.miller6533@streamlineanalytics.com,StreamLine Analytics,Inbound - Webinar,SQL,53,,,,2021-06-18T00:00:00
6534,William,Brown,william.brown6534@techflowinc.com,TechFlow Inc,Inbound - Webinar,Converted,98,4300,214,2024-10-16,2024-10-09T00:00:00
6535,Mary,Jackson,mary.jackson6535@agiledynamics.com,Agile Dynamics,Product-Led,New,29,,,,2022-07-31T00:00:00
6536,Christopher,Martin,christopher.martin6536@rapidcloud.com,RapidCloud,,MQL,68,,,,2023-06-26T00:00:00
6537,Lisa,Lee,lisa.lee6537@pulsepointdigital.com,PulsePoint Digital,Event,Converted,-56,4291,193,2024-04-26,2024-03-16T00:00:00
6538,Susan,Moore,susan.moore,Agile Dynamics,Partner Referral,Converted,86,4404,117,2024-07-01,2024-06-05T00:00:00
6539,Thomas,Johnson,thomas.johnson6539@streamlineanalytics.com,StreamLine Analytics,Partner Referral,SQL,80,,,,2024-05-31T00:00:00
6540,Sarah,Wilson,sarah.wilson6540@rapidcloud.com,RapidCloud,Partner Referral,Nurture,12,,,,2021-09-06T00:00:00
6541,Michael,Martinez,michael.martinez6541@nexgensolutions.com,NexGen Solutions,Product-Led,New,45,,,,2021-04-10T00:00:00
6542,William,Lee,william.lee6542@rapidcloud.com,RapidCloud,Event,SQL,91,,,,2023-01-05T00:00:00
6543,Daniel,Taylor,daniel.taylor6543@quantumlogiclabs.com,QuantumLogic Labs,Event,Converted,64,694,199,2023-07-22,2023-07-05T00:00:00
6544,Susan,Anderson,susan.anderson6544@databridgecorp.com,DataBridge Corp,Outbound - Cold,Disqualified,-20,,,,2021-06-22T00:00:00
6545,William,Jones,william.jones6545@brightwavetech.com,BrightWave Tech,Outbound - Cold,Nurture,13,,,,2023-12-29T00:00:00
6546,David,Miller,david.miller6546@primepathdigital.com,PrimePath Digital,Social Media,Converted,78,983,489,2024-09-09,2024-06-20T00:00:00
6547,Mary,Thomas,mary.thomas6547@quantumlogiclabs.com,QuantumLogic Labs,Event,SQL,89,,,,2024-10-24T00:00:00
6548,Elizabeth,Jackson,elizabeth.jackson6548@cybervault.com,CyberVault,Partner Referral,Converted,55,3839,451,2024-11-13,2024-11-06T00:00:00
6549,Lisa,Brown,lisa.brown6549@vertexai.com,VertexAI,Partner Referral,Working,67,,,,2021-03-24T00:00:00
6550,Daniel,Brown,daniel.brown6550@pulsepointdigital.com,PulsePoint Digital,Social Media,MQL,52,,,,2021-12-21T00:00:00
6551,Susan,Jackson,susan.jackson6551@agiledynamics.com,Agile Dynamics,Event,New,15,,,,2020-12-10T00:00:00
6552,David,Moore,david.moore6552@cloudscalesystems.com,CloudScale Systems,Inbound - Web,Disqualified,25,,,,2024-11-24T00:00:00
6553,Jessica,Martinez,jessica.martinez6553@vertexai.com,VertexAI,Social Media,New,54,,,,2022-06-03T00:00:00
6554,Thomas,Smith,thomas.smith6554@innovateco.com,InnovateCo,Inbound - Web,Working,50,,,,2022-09-23T00:00:00
6555,Daniel,Lopez,,CloudScale Systems,Event,Disqualified,7,,,,2021-01-08T00:00:00
6556,Jennifer,Davis,jennifer.davis6556@nexgensolutions.com,NexGen Solutions,Outbound - SDR,New,29,,,,2023-09-02T00:00:00
6557,Robert,Thomas,robert.thomas6557@agiledynamics.com,Agile Dynamics,Partner Referral,MQL,90,,,,2024-10-01T00:00:00
6558,Patricia,Martinez,,PulsePoint Digital,Outbound - Cold,Disqualified,0,,,,2022-12-22T00:00:00
6559,Susan,Wilson,susan.wilson6559@corestack.com,CoreStack,Paid Search,Nurture,52,,,,2023-10-10T00:00:00
6560,James,Johnson,james.johnson,FutureForge,Inbound - Webinar,Working,62,,,,2022-02-11T00:00:00
6561,Michael,Thomas,michael.thomas6561@brightwavetech.com,BrightWave Tech,Inbound - Webinar,Disqualified,29,,,,2023-11-05T00:00:00
6562,Lisa,Martinez,lisa.martinez6562@cloudscalesystems.com,CloudScale Systems,Partner Referral,SQL,66,,,,2020-11-19T00:00:00
6563,Mary,Lee,mary.lee6563@scaleupsystems.com,ScaleUp Systems,Inbound - Content,New,24,,,,2024-08-02T00:00:00
6564,Jennifer,Miller,jennifer.miller6564@streamlineanalytics.com,StreamLine Analytics,Paid Search,Converted,51,3246,969,2023-09-03,2023-06-27T00:00:00
6565,William,Davis,william.davis6565@databridgecorp.com,DataBridge Corp,Event,MQL,77,,,,2022-07-26T00:00:00
6566,Jessica,Williams,jessica.williams6566@techflowinc.com,TechFlow Inc,Social Media,MQL,59,,,,2024-06-05T00:00:00
6567,James,Martinez,james.martinez6567@cybervault.com,CyberVault,Inbound - Content,Working,25,,,,2024-02-02T00:00:00
6568,Joseph,Anderson,joseph.anderson6568@vertexai.com,VertexAI,Inbound - Webinar,Working,47,,,,2021-03-03T00:00:00
6569,David,Johnson,david.johnson6569@brightwavetech.com,BrightWave Tech,Paid Search,SQL,69,,,,2022-11-13T00:00:00
6570,Robert,Miller,robert.miller6570@agiledynamics.com,Agile Dynamics,Social Media,Working,68,,,,2021-10-23T00:00:00
6571,Sarah,Lopez,sarah.lopez6571@vertexai.com,VertexAI,,MQL,-51,,,,2022-07-13T00:00:00
6572,Linda,Rodriguez,linda.rodriguez6572@primepathdigital.com,PrimePath Digital,Inbound - Content,SQL,61,,,,2022-04-05T00:00:00
6573,Lisa,Smith,lisa.smith6573@insightplatforms.com,Insight Platforms,Paid Search,Disqualified,2,,,,2023-07-01T00:00:00
6574,Jessica,Gonzalez,jessica.gonzalez6574@scaleupsystems.com,ScaleUp Systems,Partner Referral,Converted,85,4382,67,2022-12-04,2022-10-04T00:00:00
6575,Jessica,Williams,jessica.williams6575@brightwavetech.com,BrightWave Tech,Partner Referral,MQL,99,,,,2022-09-10T00:00:00
6576,Charles,Anderson,,CyberVault,Inbound - Web,Converted,85,2786,172,2024-03-25,2024-01-26T00:00:00
6577,Lisa,Davis,lisa.davis6577@futureforge.com,FutureForge,,MQL,100,,,,2024-06-05T00:00:00
6578,Charles,Garcia,charles.garcia6578@nexgensolutions.com,NexGen Solutions,Inbound - Web,Disqualified,26,,,,2023-06-11T00:00:00
6579,William,Brown,william.brown6579@innovateco.com,InnovateCo,Inbound - Web,Disqualified,11,,,,2022-06-20T00:00:00
6580,Jennifer,Miller,jennifer.miller6580@rapidcloud.com,RapidCloud,Social Media,SQL,51,,,,2022-12-04T00:00:00
6581,Jessica,Brown,jessica.brown6581@truenorthdata.com,TrueNorth Data,Inbound - Content,Working,51,,,,2023-04-19T00:00:00
6582,Jennifer,Jones,jennifer.jones6582@insightplatforms.com,Insight Platforms,Social Media,MQL,58,,,,2020-05-25T00:00:00
6583,Mary,Brown,mary.brown,NexGen Solutions,Partner Referral,Disqualified,11,,,,2024-06-04T00:00:00
6584,John,Gonzalez,john.gonzalez6584@scaleupsystems.com,ScaleUp Systems,Outbound - Cold,SQL,60,,,,2023-06-08T00:00:00
6585,Charles,Taylor,charles.taylor6585@quantumlogiclabs.com,QuantumLogic Labs,Product-Led,New,43,,,,2024-04-29T00:00:00
6586,Karen,Miller,karen.miller6586@primepathdigital.com,PrimePath Digital,Event,MQL,99,,,,2023-07-24T00:00:00
6587,Nancy,Johnson,nancy.johnson6587@primepathdigital.com,PrimePath Digital,Paid Search,New,21,,,,2020-04-23T00:00:00
6588,William,Brown,william.brown6588@brightwavetech.com,BrightWave Tech,Paid Search,MQL,64,,,,2023-09-10T00:00:00
6589,Nancy,Miller,nancy.miller6589@futureforge.com,FutureForge,Outbound - SDR,SQL,51,,,,2022-02-22T00:00:00
6590,Mary,Thompson,mary.thompson6590@pulsepointdigital.com,PulsePoint Digital,Inbound - Webinar,Converted,79,2501,606,2024-04-23,2024-04-16T00:00:00
6591,Michael,Williams,michael.williams6591@insightplatforms.com,Insight Platforms,Outbound - Cold,New,20,,,,2023-12-20T00:00:00
6592,Sarah,Jones,sarah.jones,BrightWave Tech,Product-Led,Converted,84,4862,719,2023-11-11,2023-10-14T00:00:00
6593,Nancy,Johnson,nancy.johnson6593@quantumlogiclabs.com,QuantumLogic Labs,Partner Referral,Converted,90,4061,353,2024-03-22,2024-02-13T00:00:00
6594,Patricia,Lopez,patricia.lopez6594@corestack.com,CoreStack,Outbound - SDR,SQL,65,,,,2022-08-15T00:00:00
6595,Daniel,Lopez,daniel.lopez6595@databridgecorp.com,DataBridge Corp,Event,Converted,77,4509,682,2024-06-20,2024-04-29T00:00:00
6596,Lisa,Gonzalez,lisa.gonzalez6596@databridgecorp.com,DataBridge Corp,Event,MQL,81,,,,2023-08-09T00:00:00
6597,Richard,Garcia,richard.garcia6597@corestack.com,CoreStack,Inbound - Web,SQL,86,,,,2022-12-16T00:00:00
6598,Susan,Lopez,susan.lopez6598@truenorthdata.com,TrueNorth Data,Paid Search,Converted,67,4980,678,2023-03-22,2023-01-28T00:00:00
6599,Mary,Martin,mary.martin6599@truenorthdata.com,TrueNorth Data,Outbound - SDR,Disqualified,28,,,,2024-12-24T00:00:00
6600,Charles,Gonzalez,charles.gonzalez6600@pulsepointdigital.com,PulsePoint Digital,Paid Search,New,21,,,,2023-06-20T00:00:00
6601,Elizabeth,Johnson,elizabeth.johnson6601@databridgecorp.com,DataBridge Corp,Product-Led,MQL,55,,,,2020-04-20T00:00:00
6602,Joseph,Wilson,joseph.wilson6602@innovateco.com,InnovateCo,Partner Referral,Nurture,69,,,,2021-01-25T00:00:00
6603,Michael,Jackson,michael.jackson6603@metasync.com,MetaSync,Paid Search,SQL,96,,,,2021-07-03T00:00:00
6604,Joseph,Johnson,joseph.johnson6604@cloudscalesystems.com,CloudScale Systems,Paid Search,New,14,,,,2024-06-20T00:00:00
6605,Thomas,Anderson,thomas.anderson6605@databridgecorp.com,DataBridge Corp,Outbound - SDR,Working,19,,,,2023-05-13T00:00:00
6606,James,Wilson,james.wilson6606@cybervault.com,CyberVault,Product-Led,Converted,88,3524,536,2022-03-17,2022-01-25T00:00:00
6607,Jennifer,Lee,jennifer.lee6607@primepathdigital.com,PrimePath Digital,Social Media,New,13,,,,2021-01-30T00:00:00
6608,David,Martin,david.martin,CloudScale Systems,Outbound - SDR,MQL,72,,,,2022-08-17T00:00:00
6609,Karen,Taylor,karen.taylor6609@agiledynamics.com,Agile Dynamics,Product-Led,Disqualified,17,,,,2020-10-07T00:00:00
6610,Elizabeth,Hernandez,elizabeth.hernandez6610@cloudscalesystems.com,CloudScale Systems,Inbound - Webinar,New,35,,,,2022-01-02T00:00:00
6611,Joseph,Thompson,joseph.thompson6611@scaleupsystems.com,ScaleUp Systems,Outbound - SDR,Disqualified,2,,,,2023-01-10T00:00:00
6612,Nancy,Davis,nancy.davis6612@agiledynamics.com,Agile Dynamics,Paid Search,Working,51,,,,2023-05-09T00:00:00
6613,Barbara,Rodriguez,barbara.rodriguez6613@streamlineanalytics.com,StreamLine Analytics,Partner Referral,SQL,65,,,,2024-11-12T00:00:00
6614,Barbara,Garcia,barbara.garcia6614@pulsepointdigital.com,PulsePoint Digital,Event,Nurture,18,,,,2023-04-12T00:00:00
6615,Christopher,Jones,christopher.jones6615@metasync.com,MetaSync,Partner Referral,New,32,,,,2024-05-08T00:00:00
6616,David,Anderson,,TrueNorth Data,Social Media,Nurture,38,,,,2023-07-10T00:00:00
6617,Susan,Lee,susan.lee6617@nexgensolutions.com,NexGen Solutions,Partner Referral,Nurture,65,,,,2021-10-03T00:00:00
6618,William,Thomas,william.thomas6618@quantumlogiclabs.com,QuantumLogic Labs,Inbound - Content,MQL,94,,,,2021-09-05T00:00:00
6619,James,Rodriguez,james.rodriguez6619@brightwavetech.com,BrightWave Tech,Product-Led,Disqualified,26,,,,2023-04-08T00:00:00
6620,Richard,Thomas,richard.thomas6620@databridgecorp.com,DataBridge Corp,Product-Led,Converted,97,1660,947,2024-08-31,2024-08-14T00:00:00
6621,Daniel,Thomas,daniel.thomas6621@brightwavetech.com,BrightWave Tech,Inbound - Webinar,Disqualified,16,,,,2023-01-23T00:00:00
6622,Lisa,Rodriguez,,Agile Dynamics,Event,Converted,-57,4456,505,2024-11-08,2024-09-01T00:00:00
6623,Sarah,Williams,sarah.williams6623@vertexai.com,VertexAI,Product-Led,Working,37,,,,2021-08-29T00:00:00
6624,Joseph,Jones,joseph.jones6624@cloudscalesystems.com,CloudScale Systems,Outbound - SDR,MQL,94,,,,2023-11-18T00:00:00
6625,Jennifer,Davis,,CloudScale Systems,Paid Search,Nurture,29,,,,2023-12-12T00:00:00
6626,Thomas,Davis,,CoreStack,Inbound - Content,Converted,76,1985,833,2024-12-05,2024-10-11T00:00:00
6627,Daniel,Rodriguez,daniel.rodriguez6627@pulsepointdigital.com,PulsePoint Digital,Outbound - SDR,Nurture,21,,,,2023-11-01T00:00:00
6628,Charles,Martinez,charles.martinez6628@agiledynamics.com,Agile Dynamics,Social Media,SQL,99,,,,2024-03-14T00:00:00
6629,Nancy,Lopez,nancy.lopez6629@techflowinc.com,TechFlow Inc,Paid Search,MQL,68,,,,2023-02-18T00:00:00
6630,Nancy,Rodriguez,nancy.rodriguez6630@vertexai.com,VertexAI,Inbound - Web,New,44,,,,2020-05-11T00:00:00
6631,Joseph,Hernandez,joseph.hernandez6631@rapidcloud.com,RapidCloud,Inbound - Webinar,New,12,,,,2020-03-28T00:00:00
6632,Charles,Smith,charles.smith6632@rapidcloud.com,RapidCloud,Inbound - Web,Converted,55,2779,893,2023-12-02,2023-10-12T00:00:00
6633,Charles,Brown,charles.brown6633@agiledynamics.com,Agile Dynamics,Event,New,47,,,,2024-06-11T00:00:00
6634,Lisa,Wilson,lisa.wilson6634@streamlineanalytics.com,StreamLine Analytics,,SQL,81,,,,2020-04-22T00:00:00
6635,Lisa,Lopez,lisa.lopez6635@innovateco.com,InnovateCo,Social Media,New,12,,,,2020-08-19T00:00:00
6636,Robert,Brown,robert.brown6636@pulsepointdigital.com,PulsePoint Digital,Social Media,SQL,90,,,,2021-01-18T00:00:00
6637,Richard,Martinez,richard.martinez6637@futureforge.com,FutureForge,Inbound - Content,Working,40,,,,2024-03-25T00:00:00
6638,Robert,Williams,robert.williams6638@insightplatforms.com,Insight Platforms,Outbound - Cold,New,-16,,,,2022-03-18T00:00:00
6639,Sarah,Williams,sarah.williams6639@vertexai.com,VertexAI,Outbound - Cold,MQL,79,,,,2022-09-23T00:00:00
6640,Thomas,Smith,thomas.smith,TechFlow Inc,Partner Referral,New,30,,,,2020-03-27T00:00:00
6641,Patricia,Hernandez,patricia.hernandez6641@rapidcloud.com,RapidCloud,Outbound - SDR,SQL,94,,,,2023-06-22T00:00:00
6642,Susan,Miller,susan.miller6642@nexgensolutions.com,NexGen Solutions,Inbound - Content,Converted,86,4323,996,2024-10-21,2024-10-18T00:00:00
6643,Charles,Davis,charles.davis6643@truenorthdata.com,TrueNorth Data,Paid Search,Disqualified,8,,,,2021-10-04T00:00:00
6644,Lisa,Martinez,lisa.martinez6644@brightwavetech.com,BrightWave Tech,Inbound - Webinar,SQL,73,,,,2024-05-01T00:00:00
6645,John,Hernandez,john.hernandez6645@streamlineanalytics.com,StreamLine Analytics,Inbound - Web,Working,-19,,,,2024-10-20T00:00:00
6646,Robert,Davis,robert.davis6646@databridgecorp.com,DataBridge Corp,Inbound - Webinar,Converted,62,261,903,2023-03-15,2022-12-28T00:00:00
6647,Joseph,Gonzalez,joseph.gonzalez,NexGen Solutions,Partner Referral,Converted,97,1871,764,2024-11-14,2024-10-17T00:00:00
6648,Jennifer,Rodriguez,jennifer.rodriguez6648@cybervault.com,CyberVault,Product-Led,Converted,82,4428,456,2022-11-14,2022-10-29T00:00:00
6649,Charles,Martinez,charles.martinez6649@quantumlogiclabs.com,QuantumLogic Labs,Inbound - Content,Working,41,,,,2021-08-07T00:00:00
6650,Sarah,Jones,sarah.jones,InnovateCo,Inbound - Content,Disqualified,8,,,,2021-09-03T00:00:00
6651,Karen,Martin,karen.martin6651@innovateco.com,InnovateCo,Partner Referral,Disqualified,26,,,,2022-10-28T00:00:00
6652,Michael,Martinez,michael.martinez6652@databridgecorp.com,DataBridge Corp,,New,14,,,,2022-03-23T00:00:00
6653,William,Hernandez,william.hernandez6653@metasync.com,MetaSync,Inbound - Webinar,Converted,90,1674,993,2024-11-03,2024-09-25T00:00:00
6654,Robert,Thomas,robert.thomas6654@rapidcloud.com,RapidCloud,Outbound - SDR,MQL,85,,,,2021-02-05T00:00:00
6655,Thomas,Martinez,thomas.martinez6655@futureforge.com,FutureForge,Partner Referral,Disqualified,15,,,,2020-12-26T00:00:00
6656,John,Gonzalez,john.gonzalez6656@quantumlogiclabs.com,QuantumLogic Labs,Event,Converted,85,2268,561,2024-11-17,2024-08-24T00:00:00
6657,James,Williams,james.williams6657@cybervault.com,CyberVault,Event,SQL,96,,,,2020-08-12T00:00:00
6658,Joseph,Jones,joseph.jones6658@cloudscalesystems.com,CloudScale Systems,Product-Led,Converted,63,3763,150,2023-06-16,2023-03-31T00:00:00
6659,Patricia,Jones,patricia.jones6659@primepathdigital.com,PrimePath Digital,Inbound - Web,Converted,82,1606,199,2024-10-01,2024-09-20T00:00:00
6660,Robert,Davis,robert.davis6660@quantumlogiclabs.com,QuantumLogic Labs,Inbound - Webinar,Converted,65,4574,916,2023-11-28,2023-09-15T00:00:00
6661,Christopher,Thomas,christopher.thomas6661@corestack.com,CoreStack,Outbound - Cold,Working,15,,,,2024-05-10T00:00:00
6662,Jessica,Davis,jessica.davis6662@streamlineanalytics.com,StreamLine Analytics,Product-Led,Converted,89,4742,713,2024-01-07,2023-11-11T00:00:00
6663,Christopher,Williams,christopher.williams6663@metasync.com,MetaSync,Social Media,New,16,,,,2024-06-07T00:00:00
6664,Jennifer,Lopez,jennifer.lopez6664@brightwavetech.com,BrightWave Tech,Outbound - SDR,SQL,66,,,,2023-04-22T00:00:00
6665,Mary,Martin,mary.martin6665@brightwavetech.com,BrightWave Tech,Paid Search,New,-59,,,,2023-11-19T00:00:00
6666,Nancy,Miller,nancy.miller6666@rapidcloud.com,RapidCloud,Inbound - Content,New,51,,,,2021-10-23T00:00:00
6667,William,Martinez,william.martinez6667@primepathdigital.com,PrimePath Digital,Outbound - Cold,Nurture,16,,,,2022-12-13T00:00:00
6668,John,Anderson,,TrueNorth Data,Inbound - Web,New,38,,,,2023-07-22T00:00:00
6669,Susan,Thompson,susan.thompson6669@cloudscalesystems.com,CloudScale Systems,Product-Led,Nurture,48,,,,2021-04-01T00:00:00
6670,Charles,Johnson,,MetaSync,Inbound - Web,Working,17,,,,2024-01-27T00:00:00
6671,Susan,Thomas,susan.thomas6671@primepathdigital.com,PrimePath Digital,Outbound - Cold,SQL,74,,,,2020-09-11T00:00:00
6672,Michael,Johnson,michael.johnson6672@vertexai.com,VertexAI,Social Media,New,57,,,,2020-12-03T00:00:00
6673,Thomas,Gonzalez,thomas.gonzalez6673@techflowinc.com,TechFlow Inc,Outbound - Cold,Converted,88,1666,783,2024-05-22,2024-03-31T00:00:00
6674,Michael,Johnson,michael.johnson6674@truenorthdata.com,TrueNorth Data,Outbound - Cold,MQL,96,,,,2022-11-17T00:00:00
6675,Daniel,Moore,,InnovateCo,Inbound - Webinar,Working,63,,,,2020-01-09T00:00:00
6676,Michael,Anderson,michael.anderson6676@streamlineanalytics.com,StreamLine Analytics,Inbound - Web,Working,16,,,,2020-01-11T00:00:00
6677,Patricia,Rodriguez,patricia.rodriguez6677@truenorthdata.com,TrueNorth Data,Paid Search,New,51,,,,2023-08-10T00:00:00
6678,Susan,Smith,susan.smith6678@techflowinc.com,TechFlow Inc,,Nurture,69,,,,2021-11-20T00:00:00
6679,Susan,Williams,susan.williams6679@corestack.com,CoreStack,Social Media,Working,36,,,,2021-07-22T00:00:00
6680,Mary,Anderson,,TrueNorth Data,Partner Referral,Nurture,52,,,,2022-07-09T00:00:00
6681,Daniel,Smith,daniel.smith6681@vertexai.com,VertexAI,Outbound - Cold,Nurture,58,,,,2023-11-24T00:00:00
6682,Michael,Taylor,michael.taylor6682@futureforge.com,FutureForge,Social Media,MQL,92,,,,2021-08-30T00:00:00
6683,Lisa,Smith,lisa.smith6683@rapidcloud.com,RapidCloud,Inbound - Webinar,Converted,88,1878,354,2024-11-07,2024-09-17T00:00:00
6684,Sarah,Davis,sarah.davis6684@scaleupsystems.com,ScaleUp Systems,Paid Search,SQL,71,,,,2020-10-30T00:00:00
6685,John,Martinez,john.martinez6685@truenorthdata.com,TrueNorth Data,Outbound - SDR,New,49,,,,2021-03-21T00:00:00
6686,Joseph,Lee,joseph.lee6686@pulsepointdigital.com,PulsePoint Digital,Outbound - SDR,Disqualified,23,,,,2020-05-28T00:00:00
6687,Mary,Jones,mary.jones6687@truenorthdata.com,TrueNorth Data,Product-Led,Converted,74,4884,451,2024-01-03,2023-12-14T00:00:00
6688,Elizabeth,Lee,elizabeth.lee6688@metasync.com,MetaSync,Outbound - Cold,Nurture,13,,,,2021-06-01T00:00:00
6689,Linda,Moore,linda.moore6689@cybervault.com,CyberVault,Event,Nurture,40,,,,2021-07-11T00:00:00
6690,David,Moore,david.moore6690@brightwavetech.com,BrightWave Tech,Partner Referral,Working,61,,,,2024-09-19T00:00:00
6691,Richard,Hernandez,richard.hernandez6691@streamlineanalytics.com,StreamLine Analytics,,Disqualified,11,,,,2021-12-03T00:00:00
6692,John,Brown,john.brown6692@insightplatforms.com,Insight Platforms,Paid Search,MQL,66,,,,2023-07-09T00:00:00
6693,Elizabeth,Garcia,elizabeth.garcia6693@pulsepointdigital.com,PulsePoint Digital,Inbound - Webinar,MQL,51,,,,2023-08-05T00:00:00
6694,William,Davis,william.davis6694@primepathdigital.com,PrimePath Digital,Partner Referral,Converted,94,4094,478,2023-06-09,2023-05-12T00:00:00
6695,Elizabeth,Martinez,elizabeth.martinez6695@cloudscalesystems.com,CloudScale Systems,Inbound - Content,Nurture,41,,,,2021-01-16T00:00:00
6696,Nancy,Smith,nancy.smith6696@brightwavetech.com,BrightWave Tech,Outbound - SDR,Converted,75,764,876,2022-08-11,2022-07-24T00:00:00
6697,Elizabeth,Lee,elizabeth.lee6697@corestack.com,CoreStack,Inbound - Web,MQL,85,,,,2024-01-18T00:00:00
6698,Elizabeth,Lopez,elizabeth.lopez6698@nexgensolutions.com,NexGen Solutions,Paid Search,New,41,,,,2020-03-04T00:00:00
6699,John,Lopez,john.lopez6699@cloudscalesystems.com,CloudScale Systems,Paid Search,Nurture,33,,,,2021-11-24T00:00:00
6700,Robert,Taylor,robert.taylor6700@brightwavetech.com,BrightWave Tech,Outbound - Cold,Nurture,27,,,,2020-08-12T00:00:00
6701,Elizabeth,Davis,elizabeth.davis6701@futureforge.com,FutureForge,Partner Referral,MQL,97,,,,2020-06-03T00:00:00
6702,John,Hernandez,john.hernandez6702@brightwavetech.com,BrightWave Tech,Event,New,12,,,,2022-10-27T00:00:00
6703,Linda,Thomas,linda.thomas6703@vertexai.com,VertexAI,Paid Search,MQL,77,,,,2021-03-12T00:00:00
6704,James,Martinez,james.martinez6704@agiledynamics.com,Agile Dynamics,Social Media,SQL,65,,,,2022-02-18T00:00:00
6705,Richard,Williams,richard.williams6705@agiledynamics.com,Agile Dynamics,Inbound - Content,Nurture,28,,,,2024-11-06T00:00:00
6706,Linda,Smith,linda.smith6706@innovateco.com,InnovateCo,Inbound - Webinar,Disqualified,10,,,,2021-06-21T00:00:00
6707,Patricia,Jones,patricia.jones6707@metasync.com,MetaSync,Inbound - Webinar,Nurture,47,,,,2023-08-01T00:00:00
6708,Nancy,Gonzalez,nancy.gonzalez6708@pulsepointdigital.com,PulsePoint Digital,Partner Referral,Disqualified,30,,,,2020-07-11T00:00:00
6709,Richard,Smith,richard.smith6709@brightwavetech.com,BrightWave Tech,Inbound - Web,Nurture,10,,,,2024-07-27T00:00:00
6710,Linda,Thompson,linda.thompson6710@cloudscalesystems.com,CloudScale Systems,Inbound - Web,Converted,93,2814,753,2023-07-13,2023-05-30T00:00:00
6711,William,Rodriguez,william.rodriguez6711@agiledynamics.com,Agile Dynamics,Outbound - SDR,Working,52,,,,2020-03-04T00:00:00
6712,Patricia,Williams,patricia.williams6712@primepathdigital.com,PrimePath Digital,Outbound - SDR,SQL,51,,,,2020-06-15T00:00:00
6713,Karen,Rodriguez,karen.rodriguez6713@rapidcloud.com,RapidCloud,Inbound - Webinar,MQL,69,,,,2021-06-19T00:00:00
6714,Jennifer,Davis,jennifer.davis6714@metasync.com,MetaSync,Event,Converted,96,4941,466,2023-02-08,2022-12-11T00:00:00
6715,Michael,Williams,michael.williams6715@databridgecorp.com,DataBridge Corp,Partner Referral,Disqualified,24,,,,2024-01-17T00:00:00
6716,Jennifer,Davis,jennifer.davis6716@quantumlogiclabs.com,QuantumLogic Labs,Inbound - Content,Working,65,,,,2022-11-09T00:00:00
6717,Elizabeth,Rodriguez,elizabeth.rodriguez6717@quantumlogiclabs.com,QuantumLogic Labs,Paid Search,MQL,60,,,,2020-02-11T00:00:00
6718,Susan,Lee,susan.lee6718@truenorthdata.com,TrueNorth Data,Outbound - Cold,MQL,53,,,,2022-09-03T00:00:00
6719,Daniel,Williams,daniel.williams6719@rapidcloud.com,RapidCloud,Outbound - Cold,Working,59,,,,2023-03-20T00:00:00
6720,Joseph,Lee,joseph.lee6720@rapidcloud.com,RapidCloud,Partner Referral,Converted,98,4837,934,2024-07-20,2024-05-19T00:00:00
6721,Linda,Lee,,CyberVault,Inbound - Content,Converted,64,765,639,2024-11-08,2024-09-26T00:00:00
6722,Nancy,Lee,nancy.lee6722@cloudscalesystems.com,CloudScale Systems,Inbound - Webinar,Converted,70,1961,907,2024-05-05,2024-03-06T00:00:00
6723,Sarah,Wilson,sarah.wilson6723@truenorthdata.com,TrueNorth Data,Partner Referral,Nurture,13,,,,2021-12-23T00:00:00
6724,Mary,Johnson,mary.johnson6724@nexgensolutions.com,NexGen Solutions,Outbound - Cold,New,51,,,,2023-01-02T00:00:00
6725,Barbara,Brown,barbara.brown6725@cloudscalesystems.com,CloudScale Systems,Event,Converted,73,1852,873,2021-03-02,2021-01-01T00:00:00
6726,Karen,Smith,karen.smith6726@futureforge.com,FutureForge,Outbound - SDR,Disqualified,12,,,,2024-12-29T00:00:00
6727,Joseph,Jones,joseph.jones6727@pulsepointdigital.com,PulsePoint Digital,Outbound - SDR,Working,17,,,,2023-09-06T00:00:00
6728,Mary,Miller,mary.miller6728@cybervault.com,CyberVault,Social Media,Working,36,,,,2020-03-13T00:00:00
6729,Susan,Miller,susan.miller6729@scaleupsystems.com,ScaleUp Systems,Inbound - Webinar,Converted,100,2858,1000,2024-03-10,2024-01-04T00:00:00
6730,Linda,Williams,linda.williams6730@metasync.com,MetaSync,Inbound - Web,MQL,64,,,,2022-05-28T00:00:00
6731,Karen,Anderson,karen.anderson6731@agiledynamics.com,Agile Dynamics,Inbound - Webinar,New,36,,,,2024-08-26T00:00:00
6732,Daniel,Martin,daniel.martin6732@pulsepointdigital.com,PulsePoint Digital,Outbound - SDR,New,65,,,,2024-10-11T00:00:00
6733,Linda,Jones,linda.jones6733@corestack.com,CoreStack,Event,New,52,,,,2023-10-31T00:00:00
6734,Christopher,Martinez,christopher.martinez6734@metasync.com,MetaSync,Paid Search,Working,47,,,,2022-03-07T00:00:00
6735,Elizabeth,Thompson,elizabeth.thompson6735@brightwavetech.com,BrightWave Tech,,Converted,52,3221,391,2020-09-30,2020-09-19T00:00:00
6736,Robert,Jones,robert.jones6736@cybervault.com,CyberVault,Inbound - Webinar,Disqualified,8,,,,2024-12-03T00:00:00
6737,Michael,Hernandez,michael.hernandez6737@rapidcloud.com,RapidCloud,Outbound - Cold,Working,26,,,,2020-03-16T00:00:00
6738,Richard,Martinez,richard.martinez6738@brightwavetech.com,BrightWave Tech,Inbound - Content,MQL,67,,,,2023-12-29T00:00:00
6739,Lisa,Hernandez,lisa.hernandez6739@vertexai.com,VertexAI,Inbound - Webinar,SQL,62,,,,2023-10-21T00:00:00
6740,Jennifer,Brown,jennifer.brown6740@corestack.com,CoreStack,Partner Referral,Disqualified,28,,,,2020-01-29T00:00:00
6741,Elizabeth,Williams,elizabeth.williams6741@primepathdigital.com,PrimePath Digital,Paid Search,SQL,64,,,,2023-12-24T00:00:00
6742,Lisa,Brown,,Insight Platforms,Inbound - Content,Disqualified,29,,,,2021-06-28T00:00:00
6743,John,Jones,john.jones6743@agiledynamics.com,Agile Dynamics,Inbound - Webinar,Working,31,,,,2020-01-16T00:00:00
6744,John,Moore,john.moore6744@futureforge.com,FutureForge,Inbound - Content,Nurture,10,,,,2020-12-15T00:00:00
6745,Richard,Smith,richard.smith6745@databridgecorp.com,DataBridge Corp,,New,63,,,,2020-10-07T00:00:00
6746,Robert,Moore,robert.moore6746@rapidcloud.com,RapidCloud,Partner Referral,Working,18,,,,2023-07-30T00:00:00
6747,David,Anderson,david.anderson6747@vertexai.com,VertexAI,Inbound - Content,MQL,64,,,,2022-11-17T00:00:00
6748,Daniel,Jackson,daniel.jackson6748@pulsepointdigital.com,PulsePoint Digital,Event,MQL,50,,,,2022-09-29T00:00:00
6749,Thomas,Garcia,thomas.garcia6749@agiledynamics.com,Agile Dynamics,Event,Disqualified,11,,,,2021-05-31T00:00:00
6750,Barbara,Rodriguez,barbara.rodriguez6750@primepathdigital.com,PrimePath Digital,Product-Led,MQL,51,,,,2022-10-29T00:00:00
6751,Nancy,Thompson,nancy.thompson6751@streamlineanalytics.com,StreamLine Analytics,Event,New,35,,,,2023-05-09T00:00:00
6752,Barbara,Garcia,barbara.garcia,CoreStack,Social Media,Disqualified,4,,,,2024-11-27T00:00:00
6753,David,Martinez,david.martinez6753@futureforge.com,FutureForge,Inbound - Content,Converted,93,1115,885,2022-08-04,2022-05-27T00:00:00
6754,Susan,Williams,susan.williams6754@futureforge.com,FutureForge,Product-Led,Nurture,59,,,,2021-06-25T00:00:00
6755,Robert,Jones,robert.jones6755@cybervault.com,CyberVault,Inbound - Webinar,Converted,83,1679,237,2024-11-01,2024-09-10T00:00:00
6756,Nancy,Davis,nancy.davis6756@scaleupsystems.com,ScaleUp Systems,Inbound - Web,SQL,-83,,,,2024-11-15T00:00:00
6757,Jennifer,Martin,jennifer.martin6757@scaleupsystems.com,ScaleUp Systems,Inbound - Content,Nurture,69,,,,2023-03-22T00:00:00
6758,Charles,Miller,charles.miller6758@metasync.com,MetaSync,Inbound - Webinar,Disqualified,0,,,,2022-02-20T00:00:00
6759,Karen,Rodriguez,karen.rodriguez6759@pulsepointdigital.com,PulsePoint Digital,,New,54,,,,2024-08-08T00:00:00
6760,Jennifer,Wilson,jennifer.wilson6760@databridgecorp.com,DataBridge Corp,Partner Referral,Converted,62,1368,250,2024-06-13,2024-04-29T00:00:00
6761,Patricia,Thompson,patricia.thompson6761@brightwavetech.com,BrightWave Tech,Paid Search,Working,34,,,,2020-10-27T00:00:00
6762,Thomas,Thompson,thomas.thompson6762@pulsepointdigital.com,PulsePoint Digital,Paid Search,New,36,,,,2022-10-17T00:00:00
6763,Joseph,Moore,joseph.moore6763@corestack.com,CoreStack,Outbound - SDR,SQL,76,,,,2022-07-15T00:00:00
6764,Susan,Miller,susan.miller6764@cybervault.com,CyberVault,Partner Referral,New,46,,,,2020-12-05T00:00:00
6765,Karen,Davis,karen.davis6765@scaleupsystems.com,ScaleUp Systems,Paid Search,MQL,75,,,,2024-03-24T00:00:00
6766,Patricia,Taylor,patricia.taylor6766@nexgensolutions.com,NexGen Solutions,Event,SQL,76,,,,2021-07-17T00:00:00
6767,Karen,Smith,karen.smith6767@agiledynamics.com,Agile Dynamics,Outbound - SDR,Working,64,,,,2020-08-23T00:00:00
6768,Jessica,Rodriguez,,CloudScale Systems,Partner Referral,MQL,89,,,,2020-08-22T00:00:00
6769,Nancy,Thompson,nancy.thompson6769@cloudscalesystems.com,CloudScale Systems,Inbound - Webinar,Working,50,,,,2024-01-08T00:00:00
6770,Jennifer,Martin,jennifer.martin6770@quantumlogiclabs.com,QuantumLogic Labs,Event,New,50,,,,2024-04-20T00:00:00
6771,Patricia,Rodriguez,patricia.rodriguez6771@truenorthdata.com,TrueNorth Data,Inbound - Web,Disqualified,26,,,,2024-04-08T00:00:00
6772,Thomas,Williams,thomas.williams6772@truenorthdata.com,TrueNorth Data,Partner Referral,Converted,-52,3236,337,2024-12-03,2024-09-22T00:00:00
6773,James,Thompson,james.thompson6773@brightwavetech.com,BrightWave Tech,Inbound - Content,Converted,73,2767,976,2024-09-07,2024-07-05T00:00:00
6774,Patricia,Thomas,patricia.thomas6774@cloudscalesystems.com,CloudScale Systems,Outbound - SDR,Working,18,,,,2021-04-29T00:00:00
6775,Linda,Jones,linda.jones,DataBridge Corp,Inbound - Web,New,28,,,,2023-01-20T00:00:00
6776,Michael,Garcia,michael.garcia6776@insightplatforms.com,Insight Platforms,Inbound - Web,SQL,52,,,,2022-01-04T00:00:00
6777,Linda,Lopez,linda.lopez6777@techflowinc.com,TechFlow Inc,Paid Search,Disqualified,21,,,,2020-09-08T00:00:00
6778,Barbara,Martin,barbara.martin,RapidCloud,Inbound - Content,Nurture,53,,,,2022-12-21T00:00:00
6779,James,Brown,james.brown6779@vertexai.com,VertexAI,Partner Referral,Converted,67,1840,511,2024-11-16,2024-08-31T00:00:00
6780,Charles,Thompson,charles.thompson6780@rapidcloud.com,RapidCloud,Inbound - Webinar,Disqualified,26,,,,2023-03-20T00:00:00
6781,Karen,Lee,karen.lee6781@futureforge.com,FutureForge,Outbound - SDR,Disqualified,18,,,,2023-04-30T00:00:00
6782,Jessica,Martinez,jessica.martinez6782@streamlineanalytics.com,StreamLine Analytics,Outbound - SDR,New,10,,,,2022-12-01T00:00:00
6783,Lisa,Martinez,lisa.martinez6783@rapidcloud.com,RapidCloud,Paid Search,MQL,78,,,,2022-04-19T00:00:00
6784,Patricia,Thompson,patricia.thompson6784@quantumlogiclabs.com,QuantumLogic Labs,,MQL,87,,,,2022-08-29T00:00:00
6785,Elizabeth,Taylor,elizabeth.taylor6785@brightwavetech.com,BrightWave Tech,Event,New,16,,,,2022-08-24T00:00:00
6786,Robert,Jackson,robert.jackson6786@brightwavetech.com,BrightWave Tech,Event,Converted,88,4528,605,2024-07-13,2024-05-28T00:00:00
6787,Lisa,Martinez,lisa.martinez6787@truenorthdata.com,TrueNorth Data,Product-Led,Converted,83,110,244,2022-04-09,2022-03-15T00:00:00
6788,Patricia,Brown,patricia.brown6788@agiledynamics.com,Agile Dynamics,Social Media,SQL,82,,,,2024-07-26T00:00:00
6789,Richard,Moore,richard.moore6789@insightplatforms.com,Insight Platforms,Outbound - SDR,MQL,62,,,,2024-11-26T00:00:00
6790,Barbara,Lee,barbara.lee6790@futureforge.com,FutureForge,Social Media,Nurture,15,,,,2022-05-20T00:00:00
6791,Susan,Thompson,susan.thompson6791@vertexai.com,VertexAI,Outbound - Cold,MQL,95,,,,2024-08-09T00:00:00
6792,Joseph,Lee,joseph.lee6792@pulsepointdigital.com,PulsePoint Digital,Inbound - Web,Nurture,18,,,,2020-05-10T00:00:00
6793,Joseph,Moore,joseph.moore6793@cloudscalesystems.com,CloudScale Systems,Partner Referral,Working,54,,,,2022-04-29T00:00:00
6794,Robert,Miller,robert.miller6794@metasync.com,MetaSync,Product-Led,MQL,85,,,,2021-10-10T00:00:00
6795,Daniel,Garcia,daniel.garcia6795@databridgecorp.com,DataBridge Corp,Product-Led,Disqualified,20,,,,2022-05-08T00:00:00
6796,John,Moore,john.moore6796@innovateco.com,InnovateCo,Inbound - Web,Converted,95,1795,800,2024-05-27,2024-04-09T00:00:00
6797,Robert,Martinez,robert.martinez6797@futureforge.com,FutureForge,,Disqualified,3,,,,2021-12-27T00:00:00
6798,Thomas,Johnson,thomas.johnson6798@databridgecorp.com,DataBridge Corp,Inbound - Content,Nurture,49,,,,2020-09-29T00:00:00
6799,John,Jackson,john.jackson6799@corestack.com,CoreStack,Inbound - Web,Disqualified,5,,,,2023-06-20T00:00:00
6800,Charles,Johnson,charles.johnson6800@agiledynamics.com,Agile Dynamics,Inbound - Web,New,70,,,,2020-09-04T00:00:00
6801,John,Anderson,john.anderson6801@cloudscalesystems.com,CloudScale Systems,Inbound - Content,Working,-50,,,,2022-06-21T00:00:00
6802,Mary,Wilson,mary.wilson6802@agiledynamics.com,Agile Dynamics,Outbound - SDR,Working,37,,,,2022-05-13T00:00:00
6803,Susan,Garcia,susan.garcia6803@primepathdigital.com,PrimePath Digital,Outbound - Cold,Nurture,44,,,,2021-08-06T00:00:00
6804,Karen,Gonzalez,karen.gonzalez6804@streamlineanalytics.com,StreamLine Analytics,Partner Referral,MQL,69,,,,2023-08-23T00:00:00
6805,Jennifer,Jones,jennifer.jones6805@corestack.com,CoreStack,Paid Search,Working,53,,,,2022-03-01T00:00:00
6806,Jessica,Moore,jessica.moore6806@innovateco.com,InnovateCo,,New,30,,,,2024-06-17T00:00:00
6807,Nancy,Lopez,nancy.lopez6807@brightwavetech.com,BrightWave Tech,Social Media,New,16,,,,2023-01-29T00:00:00
6808,Thomas,Rodriguez,thomas.rodriguez6808@innovateco.com,InnovateCo,Event,Disqualified,17,,,,2020-05-29T00:00:00
6809,Daniel,Lee,daniel.lee6809@cloudscalesystems.com,CloudScale Systems,Inbound - Content,Nurture,24,,,,2022-05-03T00:00:00
6810,Linda,Smith,linda.smith6810@innovateco.com,InnovateCo,,MQL,52,,,,2021-03-03T00:00:00
6811,Barbara,Hernandez,barbara.hernandez6811@databridgecorp.com,DataBridge Corp,Paid Search,Nurture,29,,,,2023-10-19T00:00:00
6812,Karen,Gonzalez,karen.gonzalez6812@techflowinc.com,TechFlow Inc,Outbound - SDR,Working,67,,,,2022-01-23T00:00:00
6813,William,Lopez,william.lopez6813@scaleupsystems.com,ScaleUp Systems,Partner Referral,MQL,64,,,,2020-11-01T00:00:00
6814,James,Moore,james.moore6814@rapidcloud.com,RapidCloud,Partner Referral,MQL,78,,,,2020-04-27T00:00:00
6815,Charles,Martinez,charles.martinez6815@techflowinc.com,TechFlow Inc,Inbound - Webinar,Nurture,13,,,,2022-11-18T00:00:00
6816,Nancy,Smith,nancy.smith6816@pulsepointdigital.com,PulsePoint Digital,Inbound - Content,Converted,97,447,651,2023-09-06,2023-08-23T00:00:00
6817,Jessica,Lee,jessica.lee6817@pulsepointdigital.com,PulsePoint Digital,Outbound - SDR,Working,67,,,,2020-11-26T00:00:00
6818,Susan,Anderson,susan.anderson6818@futureforge.com,FutureForge,Partner Referral,New,13,,,,2023-11-25T00:00:00
6819,Barbara,Johnson,barbara.johnson,VertexAI,Outbound - Cold,Disqualified,1,,,,2021-08-22T00:00:00
6820,Michael,Gonzalez,michael.gonzalez6820@techflowinc.com,TechFlow Inc,Product-Led,Disqualified,6,,,,2021-05-07T00:00:00
6821,Lisa,Brown,lisa.brown6821@cybervault.com,CyberVault,Social Media,MQL,90,,,,2022-10-22T00:00:00
6822,Charles,Johnson,charles.johnson,PrimePath Digital,Social Media,Working,67,,,,2023-11-21T00:00:00
6823,James,Jackson,james.jackson6823@streamlineanalytics.com,StreamLine Analytics,Product-Led,Converted,69,3717,731,2024-01-17,2023-11-20T00:00:00
6824,Thomas,Smith,thomas.smith6824@innovateco.com,InnovateCo,Partner Referral,SQL,88,,,,2024-03-12T00:00:00
6825,William,Thompson,william.thompson6825@cloudscalesystems.com,CloudScale Systems,Outbound - SDR,Working,15,,,,2023-01-21T00:00:00
6826,Karen,Gonzalez,karen.gonzalez6826@quantumlogiclabs.com,QuantumLogic Labs,Social Media,MQL,72,,,,2020-06-10T00:00:00
6827,Charles,Brown,charles.brown6827@nexgensolutions.com,NexGen Solutions,Paid Search,Converted,66,1952,473,2024-04-16,2024-03-15T00:00:00
6828,Joseph,Gonzalez,joseph.gonzalez6828@agiledynamics.com,Agile Dynamics,Event,New,15,,,,2024-03-21T00:00:00
6829,James,Moore,james.moore6829@nexgensolutions.com,NexGen Solutions,Outbound - Cold,SQL,50,,,,2023-11-20T00:00:00
6830,Daniel,Hernandez,daniel.hernandez6830@databridgecorp.com,DataBridge Corp,Paid Search,Working,21,,,,2021-05-28T00:00:00
6831,Christopher,Garcia,christopher.garcia6831@brightwavetech.com,BrightWave Tech,Inbound - Content,MQL,74,,,,2022-11-25T00:00:00
6832,Linda,Brown,linda.brown6832@insightplatforms.com,Insight Platforms,Outbound - SDR,Working,58,,,,2021-02-19T00:00:00
6833,Susan,Johnson,susan.johnson6833@insightplatforms.com,Insight Platforms,Inbound - Web,Nurture,70,,,,2023-09-29T00:00:00
6834,Linda,Anderson,linda.anderson6834@cybervault.com,CyberVault,Paid Search,MQL,53,,,,2021-05-25T00:00:00
6835,Daniel,Wilson,daniel.wilson6835@vertexai.com,VertexAI,Partner Referral,Converted,75,2135,24,2024-10-03,2024-07-14T00:00:00
6836,John,Anderson,john.anderson6836@scaleupsystems.com,ScaleUp Systems,,MQL,58,,,,2024-11-27T00:00:00
6837,Robert,Lee,robert.lee6837@innovateco.com,InnovateCo,Partner Referral,MQL,86,,,,2021-12-09T00:00:00
6838,Lisa,Williams,lisa.williams6838@metasync.com,MetaSync,Social Media,Nurture,27,,,,2020-02-15T00:00:00
6839,Linda,Thomas,linda.thomas6839@quantumlogiclabs.com,QuantumLogic Labs,Event,Converted,51,2079,717,2024-12-03,2024-10-23T00:00:00
6840,Elizabeth,Moore,elizabeth.moore6840@brightwavetech.com,BrightWave Tech,Partner Referral,Converted,57,902,250,2024-11-29,2024-09-09T00:00:00
6841,Charles,Anderson,charles.anderson6841@databridgecorp.com,DataBridge Corp,Inbound - Web,MQL,73,,,,2021-08-05T00:00:00
6842,Richard,Johnson,richard.johnson6842@quantumlogiclabs.com,QuantumLogic Labs,Inbound - Webinar,MQL,73,,,,2022-10-24T00:00:00
6843,Patricia,Jones,patricia.jones6843@agiledynamics.com,Agile Dynamics,Inbound - Content,New,22,,,,2020-01-27T00:00:00
6844,Lisa,Davis,lisa.davis6844@corestack.com,CoreStack,Inbound - Content,SQL,75,,,,2021-04-25T00:00:00
6845,Christopher,Anderson,christopher.anderson6845@insightplatforms.com,Insight Platforms,Social Media,Working,64,,,,2021-02-22T00:00:00
6846,Barbara,Lopez,barbara.lopez6846@vertexai.com,VertexAI,Inbound - Content,MQL,57,,,,2024-04-24T00:00:00
6847,Lisa,Martinez,lisa.martinez6847@pulsepointdigital.com,PulsePoint Digital,Inbound - Web,Converted,100,1939,181,2024-09-03,2024-07-25T00:00:00
6848,Lisa,Taylor,lisa.taylor6848@rapidcloud.com,RapidCloud,Inbound - Webinar,MQL,58,,,,2020-05-28T00:00:00
6849,Jessica,Anderson,jessica.anderson6849@scaleupsystems.com,ScaleUp Systems,Outbound - Cold,New,52,,,,2021-09-11T00:00:00
6850,Michael,Brown,michael.brown6850@futureforge.com,FutureForge,Partner Referral,Working,63,,,,2021-12-20T00:00:00
6851,Nancy,Thomas,nancy.thomas6851@corestack.com,CoreStack,Product-Led,Converted,80,505,467,2024-11-16,2024-09-17T00:00:00
6852,Sarah,Wilson,sarah.wilson6852@futureforge.com,FutureForge,Partner Referral,Converted,57,637,727,2024-09-20,2024-07-17T00:00:00
6853,Mary,Wilson,mary.wilson6853@corestack.com,CoreStack,Inbound - Web,Nurture,24,,,,2022-02-17T00:00:00
6854,Thomas,Garcia,thomas.garcia6854@agiledynamics.com,Agile Dynamics,Inbound - Webinar,New,11,,,,2020-09-17T00:00:00
6855,Sarah,Gonzalez,sarah.gonzalez6855@insightplatforms.com,Insight Platforms,Partner Referral,SQL,60,,,,2021-07-31T00:00:00
6856,Mary,Hernandez,mary.hernandez6856@innovateco.com,InnovateCo,Inbound - Content,Disqualified,22,,,,2023-07-19T00:00:00
6857,Charles,Garcia,charles.garcia6857@streamlineanalytics.com,StreamLine Analytics,Social Media,MQL,79,,,,2020-02-01T00:00:00
6858,Charles,Martin,charles.martin6858@corestack.com,CoreStack,Outbound - SDR,Disqualified,1,,,,2022-07-15T00:00:00
6859,Linda,Lee,linda.lee6859@brightwavetech.com,BrightWave Tech,Social Media,Disqualified,23,,,,2020-08-01T00:00:00
6860,Thomas,Lee,thomas.lee6860@vertexai.com,VertexAI,Inbound - Web,New,12,,,,2023-08-09T00:00:00
6861,Lisa,Martinez,lisa.martinez6861@cloudscalesystems.com,CloudScale Systems,Inbound - Web,Disqualified,22,,,,2020-12-06T00:00:00
6862,Patricia,Brown,patricia.brown6862@agiledynamics.com,Agile Dynamics,Outbound - SDR,Disqualified,16,,,,2023-09-12T00:00:00
6863,John,Miller,john.miller6863@truenorthdata.com,TrueNorth Data,Product-Led,Converted,97,2006,350,2023-08-07,2023-05-14T00:00:00
6864,David,Taylor,david.taylor6864@corestack.com,CoreStack,Outbound - SDR,MQL,73,,,,2022-04-22T00:00:00
6865,John,Hernandez,john.hernandez6865@cloudscalesystems.com,CloudScale Systems,Inbound - Webinar,New,33,,,,2021-08-01T00:00:00
6866,Christopher,Rodriguez,christopher.rodriguez6866@techflowinc.com,TechFlow Inc,Paid Search,Working,18,,,,2023-06-24T00:00:00
6867,Linda,Thompson,linda.thompson6867@agiledynamics.com,Agile Dynamics,Outbound - Cold,Nurture,12,,,,2023-09-08T00:00:00
6868,Nancy,Taylor,nancy.taylor6868@cybervault.com,CyberVault,Social Media,New,16,,,,2024-05-30T00:00:00
6869,Charles,Rodriguez,charles.rodriguez6869@cybervault.com,CyberVault,Event,MQL,50,,,,2020-06-17T00:00:00
6870,Barbara,Thomas,barbara.thomas6870@cloudscalesystems.com,CloudScale Systems,Inbound - Content,Working,44,,,,2021-05-08T00:00:00
6871,Richard,Taylor,richard.taylor6871@agiledynamics.com,Agile Dynamics,Social Media,Working,11,,,,2024-06-14T00:00:00
6872,James,Jackson,james.jackson6872@pulsepointdigital.com,PulsePoint Digital,Inbound - Webinar,Disqualified,0,,,,2021-05-21T00:00:00
6873,Joseph,Hernandez,joseph.hernandez6873@streamlineanalytics.com,StreamLine Analytics,Inbound - Content,Working,25,,,,2024-07-08T00:00:00
6874,Sarah,Davis,sarah.davis6874@quantumlogiclabs.com,QuantumLogic Labs,Inbound - Content,Converted,51,564,904,2021-06-03,2021-05-24T00:00:00
6875,Sarah,Thomas,sarah.thomas,Agile Dynamics,Inbound - Webinar,Working,52,,,,2022-02-03T00:00:00
6876,Linda,Jones,linda.jones6876@brightwavetech.com,BrightWave Tech,Inbound - Content,MQL,69,,,,2020-09-04T00:00:00
6877,Christopher,Rodriguez,christopher.rodriguez6877@streamlineanalytics.com,StreamLine Analytics,Outbound - Cold,Converted,55,3388,832,2023-04-27,2023-04-19T00:00:00
6878,Linda,Jackson,linda.jackson6878@cloudscalesystems.com,CloudScale Systems,Inbound - Web,Disqualified,8,,,,2021-04-07T00:00:00
6879,Robert,Davis,robert.davis6879@brightwavetech.com,BrightWave Tech,Paid Search,Converted,59,732,442,2024-05-29,2024-04-22T00:00:00
6880,Karen,Williams,karen.williams6880@brightwavetech.com,BrightWave Tech,Inbound - Content,SQL,86,,,,2021-11-16T00:00:00
6881,Jessica,Jones,jessica.jones6881@truenorthdata.com,TrueNorth Data,Paid Search,Working,30,,,,2020-10-23T00:00:00
6882,David,Davis,david.davis6882@nexgensolutions.com,NexGen Solutions,Inbound - Content,New,42,,,,2023-06-20T00:00:00
6883,Robert,Brown,robert.brown6883@primepathdigital.com,PrimePath Digital,Inbound - Content,New,21,,,,2023-12-04T00:00:00
6884,Charles,Thompson,charles.thompson6884@futureforge.com,FutureForge,Partner Referral,Working,56,,,,2020-08-13T00:00:00
6885,Lisa,Taylor,lisa.taylor6885@nexgensolutions.com,NexGen Solutions,Partner Referral,Converted,57,3900,425,2024-12-16,2024-12-05T00:00:00
6886,Charles,Johnson,charles.johnson6886@quantumlogiclabs.com,QuantumLogic Labs,Outbound - SDR,Working,49,,,,2023-08-04T00:00:00
6887,Michael,Lopez,michael.lopez6887@nexgensolutions.com,NexGen Solutions,Inbound - Web,Converted,64,2558,855,2024-07-30,2024-06-17T00:00:00
6888,Patricia,Wilson,patricia.wilson6888@primepathdigital.com,PrimePath Digital,Outbound - Cold,Working,16,,,,2024-11-09T00:00:00
6889,Sarah,Hernandez,sarah.hernandez6889@brightwavetech.com,BrightWave Tech,Inbound - Content,Disqualified,17,,,,2023-11-15T00:00:00
6890,Jessica,Miller,jessica.miller6890@cybervault.com,CyberVault,Social Media,New,28,,,,2024-10-28T00:00:00
6891,Robert,Jackson,robert.jackson6891@rapidcloud.com,RapidCloud,Inbound - Web,New,40,,,,2020-10-09T00:00:00
6892,Jennifer,Garcia,jennifer.garcia6892@cybervault.com,CyberVault,Outbound - SDR,Working,63,,,,2020-11-03T00:00:00
6893,Jessica,Taylor,jessica.taylor6893@primepathdigital.com,PrimePath Digital,Outbound - SDR,Working,12,,,,2024-02-16T00:00:00
6894,Linda,Lee,linda.lee6894@metasync.com,MetaSync,Outbound - Cold,Disqualified,8,,,,2020-12-14T00:00:00
6895,Sarah,Thomas,sarah.thomas6895@cloudscalesystems.com,CloudScale Systems,Outbound - SDR,Nurture,32,,,,2022-10-31T00:00:00
6896,Patricia,Moore,patricia.moore6896@streamlineanalytics.com,StreamLine Analytics,Product-Led,Converted,-69,1182,673,2021-01-06,2020-10-16T00:00:00
6897,James,Wilson,james.wilson6897@scaleupsystems.com,ScaleUp Systems,Inbound - Webinar,MQL,62,,,,2022-09-19T00:00:00
6898,Susan,Anderson,susan.anderson6898@primepathdigital.com,PrimePath Digital,Inbound - Web,MQL,70,,,,2024-12-23T00:00:00
6899,Karen,Moore,karen.moore6899@streamlineanalytics.com,StreamLine Analytics,Paid Search,Working,66,,,,2022-08-09T00:00:00
6900,Daniel,Lee,daniel.lee6900@pulsepointdigital.com,PulsePoint Digital,Paid Search,New,55,,,,2020-03-18T00:00:00
6901,John,Smith,john.smith6901@insightplatforms.com,Insight Platforms,Inbound - Web,Converted,54,4575,550,2020-12-01,2020-09-29T00:00:00
6902,David,Lee,david.lee6902@databridgecorp.com,DataBridge Corp,Paid Search,MQL,83,,,,2021-08-24T00:00:00
6903,Lisa,Taylor,lisa.taylor6903@scaleupsystems.com,ScaleUp Systems,Inbound - Webinar,New,18,,,,2023-01-30T00:00:00
6904,Michael,Johnson,michael.johnson6904@techflowinc.com,TechFlow Inc,Inbound - Web,Converted,98,3173,393,2022-11-13,2022-09-17T00:00:00
6905,Lisa,Jackson,,Insight Platforms,Social Media,SQL,79,,,,2022-03-06T00:00:00
6906,Richard,Wilson,richard.wilson6906@vertexai.com,VertexAI,Product-Led,Converted,91,365,825,2024-01-11,2023-12-07T00:00:00
6907,Mary,Anderson,mary.anderson6907@agiledynamics.com,Agile Dynamics,Inbound - Web,Disqualified,7,,,,2021-01-04T00:00:00
6908,Joseph,Hernandez,joseph.hernandez6908@corestack.com,CoreStack,Outbound - SDR,SQL,95,,,,2020-01-20T00:00:00
6909,Elizabeth,Jones,elizabeth.jones6909@metasync.com,MetaSync,Inbound - Web,Disqualified,26,,,,2021-10-10T00:00:00
6910,Charles,Williams,charles.williams6910@innovateco.com,InnovateCo,Social Media,Nurture,39,,,,2022-10-27T00:00:00
6911,David,Lee,david.lee6911@insightplatforms.com,Insight Platforms,,New,20,,,,2022-09-08T00:00:00
6912,Christopher,Jackson,christopher.jackson6912@pulsepointdigital.com,PulsePoint Digital,Product-Led,Disqualified,0,,,,2021-05-29T00:00:00
6913,Joseph,Taylor,,Insight Platforms,Outbound - SDR,MQL,54,,,,2020-12-31T00:00:00
6914,Jessica,Lee,jessica.lee6914@futureforge.com,FutureForge,Outbound - SDR,Disqualified,25,,,,2024-04-09T00:00:00
6915,Jessica,Anderson,jessica.anderson6915@cloudscalesystems.com,CloudScale Systems,Event,SQL,57,,,,2021-03-14T00:00:00
6916,Linda,Williams,linda.williams6916@quantumlogiclabs.com,QuantumLogic Labs,Outbound - Cold,Nurture,43,,,,2021-07-20T00:00:00
6917,Barbara,Rodriguez,barbara.rodriguez6917@futureforge.com,FutureForge,Product-Led,Converted,55,681,767,2022-10-05,2022-09-02T00:00:00
6918,Thomas,Johnson,thomas.johnson6918@futureforge.com,FutureForge,Inbound - Content,New,23,,,,2020-06-29T00:00:00
6919,Patricia,Jackson,patricia.jackson6919@databridgecorp.com,DataBridge Corp,Outbound - Cold,New,53,,,,2020-10-28T00:00:00
6920,John,Lee,,FutureForge,Paid Search,Nurture,13,,,,2020-05-03T00:00:00
6921,William,Wilson,william.wilson6921@agiledynamics.com,Agile Dynamics,Social Media,Nurture,57,,,,2022-06-04T00:00:00
6922,Christopher,Smith,christopher.smith6922@primepathdigital.com,PrimePath Digital,Paid Search,Working,33,,,,2022-06-04T00:00:00
6923,John,Smith,,MetaSync,Partner Referral,Working,32,,,,2021-10-09T00:00:00
6924,Patricia,Gonzalez,patricia.gonzalez6924@agiledynamics.com,Agile Dynamics,Product-Led,Nurture,21,,,,2022-09-24T00:00:00
6925,David,Thomas,david.thomas6925@vertexai.com,VertexAI,Inbound - Webinar,MQL,55,,,,2022-03-11T00:00:00
6926,Karen,Lopez,karen.lopez6926@innovateco.com,InnovateCo,Outbound - SDR,SQL,96,,,,2020-01-14T00:00:00
6927,Lisa,Hernandez,lisa.hernandez6927@databridgecorp.com,DataBridge Corp,Inbound - Webinar,SQL,85,,,,2020-09-25T00:00:00
6928,Jessica,Brown,jessica.brown6928@brightwavetech.com,BrightWave Tech,Event,Converted,59,4208,649,2024-12-04,2024-09-10T00:00:00
6929,Lisa,Gonzalez,lisa.gonzalez6929@cybervault.com,CyberVault,Social Media,Disqualified,20,,,,2024-04-10T00:00:00
6930,Elizabeth,Lopez,elizabeth.lopez6930@streamlineanalytics.com,StreamLine Analytics,Event,MQL,65,,,,2021-02-15T00:00:00
6931,Elizabeth,Moore,elizabeth.moore6931@rapidcloud.com,RapidCloud,Outbound - Cold,SQL,86,,,,2021-07-23T00:00:00
6932,Richard,Davis,richard.davis6932@agiledynamics.com,Agile Dynamics,Inbound - Content,MQL,66,,,,2020-06-18T00:00:00
6933,Jennifer,Thomas,jennifer.thomas6933@innovateco.com,InnovateCo,Inbound - Content,Nurture,11,,,,2023-03-09T00:00:00
6934,David,Brown,david.brown6934@corestack.com,CoreStack,Inbound - Webinar,Working,70,,,,2022-04-02T00:00:00
6935,William,Williams,william.williams6935@quantumlogiclabs.com,QuantumLogic Labs,Inbound - Webinar,Working,69,,,,2020-06-15T00:00:00
6936,Charles,Johnson,charles.johnson6936@futureforge.com,FutureForge,Inbound - Web,Converted,64,3413,394,2024-11-15,2024-09-03T00:00:00
6937,Susan,Garcia,susan.garcia6937@vertexai.com,VertexAI,Inbound - Webinar,Disqualified,18,,,,2020-05-07T00:00:00
6938,Sarah,Wilson,sarah.wilson6938@streamlineanalytics.com,StreamLine Analytics,Outbound - SDR,Disqualified,20,,,,2020-04-02T00:00:00
6939,Elizabeth,Thompson,elizabeth.thompson6939@streamlineanalytics.com,StreamLine Analytics,Inbound - Web,New,61,,,,2021-07-21T00:00:00
6940,William,Gonzalez,william.gonzalez6940@scaleupsystems.com,ScaleUp Systems,Outbound - Cold,MQL,56,,,,2024-12-16T00:00:00
6941,Patricia,Gonzalez,patricia.gonzalez6941@scaleupsystems.com,ScaleUp Systems,Outbound - Cold,New,51,,,,2024-06-06T00:00:00
6942,Susan,Moore,susan.moore6942@agiledynamics.com,Agile Dynamics,Inbound - Content,MQL,51,,,,2024-06-09T00:00:00
6943,Barbara,Moore,barbara.moore,InnovateCo,Partner Referral,Converted,76,3535,816,2023-01-10,2022-12-25T00:00:00
6944,David,Johnson,david.johnson6944@techflowinc.com,TechFlow Inc,,SQL,52,,,,2020-10-31T00:00:00
6945,Robert,Jackson,robert.jackson6945@techflowinc.com,TechFlow Inc,Event,Converted,87,3040,857,2024-07-27,2024-05-12T00:00:00
6946,Susan,Martinez,susan.martinez6946@streamlineanalytics.com,StreamLine Analytics,Product-Led,New,52,,,,2023-09-14T00:00:00
6947,Christopher,Wilson,christopher.wilson6947@metasync.com,MetaSync,Inbound - Web,New,10,,,,2020-01-07T00:00:00
6948,Michael,Brown,michael.brown6948@primepathdigital.com,PrimePath Digital,Partner Referral,Converted,70,3102,148,2021-12-19,2021-10-20T00:00:00
6949,Joseph,Moore,,Insight Platforms,Outbound - Cold,SQL,-73,,,,2020-03-27T00:00:00
6950,Susan,Gonzalez,susan.gonzalez6950@rapidcloud.com,RapidCloud,Paid Search,Converted,85,2654,209,2024-05-13,2024-05-03T00:00:00
6951,John,Jackson,john.jackson6951@innovateco.com,InnovateCo,Outbound - SDR,Nurture,16,,,,2020-08-20T00:00:00
6952,Sarah,Lee,sarah.lee6952@agiledynamics.com,Agile Dynamics,Paid Search,New,12,,,,2021-03-13T00:00:00
6953,Christopher,Wilson,christopher.wilson6953@nexgensolutions.com,NexGen Solutions,Social Media,SQL,64,,,,2022-02-09T00:00:00
6954,Barbara,Martin,barbara.martin6954@cybervault.com,CyberVault,Outbound - Cold,Converted,97,405,465,2023-11-02,2023-09-21T00:00:00
6955,Robert,Gonzalez,robert.gonzalez6955@scaleupsystems.com,ScaleUp Systems,Social Media,MQL,58,,,,2024-08-16T00:00:00
6956,Richard,Smith,richard.smith6956@agiledynamics.com,Agile Dynamics,Outbound - SDR,New,67,,,,2021-03-23T00:00:00
6957,Robert,Hernandez,robert.hernandez6957@databridgecorp.com,DataBridge Corp,Outbound - Cold,Disqualified,12,,,,2020-02-08T00:00:00
6958,Michael,Moore,michael.moore6958@rapidcloud.com,RapidCloud,Inbound - Content,Converted,53,1129,741,2023-07-26,2023-06-03T00:00:00
6959,Lisa,Lopez,lisa.lopez6959@cybervault.com,CyberVault,Product-Led,New,29,,,,2022-03-19T00:00:00
6960,Richard,Thomas,richard.thomas6960@vertexai.com,VertexAI,Social Media,Converted,80,4635,874,2023-07-11,2023-06-19T00:00:00
6961,Sarah,Taylor,sarah.taylor6961@brightwavetech.com,BrightWave Tech,Inbound - Content,Disqualified,15,,,,2022-12-18T00:00:00
6962,Nancy,Brown,nancy.brown6962@truenorthdata.com,TrueNorth Data,Paid Search,New,63,,,,2020-12-25T00:00:00
6963,Patricia,Moore,patricia.moore6963@databridgecorp.com,DataBridge Corp,Inbound - Web,Disqualified,12,,,,2024-10-20T00:00:00
6964,Charles,Thompson,charles.thompson6964@cybervault.com,CyberVault,Partner Referral,Working,63,,,,2022-01-31T00:00:00
6965,Susan,Jackson,susan.jackson6965@innovateco.com,InnovateCo,Partner Referral,Nurture,51,,,,2023-08-05T00:00:00
6966,Jennifer,Smith,jennifer.smith6966@primepathdigital.com,PrimePath Digital,Paid Search,MQL,-59,,,,2023-09-15T00:00:00
6967,Jennifer,Williams,jennifer.williams6967@nexgensolutions.com,NexGen Solutions,Social Media,Working,39,,,,2020-05-07T00:00:00
6968,David,Thomas,david.thomas6968@pulsepointdigital.com,PulsePoint Digital,Social Media,Converted,92,156,938,2024-10-04,2024-08-16T00:00:00
6969,Joseph,Rodriguez,joseph.rodriguez6969@scaleupsystems.com,ScaleUp Systems,Inbound - Content,Nurture,55,,,,2024-02-04T00:00:00
6970,Patricia,Wilson,patricia.wilson6970@vertexai.com,VertexAI,Paid Search,MQL,80,,,,2020-08-23T00:00:00
6971,Mary,Williams,mary.williams6971@agiledynamics.com,Agile Dynamics,Partner Referral,Disqualified,28,,,,2020-10-23T00:00:00
6972,Barbara,Wilson,barbara.wilson6972@futureforge.com,FutureForge,Product-Led,Disqualified,13,,,,2022-05-29T00:00:00
6973,Patricia,Miller,patricia.miller6973@corestack.com,CoreStack,Inbound - Webinar,Working,39,,,,2020-09-08T00:00:00
6974,Jennifer,Wilson,jennifer.wilson6974@nexgensolutions.com,NexGen Solutions,Paid Search,Disqualified,22,,,,2021-10-12T00:00:00
6975,Daniel,Lee,daniel.lee6975@quantumlogiclabs.com,QuantumLogic Labs,Product-Led,MQL,53,,,,2024-07-15T00:00:00
6976,Patricia,Lee,patricia.lee6976@innovateco.com,InnovateCo,Outbound - Cold,Disqualified,4,,,,2023-08-13T00:00:00
6977,Michael,Martinez,michael.martinez6977@truenorthdata.com,TrueNorth Data,Social Media,MQL,56,,,,2020-11-04T00:00:00
6978,Richard,Gonzalez,richard.gonzalez6978@rapidcloud.com,RapidCloud,Event,New,38,,,,2022-07-13T00:00:00
6979,Jessica,Wilson,jessica.wilson6979@pulsepointdigital.com,PulsePoint Digital,,Nurture,34,,,,2021-03-20T00:00:00
6980,Karen,Wilson,karen.wilson6980@agiledynamics.com,Agile Dynamics,Social Media,Disqualified,23,,,,2021-11-28T00:00:00
6981,Michael,Taylor,,TechFlow Inc,Outbound - Cold,Working,64,,,,2024-12-01T00:00:00
6982,Mary,Rodriguez,mary.rodriguez6982@cybervault.com,CyberVault,Outbound - Cold,Disqualified,1,,,,2023-10-01T00:00:00
6983,William,Davis,william.davis6983@streamlineanalytics.com,StreamLine Analytics,,Converted,62,3322,717,2024-11-05,2024-10-02T00:00:00
6984,Richard,Williams,richard.williams6984@vertexai.com,VertexAI,Social Media,MQL,81,,,,2021-05-11T00:00:00
6985,Sarah,Lee,sarah.lee6985@insightplatforms.com,Insight Platforms,Paid Search,MQL,71,,,,2022-05-03T00:00:00
6986,David,Garcia,david.garcia6986@rapidcloud.com,RapidCloud,Inbound - Webinar,Converted,76,553,529,2020-11-06,2020-09-13T00:00:00
6987,Sarah,Jones,sarah.jones6987@brightwavetech.com,BrightWave Tech,Inbound - Content,New,54,,,,2023-07-09T00:00:00
6988,Joseph,Moore,joseph.moore6988@innovateco.com,InnovateCo,Event,Working,50,,,,2020-04-01T00:00:00
6989,William,Brown,william.brown6989@streamlineanalytics.com,StreamLine Analytics,Outbound - Cold,MQL,67,,,,2022-01-11T00:00:00
6990,Jennifer,Thompson,jennifer.thompson6990@metasync.com,MetaSync,Product-Led,Disqualified,22,,,,2022-08-30T00:00:00
6991,Jessica,Wilson,jessica.wilson6991@truenorthdata.com,TrueNorth Data,Outbound - SDR,Disqualified,29,,,,2022-07-24T00:00:00
6992,William,Lee,william.lee6992@techflowinc.com,TechFlow Inc,Social Media,Working,40,,,,2022-10-19T00:00:00
6993,Daniel,Taylor,daniel.taylor6993@quantumlogiclabs.com,QuantumLogic Labs,Partner Referral,New,37,,,,2020-10-06T00:00:00
6994,John,Johnson,john.johnson6994@quantumlogiclabs.com,QuantumLogic Labs,Inbound - Content,MQL,82,,,,2022-10-22T00:00:00
6995,Jessica,Smith,jessica.smith6995@vertexai.com,VertexAI,Social Media,New,31,,,,2024-03-20T00:00:00
6996,Mary,Moore,mary.moore6996@cybervault.com,CyberVault,Event,MQL,77,,,,2023-08-14T00:00:00
6997,Charles,Jones,charles.jones6997@innovateco.com,InnovateCo,Product-Led,Converted,69,4437,342,2024-03-11,2024-02-28T00:00:00
6998,Lisa,Thomas,lisa.thomas6998@insightplatforms.com,Insight Platforms,Inbound - Content,New,40,,,,2024-05-27T00:00:00
6999,William,Johnson,william.johnson6999@primepathdigital.com,PrimePath Digital,Outbound - Cold,Working,39,,,,2020-08-03T00:00:00
7000,William,Rodriguez,william.rodriguez7000@truenorthdata.com,TrueNorth Data,Product-Led,Converted,96,2684,673,2024-04-24,2024-02-02T00:00:00
7001,Elizabeth,Miller,elizabeth.miller7001@streamlineanalytics.com,StreamLine Analytics,Event,Working,70,,,,2020-04-11T00:00:00
7002,William,Davis,william.davis7002@metasync.com,MetaSync,Partner Referral,Disqualified,22,,,,2021-05-09T00:00:00
7003,Mary,Garcia,mary.garcia7003@techflowinc.com,TechFlow Inc,Inbound - Content,New,69,,,,2024-09-27T00:00:00
7004,David,Gonzalez,david.gonzalez7004@metasync.com,MetaSync,Outbound - SDR,MQL,80,,,,2024-01-17T00:00:00
7005,Robert,Jackson,,CloudScale Systems,Inbound - Web,Converted,85,1259,726,2022-11-30,2022-10-11T00:00:00
7006,Richard,Hernandez,,FutureForge,Inbound - Content,Converted,62,1309,329,2024-08-16,2024-07-15T00:00:00
7007,Jennifer,Anderson,jennifer.anderson7007@innovateco.com,InnovateCo,Event,Converted,77,4799,37,2020-08-03,2020-07-02T00:00:00
7008,Joseph,Jones,joseph.jones7008@metasync.com,MetaSync,Event,Working,28,,,,2024-05-09T00:00:00
7009,Elizabeth,Thomas,elizabeth.thomas7009@rapidcloud.com,RapidCloud,Inbound - Webinar,MQL,91,,,,2024-01-24T00:00:00
7010,Karen,Martin,karen.martin7010@innovateco.com,InnovateCo,Outbound - Cold,Disqualified,7,,,,2024-07-04T00:00:00
7011,John,Wilson,john.wilson7011@metasync.com,MetaSync,Outbound - Cold,MQL,88,,,,2023-04-10T00:00:00
7012,William,Thompson,william.thompson7012@brightwavetech.com,BrightWave Tech,Social Media,Converted,64,77,714,2024-05-07,2024-03-20T00:00:00
7013,Michael,Hernandez,michael.hernandez7013@innovateco.com,InnovateCo,Paid Search,Working,35,,,,2021-09-21T00:00:00
7014,Michael,Thompson,michael.thompson7014@metasync.com,MetaSync,Partner Referral,Working,29,,,,2021-03-02T00:00:00
7015,Jennifer,Thompson,jennifer.thompson7015@metasync.com,MetaSync,Inbound - Webinar,Disqualified,14,,,,2020-07-27T00:00:00
7016,Charles,Lee,charles.lee7016@brightwavetech.com,BrightWave Tech,Inbound - Web,MQL,98,,,,2022-07-16T00:00:00
7017,Michael,Lopez,michael.lopez7017@databridgecorp.com,DataBridge Corp,Partner Referral,Converted,57,2246,554,2023-01-29,2023-01-17T00:00:00
7018,John,Johnson,john.johnson7018@cybervault.com,CyberVault,Inbound - Webinar,New,39,,,,2024-02-19T00:00:00
7019,Sarah,Gonzalez,,MetaSync,Social Media,MQL,96,,,,2021-06-23T00:00:00
7020,Richard,Thomas,richard.thomas7020@scaleupsystems.com,ScaleUp Systems,Event,Working,46,,,,2022-08-02T00:00:00
7021,Jessica,Anderson,jessica.anderson7021@corestack.com,CoreStack,Partner Referral,Converted,60,4072,877,2024-12-08,2024-11-28T00:00:00
7022,Sarah,Martinez,sarah.martinez7022@scaleupsystems.com,ScaleUp Systems,Inbound - Web,MQL,87,,,,2020-10-11T00:00:00
7023,Daniel,Williams,daniel.williams7023@cybervault.com,CyberVault,Outbound - Cold,New,34,,,,2022-09-07T00:00:00
7024,Susan,Johnson,susan.johnson7024@futureforge.com,FutureForge,Inbound - Web,SQL,57,,,,2024-05-05T00:00:00
7025,Nancy,Johnson,nancy.johnson7025@databridgecorp.com,DataBridge Corp,Social Media,Nurture,48,,,,2023-11-05T00:00:00
7026,Nancy,Thomas,nancy.thomas7026@truenorthdata.com,TrueNorth Data,Inbound - Content,MQL,64,,,,2021-01-28T00:00:00
7027,Jessica,Williams,jessica.williams7027@innovateco.com,InnovateCo,Outbound - Cold,Working,14,,,,2024-06-03T00:00:00
7028,Daniel,Martin,daniel.martin7028@insightplatforms.com,Insight Platforms,Outbound - SDR,MQL,98,,,,2024-10-25T00:00:00
7029,David,Brown,david.brown7029@truenorthdata.com,TrueNorth Data,Outbound - Cold,Nurture,56,,,,2020-12-11T00:00:00
7030,Elizabeth,Smith,elizabeth.smith7030@corestack.com,CoreStack,Event,Working,20,,,,2023-02-25T00:00:00
7031,Elizabeth,Davis,elizabeth.davis7031@streamlineanalytics.com,StreamLine Analytics,Outbound - SDR,Disqualified,1,,,,2020-05-01T00:00:00
7032,Jessica,Davis,jessica.davis7032@nexgensolutions.com,NexGen Solutions,Inbound - Webinar,Working,10,,,,2021-05-09T00:00:00
7033,Jessica,Jones,jessica.jones7033@insightplatforms.com,Insight Platforms,Social Media,Working,46,,,,2022-10-08T00:00:00
7034,Patricia,Garcia,patricia.garcia7034@databridgecorp.com,DataBridge Corp,Social Media,Disqualified,22,,,,2023-01-30T00:00:00
7035,Elizabeth,Lee,elizabeth.lee7035@futureforge.com,FutureForge,Outbound - SDR,Disqualified,20,,,,2024-05-09T00:00:00
7036,Richard,Jackson,richard.jackson7036@innovateco.com,InnovateCo,Social Media,New,25,,,,2021-03-13T00:00:00
7037,Jennifer,Johnson,jennifer.johnson7037@primepathdigital.com,PrimePath Digital,Paid Search,SQL,56,,,,2024-03-12T00:00:00
7038,William,Smith,william.smith7038@truenorthdata.com,TrueNorth Data,Outbound - Cold,MQL,72,,,,2020-05-03T00:00:00
7039,Karen,Martin,karen.martin7039@futureforge.com,FutureForge,Inbound - Webinar,Converted,87,574,705,2024-01-30,2024-01-10T00:00:00
7040,Joseph,Anderson,joseph.anderson,InnovateCo,Product-Led,Disqualified,10,,,,2020-12-25T00:00:00
7041,David,Miller,david.miller7041@nexgensolutions.com,NexGen Solutions,Outbound - Cold,Disqualified,26,,,,2022-12-28T00:00:00
7042,Patricia,Rodriguez,patricia.rodriguez7042@pulsepointdigital.com,PulsePoint Digital,Inbound - Webinar,Converted,67,2499,938,2023-08-05,2023-07-09T00:00:00
7043,Patricia,Smith,patricia.smith7043@nexgensolutions.com,NexGen Solutions,Inbound - Content,Disqualified,16,,,,2021-08-03T00:00:00
7044,David,Anderson,david.anderson7044@nexgensolutions.com,NexGen Solutions,Inbound - Content,Disqualified,8,,,,2024-12-25T00:00:00
7045,Jennifer,Jones,jennifer.jones7045@primepathdigital.com,PrimePath Digital,Inbound - Webinar,New,-24,,,,2024-09-28T00:00:00
7046,David,Taylor,david.taylor7046@insightplatforms.com,Insight Platforms,Inbound - Webinar,Disqualified,14,,,,2023-02-28T00:00:00
7047,William,Jones,,TechFlow Inc,Inbound - Webinar,Converted,56,2620,600,2024-12-14,2024-10-13T00:00:00
7048,James,Martin,james.martin7048@cloudscalesystems.com,CloudScale Systems,Outbound - SDR,Disqualified,7,,,,2022-02-09T00:00:00
7049,Nancy,Williams,nancy.williams7049@primepathdigital.com,PrimePath Digital,Partner Referral,New,17,,,,2020-07-27T00:00:00
7050,Sarah,Taylor,sarah.taylor7050@quantumlogiclabs.com,QuantumLogic Labs,Inbound - Content,Working,63,,,,2024-09-23T00:00:00
7051,Christopher,Lee,christopher.lee7051@metasync.com,MetaSync,,Working,39,,,,2020-05-13T00:00:00
7052,Patricia,Anderson,patricia.anderson7052@streamlineanalytics.com,StreamLine Analytics,,MQL,62,,,,2023-06-03T00:00:00
7053,James,Williams,james.williams7053@brightwavetech.com,BrightWave Tech,Partner Referral,Disqualified,20,,,,2022-01-26T00:00:00
7054,James,Moore,james.moore7054@quantumlogiclabs.com,QuantumLogic Labs,Partner Referral,New,51,,,,2020-08-01T00:00:00
7055,Richard,Brown,richard.brown7055@rapidcloud.com,RapidCloud,Product-Led,Converted,59,3498,291,2024-08-26,2024-08-13T00:00:00
7056,Susan,Brown,susan.brown7056@vertexai.com,VertexAI,Partner Referral,SQL,96,,,,2023-04-14T00:00:00
7057,Susan,Miller,susan.miller7057@truenorthdata.com,TrueNorth Data,Event,Disqualified,13,,,,2021-08-13T00:00:00
7058,Michael,Brown,michael.brown7058@nexgensolutions.com,NexGen Solutions,Product-Led,Disqualified,8,,,,2024-01-12T00:00:00
7059,Joseph,Martinez,joseph.martinez7059@futureforge.com,FutureForge,Inbound - Web,Converted,94,4159,283,2024-12-16,2024-12-10T00:00:00
7060,Karen,Thompson,karen.thompson7060@vertexai.com,VertexAI,Inbound - Webinar,Working,20,,,,2024-08-23T00:00:00
7061,Richard,Martinez,richard.martinez7061@vertexai.com,VertexAI,Paid Search,Converted,82,3100,995,2024-02-01,2024-01-16T00:00:00
7062,Thomas,Lee,thomas.lee7062@pulsepointdigital.com,PulsePoint Digital,Outbound - Cold,SQL,76,,,,2024-10-28T00:00:00
7063,Jennifer,Thomas,jennifer.thomas7063@rapidcloud.com,RapidCloud,Event,Converted,69,1600,731,2021-12-30,2021-11-01T00:00:00
7064,Daniel,Martin,daniel.martin7064@streamlineanalytics.com,StreamLine Analytics,Outbound - SDR,SQL,61,,,,2024-04-26T00:00:00
7065,Patricia,Martinez,patricia.martinez7065@cybervault.com,CyberVault,Paid Search,Converted,61,4339,914,2022-12-31,2022-10-18T00:00:00
7066,Sarah,Brown,sarah.brown7066@innovateco.com,InnovateCo,Inbound - Webinar,SQL,91,,,,2023-03-18T00:00:00
7067,James,Thompson,james.thompson7067@techflowinc.com,TechFlow Inc,Outbound - SDR,SQL,68,,,,2022-02-08T00:00:00
7068,Jennifer,Johnson,jennifer.johnson7068@pulsepointdigital.com,PulsePoint Digital,Outbound - SDR,MQL,60,,,,2024-09-15T00:00:00
7069,Charles,Thompson,charles.thompson7069@scaleupsystems.com,ScaleUp Systems,Event,Working,40,,,,2020-04-08T00:00:00
7070,Joseph,Rodriguez,joseph.rodriguez7070@agiledynamics.com,Agile Dynamics,Event,Disqualified,4,,,,2024-05-04T00:00:00
7071,James,Johnson,james.johnson7071@cloudscalesystems.com,CloudScale Systems,Inbound - Webinar,Working,16,,,,2024-03-27T00:00:00
7072,Mary,Garcia,mary.garcia7072@agiledynamics.com,Agile Dynamics,Inbound - Webinar,New,41,,,,2022-07-03T00:00:00
7073,Patricia,Thomas,patricia.thomas7073@truenorthdata.com,TrueNorth Data,Social Media,New,33,,,,2021-01-19T00:00:00
7074,Sarah,Jackson,sarah.jackson7074@quantumlogiclabs.com,QuantumLogic Labs,Product-Led,Disqualified,26,,,,2023-11-14T00:00:00
7075,Barbara,Brown,barbara.brown7075@brightwavetech.com,BrightWave Tech,Outbound - Cold,Converted,89,824,208,2024-08-11,2024-06-01T00:00:00
7076,Sarah,Moore,sarah.moore7076@truenorthdata.com,TrueNorth Data,Product-Led,Working,54,,,,2021-06-28T00:00:00
7077,Robert,Jackson,robert.jackson7077@vertexai.com,VertexAI,Outbound - Cold,MQL,51,,,,2023-11-30T00:00:00
7078,Robert,Martin,robert.martin7078@truenorthdata.com,TrueNorth Data,Outbound - SDR,SQL,69,,,,2024-07-31T00:00:00
7079,Thomas,Moore,thomas.moore7079@cloudscalesystems.com,CloudScale Systems,Paid Search,Nurture,37,,,,2024-03-23T00:00:00
7080,Michael,Taylor,michael.taylor7080@corestack.com,CoreStack,Outbound - Cold,Working,65,,,,2023-07-24T00:00:00
7081,Karen,Johnson,karen.johnson7081@pulsepointdigital.com,PulsePoint Digital,Product-Led,Working,28,,,,2024-06-25T00:00:00
7082,John,Hernandez,john.hernandez7082@corestack.com,CoreStack,Inbound - Content,Working,20,,,,2021-08-12T00:00:00
7083,Lisa,Martinez,lisa.martinez7083@brightwavetech.com,BrightWave Tech,Outbound - Cold,MQL,85,,,,2020-08-07T00:00:00
7084,Nancy,Davis,nancy.davis7084@brightwavetech.com,BrightWave Tech,Social Media,Working,25,,,,2022-05-23T00:00:00
7085,Christopher,Smith,christopher.smith7085@pulsepointdigital.com,PulsePoint Digital,Inbound - Web,SQL,58,,,,2020-01-25T00:00:00
7086,Lisa,Jackson,lisa.jackson7086@streamlineanalytics.com,StreamLine Analytics,Outbound - Cold,Working,61,,,,2023-11-24T00:00:00
7087,Thomas,Taylor,thomas.taylor7087@insightplatforms.com,Insight Platforms,Outbound - Cold,Disqualified,30,,,,2023-05-04T00:00:00
7088,Elizabeth,Moore,elizabeth.moore7088@futureforge.com,FutureForge,Paid Search,Working,49,,,,2024-05-09T00:00:00
7089,John,Johnson,john.johnson7089@insightplatforms.com,Insight Platforms,Partner Referral,SQL,56,,,,2023-07-25T00:00:00
7090,Jessica,Williams,jessica.williams7090@brightwavetech.com,BrightWave Tech,Event,Converted,84,1760,425,2024-10-23,2024-08-26T00:00:00
7091,Michael,Wilson,michael.wilson7091@rapidcloud.com,RapidCloud,Inbound - Web,SQL,56,,,,2024-03-19T00:00:00
7092,Christopher,Gonzalez,christopher.gonzalez7092@primepathdigital.com,PrimePath Digital,Outbound - Cold,New,70,,,,2024-04-30T00:00:00
7093,Michael,Jones,michael.jones7093@vertexai.com,VertexAI,Inbound - Webinar,Converted,93,2797,87,2022-07-23,2022-07-22T00:00:00
7094,John,Davis,john.davis7094@techflowinc.com,TechFlow Inc,Product-Led,SQL,91,,,,2020-01-23T00:00:00
7095,Richard,Johnson,,CloudScale Systems,Partner Referral,MQL,89,,,,2021-10-09T00:00:00
7096,William,Brown,william.brown7096@metasync.com,MetaSync,Outbound - Cold,SQL,65,,,,2022-06-23T00:00:00
7097,Susan,Jones,susan.jones7097@nexgensolutions.com,NexGen Solutions,Partner Referral,Converted,100,1071,150,2021-07-17,2021-07-08T00:00:00
7098,Jennifer,Williams,jennifer.williams7098@metasync.com,MetaSync,Inbound - Web,Disqualified,23,,,,2023-10-04T00:00:00
7099,Barbara,Johnson,barbara.johnson7099@scaleupsystems.com,ScaleUp Systems,Event,New,14,,,,2021-02-26T00:00:00
7100,James,Taylor,james.taylor7100@futureforge.com,FutureForge,Product-Led,New,68,,,,2023-05-21T00:00:00
7101,Jessica,Miller,jessica.miller7101@metasync.com,MetaSync,Paid Search,Working,65,,,,2021-04-05T00:00:00
7102,Barbara,Smith,barbara.smith7102@futureforge.com,FutureForge,Event,Working,15,,,,2024-09-15T00:00:00
7103,Jennifer,Wilson,jennifer.wilson7103@rapidcloud.com,RapidCloud,Partner Referral,New,66,,,,2020-04-11T00:00:00
7104,Barbara,Gonzalez,barbara.gonzalez7104@databridgecorp.com,DataBridge Corp,Event,Disqualified,28,,,,2021-06-25T00:00:00
7105,Susan,Martin,susan.martin7105@rapidcloud.com,RapidCloud,Event,New,64,,,,2023-03-27T00:00:00
7106,Robert,Martinez,robert.martinez7106@innovateco.com,InnovateCo,Product-Led,Disqualified,7,,,,2023-05-23T00:00:00
7107,Joseph,Lopez,joseph.lopez7107@rapidcloud.com,RapidCloud,Paid Search,Working,28,,,,2021-05-01T00:00:00
7108,Charles,Davis,charles.davis7108@rapidcloud.com,RapidCloud,Social Media,New,10,,,,2023-07-24T00:00:00
7109,Linda,Smith,linda.smith7109@truenorthdata.com,TrueNorth Data,Outbound - Cold,SQL,56,,,,2024-08-07T00:00:00
7110,Mary,Johnson,mary.johnson7110@innovateco.com,InnovateCo,Inbound - Web,Converted,-84,4831,938,2023-06-03,2023-04-19T00:00:00
7111,Elizabeth,Miller,elizabeth.miller7111@insightplatforms.com,Insight Platforms,Inbound - Content,Working,53,,,,2024-02-25T00:00:00
7112,Jennifer,Thomas,jennifer.thomas7112@streamlineanalytics.com,StreamLine Analytics,Partner Referral,Working,51,,,,2021-11-02T00:00:00
7113,Robert,Brown,robert.brown7113@primepathdigital.com,PrimePath Digital,Event,Converted,53,1747,77,2024-12-02,2024-11-02T00:00:00
7114,William,Rodriguez,william.rodriguez7114@cloudscalesystems.com,CloudScale Systems,Product-Led,Disqualified,12,,,,2023-10-17T00:00:00
7115,Christopher,Hernandez,christopher.hernandez7115@rapidcloud.com,RapidCloud,Inbound - Content,Working,54,,,,2023-02-25T00:00:00
7116,David,Martinez,david.martinez7116@insightplatforms.com,Insight Platforms,Product-Led,Converted,82,616,722,2024-06-01,2024-03-08T00:00:00
7117,Robert,Lee,robert.lee7117@streamlineanalytics.com,StreamLine Analytics,Outbound - SDR,Working,68,,,,2020-09-24T00:00:00
7118,Jessica,Brown,jessica.brown7118@techflowinc.com,TechFlow Inc,Inbound - Web,SQL,60,,,,2021-05-31T00:00:00
7119,Linda,Garcia,linda.garcia7119@quantumlogiclabs.com,QuantumLogic Labs,Partner Referral,Disqualified,8,,,,2022-01-04T00:00:00
7120,Karen,Johnson,karen.johnson7120@innovateco.com,InnovateCo,Partner Referral,Working,37,,,,2020-12-11T00:00:00
7121,Patricia,Miller,patricia.miller7121@quantumlogiclabs.com,QuantumLogic Labs,Inbound - Content,Nurture,11,,,,2024-10-29T00:00:00
7122,David,Lee,david.lee7122@cybervault.com,CyberVault,Social Media,Working,14,,,,2021-06-06T00:00:00
7123,Nancy,Lee,nancy.lee7123@brightwavetech.com,BrightWave Tech,Paid Search,Converted,90,3406,516,2024-01-04,2023-10-29T00:00:00
7124,Jennifer,Moore,jennifer.moore7124@agiledynamics.com,Agile Dynamics,Inbound - Web,SQL,75,,,,2024-07-22T00:00:00
7125,Elizabeth,Davis,elizabeth.davis7125@pulsepointdigital.com,PulsePoint Digital,Social Media,MQL,50,,,,2024-09-02T00:00:00
7126,Elizabeth,Martin,elizabeth.martin7126@primepathdigital.com,PrimePath Digital,Social Media,Disqualified,20,,,,2022-10-16T00:00:00
7127,Joseph,Moore,joseph.moore7127@truenorthdata.com,TrueNorth Data,Product-Led,Converted,55,1421,639,2024-04-04,2024-02-06T00:00:00
7128,Jessica,Jones,jessica.jones7128@corestack.com,CoreStack,Inbound - Content,Disqualified,4,,,,2020-03-13T00:00:00
7129,Barbara,Jackson,barbara.jackson7129@pulsepointdigital.com,PulsePoint Digital,Paid Search,MQL,95,,,,2020-11-17T00:00:00
7130,Barbara,Thomas,barbara.thomas7130@databridgecorp.com,DataBridge Corp,Product-Led,Disqualified,7,,,,2023-09-26T00:00:00
7131,Karen,Thompson,karen.thompson7131@pulsepointdigital.com,PulsePoint Digital,,New,23,,,,2020-02-13T00:00:00
7132,Barbara,Moore,barbara.moore7132@streamlineanalytics.com,StreamLine Analytics,Product-Led,Converted,54,298,194,2024-08-23,2024-07-17T00:00:00
7133,Susan,Wilson,susan.wilson7133@agiledynamics.com,Agile Dynamics,,New,46,,,,2022-03-30T00:00:00
7134,Susan,Gonzalez,susan.gonzalez7134@cybervault.com,CyberVault,Partner Referral,New,19,,,,2021-06-02T00:00:00
7135,Mary,Anderson,mary.anderson7135@vertexai.com,VertexAI,Inbound - Content,SQL,80,,,,2022-12-31T00:00:00
7136,James,Miller,james.miller7136@cybervault.com,CyberVault,Inbound - Webinar,Converted,88,3971,239,2024-02-08,2024-01-07T00:00:00
7137,James,Martin,james.martin7137@agiledynamics.com,Agile Dynamics,Inbound - Web,Working,64,,,,2022-09-08T00:00:00
7138,Christopher,Moore,christopher.moore7138@quantumlogiclabs.com,QuantumLogic Labs,Event,SQL,63,,,,2021-11-14T00:00:00
7139,Christopher,Rodriguez,christopher.rodriguez7139@pulsepointdigital.com,PulsePoint Digital,Outbound - Cold,Disqualified,30,,,,2024-09-14T00:00:00
7140,Robert,Davis,robert.davis7140@corestack.com,CoreStack,Product-Led,Working,22,,,,2022-02-05T00:00:00
7141,Michael,Wilson,michael.wilson7141@cloudscalesystems.com,CloudScale Systems,Product-Led,Converted,58,4446,377,2021-03-26,2021-02-19T00:00:00
7142,Jessica,Moore,jessica.moore7142@nexgensolutions.com,NexGen Solutions,Outbound - SDR,Converted,81,3978,214,2024-06-30,2024-06-17T00:00:00
7143,Thomas,Taylor,thomas.taylor7143@metasync.com,MetaSync,Inbound - Web,New,21,,,,2021-03-16T00:00:00
7144,John,Moore,john.moore7144@techflowinc.com,TechFlow Inc,Inbound - Content,SQL,85,,,,2022-09-06T00:00:00
7145,Thomas,Lee,thomas.lee7145@innovateco.com,InnovateCo,Outbound - SDR,Working,10,,,,2023-06-03T00:00:00
7146,Thomas,Rodriguez,thomas.rodriguez7146@techflowinc.com,TechFlow Inc,Product-Led,Converted,82,2642,529,2023-08-01,2023-06-27T00:00:00
7147,Elizabeth,Jackson,,TrueNorth Data,Outbound - SDR,Working,46,,,,2021-07-25T00:00:00
7148,Linda,Anderson,linda.anderson7148@databridgecorp.com,DataBridge Corp,Product-Led,Converted,62,1123,738,2024-03-07,2024-02-06T00:00:00
7149,Nancy,Gonzalez,nancy.gonzalez7149@nexgensolutions.com,NexGen Solutions,Outbound - Cold,Nurture,41,,,,2020-02-10T00:00:00
7150,Barbara,Anderson,barbara.anderson7150@scaleupsystems.com,ScaleUp Systems,Inbound - Content,New,57,,,,2020-10-11T00:00:00
7151,Nancy,Hernandez,nancy.hernandez7151@scaleupsystems.com,ScaleUp Systems,Event,MQL,82,,,,2020-05-20T00:00:00
7152,Robert,Gonzalez,robert.gonzalez7152@techflowinc.com,TechFlow Inc,Paid Search,New,48,,,,2021-11-28T00:00:00
7153,Christopher,Martin,christopher.martin7153@agiledynamics.com,Agile Dynamics,Inbound - Web,Converted,97,275,601,2021-12-30,2021-12-09T00:00:00
7154,Mary,Garcia,mary.garcia7154@nexgensolutions.com,NexGen Solutions,Outbound - SDR,Disqualified,23,,,,2022-12-02T00:00:00
7155,Jennifer,Wilson,jennifer.wilson7155@futureforge.com,FutureForge,Paid Search,Working,70,,,,2023-11-01T00:00:00
7156,Christopher,Martinez,christopher.martinez7156@rapidcloud.com,RapidCloud,Partner Referral,Nurture,69,,,,2020-09-03T00:00:00
7157,Patricia,Lopez,patricia.lopez7157@techflowinc.com,TechFlow Inc,Event,SQL,68,,,,2020-06-17T00:00:00
7158,John,Thompson,john.thompson7158@quantumlogiclabs.com,QuantumLogic Labs,Social Media,MQL,50,,,,2022-03-31T00:00:00
7159,Mary,Moore,mary.moore7159@truenorthdata.com,TrueNorth Data,Product-Led,MQL,54,,,,2021-09-25T00:00:00
7160,Sarah,Davis,sarah.davis7160@innovateco.com,InnovateCo,Outbound - SDR,MQL,75,,,,2022-11-08T00:00:00
7161,John,Martinez,john.martinez7161@truenorthdata.com,TrueNorth Data,Inbound - Web,Disqualified,30,,,,2023-06-22T00:00:00
7162,Joseph,Moore,joseph.moore7162@primepathdigital.com,PrimePath Digital,Event,MQL,90,,,,2024-10-29T00:00:00
7163,Jessica,Thompson,jessica.thompson7163@quantumlogiclabs.com,QuantumLogic Labs,Social Media,SQL,87,,,,2023-11-04T00:00:00
7164,Nancy,Gonzalez,nancy.gonzalez7164@nexgensolutions.com,NexGen Solutions,Product-Led,Converted,68,4288,423,2024-06-24,2024-05-11T00:00:00
7165,Richard,Anderson,richard.anderson7165@metasync.com,MetaSync,Outbound - SDR,Working,55,,,,2022-04-09T00:00:00
7166,Thomas,Lee,thomas.lee7166@nexgensolutions.com,NexGen Solutions,Outbound - SDR,MQL,93,,,,2021-07-19T00:00:00
7167,Christopher,Lee,christopher.lee,PrimePath Digital,Paid Search,Disqualified,17,,,,2021-12-05T00:00:00
7168,Joseph,Lopez,joseph.lopez,InnovateCo,Event,SQL,96,,,,2021-10-16T00:00:00
7169,Richard,Martinez,,InnovateCo,Outbound - Cold,Disqualified,16,,,,2021-02-24T00:00:00
7170,Thomas,Jones,thomas.jones7170@truenorthdata.com,TrueNorth Data,Outbound - SDR,Converted,62,2698,223,2024-05-19,2024-04-23T00:00:00
7171,Mary,Thompson,mary.thompson7171@rapidcloud.com,RapidCloud,Social Media,MQL,61,,,,2024-09-26T00:00:00
7172,Michael,Jackson,michael.jackson7172@rapidcloud.com,RapidCloud,Outbound - SDR,Working,39,,,,2023-12-06T00:00:00
7173,Joseph,Johnson,joseph.johnson7173@quantumlogiclabs.com,QuantumLogic Labs,Partner Referral,New,16,,,,2023-02-08T00:00:00
7174,Linda,Lee,linda.lee7174@techflowinc.com,TechFlow Inc,Outbound - SDR,New,34,,,,2023-05-02T00:00:00
7175,William,Garcia,william.garcia7175@agiledynamics.com,Agile Dynamics,Paid Search,Converted,81,3089,221,2022-09-26,2022-10-01T00:00:00
7176,James,Smith,james.smith7176@corestack.com,CoreStack,Outbound - SDR,Converted,68,1894,673,2021-10-21,2021-09-11T00:00:00
7177,Linda,Lopez,linda.lopez7177@brightwavetech.com,BrightWave Tech,Paid Search,New,44,,,,2020-05-11T00:00:00
7178,John,Jones,john.jones7178@streamlineanalytics.com,StreamLine Analytics,Product-Led,Working,22,,,,2021-11-16T00:00:00
7179,Daniel,Gonzalez,daniel.gonzalez7179@cloudscalesystems.com,CloudScale Systems,Event,Nurture,20,,,,2020-02-29T00:00:00
7180,Christopher,Lee,christopher.lee7180@scaleupsystems.com,ScaleUp Systems,Event,Disqualified,3,,,,2023-09-09T00:00:00
7181,William,Brown,william.brown7181@futureforge.com,FutureForge,Inbound - Web,Working,67,,,,2020-01-21T00:00:00
7182,Thomas,Martin,thomas.martin7182@databridgecorp.com,DataBridge Corp,Event,SQL,82,,,,2023-08-29T00:00:00
7183,Michael,Lopez,michael.lopez7183@databridgecorp.com,DataBridge Corp,Inbound - Content,New,14,,,,2020-01-18T00:00:00
7184,Jessica,Lopez,jessica.lopez7184@cloudscalesystems.com,CloudScale Systems,Outbound - Cold,Nurture,20,,,,2022-03-24T00:00:00
7185,Joseph,Johnson,,StreamLine Analytics,Event,MQL,95,,,,2021-10-18T00:00:00
7186,Robert,Hernandez,robert.hernandez7186@nexgensolutions.com,NexGen Solutions,Inbound - Content,MQL,50,,,,2021-01-24T00:00:00
7187,Barbara,Martinez,barbara.martinez7187@techflowinc.com,TechFlow Inc,Inbound - Webinar,Nurture,41,,,,2023-08-03T00:00:00
7188,Christopher,Martin,christopher.martin7188@cybervault.com,CyberVault,Social Media,Converted,-91,4958,53,2023-03-29,2023-03-24T00:00:00
7189,Jessica,Johnson,jessica.johnson7189@cloudscalesystems.com,CloudScale Systems,Partner Referral,New,61,,,,2021-11-17T00:00:00
7190,Jessica,Wilson,jessica.wilson7190@streamlineanalytics.com,StreamLine Analytics,Inbound - Web,New,70,,,,2021-04-07T00:00:00
7191,James,Jackson,james.jackson7191@insightplatforms.com,Insight Platforms,,MQL,64,,,,2023-07-10T00:00:00
7192,Nancy,Garcia,nancy.garcia7192@vertexai.com,VertexAI,Event,Disqualified,26,,,,2024-03-02T00:00:00
7193,Jennifer,Brown,jennifer.brown7193@agiledynamics.com,Agile Dynamics,Paid Search,Disqualified,6,,,,2024-07-31T00:00:00
7194,Linda,Davis,linda.davis7194@nexgensolutions.com,NexGen Solutions,Paid Search,SQL,62,,,,2022-04-06T00:00:00
7195,William,Johnson,william.johnson7195@metasync.com,MetaSync,Paid Search,MQL,74,,,,2023-09-03T00:00:00
7196,Karen,Martin,karen.martin7196@databridgecorp.com,DataBridge Corp,,MQL,95,,,,2024-01-17T00:00:00
7197,Charles,Hernandez,charles.hernandez7197@truenorthdata.com,TrueNorth Data,Inbound - Content,SQL,84,,,,2024-12-12T00:00:00
7198,Mary,Moore,mary.moore7198@cloudscalesystems.com,CloudScale Systems,Product-Led,MQL,84,,,,2020-06-19T00:00:00
7199,William,Moore,william.moore7199@agiledynamics.com,Agile Dynamics,Inbound - Webinar,Converted,98,631,17,2023-08-02,2023-07-14T00:00:00
7200,Barbara,Martinez,barbara.martinez7200@techflowinc.com,TechFlow Inc,Paid Search,MQL,53,,,,2024-02-09T00:00:00
7201,Thomas,Thompson,thomas.thompson7201@streamlineanalytics.com,StreamLine Analytics,Outbound - SDR,Disqualified,29,,,,2024-05-19T00:00:00
7202,Richard,Brown,richard.brown7202@streamlineanalytics.com,StreamLine Analytics,Inbound - Web,New,62,,,,2023-02-04T00:00:00
7203,Nancy,Martinez,nancy.martinez7203@pulsepointdigital.com,PulsePoint Digital,Inbound - Webinar,Converted,89,3883,222,2022-10-16,2022-09-09T00:00:00
7204,Richard,Gonzalez,,QuantumLogic Labs,,MQL,60,,,,2021-02-03T00:00:00
7205,Charles,Martinez,charles.martinez7205@agiledynamics.com,Agile Dynamics,Event,Working,42,,,,2021-04-01T00:00:00
7206,Joseph,Lee,joseph.lee7206@metasync.com,MetaSync,Outbound - Cold,Nurture,44,,,,2024-01-27T00:00:00
7207,Daniel,Jackson,daniel.jackson7207@scaleupsystems.com,ScaleUp Systems,Paid Search,Working,39,,,,2020-03-30T00:00:00
7208,James,Miller,james.miller7208@truenorthdata.com,TrueNorth Data,Social Media,Disqualified,27,,,,2024-01-22T00:00:00
7209,Nancy,Rodriguez,nancy.rodriguez7209@corestack.com,CoreStack,Outbound - SDR,Disqualified,10,,,,2023-06-19T00:00:00
7210,John,Lee,,TrueNorth Data,Event,MQL,81,,,,2022-11-07T00:00:00
7211,Jennifer,Garcia,jennifer.garcia7211@corestack.com,CoreStack,Outbound - SDR,MQL,70,,,,2020-11-26T00:00:00
7212,Charles,Taylor,charles.taylor7212@insightplatforms.com,Insight Platforms,Outbound - Cold,MQL,80,,,,2022-11-20T00:00:00
7213,William,Martinez,william.martinez7213@futureforge.com,FutureForge,Paid Search,Disqualified,28,,,,2020-01-29T00:00:00
7214,James,Taylor,james.taylor7214@brightwavetech.com,BrightWave Tech,Inbound - Content,MQL,89,,,,2021-05-24T00:00:00
7215,Elizabeth,Miller,elizabeth.miller7215@brightwavetech.com,BrightWave Tech,Outbound - SDR,Working,62,,,,2023-10-02T00:00:00
7216,Elizabeth,Johnson,elizabeth.johnson7216@scaleupsystems.com,ScaleUp Systems,Inbound - Webinar,MQL,79,,,,2021-07-20T00:00:00
7217,Nancy,Lopez,nancy.lopez7217@nexgensolutions.com,NexGen Solutions,Event,MQL,89,,,,2023-04-27T00:00:00
7218,Joseph,Martinez,joseph.martinez7218@corestack.com,CoreStack,Social Media,Disqualified,11,,,,2024-05-06T00:00:00
7219,Michael,Thomas,michael.thomas7219@truenorthdata.com,TrueNorth Data,Inbound - Webinar,Converted,90,1377,901,2024-12-10,2024-11-30T00:00:00
7220,Lisa,Davis,lisa.davis7220@cloudscalesystems.com,CloudScale Systems,,SQL,58,,,,2024-12-03T00:00:00
7221,Robert,Lopez,robert.lopez7221@metasync.com,MetaSync,Product-Led,Working,19,,,,2022-01-25T00:00:00
7222,Joseph,Thomas,joseph.thomas7222@primepathdigital.com,PrimePath Digital,Partner Referral,Converted,92,2352,10,2023-11-12,2023-08-28T00:00:00
7223,Linda,Gonzalez,linda.gonzalez7223@databridgecorp.com,DataBridge Corp,Outbound - SDR,Working,23,,,,2021-05-07T00:00:00
7224,Elizabeth,Thompson,elizabeth.thompson7224@brightwavetech.com,BrightWave Tech,Product-Led,New,21,,,,2020-06-05T00:00:00
7225,Daniel,Thompson,daniel.thompson7225@cloudscalesystems.com,CloudScale Systems,Outbound - SDR,Converted,88,3805,663,2024-12-10,2024-11-05T00:00:00
7226,Thomas,Lee,thomas.lee7226@nexgensolutions.com,NexGen Solutions,Inbound - Web,Nurture,38,,,,2023-09-22T00:00:00
7227,James,Rodriguez,james.rodriguez7227@brightwavetech.com,BrightWave Tech,Product-Led,Working,17,,,,2023-03-30T00:00:00
7228,Richard,Miller,richard.miller7228@primepathdigital.com,PrimePath Digital,Outbound - SDR,SQL,98,,,,2024-07-21T00:00:00
7229,Jessica,Wilson,jessica.wilson7229@cloudscalesystems.com,CloudScale Systems,Product-Led,MQL,90,,,,2020-01-25T00:00:00
7230,Christopher,Thompson,christopher.thompson7230@agiledynamics.com,Agile Dynamics,Paid Search,Disqualified,13,,,,2022-07-14T00:00:00
7231,Thomas,Brown,thomas.brown7231@brightwavetech.com,BrightWave Tech,Inbound - Web,MQL,76,,,,2021-04-01T00:00:00
7232,Nancy,Jackson,nancy.jackson,QuantumLogic Labs,Partner Referral,Nurture,63,,,,2020-04-03T00:00:00
7233,Christopher,Hernandez,christopher.hernandez7233@scaleupsystems.com,ScaleUp Systems,Inbound - Webinar,Converted,67,84,599,2021-10-31,2021-10-08T00:00:00
7234,Linda,Taylor,linda.taylor,CyberVault,Paid Search,Disqualified,1,,,,2023-07-05T00:00:00
7235,Elizabeth,Smith,elizabeth.smith7235@insightplatforms.com,Insight Platforms,Outbound - Cold,Converted,97,4346,179,2024-09-28,2024-07-16T00:00:00
7236,David,Lee,david.lee7236@corestack.com,CoreStack,Inbound - Webinar,Converted,93,1075,112,2020-10-20,2020-09-26T00:00:00
7237,Jessica,Rodriguez,jessica.rodriguez7237@databridgecorp.com,DataBridge Corp,Inbound - Web,New,16,,,,2024-07-09T00:00:00
7238,Christopher,Jackson,christopher.jackson7238@pulsepointdigital.com,PulsePoint Digital,Product-Led,Nurture,56,,,,2022-02-16T00:00:00
7239,Barbara,Anderson,barbara.anderson7239@scaleupsystems.com,ScaleUp Systems,Outbound - SDR,New,24,,,,2021-01-04T00:00:00
7240,Susan,Taylor,susan.taylor7240@truenorthdata.com,TrueNorth Data,Outbound - Cold,New,21,,,,2023-09-08T00:00:00
7241,Mary,Taylor,mary.taylor7241@primepathdigital.com,PrimePath Digital,Inbound - Web,New,13,,,,2021-07-17T00:00:00
7242,Karen,Taylor,karen.taylor7242@agiledynamics.com,Agile Dynamics,Outbound - SDR,MQL,91,,,,2020-11-26T00:00:00
7243,Karen,Martin,karen.martin7243@databridgecorp.com,DataBridge Corp,Inbound - Web,Disqualified,21,,,,2022-04-08T00:00:00
7244,Robert,Moore,robert.moore7244@rapidcloud.com,RapidCloud,Outbound - SDR,Working,40,,,,2024-06-04T00:00:00
7245,Barbara,Lee,barbara.lee7245@nexgensolutions.com,NexGen Solutions,Social Media,Nurture,57,,,,2020-05-31T00:00:00
7246,Thomas,Jones,thomas.jones7246@databridgecorp.com,DataBridge Corp,Paid Search,MQL,100,,,,2022-01-07T00:00:00
7247,Jennifer,Garcia,jennifer.garcia7247@corestack.com,CoreStack,Partner Referral,Converted,66,2379,352,2024-05-04,2024-03-21T00:00:00
7248,Joseph,Martinez,joseph.martinez7248@streamlineanalytics.com,StreamLine Analytics,Paid Search,Disqualified,30,,,,2024-02-26T00:00:00
7249,Robert,Thomas,robert.thomas7249@truenorthdata.com,TrueNorth Data,Product-Led,Converted,98,2495,653,2023-07-21,2023-07-16T00:00:00
7250,Charles,Miller,charles.miller7250@quantumlogiclabs.com,QuantumLogic Labs,Outbound - SDR,MQL,66,,,,2020-03-27T00:00:00
7251,Daniel,Davis,daniel.davis7251@techflowinc.com,TechFlow Inc,Inbound - Content,Nurture,62,,,,2024-04-18T00:00:00
7252,Robert,Gonzalez,robert.gonzalez7252@rapidcloud.com,RapidCloud,Outbound - Cold,Disqualified,8,,,,2023-06-06T00:00:00
7253,Lisa,Gonzalez,lisa.gonzalez7253@agiledynamics.com,Agile Dynamics,Outbound - Cold,Disqualified,2,,,,2024-03-19T00:00:00
7254,Sarah,Jones,sarah.jones7254@corestack.com,CoreStack,Product-Led,New,46,,,,2020-07-29T00:00:00
7255,Charles,Jackson,charles.jackson7255@vertexai.com,VertexAI,Inbound - Webinar,New,57,,,,2020-10-28T00:00:00
7256,Charles,Davis,charles.davis7256@brightwavetech.com,BrightWave Tech,Product-Led,New,62,,,,2023-12-15T00:00:00
7257,Susan,Moore,susan.moore7257@nexgensolutions.com,NexGen Solutions,Inbound - Webinar,SQL,60,,,,2021-03-13T00:00:00
7258,Robert,Garcia,robert.garcia7258@innovateco.com,InnovateCo,Inbound - Webinar,Disqualified,10,,,,2022-06-24T00:00:00
7259,Christopher,Rodriguez,christopher.rodriguez7259@databridgecorp.com,DataBridge Corp,Paid Search,Disqualified,5,,,,2023-03-25T00:00:00
7260,Jennifer,Jackson,jennifer.jackson7260@rapidcloud.com,RapidCloud,Event,Disqualified,2,,,,2024-08-07T00:00:00
7261,Christopher,Brown,christopher.brown7261@cybervault.com,CyberVault,Outbound - Cold,SQL,57,,,,2024-04-30T00:00:00
7262,Richard,Williams,richard.williams7262@cybervault.com,CyberVault,Outbound - Cold,Converted,61,4628,818,2023-12-21,2023-10-08T00:00:00
7263,Daniel,Jones,daniel.jones7263@quantumlogiclabs.com,QuantumLogic Labs,Social Media,Converted,75,2632,980,2022-10-26,2022-08-22T00:00:00
7264,Thomas,Martin,thomas.martin7264@scaleupsystems.com,ScaleUp Systems,Social Media,MQL,88,,,,2024-05-06T00:00:00
7265,William,Hernandez,william.hernandez7265@innovateco.com,InnovateCo,Social Media,New,66,,,,2022-05-18T00:00:00
7266,Robert,Wilson,robert.wilson7266@nexgensolutions.com,NexGen Solutions,Inbound - Webinar,Disqualified,21,,,,2020-04-15T00:00:00
7267,Karen,Davis,karen.davis7267@cybervault.com,CyberVault,Inbound - Web,Working,44,,,,2023-03-12T00:00:00
7268,Susan,Jackson,susan.jackson7268@quantumlogiclabs.com,QuantumLogic Labs,Social Media,Disqualified,15,,,,2020-02-05T00:00:00
7269,David,Rodriguez,david.rodriguez,PrimePath Digital,Social Media,New,45,,,,2021-11-28T00:00:00
7270,Joseph,Jackson,joseph.jackson7270@databridgecorp.com,DataBridge Corp,Product-Led,Converted,84,2873,144,2024-06-09,2024-05-19T00:00:00
7271,Susan,Jackson,susan.jackson7271@scaleupsystems.com,ScaleUp Systems,,Converted,63,4377,709,2021-09-23,2021-09-17T00:00:00
7272,Elizabeth,Martinez,elizabeth.martinez7272@truenorthdata.com,TrueNorth Data,Partner Referral,Converted,78,2981,45,2023-08-12,2023-06-14T00:00:00
7273,Charles,Martin,charles.martin7273@primepathdigital.com,PrimePath Digital,Paid Search,MQL,63,,,,2022-02-03T00:00:00
7274,Daniel,Miller,daniel.miller7274@quantumlogiclabs.com,QuantumLogic Labs,Outbound - SDR,Working,16,,,,2024-08-01T00:00:00
7275,Joseph,Rodriguez,joseph.rodriguez7275@quantumlogiclabs.com,QuantumLogic Labs,Inbound - Webinar,SQL,59,,,,2020-05-21T00:00:00
7276,Daniel,Williams,daniel.williams7276@insightplatforms.com,Insight Platforms,Partner Referral,Converted,63,4151,421,2024-09-13,2024-08-17T00:00:00
7277,Charles,Jackson,charles.jackson7277@brightwavetech.com,BrightWave Tech,Social Media,Working,-13,,,,2021-04-19T00:00:00
7278,Thomas,Gonzalez,thomas.gonzalez7278@agiledynamics.com,Agile Dynamics,Inbound - Webinar,Working,42,,,,2021-02-28T00:00:00
7279,Sarah,Miller,sarah.miller7279@scaleupsystems.com,ScaleUp Systems,Social Media,Disqualified,4,,,,2021-01-27T00:00:00
7280,Patricia,Anderson,patricia.anderson7280@nexgensolutions.com,NexGen Solutions,Outbound - Cold,New,30,,,,2023-06-18T00:00:00
7281,Nancy,Jackson,nancy.jackson7281@cybervault.com,CyberVault,Outbound - Cold,Working,41,,,,2024-11-22T00:00:00
7282,Linda,Thompson,,StreamLine Analytics,Outbound - SDR,SQL,95,,,,2020-01-03T00:00:00
7283,Barbara,Miller,barbara.miller7283@techflowinc.com,TechFlow Inc,Outbound - Cold,SQL,73,,,,2023-08-16T00:00:00
7284,David,Jackson,david.jackson7284@primepathdigital.com,PrimePath Digital,Social Media,MQL,100,,,,2020-12-14T00:00:00
7285,Lisa,Hernandez,lisa.hernandez7285@cloudscalesystems.com,CloudScale Systems,Inbound - Content,Working,43,,,,2020-05-19T00:00:00
7286,Richard,Hernandez,richard.hernandez7286@scaleupsystems.com,ScaleUp Systems,Inbound - Webinar,New,42,,,,2022-07-24T00:00:00
7287,Nancy,Johnson,nancy.johnson7287@scaleupsystems.com,ScaleUp Systems,Inbound - Webinar,Disqualified,25,,,,2024-10-17T00:00:00
7288,Robert,Thomas,robert.thomas7288@vertexai.com,VertexAI,Inbound - Content,MQL,62,,,,2024-01-06T00:00:00
7289,Joseph,Lee,joseph.lee7289@techflowinc.com,TechFlow Inc,Inbound - Content,Disqualified,18,,,,2022-11-21T00:00:00
7290,James,Smith,james.smith7290@pulsepointdigital.com,PulsePoint Digital,Inbound - Content,MQL,56,,,,2022-08-22T00:00:00
7291,Barbara,Lee,barbara.lee7291@metasync.com,MetaSync,Product-Led,Converted,92,75,933,2024-08-08,2024-06-01T00:00:00
7292,Linda,Smith,linda.smith7292@vertexai.com,VertexAI,Partner Referral,Disqualified,22,,,,2023-04-01T00:00:00
7293,David,Lee,david.lee,ScaleUp Systems,Partner Referral,New,25,,,,2020-11-18T00:00:00
7294,James,Johnson,james.johnson7294@truenorthdata.com,TrueNorth Data,Paid Search,Converted,69,4939,62,2022-12-18,2022-10-03T00:00:00
7295,Elizabeth,Smith,elizabeth.smith7295@corestack.com,CoreStack,,New,12,,,,2023-03-31T00:00:00
7296,James,Smith,james.smith7296@brightwavetech.com,BrightWave Tech,Inbound - Content,New,60,,,,2024-09-24T00:00:00
7297,William,Thomas,,PulsePoint Digital,Inbound - Web,MQL,58,,,,2024-03-30T00:00:00
7298,Daniel,Miller,daniel.miller7298@cybervault.com,CyberVault,Inbound - Content,MQL,59,,,,2022-05-20T00:00:00
7299,Linda,Johnson,linda.johnson7299@corestack.com,CoreStack,Event,Converted,81,2826,509,2022-10-01,2022-09-21T00:00:00
7300,Daniel,Williams,daniel.williams7300@streamlineanalytics.com,StreamLine Analytics,Event,SQL,80,,,,2021-12-24T00:00:00
7301,Joseph,Lee,joseph.lee7301@cloudscalesystems.com,CloudScale Systems,Inbound - Content,MQL,73,,,,2022-06-07T00:00:00
7302,Christopher,Rodriguez,christopher.rodriguez7302@corestack.com,CoreStack,Inbound - Web,MQL,72,,,,2024-11-23T00:00:00
7303,Thomas,Lopez,thomas.lopez7303@techflowinc.com,TechFlow Inc,Product-Led,Converted,73,851,289,2022-01-01,2021-11-10T00:00:00
7304,Lisa,Williams,lisa.williams7304@metasync.com,MetaSync,Inbound - Web,Working,27,,,,2024-10-29T00:00:00
7305,Jessica,Miller,jessica.miller7305@metasync.com,MetaSync,Product-Led,New,26,,,,2020-08-12T00:00:00
7306,Mary,Johnson,mary.johnson7306@cybervault.com,CyberVault,Inbound - Content,Disqualified,4,,,,2020-01-24T00:00:00
7307,Richard,Lee,richard.lee7307@corestack.com,CoreStack,Inbound - Web,Working,51,,,,2021-08-22T00:00:00
7308,Elizabeth,Garcia,elizabeth.garcia7308@quantumlogiclabs.com,QuantumLogic Labs,Social Media,New,58,,,,2023-02-04T00:00:00
7309,Barbara,Wilson,barbara.wilson7309@vertexai.com,VertexAI,Outbound - Cold,SQL,59,,,,2020-11-28T00:00:00
7310,Jessica,Rodriguez,jessica.rodriguez7310@scaleupsystems.com,ScaleUp Systems,Product-Led,Converted,60,4539,815,2024-11-02,2024-09-10T00:00:00
7311,Charles,Smith,charles.smith7311@metasync.com,MetaSync,Social Media,MQL,75,,,,2022-12-20T00:00:00
7312,Jennifer,Rodriguez,jennifer.rodriguez7312@scaleupsystems.com,ScaleUp Systems,Outbound - Cold,Disqualified,0,,,,2021-01-31T00:00:00
7313,Joseph,Anderson,joseph.anderson7313@brightwavetech.com,BrightWave Tech,Product-Led,Converted,96,2374,668,2024-09-26,2024-08-03T00:00:00
7314,Daniel,Jones,daniel.jones7314@corestack.com,CoreStack,Event,Converted,55,2950,926,2024-04-26,2024-02-15T00:00:00
7315,Mary,Jackson,mary.jackson7315@primepathdigital.com,PrimePath Digital,Paid Search,Disqualified,12,,,,2020-03-19T00:00:00
7316,Barbara,Smith,barbara.smith7316@rapidcloud.com,RapidCloud,Inbound - Webinar,Disqualified,26,,,,2020-07-27T00:00:00
7317,Thomas,Hernandez,thomas.hernandez7317@brightwavetech.com,BrightWave Tech,Event,Converted,74,3701,937,2023-03-02,2023-01-16T00:00:00
7318,Daniel,Jackson,,FutureForge,Inbound - Webinar,Converted,65,4583,133,2022-02-13,2022-02-11T00:00:00
7319,Daniel,Brown,daniel.brown7319@nexgensolutions.com,NexGen Solutions,Event,Working,15,,,,2024-11-27T00:00:00
7320,Daniel,Taylor,daniel.taylor7320@agiledynamics.com,Agile Dynamics,Inbound - Web,Working,60,,,,2022-10-13T00:00:00
7321,Elizabeth,Thompson,elizabeth.thompson7321@techflowinc.com,TechFlow Inc,Outbound - Cold,Nurture,63,,,,2020-06-09T00:00:00
7322,Susan,Thompson,susan.thompson7322@techflowinc.com,TechFlow Inc,Event,MQL,58,,,,2021-11-29T00:00:00
7323,Sarah,Jones,sarah.jones7323@vertexai.com,VertexAI,Outbound - Cold,New,66,,,,2020-01-18T00:00:00
7324,Nancy,Lopez,nancy.lopez7324@agiledynamics.com,Agile Dynamics,Event,Converted,71,1137,655,2024-12-16,2024-10-01T00:00:00
7325,Thomas,Lee,thomas.lee7325@databridgecorp.com,DataBridge Corp,Product-Led,New,45,,,,2023-07-03T00:00:00
7326,Joseph,Thomas,joseph.thomas7326@cloudscalesystems.com,CloudScale Systems,Product-Led,SQL,56,,,,2022-06-29T00:00:00
7327,Susan,Wilson,susan.wilson7327@metasync.com,MetaSync,,Disqualified,6,,,,2021-09-30T00:00:00
7328,Joseph,Thompson,joseph.thompson7328@databridgecorp.com,DataBridge Corp,Inbound - Content,MQL,94,,,,2021-03-25T00:00:00
7329,Michael,Lee,michael.lee7329@streamlineanalytics.com,StreamLine Analytics,Partner Referral,Converted,66,2824,122,2022-04-10,2022-03-10T00:00:00
7330,William,Williams,william.williams7330@vertexai.com,VertexAI,Inbound - Content,SQL,96,,,,2023-12-10T00:00:00
7331,Charles,Jones,charles.jones7331@innovateco.com,InnovateCo,Partner Referral,MQL,74,,,,2024-03-11T00:00:00
7332,Sarah,Johnson,sarah.johnson7332@cloudscalesystems.com,CloudScale Systems,Social Media,Nurture,34,,,,2024-11-28T00:00:00
7333,John,Martin,john.martin7333@cloudscalesystems.com,CloudScale Systems,Outbound - SDR,New,16,,,,2020-01-31T00:00:00
7334,Robert,Davis,robert.davis7334@cloudscalesystems.com,CloudScale Systems,Social Media,New,24,,,,2023-01-13T00:00:00
7335,Robert,Lopez,robert.lopez7335@corestack.com,CoreStack,Paid Search,MQL,100,,,,2023-06-27T00:00:00
7336,Sarah,Thompson,sarah.thompson7336@primepathdigital.com,PrimePath Digital,Inbound - Web,Disqualified,20,,,,2021-01-27T00:00:00
7337,Christopher,Lopez,christopher.lopez7337@insightplatforms.com,Insight Platforms,Paid Search,New,36,,,,2024-05-21T00:00:00
7338,David,Taylor,david.taylor7338@techflowinc.com,TechFlow Inc,Outbound - Cold,Working,16,,,,2021-07-01T00:00:00
7339,Elizabeth,Martin,elizabeth.martin7339@rapidcloud.com,RapidCloud,Inbound - Content,SQL,70,,,,2024-03-29T00:00:00
7340,Elizabeth,Lopez,elizabeth.lopez7340@pulsepointdigital.com,PulsePoint Digital,Partner Referral,Converted,83,3587,210,2022-10-01,2022-09-27T00:00:00
7341,Susan,Martinez,susan.martinez7341@nexgensolutions.com,NexGen Solutions,Inbound - Web,Nurture,60,,,,2021-11-25T00:00:00
7342,Nancy,Wilson,nancy.wilson7342@quantumlogiclabs.com,QuantumLogic Labs,Paid Search,Converted,75,4768,512,2023-12-24,2023-10-28T00:00:00
7343,Charles,Miller,charles.miller7343@nexgensolutions.com,NexGen Solutions,Partner Referral,New,59,,,,2020-10-24T00:00:00
7344,Mary,Jackson,mary.jackson7344@databridgecorp.com,DataBridge Corp,Inbound - Content,Disqualified,24,,,,2024-08-08T00:00:00
7345,David,Lee,david.lee7345@insightplatforms.com,Insight Platforms,Outbound - Cold,Converted,93,2559,308,2023-02-21,2022-12-26T00:00:00
7346,Patricia,Jones,patricia.jones7346@pulsepointdigital.com,PulsePoint Digital,Outbound - Cold,Disqualified,24,,,,2023-10-26T00:00:00
7347,Thomas,Johnson,thomas.johnson,CyberVault,Inbound - Webinar,Disqualified,2,,,,2023-09-16T00:00:00
7348,Jessica,Williams,jessica.williams7348@nexgensolutions.com,NexGen Solutions,,Working,57,,,,2024-12-26T00:00:00
7349,Susan,Brown,susan.brown7349@nexgensolutions.com,NexGen Solutions,Paid Search,Working,42,,,,2024-02-07T00:00:00
7350,Michael,Lee,michael.lee7350@cybervault.com,CyberVault,Product-Led,New,63,,,,2021-05-03T00:00:00
7351,Joseph,Rodriguez,joseph.rodriguez,PrimePath Digital,Event,New,12,,,,2024-01-14T00:00:00
7352,William,Garcia,william.garcia7352@metasync.com,MetaSync,Inbound - Webinar,Converted,95,6,591,2024-12-02,2024-09-21T00:00:00
7353,William,Thomas,william.thomas7353@truenorthdata.com,TrueNorth Data,Inbound - Webinar,New,56,,,,2024-09-24T00:00:00
7354,Charles,Johnson,charles.johnson7354@streamlineanalytics.com,StreamLine Analytics,Inbound - Content,SQL,-91,,,,2024-02-26T00:00:00
7355,Linda,Lopez,linda.lopez7355@pulsepointdigital.com,PulsePoint Digital,Inbound - Webinar,Working,21,,,,2021-12-22T00:00:00
7356,Linda,Moore,linda.moore7356@nexgensolutions.com,NexGen Solutions,Outbound - SDR,SQL,58,,,,2022-01-14T00:00:00
7357,John,Wilson,john.wilson7357@nexgensolutions.com,NexGen Solutions,Outbound - Cold,Disqualified,28,,,,2020-09-17T00:00:00
7358,Robert,Davis,robert.davis7358@quantumlogiclabs.com,QuantumLogic Labs,Inbound - Web,Working,44,,,,2020-07-21T00:00:00
7359,Nancy,Hernandez,nancy.hernandez7359@vertexai.com,VertexAI,Inbound - Web,Converted,84,3231,352,2024-09-13,2024-09-08T00:00:00
7360,Daniel,Brown,,CoreStack,Inbound - Webinar,Disqualified,14,,,,2023-06-29T00:00:00
7361,Robert,Gonzalez,robert.gonzalez7361@corestack.com,CoreStack,Outbound - SDR,Disqualified,17,,,,2022-10-31T00:00:00
7362,Susan,Jones,susan.jones7362@quantumlogiclabs.com,QuantumLogic Labs,Social Media,Disqualified,1,,,,2020-08-25T00:00:00
7363,Richard,Johnson,richard.johnson7363@quantumlogiclabs.com,QuantumLogic Labs,Event,New,55,,,,2023-09-23T00:00:00
7364,Daniel,Smith,daniel.smith7364@truenorthdata.com,TrueNorth Data,Partner Referral,New,10,,,,2020-07-31T00:00:00
7365,Karen,Brown,karen.brown7365@metasync.com,MetaSync,Event,Nurture,31,,,,2021-03-17T00:00:00
7366,Daniel,Gonzalez,daniel.gonzalez7366@quantumlogiclabs.com,QuantumLogic Labs,Social Media,Nurture,55,,,,2023-07-22T00:00:00
7367,Sarah,Wilson,sarah.wilson7367@corestack.com,CoreStack,Outbound - Cold,SQL,60,,,,2024-01-11T00:00:00
7368,Richard,Lopez,richard.lopez7368@brightwavetech.com,BrightWave Tech,Social Media,Working,62,,,,2024-07-26T00:00:00
7369,James,Anderson,james.anderson,Agile Dynamics,Social Media,New,58,,,,2024-07-13T00:00:00
7370,Karen,Rodriguez,karen.rodriguez7370@rapidcloud.com,RapidCloud,Outbound - SDR,Converted,93,2414,857,2024-04-30,2024-03-05T00:00:00
7371,Jessica,Martin,jessica.martin7371@insightplatforms.com,Insight Platforms,Inbound - Webinar,MQL,68,,,,2024-07-21T00:00:00
7372,Patricia,Martinez,patricia.martinez7372@pulsepointdigital.com,PulsePoint Digital,Outbound - Cold,MQL,85,,,,2020-04-04T00:00:00
7373,Robert,Wilson,robert.wilson7373@scaleupsystems.com,ScaleUp Systems,Inbound - Webinar,SQL,68,,,,2022-06-02T00:00:00
7374,Daniel,Lee,daniel.lee7374@futureforge.com,FutureForge,Outbound - Cold,Working,15,,,,2023-12-04T00:00:00
7375,Lisa,Lee,lisa.lee,TrueNorth Data,Social Media,SQL,84,,,,2020-04-08T00:00:00
7376,Susan,Smith,susan.smith7376@insightplatforms.com,Insight Platforms,Outbound - Cold,New,43,,,,2023-10-19T00:00:00
7377,Elizabeth,Gonzalez,elizabeth.gonzalez7377@metasync.com,MetaSync,Outbound - SDR,SQL,91,,,,2024-09-14T00:00:00
7378,Joseph,Martinez,joseph.martinez7378@cybervault.com,CyberVault,Partner Referral,Nurture,30,,,,2023-10-05T00:00:00
7379,Linda,Jackson,linda.jackson7379@metasync.com,MetaSync,Partner Referral,Working,63,,,,2024-05-14T00:00:00
7380,James,Johnson,james.johnson7380@futureforge.com,FutureForge,Inbound - Webinar,Disqualified,28,,,,2021-03-16T00:00:00
7381,Robert,Lee,robert.lee7381@innovateco.com,InnovateCo,Inbound - Content,Disqualified,15,,,,2023-10-06T00:00:00
7382,Nancy,Williams,nancy.williams7382@truenorthdata.com,TrueNorth Data,Partner Referral,SQL,58,,,,2023-03-07T00:00:00
7383,Charles,Thompson,charles.thompson7383@agiledynamics.com,Agile Dynamics,Event,Disqualified,3,,,,2020-08-04T00:00:00
7384,Joseph,Taylor,joseph.taylor7384@innovateco.com,InnovateCo,Inbound - Webinar,Working,68,,,,2023-01-18T00:00:00
7385,Mary,Martinez,mary.martinez7385@metasync.com,MetaSync,Inbound - Content,Converted,78,2844,803,2024-05-30,2024-05-29T00:00:00
7386,Michael,Miller,michael.miller7386@streamlineanalytics.com,StreamLine Analytics,Inbound - Content,Nurture,34,,,,2021-12-17T00:00:00
7387,James,Lee,james.lee7387@cloudscalesystems.com,CloudScale Systems,Partner Referral,MQL,85,,,,2020-03-23T00:00:00
7388,Elizabeth,Martin,elizabeth.martin7388@futureforge.com,FutureForge,Outbound - SDR,Disqualified,22,,,,2023-09-24T00:00:00
7389,Mary,Brown,mary.brown7389@brightwavetech.com,BrightWave Tech,Outbound - Cold,New,36,,,,2022-02-03T00:00:00
7390,David,Jones,,QuantumLogic Labs,Social Media,Disqualified,24,,,,2021-07-29T00:00:00
7391,Michael,Gonzalez,michael.gonzalez7391@quantumlogiclabs.com,QuantumLogic Labs,Outbound - SDR,Nurture,27,,,,2022-08-28T00:00:00
7392,Richard,Martin,richard.martin7392@corestack.com,CoreStack,Inbound - Web,Working,43,,,,2024-05-11T00:00:00
7393,Daniel,Anderson,daniel.anderson7393@quantumlogiclabs.com,QuantumLogic Labs,Paid Search,Working,59,,,,2021-08-21T00:00:00
7394,Jennifer,Garcia,jennifer.garcia7394@quantumlogiclabs.com,QuantumLogic Labs,Event,SQL,63,,,,2023-08-17T00:00:00
7395,Charles,Martin,charles.martin7395@insightplatforms.com,Insight Platforms,Product-Led,Converted,62,3067,366,2024-08-27,2024-07-13T00:00:00
7396,Mary,Jones,mary.jones,BrightWave Tech,Inbound - Web,Disqualified,3,,,,2023-08-11T00:00:00
7397,Mary,Davis,mary.davis7397@truenorthdata.com,TrueNorth Data,Inbound - Content,Nurture,17,,,,2021-03-05T00:00:00
7398,Linda,Lopez,linda.lopez7398@futureforge.com,FutureForge,Inbound - Web,MQL,-66,,,,2024-12-09T00:00:00
7399,Jessica,Rodriguez,jessica.rodriguez7399@cybervault.com,CyberVault,Inbound - Web,Converted,81,3680,701,2023-12-26,2023-10-29T00:00:00
7400,Nancy,Johnson,nancy.johnson7400@innovateco.com,InnovateCo,Product-Led,MQL,82,,,,2023-08-19T00:00:00
7401,Susan,Brown,susan.brown7401@innovateco.com,InnovateCo,Event,Converted,88,677,921,2024-10-01,2024-09-11T00:00:00
7402,James,Williams,james.williams7402@vertexai.com,VertexAI,Inbound - Content,New,13,,,,2022-08-05T00:00:00
7403,Thomas,Wilson,thomas.wilson7403@pulsepointdigital.com,PulsePoint Digital,Outbound - SDR,New,35,,,,2021-04-01T00:00:00
7404,Karen,Anderson,karen.anderson7404@nexgensolutions.com,NexGen Solutions,Inbound - Web,SQL,69,,,,2020-07-21T00:00:00
7405,Robert,Miller,robert.miller7405@agiledynamics.com,Agile Dynamics,Partner Referral,New,38,,,,2024-01-25T00:00:00
7406,Michael,Lee,michael.lee7406@pulsepointdigital.com,PulsePoint Digital,Partner Referral,SQL,68,,,,2020-06-11T00:00:00
7407,Jennifer,Lee,jennifer.lee7407@cybervault.com,CyberVault,Inbound - Web,Disqualified,12,,,,2023-03-16T00:00:00
7408,Nancy,Garcia,nancy.garcia7408@vertexai.com,VertexAI,Inbound - Content,New,44,,,,2020-09-06T00:00:00
7409,Joseph,Rodriguez,joseph.rodriguez7409@streamlineanalytics.com,StreamLine Analytics,Partner Referral,SQL,76,,,,2023-02-21T00:00:00
7410,Joseph,Williams,joseph.williams7410@scaleupsystems.com,ScaleUp Systems,Product-Led,Converted,76,3679,384,2024-11-04,2024-08-28T00:00:00
7411,Charles,Brown,charles.brown7411@nexgensolutions.com,NexGen Solutions,Event,MQL,100,,,,2023-04-02T00:00:00
7412,Elizabeth,Martinez,elizabeth.martinez7412@nexgensolutions.com,NexGen Solutions,Inbound - Content,Nurture,52,,,,2024-12-14T00:00:00
7413,Lisa,Smith,lisa.smith7413@nexgensolutions.com,NexGen Solutions,Outbound - Cold,Working,11,,,,2022-12-21T00:00:00
7414,Thomas,Thompson,thomas.thompson7414@scaleupsystems.com,ScaleUp Systems,Outbound - SDR,New,20,,,,2021-06-30T00:00:00
7415,Jessica,Rodriguez,jessica.rodriguez7415@agiledynamics.com,Agile Dynamics,Inbound - Content,SQL,78,,,,2023-01-06T00:00:00
7416,William,Johnson,william.johnson7416@agiledynamics.com,Agile Dynamics,Social Media,MQL,66,,,,2023-11-23T00:00:00
7417,Lisa,Jackson,lisa.jackson7417@vertexai.com,VertexAI,Paid Search,New,40,,,,2022-04-21T00:00:00
7418,Robert,Rodriguez,robert.rodriguez7418@primepathdigital.com,PrimePath Digital,Outbound - Cold,New,13,,,,2024-07-04T00:00:00
7419,Jessica,Anderson,jessica.anderson7419@quantumlogiclabs.com,QuantumLogic Labs,Outbound - Cold,Nurture,56,,,,2024-08-25T00:00:00
7420,William,Moore,william.moore7420@quantumlogiclabs.com,QuantumLogic Labs,Social Media,Working,61,,,,2021-01-17T00:00:00
7421,Daniel,Martinez,daniel.martinez7421@corestack.com,CoreStack,Outbound - SDR,MQL,99,,,,2024-12-14T00:00:00
7422,David,Davis,david.davis7422@futureforge.com,FutureForge,Paid Search,MQL,96,,,,2023-07-09T00:00:00
7423,John,Jones,john.jones7423@agiledynamics.com,Agile Dynamics,Inbound - Web,Working,56,,,,2024-02-09T00:00:00
7424,Karen,Moore,karen.moore7424@cybervault.com,CyberVault,Inbound - Web,Disqualified,24,,,,2020-02-12T00:00:00
7425,Elizabeth,Lopez,elizabeth.lopez7425@nexgensolutions.com,NexGen Solutions,Product-Led,New,48,,,,2022-11-09T00:00:00
7426,Michael,Miller,michael.miller7426@corestack.com,CoreStack,Product-Led,SQL,94,,,,2024-01-23T00:00:00
7427,Jessica,Garcia,jessica.garcia7427@metasync.com,MetaSync,Social Media,SQL,65,,,,2020-02-22T00:00:00
7428,Michael,Gonzalez,michael.gonzalez7428@brightwavetech.com,BrightWave Tech,Outbound - Cold,SQL,53,,,,2023-02-22T00:00:00
7429,Charles,Martin,charles.martin7429@corestack.com,CoreStack,,MQL,88,,,,2020-05-19T00:00:00
7430,Patricia,Lee,patricia.lee7430@rapidcloud.com,RapidCloud,Social Media,Nurture,29,,,,2020-10-13T00:00:00
7431,Jennifer,Moore,jennifer.moore7431@databridgecorp.com,DataBridge Corp,Inbound - Webinar,MQL,56,,,,2022-06-09T00:00:00
7432,Karen,Anderson,karen.anderson7432@quantumlogiclabs.com,QuantumLogic Labs,Social Media,MQL,88,,,,2021-07-11T00:00:00
7433,Daniel,Anderson,daniel.anderson7433@techflowinc.com,TechFlow Inc,Partner Referral,Converted,92,3358,356,2023-01-18,2022-11-16T00:00:00
7434,Thomas,Gonzalez,thomas.gonzalez7434@innovateco.com,InnovateCo,Product-Led,SQL,97,,,,2020-04-10T00:00:00
7435,David,Anderson,david.anderson7435@truenorthdata.com,TrueNorth Data,Paid Search,Disqualified,2,,,,2023-12-09T00:00:00
7436,Sarah,Williams,sarah.williams7436@metasync.com,MetaSync,Product-Led,Converted,76,2416,588,2024-08-04,2024-07-30T00:00:00
7437,Nancy,Thompson,nancy.thompson7437@corestack.com,CoreStack,Inbound - Content,MQL,56,,,,2021-12-25T00:00:00
7438,Karen,Hernandez,karen.hernandez7438@cloudscalesystems.com,CloudScale Systems,Partner Referral,Disqualified,0,,,,2020-05-02T00:00:00
7439,Nancy,Brown,nancy.brown7439@quantumlogiclabs.com,QuantumLogic Labs,Social Media,MQL,91,,,,2020-07-26T00:00:00
7440,Joseph,Garcia,joseph.garcia7440@vertexai.com,VertexAI,Outbound - Cold,MQL,58,,,,2020-01-18T00:00:00
7441,Charles,Gonzalez,charles.gonzalez7441@rapidcloud.com,RapidCloud,Inbound - Web,MQL,74,,,,2022-09-28T00:00:00
7442,Mary,Martinez,mary.martinez7442@futureforge.com,FutureForge,,Converted,58,2376,317,2023-04-13,2023-03-09T00:00:00
7443,Thomas,Rodriguez,thomas.rodriguez7443@innovateco.com,InnovateCo,Event,Working,61,,,,2021-08-19T00:00:00
7444,Karen,Garcia,karen.garcia7444@primepathdigital.com,PrimePath Digital,Inbound - Content,Disqualified,14,,,,2020-08-09T00:00:00
7445,Mary,Williams,mary.williams7445@streamlineanalytics.com,StreamLine Analytics,Outbound - SDR,Converted,82,3731,764,2024-12-13,2024-11-28T00:00:00
7446,Patricia,Miller,patricia.miller7446@scaleupsystems.com,ScaleUp Systems,Outbound - SDR,Working,53,,,,2021-08-24T00:00:00
7447,Michael,Taylor,michael.taylor7447@pulsepointdigital.com,PulsePoint Digital,Partner Referral,Nurture,66,,,,2024-09-20T00:00:00
7448,Charles,Lee,charles.lee,Agile Dynamics,Outbound - SDR,MQL,72,,,,2020-02-29T00:00:00
7449,Daniel,Anderson,daniel.anderson,DataBridge Corp,Event,MQL,70,,,,2022-10-23T00:00:00
7450,Sarah,Miller,sarah.miller7450@corestack.com,CoreStack,Partner Referral,Converted,71,3008,604,2024-10-19,2024-10-14T00:00:00
7451,Robert,Jones,robert.jones7451@metasync.com,MetaSync,Social Media,Working,29,,,,2023-07-10T00:00:00
7452,Robert,Lopez,robert.lopez7452@truenorthdata.com,TrueNorth Data,Outbound - Cold,Working,54,,,,2024-01-21T00:00:00
7453,Susan,Lopez,susan.lopez7453@primepathdigital.com,PrimePath Digital,Product-Led,MQL,96,,,,2024-08-11T00:00:00
7454,Robert,Wilson,robert.wilson7454@databridgecorp.com,DataBridge Corp,Outbound - SDR,Disqualified,1,,,,2021-09-08T00:00:00
7455,Robert,Martinez,robert.martinez7455@nexgensolutions.com,NexGen Solutions,Inbound - Web,SQL,67,,,,2022-04-18T00:00:00
7456,Robert,Davis,robert.davis7456@corestack.com,CoreStack,,Converted,81,3736,726,2024-02-18,2024-01-13T00:00:00
7457,Daniel,Taylor,daniel.taylor7457@primepathdigital.com,PrimePath Digital,Partner Referral,MQL,68,,,,2021-07-27T00:00:00
7458,Jennifer,Johnson,jennifer.johnson7458@databridgecorp.com,DataBridge Corp,Inbound - Webinar,New,51,,,,2023-01-10T00:00:00
7459,Jennifer,Jones,jennifer.jones7459@brightwavetech.com,BrightWave Tech,Event,New,-52,,,,2021-08-08T00:00:00
7460,Sarah,Martin,sarah.martin7460@primepathdigital.com,PrimePath Digital,Product-Led,Converted,60,196,973,2021-03-09,2020-12-14T00:00:00
7461,Sarah,Smith,sarah.smith7461@cybervault.com,CyberVault,Partner Referral,Converted,60,4333,542,2024-11-23,2024-10-07T00:00:00
7462,Mary,Hernandez,mary.hernandez7462@quantumlogiclabs.com,QuantumLogic Labs,Partner Referral,Working,14,,,,2020-09-13T00:00:00
7463,James,Garcia,james.garcia7463@agiledynamics.com,Agile Dynamics,Inbound - Web,Working,27,,,,2024-04-18T00:00:00
7464,James,Lopez,james.lopez7464@cloudscalesystems.com,CloudScale Systems,Product-Led,MQL,55,,,,2020-09-13T00:00:00
7465,Charles,Jackson,charles.jackson7465@innovateco.com,InnovateCo,Outbound - SDR,Disqualified,15,,,,2020-04-15T00:00:00
7466,Nancy,Martin,nancy.martin7466@cybervault.com,CyberVault,Inbound - Webinar,Working,19,,,,2021-08-19T00:00:00
7467,Christopher,Hernandez,christopher.hernandez7467@agiledynamics.com,Agile Dynamics,Product-Led,Converted,60,3690,95,2024-09-01,2024-08-31T00:00:00
7468,Christopher,Lopez,christopher.lopez7468@cloudscalesystems.com,CloudScale Systems,Inbound - Webinar,SQL,73,,,,2024-01-03T00:00:00
7469,William,Lopez,william.lopez7469@nexgensolutions.com,NexGen Solutions,Inbound - Content,Nurture,17,,,,2022-12-27T00:00:00
7470,Karen,Hernandez,karen.hernandez7470@pulsepointdigital.com,PulsePoint Digital,Outbound - Cold,Nurture,26,,,,2021-01-20T00:00:00
7471,Mary,Moore,mary.moore7471@agiledynamics.com,Agile Dynamics,Social Media,SQL,-58,,,,2022-06-14T00:00:00
7472,Jessica,Rodriguez,jessica.rodriguez7472@truenorthdata.com,TrueNorth Data,Partner Referral,Working,18,,,,2024-04-07T00:00:00
7473,Elizabeth,Rodriguez,elizabeth.rodriguez7473@nexgensolutions.com,NexGen Solutions,,Working,25,,,,2021-02-02T00:00:00
7474,Joseph,Brown,joseph.brown7474@insightplatforms.com,Insight Platforms,Inbound - Web,New,42,,,,2023-12-08T00:00:00
7475,William,Martinez,william.martinez7475@cloudscalesystems.com,CloudScale Systems,Inbound - Content,Converted,72,3962,453,2024-11-03,2024-10-22T00:00:00
7476,Richard,Hernandez,richard.hernandez7476@cybervault.com,CyberVault,Inbound - Webinar,Working,15,,,,2022-11-09T00:00:00
7477,Jessica,Davis,jessica.davis7477@cybervault.com,CyberVault,Outbound - SDR,MQL,86,,,,2020-09-27T00:00:00
7478,Robert,Wilson,robert.wilson7478@cloudscalesystems.com,CloudScale Systems,Social Media,Converted,77,104,725,2024-11-13,2024-08-28T00:00:00
7479,David,Williams,david.williams7479@cloudscalesystems.com,CloudScale Systems,Inbound - Webinar,SQL,55,,,,2023-09-11T00:00:00
7480,Jessica,Hernandez,jessica.hernandez7480@scaleupsystems.com,ScaleUp Systems,,Converted,70,3372,221,2022-01-21,2022-01-17T00:00:00
7481,Christopher,Davis,,Insight Platforms,Inbound - Content,SQL,96,,,,2022-04-13T00:00:00
7482,Mary,Johnson,mary.johnson7482@streamlineanalytics.com,StreamLine Analytics,Outbound - Cold,Working,52,,,,2022-11-13T00:00:00
7483,John,Smith,john.smith7483@scaleupsystems.com,ScaleUp Systems,Inbound - Web,Converted,58,4975,161,2021-12-26,2021-10-07T00:00:00
7484,Richard,Anderson,richard.anderson7484@truenorthdata.com,TrueNorth Data,Product-Led,Converted,67,2324,380,2024-10-10,2024-09-07T00:00:00
7485,Thomas,Garcia,thomas.garcia7485@primepathdigital.com,PrimePath Digital,Partner Referral,Disqualified,1,,,,2024-03-02T00:00:00
7486,Barbara,Lee,barbara.lee,MetaSync,Social Media,Nurture,49,,,,2022-10-25T00:00:00
7487,Richard,Brown,richard.brown7487@cybervault.com,CyberVault,Product-Led,Disqualified,24,,,,2024-04-07T00:00:00
7488,John,Taylor,john.taylor7488@brightwavetech.com,BrightWave Tech,Partner Referral,Disqualified,22,,,,2023-02-04T00:00:00
7489,James,Johnson,james.johnson7489@pulsepointdigital.com,PulsePoint Digital,Event,Converted,84,40,479,2024-03-22,2024-02-01T00:00:00
7490,Nancy,Garcia,nancy.garcia7490@cloudscalesystems.com,CloudScale Systems,Product-Led,SQL,61,,,,2024-07-13T00:00:00
7491,Michael,Gonzalez,michael.gonzalez7491@vertexai.com,VertexAI,Event,MQL,61,,,,2021-10-25T00:00:00
7492,Elizabeth,Thompson,elizabeth.thompson7492@databridgecorp.com,DataBridge Corp,Outbound - SDR,New,34,,,,2021-10-16T00:00:00
7493,Patricia,Gonzalez,patricia.gonzalez7493@techflowinc.com,TechFlow Inc,Outbound - SDR,SQL,56,,,,2020-10-14T00:00:00
7494,Karen,Gonzalez,karen.gonzalez7494@cybervault.com,CyberVault,Outbound - SDR,New,-48,,,,2022-05-17T00:00:00
7495,Susan,Garcia,susan.garcia7495@techflowinc.com,TechFlow Inc,Event,Converted,95,2554,741,2020-12-29,2020-11-22T00:00:00
7496,Daniel,Taylor,daniel.taylor7496@brightwavetech.com,BrightWave Tech,Inbound - Web,MQL,89,,,,2021-08-21T00:00:00
7497,Nancy,Wilson,nancy.wilson7497@cloudscalesystems.com,CloudScale Systems,Partner Referral,Disqualified,9,,,,2022-06-26T00:00:00
7498,Michael,Gonzalez,michael.gonzalez7498@metasync.com,MetaSync,Paid Search,Converted,93,1697,498,2022-10-06,2022-08-02T00:00:00
7499,Susan,Williams,susan.williams7499@cybervault.com,CyberVault,Paid Search,MQL,58,,,,2024-12-25T00:00:00
7500,Charles,Jackson,charles.jackson7500@rapidcloud.com,RapidCloud,Inbound - Webinar,SQL,62,,,,2024-10-17T00:00:00
7501,Michael,Williams,michael.williams7501@scaleupsystems.com,ScaleUp Systems,Inbound - Webinar,MQL,70,,,,2023-05-17T00:00:00
7502,Nancy,Thomas,nancy.thomas7502@streamlineanalytics.com,StreamLine Analytics,Inbound - Content,Nurture,46,,,,2020-03-26T00:00:00
7503,John,Hernandez,john.hernandez7503@scaleupsystems.com,ScaleUp Systems,Social Media,Working,60,,,,2022-02-17T00:00:00
7504,Nancy,Taylor,nancy.taylor7504@metasync.com,MetaSync,Event,Nurture,10,,,,2020-02-02T00:00:00
7505,Nancy,Taylor,nancy.taylor7505@cybervault.com,CyberVault,Inbound - Content,Disqualified,24,,,,2023-07-23T00:00:00
7506,Joseph,Hernandez,joseph.hernandez7506@scaleupsystems.com,ScaleUp Systems,Outbound - SDR,Nurture,20,,,,2021-12-03T00:00:00
7507,Daniel,Taylor,daniel.taylor7507@cybervault.com,CyberVault,Paid Search,Disqualified,19,,,,2024-04-01T00:00:00
7508,Robert,Wilson,robert.wilson7508@techflowinc.com,TechFlow Inc,Partner Referral,New,41,,,,2020-12-04T00:00:00
7509,Christopher,Martin,christopher.martin7509@vertexai.com,VertexAI,Paid Search,Nurture,-48,,,,2022-10-05T00:00:00
7510,Robert,Brown,robert.brown7510@futureforge.com,FutureForge,Outbound - SDR,Converted,88,1044,556,2024-11-12,2024-10-15T00:00:00
7511,Daniel,Miller,daniel.miller7511@metasync.com,MetaSync,Outbound - Cold,MQL,74,,,,2020-10-31T00:00:00
7512,Susan,Thomas,susan.thomas7512@brightwavetech.com,BrightWave Tech,Product-Led,Nurture,14,,,,2023-01-10T00:00:00
7513,Jessica,Anderson,jessica.anderson7513@streamlineanalytics.com,StreamLine Analytics,Outbound - Cold,Disqualified,14,,,,2021-09-10T00:00:00
7514,Thomas,Johnson,thomas.johnson7514@innovateco.com,InnovateCo,Inbound - Webinar,MQL,57,,,,2023-01-31T00:00:00
7515,Michael,Lopez,michael.lopez7515@pulsepointdigital.com,PulsePoint Digital,Social Media,Nurture,27,,,,2021-06-21T00:00:00
7516,Christopher,Gonzalez,christopher.gonzalez7516@streamlineanalytics.com,StreamLine Analytics,Outbound - SDR,SQL,94,,,,2021-10-03T00:00:00
7517,Joseph,Thomas,joseph.thomas7517@brightwavetech.com,BrightWave Tech,Event,Converted,85,767,310,2024-01-17,2023-11-07T00:00:00
7518,Jennifer,Lopez,jennifer.lopez7518@cybervault.com,CyberVault,Outbound - Cold,Working,50,,,,2023-08-05T00:00:00
7519,Susan,Martinez,susan.martinez7519@corestack.com,CoreStack,Outbound - SDR,MQL,60,,,,2022-11-08T00:00:00
7520,Michael,Miller,michael.miller7520@metasync.com,MetaSync,Product-Led,New,68,,,,2024-12-27T00:00:00
7521,Christopher,Miller,christopher.miller7521@rapidcloud.com,RapidCloud,Outbound - Cold,Working,22,,,,2021-08-25T00:00:00
7522,Jessica,Davis,jessica.davis7522@insightplatforms.com,Insight Platforms,Inbound - Webinar,Nurture,61,,,,2024-01-16T00:00:00
7523,Elizabeth,Wilson,elizabeth.wilson7523@vertexai.com,VertexAI,Event,Nurture,54,,,,2023-02-07T00:00:00
7524,Patricia,Taylor,patricia.taylor7524@vertexai.com,VertexAI,Inbound - Web,Converted,76,3985,609,2023-07-27,2023-05-29T00:00:00
7525,Nancy,Williams,nancy.williams7525@databridgecorp.com,DataBridge Corp,Inbound - Web,MQL,88,,,,2023-05-15T00:00:00
7526,Christopher,Lopez,christopher.lopez7526@vertexai.com,VertexAI,Paid Search,Disqualified,9,,,,2020-07-02T00:00:00
7527,Robert,Brown,robert.brown7527@pulsepointdigital.com,PulsePoint Digital,Outbound - Cold,New,53,,,,2024-01-07T00:00:00
7528,Karen,Gonzalez,karen.gonzalez7528@futureforge.com,FutureForge,Partner Referral,Converted,69,224,946,2024-11-24,2024-10-02T00:00:00
7529,Charles,Davis,charles.davis7529@techflowinc.com,TechFlow Inc,Partner Referral,Disqualified,6,,,,2024-06-23T00:00:00
7530,Nancy,Jackson,nancy.jackson7530@scaleupsystems.com,ScaleUp Systems,Outbound - SDR,Converted,98,3419,575,2023-02-07,2022-12-01T00:00:00
7531,Jessica,Davis,jessica.davis7531@cybervault.com,CyberVault,Outbound - Cold,MQL,52,,,,2022-09-30T00:00:00
7532,Richard,Jones,richard.jones7532@insightplatforms.com,Insight Platforms,Inbound - Web,Nurture,49,,,,2021-02-05T00:00:00
7533,Karen,Davis,karen.davis7533@truenorthdata.com,TrueNorth Data,Social Media,Nurture,29,,,,2020-07-07T00:00:00
7534,John,Miller,john.miller7534@metasync.com,MetaSync,Paid Search,Working,23,,,,2023-09-04T00:00:00
7535,Mary,Lopez,mary.lopez7535@metasync.com,MetaSync,Social Media,Disqualified,27,,,,2023-03-27T00:00:00
7536,Nancy,Garcia,nancy.garcia7536@primepathdigital.com,PrimePath Digital,Inbound - Webinar,Working,44,,,,2021-08-06T00:00:00
7537,Joseph,Lee,joseph.lee7537@databridgecorp.com,DataBridge Corp,Inbound - Webinar,Nurture,44,,,,2020-10-26T00:00:00
7538,Nancy,Thompson,nancy.thompson7538@innovateco.com,InnovateCo,Outbound - Cold,SQL,80,,,,2023-07-28T00:00:00
7539,Karen,Johnson,karen.johnson7539@cloudscalesystems.com,CloudScale Systems,Inbound - Content,Converted,81,2713,999,2024-12-02,2024-10-28T00:00:00
7540,Sarah,Moore,sarah.moore7540@quantumlogiclabs.com,QuantumLogic Labs,Social Media,Disqualified,12,,,,2023-03-29T00:00:00
7541,Susan,Gonzalez,susan.gonzalez7541@quantumlogiclabs.com,QuantumLogic Labs,Paid Search,MQL,99,,,,2023-07-17T00:00:00
7542,James,Williams,james.williams7542@cybervault.com,CyberVault,Product-Led,Converted,69,1036,751,2024-11-04,2024-09-22T00:00:00
7543,Daniel,Brown,daniel.brown7543@primepathdigital.com,PrimePath Digital,Product-Led,Nurture,14,,,,2023-07-18T00:00:00
7544,Joseph,Taylor,joseph.taylor7544@futureforge.com,FutureForge,Outbound - Cold,MQL,79,,,,2022-04-25T00:00:00
7545,Lisa,Hernandez,lisa.hernandez7545@agiledynamics.com,Agile Dynamics,Inbound - Web,MQL,50,,,,2023-02-05T00:00:00
7546,William,Jackson,william.jackson7546@innovateco.com,InnovateCo,Event,Disqualified,26,,,,2022-03-26T00:00:00
7547,Jennifer,Johnson,jennifer.johnson7547@insightplatforms.com,Insight Platforms,Outbound - Cold,MQL,53,,,,2022-08-31T00:00:00
7548,Jessica,Smith,jessica.smith7548@metasync.com,MetaSync,Product-Led,Converted,61,1537,605,2024-02-18,2023-12-17T00:00:00
7549,Charles,Davis,charles.davis7549@corestack.com,CoreStack,Inbound - Webinar,Disqualified,15,,,,2024-12-14T00:00:00
7550,Richard,Martinez,richard.martinez7550@databridgecorp.com,DataBridge Corp,Event,SQL,87,,,,2023-04-17T00:00:00
7551,David,Brown,david.brown7551@primepathdigital.com,PrimePath Digital,Partner Referral,Disqualified,11,,,,2023-10-18T00:00:00
7552,William,Jackson,,NexGen Solutions,Paid Search,Disqualified,0,,,,2023-05-28T00:00:00
7553,Jennifer,Thompson,jennifer.thompson7553@quantumlogiclabs.com,QuantumLogic Labs,Inbound - Webinar,Converted,95,4100,673,2023-06-15,2023-04-16T00:00:00
7554,Susan,Thomas,susan.thomas,RapidCloud,Outbound - SDR,SQL,99,,,,2021-01-24T00:00:00
7555,Richard,Miller,richard.miller7555@insightplatforms.com,Insight Platforms,Outbound - Cold,New,62,,,,2022-08-24T00:00:00
7556,Daniel,Hernandez,daniel.hernandez7556@truenorthdata.com,TrueNorth Data,Inbound - Webinar,SQL,71,,,,2022-08-08T00:00:00
7557,Sarah,Jackson,sarah.jackson7557@rapidcloud.com,RapidCloud,Outbound - SDR,MQL,53,,,,2024-12-03T00:00:00
7558,Patricia,Williams,patricia.williams7558@insightplatforms.com,Insight Platforms,Outbound - SDR,Nurture,43,,,,2022-01-19T00:00:00
7559,Karen,Moore,karen.moore7559@streamlineanalytics.com,StreamLine Analytics,Outbound - SDR,Converted,59,2975,49,2024-11-27,2024-09-04T00:00:00
7560,Karen,Martinez,karen.martinez7560@truenorthdata.com,TrueNorth Data,Social Media,MQL,59,,,,2023-10-16T00:00:00
7561,Robert,Lopez,robert.lopez7561@streamlineanalytics.com,StreamLine Analytics,Paid Search,Disqualified,21,,,,2024-01-13T00:00:00
7562,Christopher,Miller,christopher.miller7562@innovateco.com,InnovateCo,Inbound - Webinar,MQL,92,,,,2023-08-04T00:00:00
7563,Christopher,Johnson,christopher.johnson7563@innovateco.com,InnovateCo,Social Media,Nurture,66,,,,2020-10-31T00:00:00
7564,Lisa,Taylor,lisa.taylor7564@vertexai.com,VertexAI,Product-Led,Converted,65,282,58,2024-05-08,2024-03-27T00:00:00
7565,Nancy,Hernandez,nancy.hernandez7565@metasync.com,MetaSync,Inbound - Content,Converted,51,2301,428,2024-10-16,2024-08-27T00:00:00
7566,Sarah,Johnson,sarah.johnson7566@pulsepointdigital.com,PulsePoint Digital,Product-Led,MQL,-99,,,,2021-06-04T00:00:00
7567,Joseph,Hernandez,joseph.hernandez7567@agiledynamics.com,Agile Dynamics,Outbound - SDR,SQL,79,,,,2023-02-21T00:00:00
7568,Joseph,Rodriguez,joseph.rodriguez,PulsePoint Digital,Event,Working,62,,,,2024-12-23T00:00:00
7569,William,Thompson,william.thompson7569@corestack.com,CoreStack,Paid Search,Nurture,62,,,,2020-09-27T00:00:00
7570,Daniel,Gonzalez,daniel.gonzalez7570@primepathdigital.com,PrimePath Digital,Social Media,Disqualified,9,,,,2020-02-06T00:00:00
7571,Jennifer,Smith,jennifer.smith7571@agiledynamics.com,Agile Dynamics,Outbound - SDR,Disqualified,28,,,,2024-01-05T00:00:00
7572,Linda,Hernandez,linda.hernandez7572@truenorthdata.com,TrueNorth Data,,Working,63,,,,2023-09-04T00:00:00
7573,Daniel,Jones,daniel.jones7573@insightplatforms.com,Insight Platforms,Event,MQL,75,,,,2021-05-27T00:00:00
7574,Linda,Brown,linda.brown7574@brightwavetech.com,BrightWave Tech,Paid Search,Working,34,,,,2023-04-08T00:00:00
7575,Lisa,Moore,lisa.moore,CyberVault,Partner Referral,Working,16,,,,2023-05-24T00:00:00
7576,Joseph,Smith,joseph.smith7576@insightplatforms.com,Insight Platforms,Partner Referral,Disqualified,6,,,,2020-09-23T00:00:00
7577,Patricia,Jackson,patricia.jackson7577@databridgecorp.com,DataBridge Corp,Outbound - SDR,MQL,-57,,,,2022-09-18T00:00:00
7578,Richard,Brown,richard.brown7578@insightplatforms.com,Insight Platforms,Social Media,Disqualified,10,,,,2023-12-25T00:00:00
7579,Christopher,Brown,christopher.brown7579@pulsepointdigital.com,PulsePoint Digital,Inbound - Webinar,Converted,98,3649,340,2024-05-11,2024-04-15T00:00:00
7580,David,Brown,david.brown7580@agiledynamics.com,Agile Dynamics,Inbound - Webinar,MQL,97,,,,2023-12-05T00:00:00
7581,Lisa,Thompson,lisa.thompson7581@streamlineanalytics.com,StreamLine Analytics,Inbound - Content,New,21,,,,2022-08-16T00:00:00
7582,Elizabeth,Thomas,elizabeth.thomas7582@primepathdigital.com,PrimePath Digital,Outbound - Cold,Disqualified,1,,,,2023-09-28T00:00:00
7583,Nancy,Wilson,nancy.wilson7583@futureforge.com,FutureForge,,Working,22,,,,2020-11-12T00:00:00
7584,Daniel,Anderson,daniel.anderson7584@cybervault.com,CyberVault,Partner Referral,New,22,,,,2024-10-07T00:00:00
7585,Richard,Jones,richard.jones7585@databridgecorp.com,DataBridge Corp,Social Media,Nurture,55,,,,2021-11-03T00:00:00
7586,Thomas,Lee,thomas.lee7586@pulsepointdigital.com,PulsePoint Digital,Social Media,Working,17,,,,2022-06-14T00:00:00
7587,Lisa,Miller,lisa.miller7587@cloudscalesystems.com,CloudScale Systems,Event,MQL,66,,,,2020-03-03T00:00:00
7588,Susan,Miller,susan.miller,Insight Platforms,Social Media,MQL,63,,,,2020-05-08T00:00:00
7589,Patricia,Moore,patricia.moore7589@cloudscalesystems.com,CloudScale Systems,Paid Search,MQL,55,,,,2022-07-15T00:00:00
7590,Thomas,Jones,thomas.jones7590@futureforge.com,FutureForge,Partner Referral,Converted,58,886,245,2024-12-19,2024-12-16T00:00:00
7591,Mary,Garcia,mary.garcia7591@techflowinc.com,TechFlow Inc,Social Media,MQL,92,,,,2021-07-13T00:00:00
7592,Robert,Martin,robert.martin,CoreStack,Inbound - Webinar,SQL,77,,,,2024-02-16T00:00:00
7593,William,Anderson,william.anderson7593@nexgensolutions.com,NexGen Solutions,Outbound - Cold,Disqualified,29,,,,2023-09-11T00:00:00
7594,John,Rodriguez,john.rodriguez7594@primepathdigital.com,PrimePath Digital,Outbound - SDR,Working,39,,,,2020-06-15T00:00:00
7595,Lisa,Brown,lisa.brown7595@truenorthdata.com,TrueNorth Data,Partner Referral,Nurture,57,,,,2023-04-17T00:00:00
7596,Richard,Lopez,richard.lopez7596@pulsepointdigital.com,PulsePoint Digital,Inbound - Webinar,Converted,89,3442,545,2024-02-24,2024-02-26T00:00:00
7597,Elizabeth,Miller,elizabeth.miller7597@cybervault.com,CyberVault,Paid Search,Working,60,,,,2020-03-15T00:00:00
7598,Michael,Martin,michael.martin7598@metasync.com,MetaSync,Social Media,Working,68,,,,2020-06-11T00:00:00
7599,Elizabeth,Davis,elizabeth.davis7599@metasync.com,MetaSync,Inbound - Content,MQL,63,,,,2023-03-08T00:00:00
7600,Elizabeth,Garcia,elizabeth.garcia7600@cloudscalesystems.com,CloudScale Systems,Event,New,38,,,,2022-12-27T00:00:00
7601,Sarah,Lee,sarah.lee7601@vertexai.com,VertexAI,Event,Disqualified,12,,,,2023-01-24T00:00:00
7602,Joseph,Wilson,joseph.wilson7602@cloudscalesystems.com,CloudScale Systems,Product-Led,Disqualified,18,,,,2020-06-11T00:00:00
7603,Robert,Williams,robert.williams7603@innovateco.com,InnovateCo,Outbound - Cold,SQL,61,,,,2021-09-30T00:00:00
7604,Barbara,Anderson,barbara.anderson7604@streamlineanalytics.com,StreamLine Analytics,Outbound - Cold,MQL,63,,,,2024-02-26T00:00:00
7605,Susan,Lopez,,CyberVault,Inbound - Web,Converted,70,1885,287,2021-06-24,2021-05-15T00:00:00
7606,Jennifer,Thompson,jennifer.thompson7606@databridgecorp.com,DataBridge Corp,Product-Led,Working,62,,,,2023-11-16T00:00:00
7607,Patricia,Gonzalez,patricia.gonzalez7607@vertexai.com,VertexAI,Inbound - Web,Working,23,,,,2021-09-12T00:00:00
7608,Elizabeth,Anderson,elizabeth.anderson7608@databridgecorp.com,DataBridge Corp,Paid Search,Nurture,32,,,,2023-10-19T00:00:00
7609,William,Miller,william.miller7609@rapidcloud.com,RapidCloud,Event,Converted,56,3197,287,2024-05-09,2024-04-14T00:00:00
7610,Mary,Hernandez,mary.hernandez7610@databridgecorp.com,DataBridge Corp,Outbound - Cold,Working,60,,,,2024-11-18T00:00:00
7611,Charles,Smith,charles.smith7611@databridgecorp.com,DataBridge Corp,Product-Led,Converted,71,725,456,2022-12-31,2022-12-20T00:00:00
7612,Susan,Williams,susan.williams7612@streamlineanalytics.com,StreamLine Analytics,Outbound - Cold,MQL,92,,,,2020-02-19T00:00:00
7613,Linda,Moore,linda.moore7613@vertexai.com,VertexAI,Inbound - Content,Disqualified,14,,,,2020-06-10T00:00:00
7614,Michael,Lopez,michael.lopez7614@quantumlogiclabs.com,QuantumLogic Labs,Paid Search,Converted,92,366,574,2024-04-13,2024-03-08T00:00:00
7615,Charles,Johnson,charles.johnson7615@agiledynamics.com,Agile Dynamics,Partner Referral,Converted,70,2643,591,2024-12-16,2024-10-20T00:00:00
7616,Jennifer,Anderson,jennifer.anderson7616@brightwavetech.com,BrightWave Tech,Inbound - Content,Working,41,,,,2021-05-09T00:00:00
7617,Charles,Gonzalez,charles.gonzalez7617@cybervault.com,CyberVault,Outbound - SDR,New,39,,,,2022-02-17T00:00:00
7618,Nancy,Smith,nancy.smith7618@vertexai.com,VertexAI,Social Media,New,45,,,,2022-12-20T00:00:00
7619,Mary,Moore,mary.moore7619@databridgecorp.com,DataBridge Corp,Outbound - Cold,SQL,75,,,,2021-08-12T00:00:00
7620,Daniel,Thompson,daniel.thompson7620@primepathdigital.com,PrimePath Digital,Inbound - Web,Disqualified,14,,,,2021-07-28T00:00:00
7621,William,Martinez,william.martinez7621@agiledynamics.com,Agile Dynamics,Inbound - Content,Working,59,,,,2020-04-22T00:00:00
7622,Sarah,Davis,sarah.davis7622@primepathdigital.com,PrimePath Digital,Inbound - Web,Converted,59,2144,537,2024-09-01,2024-08-13T00:00:00
7623,Jessica,Lee,jessica.lee7623@corestack.com,CoreStack,Outbound - SDR,New,51,,,,2024-11-13T00:00:00
7624,James,Davis,james.davis7624@databridgecorp.com,DataBridge Corp,Outbound - Cold,Disqualified,20,,,,2022-12-05T00:00:00
7625,Joseph,Martinez,joseph.martinez7625@rapidcloud.com,RapidCloud,Outbound - SDR,Converted,56,2045,272,2024-05-05,2024-05-03T00:00:00
7626,James,Moore,james.moore7626@futureforge.com,FutureForge,Outbound - Cold,SQL,76,,,,2023-06-27T00:00:00
7627,Michael,Taylor,michael.taylor7627@primepathdigital.com,PrimePath Digital,Inbound - Webinar,Converted,88,4168,323,2022-02-18,2021-12-19T00:00:00
7628,Mary,Smith,mary.smith7628@databridgecorp.com,DataBridge Corp,Inbound - Web,Disqualified,30,,,,2021-09-23T00:00:00
7629,Robert,Jones,robert.jones7629@primepathdigital.com,PrimePath Digital,Paid Search,Working,13,,,,2021-05-29T00:00:00
7630,Mary,Garcia,mary.garcia7630@cloudscalesystems.com,CloudScale Systems,Outbound - Cold,New,26,,,,2024-05-06T00:00:00
7631,Thomas,Brown,thomas.brown7631@databridgecorp.com,DataBridge Corp,Partner Referral,SQL,64,,,,2024-05-21T00:00:00
7632,Jessica,Davis,jessica.davis7632@scaleupsystems.com,ScaleUp Systems,Paid Search,Converted,78,2197,767,2023-11-07,2023-10-28T00:00:00
7633,Lisa,Thomas,lisa.thomas7633@cybervault.com,CyberVault,Inbound - Content,Disqualified,12,,,,2023-04-11T00:00:00
7634,Daniel,Jackson,daniel.jackson7634@insightplatforms.com,Insight Platforms,Outbound - SDR,New,54,,,,2020-06-04T00:00:00
7635,Nancy,Smith,nancy.smith7635@metasync.com,MetaSync,Outbound - SDR,Working,30,,,,2022-10-02T00:00:00
7636,Barbara,Taylor,barbara.taylor7636@corestack.com,CoreStack,Inbound - Webinar,Converted,80,1063,364,2024-07-12,2024-06-07T00:00:00
7637,Jennifer,Smith,jennifer.smith7637@innovateco.com,InnovateCo,Inbound - Content,MQL,91,,,,2020-04-25T00:00:00
7638,Patricia,Martinez,patricia.martinez7638@streamlineanalytics.com,StreamLine Analytics,Partner Referral,New,70,,,,2020-12-19T00:00:00
7639,David,Miller,david.miller7639@nexgensolutions.com,NexGen Solutions,Partner Referral,Disqualified,23,,,,2022-11-15T00:00:00
7640,Elizabeth,Martin,elizabeth.martin7640@scaleupsystems.com,ScaleUp Systems,Event,New,63,,,,2024-05-30T00:00:00
7641,Elizabeth,Lee,elizabeth.lee7641@rapidcloud.com,RapidCloud,Inbound - Content,New,47,,,,2022-04-24T00:00:00
7642,Barbara,Lopez,barbara.lopez7642@brightwavetech.com,BrightWave Tech,Event,SQL,56,,,,2023-11-15T00:00:00
7643,Charles,Hernandez,charles.hernandez7643@scaleupsystems.com,ScaleUp Systems,Partner Referral,MQL,73,,,,2023-12-23T00:00:00
7644,Mary,Wilson,mary.wilson7644@futureforge.com,FutureForge,Paid Search,Converted,58,1372,603,2024-09-14,2024-07-07T00:00:00
7645,Jessica,Garcia,jessica.garcia7645@innovateco.com,InnovateCo,Inbound - Web,Working,52,,,,2023-03-29T00:00:00
7646,Thomas,Smith,thomas.smith7646@corestack.com,CoreStack,Paid Search,MQL,51,,,,2023-06-05T00:00:00
7647,James,Martin,james.martin7647@cloudscalesystems.com,CloudScale Systems,Paid Search,Disqualified,4,,,,2023-12-10T00:00:00
7648,Richard,Thomas,richard.thomas7648@agiledynamics.com,Agile Dynamics,Social Media,New,10,,,,2020-02-20T00:00:00
7649,William,Lopez,william.lopez7649@agiledynamics.com,Agile Dynamics,Social Media,Working,60,,,,2020-10-26T00:00:00
7650,Elizabeth,Martin,elizabeth.martin7650@brightwavetech.com,BrightWave Tech,Partner Referral,Converted,87,1811,339,2024-04-22,2024-02-12T00:00:00
7651,Nancy,Thomas,nancy.thomas7651@databridgecorp.com,DataBridge Corp,Inbound - Webinar,Working,57,,,,2020-02-10T00:00:00
7652,Robert,Jones,robert.jones7652@pulsepointdigital.com,PulsePoint Digital,Social Media,Converted,63,2154,293,2024-09-26,2024-08-10T00:00:00
7653,Linda,Davis,linda.davis7653@futureforge.com,FutureForge,Paid Search,SQL,74,,,,2022-10-05T00:00:00
7654,Christopher,Jones,christopher.jones7654@cloudscalesystems.com,CloudScale Systems,Inbound - Web,Disqualified,26,,,,2022-09-23T00:00:00
7655,David,Lee,david.lee7655@brightwavetech.com,BrightWave Tech,Social Media,New,13,,,,2021-01-26T00:00:00
7656,Christopher,Brown,christopher.brown7656@quantumlogiclabs.com,QuantumLogic Labs,Paid Search,New,23,,,,2021-08-04T00:00:00
7657,Sarah,Martinez,sarah.martinez7657@pulsepointdigital.com,PulsePoint Digital,Outbound - Cold,MQL,51,,,,2021-09-05T00:00:00
7658,James,Brown,james.brown7658@techflowinc.com,TechFlow Inc,Product-Led,Converted,64,2202,947,2024-06-30,2024-05-15T00:00:00
7659,Robert,Thompson,robert.thompson7659@quantumlogiclabs.com,QuantumLogic Labs,Partner Referral,New,67,,,,2022-12-16T00:00:00
7660,Linda,Lee,linda.lee7660@techflowinc.com,TechFlow Inc,Paid Search,Converted,76,1240,419,2024-02-05,2023-11-21T00:00:00
7661,Lisa,Gonzalez,lisa.gonzalez7661@primepathdigital.com,PrimePath Digital,Outbound - Cold,Disqualified,18,,,,2022-03-16T00:00:00
7662,Jennifer,Garcia,jennifer.garcia7662@futureforge.com,FutureForge,,Nurture,47,,,,2020-12-13T00:00:00
7663,John,Gonzalez,john.gonzalez7663@innovateco.com,InnovateCo,Social Media,New,26,,,,2021-06-09T00:00:00
7664,Nancy,Miller,nancy.miller7664@insightplatforms.com,Insight Platforms,Event,SQL,52,,,,2023-06-03T00:00:00
7665,Mary,Taylor,mary.taylor7665@vertexai.com,VertexAI,Outbound - Cold,Disqualified,16,,,,2023-05-15T00:00:00
7666,Charles,Martinez,charles.martinez7666@truenorthdata.com,TrueNorth Data,Inbound - Webinar,Converted,94,4904,532,2024-03-29,2024-01-10T00:00:00
7667,Barbara,Anderson,barbara.anderson,FutureForge,Event,MQL,89,,,,2022-06-29T00:00:00
7668,Karen,Davis,karen.davis7668@streamlineanalytics.com,StreamLine Analytics,Social Media,Disqualified,4,,,,2020-02-28T00:00:00
7669,Nancy,Moore,nancy.moore7669@rapidcloud.com,RapidCloud,Inbound - Content,Disqualified,27,,,,2023-03-08T00:00:00
7670,Elizabeth,Hernandez,,CloudScale Systems,Product-Led,SQL,82,,,,2023-09-22T00:00:00
7671,Jennifer,Martin,jennifer.martin7671@vertexai.com,VertexAI,Event,Disqualified,27,,,,2022-12-09T00:00:00
7672,Thomas,Martin,thomas.martin7672@innovateco.com,InnovateCo,Social Media,MQL,90,,,,2020-10-13T00:00:00
7673,Christopher,Garcia,christopher.garcia7673@rapidcloud.com,RapidCloud,Event,MQL,100,,,,2021-09-16T00:00:00
7674,Patricia,Smith,patricia.smith7674@cybervault.com,CyberVault,Inbound - Webinar,Converted,77,4316,834,2021-12-19,2021-11-09T00:00:00
7675,William,Hernandez,william.hernandez7675@streamlineanalytics.com,StreamLine Analytics,Partner Referral,MQL,51,,,,2024-05-24T00:00:00
7676,Elizabeth,Brown,elizabeth.brown7676@quantumlogiclabs.com,QuantumLogic Labs,Inbound - Webinar,SQL,64,,,,2023-06-24T00:00:00
7677,Daniel,Martinez,,TechFlow Inc,Inbound - Web,New,26,,,,2020-03-22T00:00:00
7678,Thomas,Anderson,thomas.anderson7678@vertexai.com,VertexAI,Outbound - SDR,Disqualified,19,,,,2023-05-03T00:00:00
7679,Jennifer,Brown,jennifer.brown7679@databridgecorp.com,DataBridge Corp,Inbound - Web,MQL,61,,,,2020-10-03T00:00:00
7680,Elizabeth,Thompson,elizabeth.thompson7680@corestack.com,CoreStack,Inbound - Content,Nurture,63,,,,2021-08-24T00:00:00
7681,Patricia,Moore,patricia.moore7681@scaleupsystems.com,ScaleUp Systems,Paid Search,Nurture,32,,,,2023-01-15T00:00:00
7682,Karen,Rodriguez,karen.rodriguez7682@insightplatforms.com,Insight Platforms,Social Media,Working,39,,,,2021-09-18T00:00:00
7683,Karen,Wilson,karen.wilson7683@quantumlogiclabs.com,QuantumLogic Labs,,MQL,68,,,,2023-08-26T00:00:00
7684,Robert,Gonzalez,robert.gonzalez7684@nexgensolutions.com,NexGen Solutions,Inbound - Web,Converted,50,352,624,2024-09-15,2024-08-05T00:00:00
7685,Daniel,Martin,daniel.martin7685@quantumlogiclabs.com,QuantumLogic Labs,Product-Led,Working,68,,,,2020-12-07T00:00:00
7686,Barbara,Anderson,barbara.anderson7686@rapidcloud.com,RapidCloud,Outbound - SDR,MQL,88,,,,2020-01-01T00:00:00
7687,Thomas,Lopez,thomas.lopez7687@insightplatforms.com,Insight Platforms,Inbound - Webinar,Working,46,,,,2022-06-16T00:00:00
7688,Joseph,Davis,joseph.davis7688@metasync.com,MetaSync,Outbound - Cold,MQL,88,,,,2022-04-17T00:00:00
7689,Daniel,Thomas,daniel.thomas7689@agiledynamics.com,Agile Dynamics,Event,Converted,72,3141,61,2022-12-22,2022-12-17T00:00:00
7690,Barbara,Miller,barbara.miller7690@primepathdigital.com,PrimePath Digital,Event,Working,56,,,,2022-10-18T00:00:00
7691,Karen,Johnson,karen.johnson7691@rapidcloud.com,RapidCloud,Outbound - SDR,New,45,,,,2020-08-13T00:00:00
7692,Mary,Johnson,mary.johnson7692@quantumlogiclabs.com,QuantumLogic Labs,Product-Led,Nurture,68,,,,2021-04-21T00:00:00
7693,Jennifer,Thompson,jennifer.thompson7693@cybervault.com,CyberVault,Social Media,SQL,72,,,,2022-04-12T00:00:00
7694,Thomas,Hernandez,thomas.hernandez7694@corestack.com,CoreStack,Outbound - SDR,Working,59,,,,2022-12-14T00:00:00
7695,Elizabeth,Davis,elizabeth.davis7695@futureforge.com,FutureForge,Partner Referral,MQL,71,,,,2024-01-09T00:00:00
7696,Robert,Jones,robert.jones7696@vertexai.com,VertexAI,Inbound - Content,Disqualified,-19,,,,2020-12-12T00:00:00
7697,Nancy,Martinez,nancy.martinez7697@quantumlogiclabs.com,QuantumLogic Labs,Inbound - Web,Nurture,33,,,,2021-04-09T00:00:00
7698,Jennifer,Thompson,jennifer.thompson7698@nexgensolutions.com,NexGen Solutions,Partner Referral,Disqualified,22,,,,2024-06-18T00:00:00
7699,Jennifer,Rodriguez,jennifer.rodriguez7699@futureforge.com,FutureForge,Outbound - Cold,Disqualified,29,,,,2024-05-05T00:00:00
7700,Karen,Davis,karen.davis7700@databridgecorp.com,DataBridge Corp,Inbound - Content,Disqualified,1,,,,2022-09-29T00:00:00
7701,Charles,Rodriguez,charles.rodriguez7701@innovateco.com,InnovateCo,Product-Led,Converted,94,4441,449,2024-07-25,2024-05-15T00:00:00
7702,Jessica,Thomas,jessica.thomas7702@futureforge.com,FutureForge,Inbound - Web,Converted,95,1510,970,2024-12-01,2024-10-10T00:00:00
7703,John,Jackson,john.jackson7703@innovateco.com,InnovateCo,Product-Led,Disqualified,5,,,,2022-11-17T00:00:00
7704,Christopher,Martinez,christopher.martinez7704@metasync.com,MetaSync,Product-Led,Disqualified,15,,,,2023-04-12T00:00:00
7705,Jennifer,Miller,jennifer.miller7705@pulsepointdigital.com,PulsePoint Digital,Outbound - Cold,MQL,99,,,,2021-01-14T00:00:00
7706,David,Davis,david.davis7706@rapidcloud.com,RapidCloud,Event,Converted,92,1594,977,2024-04-19,2024-03-25T00:00:00
7707,Mary,Rodriguez,mary.rodriguez7707@databridgecorp.com,DataBridge Corp,Inbound - Web,Converted,87,2884,668,2024-04-12,2024-03-27T00:00:00
7708,Richard,Jones,richard.jones7708@corestack.com,CoreStack,Paid Search,Working,46,,,,2021-09-21T00:00:00
7709,Linda,Rodriguez,linda.rodriguez7709@innovateco.com,InnovateCo,Paid Search,Disqualified,6,,,,2020-12-04T00:00:00
7710,Sarah,Smith,sarah.smith7710@metasync.com,MetaSync,Inbound - Web,New,-27,,,,2020-06-25T00:00:00
7711,Jennifer,Lopez,jennifer.lopez7711@cybervault.com,CyberVault,Product-Led,SQL,88,,,,2022-04-22T00:00:00
7712,Christopher,Lee,christopher.lee7712@insightplatforms.com,Insight Platforms,Outbound - Cold,Working,55,,,,2022-10-26T00:00:00
7713,Elizabeth,Hernandez,elizabeth.hernandez7713@corestack.com,CoreStack,Product-Led,SQL,76,,,,2021-12-08T00:00:00
7714,Richard,Lopez,richard.lopez7714@rapidcloud.com,RapidCloud,Partner Referral,Working,51,,,,2020-09-09T00:00:00
7715,Mary,Williams,mary.williams7715@vertexai.com,VertexAI,Product-Led,Disqualified,14,,,,2022-06-14T00:00:00
7716,Daniel,Rodriguez,daniel.rodriguez,PrimePath Digital,Inbound - Web,SQL,59,,,,2023-08-25T00:00:00
7717,Patricia,Moore,patricia.moore7717@scaleupsystems.com,ScaleUp Systems,Inbound - Web,New,63,,,,2024-07-31T00:00:00
7718,Barbara,Gonzalez,barbara.gonzalez7718@agiledynamics.com,Agile Dynamics,Outbound - Cold,Disqualified,28,,,,2021-07-28T00:00:00
7719,Elizabeth,Jackson,elizabeth.jackson7719@vertexai.com,VertexAI,Social Media,Working,32,,,,2021-11-19T00:00:00
7720,Mary,Thompson,mary.thompson7720@scaleupsystems.com,ScaleUp Systems,Social Media,Working,39,,,,2024-07-10T00:00:00
7721,Michael,Garcia,michael.garcia7721@pulsepointdigital.com,PulsePoint Digital,Product-Led,Nurture,11,,,,2024-04-15T00:00:00
7722,David,Garcia,david.garcia7722@metasync.com,MetaSync,Outbound - Cold,Working,61,,,,2020-06-05T00:00:00
7723,Nancy,Johnson,nancy.johnson7723@techflowinc.com,TechFlow Inc,Product-Led,Disqualified,2,,,,2022-01-28T00:00:00
7724,Thomas,Moore,thomas.moore7724@vertexai.com,VertexAI,Inbound - Web,New,52,,,,2022-05-19T00:00:00
7725,Richard,Wilson,richard.wilson7725@nexgensolutions.com,NexGen Solutions,Paid Search,New,20,,,,2021-12-19T00:00:00
7726,Mary,Wilson,,CloudScale Systems,Outbound - SDR,Nurture,51,,,,2024-10-08T00:00:00
7727,Karen,Anderson,karen.anderson7727@streamlineanalytics.com,StreamLine Analytics,Social Media,MQL,62,,,,2022-08-04T00:00:00
7728,Richard,Taylor,richard.taylor7728@techflowinc.com,TechFlow Inc,Paid Search,Working,47,,,,2024-07-07T00:00:00
7729,Richard,Thompson,richard.thompson7729@quantumlogiclabs.com,QuantumLogic Labs,Inbound - Web,Disqualified,20,,,,2022-09-22T00:00:00
7730,Karen,Davis,karen.davis7730@corestack.com,CoreStack,Inbound - Web,SQL,95,,,,2021-10-03T00:00:00
7731,Susan,Brown,,MetaSync,,MQL,50,,,,2020-01-31T00:00:00
7732,Christopher,Jones,christopher.jones7732@scaleupsystems.com,ScaleUp Systems,Social Media,Working,68,,,,2024-06-01T00:00:00
7733,Susan,Garcia,susan.garcia7733@futureforge.com,FutureForge,Event,Converted,97,703,784,2023-03-27,2023-03-04T00:00:00
7734,Jessica,Martinez,jessica.martinez7734@streamlineanalytics.com,StreamLine Analytics,Event,Converted,90,1472,229,2020-07-02,2020-04-23T00:00:00
7735,Lisa,Davis,lisa.davis7735@innovateco.com,InnovateCo,Product-Led,MQL,82,,,,2023-02-10T00:00:00
7736,William,Rodriguez,william.rodriguez7736@primepathdigital.com,PrimePath Digital,Outbound - Cold,Converted,85,4030,175,2023-12-02,2023-10-07T00:00:00
7737,Susan,Smith,susan.smith7737@streamlineanalytics.com,StreamLine Analytics,Event,Converted,67,1131,801,2024-09-28,2024-07-15T00:00:00
7738,Charles,Taylor,charles.taylor7738@brightwavetech.com,BrightWave Tech,Outbound - Cold,Working,43,,,,2020-08-04T00:00:00
7739,Robert,Wilson,robert.wilson7739@nexgensolutions.com,NexGen Solutions,Outbound - Cold,New,41,,,,2020-11-24T00:00:00
7740,Sarah,Taylor,sarah.taylor7740@agiledynamics.com,Agile Dynamics,Event,Disqualified,16,,,,2020-03-16T00:00:00
7741,Michael,Hernandez,michael.hernandez7741@quantumlogiclabs.com,QuantumLogic Labs,Outbound - SDR,MQL,53,,,,2023-07-08T00:00:00
7742,Karen,Smith,karen.smith7742@databridgecorp.com,DataBridge Corp,Social Media,Nurture,12,,,,2024-03-26T00:00:00
7743,Jessica,Johnson,jessica.johnson7743@cybervault.com,CyberVault,Paid Search,MQL,99,,,,2022-03-10T00:00:00
7744,Robert,Hernandez,robert.hernandez7744@brightwavetech.com,BrightWave Tech,Outbound - SDR,SQL,90,,,,2021-04-10T00:00:00
7745,Jennifer,Moore,jennifer.moore,MetaSync,Partner Referral,MQL,64,,,,2021-09-30T00:00:00
7746,Jennifer,Taylor,jennifer.taylor7746@futureforge.com,FutureForge,Social Media,SQL,94,,,,2024-03-27T00:00:00
7747,Daniel,Hernandez,daniel.hernandez7747@techflowinc.com,TechFlow Inc,Partner Referral,MQL,83,,,,2021-05-01T00:00:00
7748,Barbara,Lee,barbara.lee7748@vertexai.com,VertexAI,Paid Search,Disqualified,7,,,,2020-05-22T00:00:00
7749,Linda,Taylor,linda.taylor7749@pulsepointdigital.com,PulsePoint Digital,Outbound - Cold,Converted,67,922,508,2021-12-28,2021-10-28T00:00:00
7750,Mary,Hernandez,,VertexAI,Event,New,25,,,,2023-09-15T00:00:00
7751,Jennifer,Martin,,Insight Platforms,Paid Search,Converted,87,350,826,2023-07-29,2023-06-22T00:00:00
7752,Jennifer,Rodriguez,jennifer.rodriguez7752@cloudscalesystems.com,CloudScale Systems,Social Media,New,13,,,,2021-07-28T00:00:00
7753,John,Jones,john.jones7753@primepathdigital.com,PrimePath Digital,Paid Search,Disqualified,21,,,,2024-11-06T00:00:00
7754,Sarah,Taylor,sarah.taylor7754@truenorthdata.com,TrueNorth Data,Outbound - Cold,Converted,79,3861,236,2022-03-04,2022-01-25T00:00:00
7755,Nancy,Gonzalez,nancy.gonzalez7755@insightplatforms.com,Insight Platforms,Event,MQL,85,,,,2020-12-05T00:00:00
7756,Linda,Hernandez,linda.hernandez7756@vertexai.com,VertexAI,Social Media,SQL,90,,,,2021-01-18T00:00:00
7757,Nancy,Smith,nancy.smith7757@vertexai.com,VertexAI,Product-Led,Disqualified,25,,,,2021-07-06T00:00:00
7758,Linda,Smith,linda.smith7758@quantumlogiclabs.com,QuantumLogic Labs,Inbound - Web,Disqualified,24,,,,2020-04-05T00:00:00
7759,Daniel,Wilson,daniel.wilson7759@insightplatforms.com,Insight Platforms,Outbound - Cold,Disqualified,14,,,,2022-02-20T00:00:00
7760,Charles,Wilson,charles.wilson7760@streamlineanalytics.com,StreamLine Analytics,Partner Referral,Converted,74,3349,928,2024-02-20,2023-12-19T00:00:00
7761,Lisa,Miller,lisa.miller7761@quantumlogiclabs.com,QuantumLogic Labs,Inbound - Web,Converted,78,4776,944,2024-08-12,2024-06-03T00:00:00
7762,Daniel,Lopez,daniel.lopez7762@rapidcloud.com,RapidCloud,Partner Referral,MQL,78,,,,2022-10-07T00:00:00
7763,Jessica,Wilson,jessica.wilson7763@quantumlogiclabs.com,QuantumLogic Labs,Social Media,SQL,68,,,,2024-03-03T00:00:00
7764,Richard,Thompson,richard.thompson7764@cybervault.com,CyberVault,Outbound - SDR,Nurture,62,,,,2024-03-24T00:00:00
7765,Michael,Hernandez,michael.hernandez7765@nexgensolutions.com,NexGen Solutions,Outbound - SDR,New,31,,,,2023-11-09T00:00:00
7766,James,Anderson,james.anderson7766@insightplatforms.com,Insight Platforms,Inbound - Web,MQL,98,,,,2023-08-08T00:00:00
7767,Richard,Hernandez,richard.hernandez7767@techflowinc.com,TechFlow Inc,Outbound - SDR,New,38,,,,2023-07-22T00:00:00
7768,Mary,Jackson,mary.jackson7768@primepathdigital.com,PrimePath Digital,Product-Led,Disqualified,3,,,,2022-10-28T00:00:00
7769,Sarah,Davis,sarah.davis7769@metasync.com,MetaSync,Inbound - Webinar,Working,16,,,,2024-01-26T00:00:00
7770,Barbara,Rodriguez,barbara.rodriguez7770@insightplatforms.com,Insight Platforms,Product-Led,Disqualified,11,,,,2023-04-03T00:00:00
7771,Elizabeth,Rodriguez,elizabeth.rodriguez7771@corestack.com,CoreStack,Inbound - Web,New,46,,,,2023-04-19T00:00:00
7772,Lisa,Garcia,lisa.garcia7772@agiledynamics.com,Agile Dynamics,Inbound - Webinar,Disqualified,1,,,,2023-10-04T00:00:00
7773,Mary,Hernandez,mary.hernandez7773@scaleupsystems.com,ScaleUp Systems,Outbound - Cold,New,21,,,,2023-12-16T00:00:00
7774,Barbara,Taylor,barbara.taylor7774@cybervault.com,CyberVault,Partner Referral,Disqualified,11,,,,2024-10-14T00:00:00
7775,James,Thomas,james.thomas7775@corestack.com,CoreStack,Social Media,Disqualified,14,,,,2021-12-04T00:00:00
7776,Robert,Thompson,robert.thompson7776@agiledynamics.com,Agile Dynamics,Event,Disqualified,13,,,,2023-09-07T00:00:00
7777,Robert,Anderson,robert.anderson7777@scaleupsystems.com,ScaleUp Systems,Social Media,MQL,78,,,,2024-02-16T00:00:00
7778,Jessica,Brown,jessica.brown7778@databridgecorp.com,DataBridge Corp,Event,Working,29,,,,2022-10-31T00:00:00
7779,Jessica,Smith,jessica.smith7779@agiledynamics.com,Agile Dynamics,Paid Search,MQL,56,,,,2020-12-25T00:00:00
7780,Joseph,Jones,joseph.jones7780@rapidcloud.com,RapidCloud,Inbound - Content,Converted,63,177,597,2024-08-19,2024-08-10T00:00:00
7781,Mary,Thomas,mary.thomas7781@corestack.com,CoreStack,Inbound - Content,Converted,94,3330,68,2024-09-16,2024-08-23T00:00:00
7782,Joseph,Davis,joseph.davis7782@primepathdigital.com,PrimePath Digital,,Converted,93,2239,745,2024-10-15,2024-09-02T00:00:00
7783,Sarah,Johnson,sarah.johnson7783@cloudscalesystems.com,CloudScale Systems,Event,MQL,53,,,,2024-09-07T00:00:00
7784,Jennifer,Williams,jennifer.williams7784@innovateco.com,InnovateCo,Inbound - Web,Converted,70,188,329,2024-06-01,2024-03-19T00:00:00
7785,Jennifer,Lee,jennifer.lee7785@pulsepointdigital.com,PulsePoint Digital,Event,Disqualified,11,,,,2024-12-09T00:00:00
7786,Linda,Wilson,linda.wilson7786@agiledynamics.com,Agile Dynamics,Event,Converted,89,2754,597,2024-11-11,2024-09-10T00:00:00
7787,John,Williams,john.williams7787@truenorthdata.com,TrueNorth Data,Social Media,Disqualified,17,,,,2020-11-21T00:00:00
7788,Nancy,Hernandez,nancy.hernandez7788@databridgecorp.com,DataBridge Corp,Product-Led,New,29,,,,2022-11-17T00:00:00
7789,Christopher,Smith,christopher.smith7789@insightplatforms.com,Insight Platforms,Inbound - Web,Converted,69,1554,151,2022-06-08,2022-04-10T00:00:00
7790,Daniel,Wilson,daniel.wilson7790@insightplatforms.com,Insight Platforms,Product-Led,SQL,61,,,,2023-06-22T00:00:00
7791,Nancy,Jackson,nancy.jackson7791@innovateco.com,InnovateCo,Inbound - Webinar,Working,57,,,,2024-10-20T00:00:00
7792,James,Martin,james.martin7792@rapidcloud.com,RapidCloud,Inbound - Webinar,New,15,,,,2020-08-01T00:00:00
7793,Mary,Anderson,mary.anderson7793@databridgecorp.com,DataBridge Corp,Inbound - Content,MQL,76,,,,2020-12-30T00:00:00
7794,David,Taylor,david.taylor7794@insightplatforms.com,Insight Platforms,Event,Disqualified,16,,,,2021-12-23T00:00:00
7795,Jennifer,Taylor,jennifer.taylor7795@rapidcloud.com,RapidCloud,Inbound - Content,New,28,,,,2020-03-15T00:00:00
7796,Richard,Hernandez,richard.hernandez7796@truenorthdata.com,TrueNorth Data,Inbound - Content,MQL,82,,,,2024-07-10T00:00:00
7797,Robert,Miller,robert.miller7797@vertexai.com,VertexAI,Outbound - SDR,Nurture,25,,,,2020-08-10T00:00:00
7798,Karen,Thomas,karen.thomas7798@nexgensolutions.com,NexGen Solutions,Partner Referral,Converted,71,4962,110,2024-03-25,2024-02-05T00:00:00
7799,Christopher,Brown,christopher.brown7799@futureforge.com,FutureForge,Event,New,29,,,,2022-10-02T00:00:00
7800,Christopher,Lee,christopher.lee7800@innovateco.com,InnovateCo,Outbound - SDR,SQL,52,,,,2023-04-30T00:00:00
7801,Robert,Williams,robert.williams7801@futureforge.com,FutureForge,Inbound - Web,Working,32,,,,2023-12-15T00:00:00
7802,Barbara,Garcia,barbara.garcia7802@metasync.com,MetaSync,Outbound - SDR,Nurture,32,,,,2023-06-20T00:00:00
7803,Joseph,Lee,joseph.lee7803@truenorthdata.com,TrueNorth Data,Inbound - Content,Disqualified,1,,,,2022-04-05T00:00:00
7804,Sarah,Taylor,sarah.taylor7804@nexgensolutions.com,NexGen Solutions,Social Media,Working,60,,,,2024-09-19T00:00:00
7805,Thomas,Davis,thomas.davis7805@corestack.com,CoreStack,Event,SQL,95,,,,2021-07-19T00:00:00
7806,Christopher,Lopez,christopher.lopez7806@scaleupsystems.com,ScaleUp Systems,Inbound - Web,MQL,62,,,,2022-06-01T00:00:00
7807,John,Rodriguez,john.rodriguez,FutureForge,Inbound - Web,SQL,61,,,,2023-01-05T00:00:00
7808,Richard,Garcia,richard.garcia7808@techflowinc.com,TechFlow Inc,Product-Led,SQL,100,,,,2020-05-04T00:00:00
7809,Patricia,Taylor,patricia.taylor7809@corestack.com,CoreStack,Outbound - Cold,Disqualified,4,,,,2024-02-07T00:00:00
7810,Michael,Lopez,michael.lopez7810@scaleupsystems.com,ScaleUp Systems,Event,SQL,59,,,,2022-07-19T00:00:00
7811,Nancy,Thomas,nancy.thomas7811@futureforge.com,FutureForge,Event,SQL,96,,,,2020-08-14T00:00:00
7812,Richard,Rodriguez,richard.rodriguez7812@futureforge.com,FutureForge,Product-Led,MQL,68,,,,2020-07-21T00:00:00
7813,William,Davis,william.davis7813@corestack.com,CoreStack,Outbound - SDR,Converted,80,264,861,2023-08-29,2023-08-26T00:00:00
7814,Patricia,Hernandez,patricia.hernandez7814@primepathdigital.com,PrimePath Digital,Paid Search,MQL,67,,,,2023-10-07T00:00:00
7815,Richard,Gonzalez,richard.gonzalez7815@agiledynamics.com,Agile Dynamics,Product-Led,Converted,88,2422,447,2024-11-29,2024-09-23T00:00:00
7816,Christopher,Williams,christopher.williams7816@futureforge.com,FutureForge,Outbound - Cold,MQL,75,,,,2023-04-09T00:00:00
7817,Joseph,Jones,joseph.jones7817@streamlineanalytics.com,StreamLine Analytics,Outbound - SDR,MQL,75,,,,2023-04-26T00:00:00
7818,Sarah,Hernandez,sarah.hernandez7818@databridgecorp.com,DataBridge Corp,Inbound - Content,New,69,,,,2020-01-16T00:00:00
7819,Richard,Martin,richard.martin7819@rapidcloud.com,RapidCloud,Inbound - Web,Disqualified,23,,,,2023-04-23T00:00:00
7820,Richard,Thompson,richard.thompson7820@primepathdigital.com,PrimePath Digital,Outbound - SDR,Converted,97,1298,839,2024-11-28,2024-10-23T00:00:00
7821,Christopher,Moore,christopher.moore7821@innovateco.com,InnovateCo,Inbound - Webinar,Disqualified,21,,,,2023-08-22T00:00:00
7822,Jennifer,Brown,jennifer.brown7822@corestack.com,CoreStack,Paid Search,New,45,,,,2021-06-03T00:00:00
7823,Jennifer,Anderson,jennifer.anderson,FutureForge,Partner Referral,New,58,,,,2021-01-11T00:00:00
7824,Elizabeth,Anderson,elizabeth.anderson7824@vertexai.com,VertexAI,Outbound - SDR,SQL,66,,,,2021-08-10T00:00:00
7825,Elizabeth,Jones,elizabeth.jones7825@streamlineanalytics.com,StreamLine Analytics,Inbound - Web,New,65,,,,2021-12-04T00:00:00
7826,John,Brown,john.brown7826@quantumlogiclabs.com,QuantumLogic Labs,Outbound - SDR,Working,16,,,,2024-08-28T00:00:00
7827,Karen,Thompson,karen.thompson7827@brightwavetech.com,BrightWave Tech,Inbound - Web,SQL,67,,,,2023-02-04T00:00:00
7828,Elizabeth,Taylor,elizabeth.taylor7828@innovateco.com,InnovateCo,Product-Led,Disqualified,23,,,,2023-08-05T00:00:00
7829,Jennifer,Wilson,jennifer.wilson7829@pulsepointdigital.com,PulsePoint Digital,Event,MQL,96,,,,2023-01-18T00:00:00
7830,Jennifer,Davis,jennifer.davis7830@nexgensolutions.com,NexGen Solutions,Event,Converted,88,4211,192,2024-06-10,2024-04-29T00:00:00
7831,David,Moore,david.moore7831@techflowinc.com,TechFlow Inc,Product-Led,Converted,63,4910,763,2022-12-29,2022-12-09T00:00:00
7832,Mary,Lopez,mary.lopez7832@scaleupsystems.com,ScaleUp Systems,Event,Working,28,,,,2024-07-10T00:00:00
7833,Susan,Moore,susan.moore7833@databridgecorp.com,DataBridge Corp,,SQL,68,,,,2023-12-31T00:00:00
7834,Karen,Anderson,karen.anderson7834@insightplatforms.com,Insight Platforms,Outbound - SDR,Working,17,,,,2020-02-05T00:00:00
7835,Michael,Smith,michael.smith7835@nexgensolutions.com,NexGen Solutions,Paid Search,New,58,,,,2020-02-16T00:00:00
7836,Mary,Lee,mary.lee7836@pulsepointdigital.com,PulsePoint Digital,Inbound - Content,Working,47,,,,2024-07-04T00:00:00
7837,Patricia,Brown,patricia.brown7837@agiledynamics.com,Agile Dynamics,Inbound - Content,New,12,,,,2022-08-11T00:00:00
7838,Linda,Williams,linda.williams7838@metasync.com,MetaSync,Product-Led,Disqualified,23,,,,2024-11-26T00:00:00
7839,Linda,Garcia,linda.garcia7839@databridgecorp.com,DataBridge Corp,Social Media,Working,20,,,,2022-12-10T00:00:00
7840,Linda,Wilson,linda.wilson7840@streamlineanalytics.com,StreamLine Analytics,Event,Converted,100,2064,263,2024-06-24,2024-05-27T00:00:00
7841,Susan,Moore,susan.moore7841@cybervault.com,CyberVault,Paid Search,Converted,64,4923,575,2022-08-05,2022-06-27T00:00:00
7842,Christopher,Wilson,christopher.wilson7842@rapidcloud.com,RapidCloud,Paid Search,Working,38,,,,2021-04-11T00:00:00
7843,Elizabeth,Davis,elizabeth.davis7843@corestack.com,CoreStack,Inbound - Content,Working,54,,,,2020-06-16T00:00:00
7844,Jennifer,Jones,jennifer.jones7844@nexgensolutions.com,NexGen Solutions,Partner Referral,New,66,,,,2020-01-17T00:00:00
7845,Mary,Gonzalez,mary.gonzalez7845@databridgecorp.com,DataBridge Corp,Event,Nurture,20,,,,2024-12-06T00:00:00
7846,Charles,Brown,charles.brown7846@nexgensolutions.com,NexGen Solutions,Outbound - SDR,MQL,55,,,,2024-02-02T00:00:00
7847,Jennifer,Gonzalez,jennifer.gonzalez7847@futureforge.com,FutureForge,Outbound - SDR,Nurture,12,,,,2020-11-19T00:00:00
7848,Christopher,Smith,christopher.smith7848@agiledynamics.com,Agile Dynamics,Paid Search,Converted,70,1118,280,2023-10-21,2023-09-18T00:00:00
7849,Thomas,Williams,thomas.williams7849@databridgecorp.com,DataBridge Corp,Inbound - Webinar,MQL,-73,,,,2022-05-13T00:00:00
7850,Michael,Taylor,michael.taylor7850@pulsepointdigital.com,PulsePoint Digital,Event,New,38,,,,2024-11-08T00:00:00
7851,Mary,Taylor,mary.taylor7851@pulsepointdigital.com,PulsePoint Digital,Paid Search,New,16,,,,2022-01-17T00:00:00
7852,David,Jones,david.jones7852@cybervault.com,CyberVault,,Disqualified,10,,,,2021-10-01T00:00:00
7853,Christopher,Thompson,christopher.thompson7853@cloudscalesystems.com,CloudScale Systems,Outbound - SDR,MQL,77,,,,2020-08-17T00:00:00
7854,Jessica,Martinez,jessica.martinez7854@quantumlogiclabs.com,QuantumLogic Labs,Paid Search,MQL,-76,,,,2020-12-30T00:00:00
7855,William,Taylor,william.taylor7855@truenorthdata.com,TrueNorth Data,Outbound - SDR,New,34,,,,2020-03-01T00:00:00
7856,Lisa,Taylor,lisa.taylor7856@innovateco.com,InnovateCo,Product-Led,SQL,51,,,,2022-08-23T00:00:00
7857,Daniel,Rodriguez,daniel.rodriguez,Agile Dynamics,Inbound - Web,Converted,78,4543,774,2024-12-03,2024-09-21T00:00:00
7858,John,Anderson,john.anderson7858@brightwavetech.com,BrightWave Tech,Inbound - Webinar,Disqualified,28,,,,2024-03-24T00:00:00
7859,Susan,Hernandez,susan.hernandez7859@nexgensolutions.com,NexGen Solutions,Inbound - Web,Nurture,16,,,,2022-04-04T00:00:00
7860,Mary,Garcia,mary.garcia7860@scaleupsystems.com,ScaleUp Systems,Partner Referral,MQL,64,,,,2024-02-19T00:00:00
7861,Karen,Moore,karen.moore7861@streamlineanalytics.com,StreamLine Analytics,Inbound - Content,Converted,71,189,295,2024-01-11,2023-10-30T00:00:00
7862,Jennifer,Jackson,jennifer.jackson7862@pulsepointdigital.com,PulsePoint Digital,Partner Referral,Nurture,50,,,,2022-02-12T00:00:00
7863,Christopher,Lee,christopher.lee7863@innovateco.com,InnovateCo,Social Media,Working,11,,,,2021-07-13T00:00:00
7864,Barbara,Gonzalez,barbara.gonzalez7864@rapidcloud.com,RapidCloud,Outbound - Cold,Converted,60,1547,451,2024-12-11,2024-10-23T00:00:00
7865,Mary,Miller,mary.miller7865@vertexai.com,VertexAI,Inbound - Webinar,Nurture,12,,,,2023-11-13T00:00:00
7866,Susan,Rodriguez,susan.rodriguez7866@quantumlogiclabs.com,QuantumLogic Labs,Inbound - Webinar,SQL,57,,,,2022-03-19T00:00:00
7867,Jennifer,Garcia,jennifer.garcia7867@insightplatforms.com,Insight Platforms,Event,New,26,,,,2022-01-13T00:00:00
7868,Mary,Jackson,mary.jackson7868@scaleupsystems.com,ScaleUp Systems,Social Media,New,12,,,,2020-05-06T00:00:00
7869,Barbara,Jones,barbara.jones,QuantumLogic Labs,Partner Referral,Converted,77,1574,332,2024-06-28,2024-05-20T00:00:00
7870,Mary,Lopez,mary.lopez7870@cloudscalesystems.com,CloudScale Systems,Social Media,Nurture,61,,,,2020-01-21T00:00:00
7871,Susan,Johnson,susan.johnson7871@nexgensolutions.com,NexGen Solutions,Outbound - SDR,Nurture,28,,,,2022-01-30T00:00:00
7872,Elizabeth,Johnson,elizabeth.johnson,TechFlow Inc,Outbound - SDR,MQL,81,,,,2021-07-24T00:00:00
7873,Thomas,Lopez,thomas.lopez7873@techflowinc.com,TechFlow Inc,Paid Search,Disqualified,11,,,,2024-07-03T00:00:00
7874,Robert,Lee,robert.lee7874@rapidcloud.com,RapidCloud,Inbound - Webinar,Working,46,,,,2021-07-25T00:00:00
7875,Charles,Johnson,charles.johnson7875@corestack.com,CoreStack,Outbound - SDR,Working,25,,,,2020-10-24T00:00:00
7876,William,Jackson,william.jackson7876@pulsepointdigital.com,PulsePoint Digital,Inbound - Webinar,Converted,66,3058,366,2024-12-18,2024-11-23T00:00:00
7877,Lisa,Jones,lisa.jones7877@cloudscalesystems.com,CloudScale Systems,Inbound - Content,New,48,,,,2024-07-25T00:00:00
7878,Christopher,Lopez,christopher.lopez7878@primepathdigital.com,PrimePath Digital,Social Media,MQL,94,,,,2022-11-09T00:00:00
7879,Richard,Jackson,richard.jackson7879@primepathdigital.com,PrimePath Digital,Outbound - SDR,MQL,58,,,,2023-01-08T00:00:00
7880,Mary,Moore,mary.moore7880@streamlineanalytics.com,StreamLine Analytics,Outbound - Cold,SQL,50,,,,2020-05-12T00:00:00
7881,Richard,Williams,richard.williams7881@pulsepointdigital.com,PulsePoint Digital,,MQL,97,,,,2024-02-23T00:00:00
7882,Susan,Martinez,susan.martinez7882@truenorthdata.com,TrueNorth Data,Inbound - Webinar,Working,32,,,,2020-01-13T00:00:00
7883,Jennifer,Smith,jennifer.smith7883@quantumlogiclabs.com,QuantumLogic Labs,Event,MQL,93,,,,2022-09-08T00:00:00
7884,Mary,Thomas,mary.thomas7884@futureforge.com,FutureForge,Social Media,New,42,,,,2020-05-09T00:00:00
7885,Linda,Wilson,linda.wilson7885@futureforge.com,FutureForge,Inbound - Webinar,Working,27,,,,2022-07-04T00:00:00
7886,Michael,Lopez,michael.lopez7886@rapidcloud.com,RapidCloud,Partner Referral,New,61,,,,2023-01-19T00:00:00
7887,Elizabeth,Taylor,elizabeth.taylor7887@cybervault.com,CyberVault,Outbound - Cold,Disqualified,16,,,,2024-11-13T00:00:00
7888,David,Thomas,david.thomas7888@corestack.com,CoreStack,Event,SQL,52,,,,2020-02-14T00:00:00
7889,Mary,Jones,mary.jones7889@innovateco.com,InnovateCo,Outbound - Cold,New,57,,,,2022-08-23T00:00:00
7890,Joseph,Smith,joseph.smith7890@pulsepointdigital.com,PulsePoint Digital,Social Media,Nurture,31,,,,2020-03-21T00:00:00
7891,William,Moore,william.moore7891@metasync.com,MetaSync,Paid Search,SQL,73,,,,2021-05-16T00:00:00
7892,Christopher,Williams,christopher.williams7892@rapidcloud.com,RapidCloud,Product-Led,MQL,51,,,,2023-02-19T00:00:00
7893,Linda,Lopez,linda.lopez7893@rapidcloud.com,RapidCloud,Outbound - SDR,Working,31,,,,2022-04-30T00:00:00
7894,Linda,Brown,linda.brown7894@truenorthdata.com,TrueNorth Data,Inbound - Content,Converted,57,4685,580,2021-06-29,2021-06-07T00:00:00
7895,Linda,Martinez,linda.martinez7895@databridgecorp.com,DataBridge Corp,Partner Referral,MQL,97,,,,2020-01-04T00:00:00
7896,John,Garcia,john.garcia,StreamLine Analytics,Outbound - SDR,MQL,91,,,,2024-03-22T00:00:00
7897,Susan,Thomas,susan.thomas7897@cloudscalesystems.com,CloudScale Systems,Inbound - Content,Disqualified,7,,,,2022-03-08T00:00:00
7898,Charles,Davis,charles.davis,VertexAI,Inbound - Web,New,61,,,,2021-04-21T00:00:00
7899,Christopher,Moore,christopher.moore7899@rapidcloud.com,RapidCloud,Product-Led,Nurture,64,,,,2020-06-21T00:00:00
7900,Robert,Rodriguez,robert.rodriguez7900@pulsepointdigital.com,PulsePoint Digital,,New,34,,,,2022-02-20T00:00:00
7901,Michael,Hernandez,michael.hernandez7901@futureforge.com,FutureForge,Product-Led,Converted,84,371,756,2023-10-12,2023-07-29T00:00:00
7902,Charles,Jackson,charles.jackson7902@rapidcloud.com,RapidCloud,,Working,21,,,,2021-12-03T00:00:00
7903,Jessica,Thompson,jessica.thompson7903@cloudscalesystems.com,CloudScale Systems,Event,Converted,-80,4367,313,2024-09-12,2024-07-10T00:00:00
7904,John,Davis,john.davis7904@truenorthdata.com,TrueNorth Data,Inbound - Webinar,Working,14,,,,2024-06-03T00:00:00
7905,Susan,Johnson,susan.johnson7905@scaleupsystems.com,ScaleUp Systems,Outbound - SDR,Working,48,,,,2022-07-03T00:00:00
7906,Richard,Rodriguez,richard.rodriguez7906@metasync.com,MetaSync,Inbound - Content,Converted,57,4356,437,2022-08-27,2022-08-07T00:00:00
7907,Linda,Rodriguez,linda.rodriguez7907@quantumlogiclabs.com,QuantumLogic Labs,Social Media,New,39,,,,2022-03-18T00:00:00
7908,James,Miller,james.miller7908@nexgensolutions.com,NexGen Solutions,Event,Disqualified,28,,,,2022-09-27T00:00:00
7909,Sarah,Anderson,sarah.anderson7909@vertexai.com,VertexAI,Event,SQL,73,,,,2023-04-05T00:00:00
7910,Christopher,Williams,christopher.williams7910@pulsepointdigital.com,PulsePoint Digital,Outbound - SDR,MQL,64,,,,2024-01-28T00:00:00
7911,Susan,Martin,susan.martin7911@pulsepointdigital.com,PulsePoint Digital,Social Media,New,42,,,,2023-10-25T00:00:00
7912,Joseph,Martin,joseph.martin7912@pulsepointdigital.com,PulsePoint Digital,Inbound - Content,Working,67,,,,2023-05-22T00:00:00
7913,William,Williams,william.williams,InnovateCo,Outbound - SDR,Converted,62,2136,518,2021-06-23,2021-04-20T00:00:00
7914,Karen,Miller,karen.miller7914@innovateco.com,InnovateCo,Paid Search,New,32,,,,2020-03-15T00:00:00
7915,Jennifer,Martinez,jennifer.martinez7915@corestack.com,CoreStack,Event,Disqualified,21,,,,2020-06-20T00:00:00
7916,William,Williams,william.williams7916@scaleupsystems.com,ScaleUp Systems,Inbound - Webinar,MQL,99,,,,2023-01-27T00:00:00
7917,Richard,Davis,richard.davis7917@insightplatforms.com,Insight Platforms,Inbound - Web,SQL,94,,,,2022-03-30T00:00:00
7918,William,Smith,william.smith7918@databridgecorp.com,DataBridge Corp,Event,Disqualified,13,,,,2022-11-08T00:00:00
7919,Charles,Williams,charles.williams7919@cloudscalesystems.com,CloudScale Systems,Event,MQL,96,,,,2021-09-29T00:00:00
7920,Elizabeth,Anderson,elizabeth.anderson7920@vertexai.com,VertexAI,Event,Disqualified,15,,,,2022-05-24T00:00:00
7921,Richard,Thompson,richard.thompson7921@streamlineanalytics.com,StreamLine Analytics,Social Media,Disqualified,10,,,,2023-04-16T00:00:00
7922,Thomas,Wilson,thomas.wilson7922@cybervault.com,CyberVault,Outbound - SDR,Converted,98,3828,917,2024-07-18,2024-04-29T00:00:00
7923,David,Martin,david.martin7923@pulsepointdigital.com,PulsePoint Digital,,Converted,75,3589,249,2023-03-04,2022-12-25T00:00:00
7924,Robert,Hernandez,robert.hernandez7924@innovateco.com,InnovateCo,Outbound - SDR,Nurture,34,,,,2022-09-14T00:00:00
7925,Jessica,Gonzalez,jessica.gonzalez7925@streamlineanalytics.com,StreamLine Analytics,Paid Search,Disqualified,-13,,,,2022-08-31T00:00:00
7926,Michael,Johnson,michael.johnson7926@brightwavetech.com,BrightWave Tech,Inbound - Content,Nurture,40,,,,2021-09-09T00:00:00
7927,Joseph,Gonzalez,joseph.gonzalez,Agile Dynamics,,Converted,99,1906,319,2024-10-12,2024-09-29T00:00:00
7928,Linda,Jones,linda.jones7928@rapidcloud.com,RapidCloud,Inbound - Content,MQL,64,,,,2021-02-07T00:00:00
7929,David,Thomas,david.thomas7929@techflowinc.com,TechFlow Inc,Partner Referral,MQL,65,,,,2020-11-13T00:00:00
7930,Linda,Taylor,linda.taylor7930@cloudscalesystems.com,CloudScale Systems,Inbound - Webinar,Working,10,,,,2023-12-01T00:00:00
7931,William,Jones,william.jones7931@pulsepointdigital.com,PulsePoint Digital,Partner Referral,Working,47,,,,2021-05-04T00:00:00
7932,Jessica,Jackson,jessica.jackson7932@techflowinc.com,TechFlow Inc,Social Media,Disqualified,6,,,,2023-10-26T00:00:00
7933,Mary,Anderson,mary.anderson7933@corestack.com,CoreStack,Inbound - Content,SQL,63,,,,2022-05-13T00:00:00
7934,Sarah,Davis,sarah.davis7934@techflowinc.com,TechFlow Inc,Outbound - Cold,SQL,70,,,,2024-10-25T00:00:00
7935,Robert,Anderson,robert.anderson,Agile Dynamics,Inbound - Content,Converted,58,2714,584,2022-12-31,2022-11-01T00:00:00
7936,Karen,Rodriguez,karen.rodriguez7936@insightplatforms.com,Insight Platforms,Event,Working,45,,,,2023-01-17T00:00:00
7937,Linda,Taylor,linda.taylor7937@vertexai.com,VertexAI,Partner Referral,Converted,52,3059,224,2024-09-26,2024-07-30T00:00:00
7938,Karen,Lee,karen.lee7938@futureforge.com,FutureForge,Product-Led,Disqualified,12,,,,2021-10-09T00:00:00
7939,William,Martin,william.martin7939@futureforge.com,FutureForge,,MQL,88,,,,2024-03-30T00:00:00
7940,Joseph,Jones,joseph.jones7940@cloudscalesystems.com,CloudScale Systems,Paid Search,Converted,91,4735,587,2024-02-14,2024-01-12T00:00:00
7941,Joseph,Hernandez,joseph.hernandez,DataBridge Corp,Partner Referral,New,46,,,,2020-09-28T00:00:00
7942,Susan,Johnson,susan.johnson7942@databridgecorp.com,DataBridge Corp,Inbound - Webinar,Disqualified,20,,,,2020-12-15T00:00:00
7943,Elizabeth,Garcia,elizabeth.garcia7943@pulsepointdigital.com,PulsePoint Digital,Outbound - Cold,MQL,78,,,,2020-07-23T00:00:00
7944,William,Anderson,william.anderson7944@insightplatforms.com,Insight Platforms,Partner Referral,Converted,60,2183,837,2024-08-04,2024-06-17T00:00:00
7945,William,Williams,william.williams,Agile Dynamics,Inbound - Webinar,Nurture,68,,,,2020-05-08T00:00:00
7946,Nancy,Brown,nancy.brown7946@nexgensolutions.com,NexGen Solutions,Outbound - Cold,Nurture,60,,,,2023-02-13T00:00:00
7947,Richard,Lee,richard.lee7947@metasync.com,MetaSync,Partner Referral,MQL,61,,,,2021-02-03T00:00:00
7948,Susan,Thompson,susan.thompson7948@cybervault.com,CyberVault,Event,Working,42,,,,2020-02-01T00:00:00
7949,James,Taylor,james.taylor7949@rapidcloud.com,RapidCloud,Partner Referral,Converted,56,499,698,2024-07-27,2024-06-29T00:00:00
7950,Susan,Thomas,susan.thomas7950@insightplatforms.com,Insight Platforms,Paid Search,Disqualified,4,,,,2021-03-07T00:00:00
7951,Susan,Jones,susan.jones7951@techflowinc.com,TechFlow Inc,Inbound - Webinar,Disqualified,1,,,,2024-12-12T00:00:00
7952,Lisa,Anderson,lisa.anderson7952@cybervault.com,CyberVault,Event,New,46,,,,2023-07-06T00:00:00
7953,Susan,Lopez,susan.lopez7953@metasync.com,MetaSync,Outbound - Cold,MQL,74,,,,2022-01-05T00:00:00
7954,James,Thomas,james.thomas7954@futureforge.com,FutureForge,Outbound - SDR,Working,54,,,,2021-09-17T00:00:00
7955,Karen,Wilson,karen.wilson7955@primepathdigital.com,PrimePath Digital,Paid Search,Nurture,26,,,,2024-01-25T00:00:00
7956,James,Martin,james.martin7956@techflowinc.com,TechFlow Inc,Product-Led,MQL,54,,,,2024-02-23T00:00:00
7957,Richard,Taylor,richard.taylor,StreamLine Analytics,,Converted,67,2715,5,2024-02-01,2023-12-03T00:00:00
7958,William,Gonzalez,william.gonzalez7958@pulsepointdigital.com,PulsePoint Digital,Paid Search,Converted,99,2139,408,2023-04-20,2023-03-17T00:00:00
7959,Susan,Johnson,susan.johnson7959@streamlineanalytics.com,StreamLine Analytics,Inbound - Web,Converted,86,4585,762,2022-09-23,2022-09-18T00:00:00
7960,Thomas,Williams,thomas.williams7960@nexgensolutions.com,NexGen Solutions,Outbound - Cold,MQL,58,,,,2020-12-24T00:00:00
7961,Michael,Davis,michael.davis7961@techflowinc.com,TechFlow Inc,Inbound - Webinar,Converted,56,3895,93,2023-07-31,2023-06-24T00:00:00
7962,Christopher,Davis,christopher.davis7962@databridgecorp.com,DataBridge Corp,Paid Search,MQL,-76,,,,2023-05-04T00:00:00
7963,Charles,Rodriguez,charles.rodriguez7963@truenorthdata.com,TrueNorth Data,Event,Working,32,,,,2022-11-04T00:00:00
7964,Elizabeth,Brown,elizabeth.brown7964@futureforge.com,FutureForge,Outbound - Cold,Disqualified,18,,,,2021-05-26T00:00:00
7965,David,Wilson,david.wilson7965@primepathdigital.com,PrimePath Digital,Social Media,SQL,65,,,,2021-07-01T00:00:00
7966,Lisa,Jackson,lisa.jackson7966@insightplatforms.com,Insight Platforms,Inbound - Content,Working,35,,,,2022-09-19T00:00:00
7967,William,Smith,william.smith7967@corestack.com,CoreStack,Partner Referral,Disqualified,1,,,,2022-01-07T00:00:00
7968,Jennifer,Smith,jennifer.smith7968@metasync.com,MetaSync,Product-Led,MQL,92,,,,2023-12-04T00:00:00
7969,Richard,Lopez,richard.lopez7969@cloudscalesystems.com,CloudScale Systems,Product-Led,MQL,63,,,,2021-08-20T00:00:00
7970,Joseph,Smith,joseph.smith7970@futureforge.com,FutureForge,Inbound - Webinar,Converted,50,284,243,2021-02-06,2020-11-15T00:00:00
7971,Christopher,Martin,christopher.martin7971@metasync.com,MetaSync,Outbound - SDR,Nurture,58,,,,2022-09-07T00:00:00
7972,William,Garcia,william.garcia7972@quantumlogiclabs.com,QuantumLogic Labs,Social Media,New,49,,,,2021-04-27T00:00:00
7973,Karen,Smith,karen.smith7973@vertexai.com,VertexAI,Inbound - Content,Disqualified,14,,,,2024-07-31T00:00:00
7974,John,Davis,john.davis7974@nexgensolutions.com,NexGen Solutions,Outbound - SDR,New,36,,,,2022-10-11T00:00:00
7975,Christopher,Lee,christopher.lee7975@innovateco.com,InnovateCo,Social Media,New,21,,,,2020-12-05T00:00:00
7976,William,Martinez,william.martinez7976@quantumlogiclabs.com,QuantumLogic Labs,Outbound - SDR,SQL,65,,,,2022-07-22T00:00:00
7977,Barbara,Lopez,barbara.lopez7977@vertexai.com,VertexAI,Inbound - Web,Disqualified,8,,,,2023-01-17T00:00:00
7978,Christopher,Moore,christopher.moore7978@quantumlogiclabs.com,QuantumLogic Labs,Partner Referral,MQL,83,,,,2021-01-30T00:00:00
7979,Sarah,Brown,sarah.brown7979@insightplatforms.com,Insight Platforms,Product-Led,Working,38,,,,2021-06-19T00:00:00
7980,Jessica,Anderson,jessica.anderson7980@cloudscalesystems.com,CloudScale Systems,Product-Led,Converted,90,3122,947,2024-09-02,2024-07-17T00:00:00
7981,Thomas,Smith,thomas.smith7981@pulsepointdigital.com,PulsePoint Digital,Inbound - Web,Disqualified,26,,,,2021-02-01T00:00:00
7982,Sarah,Davis,sarah.davis7982@metasync.com,MetaSync,Inbound - Content,Working,43,,,,2024-03-27T00:00:00
7983,James,Jones,james.jones7983@corestack.com,CoreStack,Partner Referral,Converted,66,4990,438,2023-07-28,2023-06-28T00:00:00
7984,Mary,Thomas,mary.thomas7984@databridgecorp.com,DataBridge Corp,Inbound - Web,Nurture,42,,,,2021-09-27T00:00:00
7985,Charles,Lee,charles.lee7985@pulsepointdigital.com,PulsePoint Digital,Inbound - Content,Nurture,33,,,,2022-05-08T00:00:00
7986,Mary,Wilson,mary.wilson7986@primepathdigital.com,PrimePath Digital,Paid Search,New,49,,,,2023-10-11T00:00:00
7987,David,Smith,david.smith7987@vertexai.com,VertexAI,Product-Led,New,68,,,,2022-07-10T00:00:00
7988,Lisa,Jones,lisa.jones7988@vertexai.com,VertexAI,Event,Working,23,,,,2023-09-14T00:00:00
7989,Elizabeth,Brown,elizabeth.brown7989@techflowinc.com,TechFlow Inc,Outbound - SDR,Disqualified,4,,,,2020-12-31T00:00:00
7990,Mary,Rodriguez,mary.rodriguez7990@corestack.com,CoreStack,Inbound - Webinar,Working,67,,,,2024-07-06T00:00:00
7991,David,Thomas,david.thomas7991@innovateco.com,InnovateCo,Inbound - Webinar,New,37,,,,2021-05-23T00:00:00
7992,Joseph,Jackson,joseph.jackson7992@quantumlogiclabs.com,QuantumLogic Labs,Outbound - SDR,New,65,,,,2020-02-14T00:00:00
7993,Sarah,Thompson,sarah.thompson7993@cloudscalesystems.com,CloudScale Systems,Inbound - Webinar,New,59,,,,2022-05-20T00:00:00
7994,Charles,Thomas,charles.thomas7994@futureforge.com,FutureForge,Paid Search,Nurture,60,,,,2020-06-07T00:00:00
7995,William,Smith,william.smith7995@cybervault.com,CyberVault,Social Media,Disqualified,17,,,,2022-08-16T00:00:00
7996,Karen,Williams,karen.williams7996@nexgensolutions.com,NexGen Solutions,Product-Led,Working,51,,,,2023-02-02T00:00:00
7997,David,Gonzalez,david.gonzalez,CoreStack,Product-Led,Converted,57,2915,523,2024-07-09,2024-05-08T00:00:00
7998,John,Thompson,john.thompson7998@quantumlogiclabs.com,QuantumLogic Labs,Product-Led,Working,47,,,,2023-03-02T00:00:00
7999,James,Garcia,james.garcia7999@vertexai.com,VertexAI,Inbound - Webinar,Converted,80,2518,577,2023-12-27,2023-10-10T00:00:00
8000,Jessica,Wilson,jessica.wilson8000@techflowinc.com,TechFlow Inc,Outbound - SDR,Working,33,,,,2023-12-24T00:00:00
