opp_id,account_id,owner_id,name,stage,amount,close_date,created_date,lead_source,forecast_category,is_won,is_closed,competitor,loss_reason,days_in_stage,next_step,opportunity_type,created_at
1,140,7,Nova Services - New Business,Qualification,16386,2025-04-04,2024-12-20,,Best Case,False,False,CompetitorD,,4,Executive alignment,New Business,2024-12-20T00:00:00
2,142,15,Velocity Enterprises - Initial License,Discovery,13194,2025-09-21,2024-12-31,Event,Pipeline,False,False,,,16,Reference call,New Business,2024-12-31T00:00:00
3,247,16,Acme Enterprises - New Business,Prospecting,25162,2025-03-17,2024-09-06,Product-Led,Pipeline,False,False,CompetitorC,,63,Legal review,New Business,2024-09-06T00:00:00
4,750,2,Vanguard Systems - Initial License,Closed Lost,10035,2024-09-06,2024-05-07,Partner Referral,Omitted,False,True,,Lost to Status Quo,21,,New Business,2024-05-07T00:00:00
5,139,11,Optima Partners - New Business,Proposal,43348,2025-06-07,2024-12-21,,Best Case,False,False,CompetitorD,,8,Legal review,New Business,2024-12-21T00:00:00
6,591,10,Zenith Systems - Platform Deal,Closed Won,30940,2024-12-31,2024-12-07,Inbound - Content,Closed,True,True,,,49,,New Business,2024-12-07T00:00:00
7,390,1,Quantum Group - New Business,Proposal,73407,2024-05-30,2024-01-26,Product-Led,Best Case,False,False,CompetitorB,,20,Executive alignment,New Business,2024-01-26T00:00:00
8,921,14,Global Labs - Platform Deal,Qualification,28644,2025-03-28,2024-10-27,Product-Led,Best Case,False,False,CompetitorE,,21,,New Business,2024-10-27T00:00:00
9,474,7,Elevate Partners - New Business,Discovery,532853,2021-06-29,2020-12-05,Inbound - Web,Pipeline,False,False,CompetitorD,,29,Technical review,New Business,2020-12-05T00:00:00
10,278,8,Optima Dynamics - Platform Deal,Closed Lost,30390,2022-12-26,2022-09-23,Partner Referral,Omitted,False,True,CompetitorB,Champion Left,21,,New Business,2022-09-23T00:00:00
11,974,2,Zenith Digital - New Business,Discovery,78151,2024-03-21,2023-12-28,Partner Referral,Pipeline,False,False,,,19,,New Business,2023-12-28T00:00:00
12,874,6,Atlas Group - Platform Deal,Closed Lost,36221,2023-10-14,2023-11-10,Inbound - Web,Omitted,False,True,CompetitorA,Champion Left,38,,New Business,2023-11-10T00:00:00
13,523,14,Atlas Platforms - New Business,Prospecting,85155,2025-04-08,2024-11-13,Event,Pipeline,False,False,CompetitorA,,62,POC setup,New Business,2024-11-13T00:00:00
14,655,4,Zenith Analytics - New Business,Negotiation,53847,2025-05-06,2024-12-21,Product-Led,Commit,False,False,,,20,Legal review,New Business,2024-12-21T00:00:00
15,853,1,Zenith Dynamics - New Business,Qualification,212344,2025-04-30,2024-08-12,Webinar,Best Case,False,False,,,23,Send proposal,New Business,2024-08-12T00:00:00
16,826,9,Atlas Analytics - Platform Deal,Qualification,34796,2024-06-16,2024-03-25,Outbound - SDR,Best Case,False,False,,,60,Technical review,New Business,2024-03-25T00:00:00
17,479,4,Summit Enterprises - New Business,Discovery,6326,2024-04-21,2023-10-04,Partner Referral,Pipeline,False,False,CompetitorD,,23,POC setup,New Business,2023-10-04T00:00:00
18,424,3,Optima Technologies - New Business,Proposal,56364,2025-02-10,2024-06-02,Webinar,Best Case,False,False,,,39,Reference call,New Business,2024-06-02T00:00:00
19,459,1,Vanguard Dynamics - New Business,Prospecting,1050383,2022-04-28,2021-08-16,Outbound - AE,Pipeline,False,False,,,42,Legal review,New Business,2021-08-16T00:00:00
20,864,9,Acme Group - Platform Deal,Closed Lost,40497,2024-10-27,2024-08-11,Outbound - SDR,Omitted,False,True,Open Source Alternative,No Decision,22,,New Business,2024-08-11T00:00:00
21,671,7,Optima Holdings - New Business,Qualification,145028,2023-10-21,2023-04-10,Product-Led,Best Case,False,False,CompetitorC,,38,POC setup,New Business,2023-04-10T00:00:00
22,773,11,Fusion Partners - Platform Deal,Discovery,72530,2025-04-12,2024-11-10,Outbound - AE,Pipeline,False,False,CompetitorA,,41,Contract signing,New Business,2024-11-10T00:00:00
23,540,8,Elevate Platforms - New Business,Closed Lost,62146,2020-09-07,2020-10-06,Outbound - SDR,Omitted,False,True,,No Decision,59,,New Business,2020-10-06T00:00:00
24,10,12,Elevate Analytics - Initial License,Closed Won,22584,2023-02-11,2022-09-02,Webinar,Closed,True,True,CompetitorB,,36,,New Business,2022-09-02T00:00:00
25,890,13,Zenith Software - Initial License,Closed Lost,13110,2024-12-31,2024-07-01,Event,Omitted,False,True,CompetitorB,Feature Gap,57,,New Business,2024-07-01T00:00:00
26,968,2,Horizon Inc - Platform Deal,Proposal,21846,2022-06-26,2021-11-14,Inbound - Content,Best Case,False,False,CompetitorC,,18,POC setup,New Business,2021-11-14T00:00:00
27,366,16,Pinnacle Technologies - Platform Deal,Closed Lost,7302,2024-12-31,2024-10-18,Partner Referral,Omitted,False,True,,Champion Left,14,,New Business,2024-10-18T00:00:00
28,905,16,Nova Digital - New Business,Closed Lost,9109,2024-12-31,2024-10-22,Inbound - Content,Omitted,False,True,CompetitorB,Feature Gap,28,,New Business,2024-10-22T00:00:00
29,943,15,Atlas Group - New Business,Closed Lost,24329,2024-12-31,2024-12-04,Partner Referral,Omitted,False,True,,Timing,1,,New Business,2024-12-04T00:00:00
1,306,6,Global Inc - New Business,Prospecting,72567,2024-03-11,2024-01-06,,Pipeline,False,False,CompetitorA,,29,Send proposal,New Business,2024-01-06T00:00:00
31,478,1,Vertex Digital - Initial License,Negotiation,32958,2025-08-09,2024-12-08,Outbound - SDR,Commit,False,False,,,26,Send proposal,New Business,2024-12-08T00:00:00
32,266,15,Acme Enterprises - Platform Deal,Discovery,63128,2024-12-17,2024-10-21,Event,Pipeline,False,False,CompetitorB,,43,POC setup,New Business,2024-10-21T00:00:00
33,78,14,Apex Inc - New Business,Closed Won,32434,2023-03-23,2022-10-22,Event,Closed,True,True,CompetitorC,,6,,New Business,2022-10-22T00:00:00
34,420,8,Synergy Group - New Business,Qualification,8593,2025-08-25,2024-12-30,Inbound - Content,Best Case,False,False,CompetitorD,,38,,New Business,2024-12-30T00:00:00
35,802,2,Atlas Corp - Platform Deal,Prospecting,44260,2024-08-01,2023-12-24,Outbound - AE,Pipeline,False,False,,,43,Technical review,New Business,2023-12-24T00:00:00
36,468,4,Optima Networks - Platform Deal,Prospecting,21765,2022-03-26,2021-11-14,Outbound - SDR,Pipeline,False,False,CompetitorB,,42,Executive alignment,New Business,2021-11-14T00:00:00
37,586,16,Catalyst Services - New Business,Prospecting,127671,2025-05-21,2024-09-09,Product-Led,Pipeline,False,False,CompetitorE,,10,Contract signing,New Business,2024-09-09T00:00:00
38,500,9,Catalyst Holdings - Initial License,Closed Lost,27140,2024-12-24,2024-06-09,Webinar,Omitted,False,True,CompetitorB,Competitor,39,,New Business,2024-06-09T00:00:00
39,758,6,Zenith Group - Initial License,Qualification,19244,2022-10-19,2022-09-01,Outbound - SDR,Best Case,False,False,CompetitorD,,14,Legal review,New Business,2022-09-01T00:00:00
40,479,6,Summit Enterprises - Initial License,Qualification,45218,2024-07-12,2024-03-29,Product-Led,Best Case,False,False,CompetitorB,,48,Executive alignment,New Business,2024-03-29T00:00:00
41,653,11,Apex Partners - Initial License,Proposal,116878,2023-09-26,2023-02-02,Product-Led,Best Case,False,False,CompetitorA,,38,Executive alignment,New Business,2023-02-02T00:00:00
42,374,9,Optima Networks - Initial License,Discovery,106294,2023-10-26,2023-05-31,Inbound - Web,Pipeline,False,False,CompetitorE,,6,Send proposal,New Business,2023-05-31T00:00:00
43,101,14,Global Dynamics - Platform Deal,Prospecting,13102,2024-12-15,2024-11-07,Outbound - SDR,Pipeline,False,False,CompetitorA,,28,POC setup,New Business,2024-11-07T00:00:00
44,547,14,Optima Platforms - Platform Deal,Closed Lost,49088,2020-12-16,2020-11-19,Webinar,Omitted,False,True,,Budget Cut,60,,New Business,2020-11-19T00:00:00
45,202,7,Global Digital - New Business,Prospecting,165176,2024-09-13,2024-04-23,Outbound - AE,Pipeline,False,False,CompetitorB,,39,Legal review,New Business,2024-04-23T00:00:00
46,125,3,Acme Corp - Platform Deal,Qualification,215862,2025-02-24,2024-07-18,Product-Led,Best Case,False,False,,,23,Reference call,New Business,2024-07-18T00:00:00
47,638,2,Vanguard Solutions - Platform Deal,Closed Lost,209708,2024-03-30,2024-03-09,Webinar,Omitted,False,True,,No Decision,29,,New Business,2024-03-09T00:00:00
48,219,6,Fusion Platforms - New Business,Qualification,113809,2022-06-15,2022-05-03,Inbound - Content,Best Case,False,False,CompetitorC,,33,POC setup,New Business,2022-05-03T00:00:00
49,488,1,Pinnacle Inc - New Business,Prospecting,13541,2024-09-05,2024-07-09,Inbound - Web,Pipeline,False,False,,,2,Contract signing,New Business,2024-07-09T00:00:00
50,111,1,Nova Holdings - Initial License,Proposal,248862,2025-03-18,2024-10-03,Outbound - SDR,Best Case,False,False,CompetitorC,,20,Technical review,New Business,2024-10-03T00:00:00
1,367,13,Summit Enterprises - Platform Deal,Negotiation,49858,2024-05-26,2024-01-20,Partner Referral,Commit,False,False,,,29,Executive alignment,New Business,2024-01-20T00:00:00
52,802,9,Atlas Corp - Platform Deal,Qualification,40999,2024-05-20,2024-04-03,Event,Best Case,False,False,CompetitorC,,56,Executive alignment,New Business,2024-04-03T00:00:00
53,342,6,Optima Dynamics - Initial License,Proposal,12919,2023-01-05,2022-10-12,Event,Best Case,False,False,,,47,,New Business,2022-10-12T00:00:00
54,501,4,Acme Digital - New Business,Discovery,8569,2021-12-22,2021-06-09,Product-Led,Pipeline,False,False,,,21,Technical review,New Business,2021-06-09T00:00:00
55,238,14,Velocity Holdings - New Business,Proposal,32381,2025-04-12,2024-10-05,Inbound - Web,Best Case,False,False,Open Source Alternative,,17,Send proposal,New Business,2024-10-05T00:00:00
56,34,6,Nova Networks - Initial License,Qualification,170175,2024-08-23,2024-05-19,Product-Led,Best Case,False,False,CompetitorD,,20,,New Business,2024-05-19T00:00:00
57,565,8,Horizon Holdings - Initial License,Prospecting,12183,2024-11-05,2024-09-23,Partner Referral,Pipeline,False,False,CompetitorE,,31,Legal review,New Business,2024-09-23T00:00:00
58,216,8,Optima Labs - New Business,Discovery,,2023-07-14,2023-05-13,Event,Pipeline,False,False,CompetitorC,,44,Technical review,New Business,2023-05-13T00:00:00
59,52,1,Vertex Analytics - Initial License,Discovery,21921,2025-06-26,2024-11-09,Partner Referral,Pipeline,False,False,,,12,Legal review,New Business,2024-11-09T00:00:00
60,211,10,Synergy Services - New Business,Closed Lost,44160,2024-11-14,2024-09-22,Product-Led,Omitted,False,True,CompetitorA,No Decision,32,,New Business,2024-09-22T00:00:00
8,431,12,Elevate Labs - Initial License,Closed Lost,154969,2024-12-31,2024-10-15,Partner Referral,Omitted,False,True,CompetitorD,Feature Gap,34,,New Business,2024-10-15T00:00:00
62,371,8,Quantum Inc - Platform Deal,Prospecting,104581,2024-12-17,2024-10-17,Inbound - Web,Pipeline,False,False,Open Source Alternative,,22,,New Business,2024-10-17T00:00:00
63,479,4,Summit Enterprises - Platform Deal,Proposal,23268,2024-05-19,2023-12-11,Product-Led,Best Case,False,False,CompetitorE,,23,,New Business,2023-12-11T00:00:00
64,255,7,Nexus Technologies - Platform Deal,Qualification,365642,2021-04-05,2020-11-22,Product-Led,Best Case,False,False,CompetitorB,,30,POC setup,New Business,2020-11-22T00:00:00
65,456,2,Horizon Labs - Initial License,Proposal,27810,2024-06-30,2024-02-27,Outbound - AE,Best Case,False,False,CompetitorC,,22,Schedule demo,New Business,2024-02-27T00:00:00
66,944,16,Acme Networks - Initial License,Discovery,52273,2024-12-18,2024-09-10,Outbound - AE,Pipeline,False,False,CompetitorC,,11,Contract signing,New Business,2024-09-10T00:00:00
67,696,4,Vanguard Group - Initial License,Proposal,396498,2024-02-02,2023-10-23,Partner Referral,Best Case,False,False,,,23,Executive alignment,New Business,2023-10-23T00:00:00
68,111,2,Nova Holdings - New Business,Prospecting,214956,2025-03-15,2024-10-23,Inbound - Web,Pipeline,False,False,CompetitorC,,7,Executive alignment,New Business,2024-10-23T00:00:00
2,170,2,Nova Analytics - Initial License,Closed Lost,989311,2024-05-31,2024-03-18,Event,Omitted,False,True,CompetitorD,Competitor,29,,New Business,2024-03-18T00:00:00
70,307,16,Summit Software - Initial License,Prospecting,31489,2025-06-08,2024-12-06,Partner Referral,Pipeline,False,False,CompetitorA,,51,POC setup,New Business,2024-12-06T00:00:00
71,159,7,Horizon Analytics - Platform Deal,Negotiation,33794,2024-01-10,2023-04-19,Inbound - Content,Commit,False,False,CompetitorC,,55,Contract signing,New Business,2023-04-19T00:00:00
72,854,10,Pinnacle Systems - Platform Deal,Closed Lost,44434,2021-07-15,2021-02-04,Inbound - Web,Omitted,False,True,,Feature Gap,19,,New Business,2021-02-04T00:00:00
73,780,13,Fusion Dynamics - Platform Deal,Closed Lost,923986,2024-12-31,2024-09-06,Outbound - AE,Omitted,False,True,CompetitorA,Timing,43,,New Business,2024-09-06T00:00:00
74,279,12,Velocity Holdings - Platform Deal,Proposal,34802,2024-10-24,2024-09-01,Outbound - SDR,Best Case,False,False,CompetitorA,,32,Executive alignment,New Business,2024-09-01T00:00:00
75,933,6,Nova Technologies - Initial License,Closed Lost,58982,2024-10-25,2024-08-10,Inbound - Content,Omitted,False,True,,Lost to Status Quo,7,,New Business,2024-08-10T00:00:00
76,615,9,Pacific Inc - Platform Deal,Prospecting,24098,2025-05-01,2024-12-07,Outbound - SDR,Pipeline,False,False,CompetitorD,,16,POC setup,New Business,2024-12-07T00:00:00
77,714,13,Zenith Technologies - Initial License,Negotiation,33965,2025-01-08,2024-05-12,Webinar,Commit,False,False,,,44,,New Business,2024-05-12T00:00:00
78,786,16,Catalyst Corp - New Business,Closed Won,172276,2024-06-29,2024-04-24,Webinar,Closed,True,True,CompetitorE,,21,,New Business,2024-04-24T00:00:00
79,516,9,Horizon Analytics - New Business,Prospecting,48924,2024-10-11,2024-07-01,Inbound - Web,Pipeline,False,False,,,69,Schedule demo,New Business,2024-07-01T00:00:00
80,57,14,Acme Technologies - Initial License,Closed Lost,605810,2021-09-24,2021-05-06,Outbound - SDR,Omitted,False,True,,No Decision,64,,New Business,2021-05-06T00:00:00
9,636,11,Apex Technologies - Initial License,Closed Lost,1001726,2024-09-08,2024-05-18,Event,Omitted,False,True,CompetitorB,Champion Left,23,,New Business,2024-05-18T00:00:00
82,761,16,Zenith Enterprises - Platform Deal,Discovery,13853,2025-05-15,2024-12-23,Inbound - Content,Pipeline,False,False,CompetitorA,,52,Executive alignment,New Business,2024-12-23T00:00:00
83,293,9,Velocity Systems - Platform Deal,Negotiation,154399,2025-01-26,2024-12-01,Inbound - Content,Commit,False,False,CompetitorA,,64,Reference call,New Business,2024-12-01T00:00:00
84,599,6,Nexus Solutions - Platform Deal,Discovery,945042,2022-05-15,2021-11-13,Partner Referral,Pipeline,False,False,CompetitorE,,17,Legal review,New Business,2021-11-13T00:00:00
85,414,5,Quantum Systems - Initial License,Qualification,22357,2022-02-03,2022-01-01,Outbound - SDR,Best Case,False,False,CompetitorE,,31,Executive alignment,New Business,2022-01-01T00:00:00
86,985,15,Vanguard Dynamics - Initial License,Proposal,56016,2025-02-02,2024-12-05,Inbound - Web,Best Case,False,False,CompetitorD,,25,Executive alignment,New Business,2024-12-05T00:00:00
87,506,10,Catalyst Holdings - Platform Deal,Proposal,18633,2021-08-09,2021-07-09,Inbound - Content,Best Case,False,False,CompetitorC,,57,Executive alignment,New Business,2021-07-09T00:00:00
88,59,15,Atlas Labs - Platform Deal,Qualification,22770,2024-09-10,2024-05-08,Outbound - AE,Best Case,False,False,CompetitorC,,25,Schedule demo,New Business,2024-05-08T00:00:00
89,628,14,Nova Analytics - Platform Deal,Proposal,,2022-12-01,2022-10-18,Event,Best Case,False,False,CompetitorB,,5,Contract signing,New Business,2022-10-18T00:00:00
90,599,14,Nexus Solutions - New Business,Closed Lost,750901,2022-12-26,2022-12-08,Event,Omitted,False,True,,Champion Left,58,,New Business,2022-12-08T00:00:00
91,708,16,Atlas Holdings - Initial License,Proposal,74971,2025-09-14,2024-12-28,Inbound - Content,Best Case,False,False,,,50,Technical review,New Business,2024-12-28T00:00:00
92,637,14,Nova Solutions - Initial License,Discovery,156399,2022-10-06,2022-01-26,Webinar,Pipeline,False,False,CompetitorA,,38,Executive alignment,New Business,2022-01-26T00:00:00
93,325,9,Optima Services - Platform Deal,Proposal,8065,2025-05-29,2024-12-03,Product-Led,Best Case,False,False,CompetitorB,,13,Send proposal,New Business,2024-12-03T00:00:00
94,638,15,Vanguard Solutions - Initial License,Closed Lost,107832,2024-10-20,2024-08-21,Outbound - SDR,Omitted,False,True,CompetitorB,Budget Cut,47,,New Business,2024-08-21T00:00:00
95,224,1,Velocity Inc - New Business,Closed Lost,26338,2024-12-31,2024-10-17,Outbound - SDR,Omitted,False,True,CompetitorC,Budget Cut,39,,New Business,2024-10-17T00:00:00
96,810,1,Velocity Analytics - Platform Deal,Closed Lost,70923,2023-04-16,2023-03-21,Event,Omitted,False,True,,No Decision,24,,New Business,2023-03-21T00:00:00
97,980,13,Summit Technologies - Platform Deal,Discovery,13450,2023-04-19,2023-03-03,Partner Referral,Pipeline,False,False,CompetitorA,,60,Send proposal,New Business,2023-03-03T00:00:00
98,590,2,Nova Services - New Business,Proposal,12538,2025-05-22,2024-12-13,Inbound - Web,Best Case,False,False,CompetitorC,,33,Send proposal,New Business,2024-12-13T00:00:00
99,922,9,Acme Corp - Platform Deal,Closed Won,159125,2024-06-06,2024-02-04,Partner Referral,Closed,True,True,CompetitorA,,7,,New Business,2024-02-04T00:00:00
100,284,3,Global Dynamics - New Business,Closed Lost,13330,2024-12-26,2024-09-15,Inbound - Content,Omitted,False,True,CompetitorA,Feature Gap,37,,New Business,2024-09-15T00:00:00
101,396,12,Synergy Inc - Platform Deal,Discovery,31404,2021-02-04,2020-09-18,Event,Pipeline,False,False,CompetitorA,,10,Executive alignment,New Business,2020-09-18T00:00:00
102,273,10,Pacific Holdings - New Business,Discovery,34916,2024-11-23,2024-05-01,Outbound - AE,Pipeline,False,False,,,18,Technical review,New Business,2024-05-01T00:00:00
103,20,5,Optima Digital - New Business,Discovery,131446,2024-01-21,2023-12-04,Outbound - AE,Pipeline,False,False,CompetitorB,,39,Legal review,New Business,2023-12-04T00:00:00
104,725,4,Vanguard Enterprises - Initial License,Closed Lost,42063,2024-12-31,2024-11-19,Product-Led,Omitted,False,True,CompetitorA,Price,38,,New Business,2024-11-19T00:00:00
105,461,1,Global Networks - Initial License,Qualification,773427,2024-04-21,2023-08-19,Product-Led,Best Case,False,False,CompetitorD,,8,Executive alignment,New Business,2023-08-19T00:00:00
106,43,11,Summit Inc - New Business,Prospecting,18631,2022-12-08,2022-06-02,Inbound - Content,Pipeline,False,False,CompetitorE,,50,Send proposal,New Business,2022-06-02T00:00:00
107,530,14,Horizon Technologies - Initial License,Prospecting,15083,2024-08-11,2023-11-21,Product-Led,Pipeline,False,False,CompetitorA,,6,,New Business,2023-11-21T00:00:00
108,874,7,Atlas Group - Platform Deal,Negotiation,25347,2025-06-21,2024-09-28,Outbound - AE,Commit,False,False,,,35,,New Business,2024-09-28T00:00:00
109,460,7,Velocity Networks - Initial License,Proposal,89202,2025-04-10,2024-11-08,Inbound - Web,Best Case,False,False,Open Source Alternative,,54,Send proposal,New Business,2024-11-08T00:00:00
110,244,3,Horizon Software - New Business,Qualification,163478,2022-11-02,2022-04-20,Product-Led,Best Case,False,False,,,2,Contract signing,New Business,2022-04-20T00:00:00
111,522,8,Nexus Platforms - Initial License,Closed Lost,78829,2024-12-31,2024-10-05,Inbound - Content,Omitted,False,True,CompetitorB,No Decision,3,,New Business,2024-10-05T00:00:00
112,670,15,Quantum Dynamics - Platform Deal,Qualification,8383,2025-01-08,2024-10-24,Webinar,Best Case,False,False,CompetitorB,,23,Technical review,New Business,2024-10-24T00:00:00
113,49,12,Global Holdings - Initial License,Prospecting,98820,2025-02-28,2024-11-18,Outbound - AE,Pipeline,False,False,,,53,Legal review,New Business,2024-11-18T00:00:00
114,641,8,Velocity Services - Initial License,Proposal,20565,2022-03-13,2022-02-10,Outbound - SDR,Best Case,False,False,CompetitorA,,8,Reference call,New Business,2022-02-10T00:00:00
115,946,13,Vanguard Group - Platform Deal,Discovery,112644,2024-12-17,2024-05-14,Product-Led,Pipeline,False,False,,,55,,New Business,2024-05-14T00:00:00
116,844,1,Nova Systems - New Business,Discovery,242147,2024-03-05,2023-11-22,Partner Referral,Pipeline,False,False,,,22,POC setup,New Business,2023-11-22T00:00:00
117,474,6,Elevate Partners - New Business,Closed Lost,399167,2021-01-20,2020-11-18,Event,Omitted,False,True,CompetitorA,Budget Cut,49,,New Business,2020-11-18T00:00:00
118,444,9,Catalyst Analytics - New Business,Closed Won,22110,2024-03-26,2023-12-12,Inbound - Web,Closed,True,True,,,41,,New Business,2023-12-12T00:00:00
119,902,14,Fusion Systems - Platform Deal,Closed Lost,27020,2024-06-28,2024-04-08,Inbound - Web,Omitted,False,True,CompetitorD,Budget Cut,31,,New Business,2024-04-08T00:00:00
120,923,15,Apex Platforms - Platform Deal,Qualification,5878,2024-04-01,2023-11-01,Product-Led,Best Case,False,False,CompetitorE,,53,Technical review,New Business,2023-11-01T00:00:00
121,739,1,Velocity Corp - Platform Deal,Closed Won,27577,2024-12-31,2024-10-29,Webinar,Closed,True,True,,,19,,New Business,2024-10-29T00:00:00
122,52,14,Vertex Analytics - Initial License,Proposal,151354,2025-03-06,2024-10-22,Partner Referral,Best Case,False,False,,,54,Executive alignment,New Business,2024-10-22T00:00:00
123,209,15,Vertex Analytics - Platform Deal,Qualification,7744,2025-05-09,2024-09-13,Webinar,Best Case,False,False,,,8,Reference call,New Business,2024-09-13T00:00:00
124,227,3,Vanguard Technologies - New Business,Closed Lost,164970,2023-11-21,2023-10-12,Partner Referral,Omitted,False,True,CompetitorB,Lost to Status Quo,45,,New Business,2023-10-12T00:00:00
125,484,11,Fusion Services - Platform Deal,Closed Lost,,2023-06-18,2023-06-02,Outbound - AE,Omitted,False,True,CompetitorC,Lost to Status Quo,58,,New Business,2023-06-02T00:00:00
126,109,15,Zenith Networks - Platform Deal,Prospecting,63243,2025-02-19,2024-09-02,Webinar,Pipeline,False,False,CompetitorC,,21,Legal review,New Business,2024-09-02T00:00:00
127,729,10,Elevate Corp - Initial License,Prospecting,25206,2024-11-28,2024-04-25,Product-Led,Pipeline,False,False,,,46,POC setup,New Business,2024-04-25T00:00:00
128,28,3,Zenith Solutions - New Business,Negotiation,80840,2025-05-20,2024-12-05,Product-Led,Commit,False,False,CompetitorA,,30,,New Business,2024-12-05T00:00:00
129,496,7,Global Group - New Business,Negotiation,178638,2023-05-10,2023-04-09,Webinar,Commit,False,False,CompetitorB,,36,Reference call,New Business,2023-04-09T00:00:00
54,658,12,Nexus Inc - Platform Deal,Negotiation,103189,2024-03-18,2023-10-12,Partner Referral,Commit,False,False,,,63,Reference call,New Business,2023-10-12T00:00:00
131,301,3,Atlas Partners - Initial License,Qualification,28174,2024-12-02,2024-06-21,Inbound - Web,Best Case,False,False,CompetitorA,,44,Technical review,New Business,2024-06-21T00:00:00
132,1000,16,Catalyst Inc - Initial License,Closed Lost,54541,2024-12-31,2024-10-11,,Omitted,False,True,CompetitorB,Price,21,,New Business,2024-10-11T00:00:00
133,340,4,Synergy Partners - Initial License,Qualification,25483,2024-06-13,2024-04-25,Partner Referral,Best Case,False,False,,,42,Schedule demo,New Business,2024-04-25T00:00:00
134,957,7,Quantum Platforms - New Business,Proposal,107441,2024-03-28,2024-02-25,Event,Best Case,False,False,,,37,Reference call,New Business,2024-02-25T00:00:00
135,963,8,Quantum Systems - New Business,Proposal,51410,2025-07-09,2024-11-06,,Best Case,False,False,,,11,Executive alignment,New Business,2024-11-06T00:00:00
136,438,8,Nova Corp - Initial License,Discovery,288546,2023-08-11,2023-02-18,Webinar,Pipeline,False,False,,,58,Send proposal,New Business,2023-02-18T00:00:00
137,247,9,Acme Enterprises - Initial License,Proposal,31227,2024-07-27,2024-05-27,Outbound - SDR,Best Case,False,False,CompetitorC,,22,Technical review,New Business,2024-05-27T00:00:00
138,639,16,Vertex Systems - New Business,Closed Won,973247,2024-06-01,2024-04-12,Event,Closed,True,True,,,54,,New Business,2024-04-12T00:00:00
139,471,8,Elevate Analytics - New Business,Closed Won,45005,2024-10-08,2024-09-13,Product-Led,Closed,True,True,,,15,,New Business,2024-09-13T00:00:00
140,941,10,Vertex Analytics - Platform Deal,Closed Lost,804920,2024-04-11,2023-11-02,Outbound - AE,Omitted,False,True,CompetitorD,Lost to Status Quo,62,,New Business,2023-11-02T00:00:00
141,894,5,Quantum Software - New Business,Closed Won,5114,2023-12-18,2023-09-07,Inbound - Web,Closed,True,True,,,14,,New Business,2023-09-07T00:00:00
142,282,6,Pinnacle Software - Initial License,Discovery,9654,2022-07-09,2022-02-08,Outbound - AE,Pipeline,False,False,CompetitorE,,40,Schedule demo,New Business,2022-02-08T00:00:00
143,214,11,Summit Digital - New Business,Closed Lost,16438,2024-09-23,2024-07-03,Event,Omitted,False,True,CompetitorC,Competitor,57,,New Business,2024-07-03T00:00:00
144,545,14,Nova Analytics - Platform Deal,Closed Lost,45786,2023-09-18,2023-07-15,Inbound - Web,Omitted,False,True,CompetitorB,Lost to Status Quo,38,,New Business,2023-07-15T00:00:00
145,550,3,Pacific Solutions - Platform Deal,Proposal,408926,2025-04-29,2024-10-03,Partner Referral,Best Case,False,False,CompetitorD,,27,Legal review,New Business,2024-10-03T00:00:00
146,94,2,Horizon Solutions - New Business,Closed Won,118930,2024-09-12,2024-05-06,Webinar,Closed,True,True,,,22,,New Business,2024-05-06T00:00:00
147,852,11,Synergy Group - Initial License,Discovery,148348,2024-04-01,2024-01-11,Event,Pipeline,False,False,Open Source Alternative,,24,Reference call,New Business,2024-01-11T00:00:00
148,355,1,Pacific Digital - New Business,Closed Won,33210,2024-12-31,2024-12-29,Outbound - SDR,Closed,True,True,Open Source Alternative,,11,,New Business,2024-12-29T00:00:00
149,418,16,Zenith Networks - New Business,Closed Won,44188,2024-12-31,2024-09-11,Partner Referral,Closed,True,True,CompetitorE,,42,,New Business,2024-09-11T00:00:00
150,311,5,Quantum Platforms - Platform Deal,Negotiation,49827,2023-09-20,2023-04-10,Outbound - SDR,Commit,False,False,,,40,Technical review,New Business,2023-04-10T00:00:00
151,84,8,Nexus Group - Platform Deal,Proposal,,2025-06-22,2024-10-21,Inbound - Web,Best Case,False,False,,,4,Schedule demo,New Business,2024-10-21T00:00:00
152,348,14,Quantum Inc - Platform Deal,Closed Lost,30369,2024-12-31,2024-09-24,Product-Led,Omitted,False,True,,Competitor,67,,New Business,2024-09-24T00:00:00
153,704,7,Vanguard Technologies - Platform Deal,Proposal,,2023-06-23,2023-01-20,Partner Referral,Best Case,False,False,CompetitorD,,4,Send proposal,New Business,2023-01-20T00:00:00
154,47,3,Atlas Networks - Initial License,Qualification,157987,2022-08-16,2022-05-09,Event,Best Case,False,False,CompetitorE,,4,,New Business,2022-05-09T00:00:00
155,201,15,Vertex Platforms - New Business,Discovery,77107,2025-04-14,2024-10-05,Inbound - Content,Pipeline,False,False,CompetitorA,,63,Executive alignment,New Business,2024-10-05T00:00:00
156,147,7,Apex Software - Platform Deal,Qualification,582696,2025-03-19,2024-09-18,Inbound - Content,Best Case,False,False,CompetitorD,,11,Schedule demo,New Business,2024-09-18T00:00:00
157,391,3,Atlas Inc - Platform Deal,Negotiation,199070,2024-10-09,2024-02-05,Product-Led,Commit,False,False,,,14,Reference call,New Business,2024-02-05T00:00:00
158,6,7,Zenith Platforms - Initial License,Qualification,53383,2024-01-23,2023-10-02,Outbound - AE,Best Case,False,False,CompetitorC,,15,Schedule demo,New Business,2023-10-02T00:00:00
159,701,8,Vanguard Enterprises - Platform Deal,Discovery,160908,2024-03-22,2023-11-17,Inbound - Web,Pipeline,False,False,,,2,Schedule demo,New Business,2023-11-17T00:00:00
160,311,5,Quantum Platforms - Initial License,Qualification,5150,2023-03-17,2023-01-08,Partner Referral,Best Case,False,False,Open Source Alternative,,26,,New Business,2023-01-08T00:00:00
161,307,16,Summit Software - Platform Deal,Prospecting,8691,2025-02-01,2024-11-18,Inbound - Web,Pipeline,False,False,,,34,Legal review,New Business,2024-11-18T00:00:00
162,687,9,Nova Systems - Initial License,Discovery,94362,2023-05-12,2022-10-29,Webinar,Pipeline,False,False,,,31,Legal review,New Business,2022-10-29T00:00:00
163,369,12,Acme Software - Initial License,Closed Lost,10859,2023-10-17,2023-04-12,Outbound - SDR,Omitted,False,True,CompetitorD,Budget Cut,65,,New Business,2023-04-12T00:00:00
164,679,13,Nova Systems - New Business,Closed Won,5501,2023-04-05,2023-01-07,Partner Referral,Closed,True,True,,,1,,New Business,2023-01-07T00:00:00
165,747,10,Elevate Services - Initial License,Closed Lost,192231,2024-12-31,2024-11-15,Outbound - AE,Omitted,False,True,CompetitorC,Price,9,,New Business,2024-11-15T00:00:00
166,238,14,Velocity Holdings - Platform Deal,Proposal,37925,2025-01-21,2024-10-15,Webinar,Best Case,False,False,,,30,,New Business,2024-10-15T00:00:00
167,994,13,Fusion Analytics - Platform Deal,Prospecting,118494,2025-01-15,2024-11-18,Webinar,Pipeline,False,False,,,55,,New Business,2024-11-18T00:00:00
168,241,8,Zenith Partners - Initial License,Prospecting,79061,2024-11-24,2024-10-12,Outbound - AE,Pipeline,False,False,CompetitorC,,22,Executive alignment,New Business,2024-10-12T00:00:00
169,573,5,Quantum Networks - Platform Deal,Qualification,136987,2025-08-25,2024-12-12,Webinar,Best Case,False,False,CompetitorC,,43,Contract signing,New Business,2024-12-12T00:00:00
170,237,13,Catalyst Analytics - New Business,Discovery,12723,2025-02-15,2024-09-25,Outbound - AE,Pipeline,False,False,Open Source Alternative,,15,,New Business,2024-09-25T00:00:00
171,245,4,Acme Services - Platform Deal,Qualification,17127,2025-02-13,2024-12-29,Partner Referral,Best Case,False,False,CompetitorC,,28,Executive alignment,New Business,2024-12-29T00:00:00
172,890,13,Zenith Software - Platform Deal,Proposal,32275,2025-08-02,2024-11-18,Inbound - Content,Best Case,False,False,,,65,,New Business,2024-11-18T00:00:00
173,296,7,Zenith Dynamics - New Business,Discovery,47564,2023-08-30,2023-05-17,Event,Pipeline,False,False,,,17,Legal review,New Business,2023-05-17T00:00:00
174,311,5,Quantum Platforms - Platform Deal,Discovery,13280,2024-01-23,2023-05-25,,Pipeline,False,False,CompetitorC,,29,Reference call,New Business,2023-05-25T00:00:00
175,161,10,Velocity Services - Initial License,Prospecting,61763,2024-02-02,2023-12-24,Partner Referral,Pipeline,False,False,,,49,Reference call,New Business,2023-12-24T00:00:00
176,601,13,Vanguard Dynamics - Initial License,Negotiation,38986,2025-01-20,2024-10-27,Outbound - AE,Commit,False,False,CompetitorE,,40,,New Business,2024-10-27T00:00:00
177,641,8,Velocity Services - Platform Deal,Qualification,,2023-09-20,2023-03-03,Inbound - Web,Best Case,False,False,,,51,Reference call,New Business,2023-03-03T00:00:00
178,118,14,Zenith Software - Platform Deal,Negotiation,24186,2024-03-21,2023-08-06,Webinar,Commit,False,False,CompetitorE,,77,,New Business,2023-08-06T00:00:00
179,577,6,Vertex Dynamics - Platform Deal,Closed Lost,28497,2023-06-17,2023-05-14,Event,Omitted,False,True,CompetitorE,Competitor,9,,New Business,2023-05-14T00:00:00
180,629,8,Elevate Analytics - Platform Deal,Closed Lost,192098,2024-12-23,2024-09-23,Inbound - Content,Omitted,False,True,CompetitorA,Competitor,34,,New Business,2024-09-23T00:00:00
181,307,15,Summit Software - Platform Deal,Closed Won,23417,2024-12-31,2024-12-06,Webinar,Closed,True,True,CompetitorA,,37,,New Business,2024-12-06T00:00:00
182,789,8,Acme Inc - Platform Deal,Prospecting,31026,2024-04-27,2024-02-15,Outbound - AE,Pipeline,False,False,CompetitorA,,18,,New Business,2024-02-15T00:00:00
183,760,9,Pacific Analytics - Initial License,Closed Lost,20270,2023-08-02,2023-04-20,Partner Referral,Omitted,False,True,CompetitorC,No Decision,43,,New Business,2023-04-20T00:00:00
184,664,3,Elevate Holdings - Platform Deal,Discovery,181387,2023-09-20,2023-04-03,Product-Led,Pipeline,False,False,CompetitorE,,13,Contract signing,New Business,2023-04-03T00:00:00
185,450,8,Elevate Services - Initial License,Proposal,29558,2025-04-04,2024-12-23,Outbound - AE,Best Case,False,False,CompetitorA,,21,Send proposal,New Business,2024-12-23T00:00:00
186,967,8,Zenith Analytics - Platform Deal,Discovery,23145,2025-04-16,2024-12-21,Webinar,Pipeline,False,False,CompetitorB,,60,Technical review,New Business,2024-12-21T00:00:00
187,193,9,Summit Corp - New Business,Closed Lost,,2024-12-31,2024-09-05,Webinar,Omitted,False,True,CompetitorA,Budget Cut,18,,New Business,2024-09-05T00:00:00
188,329,14,Optima Networks - New Business,Closed Lost,33351,2024-09-18,2024-06-07,Webinar,Omitted,False,True,CompetitorB,Timing,54,,New Business,2024-06-07T00:00:00
189,295,2,Synergy Enterprises - Platform Deal,Discovery,46585,2024-07-27,2024-01-20,Outbound - AE,Pipeline,False,False,,,19,Contract signing,New Business,2024-01-20T00:00:00
190,531,1,Vertex Holdings - New Business,Closed Lost,12581,2024-08-06,2024-07-09,Outbound - AE,Omitted,False,True,CompetitorB,Budget Cut,9,,New Business,2024-07-09T00:00:00
191,63,3,Vertex Corp - Initial License,Prospecting,75900,2024-06-16,2024-05-17,Partner Referral,Pipeline,False,False,CompetitorB,,33,Legal review,New Business,2024-05-17T00:00:00
192,772,4,Global Inc - Initial License,Closed Lost,33766,2022-09-05,2022-03-11,Product-Led,Omitted,False,True,CompetitorB,Feature Gap,37,,New Business,2022-03-11T00:00:00
193,215,2,Acme Holdings - New Business,Qualification,760438,2024-08-05,2024-08-28,Outbound - SDR,Best Case,False,False,,,11,Schedule demo,New Business,2024-08-28T00:00:00
194,355,1,Pacific Digital - Initial License,Qualification,48879,2023-08-24,2023-04-28,Webinar,Best Case,False,False,CompetitorB,,38,Reference call,New Business,2023-04-28T00:00:00
195,385,6,Quantum Digital - Platform Deal,Proposal,35131,2024-07-28,2024-03-22,Inbound - Content,Best Case,False,False,CompetitorA,,56,Reference call,New Business,2024-03-22T00:00:00
196,973,7,Zenith Labs - New Business,Discovery,8840,2021-08-27,2021-03-12,Webinar,Pipeline,False,False,,,51,,New Business,2021-03-12T00:00:00
197,675,7,Pacific Platforms - Platform Deal,Closed Lost,34401,2024-03-21,2024-01-05,Product-Led,Omitted,False,True,Open Source Alternative,Price,34,,New Business,2024-01-05T00:00:00
198,604,5,Nova Enterprises - Initial License,Prospecting,127357,2025-06-20,2024-12-20,Event,Pipeline,False,False,CompetitorD,,4,Executive alignment,New Business,2024-12-20T00:00:00
199,743,12,Atlas Digital - Initial License,Closed Won,,2024-04-27,2023-12-12,Webinar,Closed,True,True,,,25,,New Business,2023-12-12T00:00:00
200,612,6,Global Corp - Platform Deal,Discovery,31883,2024-02-23,2023-12-12,Event,Pipeline,False,False,,,20,Executive alignment,New Business,2023-12-12T00:00:00
201,255,7,Nexus Technologies - New Business,Discovery,193623,2023-10-29,2023-09-08,Outbound - SDR,Pipeline,False,False,CompetitorA,,21,POC setup,New Business,2023-09-08T00:00:00
133,390,1,Quantum Group - New Business,Prospecting,,2024-03-02,2023-10-06,Inbound - Content,Pipeline,False,False,CompetitorD,,11,POC setup,New Business,2023-10-06T00:00:00
203,142,8,Velocity Enterprises - New Business,Closed Lost,52314,2024-12-31,2024-12-30,Outbound - SDR,Omitted,False,True,CompetitorD,Timing,12,,New Business,2024-12-30T00:00:00
204,101,14,Global Dynamics - Initial License,Discovery,21832,2024-09-13,2024-02-08,Outbound - AE,Pipeline,False,False,,,74,Technical review,New Business,2024-02-08T00:00:00
205,130,9,Vertex Enterprises - New Business,Closed Lost,35288,2024-03-10,2024-01-17,Outbound - SDR,Omitted,False,True,CompetitorA,Budget Cut,25,,New Business,2024-01-17T00:00:00
206,449,5,Summit Group - Initial License,Discovery,11155,2024-06-06,2024-07-01,Outbound - SDR,Pipeline,False,False,CompetitorB,,13,Technical review,New Business,2024-07-01T00:00:00
207,241,8,Zenith Partners - Platform Deal,Proposal,205919,2025-08-23,2024-12-15,Event,Best Case,False,False,CompetitorC,,57,POC setup,New Business,2024-12-15T00:00:00
208,793,5,Zenith Holdings - New Business,Discovery,25977,2022-07-04,2022-04-08,Product-Led,Pipeline,False,False,CompetitorA,,47,,New Business,2022-04-08T00:00:00
209,574,12,Acme Solutions - New Business,Discovery,5750,2023-05-02,2023-03-26,Inbound - Content,Pipeline,False,False,CompetitorC,,39,Executive alignment,New Business,2023-03-26T00:00:00
210,237,8,Catalyst Analytics - Initial License,Qualification,6281,2025-06-09,2024-09-22,Outbound - AE,Best Case,False,False,Open Source Alternative,,30,Contract signing,New Business,2024-09-22T00:00:00
211,903,1,Apex Networks - Initial License,Discovery,76171,2024-01-30,2023-05-25,Outbound - SDR,Pipeline,False,False,CompetitorD,,2,Executive alignment,New Business,2023-05-25T00:00:00
212,767,5,Pinnacle Inc - Platform Deal,Qualification,32951,2023-05-06,2022-11-26,Inbound - Web,Best Case,False,False,CompetitorB,,34,,New Business,2022-11-26T00:00:00
213,887,16,Summit Corp - New Business,Negotiation,31192,2025-04-02,2024-12-31,Partner Referral,Commit,False,False,,,10,Schedule demo,New Business,2024-12-31T00:00:00
214,869,10,Apex Group - Initial License,Discovery,33982,2024-08-23,2024-07-15,Product-Led,Pipeline,False,False,CompetitorE,,1,Schedule demo,New Business,2024-07-15T00:00:00
215,771,4,Vanguard Dynamics - New Business,Discovery,38757,2024-05-01,2024-02-13,Partner Referral,Pipeline,False,False,,,60,Schedule demo,New Business,2024-02-13T00:00:00
216,236,9,Velocity Holdings - Initial License,Closed Won,204656,2024-12-31,2024-11-03,Inbound - Web,Closed,True,True,CompetitorE,,28,,New Business,2024-11-03T00:00:00
217,10,12,Elevate Analytics - Platform Deal,Prospecting,92922,2023-08-16,2023-01-31,Inbound - Web,Pipeline,False,False,CompetitorB,,57,Legal review,New Business,2023-01-31T00:00:00
218,664,3,Elevate Holdings - New Business,Prospecting,24995,2023-06-10,2022-10-01,Product-Led,Pipeline,False,False,CompetitorB,,32,Schedule demo,New Business,2022-10-01T00:00:00
219,300,14,Nova Digital - Initial License,Discovery,193677,2025-08-10,2024-11-22,Inbound - Web,Pipeline,False,False,CompetitorD,,5,Send proposal,New Business,2024-11-22T00:00:00
220,273,10,Pacific Holdings - New Business,Closed Won,10773,2023-08-27,2023-05-27,Partner Referral,Closed,True,True,CompetitorA,,1,,New Business,2023-05-27T00:00:00
221,49,12,Global Holdings - Initial License,Proposal,204769,2023-01-10,2022-11-23,Inbound - Content,Best Case,False,False,,,20,Legal review,New Business,2022-11-23T00:00:00
222,685,16,Synergy Systems - New Business,Qualification,169925,2025-03-29,2024-12-08,Inbound - Web,Best Case,False,False,CompetitorB,,51,Schedule demo,New Business,2024-12-08T00:00:00
223,197,9,Vertex Inc - Platform Deal,Qualification,45843,2024-12-12,2024-11-07,Event,Best Case,False,False,,,38,Contract signing,New Business,2024-11-07T00:00:00
224,946,9,Vanguard Group - Platform Deal,Qualification,145665,2025-06-30,2024-12-03,Inbound - Content,Best Case,False,False,,,62,Executive alignment,New Business,2024-12-03T00:00:00
225,833,15,Pinnacle Software - Initial License,Negotiation,130839,2024-12-27,2024-08-28,Webinar,Commit,False,False,,,50,Executive alignment,New Business,2024-08-28T00:00:00
226,438,8,Nova Corp - New Business,Closed Lost,737492,2024-09-16,2024-03-13,Partner Referral,Omitted,False,True,CompetitorB,No Decision,12,,New Business,2024-03-13T00:00:00
227,173,16,Synergy Enterprises - New Business,Prospecting,23908,2023-03-30,2022-11-11,Outbound - SDR,Pipeline,False,False,,,38,POC setup,New Business,2022-11-11T00:00:00
228,375,2,Atlas Networks - Platform Deal,Proposal,47031,2025-03-31,2024-10-01,Outbound - AE,Best Case,False,False,CompetitorE,,40,,New Business,2024-10-01T00:00:00
229,798,7,Synergy Solutions - Initial License,Qualification,132772,2025-03-09,2024-11-13,Outbound - SDR,Best Case,False,False,,,7,Reference call,New Business,2024-11-13T00:00:00
230,664,3,Elevate Holdings - Initial License,Proposal,117858,2024-08-31,2024-07-30,Webinar,Best Case,False,False,,,42,Legal review,New Business,2024-07-30T00:00:00
231,931,7,Atlas Analytics - Initial License,Qualification,24570,2025-05-23,2024-12-22,Inbound - Web,Best Case,False,False,CompetitorB,,7,,New Business,2024-12-22T00:00:00
232,331,7,Summit Technologies - New Business,Qualification,26782,2025-08-15,2024-12-13,Outbound - SDR,Best Case,False,False,CompetitorD,,23,POC setup,New Business,2024-12-13T00:00:00
233,824,11,Synergy Inc - Platform Deal,Qualification,,2025-01-20,2024-10-18,Event,Best Case,False,False,,,9,POC setup,New Business,2024-10-18T00:00:00
234,104,2,Velocity Dynamics - Initial License,Proposal,26686,2024-10-26,2024-09-05,Outbound - SDR,Best Case,False,False,CompetitorA,,42,Send proposal,New Business,2024-09-05T00:00:00
235,73,8,Nova Group - New Business,Prospecting,18469,2025-01-22,2024-11-19,Webinar,Pipeline,False,False,,,17,Send proposal,New Business,2024-11-19T00:00:00
236,9,1,Optima Solutions - Platform Deal,Proposal,30534,2023-11-20,2023-04-18,Inbound - Content,Best Case,False,False,,,18,Legal review,New Business,2023-04-18T00:00:00
237,794,4,Vanguard Networks - New Business,Proposal,34495,2024-07-14,2024-05-15,Outbound - SDR,Best Case,False,False,CompetitorE,,4,Send proposal,New Business,2024-05-15T00:00:00
238,414,5,Quantum Systems - Platform Deal,Proposal,12570,2024-06-02,2023-11-16,Event,Best Case,False,False,CompetitorB,,22,Technical review,New Business,2023-11-16T00:00:00
239,296,13,Zenith Dynamics - Platform Deal,Negotiation,9835,2023-05-31,2022-10-27,Outbound - AE,Commit,False,False,CompetitorA,,23,Legal review,New Business,2022-10-27T00:00:00
240,502,12,Velocity Inc - New Business,Prospecting,171240,2025-04-13,2024-08-27,Inbound - Content,Pipeline,False,False,CompetitorC,,67,Legal review,New Business,2024-08-27T00:00:00
241,22,9,Fusion Holdings - New Business,Prospecting,21845,2024-08-19,2024-09-08,,Pipeline,False,False,Open Source Alternative,,6,,New Business,2024-09-08T00:00:00
242,60,1,Pinnacle Inc - New Business,Discovery,93928,2024-11-22,2024-06-20,Inbound - Content,Pipeline,False,False,,,4,Technical review,New Business,2024-06-20T00:00:00
243,851,7,Velocity Networks - Platform Deal,Proposal,19690,2024-05-25,2024-04-19,Partner Referral,Best Case,False,False,CompetitorA,,16,Legal review,New Business,2024-04-19T00:00:00
244,805,10,Elevate Partners - Platform Deal,Qualification,24229,2025-03-17,2024-09-04,Webinar,Best Case,False,False,CompetitorE,,59,Contract signing,New Business,2024-09-04T00:00:00
245,895,6,Synergy Services - Initial License,Proposal,578834,2024-03-16,2024-02-03,Inbound - Web,Best Case,False,False,CompetitorA,,52,Contract signing,New Business,2024-02-03T00:00:00
246,139,11,Optima Partners - New Business,Negotiation,30219,2024-12-09,2024-05-28,Inbound - Web,Commit,False,False,Open Source Alternative,,8,Executive alignment,New Business,2024-05-28T00:00:00
247,108,5,Vertex Platforms - Initial License,Closed Lost,23350,2024-12-31,2024-09-12,Inbound - Web,Omitted,False,True,CompetitorB,Champion Left,1,,New Business,2024-09-12T00:00:00
248,740,11,Optima Labs - Platform Deal,Prospecting,22912,2024-08-25,2024-03-05,Product-Led,Pipeline,False,False,Open Source Alternative,,16,Reference call,New Business,2024-03-05T00:00:00
249,984,5,Pacific Dynamics - Initial License,Qualification,42436,2024-10-09,2024-02-19,Inbound - Content,Best Case,False,False,CompetitorB,,52,Reference call,New Business,2024-02-19T00:00:00
250,236,1,Velocity Holdings - Expansion,Closed Won,19633,2023-10-08,2023-08-30,Product-Led,Closed,True,True,Open Source Alternative,,15,,Expansion,2023-08-30T00:00:00
251,485,1,Global Systems - Initial License,Closed Won,30663,2024-03-28,2024-01-13,Webinar,Closed,True,True,,,11,,New Business,2024-01-13T00:00:00
252,943,15,Atlas Group - New Business,Closed Won,31642,2024-12-31,2024-12-30,Inbound - Content,Closed,True,True,CompetitorB,,56,,New Business,2024-12-30T00:00:00
253,807,11,Pinnacle Software - Initial License,Qualification,9156,2024-10-27,2024-09-04,Product-Led,Best Case,False,False,CompetitorE,,48,Send proposal,New Business,2024-09-04T00:00:00
254,42,9,Elevate Dynamics - Initial License,Closed Lost,23876,2023-08-13,2023-06-05,Outbound - SDR,Omitted,False,True,,Timing,38,,New Business,2023-06-05T00:00:00
255,861,4,Nexus Platforms - Initial License,Proposal,28011,2023-09-29,2023-01-20,Product-Led,Best Case,False,False,CompetitorA,,11,Send proposal,New Business,2023-01-20T00:00:00
256,23,5,Fusion Solutions - New Business,Closed Won,140677,2024-09-19,2024-07-29,Product-Led,Closed,True,True,,,7,,New Business,2024-07-29T00:00:00
257,650,13,Summit Analytics - Initial License,Closed Lost,161105,2022-12-24,2022-07-18,Inbound - Content,Omitted,False,True,CompetitorA,Lost to Status Quo,45,,New Business,2022-07-18T00:00:00
258,508,10,Pinnacle Inc - New Business,Negotiation,18838,2022-10-06,2022-05-18,Partner Referral,Commit,False,False,CompetitorB,,40,Executive alignment,New Business,2022-05-18T00:00:00
259,79,12,Apex Software - Platform Deal,Prospecting,31815,2022-11-08,2022-07-08,Product-Led,Pipeline,False,False,,,6,Legal review,New Business,2022-07-08T00:00:00
260,433,11,Pacific Holdings - Platform Deal,Discovery,153498,2023-04-12,2022-08-01,Webinar,Pipeline,False,False,Open Source Alternative,,39,Executive alignment,New Business,2022-08-01T00:00:00
261,903,13,Apex Networks - New Business,Qualification,186427,2023-10-14,2023-03-16,Inbound - Content,Best Case,False,False,CompetitorB,,17,Legal review,New Business,2023-03-16T00:00:00
262,802,5,Atlas Corp - Initial License,Prospecting,28451,2025-03-17,2024-10-12,Product-Led,Pipeline,False,False,CompetitorD,,59,Schedule demo,New Business,2024-10-12T00:00:00
263,168,14,Global Labs - New Business,Prospecting,33578,2024-03-04,2023-10-21,Event,Pipeline,False,False,,,8,Technical review,New Business,2023-10-21T00:00:00
264,861,5,Nexus Platforms - Initial License,Closed Lost,30357,2024-02-03,2023-09-11,Partner Referral,Omitted,False,True,CompetitorE,Price,31,,New Business,2023-09-11T00:00:00
265,61,7,Optima Group - New Business,Qualification,9691,2024-08-05,2024-05-11,Outbound - AE,Best Case,False,False,,,2,POC setup,New Business,2024-05-11T00:00:00
266,351,4,Zenith Technologies - Platform Deal,Prospecting,185388,2025-03-07,2024-11-13,Product-Led,Pipeline,False,False,CompetitorB,,10,Schedule demo,New Business,2024-11-13T00:00:00
267,936,6,Summit Networks - Initial License,Closed Lost,52624,2023-09-27,2023-05-28,Webinar,Omitted,False,True,CompetitorE,Price,41,,New Business,2023-05-28T00:00:00
268,31,11,Synergy Platforms - Initial License,Discovery,45744,2022-06-16,2022-02-06,Webinar,Pipeline,False,False,Open Source Alternative,,23,Legal review,New Business,2022-02-06T00:00:00
269,590,15,Nova Services - Platform Deal,Qualification,24193,2024-07-11,2024-05-04,Outbound - SDR,Best Case,False,False,,,53,Schedule demo,New Business,2024-05-04T00:00:00
270,192,12,Summit Inc - Platform Deal,Prospecting,38525,2025-02-23,2024-08-15,Inbound - Web,Pipeline,False,False,CompetitorD,,9,Send proposal,New Business,2024-08-15T00:00:00
165,513,16,Acme Inc - Platform Deal,Discovery,26007,2025-01-19,2024-09-13,Event,Pipeline,False,False,CompetitorE,,64,Technical review,New Business,2024-09-13T00:00:00
272,25,7,Zenith Partners - Initial License,Qualification,147685,2024-03-05,2023-10-31,Event,Best Case,False,False,Open Source Alternative,,19,Reference call,New Business,2023-10-31T00:00:00
273,365,2,Velocity Networks - Platform Deal,Negotiation,28691,2025-08-02,2024-12-04,Outbound - SDR,Commit,False,False,Open Source Alternative,,22,POC setup,New Business,2024-12-04T00:00:00
274,674,9,Apex Analytics - Initial License,Qualification,176197,2023-05-23,2022-09-13,Partner Referral,Best Case,False,False,,,20,Legal review,New Business,2022-09-13T00:00:00
275,601,13,Vanguard Dynamics - Platform Deal,Discovery,20265,2022-05-29,2022-01-11,Outbound - AE,Pipeline,False,False,Open Source Alternative,,73,Contract signing,New Business,2022-01-11T00:00:00
276,816,8,Nexus Partners - Initial License,Closed Lost,705815,2023-03-25,2023-01-07,Inbound - Content,Omitted,False,True,CompetitorD,Feature Gap,36,,New Business,2023-01-07T00:00:00
277,447,6,Atlas Analytics - New Business,Closed Lost,505532,2023-02-07,2022-08-15,Partner Referral,Omitted,False,True,CompetitorA,Lost to Status Quo,7,,New Business,2022-08-15T00:00:00
278,890,13,Zenith Software - New Business,Prospecting,5674,2024-10-26,2024-05-22,Partner Referral,Pipeline,False,False,CompetitorA,,62,Reference call,New Business,2024-05-22T00:00:00
279,799,15,Global Networks - New Business,Closed Lost,32997,2024-08-25,2024-05-06,Partner Referral,Omitted,False,True,CompetitorA,Budget Cut,27,,New Business,2024-05-06T00:00:00
280,366,2,Pinnacle Technologies - Platform Deal,Closed Lost,16871,2024-12-31,2024-11-28,Event,Omitted,False,True,CompetitorD,Champion Left,8,,New Business,2024-11-28T00:00:00
281,949,5,Quantum Holdings - New Business,Negotiation,87297,2024-09-25,2024-06-11,Inbound - Content,Commit,False,False,CompetitorC,,16,Executive alignment,New Business,2024-06-11T00:00:00
282,58,1,Acme Partners - Platform Deal,Negotiation,446995,2024-08-01,2024-05-20,Event,Commit,False,False,CompetitorE,,44,Send proposal,New Business,2024-05-20T00:00:00
149,631,13,Vanguard Corp - Initial License,Discovery,113590,2024-10-28,2024-02-11,Inbound - Web,Pipeline,False,False,CompetitorD,,19,Technical review,New Business,2024-02-11T00:00:00
284,243,3,Summit Holdings - Initial License,Qualification,177258,2021-04-12,2021-02-13,Partner Referral,Best Case,False,False,,,4,POC setup,New Business,2021-02-13T00:00:00
285,100,8,Global Group - Initial License,Discovery,27263,2024-04-22,2023-11-27,Inbound - Web,Pipeline,False,False,CompetitorC,,36,Contract signing,New Business,2023-11-27T00:00:00
286,816,8,Nexus Partners - New Business,Proposal,646342,2024-02-17,2023-05-31,Outbound - AE,Best Case,False,False,CompetitorD,,49,Reference call,New Business,2023-05-31T00:00:00
287,586,3,Catalyst Services - Initial License,Discovery,93746,2024-10-23,2024-05-19,Inbound - Web,Pipeline,False,False,,,26,POC setup,New Business,2024-05-19T00:00:00
288,259,3,Global Partners - Initial License,Prospecting,900615,2025-04-03,2024-11-02,Event,Pipeline,False,False,,,38,Technical review,New Business,2024-11-02T00:00:00
289,20,5,Optima Digital - Platform Deal,Qualification,177013,2024-10-27,2024-02-02,Event,Best Case,False,False,CompetitorC,,39,POC setup,New Business,2024-02-02T00:00:00
290,147,7,Apex Software - Initial License,Prospecting,287509,2025-03-25,2024-10-01,Inbound - Content,Pipeline,False,False,,,59,POC setup,New Business,2024-10-01T00:00:00
291,258,16,Elevate Digital - New Business,Prospecting,182607,2023-11-29,2023-09-22,Inbound - Content,Pipeline,False,False,CompetitorA,,52,Send proposal,New Business,2023-09-22T00:00:00
292,412,14,Elevate Group - Platform Deal,Qualification,781795,2023-11-02,2023-05-25,Inbound - Web,Best Case,False,False,,,63,,New Business,2023-05-25T00:00:00
293,631,1,Vanguard Corp - Platform Deal,Prospecting,104712,2025-01-14,2024-08-20,Webinar,Pipeline,False,False,CompetitorD,,26,Schedule demo,New Business,2024-08-20T00:00:00
294,9,1,Optima Solutions - Initial License,Negotiation,9506,2022-12-25,2022-09-04,Webinar,Commit,False,False,,,28,Executive alignment,New Business,2022-09-04T00:00:00
295,107,11,Nova Services - New Business,Prospecting,12135,2025-05-01,2024-12-16,Inbound - Web,Pipeline,False,False,CompetitorE,,58,Reference call,New Business,2024-12-16T00:00:00
296,981,4,Nova Networks - Initial License,Proposal,25665,2022-11-01,2022-05-12,Outbound - AE,Best Case,False,False,CompetitorD,,32,POC setup,New Business,2022-05-12T00:00:00
297,901,14,Summit Analytics - Initial License,Proposal,61652,2025-07-26,2024-12-27,Outbound - SDR,Best Case,False,False,CompetitorE,,59,,New Business,2024-12-27T00:00:00
298,194,13,Atlas Dynamics - Platform Deal,Qualification,180233,2024-12-23,2024-08-28,Product-Led,Best Case,False,False,CompetitorB,,72,Contract signing,New Business,2024-08-28T00:00:00
299,103,14,Quantum Technologies - Initial License,Discovery,100856,2024-06-08,2023-12-17,Outbound - AE,Pipeline,False,False,CompetitorC,,66,,New Business,2023-12-17T00:00:00
300,456,3,Horizon Labs - Platform Deal,Prospecting,40753,2024-03-21,2023-07-18,Inbound - Web,Pipeline,False,False,Open Source Alternative,,32,Contract signing,New Business,2023-07-18T00:00:00
301,660,14,Vertex Labs - Platform Deal,Proposal,45220,2022-10-19,2022-04-03,Product-Led,Best Case,False,False,,,62,,New Business,2022-04-03T00:00:00
302,380,4,Synergy Digital - Platform Deal,Prospecting,827630,2022-01-02,2021-07-22,Webinar,Pipeline,False,False,,,42,Send proposal,New Business,2021-07-22T00:00:00
303,266,15,Acme Enterprises - Platform Deal,Closed Lost,132530,2024-12-31,2024-11-12,Event,Omitted,False,True,,Feature Gap,20,,New Business,2024-11-12T00:00:00
304,871,14,Quantum Group - New Business,Qualification,24917,2024-02-21,2023-06-05,Event,Best Case,False,False,,,19,Contract signing,New Business,2023-06-05T00:00:00
305,401,15,Nova Technologies - New Business,Closed Lost,135344,2024-12-31,2024-12-08,Inbound - Web,Omitted,False,True,,Champion Left,35,,New Business,2024-12-08T00:00:00
306,896,3,Nexus Enterprises - Initial License,Closed Lost,35497,2021-08-15,2021-05-03,Inbound - Web,Omitted,False,True,CompetitorA,Competitor,7,,New Business,2021-05-03T00:00:00
307,149,3,Quantum Solutions - Initial License,Qualification,49174,2024-05-01,2024-03-19,Event,Best Case,False,False,,,7,Schedule demo,New Business,2024-03-19T00:00:00
308,27,14,Optima Solutions - Initial License,Prospecting,16170,2021-04-16,2021-01-21,Inbound - Web,Pipeline,False,False,CompetitorE,,16,Legal review,New Business,2021-01-21T00:00:00
309,87,13,Atlas Solutions - New Business,Closed Lost,19370,2022-11-06,2022-10-01,Event,Omitted,False,True,CompetitorB,Competitor,41,,New Business,2022-10-01T00:00:00
310,843,6,Vanguard Corp - Platform Deal,Closed Won,25466,2024-06-02,2024-03-08,Outbound - SDR,Closed,True,True,,,47,,New Business,2024-03-08T00:00:00
311,824,11,Synergy Inc - Platform Deal,Closed Lost,43228,2024-12-31,2024-09-17,Inbound - Web,Omitted,False,True,CompetitorD,Feature Gap,68,,New Business,2024-09-17T00:00:00
312,558,7,Apex Dynamics - Platform Deal,Prospecting,196318,2025-04-16,2024-11-14,Product-Led,Pipeline,False,False,Open Source Alternative,,30,,New Business,2024-11-14T00:00:00
313,140,13,Nova Services - New Business,Negotiation,8866,2025-03-27,2024-12-27,Partner Referral,Commit,False,False,,,27,,New Business,2024-12-27T00:00:00
314,324,2,Quantum Group - Platform Deal,Prospecting,41717,2023-09-01,2023-04-24,Webinar,Pipeline,False,False,CompetitorA,,30,Executive alignment,New Business,2023-04-24T00:00:00
315,955,6,Catalyst Holdings - Platform Deal,Prospecting,27261,2024-02-26,2023-07-09,Inbound - Web,Pipeline,False,False,,,8,Technical review,New Business,2023-07-09T00:00:00
316,607,10,Catalyst Services - Platform Deal,Closed Lost,37121,2024-03-11,2024-02-23,Outbound - SDR,Omitted,False,True,CompetitorC,Champion Left,39,,New Business,2024-02-23T00:00:00
317,165,12,Optima Technologies - Initial License,Discovery,43922,2022-12-30,2022-07-08,Outbound - SDR,Pipeline,False,False,CompetitorE,,44,Executive alignment,New Business,2022-07-08T00:00:00
318,280,8,Elevate Dynamics - Initial License,Closed Won,242317,2023-09-26,2023-05-04,Outbound - SDR,Closed,True,True,CompetitorC,,44,,New Business,2023-05-04T00:00:00
319,190,12,Zenith Partners - Platform Deal,Discovery,47897,2024-04-10,2023-11-24,Event,Pipeline,False,False,CompetitorD,,30,Reference call,New Business,2023-11-24T00:00:00
320,292,3,Summit Networks - Platform Deal,Closed Won,223200,2023-08-12,2023-07-21,Product-Led,Closed,True,True,CompetitorA,,18,,New Business,2023-07-21T00:00:00
321,297,8,Horizon Corp - Initial License,Discovery,82802,2025-03-20,2024-10-25,Event,Pipeline,False,False,CompetitorD,,39,POC setup,New Business,2024-10-25T00:00:00
322,984,12,Pacific Dynamics - Platform Deal,Prospecting,29063,2025-03-19,2024-09-20,Product-Led,Pipeline,False,False,Open Source Alternative,,4,,New Business,2024-09-20T00:00:00
57,255,7,Nexus Technologies - Platform Deal,Discovery,,2020-11-13,2020-08-27,Webinar,Pipeline,False,False,,,35,POC setup,New Business,2020-08-27T00:00:00
324,510,7,Synergy Services - Initial License,Closed Lost,17417,2023-04-06,2022-11-27,Outbound - AE,Omitted,False,True,CompetitorA,Competitor,56,,New Business,2022-11-27T00:00:00
325,725,4,Vanguard Enterprises - New Business,Closed Lost,9752,2022-10-21,2022-09-25,Webinar,Omitted,False,True,CompetitorC,Champion Left,13,,New Business,2022-09-25T00:00:00
326,637,11,Nova Solutions - New Business,Prospecting,68161,2022-11-05,2022-07-02,,Pipeline,False,False,CompetitorC,,39,Reference call,New Business,2022-07-02T00:00:00
327,74,7,Acme Holdings - Initial License,Closed Won,42577,2024-09-22,2024-07-28,Product-Led,Closed,True,True,,,10,,New Business,2024-07-28T00:00:00
328,818,1,Pacific Digital - Platform Deal,Closed Lost,129757,2020-10-31,2020-08-13,Outbound - AE,Omitted,False,True,CompetitorC,Feature Gap,10,,New Business,2020-08-13T00:00:00
329,155,9,Acme Enterprises - Initial License,Proposal,23487,2025-01-27,2024-12-09,Webinar,Best Case,False,False,CompetitorD,,17,Contract signing,New Business,2024-12-09T00:00:00
330,509,1,Horizon Group - Platform Deal,Qualification,40521,2024-05-28,2024-03-02,Event,Best Case,False,False,CompetitorE,,5,POC setup,New Business,2024-03-02T00:00:00
331,231,10,Nexus Enterprises - Platform Deal,Closed Lost,12267,2024-12-31,2024-12-05,Webinar,Omitted,False,True,,Champion Left,25,,New Business,2024-12-05T00:00:00
332,449,5,Summit Group - Initial License,Discovery,30550,2025-03-02,2024-12-03,Product-Led,Pipeline,False,False,Open Source Alternative,,60,POC setup,New Business,2024-12-03T00:00:00
333,97,2,Catalyst Analytics - Initial License,Closed Won,65310,2024-09-22,2024-07-04,Webinar,Closed,True,True,Open Source Alternative,,35,,New Business,2024-07-04T00:00:00
334,10,12,Elevate Analytics - Upsell,Qualification,35059,2023-07-24,2023-06-07,Event,Best Case,False,False,CompetitorB,,45,,Expansion,2023-06-07T00:00:00
335,175,7,Fusion Analytics - Initial License,Prospecting,147633,2025-01-14,2024-10-27,Partner Referral,Pipeline,False,False,CompetitorC,,50,Technical review,New Business,2024-10-27T00:00:00
336,346,5,Apex Inc - Initial License,Discovery,33626,2023-07-20,2023-02-14,Event,Pipeline,False,False,CompetitorC,,8,,New Business,2023-02-14T00:00:00
337,226,2,Pacific Dynamics - Platform Deal,Closed Won,149995,2024-06-06,2024-04-10,Event,Closed,True,True,CompetitorC,,18,,New Business,2024-04-10T00:00:00
338,267,1,Catalyst Inc - Platform Deal,Prospecting,158157,2022-02-12,2021-06-30,Event,Pipeline,False,False,CompetitorC,,37,Send proposal,New Business,2021-06-30T00:00:00
339,839,9,Elevate Enterprises - New Business,Prospecting,174183,2024-12-01,2024-12-10,Outbound - SDR,Pipeline,False,False,CompetitorA,,6,Contract signing,New Business,2024-12-10T00:00:00
282,593,3,Synergy Technologies - New Business,Prospecting,42195,2025-01-30,2024-12-04,Inbound - Web,Pipeline,False,False,,,30,Schedule demo,New Business,2024-12-04T00:00:00
341,668,5,Summit Software - Platform Deal,Qualification,178583,2024-06-23,2023-11-13,Outbound - SDR,Best Case,False,False,,,28,,New Business,2023-11-13T00:00:00
342,479,4,Summit Enterprises - New Business,Prospecting,45910,2023-07-26,2023-05-02,Outbound - AE,Pipeline,False,False,Open Source Alternative,,6,Schedule demo,New Business,2023-05-02T00:00:00
343,400,4,Vanguard Inc - Platform Deal,Prospecting,28546,2022-12-02,2022-05-31,Outbound - AE,Pipeline,False,False,CompetitorA,,7,Send proposal,New Business,2022-05-31T00:00:00
344,5,13,Pinnacle Inc - Initial License,Qualification,9593,2025-01-23,2024-10-02,Inbound - Web,Best Case,False,False,CompetitorA,,75,,New Business,2024-10-02T00:00:00
345,691,9,Global Systems - New Business,Qualification,882066,2024-07-27,2024-01-26,Outbound - SDR,Best Case,False,False,CompetitorE,,8,Technical review,New Business,2024-01-26T00:00:00
346,151,9,Vertex Inc - Platform Deal,Closed Lost,180776,2023-02-20,2023-01-10,Outbound - AE,Omitted,False,True,,Champion Left,38,,New Business,2023-01-10T00:00:00
347,995,9,Acme Corp - Platform Deal,Prospecting,33996,2023-12-08,2023-05-01,Product-Led,Pipeline,False,False,CompetitorE,,14,Schedule demo,New Business,2023-05-01T00:00:00
348,615,3,Pacific Inc - Initial License,Qualification,23193,2022-09-07,2022-07-08,Outbound - SDR,Best Case,False,False,CompetitorC,,34,Reference call,New Business,2022-07-08T00:00:00
349,501,4,Acme Digital - Platform Deal,Prospecting,31234,2024-04-01,2023-11-27,Outbound - SDR,Pipeline,False,False,CompetitorB,,18,POC setup,New Business,2023-11-27T00:00:00
350,826,13,Atlas Analytics - Initial License,Qualification,45999,2024-04-03,2023-08-05,Product-Led,Best Case,False,False,CompetitorC,,37,Reference call,New Business,2023-08-05T00:00:00
351,666,8,Fusion Networks - Platform Deal,Proposal,593029,2024-12-01,2024-06-15,Product-Led,Best Case,False,False,CompetitorC,,23,Executive alignment,New Business,2024-06-15T00:00:00
352,624,16,Apex Holdings - New Business,Discovery,151676,2025-04-27,2024-09-29,Product-Led,Pipeline,False,False,,,46,POC setup,New Business,2024-09-29T00:00:00
353,805,10,Elevate Partners - New Business,Proposal,12401,2024-10-11,2024-06-05,Event,Best Case,False,False,CompetitorA,,60,Contract signing,New Business,2024-06-05T00:00:00
354,165,10,Optima Technologies - Platform Deal,Proposal,,2022-07-06,2022-02-03,Event,Best Case,False,False,,,38,Reference call,New Business,2022-02-03T00:00:00
355,575,9,Zenith Solutions - Initial License,Prospecting,27610,2023-10-27,2023-10-29,Partner Referral,Pipeline,False,False,Open Source Alternative,,67,Send proposal,New Business,2023-10-29T00:00:00
356,190,12,Zenith Partners - Initial License,Proposal,95463,2025-05-21,2024-09-23,Event,Best Case,False,False,,,28,Executive alignment,New Business,2024-09-23T00:00:00
357,862,5,Apex Systems - Platform Deal,Qualification,44475,2024-05-19,2023-12-21,Product-Led,Best Case,False,False,CompetitorB,,25,Technical review,New Business,2023-12-21T00:00:00
358,760,15,Pacific Analytics - Initial License,Proposal,13792,2022-08-31,2022-05-28,Inbound - Web,Best Case,False,False,CompetitorA,,58,Contract signing,New Business,2022-05-28T00:00:00
359,529,8,Pacific Partners - New Business,Qualification,23488,2021-09-07,2021-04-09,Product-Led,Best Case,False,False,CompetitorB,,1,Legal review,New Business,2021-04-09T00:00:00
360,672,3,Horizon Corp - New Business,Discovery,107204,2024-08-05,2024-04-07,Inbound - Web,Pipeline,False,False,Open Source Alternative,,21,Send proposal,New Business,2024-04-07T00:00:00
361,85,3,Velocity Platforms - Initial License,Qualification,182557,2023-08-05,2023-01-13,Outbound - AE,Best Case,False,False,,,14,,New Business,2023-01-13T00:00:00
362,595,9,Apex Technologies - New Business,Proposal,13847,2024-02-29,2023-10-20,Partner Referral,Best Case,False,False,,,32,Schedule demo,New Business,2023-10-20T00:00:00
363,278,8,Optima Dynamics - New Business,Negotiation,45174,2024-08-21,2024-01-26,Partner Referral,Commit,False,False,CompetitorA,,6,Legal review,New Business,2024-01-26T00:00:00
364,326,9,Pinnacle Corp - Platform Deal,Prospecting,215460,2024-04-29,2024-03-05,Webinar,Pipeline,False,False,CompetitorB,,15,Send proposal,New Business,2024-03-05T00:00:00
365,825,13,Summit Corp - New Business,Closed Lost,11325,2024-07-26,2024-01-12,Inbound - Web,Omitted,False,True,CompetitorB,Budget Cut,48,,New Business,2024-01-12T00:00:00
366,574,14,Acme Solutions - New Business,Closed Won,7513,2024-08-15,2024-04-16,Webinar,Closed,True,True,Open Source Alternative,,56,,New Business,2024-04-16T00:00:00
367,776,16,Quantum Dynamics - New Business,Qualification,134447,2025-07-03,2024-12-09,Product-Led,Best Case,False,False,Open Source Alternative,,18,POC setup,New Business,2024-12-09T00:00:00
368,237,13,Catalyst Analytics - New Business,Proposal,23368,2025-05-25,2024-11-11,Event,Best Case,False,False,,,37,,New Business,2024-11-11T00:00:00
369,366,16,Pinnacle Technologies - Initial License,Qualification,17188,2025-01-01,2024-10-20,Outbound - AE,Best Case,False,False,CompetitorB,,42,Technical review,New Business,2024-10-20T00:00:00
370,239,7,Synergy Networks - Initial License,Closed Won,49484,2021-05-12,2021-03-03,Outbound - SDR,Closed,True,True,CompetitorE,,30,,New Business,2021-03-03T00:00:00
371,756,7,Optima Services - Platform Deal,Qualification,162332,2024-01-21,2023-10-18,Event,Best Case,False,False,CompetitorB,,2,,New Business,2023-10-18T00:00:00
372,738,12,Velocity Group - Platform Deal,Negotiation,917920,2021-09-06,2021-07-27,Product-Led,Commit,False,False,CompetitorD,,8,Schedule demo,New Business,2021-07-27T00:00:00
373,205,10,Nexus Solutions - New Business,Qualification,171869,2023-01-29,2022-07-15,Outbound - AE,Best Case,False,False,CompetitorD,,54,Schedule demo,New Business,2022-07-15T00:00:00
374,740,11,Optima Labs - New Business,Prospecting,25842,2024-11-16,2024-03-22,Event,Pipeline,False,False,,,41,Reference call,New Business,2024-03-22T00:00:00
375,150,6,Nexus Services - Platform Deal,Qualification,623384,2023-06-12,2022-10-12,Inbound - Content,Best Case,False,False,,,13,Schedule demo,New Business,2022-10-12T00:00:00
376,343,3,Vertex Labs - Initial License,Prospecting,757596,2025-04-07,2024-10-08,Webinar,Pipeline,False,False,CompetitorE,,41,Reference call,New Business,2024-10-08T00:00:00
377,76,4,Elevate Holdings - New Business,Closed Won,39924,2024-01-08,2023-07-29,Inbound - Content,Closed,True,True,CompetitorB,,11,,New Business,2023-07-29T00:00:00
378,35,11,Acme Solutions - Initial License,Prospecting,40178,2023-06-09,2023-04-03,Inbound - Content,Pipeline,False,False,CompetitorC,,35,Reference call,New Business,2023-04-03T00:00:00
379,980,13,Summit Technologies - New Business,Closed Won,26878,2024-12-14,2024-10-19,Event,Closed,True,True,,,2,,New Business,2024-10-19T00:00:00
380,178,9,Quantum Group - Initial License,Prospecting,202254,2021-05-13,2020-11-22,Inbound - Web,Pipeline,False,False,,,32,Send proposal,New Business,2020-11-22T00:00:00
381,126,6,Zenith Inc - New Business,Negotiation,45400,2024-08-22,2024-01-09,Partner Referral,Commit,False,False,,,29,Contract signing,New Business,2024-01-09T00:00:00
382,916,9,Synergy Inc - New Business,Discovery,154950,2025-03-16,2024-11-06,Event,Pipeline,False,False,CompetitorE,,4,Technical review,New Business,2024-11-06T00:00:00
383,35,11,Acme Solutions - New Business,Discovery,26935,2024-07-24,2024-04-15,,Pipeline,False,False,Open Source Alternative,,17,Legal review,New Business,2024-04-15T00:00:00
384,298,14,Apex Digital - New Business,Prospecting,1025986,2024-11-13,2024-08-01,Outbound - AE,Pipeline,False,False,CompetitorC,,54,Schedule demo,New Business,2024-08-01T00:00:00
385,127,2,Nexus Corp - New Business,Discovery,354817,2025-08-11,2024-12-08,Partner Referral,Pipeline,False,False,,,43,Send proposal,New Business,2024-12-08T00:00:00
386,746,15,Zenith Inc - Initial License,Discovery,363031,2025-06-25,2024-12-14,Outbound - AE,Pipeline,False,False,,,5,Legal review,New Business,2024-12-14T00:00:00
387,241,8,Zenith Partners - Platform Deal,Closed Lost,61923,2024-12-31,2024-09-02,Inbound - Content,Omitted,False,True,Open Source Alternative,Budget Cut,38,,New Business,2024-09-02T00:00:00
388,862,8,Apex Systems - New Business,Closed Lost,,2023-09-21,2023-04-24,Inbound - Content,Omitted,False,True,,Feature Gap,34,,New Business,2023-04-24T00:00:00
389,366,16,Pinnacle Technologies - Initial License,Qualification,20365,2025-03-09,2024-10-03,Inbound - Web,Best Case,False,False,CompetitorB,,45,POC setup,New Business,2024-10-03T00:00:00
390,360,1,Quantum Corp - Platform Deal,Closed Won,80380,2021-06-25,2021-02-19,Event,Closed,True,True,Open Source Alternative,,16,,New Business,2021-02-19T00:00:00
391,453,1,Fusion Corp - New Business,Prospecting,49880,2025-01-17,2024-12-14,Event,Pipeline,False,False,CompetitorD,,11,POC setup,New Business,2024-12-14T00:00:00
392,257,1,Zenith Technologies - Platform Deal,Proposal,114349,2024-04-16,2024-03-02,Partner Referral,Best Case,False,False,,,29,,New Business,2024-03-02T00:00:00
393,524,15,Vertex Inc - Initial License,Closed Lost,96116,2024-12-31,2024-09-12,Partner Referral,Omitted,False,True,Open Source Alternative,Price,3,,New Business,2024-09-12T00:00:00
394,930,13,Optima Corp - Platform Deal,Closed Lost,47052,2023-05-14,2023-02-08,Partner Referral,Omitted,False,True,,Feature Gap,43,,New Business,2023-02-08T00:00:00
395,731,7,Acme Enterprises - Platform Deal,Closed Lost,69103,2024-06-18,2024-01-10,Product-Led,Omitted,False,True,CompetitorB,Price,27,,New Business,2024-01-10T00:00:00
396,594,13,Pinnacle Services - Initial License,Discovery,182455,2024-02-23,2023-11-08,Outbound - AE,Pipeline,False,False,CompetitorD,,72,Executive alignment,New Business,2023-11-08T00:00:00
397,718,2,Optima Inc - Initial License,Prospecting,25237,2024-12-27,2024-11-02,Webinar,Pipeline,False,False,CompetitorC,,25,Reference call,New Business,2024-11-02T00:00:00
398,57,6,Acme Technologies - Initial License,Prospecting,659217,2022-08-13,2021-12-17,Outbound - AE,Pipeline,False,False,Open Source Alternative,,2,Executive alignment,New Business,2021-12-17T00:00:00
399,716,12,Nexus Networks - Platform Deal,Qualification,32136,2025-05-25,2024-12-18,Inbound - Web,Best Case,False,False,Open Source Alternative,,62,Schedule demo,New Business,2024-12-18T00:00:00
400,618,11,Vanguard Software - New Business,Prospecting,16319,2025-04-15,2024-09-15,Webinar,Pipeline,False,False,CompetitorD,,52,Send proposal,New Business,2024-09-15T00:00:00
401,823,8,Velocity Labs - Platform Deal,Closed Lost,56681,2024-12-31,2024-12-28,Inbound - Content,Omitted,False,True,,Price,47,,New Business,2024-12-28T00:00:00
402,601,13,Vanguard Dynamics - Initial License,Negotiation,6815,2023-04-16,2022-10-17,Inbound - Web,Commit,False,False,CompetitorC,,31,Legal review,New Business,2022-10-17T00:00:00
403,747,10,Elevate Services - New Business,Prospecting,84250,2025-07-22,2024-11-18,Outbound - SDR,Pipeline,False,False,CompetitorC,,33,Executive alignment,New Business,2024-11-18T00:00:00
404,597,3,Quantum Holdings - Platform Deal,Prospecting,669404,2025-01-28,2024-10-30,Product-Led,Pipeline,False,False,CompetitorB,,7,,New Business,2024-10-30T00:00:00
405,465,14,Horizon Technologies - Initial License,Qualification,160016,2023-12-26,2023-11-06,Product-Led,Best Case,False,False,CompetitorA,,37,POC setup,New Business,2023-11-06T00:00:00
406,844,2,Nova Systems - New Business,Qualification,848594,2024-02-14,2023-06-24,Webinar,Best Case,False,False,CompetitorD,,24,,New Business,2023-06-24T00:00:00
407,344,2,Synergy Systems - Initial License,Prospecting,514210,2025-01-31,2024-11-17,Partner Referral,Pipeline,False,False,CompetitorC,,2,Legal review,New Business,2024-11-17T00:00:00
408,507,14,Nova Services - Platform Deal,Discovery,24091,2025-08-08,2024-12-13,Inbound - Web,Pipeline,False,False,CompetitorC,,69,Technical review,New Business,2024-12-13T00:00:00
409,207,14,Atlas Technologies - New Business,Proposal,48809,2024-10-22,2024-06-22,Outbound - AE,Best Case,False,False,CompetitorE,,69,POC setup,New Business,2024-06-22T00:00:00
410,447,6,Atlas Analytics - Platform Deal,Prospecting,1099141,2022-05-15,2021-09-30,Inbound - Web,Pipeline,False,False,,,29,Schedule demo,New Business,2021-09-30T00:00:00
411,754,12,Pacific Solutions - New Business,Qualification,15713,2023-12-11,2023-10-02,Partner Referral,Best Case,False,False,CompetitorE,,66,Reference call,New Business,2023-10-02T00:00:00
412,659,15,Velocity Partners - Platform Deal,Closed Lost,17609,2022-03-17,2021-12-01,Inbound - Web,Omitted,False,True,CompetitorB,Feature Gap,64,,New Business,2021-12-01T00:00:00
413,871,10,Quantum Group - Initial License,Closed Lost,37370,2020-09-25,2020-07-04,Event,Omitted,False,True,CompetitorE,No Decision,57,,New Business,2020-07-04T00:00:00
414,151,6,Vertex Inc - New Business,Discovery,72960,2023-10-12,2023-07-25,,Pipeline,False,False,CompetitorD,,10,Executive alignment,New Business,2023-07-25T00:00:00
415,173,12,Synergy Enterprises - Platform Deal,Qualification,31772,2023-11-05,2023-03-10,Outbound - AE,Best Case,False,False,,,43,Technical review,New Business,2023-03-10T00:00:00
416,746,15,Zenith Inc - Initial License,Discovery,986936,2025-04-29,2024-12-15,Outbound - AE,Pipeline,False,False,,,41,Schedule demo,New Business,2024-12-15T00:00:00
417,426,10,Velocity Holdings - Platform Deal,Closed Lost,6683,2024-07-13,2023-12-28,Inbound - Web,Omitted,False,True,,Champion Left,34,,New Business,2023-12-28T00:00:00
418,34,14,Nova Networks - Platform Deal,Qualification,46281,2024-03-28,2023-10-02,Inbound - Web,Best Case,False,False,Open Source Alternative,,42,Executive alignment,New Business,2023-10-02T00:00:00
419,220,7,Apex Analytics - Initial License,Closed Lost,1078061,2023-09-12,2023-05-02,Outbound - SDR,Omitted,False,True,CompetitorB,Feature Gap,34,,New Business,2023-05-02T00:00:00
420,818,16,Pacific Digital - Platform Deal,Discovery,100176,2023-09-29,2023-01-04,Webinar,Pipeline,False,False,CompetitorB,,11,,New Business,2023-01-04T00:00:00
421,179,13,Vanguard Networks - New Business,Closed Lost,12236,2024-03-20,2023-08-01,,Omitted,False,True,CompetitorD,Feature Gap,6,,New Business,2023-08-01T00:00:00
422,109,7,Zenith Networks - Initial License,Discovery,44344,2023-11-17,2023-03-05,Product-Led,Pipeline,False,False,,,28,Technical review,New Business,2023-03-05T00:00:00
156,938,4,Global Dynamics - Platform Deal,Proposal,149614,2025-03-22,2024-10-12,Inbound - Content,Best Case,False,False,,,45,Technical review,New Business,2024-10-12T00:00:00
424,415,1,Pinnacle Services - New Business,Prospecting,37872,2025-04-13,2024-07-17,Outbound - SDR,Pipeline,False,False,,,1,Contract signing,New Business,2024-07-17T00:00:00
425,247,9,Acme Enterprises - New Business,Prospecting,5007,2025-04-24,2024-10-28,Partner Referral,Pipeline,False,False,Open Source Alternative,,39,Reference call,New Business,2024-10-28T00:00:00
426,506,14,Catalyst Holdings - Platform Deal,Negotiation,25325,2021-08-07,2021-05-14,,Commit,False,False,CompetitorB,,30,Legal review,New Business,2021-05-14T00:00:00
427,293,9,Velocity Systems - Platform Deal,Prospecting,54730,2025-07-13,2024-12-05,,Pipeline,False,False,CompetitorB,,25,Schedule demo,New Business,2024-12-05T00:00:00
428,69,10,Nexus Dynamics - Platform Deal,Closed Lost,42659,2024-12-31,2024-11-03,Inbound - Web,Omitted,False,True,CompetitorB,Competitor,29,,New Business,2024-11-03T00:00:00
429,85,6,Velocity Platforms - Platform Deal,Qualification,32192,2024-02-20,2023-11-13,Webinar,Best Case,False,False,CompetitorD,,41,Legal review,New Business,2023-11-13T00:00:00
430,696,2,Vanguard Group - Initial License,Prospecting,582936,2025-02-02,2024-10-01,Product-Led,Pipeline,False,False,CompetitorA,,43,Executive alignment,New Business,2024-10-01T00:00:00
431,260,14,Apex Digital - New Business,Qualification,35901,2022-05-27,2022-01-10,Outbound - AE,Best Case,False,False,CompetitorB,,18,Executive alignment,New Business,2022-01-10T00:00:00
432,179,13,Vanguard Networks - Platform Deal,Prospecting,44243,2022-10-06,2022-05-11,Event,Pipeline,False,False,CompetitorD,,13,Send proposal,New Business,2022-05-11T00:00:00
433,654,1,Elevate Analytics - New Business,Proposal,83190,2024-10-30,2024-09-25,Inbound - Web,Best Case,False,False,CompetitorD,,4,Technical review,New Business,2024-09-25T00:00:00
434,460,3,Velocity Networks - Platform Deal,Prospecting,21166,2025-06-02,2024-10-08,Partner Referral,Pipeline,False,False,CompetitorD,,32,Legal review,New Business,2024-10-08T00:00:00
435,299,16,Horizon Enterprises - New Business,Prospecting,31383,2024-08-29,2024-05-17,Inbound - Web,Pipeline,False,False,CompetitorC,,12,Schedule demo,New Business,2024-05-17T00:00:00
436,274,15,Catalyst Group - Platform Deal,Prospecting,53953,2025-04-12,2024-12-04,Event,Pipeline,False,False,CompetitorE,,62,POC setup,New Business,2024-12-04T00:00:00
437,369,12,Acme Software - Initial License,Proposal,14622,2021-07-31,2021-03-08,Outbound - AE,Best Case,False,False,CompetitorB,,20,Send proposal,New Business,2021-03-08T00:00:00
438,177,6,Pinnacle Technologies - Platform Deal,Qualification,27538,2024-11-13,2024-11-29,Event,Best Case,False,False,,,30,Send proposal,New Business,2024-11-29T00:00:00
439,406,10,Vertex Corp - New Business,Negotiation,123905,2025-03-21,2024-12-14,Inbound - Content,Commit,False,False,CompetitorD,,50,Contract signing,New Business,2024-12-14T00:00:00
440,484,11,Fusion Services - New Business,Prospecting,40786,2023-06-05,2022-10-13,Partner Referral,Pipeline,False,False,Open Source Alternative,,30,Reference call,New Business,2022-10-13T00:00:00
441,385,6,Quantum Digital - New Business,Closed Lost,14125,2022-07-28,2022-06-02,Outbound - SDR,Omitted,False,True,CompetitorE,Champion Left,30,,New Business,2022-06-02T00:00:00
442,79,12,Apex Software - New Business,Closed Lost,13243,2024-10-31,2024-06-28,Outbound - SDR,Omitted,False,True,CompetitorB,Champion Left,14,,New Business,2024-06-28T00:00:00
443,228,3,Summit Partners - New Business,Closed Lost,45435,2024-11-16,2024-09-14,,Omitted,False,True,Open Source Alternative,Price,11,,New Business,2024-09-14T00:00:00
444,531,15,Vertex Holdings - New Business,Discovery,39103,2024-07-13,2024-05-26,Partner Referral,Pipeline,False,False,CompetitorE,,54,,New Business,2024-05-26T00:00:00
445,668,1,Summit Software - Initial License,Proposal,71096,2024-11-21,2024-08-20,,Best Case,False,False,CompetitorD,,35,Schedule demo,New Business,2024-08-20T00:00:00
446,903,1,Apex Networks - New Business,Proposal,156662,2022-08-10,2022-06-04,Inbound - Content,Best Case,False,False,,,33,Legal review,New Business,2022-06-04T00:00:00
447,651,11,Apex Corp - New Business,Discovery,39329,2024-01-21,2023-09-13,Event,Pipeline,False,False,Open Source Alternative,,29,,New Business,2023-09-13T00:00:00
448,468,4,Optima Networks - Initial License,Closed Won,36526,2020-12-03,2020-11-16,Inbound - Web,Closed,True,True,CompetitorA,,55,,New Business,2020-11-16T00:00:00
449,955,6,Catalyst Holdings - New Business,Proposal,15882,2024-08-08,2023-11-20,Event,Best Case,False,False,,,53,,New Business,2023-11-20T00:00:00
450,397,12,Elevate Inc - Platform Deal,Qualification,34167,2024-10-01,2024-07-15,Product-Led,Best Case,False,False,,,57,Legal review,New Business,2024-07-15T00:00:00
451,104,4,Velocity Dynamics - Platform Deal,Closed Lost,47082,2024-11-25,2024-09-02,Webinar,Omitted,False,True,CompetitorC,Price,24,,New Business,2024-09-02T00:00:00
452,499,13,Vertex Corp - New Business,Closed Lost,22739,2024-12-17,2024-07-27,Outbound - AE,Omitted,False,True,CompetitorA,Timing,38,,New Business,2024-07-27T00:00:00
453,301,5,Atlas Partners - Initial License,Closed Lost,15490,2024-09-17,2024-08-20,Outbound - SDR,Omitted,False,True,CompetitorA,Competitor,38,,New Business,2024-08-20T00:00:00
454,807,11,Pinnacle Software - New Business,Prospecting,27067,2024-09-06,2024-10-03,Inbound - Content,Pipeline,False,False,CompetitorB,,69,Technical review,New Business,2024-10-03T00:00:00
455,307,16,Summit Software - New Business,Closed Lost,40402,2024-12-31,2024-12-15,Partner Referral,Omitted,False,True,CompetitorD,Timing,58,,New Business,2024-12-15T00:00:00
456,923,9,Apex Platforms - Platform Deal,Discovery,10741,2024-09-27,2024-03-15,Event,Pipeline,False,False,CompetitorE,,45,Contract signing,New Business,2024-03-15T00:00:00
457,826,14,Atlas Analytics - New Business,Negotiation,22162,2023-09-24,2023-05-26,,Commit,False,False,,,12,,New Business,2023-05-26T00:00:00
458,629,8,Elevate Analytics - Platform Deal,Proposal,26940,2023-08-27,2023-09-01,Inbound - Web,Best Case,False,False,CompetitorC,,53,Technical review,New Business,2023-09-01T00:00:00
459,457,16,Velocity Networks - New Business,Qualification,94695,2025-02-19,2024-11-16,Partner Referral,Best Case,False,False,CompetitorE,,60,Executive alignment,New Business,2024-11-16T00:00:00
460,125,3,Acme Corp - New Business,Closed Won,86888,2024-10-31,2024-10-15,Partner Referral,Closed,True,True,,,9,,New Business,2024-10-15T00:00:00
461,601,13,Vanguard Dynamics - Platform Deal,Qualification,46565,2024-08-16,2023-12-19,Outbound - AE,Best Case,False,False,CompetitorC,,18,Schedule demo,New Business,2023-12-19T00:00:00
462,181,8,Atlas Labs - New Business,Closed Won,198253,2024-01-31,2023-11-18,Inbound - Content,Closed,True,True,CompetitorC,,36,,New Business,2023-11-18T00:00:00
463,188,10,Summit Partners - Initial License,Negotiation,23539,2025-04-14,2024-08-08,,Commit,False,False,CompetitorC,,28,Send proposal,New Business,2024-08-08T00:00:00
464,927,14,Catalyst Systems - Initial License,Discovery,5640,2023-01-28,2022-07-17,Inbound - Content,Pipeline,False,False,CompetitorB,,65,Contract signing,New Business,2022-07-17T00:00:00
465,242,10,Atlas Dynamics - Initial License,Discovery,19381,2025-02-05,2024-12-19,Webinar,Pipeline,False,False,CompetitorC,,33,Contract signing,New Business,2024-12-19T00:00:00
466,958,5,Horizon Partners - New Business,Prospecting,20158,2024-07-27,2024-03-10,Product-Led,Pipeline,False,False,CompetitorE,,37,Send proposal,New Business,2024-03-10T00:00:00
467,726,10,Apex Corp - Initial License,Qualification,56850,2023-04-08,2023-01-06,Inbound - Web,Best Case,False,False,Open Source Alternative,,1,Reference call,New Business,2023-01-06T00:00:00
468,414,12,Quantum Systems - Platform Deal,Closed Lost,30393,2023-12-26,2023-08-31,Partner Referral,Omitted,False,True,,Budget Cut,60,,New Business,2023-08-31T00:00:00
469,858,4,Atlas Enterprises - Platform Deal,Closed Lost,27552,2024-12-31,2024-11-28,Outbound - SDR,Omitted,False,True,CompetitorC,Price,27,,New Business,2024-11-28T00:00:00
470,61,7,Optima Group - Platform Deal,Prospecting,35044,2023-07-09,2022-12-04,Event,Pipeline,False,False,,,37,Executive alignment,New Business,2022-12-04T00:00:00
471,293,9,Velocity Systems - New Business,Prospecting,202978,2025-02-02,2024-11-12,Outbound - AE,Pipeline,False,False,CompetitorB,,14,Reference call,New Business,2024-11-12T00:00:00
472,618,8,Vanguard Software - Initial License,Discovery,40213,2024-09-21,2024-08-02,Partner Referral,Pipeline,False,False,CompetitorB,,38,Send proposal,New Business,2024-08-02T00:00:00
473,744,2,Synergy Systems - Platform Deal,Discovery,354754,2025-01-07,2024-10-03,Webinar,Pipeline,False,False,CompetitorE,,19,Send proposal,New Business,2024-10-03T00:00:00
474,287,2,Horizon Labs - Platform Deal,Discovery,39822,2021-10-10,2021-05-10,Webinar,Pipeline,False,False,Open Source Alternative,,16,Legal review,New Business,2021-05-10T00:00:00
475,28,14,Zenith Solutions - Platform Deal,Qualification,132800,2025-09-14,2024-12-18,Product-Led,Best Case,False,False,,,8,Reference call,New Business,2024-12-18T00:00:00
476,150,12,Nexus Services - New Business,Discovery,203531,2023-07-13,2023-01-05,Inbound - Web,Pipeline,False,False,,,5,Executive alignment,New Business,2023-01-05T00:00:00
477,987,1,Vertex Corp - Platform Deal,Prospecting,175442,2024-03-07,2023-08-21,Event,Pipeline,False,False,,,13,Legal review,New Business,2023-08-21T00:00:00
478,905,4,Nova Digital - Platform Deal,Discovery,18530,2025-01-08,2024-06-18,Outbound - AE,Pipeline,False,False,CompetitorE,,11,Contract signing,New Business,2024-06-18T00:00:00
479,261,3,Nova Holdings - New Business,Discovery,143967,2025-04-22,2024-12-20,Inbound - Content,Pipeline,False,False,CompetitorC,,7,Technical review,New Business,2024-12-20T00:00:00
480,567,10,Acme Dynamics - Platform Deal,Qualification,221865,2025-02-26,2024-07-09,Outbound - SDR,Best Case,False,False,,,28,Technical review,New Business,2024-07-09T00:00:00
481,609,3,Atlas Software - Platform Deal,Qualification,202262,2025-08-11,2024-11-16,Inbound - Web,Best Case,False,False,CompetitorB,,2,Send proposal,New Business,2024-11-16T00:00:00
280,939,2,Global Holdings - Initial License,Closed Lost,30159,2024-07-01,2024-04-13,Product-Led,Omitted,False,True,,Feature Gap,5,,New Business,2024-04-13T00:00:00
483,860,16,Pacific Partners - New Business,Closed Lost,62578,2024-12-31,2024-10-08,Event,Omitted,False,True,CompetitorB,Competitor,14,,New Business,2024-10-08T00:00:00
484,104,4,Velocity Dynamics - Initial License,Qualification,10219,2025-03-29,2024-11-28,Outbound - AE,Best Case,False,False,CompetitorB,,24,POC setup,New Business,2024-11-28T00:00:00
485,400,15,Vanguard Inc - Platform Deal,Proposal,24760,2024-05-22,2024-01-27,Product-Led,Best Case,False,False,,,26,POC setup,New Business,2024-01-27T00:00:00
486,879,13,Summit Digital - Initial License,Qualification,102905,2024-07-27,2024-08-15,Outbound - AE,Best Case,False,False,CompetitorB,,49,Legal review,New Business,2024-08-15T00:00:00
487,756,7,Optima Services - Platform Deal,Negotiation,93596,2024-04-26,2023-11-11,Inbound - Content,Commit,False,False,CompetitorD,,19,Send proposal,New Business,2023-11-11T00:00:00
488,975,13,Optima Systems - Initial License,Prospecting,48464,2024-06-01,2024-03-10,Partner Referral,Pipeline,False,False,CompetitorA,,70,Executive alignment,New Business,2024-03-10T00:00:00
489,413,2,Synergy Holdings - Platform Deal,Closed Lost,195906,2023-09-02,2023-05-13,Inbound - Content,Omitted,False,True,,Champion Left,37,,New Business,2023-05-13T00:00:00
490,976,4,Summit Platforms - Initial License,Qualification,199815,2024-11-25,2024-07-16,Outbound - SDR,Best Case,False,False,CompetitorD,,10,Contract signing,New Business,2024-07-16T00:00:00
491,852,9,Synergy Group - Platform Deal,Prospecting,85603,2024-07-22,2024-04-15,Outbound - SDR,Pipeline,False,False,CompetitorC,,2,Executive alignment,New Business,2024-04-15T00:00:00
492,386,1,Elevate Labs - New Business,Proposal,43876,2023-07-03,2023-02-26,Inbound - Web,Best Case,False,False,CompetitorD,,8,Send proposal,New Business,2023-02-26T00:00:00
493,234,3,Summit Labs - Initial License,Qualification,19650,2025-04-11,2024-07-26,Inbound - Web,Best Case,False,False,,,23,Schedule demo,New Business,2024-07-26T00:00:00
494,494,5,Zenith Labs - New Business,Closed Lost,20925,2022-10-30,2022-07-12,Partner Referral,Omitted,False,True,,Lost to Status Quo,11,,New Business,2022-07-12T00:00:00
495,710,7,Pinnacle Labs - New Business,Proposal,101490,2024-12-13,2024-06-28,Partner Referral,Best Case,False,False,Open Source Alternative,,16,Schedule demo,New Business,2024-06-28T00:00:00
496,442,5,Acme Services - Platform Deal,Prospecting,39894,2025-03-03,2024-12-21,Event,Pipeline,False,False,,,19,Executive alignment,New Business,2024-12-21T00:00:00
497,874,6,Atlas Group - Platform Deal,Discovery,32442,2025-02-01,2024-08-25,Outbound - AE,Pipeline,False,False,,,18,,New Business,2024-08-25T00:00:00
498,410,14,Pacific Dynamics - Initial License,Qualification,117442,2021-07-29,2020-12-25,Webinar,Best Case,False,False,CompetitorA,,35,Schedule demo,New Business,2020-12-25T00:00:00
499,698,14,Summit Services - New Business,Discovery,538629,2024-11-28,2024-08-02,Inbound - Web,Pipeline,False,False,CompetitorA,,35,Reference call,New Business,2024-08-02T00:00:00
500,799,9,Global Networks - Platform Deal,Closed Lost,19800,2023-12-28,2023-09-09,,Omitted,False,True,CompetitorB,Feature Gap,46,,New Business,2023-09-09T00:00:00
501,193,9,Summit Corp - New Business,Discovery,1132168,2023-08-20,2023-07-02,Outbound - AE,Pipeline,False,False,CompetitorB,,69,Send proposal,New Business,2023-07-02T00:00:00
502,299,6,Horizon Enterprises - New Business,Prospecting,128243,2023-07-22,2023-06-17,Outbound - AE,Pipeline,False,False,CompetitorC,,4,Schedule demo,New Business,2023-06-17T00:00:00
503,47,3,Atlas Networks - Initial License,Prospecting,134715,2022-07-04,2022-07-12,Partner Referral,Pipeline,False,False,,,22,POC setup,New Business,2022-07-12T00:00:00
504,743,2,Atlas Digital - Renewal,Negotiation,35499,2023-02-18,2022-12-18,Outbound - SDR,Commit,False,False,,,35,POC setup,Renewal,2022-12-18T00:00:00
505,467,9,Pacific Inc - Initial License,Closed Lost,770379,2024-12-31,2024-11-27,Outbound - AE,Omitted,False,True,Open Source Alternative,Budget Cut,64,,New Business,2024-11-27T00:00:00
506,154,13,Nexus Analytics - New Business,Closed Lost,143407,2024-09-29,2024-08-17,Event,Omitted,False,True,CompetitorE,Competitor,77,,New Business,2024-08-17T00:00:00
507,801,6,Nexus Analytics - New Business,Proposal,29041,2024-12-29,2024-09-25,Partner Referral,Best Case,False,False,,,49,Contract signing,New Business,2024-09-25T00:00:00
508,332,9,Velocity Platforms - Platform Deal,Qualification,178821,2022-08-02,2021-11-26,Product-Led,Best Case,False,False,CompetitorE,,28,Reference call,New Business,2021-11-26T00:00:00
509,158,7,Apex Corp - Initial License,Prospecting,199722,2024-09-11,2024-05-26,Webinar,Pipeline,False,False,,,4,Executive alignment,New Business,2024-05-26T00:00:00
510,656,6,Global Platforms - Platform Deal,Proposal,44011,2025-03-26,2024-09-10,Outbound - AE,Best Case,False,False,,,56,Legal review,New Business,2024-09-10T00:00:00
511,660,14,Vertex Labs - New Business,Negotiation,39809,2022-11-20,2022-08-28,Inbound - Content,Commit,False,False,CompetitorB,,11,POC setup,New Business,2022-08-28T00:00:00
512,953,3,Zenith Holdings - New Business,Proposal,132964,2024-04-01,2023-07-08,Inbound - Web,Best Case,False,False,CompetitorC,,20,POC setup,New Business,2023-07-08T00:00:00
513,479,4,Summit Enterprises - Platform Deal,Qualification,16509,2024-10-24,2024-07-13,Outbound - SDR,Best Case,False,False,CompetitorD,,2,Send proposal,New Business,2024-07-13T00:00:00
514,399,2,Apex Inc - New Business,Discovery,43435,2022-02-14,2021-11-04,Webinar,Pipeline,False,False,CompetitorE,,4,Reference call,New Business,2021-11-04T00:00:00
515,547,14,Optima Platforms - Initial License,Closed Lost,41481,2022-12-29,2022-05-14,Outbound - AE,Omitted,False,True,CompetitorD,Timing,1,,New Business,2022-05-14T00:00:00
516,562,16,Zenith Partners - Platform Deal,Closed Won,366101,2024-12-31,2024-09-19,Event,Closed,True,True,,,25,,New Business,2024-09-19T00:00:00
517,763,9,Pinnacle Dynamics - New Business,Closed Lost,11997,2023-07-13,2023-02-08,Webinar,Omitted,False,True,CompetitorC,Budget Cut,14,,New Business,2023-02-08T00:00:00
518,693,13,Apex Corp - Platform Deal,Qualification,186823,2025-07-02,2024-12-28,Inbound - Content,Best Case,False,False,CompetitorA,,39,Contract signing,New Business,2024-12-28T00:00:00
519,605,11,Catalyst Software - New Business,Prospecting,14162,2024-11-01,2024-04-06,Product-Led,Pipeline,False,False,,,45,,New Business,2024-04-06T00:00:00
520,787,11,Velocity Corp - New Business,Negotiation,133604,2023-09-08,2023-10-04,Inbound - Web,Commit,False,False,CompetitorC,,22,Schedule demo,New Business,2023-10-04T00:00:00
521,275,2,Acme Partners - Platform Deal,Proposal,94148,2024-05-14,2023-12-24,,Best Case,False,False,CompetitorE,,20,Reference call,New Business,2023-12-24T00:00:00
522,304,2,Vertex Analytics - Platform Deal,Qualification,127593,2024-06-16,2024-04-22,Inbound - Web,Best Case,False,False,CompetitorD,,6,Reference call,New Business,2024-04-22T00:00:00
523,816,8,Nexus Partners - New Business,Closed Lost,979952,2022-03-20,2021-12-24,Outbound - SDR,Omitted,False,True,CompetitorB,Price,21,,New Business,2021-12-24T00:00:00
524,108,15,Vertex Platforms - Initial License,Closed Lost,17990,2024-12-22,2024-07-19,Partner Referral,Omitted,False,True,CompetitorA,Feature Gap,56,,New Business,2024-07-19T00:00:00
525,67,9,Nexus Platforms - New Business,Prospecting,149922,2021-12-08,2021-06-14,Partner Referral,Pipeline,False,False,CompetitorD,,15,Executive alignment,New Business,2021-06-14T00:00:00
526,295,2,Synergy Enterprises - New Business,Closed Won,43422,2024-12-23,2024-10-16,Outbound - SDR,Closed,True,True,,,7,,New Business,2024-10-16T00:00:00
527,347,4,Fusion Inc - Platform Deal,Closed Won,,2023-02-08,2022-11-19,Partner Referral,Closed,True,True,,,11,,New Business,2022-11-19T00:00:00
528,932,16,Synergy Corp - Initial License,Proposal,58437,2025-03-17,2024-12-16,Outbound - SDR,Best Case,False,False,,,38,Schedule demo,New Business,2024-12-16T00:00:00
26,162,7,Atlas Enterprises - Initial License,Closed Lost,,2024-01-17,2023-11-28,Outbound - AE,Omitted,False,True,CompetitorE,Champion Left,38,,New Business,2023-11-28T00:00:00
530,1000,14,Catalyst Inc - New Business,Proposal,13493,2024-10-25,2024-02-08,Outbound - AE,Best Case,False,False,,,15,Executive alignment,New Business,2024-02-08T00:00:00
531,467,9,Pacific Inc - Initial License,Qualification,816656,2025-02-12,2024-12-05,Event,Best Case,False,False,CompetitorA,,33,,New Business,2024-12-05T00:00:00
532,983,2,Optima Holdings - New Business,Closed Won,631638,2023-12-22,2023-10-13,Partner Referral,Closed,True,True,,,16,,New Business,2023-10-13T00:00:00
533,205,10,Nexus Solutions - New Business,Qualification,183138,2024-10-02,2024-03-19,Partner Referral,Best Case,False,False,CompetitorC,,19,Legal review,New Business,2024-03-19T00:00:00
534,528,11,Nova Systems - Platform Deal,Qualification,194807,2022-12-10,2022-10-11,Product-Led,Best Case,False,False,,,41,POC setup,New Business,2022-10-11T00:00:00
535,881,11,Synergy Inc - Initial License,Qualification,69422,2022-02-04,2022-03-06,Event,Best Case,False,False,CompetitorD,,39,,New Business,2022-03-06T00:00:00
536,782,16,Pacific Platforms - Platform Deal,Closed Lost,18810,2024-12-31,2024-08-19,Webinar,Omitted,False,True,,Budget Cut,6,,New Business,2024-08-19T00:00:00
537,345,16,Zenith Partners - Initial License,Closed Won,145923,2024-12-31,2024-12-08,Product-Led,Closed,True,True,CompetitorA,,53,,New Business,2024-12-08T00:00:00
538,463,7,Zenith Labs - Initial License,Prospecting,74211,2024-11-26,2024-03-26,Inbound - Web,Pipeline,False,False,Open Source Alternative,,25,Technical review,New Business,2024-03-26T00:00:00
539,121,8,Fusion Technologies - New Business,Prospecting,120380,2024-07-16,2024-02-21,Inbound - Web,Pipeline,False,False,Open Source Alternative,,3,Contract signing,New Business,2024-02-21T00:00:00
540,75,16,Optima Solutions - New Business,Closed Lost,25833,2024-09-18,2024-08-06,Outbound - AE,Omitted,False,True,CompetitorB,No Decision,60,,New Business,2024-08-06T00:00:00
541,870,13,Vanguard Systems - New Business,Closed Lost,74848,2023-06-24,2023-03-13,Outbound - SDR,Omitted,False,True,,Champion Left,7,,New Business,2023-03-13T00:00:00
177,597,3,Quantum Holdings - Initial License,Closed Lost,183065,2024-12-24,2024-08-24,Outbound - AE,Omitted,False,True,,Champion Left,15,,New Business,2024-08-24T00:00:00
543,398,11,Velocity Digital - Platform Deal,Discovery,39411,2024-06-02,2023-11-27,Partner Referral,Pipeline,False,False,CompetitorC,,56,Send proposal,New Business,2023-11-27T00:00:00
336,656,6,Global Platforms - Platform Deal,Discovery,50869,2022-11-28,2022-10-14,Event,Pipeline,False,False,CompetitorA,,11,Send proposal,New Business,2022-10-14T00:00:00
545,35,11,Acme Solutions - Platform Deal,Prospecting,34367,2022-11-15,2022-03-14,Webinar,Pipeline,False,False,CompetitorD,,18,Legal review,New Business,2022-03-14T00:00:00
546,893,5,Summit Networks - New Business,Discovery,41140,2025-06-20,2024-10-28,Outbound - AE,Pipeline,False,False,CompetitorA,,24,Technical review,New Business,2024-10-28T00:00:00
547,105,10,Acme Digital - New Business,Closed Won,128697,2024-12-31,2024-08-12,Partner Referral,Closed,True,True,CompetitorE,,48,,New Business,2024-08-12T00:00:00
548,930,7,Optima Corp - Platform Deal,Closed Won,41318,2023-12-19,2023-07-11,Event,Closed,True,True,,,12,,New Business,2023-07-11T00:00:00
549,146,12,Horizon Labs - New Business,Proposal,5541,2024-11-27,2024-10-10,Webinar,Best Case,False,False,CompetitorB,,32,Reference call,New Business,2024-10-10T00:00:00
550,767,5,Pinnacle Inc - New Business,Closed Won,13515,2024-03-16,2024-01-20,Product-Led,Closed,True,True,,,55,,New Business,2024-01-20T00:00:00
551,99,13,Horizon Dynamics - Initial License,Qualification,47806,2024-03-07,2023-08-10,Partner Referral,Best Case,False,False,CompetitorC,,25,Legal review,New Business,2023-08-10T00:00:00
552,892,6,Vanguard Dynamics - Platform Deal,Qualification,48257,2024-12-20,2024-09-05,Event,Best Case,False,False,CompetitorC,,37,Legal review,New Business,2024-09-05T00:00:00
553,529,8,Pacific Partners - Platform Deal,Qualification,21676,2021-07-02,2020-11-19,Product-Led,Best Case,False,False,,,33,Executive alignment,New Business,2020-11-19T00:00:00
554,21,1,Elevate Inc - Platform Deal,Closed Won,27943,2024-11-14,2024-09-26,Webinar,Closed,True,True,,,2,,New Business,2024-09-26T00:00:00
555,559,12,Acme Labs - Initial License,Prospecting,329495,2024-05-28,2024-02-14,Inbound - Web,Pipeline,False,False,CompetitorB,,54,Technical review,New Business,2024-02-14T00:00:00
556,559,12,Acme Labs - Platform Deal,Closed Lost,725123,2023-12-28,2024-01-16,,Omitted,False,True,,No Decision,40,,New Business,2024-01-16T00:00:00
557,483,7,Elevate Group - New Business,Closed Lost,137403,2024-08-04,2024-07-20,Outbound - SDR,Omitted,False,True,,Feature Gap,22,,New Business,2024-07-20T00:00:00
558,345,16,Zenith Partners - Platform Deal,Negotiation,141098,2025-04-01,2024-09-24,Outbound - SDR,Commit,False,False,CompetitorA,,17,Contract signing,New Business,2024-09-24T00:00:00
559,781,1,Vanguard Dynamics - New Business,Prospecting,152497,2024-04-28,2024-03-12,Outbound - SDR,Pipeline,False,False,CompetitorD,,11,Send proposal,New Business,2024-03-12T00:00:00
560,293,9,Velocity Systems - Platform Deal,Closed Lost,111986,2024-12-31,2024-12-30,Product-Led,Omitted,False,True,,Feature Gap,55,,New Business,2024-12-30T00:00:00
561,810,1,Velocity Analytics - New Business,Discovery,181951,2024-05-29,2024-01-04,Outbound - SDR,Pipeline,False,False,CompetitorA,,21,Contract signing,New Business,2024-01-04T00:00:00
562,20,10,Optima Digital - Initial License,Qualification,26305,2023-12-11,2023-05-04,Outbound - SDR,Best Case,False,False,CompetitorC,,27,Legal review,New Business,2023-05-04T00:00:00
563,979,10,Synergy Corp - Initial License,Discovery,6743,2023-11-05,2023-08-16,Product-Led,Pipeline,False,False,CompetitorE,,5,Legal review,New Business,2023-08-16T00:00:00
564,904,1,Optima Holdings - Platform Deal,Qualification,117826,2021-12-04,2021-06-10,Event,Best Case,False,False,CompetitorC,,6,Technical review,New Business,2021-06-10T00:00:00
565,587,9,Nova Software - New Business,Proposal,30396,2023-08-25,2023-03-04,Inbound - Content,Best Case,False,False,,,21,Executive alignment,New Business,2023-03-04T00:00:00
566,87,13,Atlas Solutions - Platform Deal,Qualification,28995,2021-05-19,2021-06-02,Partner Referral,Best Case,False,False,,,41,Legal review,New Business,2021-06-02T00:00:00
567,396,16,Synergy Inc - Platform Deal,Proposal,19725,2023-02-02,2022-12-18,Outbound - SDR,Best Case,False,False,,,18,POC setup,New Business,2022-12-18T00:00:00
568,922,7,Acme Corp - Upsell,Closed Won,47945,2023-05-20,2023-02-20,Inbound - Content,Closed,True,True,CompetitorE,,24,,Expansion,2023-02-20T00:00:00
569,922,7,Acme Corp - Initial License,Prospecting,139724,2024-03-25,2024-02-24,Inbound - Web,Pipeline,False,False,,,23,POC setup,New Business,2024-02-24T00:00:00
570,344,16,Synergy Systems - Platform Deal,Discovery,668605,2024-11-30,2024-10-19,Outbound - SDR,Pipeline,False,False,CompetitorD,,32,,New Business,2024-10-19T00:00:00
571,137,6,Elevate Digital - Platform Deal,Proposal,30077,2021-11-22,2021-05-09,Inbound - Content,Best Case,False,False,CompetitorB,,54,POC setup,New Business,2021-05-09T00:00:00
572,209,15,Vertex Analytics - Platform Deal,Closed Lost,18121,2024-12-31,2024-09-23,Outbound - AE,Omitted,False,True,CompetitorA,Timing,8,,New Business,2024-09-23T00:00:00
573,325,12,Optima Services - Initial License,Qualification,36564,2025-01-16,2024-10-21,Product-Led,Best Case,False,False,CompetitorE,,52,Contract signing,New Business,2024-10-21T00:00:00
574,705,12,Atlas Services - Platform Deal,Closed Lost,111508,2024-08-02,2024-01-31,Webinar,Omitted,False,True,CompetitorA,Feature Gap,21,,New Business,2024-01-31T00:00:00
575,270,3,Nexus Solutions - Initial License,Discovery,44901,2024-06-13,2023-12-24,Partner Referral,Pipeline,False,False,,,37,Contract signing,New Business,2023-12-24T00:00:00
576,674,9,Apex Analytics - Platform Deal,Closed Lost,41628,2022-09-13,2022-07-01,Inbound - Content,Omitted,False,True,CompetitorB,Competitor,46,,New Business,2022-07-01T00:00:00
577,773,5,Fusion Partners - Platform Deal,Prospecting,212400,2025-05-18,2024-10-04,Partner Referral,Pipeline,False,False,CompetitorA,,17,Legal review,New Business,2024-10-04T00:00:00
578,373,5,Global Holdings - Initial License,Discovery,11000,2024-01-16,2023-10-13,Outbound - SDR,Pipeline,False,False,CompetitorA,,39,Executive alignment,New Business,2023-10-13T00:00:00
579,252,12,Velocity Platforms - New Business,Discovery,115553,2021-12-31,2021-11-28,Outbound - AE,Pipeline,False,False,CompetitorD,,47,Executive alignment,New Business,2021-11-28T00:00:00
580,270,3,Nexus Solutions - Initial License,Prospecting,13079,2025-06-11,2024-09-24,,Pipeline,False,False,,,42,Reference call,New Business,2024-09-24T00:00:00
581,522,8,Nexus Platforms - Initial License,Qualification,115507,2024-04-10,2024-01-03,Partner Referral,Best Case,False,False,,,17,Contract signing,New Business,2024-01-03T00:00:00
582,56,14,Pinnacle Digital - New Business,Negotiation,25914,2023-01-05,2022-10-14,Event,Commit,False,False,,,49,Technical review,New Business,2022-10-14T00:00:00
583,453,1,Fusion Corp - Initial License,Qualification,26492,2025-06-30,2024-10-28,Inbound - Web,Best Case,False,False,CompetitorC,,21,Schedule demo,New Business,2024-10-28T00:00:00
584,697,16,Quantum Analytics - New Business,Discovery,40778,2025-05-09,2024-11-20,Outbound - AE,Pipeline,False,False,CompetitorA,,16,Executive alignment,New Business,2024-11-20T00:00:00
585,707,13,Vanguard Technologies - New Business,Prospecting,18815,2023-05-20,2023-03-04,Outbound - AE,Pipeline,False,False,CompetitorD,,10,,New Business,2023-03-04T00:00:00
586,499,16,Vertex Corp - Platform Deal,Proposal,61601,2025-04-28,2024-10-05,Product-Led,Best Case,False,False,,,34,Legal review,New Business,2024-10-05T00:00:00
587,9,7,Optima Solutions - Initial License,Discovery,6914,2025-01-18,2024-06-23,Product-Led,Pipeline,False,False,,,37,Executive alignment,New Business,2024-06-23T00:00:00
588,137,6,Elevate Digital - Initial License,Prospecting,25637,2021-12-08,2021-08-13,Outbound - SDR,Pipeline,False,False,,,14,Send proposal,New Business,2021-08-13T00:00:00
589,542,2,Catalyst Platforms - New Business,Qualification,151772,2025-06-30,2024-11-04,Event,Best Case,False,False,CompetitorA,,42,Schedule demo,New Business,2024-11-04T00:00:00
590,112,11,Nexus Services - Initial License,Qualification,79280,2025-01-16,2024-07-13,Event,Best Case,False,False,CompetitorA,,1,Reference call,New Business,2024-07-13T00:00:00
591,69,10,Nexus Dynamics - New Business,Proposal,41848,2024-07-05,2024-03-07,Outbound - SDR,Best Case,False,False,CompetitorE,,27,Technical review,New Business,2024-03-07T00:00:00
592,369,12,Acme Software - New Business,Closed Lost,31893,2021-12-23,2021-06-10,Outbound - SDR,Omitted,False,True,CompetitorE,Price,15,,New Business,2021-06-10T00:00:00
593,264,3,Apex Digital - Initial License,Closed Won,954763,2024-12-21,2024-09-03,Product-Led,Closed,True,True,,,33,,New Business,2024-09-03T00:00:00
594,201,15,Vertex Platforms - Initial License,Closed Lost,31629,2024-12-11,2024-10-03,,Omitted,False,True,Open Source Alternative,Feature Gap,12,,New Business,2024-10-03T00:00:00
125,264,3,Apex Digital - Initial License,Discovery,906989,2025-08-30,2024-12-10,Outbound - AE,Pipeline,False,False,CompetitorA,,37,,New Business,2024-12-10T00:00:00
596,744,2,Synergy Systems - Platform Deal,Closed Won,528725,2024-07-05,2024-05-08,Inbound - Web,Closed,True,True,CompetitorE,,45,,New Business,2024-05-08T00:00:00
597,503,6,Fusion Platforms - Initial License,Prospecting,70965,2024-09-24,2024-07-24,Event,Pipeline,False,False,CompetitorA,,5,POC setup,New Business,2024-07-24T00:00:00
598,179,13,Vanguard Networks - Initial License,Closed Lost,19667,2024-12-31,2024-09-15,Webinar,Omitted,False,True,,Competitor,11,,New Business,2024-09-15T00:00:00
599,927,14,Catalyst Systems - Platform Deal,Prospecting,15085,2025-01-16,2024-07-14,Partner Referral,Pipeline,False,False,CompetitorA,,55,Contract signing,New Business,2024-07-14T00:00:00
600,330,15,Synergy Analytics - Platform Deal,Qualification,47377,2024-12-29,2024-06-03,Event,Best Case,False,False,CompetitorC,,19,Send proposal,New Business,2024-06-03T00:00:00
601,988,5,Apex Enterprises - New Business,Closed Lost,34702,2023-12-26,2023-12-03,Inbound - Content,Omitted,False,True,,Lost to Status Quo,15,,New Business,2023-12-03T00:00:00
192,683,16,Optima Technologies - Initial License,Qualification,58146,2024-06-27,2024-04-04,Webinar,Best Case,False,False,CompetitorA,,20,Schedule demo,New Business,2024-04-04T00:00:00
603,902,14,Fusion Systems - Initial License,Proposal,18171,2025-08-05,2024-11-20,Outbound - AE,Best Case,False,False,CompetitorA,,6,Reference call,New Business,2024-11-20T00:00:00
604,816,8,Nexus Partners - New Business,Closed Lost,333484,2023-12-20,2023-08-01,Product-Led,Omitted,False,True,CompetitorB,No Decision,47,,New Business,2023-08-01T00:00:00
605,197,9,Vertex Inc - Platform Deal,Closed Lost,140634,2024-09-26,2024-08-25,Inbound - Content,Omitted,False,True,,Champion Left,57,,New Business,2024-08-25T00:00:00
606,828,14,Apex Labs - Platform Deal,Proposal,37095,2024-04-28,2024-03-18,Inbound - Web,Best Case,False,False,,,41,Technical review,New Business,2024-03-18T00:00:00
607,858,4,Atlas Enterprises - New Business,Proposal,25597,2024-06-08,2024-03-18,Webinar,Best Case,False,False,CompetitorB,,39,,New Business,2024-03-18T00:00:00
608,33,13,Fusion Systems - New Business,Prospecting,34301,2025-05-17,2024-12-03,Product-Led,Pipeline,False,False,CompetitorC,,43,,New Business,2024-12-03T00:00:00
609,239,7,Synergy Networks - Additional Seats,Prospecting,32620,2022-08-13,2021-12-15,Outbound - AE,Pipeline,False,False,,,29,,Expansion,2021-12-15T00:00:00
610,566,7,Acme Technologies - New Business,Proposal,26907,2024-03-25,2023-09-03,Inbound - Content,Best Case,False,False,,,56,Executive alignment,New Business,2023-09-03T00:00:00
611,231,10,Nexus Enterprises - New Business,Prospecting,22742,2025-05-06,2024-12-06,Inbound - Web,Pipeline,False,False,CompetitorA,,26,Send proposal,New Business,2024-12-06T00:00:00
612,476,1,Horizon Services - Initial License,Prospecting,69053,2022-03-21,2021-12-03,Product-Led,Pipeline,False,False,CompetitorE,,14,Executive alignment,New Business,2021-12-03T00:00:00
613,619,13,Pacific Networks - Initial License,Closed Lost,17002,2023-09-28,2023-04-23,Product-Led,Omitted,False,True,CompetitorA,No Decision,69,,New Business,2023-04-23T00:00:00
614,657,5,Zenith Labs - Initial License,Negotiation,11775,2023-07-03,2022-11-12,Product-Led,Commit,False,False,CompetitorC,,46,POC setup,New Business,2022-11-12T00:00:00
615,249,6,Apex Solutions - Platform Deal,Prospecting,157127,2022-07-01,2022-05-01,Inbound - Web,Pipeline,False,False,CompetitorA,,14,,New Business,2022-05-01T00:00:00
616,722,11,Horizon Networks - New Business,Negotiation,92781,2024-11-06,2024-06-05,Product-Led,Commit,False,False,CompetitorD,,38,,New Business,2024-06-05T00:00:00
617,563,11,Nova Partners - New Business,Discovery,27355,2025-02-11,2024-10-09,Event,Pipeline,False,False,CompetitorC,,1,Legal review,New Business,2024-10-09T00:00:00
618,489,16,Nova Platforms - Initial License,Qualification,7392,2025-03-07,2024-08-16,Inbound - Web,Best Case,False,False,CompetitorA,,41,Reference call,New Business,2024-08-16T00:00:00
619,338,5,Horizon Software - New Business,Closed Lost,756063,2024-04-19,2024-03-05,Product-Led,Omitted,False,True,CompetitorA,Lost to Status Quo,59,,New Business,2024-03-05T00:00:00
620,384,5,Horizon Digital - Initial License,Discovery,36503,2025-01-05,2024-11-12,Outbound - AE,Pipeline,False,False,CompetitorE,,12,,New Business,2024-11-12T00:00:00
621,316,13,Pinnacle Inc - Initial License,Qualification,52540,2025-03-05,2024-11-06,Event,Best Case,False,False,CompetitorA,,72,Send proposal,New Business,2024-11-06T00:00:00
622,680,12,Zenith Enterprises - New Business,Prospecting,69153,2024-12-05,2024-08-17,Outbound - AE,Pipeline,False,False,,,57,Technical review,New Business,2024-08-17T00:00:00
623,344,16,Synergy Systems - Platform Deal,Closed Won,621933,2024-12-19,2024-09-01,Product-Led,Closed,True,True,,,2,,New Business,2024-09-01T00:00:00
624,925,14,Zenith Technologies - Platform Deal,Closed Lost,,2023-11-07,2023-05-31,Product-Led,Omitted,False,True,CompetitorA,Lost to Status Quo,35,,New Business,2023-05-31T00:00:00
625,177,6,Pinnacle Technologies - Initial License,Qualification,29398,2025-06-19,2024-10-23,,Best Case,False,False,CompetitorE,,9,,New Business,2024-10-23T00:00:00
626,744,2,Synergy Systems - Platform Deal,Prospecting,406235,2024-11-10,2024-03-13,Outbound - AE,Pipeline,False,False,,,17,Contract signing,New Business,2024-03-13T00:00:00
627,936,4,Summit Networks - Platform Deal,Proposal,18350,2025-01-27,2024-11-23,Event,Best Case,False,False,CompetitorE,,45,Schedule demo,New Business,2024-11-23T00:00:00
628,903,8,Apex Networks - Initial License,Closed Won,161901,2023-03-13,2023-01-07,Inbound - Web,Closed,True,True,,,33,,New Business,2023-01-07T00:00:00
629,999,16,Elevate Corp - New Business,Proposal,814195,2025-04-26,2024-12-03,Partner Referral,Best Case,False,False,CompetitorE,,44,Contract signing,New Business,2024-12-03T00:00:00
630,185,4,Zenith Systems - Platform Deal,Proposal,38409,2023-08-11,2023-04-01,Webinar,Best Case,False,False,CompetitorB,,25,Executive alignment,New Business,2023-04-01T00:00:00
631,17,3,Vanguard Inc - New Business,Closed Lost,11560,2023-10-23,2023-08-09,Outbound - SDR,Omitted,False,True,,Competitor,11,,New Business,2023-08-09T00:00:00
632,804,14,Quantum Software - New Business,Prospecting,60847,2024-12-10,2024-05-08,Inbound - Web,Pipeline,False,False,CompetitorB,,37,Executive alignment,New Business,2024-05-08T00:00:00
633,307,16,Summit Software - Initial License,Discovery,19535,2025-04-29,2024-11-17,Event,Pipeline,False,False,,,28,Send proposal,New Business,2024-11-17T00:00:00
634,983,6,Optima Holdings - Initial License,Qualification,476855,2024-01-27,2023-10-17,Outbound - SDR,Best Case,False,False,,,52,POC setup,New Business,2023-10-17T00:00:00
635,633,4,Optima Services - Initial License,Discovery,12785,2025-01-11,2024-04-16,Webinar,Pipeline,False,False,CompetitorB,,28,Executive alignment,New Business,2024-04-16T00:00:00
636,615,5,Pacific Inc - New Business,Discovery,31176,2024-11-07,2024-02-23,Event,Pipeline,False,False,CompetitorA,,26,Contract signing,New Business,2024-02-23T00:00:00
637,727,12,Quantum Platforms - Platform Deal,Qualification,26288,2025-01-15,2024-09-22,Outbound - SDR,Best Case,False,False,,,49,Legal review,New Business,2024-09-22T00:00:00
638,358,10,Summit Technologies - New Business,Qualification,270194,2022-10-11,2022-03-24,Outbound - SDR,Best Case,False,False,CompetitorE,,68,Contract signing,New Business,2022-03-24T00:00:00
639,129,11,Global Networks - Platform Deal,Qualification,43133,2023-02-13,2022-08-06,Partner Referral,Best Case,False,False,,,37,Contract signing,New Business,2022-08-06T00:00:00
640,923,13,Apex Platforms - New Business,Qualification,5192,2024-02-08,2024-02-09,Outbound - AE,Best Case,False,False,CompetitorD,,70,,New Business,2024-02-09T00:00:00
641,693,13,Apex Corp - Initial License,Qualification,,2025-02-14,2024-12-19,Partner Referral,Best Case,False,False,CompetitorD,,10,Executive alignment,New Business,2024-12-19T00:00:00
642,914,5,Quantum Networks - Initial License,Closed Lost,31211,2023-07-21,2023-02-08,Outbound - SDR,Omitted,False,True,CompetitorA,Price,58,,New Business,2023-02-08T00:00:00
643,466,6,Summit Analytics - New Business,Qualification,25165,2025-03-15,2024-12-25,Inbound - Web,Best Case,False,False,CompetitorA,,3,Schedule demo,New Business,2024-12-25T00:00:00
644,450,10,Elevate Services - Platform Deal,Qualification,149592,2021-01-26,2020-08-24,Outbound - AE,Best Case,False,False,CompetitorC,,15,Executive alignment,New Business,2020-08-24T00:00:00
645,57,9,Acme Technologies - Platform Deal,Prospecting,878191,2022-08-15,2022-01-09,Product-Led,Pipeline,False,False,CompetitorB,,68,Technical review,New Business,2022-01-09T00:00:00
646,313,6,Zenith Corp - Platform Deal,Discovery,50344,2025-02-27,2024-10-03,Partner Referral,Pipeline,False,False,CompetitorE,,30,Send proposal,New Business,2024-10-03T00:00:00
647,267,9,Catalyst Inc - New Business,Proposal,217295,2022-05-17,2022-02-23,Inbound - Content,Best Case,False,False,CompetitorA,,24,POC setup,New Business,2022-02-23T00:00:00
648,701,4,Vanguard Enterprises - Initial License,Proposal,184991,2024-06-11,2024-03-17,Outbound - AE,Best Case,False,False,CompetitorB,,37,Technical review,New Business,2024-03-17T00:00:00
649,49,12,Global Holdings - Platform Deal,Closed Lost,99647,2024-12-31,2024-12-01,Outbound - SDR,Omitted,False,True,CompetitorE,Lost to Status Quo,29,,New Business,2024-12-01T00:00:00
650,516,9,Horizon Analytics - New Business,Discovery,41071,2023-04-22,2022-11-18,Webinar,Pipeline,False,False,CompetitorD,,41,,New Business,2022-11-18T00:00:00
651,925,14,Zenith Technologies - New Business,Negotiation,13084,2023-12-26,2023-08-18,Product-Led,Commit,False,False,CompetitorE,,37,,New Business,2023-08-18T00:00:00
652,477,3,Pinnacle Digital - Platform Deal,Discovery,327974,2023-03-23,2023-01-15,Product-Led,Pipeline,False,False,,,5,Technical review,New Business,2023-01-15T00:00:00
653,106,6,Synergy Technologies - New Business,Qualification,67369,2023-11-08,2023-07-14,Partner Referral,Best Case,False,False,Open Source Alternative,,39,Reference call,New Business,2023-07-14T00:00:00
654,226,3,Pacific Dynamics - New Business,Prospecting,214982,2022-04-05,2022-02-12,Outbound - AE,Pipeline,False,False,Open Source Alternative,,43,Legal review,New Business,2022-02-12T00:00:00
655,717,16,Nexus Inc - Initial License,Negotiation,7218,2025-04-11,2024-11-27,Inbound - Content,Commit,False,False,CompetitorB,,32,,New Business,2024-11-27T00:00:00
656,792,5,Nova Solutions - New Business,Qualification,13352,2023-07-07,2023-05-31,Inbound - Content,Best Case,False,False,CompetitorA,,17,Send proposal,New Business,2023-05-31T00:00:00
657,173,12,Synergy Enterprises - New Business,Closed Won,44384,2024-06-18,2024-04-08,Webinar,Closed,True,True,CompetitorE,,20,,New Business,2024-04-08T00:00:00
658,951,13,Catalyst Analytics - Initial License,Prospecting,181913,2024-11-09,2024-10-08,Webinar,Pipeline,False,False,CompetitorE,,70,,New Business,2024-10-08T00:00:00
659,534,5,Catalyst Technologies - New Business,Closed Won,5246,2024-09-23,2024-04-26,Product-Led,Closed,True,True,CompetitorB,,12,,New Business,2024-04-26T00:00:00
660,983,1,Optima Holdings - Platform Deal,Qualification,741769,2024-12-28,2024-08-31,Outbound - SDR,Best Case,False,False,Open Source Alternative,,16,,New Business,2024-08-31T00:00:00
661,206,10,Nexus Platforms - New Business,Proposal,209737,2023-08-21,2023-07-22,,Best Case,False,False,CompetitorB,,32,Schedule demo,New Business,2023-07-22T00:00:00
662,292,3,Summit Networks - Additional Seats,Proposal,33119,2024-12-14,2024-05-18,Event,Best Case,False,False,CompetitorD,,7,Send proposal,Expansion,2024-05-18T00:00:00
663,652,15,Catalyst Analytics - New Business,Qualification,170027,2025-05-12,2024-08-16,Event,Best Case,False,False,,,60,Legal review,New Business,2024-08-16T00:00:00
664,284,14,Global Dynamics - New Business,Proposal,48682,2023-12-30,2023-10-21,Event,Best Case,False,False,,,7,,New Business,2023-10-21T00:00:00
665,699,7,Horizon Dynamics - Initial License,Prospecting,119722,2025-07-27,2024-11-13,Outbound - AE,Pipeline,False,False,,,37,Executive alignment,New Business,2024-11-13T00:00:00
666,200,12,Nova Digital - New Business,Discovery,34448,2024-03-28,2024-02-24,Inbound - Content,Pipeline,False,False,CompetitorD,,57,Technical review,New Business,2024-02-24T00:00:00
667,189,2,Synergy Networks - New Business,Qualification,1149353,2025-04-13,2024-12-23,Outbound - AE,Best Case,False,False,CompetitorC,,2,,New Business,2024-12-23T00:00:00
668,3,1,Pacific Platforms - New Business,Closed Lost,944907,2023-06-28,2023-03-13,Partner Referral,Omitted,False,True,CompetitorD,Timing,17,,New Business,2023-03-13T00:00:00
669,314,15,Pinnacle Inc - New Business,Discovery,155550,2025-06-27,2024-10-14,Partner Referral,Pipeline,False,False,,,49,POC setup,New Business,2024-10-14T00:00:00
670,948,15,Quantum Corp - Initial License,Prospecting,16473,2025-08-21,2024-12-29,Outbound - SDR,Pipeline,False,False,CompetitorE,,35,Executive alignment,New Business,2024-12-29T00:00:00
671,965,7,Zenith Systems - Initial License,Prospecting,36660,2025-04-15,2024-11-30,Partner Referral,Pipeline,False,False,CompetitorA,,24,POC setup,New Business,2024-11-30T00:00:00
672,372,8,Nova Enterprises - Initial License,Negotiation,879076,2024-05-20,2024-01-24,Event,Commit,False,False,CompetitorE,,59,Contract signing,New Business,2024-01-24T00:00:00
673,79,12,Apex Software - New Business,Prospecting,32880,2025-06-08,2024-11-28,Outbound - AE,Pipeline,False,False,CompetitorA,,41,Legal review,New Business,2024-11-28T00:00:00
674,502,8,Velocity Inc - Platform Deal,Closed Lost,145811,2023-03-16,2023-02-06,Event,Omitted,False,True,CompetitorA,Lost to Status Quo,32,,New Business,2023-02-06T00:00:00
675,321,1,Fusion Networks - Platform Deal,Prospecting,18229,2024-10-07,2024-02-11,Partner Referral,Pipeline,False,False,,,13,Executive alignment,New Business,2024-02-11T00:00:00
676,640,7,Acme Holdings - Initial License,Qualification,51901,2025-05-16,2024-12-04,Event,Best Case,False,False,CompetitorC,,25,Schedule demo,New Business,2024-12-04T00:00:00
677,921,14,Global Labs - Platform Deal,Discovery,32631,2025-01-10,2024-10-12,Event,Pipeline,False,False,,,34,Legal review,New Business,2024-10-12T00:00:00
678,500,4,Catalyst Holdings - Initial License,Closed Lost,,2024-12-31,2024-12-19,Outbound - SDR,Omitted,False,True,,Feature Gap,15,,New Business,2024-12-19T00:00:00
679,424,9,Optima Technologies - New Business,Prospecting,55705,2025-05-03,2024-11-25,Partner Referral,Pipeline,False,False,,,47,Contract signing,New Business,2024-11-25T00:00:00
680,345,16,Zenith Partners - Upsell,Discovery,98408,2025-08-24,2024-12-09,Webinar,Pipeline,False,False,,,8,Send proposal,Expansion,2024-12-09T00:00:00
681,767,5,Pinnacle Inc - Additional Seats,Proposal,22970,2023-01-12,2022-10-11,Product-Led,Best Case,False,False,,,56,Technical review,Expansion,2022-10-11T00:00:00
682,789,8,Acme Inc - Initial License,Qualification,30704,2024-02-16,2024-01-12,Webinar,Best Case,False,False,CompetitorD,,59,Send proposal,New Business,2024-01-12T00:00:00
683,297,8,Horizon Corp - New Business,Qualification,65268,2025-06-26,2024-12-10,,Best Case,False,False,CompetitorD,,47,Contract signing,New Business,2024-12-10T00:00:00
684,71,8,Apex Solutions - New Business,Qualification,,2024-12-23,2024-05-25,Product-Led,Best Case,False,False,CompetitorE,,46,,New Business,2024-05-25T00:00:00
685,802,9,Atlas Corp - New Business,Discovery,30037,2025-02-07,2024-07-01,Outbound - SDR,Pipeline,False,False,CompetitorB,,41,Contract signing,New Business,2024-07-01T00:00:00
686,625,15,Elevate Services - New Business,Closed Lost,10640,2024-12-31,2024-11-24,Webinar,Omitted,False,True,CompetitorB,Competitor,37,,New Business,2024-11-24T00:00:00
687,233,13,Synergy Technologies - New Business,Discovery,14275,2025-06-19,2024-12-20,Partner Referral,Pipeline,False,False,CompetitorC,,9,POC setup,New Business,2024-12-20T00:00:00
688,611,1,Horizon Services - Initial License,Prospecting,165878,2024-06-26,2023-12-29,Inbound - Web,Pipeline,False,False,CompetitorB,,26,Technical review,New Business,2023-12-29T00:00:00
689,232,2,Pinnacle Technologies - Platform Deal,Discovery,123648,2025-06-27,2024-11-21,Webinar,Pipeline,False,False,CompetitorC,,31,POC setup,New Business,2024-11-21T00:00:00
690,247,16,Acme Enterprises - New Business,Proposal,46456,2025-07-31,2024-12-01,Outbound - SDR,Best Case,False,False,CompetitorD,,46,Send proposal,New Business,2024-12-01T00:00:00
691,854,5,Pinnacle Systems - Platform Deal,Discovery,39670,2023-05-28,2023-03-04,Event,Pipeline,False,False,,,56,Legal review,New Business,2023-03-04T00:00:00
692,958,5,Horizon Partners - New Business,Discovery,51142,2025-06-01,2024-12-02,Outbound - SDR,Pipeline,False,False,CompetitorE,,36,Legal review,New Business,2024-12-02T00:00:00
693,302,5,Catalyst Partners - New Business,Prospecting,103479,2021-10-03,2021-05-01,Webinar,Pipeline,False,False,CompetitorE,,42,Contract signing,New Business,2021-05-01T00:00:00
694,199,3,Quantum Group - New Business,Closed Lost,151108,2023-11-24,2023-08-04,Webinar,Omitted,False,True,,Timing,30,,New Business,2023-08-04T00:00:00
695,579,4,Summit Partners - New Business,Discovery,26201,2023-09-09,2023-08-07,Product-Led,Pipeline,False,False,,,29,,New Business,2023-08-07T00:00:00
696,651,5,Apex Corp - Initial License,Discovery,37151,2024-07-01,2024-04-13,Webinar,Pipeline,False,False,CompetitorB,,4,Send proposal,New Business,2024-04-13T00:00:00
697,646,4,Nexus Labs - Initial License,Discovery,143010,2024-02-03,2023-10-15,Event,Pipeline,False,False,CompetitorB,,57,POC setup,New Business,2023-10-15T00:00:00
698,896,16,Nexus Enterprises - New Business,Closed Lost,23287,2022-12-25,2022-10-21,Event,Omitted,False,True,CompetitorA,Budget Cut,47,,New Business,2022-10-21T00:00:00
699,936,7,Summit Networks - New Business,Proposal,17324,2024-09-12,2024-01-06,Webinar,Best Case,False,False,CompetitorD,,8,Technical review,New Business,2024-01-06T00:00:00
700,678,4,Nova Systems - New Business,Closed Lost,900487,2024-12-31,2024-09-10,,Omitted,False,True,CompetitorA,Lost to Status Quo,22,,New Business,2024-09-10T00:00:00
124,607,4,Catalyst Services - Initial License,Prospecting,150971,2024-09-28,2024-06-26,Partner Referral,Pipeline,False,False,,,51,POC setup,New Business,2024-06-26T00:00:00
702,314,15,Pinnacle Inc - Platform Deal,Closed Lost,756481,2024-09-28,2024-08-14,Outbound - SDR,Omitted,False,True,CompetitorA,Champion Left,10,,New Business,2024-08-14T00:00:00
703,784,6,Synergy Systems - Initial License,Proposal,153147,2023-06-22,2023-03-28,Outbound - SDR,Best Case,False,False,CompetitorD,,24,Contract signing,New Business,2023-03-28T00:00:00
704,831,13,Elevate Holdings - Platform Deal,Proposal,1003303,2024-07-25,2024-05-09,Inbound - Web,Best Case,False,False,CompetitorC,,19,,New Business,2024-05-09T00:00:00
705,623,12,Velocity Services - New Business,Negotiation,187017,2024-08-06,2024-01-10,Product-Led,Commit,False,False,CompetitorD,,54,POC setup,New Business,2024-01-10T00:00:00
706,58,1,Acme Partners - Initial License,Prospecting,1096139,2023-04-23,2022-08-06,Inbound - Web,Pipeline,False,False,CompetitorE,,44,Reference call,New Business,2022-08-06T00:00:00
707,354,4,Synergy Software - Initial License,Closed Lost,80241,2024-09-03,2024-07-19,Partner Referral,Omitted,False,True,,Price,4,,New Business,2024-07-19T00:00:00
708,982,15,Vertex Group - Platform Deal,Closed Lost,6856,2024-12-31,2024-12-06,Partner Referral,Omitted,False,True,CompetitorB,Competitor,21,,New Business,2024-12-06T00:00:00
709,683,16,Optima Technologies - Platform Deal,Prospecting,37275,2025-04-08,2024-08-19,Inbound - Content,Pipeline,False,False,CompetitorA,,33,Send proposal,New Business,2024-08-19T00:00:00
710,632,5,Catalyst Digital - New Business,Prospecting,115498,2022-11-18,2022-04-17,Outbound - AE,Pipeline,False,False,,,3,Schedule demo,New Business,2022-04-17T00:00:00
711,86,9,Velocity Inc - Platform Deal,Closed Lost,91206,2022-11-29,2022-05-08,Product-Led,Omitted,False,True,CompetitorE,Budget Cut,67,,New Business,2022-05-08T00:00:00
712,832,9,Optima Digital - Platform Deal,Closed Lost,9110,2023-06-16,2022-11-05,Inbound - Web,Omitted,False,True,CompetitorA,Price,39,,New Business,2022-11-05T00:00:00
713,248,12,Fusion Corp - Initial License,Negotiation,117043,2022-08-07,2021-12-11,Webinar,Commit,False,False,,,10,Legal review,New Business,2021-12-11T00:00:00
714,444,7,Catalyst Analytics - Contract Renewal,Qualification,38801,2023-01-05,2022-07-09,Event,Best Case,False,False,CompetitorC,,12,Technical review,Renewal,2022-07-09T00:00:00
715,850,5,Nexus Dynamics - Initial License,Discovery,180776,2024-07-21,2024-07-25,Inbound - Content,Pipeline,False,False,CompetitorD,,25,Legal review,New Business,2024-07-25T00:00:00
716,895,6,Synergy Services - Platform Deal,Closed Won,319125,2024-12-22,2024-08-08,Webinar,Closed,True,True,Open Source Alternative,,53,,New Business,2024-08-08T00:00:00
717,199,3,Quantum Group - New Business,Proposal,892891,2024-09-21,2024-05-15,,Best Case,False,False,CompetitorE,,8,Technical review,New Business,2024-05-15T00:00:00
718,458,9,Synergy Dynamics - New Business,Prospecting,30159,2023-04-23,2022-08-23,Partner Referral,Pipeline,False,False,,,30,POC setup,New Business,2022-08-23T00:00:00
719,418,16,Zenith Networks - Platform Deal,Discovery,20725,2025-03-29,2024-12-12,Webinar,Pipeline,False,False,,,43,Technical review,New Business,2024-12-12T00:00:00
720,666,8,Fusion Networks - Platform Deal,Qualification,444396,2024-06-30,2024-01-14,Inbound - Web,Best Case,False,False,,,38,Technical review,New Business,2024-01-14T00:00:00
721,326,9,Pinnacle Corp - Initial License,Proposal,156372,2023-09-07,2023-06-09,Inbound - Web,Best Case,False,False,CompetitorE,,46,Reference call,New Business,2023-06-09T00:00:00
722,568,7,Pacific Group - New Business,Closed Lost,33700,2024-10-12,2024-09-28,Product-Led,Omitted,False,True,CompetitorA,No Decision,17,,New Business,2024-09-28T00:00:00
723,625,9,Elevate Services - Initial License,Proposal,45014,2025-06-23,2024-12-19,Partner Referral,Best Case,False,False,CompetitorD,,3,Legal review,New Business,2024-12-19T00:00:00
724,966,5,Fusion Platforms - Platform Deal,Prospecting,348803,2025-05-23,2024-10-19,Inbound - Content,Pipeline,False,False,Open Source Alternative,,34,POC setup,New Business,2024-10-19T00:00:00
725,456,2,Horizon Labs - New Business,Discovery,26170,2023-08-30,2023-01-12,Product-Led,Pipeline,False,False,,,42,Send proposal,New Business,2023-01-12T00:00:00
726,603,7,Velocity Corp - Platform Deal,Qualification,9396,2024-07-26,2024-04-05,Inbound - Web,Best Case,False,False,,,14,Schedule demo,New Business,2024-04-05T00:00:00
727,640,7,Acme Holdings - New Business,Proposal,147942,2024-07-01,2024-03-18,Inbound - Web,Best Case,False,False,CompetitorE,,33,Executive alignment,New Business,2024-03-18T00:00:00
728,926,4,Summit Digital - Initial License,Proposal,15821,2024-06-17,2023-12-27,Event,Best Case,False,False,CompetitorE,,14,Contract signing,New Business,2023-12-27T00:00:00
729,314,15,Pinnacle Inc - Initial License,Qualification,437126,2024-07-26,2024-05-07,Partner Referral,Best Case,False,False,CompetitorB,,16,,New Business,2024-05-07T00:00:00
730,48,3,Catalyst Software - Platform Deal,Discovery,45296,2024-08-27,2024-05-30,Partner Referral,Pipeline,False,False,,,35,,New Business,2024-05-30T00:00:00
731,498,2,Optima Platforms - New Business,Discovery,26059,2024-01-31,2023-12-20,Webinar,Pipeline,False,False,,,10,Contract signing,New Business,2023-12-20T00:00:00
732,442,5,Acme Services - Initial License,Closed Lost,25435,2024-12-28,2024-05-31,Webinar,Omitted,False,True,CompetitorB,Champion Left,58,,New Business,2024-05-31T00:00:00
733,491,11,Horizon Partners - Platform Deal,Proposal,25993,2024-04-06,2023-10-05,Product-Led,Best Case,False,False,CompetitorE,,39,Send proposal,New Business,2023-10-05T00:00:00
734,626,9,Synergy Inc - Initial License,Qualification,87637,2022-10-10,2022-02-18,Product-Led,Best Case,False,False,CompetitorE,,68,Executive alignment,New Business,2022-02-18T00:00:00
735,119,4,Zenith Networks - Initial License,Discovery,15351,2021-11-08,2021-06-26,Webinar,Pipeline,False,False,CompetitorB,,2,Reference call,New Business,2021-06-26T00:00:00
736,639,16,Vertex Systems - Expansion,Proposal,,2025-03-27,2024-09-20,Product-Led,Best Case,False,False,,,35,,Expansion,2024-09-20T00:00:00
737,467,9,Pacific Inc - New Business,Proposal,532792,2025-05-23,2024-11-18,Webinar,Best Case,False,False,,,4,Executive alignment,New Business,2024-11-18T00:00:00
738,152,14,Catalyst Labs - Platform Deal,Negotiation,166503,2025-03-10,2024-09-08,Event,Commit,False,False,CompetitorC,,26,,New Business,2024-09-08T00:00:00
739,330,14,Synergy Analytics - New Business,Discovery,10989,2025-07-06,2024-12-12,Inbound - Content,Pipeline,False,False,CompetitorD,,71,,New Business,2024-12-12T00:00:00
740,182,2,Zenith Platforms - Platform Deal,Closed Won,469253,2024-05-21,2024-01-27,Inbound - Web,Closed,True,True,CompetitorD,,26,,New Business,2024-01-27T00:00:00
741,859,5,Pacific Analytics - New Business,Proposal,28540,2021-01-02,2020-09-09,Event,Best Case,False,False,CompetitorD,,13,Executive alignment,New Business,2020-09-09T00:00:00
742,250,3,Global Analytics - Platform Deal,Prospecting,181496,2023-12-04,2023-10-21,Partner Referral,Pipeline,False,False,,,16,Reference call,New Business,2023-10-21T00:00:00
743,931,7,Atlas Analytics - Platform Deal,Negotiation,7082,2025-05-02,2024-12-13,Product-Led,Commit,False,False,CompetitorB,,27,Technical review,New Business,2024-12-13T00:00:00
744,153,3,Nexus Technologies - New Business,Closed Lost,49547,2024-09-20,2024-08-25,,Omitted,False,True,Open Source Alternative,Budget Cut,37,,New Business,2024-08-25T00:00:00
745,613,6,Vanguard Dynamics - Platform Deal,Proposal,26518,2023-06-10,2023-02-05,Product-Led,Best Case,False,False,,,13,Technical review,New Business,2023-02-05T00:00:00
746,398,11,Velocity Digital - Platform Deal,Discovery,17011,2023-10-27,2023-07-12,Outbound - AE,Pipeline,False,False,CompetitorD,,25,POC setup,New Business,2023-07-12T00:00:00
747,662,2,Optima Services - Platform Deal,Prospecting,21788,2023-11-13,2023-08-26,Event,Pipeline,False,False,CompetitorA,,18,Contract signing,New Business,2023-08-26T00:00:00
748,736,2,Horizon Dynamics - Initial License,Prospecting,547336,2024-11-23,2024-07-26,Webinar,Pipeline,False,False,,,3,Send proposal,New Business,2024-07-26T00:00:00
749,466,6,Summit Analytics - Initial License,Closed Won,18596,2022-06-21,2022-03-06,Event,Closed,True,True,CompetitorE,,8,,New Business,2022-03-06T00:00:00
750,797,8,Atlas Group - Platform Deal,Discovery,6752,2025-05-06,2024-10-10,Webinar,Pipeline,False,False,CompetitorB,,56,Technical review,New Business,2024-10-10T00:00:00
751,808,13,Nexus Group - Initial License,Discovery,165695,2025-01-15,2024-10-07,Inbound - Content,Pipeline,False,False,Open Source Alternative,,50,Executive alignment,New Business,2024-10-07T00:00:00
752,393,3,Global Services - Platform Deal,Qualification,394397,2023-03-17,2023-01-31,Inbound - Content,Best Case,False,False,CompetitorB,,8,Executive alignment,New Business,2023-01-31T00:00:00
753,177,6,Pinnacle Technologies - Platform Deal,Closed Won,52275,2024-12-31,2024-11-26,Event,Closed,True,True,Open Source Alternative,,29,,New Business,2024-11-26T00:00:00
754,94,2,Horizon Solutions - Expansion,Prospecting,80666,2024-01-07,2023-09-14,Event,Pipeline,False,False,CompetitorD,,8,,Expansion,2023-09-14T00:00:00
755,145,8,Nova Software - Initial License,Qualification,18734,2025-06-26,2024-12-06,Partner Referral,Best Case,False,False,CompetitorE,,44,Send proposal,New Business,2024-12-06T00:00:00
756,55,8,Elevate Enterprises - Platform Deal,Discovery,366563,2025-06-10,2024-10-09,Partner Referral,Pipeline,False,False,Open Source Alternative,,15,Contract signing,New Business,2024-10-09T00:00:00
757,552,2,Fusion Technologies - Platform Deal,Proposal,188911,2024-06-18,2024-02-02,Inbound - Web,Best Case,False,False,CompetitorA,,17,Reference call,New Business,2024-02-02T00:00:00
758,860,8,Pacific Partners - Initial License,Prospecting,134897,2024-11-01,2024-09-18,,Pipeline,False,False,Open Source Alternative,,20,Schedule demo,New Business,2024-09-18T00:00:00
759,303,12,Pacific Software - Platform Deal,Prospecting,10623,2024-11-25,2024-05-01,Product-Led,Pipeline,False,False,Open Source Alternative,,24,,New Business,2024-05-01T00:00:00
760,473,1,Pinnacle Enterprises - New Business,Negotiation,15876,2025-08-02,2024-12-08,Outbound - SDR,Commit,False,False,CompetitorB,,27,Executive alignment,New Business,2024-12-08T00:00:00
761,313,16,Zenith Corp - New Business,Proposal,62514,2025-02-04,2024-10-21,Outbound - SDR,Best Case,False,False,CompetitorB,,51,Schedule demo,New Business,2024-10-21T00:00:00
762,636,13,Apex Technologies - Initial License,Discovery,,2023-04-13,2022-10-02,Event,Pipeline,False,False,CompetitorD,,50,,New Business,2022-10-02T00:00:00
763,847,13,Nexus Group - Platform Deal,Qualification,60613,2021-09-17,2021-02-25,,Best Case,False,False,,,55,,New Business,2021-02-25T00:00:00
764,876,14,Nexus Analytics - Initial License,Proposal,168586,2022-12-19,2022-08-16,Outbound - SDR,Best Case,False,False,CompetitorD,,69,POC setup,New Business,2022-08-16T00:00:00
765,639,16,Vertex Systems - Initial License,Proposal,193046,2025-06-05,2024-11-20,Partner Referral,Best Case,False,False,CompetitorE,,49,POC setup,New Business,2024-11-20T00:00:00
766,259,16,Global Partners - Platform Deal,Proposal,198018,2025-02-18,2024-11-18,Inbound - Web,Best Case,False,False,Open Source Alternative,,2,Reference call,New Business,2024-11-18T00:00:00
767,310,12,Velocity Corp - New Business,Proposal,32476,2024-03-13,2024-01-17,Outbound - SDR,Best Case,False,False,CompetitorD,,17,Legal review,New Business,2024-01-17T00:00:00
768,98,15,Atlas Software - Platform Deal,Prospecting,87246,2022-11-08,2022-06-30,Inbound - Web,Pipeline,False,False,CompetitorB,,41,Executive alignment,New Business,2022-06-30T00:00:00
769,24,10,Synergy Software - Initial License,Qualification,27821,2025-07-28,2024-11-14,Inbound - Web,Best Case,False,False,,,14,Reference call,New Business,2024-11-14T00:00:00
770,789,8,Acme Inc - New Business,Discovery,49209,2025-02-01,2024-06-01,Product-Led,Pipeline,False,False,Open Source Alternative,,28,Schedule demo,New Business,2024-06-01T00:00:00
771,215,2,Acme Holdings - Initial License,Negotiation,572106,2022-07-19,2021-12-17,Outbound - AE,Commit,False,False,CompetitorC,,29,,New Business,2021-12-17T00:00:00
772,204,5,Atlas Group - New Business,Prospecting,125648,2025-08-06,2024-12-01,Inbound - Content,Pipeline,False,False,CompetitorD,,14,,New Business,2024-12-01T00:00:00
773,265,10,Horizon Group - New Business,Proposal,13338,2024-04-16,2023-08-08,Product-Led,Best Case,False,False,,,68,Schedule demo,New Business,2023-08-08T00:00:00
774,699,7,Horizon Dynamics - Initial License,Proposal,37478,2023-12-28,2023-05-19,Webinar,Best Case,False,False,,,1,POC setup,New Business,2023-05-19T00:00:00
775,256,5,Summit Inc - New Business,Closed Lost,30061,2022-02-22,2021-11-17,Event,Omitted,False,True,CompetitorB,Budget Cut,27,,New Business,2021-11-17T00:00:00
776,393,7,Global Services - New Business,Closed Lost,182413,2022-11-26,2022-11-09,Event,Omitted,False,True,,Timing,16,,New Business,2022-11-09T00:00:00
777,563,11,Nova Partners - Platform Deal,Qualification,6133,2024-11-26,2024-10-11,Inbound - Web,Best Case,False,False,Open Source Alternative,,9,,New Business,2024-10-11T00:00:00
778,37,2,Fusion Solutions - New Business,Prospecting,169775,2024-12-26,2024-04-23,,Pipeline,False,False,CompetitorA,,16,Legal review,New Business,2024-04-23T00:00:00
779,634,14,Nova Partners - New Business,Discovery,21583,2023-02-24,2022-11-29,Partner Referral,Pipeline,False,False,CompetitorC,,26,Executive alignment,New Business,2022-11-29T00:00:00
780,819,14,Apex Platforms - New Business,Closed Lost,18076,2024-12-31,2024-12-25,Inbound - Web,Omitted,False,True,CompetitorA,Price,65,,New Business,2024-12-25T00:00:00
781,26,13,Apex Technologies - Platform Deal,Closed Lost,173668,2024-01-24,2023-06-27,Webinar,Omitted,False,True,CompetitorB,Feature Gap,77,,New Business,2023-06-27T00:00:00
782,802,9,Atlas Corp - New Business,Closed Lost,20163,2024-09-26,2024-02-18,Webinar,Omitted,False,True,CompetitorB,Lost to Status Quo,37,,New Business,2024-02-18T00:00:00
783,77,5,Apex Group - Platform Deal,Closed Won,89062,2024-12-31,2024-10-29,Webinar,Closed,True,True,,,33,,New Business,2024-10-29T00:00:00
784,983,1,Optima Holdings - Platform Deal,Prospecting,833199,2025-05-12,2024-12-26,,Pipeline,False,False,CompetitorE,,25,Legal review,New Business,2024-12-26T00:00:00
785,433,14,Pacific Holdings - New Business,Discovery,106609,2023-10-10,2023-02-15,Event,Pipeline,False,False,CompetitorB,,77,Technical review,New Business,2023-02-15T00:00:00
786,930,7,Optima Corp - New Business,Discovery,37710,2022-09-23,2022-10-17,Outbound - AE,Pipeline,False,False,,,42,POC setup,New Business,2022-10-17T00:00:00
787,191,1,Global Enterprises - New Business,Qualification,144663,2022-07-23,2021-11-21,,Best Case,False,False,,,36,Send proposal,New Business,2021-11-21T00:00:00
788,336,6,Global Corp - Platform Deal,Closed Lost,453287,2024-04-27,2024-01-21,Event,Omitted,False,True,CompetitorE,Feature Gap,6,,New Business,2024-01-21T00:00:00
253,817,5,Nexus Analytics - Initial License,Closed Won,136992,2024-12-31,2024-10-14,Event,Closed,True,True,,,38,,New Business,2024-10-14T00:00:00
790,273,10,Pacific Holdings - Initial License,Qualification,45436,2024-03-07,2024-03-31,Webinar,Best Case,False,False,,,69,POC setup,New Business,2024-03-31T00:00:00
791,169,13,Nova Analytics - New Business,Proposal,95636,2024-09-04,2024-09-11,Webinar,Best Case,False,False,CompetitorA,,70,,New Business,2024-09-11T00:00:00
792,986,9,Nexus Partners - New Business,Closed Lost,107299,2023-05-30,2023-01-29,,Omitted,False,True,,Feature Gap,26,,New Business,2023-01-29T00:00:00
793,383,1,Nova Technologies - Initial License,Prospecting,32409,2025-04-18,2024-10-12,Inbound - Web,Pipeline,False,False,CompetitorE,,30,Send proposal,New Business,2024-10-12T00:00:00
794,813,15,Pinnacle Group - Platform Deal,Closed Lost,8760,2024-10-15,2024-09-02,Event,Omitted,False,True,CompetitorA,No Decision,31,,New Business,2024-09-02T00:00:00
795,190,16,Zenith Partners - New Business,Closed Lost,63925,2023-12-27,2023-06-03,Outbound - SDR,Omitted,False,True,Open Source Alternative,No Decision,4,,New Business,2023-06-03T00:00:00
796,51,6,Nexus Dynamics - Initial License,Prospecting,42259,2025-03-19,2024-12-30,Outbound - SDR,Pipeline,False,False,CompetitorB,,47,Legal review,New Business,2024-12-30T00:00:00
797,240,9,Acme Dynamics - Platform Deal,Proposal,212942,2023-11-25,2023-09-03,Partner Referral,Best Case,False,False,CompetitorE,,39,Contract signing,New Business,2023-09-03T00:00:00
798,751,6,Apex Partners - New Business,Closed Lost,99391,2022-06-17,2022-02-27,Inbound - Content,Omitted,False,True,CompetitorC,Feature Gap,45,,New Business,2022-02-27T00:00:00
799,924,3,Nexus Group - New Business,Closed Lost,47769,2024-12-31,2024-11-01,Inbound - Web,Omitted,False,True,CompetitorD,Competitor,8,,New Business,2024-11-01T00:00:00
800,252,12,Velocity Platforms - Platform Deal,Discovery,105502,2024-10-25,2024-02-06,Outbound - AE,Pipeline,False,False,Open Source Alternative,,60,,New Business,2024-02-06T00:00:00
801,425,7,Zenith Software - Platform Deal,Discovery,12388,2025-01-14,2024-11-05,Event,Pipeline,False,False,CompetitorE,,33,Executive alignment,New Business,2024-11-05T00:00:00
802,771,16,Vanguard Dynamics - New Business,Closed Lost,24938,2024-01-09,2023-08-08,Inbound - Content,Omitted,False,True,CompetitorD,Budget Cut,50,,New Business,2023-08-08T00:00:00
803,316,13,Pinnacle Inc - New Business,Discovery,,2025-03-23,2024-08-01,Partner Referral,Pipeline,False,False,CompetitorE,,13,Reference call,New Business,2024-08-01T00:00:00
804,100,16,Global Group - Initial License,Qualification,35931,2023-11-27,2023-09-25,Outbound - SDR,Best Case,False,False,CompetitorB,,27,,New Business,2023-09-25T00:00:00
352,738,12,Velocity Group - New Business,Negotiation,970788,2021-12-27,2021-08-07,Event,Commit,False,False,,,24,Executive alignment,New Business,2021-08-07T00:00:00
806,937,6,Elevate Technologies - Platform Deal,Negotiation,26158,2024-07-13,2024-04-05,Product-Led,Commit,False,False,,,60,,New Business,2024-04-05T00:00:00
807,877,7,Nova Inc - New Business,Prospecting,23337,2025-07-05,2024-12-23,Inbound - Web,Pipeline,False,False,,,59,Technical review,New Business,2024-12-23T00:00:00
808,786,1,Catalyst Corp - Upsell,Closed Lost,37325,2024-05-16,2024-01-17,Outbound - SDR,Omitted,False,True,CompetitorC,Timing,1,,Expansion,2024-01-17T00:00:00
809,476,1,Horizon Services - Platform Deal,Prospecting,234302,2025-04-07,2024-11-07,Outbound - SDR,Pipeline,False,False,,,13,POC setup,New Business,2024-11-07T00:00:00
810,218,15,Nexus Technologies - New Business,Discovery,28694,2025-08-10,2024-12-05,,Pipeline,False,False,CompetitorA,,61,POC setup,New Business,2024-12-05T00:00:00
811,568,3,Pacific Group - Initial License,Prospecting,,2025-06-11,2024-11-26,Outbound - SDR,Pipeline,False,False,CompetitorC,,5,,New Business,2024-11-26T00:00:00
604,970,16,Catalyst Partners - New Business,Prospecting,97319,2025-07-30,2024-12-22,Outbound - AE,Pipeline,False,False,CompetitorC,,18,Reference call,New Business,2024-12-22T00:00:00
813,682,5,Acme Partners - New Business,Negotiation,36017,2024-06-06,2024-04-13,Partner Referral,Commit,False,False,,,49,Technical review,New Business,2024-04-13T00:00:00
814,948,15,Quantum Corp - Platform Deal,Prospecting,25106,2025-04-30,2024-12-30,Partner Referral,Pipeline,False,False,CompetitorB,,53,Reference call,New Business,2024-12-30T00:00:00
815,344,16,Synergy Systems - Upsell,Discovery,139017,2025-03-22,2024-12-15,Event,Pipeline,False,False,Open Source Alternative,,30,Technical review,Expansion,2024-12-15T00:00:00
816,802,1,Atlas Corp - Platform Deal,Qualification,11380,2025-03-04,2024-06-14,,Best Case,False,False,,,29,Reference call,New Business,2024-06-14T00:00:00
817,649,3,Elevate Partners - Platform Deal,Prospecting,400015,2023-12-29,2023-11-20,Partner Referral,Pipeline,False,False,CompetitorE,,42,POC setup,New Business,2023-11-20T00:00:00
818,740,11,Optima Labs - Initial License,Discovery,18104,2024-09-02,2024-03-26,Inbound - Web,Pipeline,False,False,,,49,POC setup,New Business,2024-03-26T00:00:00
819,930,7,Optima Corp - Additional Seats,Closed Won,8101,2022-05-01,2022-01-19,Outbound - SDR,Closed,True,True,,,30,,Expansion,2022-01-19T00:00:00
820,677,13,Vanguard Holdings - New Business,Qualification,45228,2024-03-22,2023-10-12,Product-Led,Best Case,False,False,Open Source Alternative,,44,,New Business,2023-10-12T00:00:00
821,574,4,Acme Solutions - New Business,Qualification,18293,2025-03-08,2024-12-01,Outbound - AE,Best Case,False,False,CompetitorD,,22,Send proposal,New Business,2024-12-01T00:00:00
822,501,4,Acme Digital - Initial License,Prospecting,15008,2024-07-27,2023-11-16,Inbound - Content,Pipeline,False,False,CompetitorB,,7,POC setup,New Business,2023-11-16T00:00:00
823,882,16,Pinnacle Analytics - Platform Deal,Qualification,19627,2025-02-28,2024-12-07,Webinar,Best Case,False,False,CompetitorD,,11,Reference call,New Business,2024-12-07T00:00:00
824,208,9,Fusion Digital - New Business,Qualification,21410,2024-10-15,2024-08-22,Product-Led,Best Case,False,False,CompetitorD,,54,Schedule demo,New Business,2024-08-22T00:00:00
825,212,8,Nova Corp - Initial License,Prospecting,67437,2025-03-28,2024-07-19,Outbound - SDR,Pipeline,False,False,,,54,Technical review,New Business,2024-07-19T00:00:00
826,251,6,Quantum Dynamics - Platform Deal,Qualification,18840,2022-10-27,2022-02-11,Webinar,Best Case,False,False,CompetitorD,,43,Executive alignment,New Business,2022-02-11T00:00:00
827,209,15,Vertex Analytics - Initial License,Prospecting,23940,2025-04-29,2024-12-02,Inbound - Content,Pipeline,False,False,CompetitorC,,12,POC setup,New Business,2024-12-02T00:00:00
828,257,1,Zenith Technologies - Initial License,Closed Lost,199093,2023-12-28,2023-12-08,Inbound - Web,Omitted,False,True,CompetitorE,Budget Cut,36,,New Business,2023-12-08T00:00:00
829,1000,16,Catalyst Inc - New Business,Discovery,21525,2024-12-18,2024-03-23,Inbound - Content,Pipeline,False,False,CompetitorC,,10,POC setup,New Business,2024-03-23T00:00:00
830,697,10,Quantum Analytics - New Business,Proposal,46027,2025-06-15,2024-10-09,Outbound - SDR,Best Case,False,False,CompetitorA,,24,,New Business,2024-10-09T00:00:00
831,716,3,Nexus Networks - Platform Deal,Qualification,48594,2025-07-28,2024-12-18,Event,Best Case,False,False,Open Source Alternative,,34,Reference call,New Business,2024-12-18T00:00:00
832,751,6,Apex Partners - New Business,Qualification,13869,2024-05-25,2024-04-15,Product-Led,Best Case,False,False,CompetitorC,,48,Contract signing,New Business,2024-04-15T00:00:00
833,1000,16,Catalyst Inc - New Business,Proposal,6507,2024-01-31,2024-02-13,Outbound - AE,Best Case,False,False,Open Source Alternative,,17,Technical review,New Business,2024-02-13T00:00:00
834,768,12,Pacific Labs - Platform Deal,Qualification,93830,2021-11-15,2021-04-19,Inbound - Web,Best Case,False,False,CompetitorD,,15,Executive alignment,New Business,2021-04-19T00:00:00
835,119,4,Zenith Networks - New Business,Closed Lost,9682,2023-06-01,2022-12-05,Webinar,Omitted,False,True,CompetitorB,Timing,47,,New Business,2022-12-05T00:00:00
836,62,5,Velocity Networks - Platform Deal,Prospecting,104450,2024-09-01,2024-07-12,Webinar,Pipeline,False,False,CompetitorE,,24,Schedule demo,New Business,2024-07-12T00:00:00
837,644,9,Elevate Group - Platform Deal,Prospecting,24730,2025-06-06,2024-11-14,Event,Pipeline,False,False,CompetitorE,,65,Schedule demo,New Business,2024-11-14T00:00:00
838,863,6,Apex Platforms - Platform Deal,Prospecting,948328,2025-01-03,2024-08-26,Outbound - SDR,Pipeline,False,False,CompetitorA,,24,Send proposal,New Business,2024-08-26T00:00:00
839,568,5,Pacific Group - New Business,Closed Lost,6088,2024-12-31,2024-11-22,Inbound - Content,Omitted,False,True,CompetitorB,Budget Cut,57,,New Business,2024-11-22T00:00:00
840,474,6,Elevate Partners - Initial License,Negotiation,982229,2021-07-20,2021-01-11,Inbound - Web,Commit,False,False,CompetitorA,,54,,New Business,2021-01-11T00:00:00
841,324,5,Quantum Group - Initial License,Qualification,195795,2023-06-23,2022-10-01,Inbound - Web,Best Case,False,False,,,9,Technical review,New Business,2022-10-01T00:00:00
842,130,5,Vertex Enterprises - Initial License,Closed Lost,19853,2024-06-26,2024-01-19,,Omitted,False,True,Open Source Alternative,Lost to Status Quo,22,,New Business,2024-01-19T00:00:00
843,673,3,Optima Networks - New Business,Proposal,157327,2025-08-19,2024-12-13,Partner Referral,Best Case,False,False,CompetitorD,,22,Send proposal,New Business,2024-12-13T00:00:00
844,787,11,Velocity Corp - Initial License,Closed Lost,87118,2024-09-18,2024-07-06,Product-Led,Omitted,False,True,CompetitorB,Timing,39,,New Business,2024-07-06T00:00:00
845,2,12,Pacific Software - Platform Deal,Proposal,99905,2023-09-05,2023-02-08,Inbound - Content,Best Case,False,False,,,19,Executive alignment,New Business,2023-02-08T00:00:00
846,382,11,Elevate Holdings - Initial License,Proposal,37584,2025-05-21,2024-12-06,Outbound - AE,Best Case,False,False,CompetitorA,,53,Schedule demo,New Business,2024-12-06T00:00:00
847,957,10,Quantum Platforms - New Business,Discovery,104059,2024-05-09,2024-03-13,Product-Led,Pipeline,False,False,CompetitorB,,9,Legal review,New Business,2024-03-13T00:00:00
848,908,4,Atlas Analytics - New Business,Prospecting,115998,2022-12-30,2022-07-07,Webinar,Pipeline,False,False,CompetitorB,,52,,New Business,2022-07-07T00:00:00
849,707,6,Vanguard Technologies - Initial License,Prospecting,9456,2023-12-29,2024-01-17,Partner Referral,Pipeline,False,False,,,32,Contract signing,New Business,2024-01-17T00:00:00
850,968,8,Horizon Inc - Platform Deal,Closed Lost,28941,2023-06-19,2023-04-24,Inbound - Web,Omitted,False,True,CompetitorB,Budget Cut,54,,New Business,2023-04-24T00:00:00
851,289,4,Fusion Group - Platform Deal,Discovery,43215,2022-09-14,2022-01-02,Outbound - SDR,Pipeline,False,False,CompetitorB,,6,POC setup,New Business,2022-01-02T00:00:00
852,961,9,Global Dynamics - Platform Deal,Discovery,181110,2024-05-10,2024-04-04,Partner Referral,Pipeline,False,False,CompetitorA,,42,Contract signing,New Business,2024-04-04T00:00:00
853,770,9,Synergy Technologies - Initial License,Closed Won,9706,2023-07-28,2023-02-02,Event,Closed,True,True,,,11,,New Business,2023-02-02T00:00:00
854,478,1,Vertex Digital - Initial License,Prospecting,99954,2023-05-24,2023-04-20,Webinar,Pipeline,False,False,CompetitorC,,29,,New Business,2023-04-20T00:00:00
855,323,6,Elevate Software - Initial License,Qualification,681934,2020-10-04,2020-08-22,Product-Led,Best Case,False,False,CompetitorC,,8,Reference call,New Business,2020-08-22T00:00:00
856,895,6,Synergy Services - Contract Renewal,Qualification,294914,2025-04-26,2024-08-11,Partner Referral,Best Case,False,False,CompetitorC,,6,Reference call,Renewal,2024-08-11T00:00:00
857,625,15,Elevate Services - Initial License,Closed Lost,15525,2024-12-31,2024-12-01,Partner Referral,Omitted,False,True,CompetitorB,Timing,32,,New Business,2024-12-01T00:00:00
858,368,16,Horizon Corp - Initial License,Closed Lost,73421,2023-11-04,2023-05-06,Event,Omitted,False,True,,No Decision,10,,New Business,2023-05-06T00:00:00
859,646,10,Nexus Labs - Initial License,Closed Won,204443,2023-06-23,2022-11-19,Product-Led,Closed,True,True,,,7,,New Business,2022-11-19T00:00:00
860,523,1,Atlas Platforms - New Business,Prospecting,27312,2024-11-11,2024-07-15,Product-Led,Pipeline,False,False,Open Source Alternative,,7,Contract signing,New Business,2024-07-15T00:00:00
861,443,16,Elevate Technologies - Platform Deal,Prospecting,10770,2025-05-06,2024-12-19,Inbound - Web,Pipeline,False,False,Open Source Alternative,,8,Contract signing,New Business,2024-12-19T00:00:00
862,764,2,Global Inc - Initial License,Qualification,123287,2025-04-12,2024-08-06,Event,Best Case,False,False,CompetitorC,,23,Schedule demo,New Business,2024-08-06T00:00:00
863,325,9,Optima Services - New Business,Prospecting,35965,2025-05-17,2024-11-05,Outbound - AE,Pipeline,False,False,,,3,Reference call,New Business,2024-11-05T00:00:00
864,922,7,Acme Corp - Upsell,Prospecting,38610,2024-08-15,2024-03-13,Inbound - Web,Pipeline,False,False,,,28,Schedule demo,Expansion,2024-03-13T00:00:00
865,979,4,Synergy Corp - Initial License,Proposal,38629,2024-01-10,2023-09-04,Inbound - Web,Best Case,False,False,,,2,Legal review,New Business,2023-09-04T00:00:00
866,293,9,Velocity Systems - Initial License,Qualification,61372,2025-05-28,2024-12-09,Product-Led,Best Case,False,False,CompetitorC,,46,Send proposal,New Business,2024-12-09T00:00:00
867,579,15,Summit Partners - New Business,Discovery,38976,2023-08-16,2023-01-28,Inbound - Content,Pipeline,False,False,CompetitorC,,28,Reference call,New Business,2023-01-28T00:00:00
868,437,10,Apex Inc - Initial License,Prospecting,174625,2021-07-20,2020-11-25,Event,Pipeline,False,False,CompetitorD,,63,,New Business,2020-11-25T00:00:00
869,969,16,Apex Labs - New Business,Closed Lost,74371,2022-07-02,2022-06-01,Outbound - SDR,Omitted,False,True,CompetitorA,Feature Gap,7,,New Business,2022-06-01T00:00:00
451,914,5,Quantum Networks - Initial License,Prospecting,41396,2024-03-20,2023-08-09,Webinar,Pipeline,False,False,Open Source Alternative,,7,Reference call,New Business,2023-08-09T00:00:00
871,271,12,Apex Holdings - Platform Deal,Prospecting,29858,2024-01-22,2023-11-18,Outbound - AE,Pipeline,False,False,CompetitorA,,48,Technical review,New Business,2023-11-18T00:00:00
872,258,7,Elevate Digital - New Business,Negotiation,89186,2025-05-27,2024-10-13,Inbound - Content,Commit,False,False,,,12,Schedule demo,New Business,2024-10-13T00:00:00
873,387,9,Pacific Solutions - New Business,Prospecting,162392,2025-05-17,2024-12-14,Outbound - AE,Pipeline,False,False,CompetitorA,,53,Technical review,New Business,2024-12-14T00:00:00
874,484,11,Fusion Services - Platform Deal,Closed Won,25788,2023-09-18,2023-05-19,Webinar,Closed,True,True,CompetitorD,,33,,New Business,2023-05-19T00:00:00
875,763,12,Pinnacle Dynamics - Platform Deal,Qualification,22546,2024-01-09,2023-08-14,Webinar,Best Case,False,False,Open Source Alternative,,59,Reference call,New Business,2023-08-14T00:00:00
876,859,3,Pacific Analytics - Platform Deal,Prospecting,60255,2023-05-10,2023-01-27,Inbound - Web,Pipeline,False,False,CompetitorD,,23,POC setup,New Business,2023-01-27T00:00:00
877,747,10,Elevate Services - Platform Deal,Qualification,105843,2025-02-25,2024-10-31,Webinar,Best Case,False,False,CompetitorA,,26,Send proposal,New Business,2024-10-31T00:00:00
878,744,2,Synergy Systems - Additional Seats,Negotiation,272843,2024-11-30,2024-10-26,Outbound - AE,Commit,False,False,,,8,Reference call,Expansion,2024-10-26T00:00:00
879,221,8,Elevate Partners - Platform Deal,Closed Lost,350727,2023-08-18,2023-07-15,Outbound - SDR,Omitted,False,True,CompetitorA,Feature Gap,20,,New Business,2023-07-15T00:00:00
880,532,13,Elevate Partners - Initial License,Closed Lost,17407,2023-12-22,2023-10-15,Inbound - Content,Omitted,False,True,,Lost to Status Quo,61,,New Business,2023-10-15T00:00:00
881,372,11,Nova Enterprises - New Business,Negotiation,115102,2021-04-26,2021-02-14,Partner Referral,Commit,False,False,CompetitorA,,3,Schedule demo,New Business,2021-02-14T00:00:00
882,715,15,Global Enterprises - Platform Deal,Closed Lost,68901,2024-12-31,2024-12-19,Partner Referral,Omitted,False,True,CompetitorE,Champion Left,51,,New Business,2024-12-19T00:00:00
883,911,4,Global Solutions - Platform Deal,Closed Lost,12410,2024-07-25,2024-07-03,Event,Omitted,False,True,CompetitorB,Feature Gap,32,,New Business,2024-07-03T00:00:00
884,929,2,Global Networks - New Business,Qualification,112859,2024-10-04,2024-07-26,Partner Referral,Best Case,False,False,,,32,Reference call,New Business,2024-07-26T00:00:00
885,767,5,Pinnacle Inc - Platform Deal,Discovery,22041,2023-01-04,2022-10-08,Webinar,Pipeline,False,False,,,51,POC setup,New Business,2022-10-08T00:00:00
886,245,4,Acme Services - Initial License,Negotiation,27261,2025-03-30,2024-12-29,Inbound - Web,Commit,False,False,CompetitorB,,17,Contract signing,New Business,2024-12-29T00:00:00
887,571,4,Global Networks - Initial License,Qualification,23382,2024-10-05,2024-04-07,Inbound - Web,Best Case,False,False,CompetitorB,,53,Schedule demo,New Business,2024-04-07T00:00:00
888,428,16,Fusion Services - Platform Deal,Qualification,48901,2024-06-30,2024-03-23,Event,Best Case,False,False,Open Source Alternative,,50,Send proposal,New Business,2024-03-23T00:00:00
889,609,3,Atlas Software - Initial License,Proposal,431583,2023-10-09,2023-07-09,Partner Referral,Best Case,False,False,CompetitorE,,10,Technical review,New Business,2023-07-09T00:00:00
890,25,3,Zenith Partners - Platform Deal,Closed Won,56936,2024-06-23,2024-03-27,Event,Closed,True,True,Open Source Alternative,,44,,New Business,2024-03-27T00:00:00
891,910,12,Pinnacle Digital - New Business,Negotiation,82314,2023-12-07,2023-09-15,,Commit,False,False,CompetitorB,,14,,New Business,2023-09-15T00:00:00
892,618,5,Vanguard Software - New Business,Qualification,35674,2025-06-19,2024-12-04,,Best Case,False,False,CompetitorD,,17,Legal review,New Business,2024-12-04T00:00:00
893,891,16,Pacific Systems - Platform Deal,Discovery,21033,2025-03-07,2024-09-16,Partner Referral,Pipeline,False,False,CompetitorE,,59,Reference call,New Business,2024-09-16T00:00:00
399,34,6,Nova Networks - Initial License,Closed Won,30598,2024-12-31,2024-10-05,Webinar,Closed,True,True,,,43,,New Business,2024-10-05T00:00:00
895,956,8,Velocity Solutions - Initial License,Discovery,251990,2023-12-18,2023-10-20,Outbound - SDR,Pipeline,False,False,CompetitorA,,9,Contract signing,New Business,2023-10-20T00:00:00
896,803,1,Synergy Analytics - New Business,Qualification,66659,2025-06-14,2024-11-29,Outbound - AE,Best Case,False,False,CompetitorC,,15,Executive alignment,New Business,2024-11-29T00:00:00
897,904,1,Optima Holdings - Initial License,Closed Lost,59822,2023-12-28,2023-09-27,Product-Led,Omitted,False,True,Open Source Alternative,No Decision,15,,New Business,2023-09-27T00:00:00
898,219,6,Fusion Platforms - New Business,Proposal,28884,2023-12-27,2023-06-25,Webinar,Best Case,False,False,,,11,Send proposal,New Business,2023-06-25T00:00:00
899,181,13,Atlas Labs - New Business,Discovery,187090,2024-05-24,2023-11-08,Inbound - Content,Pipeline,False,False,CompetitorB,,41,POC setup,New Business,2023-11-08T00:00:00
900,864,2,Acme Group - Platform Deal,Proposal,7544,2022-06-17,2021-11-20,Inbound - Content,Best Case,False,False,CompetitorC,,38,Reference call,New Business,2021-11-20T00:00:00
901,909,5,Pinnacle Solutions - Platform Deal,Qualification,53268,2025-03-29,2024-11-14,Product-Led,Best Case,False,False,,,52,Executive alignment,New Business,2024-11-14T00:00:00
902,250,3,Global Analytics - Initial License,Closed Lost,141419,2024-12-31,2024-12-08,Outbound - SDR,Omitted,False,True,CompetitorD,Timing,14,,New Business,2024-12-08T00:00:00
903,336,1,Global Corp - New Business,Negotiation,230962,2023-07-31,2023-04-12,Event,Commit,False,False,,,5,Contract signing,New Business,2023-04-12T00:00:00
904,37,2,Fusion Solutions - New Business,Proposal,65576,2020-10-18,2020-06-23,Event,Best Case,False,False,,,26,POC setup,New Business,2020-06-23T00:00:00
905,618,5,Vanguard Software - Platform Deal,Closed Lost,32866,2024-12-31,2024-10-10,Event,Omitted,False,True,Open Source Alternative,Price,33,,New Business,2024-10-10T00:00:00
906,15,13,Apex Analytics - Platform Deal,Closed Lost,51667,2024-03-17,2023-10-06,Outbound - AE,Omitted,False,True,CompetitorB,No Decision,48,,New Business,2023-10-06T00:00:00
907,952,11,Optima Platforms - Platform Deal,Closed Won,54468,2024-12-31,2024-10-06,Inbound - Content,Closed,True,True,CompetitorB,,26,,New Business,2024-10-06T00:00:00
908,441,5,Summit Corp - Initial License,Closed Lost,6636,2024-04-19,2023-10-23,Product-Led,Omitted,False,True,CompetitorA,Competitor,42,,New Business,2023-10-23T00:00:00
909,350,11,Summit Dynamics - New Business,Prospecting,45785,2024-09-18,2024-08-13,Partner Referral,Pipeline,False,False,,,55,Schedule demo,New Business,2024-08-13T00:00:00
910,934,14,Apex Technologies - Platform Deal,Prospecting,48947,2025-02-20,2024-08-17,Inbound - Content,Pipeline,False,False,CompetitorC,,13,POC setup,New Business,2024-08-17T00:00:00
911,443,16,Elevate Technologies - Initial License,Qualification,36909,2025-04-14,2024-12-30,Inbound - Web,Best Case,False,False,,,46,Send proposal,New Business,2024-12-30T00:00:00
912,990,8,Catalyst Networks - Initial License,Discovery,23412,2025-01-02,2024-10-09,Webinar,Pipeline,False,False,CompetitorD,,26,POC setup,New Business,2024-10-09T00:00:00
913,670,11,Quantum Dynamics - Platform Deal,Prospecting,40605,2025-01-14,2024-08-13,Inbound - Web,Pipeline,False,False,CompetitorB,,53,,New Business,2024-08-13T00:00:00
914,766,9,Fusion Systems - Platform Deal,Proposal,,2025-02-18,2024-07-27,Inbound - Content,Best Case,False,False,CompetitorE,,44,POC setup,New Business,2024-07-27T00:00:00
915,664,15,Elevate Holdings - Initial License,Prospecting,120594,2024-01-28,2023-12-15,Inbound - Content,Pipeline,False,False,CompetitorB,,37,POC setup,New Business,2023-12-15T00:00:00
916,157,8,Horizon Software - New Business,Proposal,21121,2025-02-13,2024-08-19,Product-Led,Best Case,False,False,,,22,Contract signing,New Business,2024-08-19T00:00:00
917,263,16,Pinnacle Partners - Platform Deal,Proposal,36055,2024-09-13,2024-07-07,Inbound - Web,Best Case,False,False,CompetitorB,,45,Schedule demo,New Business,2024-07-07T00:00:00
918,279,12,Velocity Holdings - Platform Deal,Qualification,6531,2023-09-03,2023-08-02,Product-Led,Best Case,False,False,CompetitorA,,45,,New Business,2023-08-02T00:00:00
919,616,3,Catalyst Inc - Platform Deal,Closed Lost,97337,2022-11-17,2022-08-06,Webinar,Omitted,False,True,CompetitorC,Price,30,,New Business,2022-08-06T00:00:00
920,48,3,Catalyst Software - Initial License,Prospecting,27664,2025-02-24,2024-09-12,Outbound - SDR,Pipeline,False,False,,,6,POC setup,New Business,2024-09-12T00:00:00
921,407,1,Nova Holdings - Platform Deal,Proposal,33076,2025-02-22,2024-12-30,Webinar,Best Case,False,False,,,22,Reference call,New Business,2024-12-30T00:00:00
922,508,10,Pinnacle Inc - Initial License,Closed Lost,40985,2022-03-24,2022-01-08,Inbound - Web,Omitted,False,True,Open Source Alternative,Competitor,29,,New Business,2022-01-08T00:00:00
923,684,1,Global Systems - Initial License,Proposal,710921,2025-01-03,2024-12-01,Outbound - SDR,Best Case,False,False,CompetitorC,,18,Contract signing,New Business,2024-12-01T00:00:00
924,844,2,Nova Systems - Platform Deal,Closed Lost,901850,2023-12-18,2023-09-12,Webinar,Omitted,False,True,CompetitorA,Price,2,,New Business,2023-09-12T00:00:00
925,25,11,Zenith Partners - Renewal,Closed Lost,88676,2024-11-02,2024-06-04,Partner Referral,Omitted,False,True,,Competitor,60,,Renewal,2024-06-04T00:00:00
926,32,5,Global Services - New Business,Prospecting,48975,2024-11-05,2024-07-10,Product-Led,Pipeline,False,False,Open Source Alternative,,12,Legal review,New Business,2024-07-10T00:00:00
927,991,1,Horizon Inc - Initial License,Closed Won,24496,2024-12-20,2024-10-08,Inbound - Content,Closed,True,True,CompetitorC,,25,,New Business,2024-10-08T00:00:00
928,405,7,Vanguard Dynamics - Initial License,Prospecting,116552,2025-01-16,2024-08-14,Product-Led,Pipeline,False,False,Open Source Alternative,,2,Reference call,New Business,2024-08-14T00:00:00
929,510,5,Synergy Services - New Business,Prospecting,32091,2023-11-01,2023-03-07,Webinar,Pipeline,False,False,CompetitorE,,43,Send proposal,New Business,2023-03-07T00:00:00
930,132,4,Vanguard Labs - New Business,Closed Lost,429355,2022-12-21,2022-08-09,Event,Omitted,False,True,Open Source Alternative,Budget Cut,40,,New Business,2022-08-09T00:00:00
931,416,14,Velocity Enterprises - Initial License,Negotiation,462419,2024-01-27,2023-08-29,Inbound - Content,Commit,False,False,,,40,,New Business,2023-08-29T00:00:00
932,875,1,Synergy Analytics - Initial License,Closed Lost,745509,2021-06-04,2021-05-04,Outbound - AE,Omitted,False,True,CompetitorB,Champion Left,19,,New Business,2021-05-04T00:00:00
933,646,7,Nexus Labs - New Business,Closed Lost,31256,2023-01-24,2022-08-18,Webinar,Omitted,False,True,Open Source Alternative,Lost to Status Quo,20,,New Business,2022-08-18T00:00:00
934,985,15,Vanguard Dynamics - Platform Deal,Closed Won,166339,2024-12-21,2024-07-01,,Closed,True,True,CompetitorE,,37,,New Business,2024-07-01T00:00:00
250,197,9,Vertex Inc - New Business,Closed Lost,167199,2024-10-18,2024-08-31,Outbound - AE,Omitted,False,True,,Feature Gap,47,,New Business,2024-08-31T00:00:00
936,678,4,Nova Systems - Initial License,Closed Lost,789978,2023-10-14,2023-07-23,Webinar,Omitted,False,True,,Competitor,4,,New Business,2023-07-23T00:00:00
937,556,13,Nexus Labs - Platform Deal,Discovery,72116,2024-09-21,2024-10-11,Event,Pipeline,False,False,,,35,,New Business,2024-10-11T00:00:00
938,576,1,Pinnacle Platforms - Platform Deal,Qualification,38843,2024-07-24,2024-01-27,Inbound - Web,Best Case,False,False,,,3,Executive alignment,New Business,2024-01-27T00:00:00
939,897,3,Catalyst Partners - Initial License,Closed Lost,889540,2024-12-22,2024-06-06,Outbound - SDR,Omitted,False,True,,Price,22,,New Business,2024-06-06T00:00:00
940,431,12,Elevate Labs - New Business,Proposal,76190,2025-07-28,2024-11-10,Inbound - Content,Best Case,False,False,CompetitorB,,25,Schedule demo,New Business,2024-11-10T00:00:00
941,264,3,Apex Digital - New Business,Discovery,606186,2024-05-22,2023-12-25,Inbound - Web,Pipeline,False,False,CompetitorE,,35,Reference call,New Business,2023-12-25T00:00:00
942,977,2,Fusion Digital - Initial License,Closed Won,1117389,2024-09-17,2024-07-27,Product-Led,Closed,True,True,,,28,,New Business,2024-07-27T00:00:00
943,605,16,Catalyst Software - New Business,Prospecting,34812,2024-02-26,2024-01-17,Inbound - Content,Pipeline,False,False,CompetitorD,,28,Reference call,New Business,2024-01-17T00:00:00
944,414,10,Quantum Systems - Platform Deal,Closed Lost,42659,2024-12-31,2024-10-28,Webinar,Omitted,False,True,Open Source Alternative,Price,59,,New Business,2024-10-28T00:00:00
945,635,2,Horizon Solutions - Platform Deal,Qualification,38944,2025-01-17,2024-06-22,Outbound - SDR,Best Case,False,False,Open Source Alternative,,19,,New Business,2024-06-22T00:00:00
946,474,6,Elevate Partners - New Business,Proposal,1037577,2025-01-24,2024-09-02,Event,Best Case,False,False,Open Source Alternative,,23,,New Business,2024-09-02T00:00:00
947,620,13,Summit Dynamics - New Business,Prospecting,180169,2025-01-16,2024-09-07,Partner Referral,Pipeline,False,False,CompetitorE,,65,Legal review,New Business,2024-09-07T00:00:00
948,46,10,Fusion Partners - Platform Deal,Closed Won,162253,2022-06-03,2022-04-23,Partner Referral,Closed,True,True,CompetitorA,,48,,New Business,2022-04-23T00:00:00
949,572,9,Horizon Analytics - Initial License,Qualification,17984,2024-11-13,2024-03-09,Product-Led,Best Case,False,False,Open Source Alternative,,56,,New Business,2024-03-09T00:00:00
950,855,2,Pinnacle Software - Initial License,Closed Won,133181,2024-01-30,2023-10-05,Outbound - SDR,Closed,True,True,CompetitorB,,23,,New Business,2023-10-05T00:00:00
951,356,12,Vanguard Corp - Platform Deal,Discovery,49444,2022-11-16,2022-04-02,Outbound - AE,Pipeline,False,False,CompetitorA,,27,Technical review,New Business,2022-04-02T00:00:00
952,258,7,Elevate Digital - Initial License,Qualification,70564,2024-08-25,2024-04-19,Inbound - Web,Best Case,False,False,,,51,Schedule demo,New Business,2024-04-19T00:00:00
953,607,13,Catalyst Services - New Business,Qualification,115630,2024-08-16,2024-03-06,Product-Led,Best Case,False,False,,,20,,New Business,2024-03-06T00:00:00
954,181,13,Atlas Labs - Initial License,Closed Won,66892,2023-11-25,2023-05-05,Inbound - Web,Closed,True,True,CompetitorA,,3,,New Business,2023-05-05T00:00:00
955,893,7,Summit Networks - New Business,Proposal,39839,2024-05-23,2023-11-20,Event,Best Case,False,False,CompetitorA,,13,Schedule demo,New Business,2023-11-20T00:00:00
956,669,15,Elevate Systems - Initial License,Qualification,18209,2025-03-07,2024-09-26,Product-Led,Best Case,False,False,CompetitorB,,65,Reference call,New Business,2024-09-26T00:00:00
957,157,15,Horizon Software - Initial License,Closed Lost,17592,2024-10-29,2024-09-04,Product-Led,Omitted,False,True,Open Source Alternative,Feature Gap,30,,New Business,2024-09-04T00:00:00
958,618,5,Vanguard Software - New Business,Closed Lost,24505,2024-12-31,2024-12-11,Outbound - SDR,Omitted,False,True,,Timing,60,,New Business,2024-12-11T00:00:00
959,307,16,Summit Software - Contract Renewal,Proposal,12383,2025-06-23,2024-10-02,Webinar,Best Case,False,False,CompetitorB,,60,Legal review,Renewal,2024-10-02T00:00:00
960,482,12,Vanguard Corp - New Business,Discovery,39850,2025-05-04,2024-08-14,Inbound - Content,Pipeline,False,False,CompetitorE,,46,Reference call,New Business,2024-08-14T00:00:00
961,768,13,Pacific Labs - Platform Deal,Qualification,27751,2021-11-06,2021-03-22,Inbound - Content,Best Case,False,False,CompetitorB,,62,Legal review,New Business,2021-03-22T00:00:00
962,253,1,Zenith Dynamics - Platform Deal,Prospecting,926475,2025-03-14,2024-09-05,Inbound - Web,Pipeline,False,False,CompetitorD,,41,Executive alignment,New Business,2024-09-05T00:00:00
963,610,11,Velocity Systems - New Business,Prospecting,40654,2022-03-27,2021-11-16,Event,Pipeline,False,False,CompetitorB,,54,Send proposal,New Business,2021-11-16T00:00:00
964,352,14,Global Dynamics - New Business,Closed Lost,28921,2024-04-19,2024-03-03,Webinar,Omitted,False,True,Open Source Alternative,Timing,76,,New Business,2024-03-03T00:00:00
965,347,5,Fusion Inc - New Business,Discovery,39779,2024-01-07,2023-06-16,Outbound - AE,Pipeline,False,False,CompetitorB,,10,Send proposal,New Business,2023-06-16T00:00:00
966,742,7,Elevate Technologies - New Business,Qualification,24258,2023-09-04,2023-05-14,Partner Referral,Best Case,False,False,,,18,Schedule demo,New Business,2023-05-14T00:00:00
967,957,7,Quantum Platforms - Initial License,Discovery,141272,2024-06-28,2024-05-14,Outbound - SDR,Pipeline,False,False,,,4,POC setup,New Business,2024-05-14T00:00:00
968,379,14,Zenith Labs - New Business,Discovery,,2023-10-05,2023-06-09,Inbound - Web,Pipeline,False,False,,,31,Schedule demo,New Business,2023-06-09T00:00:00
969,643,10,Quantum Partners - Platform Deal,Qualification,38782,2024-08-09,2024-01-19,Inbound - Web,Best Case,False,False,CompetitorA,,42,Contract signing,New Business,2024-01-19T00:00:00
970,923,2,Apex Platforms - Initial License,Negotiation,30242,2023-09-17,2023-02-07,Product-Led,Commit,False,False,CompetitorB,,29,Contract signing,New Business,2023-02-07T00:00:00
971,476,1,Horizon Services - New Business,Closed Lost,187900,2024-06-03,2024-05-19,Outbound - AE,Omitted,False,True,CompetitorA,Competitor,6,,New Business,2024-05-19T00:00:00
972,394,4,Quantum Solutions - New Business,Prospecting,188288,2024-02-13,2023-10-01,Partner Referral,Pipeline,False,False,,,32,POC setup,New Business,2023-10-01T00:00:00
973,445,14,Quantum Group - New Business,Discovery,87459,2024-04-13,2023-09-18,,Pipeline,False,False,CompetitorD,,12,,New Business,2023-09-18T00:00:00
974,516,9,Horizon Analytics - Initial License,Qualification,9247,2025-03-07,2024-07-10,Inbound - Content,Best Case,False,False,Open Source Alternative,,13,POC setup,New Business,2024-07-10T00:00:00
975,747,10,Elevate Services - Initial License,Prospecting,189113,2025-02-24,2024-06-02,Outbound - SDR,Pipeline,False,False,CompetitorD,,52,,New Business,2024-06-02T00:00:00
976,855,2,Pinnacle Software - Initial License,Discovery,48403,2025-02-28,2024-09-23,Inbound - Web,Pipeline,False,False,CompetitorB,,35,Legal review,New Business,2024-09-23T00:00:00
977,482,12,Vanguard Corp - Platform Deal,Negotiation,45058,2023-12-06,2023-10-28,Outbound - SDR,Commit,False,False,CompetitorE,,32,Legal review,New Business,2023-10-28T00:00:00
978,701,6,Vanguard Enterprises - New Business,Negotiation,232906,2024-07-04,2024-03-23,Outbound - SDR,Commit,False,False,Open Source Alternative,,17,Send proposal,New Business,2024-03-23T00:00:00
979,723,10,Apex Software - Platform Deal,Closed Lost,584871,2024-01-11,2023-08-14,Webinar,Omitted,False,True,CompetitorC,Budget Cut,69,,New Business,2023-08-14T00:00:00
980,328,15,Catalyst Holdings - New Business,Closed Lost,50880,2024-12-31,2024-09-13,Inbound - Content,Omitted,False,True,CompetitorA,Competitor,1,,New Business,2024-09-13T00:00:00
981,342,6,Optima Dynamics - New Business,Prospecting,11211,2022-02-28,2022-01-21,Webinar,Pipeline,False,False,CompetitorA,,52,Executive alignment,New Business,2022-01-21T00:00:00
982,351,3,Zenith Technologies - New Business,Closed Lost,172995,2024-12-31,2024-12-16,Partner Referral,Omitted,False,True,CompetitorA,Timing,16,,New Business,2024-12-16T00:00:00
983,489,16,Nova Platforms - Platform Deal,Qualification,39227,2025-06-02,2024-09-11,Product-Led,Best Case,False,False,CompetitorE,,14,Send proposal,New Business,2024-09-11T00:00:00
984,565,15,Horizon Holdings - New Business,Discovery,35932,2024-05-25,2024-06-04,Partner Referral,Pipeline,False,False,CompetitorC,,56,Reference call,New Business,2024-06-04T00:00:00
985,310,13,Velocity Corp - Platform Deal,Discovery,12734,2024-10-19,2024-08-13,Product-Led,Pipeline,False,False,CompetitorE,,49,Reference call,New Business,2024-08-13T00:00:00
986,141,7,Catalyst Software - Platform Deal,Proposal,20908,2025-04-29,2024-08-05,Inbound - Web,Best Case,False,False,,,23,Reference call,New Business,2024-08-05T00:00:00
987,501,4,Acme Digital - Platform Deal,Discovery,49687,2021-07-12,2021-05-01,Outbound - AE,Pipeline,False,False,CompetitorC,,37,POC setup,New Business,2021-05-01T00:00:00
293,515,9,Elevate Labs - New Business,Closed Lost,22117,2023-04-03,2022-11-25,Inbound - Content,Omitted,False,True,,Champion Left,36,,New Business,2022-11-25T00:00:00
989,696,4,Vanguard Group - New Business,Discovery,774574,2022-12-10,2022-06-15,Partner Referral,Pipeline,False,False,CompetitorA,,41,Contract signing,New Business,2022-06-15T00:00:00
990,627,10,Pinnacle Software - Initial License,Qualification,195942,2025-02-23,2024-11-08,Inbound - Web,Best Case,False,False,CompetitorA,,55,,New Business,2024-11-08T00:00:00
991,567,1,Acme Dynamics - Initial License,Prospecting,630633,2024-07-05,2023-12-09,,Pipeline,False,False,Open Source Alternative,,22,Technical review,New Business,2023-12-09T00:00:00
992,668,6,Summit Software - Initial License,Negotiation,44398,2024-02-06,2023-12-14,Outbound - SDR,Commit,False,False,Open Source Alternative,,9,Legal review,New Business,2023-12-14T00:00:00
993,254,12,Global Holdings - New Business,Closed Won,75629,2023-06-26,2023-01-28,Partner Referral,Closed,True,True,,,37,,New Business,2023-01-28T00:00:00
994,961,9,Global Dynamics - Platform Deal,Qualification,176418,2023-11-07,2023-08-30,Product-Led,Best Case,False,False,CompetitorE,,10,Contract signing,New Business,2023-08-30T00:00:00
995,31,11,Synergy Platforms - Initial License,Closed Lost,50913,2022-05-09,2022-02-06,Event,Omitted,False,True,,Champion Left,56,,New Business,2022-02-06T00:00:00
720,607,10,Catalyst Services - New Business,Proposal,156746,2023-05-22,2023-01-19,Product-Led,Best Case,False,False,,,34,Send proposal,New Business,2023-01-19T00:00:00
997,211,13,Synergy Services - Platform Deal,Proposal,42550,2023-10-23,2023-02-09,Webinar,Best Case,False,False,Open Source Alternative,,16,Reference call,New Business,2023-02-09T00:00:00
998,29,2,Zenith Services - Initial License,Prospecting,129479,2021-09-01,2021-07-22,Inbound - Content,Pipeline,False,False,CompetitorE,,31,Send proposal,New Business,2021-07-22T00:00:00
999,934,14,Apex Technologies - Initial License,Proposal,22951,2025-02-24,2024-09-20,Inbound - Content,Best Case,False,False,CompetitorE,,68,Technical review,New Business,2024-09-20T00:00:00
1000,786,1,Catalyst Corp - Additional Seats,Proposal,17929,2024-02-12,2023-07-12,Partner Referral,Best Case,False,False,CompetitorC,,20,Contract signing,Expansion,2023-07-12T00:00:00
1001,921,4,Global Labs - Platform Deal,Closed Lost,13000,2024-12-31,2024-12-04,Product-Led,Omitted,False,True,CompetitorA,Champion Left,12,,New Business,2024-12-04T00:00:00
1002,95,3,Optima Inc - New Business,Proposal,818535,2025-02-07,2024-10-03,,Best Case,False,False,CompetitorB,,13,Send proposal,New Business,2024-10-03T00:00:00
1003,721,8,Nova Corp - Initial License,Closed Lost,9798,2024-10-03,2024-08-21,Product-Led,Omitted,False,True,,Feature Gap,5,,New Business,2024-08-21T00:00:00
1004,346,12,Apex Inc - Platform Deal,Qualification,20789,2022-10-08,2022-05-04,Event,Best Case,False,False,Open Source Alternative,,13,POC setup,New Business,2022-05-04T00:00:00
1005,151,11,Vertex Inc - Platform Deal,Prospecting,53500,2022-12-25,2022-06-15,Partner Referral,Pipeline,False,False,CompetitorC,,30,Send proposal,New Business,2022-06-15T00:00:00
1006,790,6,Summit Solutions - Initial License,Closed Won,217777,2024-11-23,2024-09-11,Inbound - Web,Closed,True,True,Open Source Alternative,,40,,New Business,2024-09-11T00:00:00
1007,829,16,Nexus Holdings - Initial License,Qualification,43230,2024-11-18,2024-03-26,Inbound - Web,Best Case,False,False,Open Source Alternative,,34,Reference call,New Business,2024-03-26T00:00:00
1008,707,4,Vanguard Technologies - New Business,Closed Lost,,2024-06-11,2024-03-09,Inbound - Web,Omitted,False,True,CompetitorA,Competitor,45,,New Business,2024-03-09T00:00:00
252,283,16,Elevate Inc - New Business,Qualification,28019,2025-03-07,2024-12-09,Inbound - Web,Best Case,False,False,CompetitorB,,9,Legal review,New Business,2024-12-09T00:00:00
1010,957,4,Quantum Platforms - New Business,Qualification,211525,2025-06-30,2024-10-14,Product-Led,Best Case,False,False,CompetitorD,,19,Technical review,New Business,2024-10-14T00:00:00
752,254,6,Global Holdings - Additional Seats,Negotiation,21864,2025-03-25,2024-08-08,Event,Commit,False,False,,,36,Send proposal,Expansion,2024-08-08T00:00:00
1012,165,10,Optima Technologies - New Business,Prospecting,29941,2023-05-06,2023-03-30,Inbound - Web,Pipeline,False,False,,,39,Technical review,New Business,2023-03-30T00:00:00
1013,157,7,Horizon Software - Initial License,Discovery,32668,2025-05-07,2024-08-31,Inbound - Web,Pipeline,False,False,Open Source Alternative,,47,Send proposal,New Business,2024-08-31T00:00:00
1014,327,13,Vanguard Enterprises - Initial License,Qualification,34248,2023-10-21,2023-08-07,Partner Referral,Best Case,False,False,CompetitorD,,44,,New Business,2023-08-07T00:00:00
1015,36,3,Fusion Networks - Initial License,Prospecting,175084,2024-12-29,2024-11-10,Outbound - AE,Pipeline,False,False,CompetitorD,,17,Contract signing,New Business,2024-11-10T00:00:00
1016,169,1,Nova Analytics - New Business,Discovery,115303,2024-02-27,2023-07-04,Webinar,Pipeline,False,False,CompetitorA,,38,Send proposal,New Business,2023-07-04T00:00:00
1017,67,12,Nexus Platforms - Platform Deal,Prospecting,94063,2023-11-18,2023-05-04,Outbound - AE,Pipeline,False,False,CompetitorB,,60,Legal review,New Business,2023-05-04T00:00:00
1018,47,14,Atlas Networks - Initial License,Discovery,91995,2023-04-22,2023-05-11,Outbound - SDR,Pipeline,False,False,CompetitorD,,41,Technical review,New Business,2023-05-11T00:00:00
1019,422,12,Atlas Systems - Platform Deal,Closed Lost,188765,2024-09-16,2024-02-14,,Omitted,False,True,CompetitorB,Timing,26,,New Business,2024-02-14T00:00:00
1020,248,2,Fusion Corp - Initial License,Prospecting,186805,2022-08-18,2022-07-04,Webinar,Pipeline,False,False,,,20,Executive alignment,New Business,2022-07-04T00:00:00
1021,1,13,Fusion Digital - New Business,Closed Won,41866,2023-12-27,2024-01-09,,Closed,True,True,,,23,,New Business,2024-01-09T00:00:00
1022,297,6,Horizon Corp - New Business,Prospecting,127430,2025-04-03,2024-11-22,Event,Pipeline,False,False,,,35,Send proposal,New Business,2024-11-22T00:00:00
1023,843,6,Vanguard Corp - Platform Deal,Prospecting,26796,2025-03-25,2024-12-29,Webinar,Pipeline,False,False,CompetitorE,,13,Reference call,New Business,2024-12-29T00:00:00
1024,428,16,Fusion Services - New Business,Prospecting,34669,2025-01-20,2024-07-17,Product-Led,Pipeline,False,False,,,23,Schedule demo,New Business,2024-07-17T00:00:00
1025,220,7,Apex Analytics - New Business,Qualification,470831,2024-12-24,2024-04-07,Outbound - SDR,Best Case,False,False,CompetitorC,,27,Send proposal,New Business,2024-04-07T00:00:00
1026,574,4,Acme Solutions - Initial License,Qualification,42535,2024-07-20,2023-12-07,Outbound - AE,Best Case,False,False,CompetitorA,,50,Executive alignment,New Business,2023-12-07T00:00:00
1027,916,9,Synergy Inc - New Business,Qualification,203286,2023-05-28,2023-02-02,Inbound - Web,Best Case,False,False,CompetitorC,,37,Executive alignment,New Business,2023-02-02T00:00:00
1028,175,7,Fusion Analytics - Initial License,Prospecting,36714,2025-02-03,2024-10-15,Product-Led,Pipeline,False,False,CompetitorC,,55,Executive alignment,New Business,2024-10-15T00:00:00
1029,116,3,Horizon Technologies - Initial License,Discovery,41107,2023-03-12,2022-09-04,Inbound - Content,Pipeline,False,False,CompetitorB,,36,Technical review,New Business,2022-09-04T00:00:00
1030,644,9,Elevate Group - Initial License,Qualification,32345,2025-04-19,2024-12-10,Event,Best Case,False,False,,,14,,New Business,2024-12-10T00:00:00
1031,589,15,Vertex Systems - New Business,Qualification,83838,2024-07-03,2024-05-28,Outbound - AE,Best Case,False,False,CompetitorD,,51,Reference call,New Business,2024-05-28T00:00:00
1032,327,6,Vanguard Enterprises - New Business,Discovery,59429,2023-09-20,2023-02-02,Product-Led,Pipeline,False,False,,,50,Send proposal,New Business,2023-02-02T00:00:00
1033,262,9,Velocity Networks - New Business,Prospecting,39331,2023-10-08,2023-08-15,Partner Referral,Pipeline,False,False,,,33,POC setup,New Business,2023-08-15T00:00:00
1034,415,1,Pinnacle Services - New Business,Negotiation,49205,2024-11-20,2024-06-23,Outbound - SDR,Commit,False,False,,,22,Schedule demo,New Business,2024-06-23T00:00:00
1035,633,4,Optima Services - Platform Deal,Closed Lost,44548,2024-05-04,2024-03-28,Partner Referral,Omitted,False,True,CompetitorE,Competitor,28,,New Business,2024-03-28T00:00:00
1036,751,6,Apex Partners - Initial License,Proposal,83743,2025-05-22,2024-11-13,Inbound - Content,Best Case,False,False,,,40,Technical review,New Business,2024-11-13T00:00:00
1037,324,2,Quantum Group - Initial License,Closed Won,179098,2024-12-31,2024-11-26,Inbound - Content,Closed,True,True,CompetitorA,,29,,New Business,2024-11-26T00:00:00
911,956,8,Velocity Solutions - Platform Deal,Closed Lost,341144,2024-09-25,2024-05-11,Product-Led,Omitted,False,True,CompetitorB,No Decision,52,,New Business,2024-05-11T00:00:00
1039,230,12,Summit Analytics - Initial License,Qualification,365967,2024-10-25,2024-09-04,Inbound - Content,Best Case,False,False,CompetitorA,,23,Legal review,New Business,2024-09-04T00:00:00
1040,359,2,Quantum Digital - New Business,Prospecting,801474,2025-03-25,2024-11-21,Product-Led,Pipeline,False,False,CompetitorB,,39,Reference call,New Business,2024-11-21T00:00:00
1041,706,12,Vertex Software - Platform Deal,Qualification,15383,2024-06-30,2024-05-08,Product-Led,Best Case,False,False,CompetitorD,,53,,New Business,2024-05-08T00:00:00
1042,168,7,Global Labs - New Business,Closed Lost,28723,2022-07-13,2022-03-08,Outbound - SDR,Omitted,False,True,CompetitorA,Competitor,21,,New Business,2022-03-08T00:00:00
1043,526,8,Apex Inc - Initial License,Negotiation,7552,2024-12-28,2024-06-15,Inbound - Web,Commit,False,False,,,1,Executive alignment,New Business,2024-06-15T00:00:00
1044,556,13,Nexus Labs - Platform Deal,Negotiation,149940,2025-07-17,2024-11-14,Product-Led,Commit,False,False,CompetitorA,,74,,New Business,2024-11-14T00:00:00
280,438,8,Nova Corp - Platform Deal,Proposal,783468,2024-11-03,2024-05-13,Partner Referral,Best Case,False,False,CompetitorA,,11,Send proposal,New Business,2024-05-13T00:00:00
1046,815,2,Nova Systems - Platform Deal,Qualification,112625,2025-04-09,2024-08-18,Inbound - Content,Best Case,False,False,,,12,Schedule demo,New Business,2024-08-18T00:00:00
1047,111,2,Nova Holdings - New Business,Qualification,142926,2025-05-01,2024-12-09,Webinar,Best Case,False,False,CompetitorA,,14,,New Business,2024-12-09T00:00:00
1048,401,15,Nova Technologies - New Business,Closed Lost,204341,2024-12-31,2024-12-11,Outbound - SDR,Omitted,False,True,CompetitorA,Budget Cut,59,,New Business,2024-12-11T00:00:00
1049,409,9,Acme Platforms - Initial License,Prospecting,47059,2022-08-11,2022-05-25,Product-Led,Pipeline,False,False,Open Source Alternative,,63,POC setup,New Business,2022-05-25T00:00:00
1050,954,15,Nova Enterprises - New Business,Qualification,5498,2021-05-21,2021-02-01,Event,Best Case,False,False,,,33,,New Business,2021-02-01T00:00:00
1051,87,13,Atlas Solutions - Initial License,Prospecting,20548,2022-01-12,2021-10-09,Event,Pipeline,False,False,CompetitorA,,60,Legal review,New Business,2021-10-09T00:00:00
1052,994,10,Fusion Analytics - New Business,Closed Lost,153479,2024-12-31,2024-12-27,Outbound - AE,Omitted,False,True,CompetitorB,No Decision,36,,New Business,2024-12-27T00:00:00
1053,984,5,Pacific Dynamics - Initial License,Proposal,16203,2023-12-17,2023-07-09,Product-Led,Best Case,False,False,CompetitorE,,47,Send proposal,New Business,2023-07-09T00:00:00
1054,101,14,Global Dynamics - Platform Deal,Proposal,18392,2023-05-26,2022-12-17,Inbound - Content,Best Case,False,False,CompetitorE,,37,Send proposal,New Business,2022-12-17T00:00:00
1055,901,14,Summit Analytics - Platform Deal,Closed Won,175477,2024-12-31,2024-12-14,Product-Led,Closed,True,True,CompetitorB,,18,,New Business,2024-12-14T00:00:00
1056,614,16,Pinnacle Platforms - Platform Deal,Discovery,589249,2024-11-17,2024-10-03,Webinar,Pipeline,False,False,CompetitorA,,35,POC setup,New Business,2024-10-03T00:00:00
1057,996,5,Quantum Enterprises - New Business,Qualification,47235,2025-04-14,2024-11-11,Outbound - AE,Best Case,False,False,CompetitorD,,17,Contract signing,New Business,2024-11-11T00:00:00
1058,683,1,Optima Technologies - Initial License,Qualification,44638,2024-12-31,2024-10-15,Outbound - SDR,Best Case,False,False,Open Source Alternative,,26,,New Business,2024-10-15T00:00:00
1059,390,1,Quantum Group - New Business,Proposal,34851,2024-12-31,2024-05-10,Webinar,Best Case,False,False,CompetitorC,,15,POC setup,New Business,2024-05-10T00:00:00
1060,684,1,Global Systems - Initial License,Prospecting,783293,2025-01-02,2024-11-24,Outbound - SDR,Pipeline,False,False,,,21,Reference call,New Business,2024-11-24T00:00:00
1061,473,9,Pinnacle Enterprises - Platform Deal,Closed Lost,10857,2024-12-31,2024-10-05,Outbound - SDR,Omitted,False,True,CompetitorB,Lost to Status Quo,22,,New Business,2024-10-05T00:00:00
1062,299,6,Horizon Enterprises - Platform Deal,Proposal,95241,2024-12-28,2024-06-15,Outbound - SDR,Best Case,False,False,,,46,Schedule demo,New Business,2024-06-15T00:00:00
1063,364,3,Catalyst Digital - New Business,Qualification,38283,2025-01-26,2024-07-20,Outbound - AE,Best Case,False,False,CompetitorA,,44,Schedule demo,New Business,2024-07-20T00:00:00
1064,318,1,Pacific Group - Initial License,Qualification,,2024-01-16,2023-05-10,Product-Led,Best Case,False,False,Open Source Alternative,,45,Schedule demo,New Business,2023-05-10T00:00:00
1065,638,7,Vanguard Solutions - New Business,Qualification,198857,2024-04-05,2023-07-17,Inbound - Content,Best Case,False,False,,,44,Schedule demo,New Business,2023-07-17T00:00:00
1066,294,16,Acme Platforms - Initial License,Closed Lost,18497,2024-09-16,2024-04-09,Product-Led,Omitted,False,True,CompetitorE,Lost to Status Quo,44,,New Business,2024-04-09T00:00:00
1067,555,8,Atlas Software - Initial License,Qualification,148777,2024-11-08,2024-04-22,Inbound - Web,Best Case,False,False,CompetitorA,,53,Contract signing,New Business,2024-04-22T00:00:00
1068,771,4,Vanguard Dynamics - Platform Deal,Prospecting,49989,2025-01-22,2024-09-17,Product-Led,Pipeline,False,False,,,29,,New Business,2024-09-17T00:00:00
1069,740,11,Optima Labs - Platform Deal,Discovery,37135,2024-09-11,2024-04-15,Partner Referral,Pipeline,False,False,CompetitorC,,19,POC setup,New Business,2024-04-15T00:00:00
1070,447,16,Atlas Analytics - New Business,Closed Won,68982,2022-01-05,2021-12-01,Partner Referral,Closed,True,True,CompetitorD,,9,,New Business,2021-12-01T00:00:00
1071,150,7,Nexus Services - Platform Deal,Closed Won,809787,2021-09-14,2021-07-18,Event,Closed,True,True,,,11,,New Business,2021-07-18T00:00:00
1072,559,12,Acme Labs - Platform Deal,Qualification,399910,2024-08-31,2024-06-29,Event,Best Case,False,False,CompetitorE,,46,Technical review,New Business,2024-06-29T00:00:00
1073,508,10,Pinnacle Inc - Initial License,Qualification,39963,2022-04-06,2022-01-10,Inbound - Web,Best Case,False,False,CompetitorB,,17,POC setup,New Business,2022-01-10T00:00:00
1074,573,1,Quantum Networks - Platform Deal,Proposal,1094900,2025-08-11,2024-12-16,Webinar,Best Case,False,False,Open Source Alternative,,24,Schedule demo,New Business,2024-12-16T00:00:00
1075,112,11,Nexus Services - Platform Deal,Closed Lost,223104,2021-04-24,2020-10-24,Event,Omitted,False,True,CompetitorE,Budget Cut,34,,New Business,2020-10-24T00:00:00
1076,146,16,Horizon Labs - Platform Deal,Qualification,12722,2025-01-30,2024-10-01,Inbound - Web,Best Case,False,False,CompetitorA,,32,Schedule demo,New Business,2024-10-01T00:00:00
1077,193,9,Summit Corp - Platform Deal,Closed Won,731388,2024-03-31,2024-03-13,Partner Referral,Closed,True,True,,,39,,New Business,2024-03-13T00:00:00
1078,829,16,Nexus Holdings - Platform Deal,Prospecting,149038,2024-08-16,2024-03-12,Webinar,Pipeline,False,False,CompetitorE,,46,POC setup,New Business,2024-03-12T00:00:00
1079,606,7,Zenith Holdings - Initial License,Qualification,33128,2025-07-11,2024-12-27,Inbound - Content,Best Case,False,False,CompetitorB,,15,Schedule demo,New Business,2024-12-27T00:00:00
1080,478,14,Vertex Digital - New Business,Closed Lost,47502,2023-12-19,2023-06-06,Inbound - Web,Omitted,False,True,,No Decision,68,,New Business,2023-06-06T00:00:00
1081,265,10,Horizon Group - Initial License,Closed Won,23973,2024-08-07,2024-07-02,Outbound - SDR,Closed,True,True,CompetitorD,,64,,New Business,2024-07-02T00:00:00
1082,109,7,Zenith Networks - Initial License,Discovery,141890,2024-07-06,2024-01-14,Partner Referral,Pipeline,False,False,,,51,Executive alignment,New Business,2024-01-14T00:00:00
1083,236,10,Velocity Holdings - Renewal,Proposal,154562,2023-05-09,2023-03-19,Partner Referral,Best Case,False,False,,,45,Contract signing,Renewal,2023-03-19T00:00:00
1084,450,8,Elevate Services - Initial License,Prospecting,,2021-06-05,2021-03-10,Outbound - SDR,Pipeline,False,False,,,13,,New Business,2021-03-10T00:00:00
1085,288,8,Horizon Software - Platform Deal,Discovery,7901,2025-03-19,2024-12-04,Product-Led,Pipeline,False,False,CompetitorA,,7,Reference call,New Business,2024-12-04T00:00:00
1086,590,15,Nova Services - Initial License,Closed Lost,27782,2024-11-21,2024-06-15,Inbound - Content,Omitted,False,True,CompetitorD,Price,15,,New Business,2024-06-15T00:00:00
1087,592,1,Elevate Partners - Platform Deal,Prospecting,495603,2022-12-07,2022-05-24,Partner Referral,Pipeline,False,False,CompetitorE,,9,,New Business,2022-05-24T00:00:00
1088,158,7,Apex Corp - Platform Deal,Closed Lost,94289,2024-12-31,2024-11-29,Event,Omitted,False,True,CompetitorE,Competitor,2,,New Business,2024-11-29T00:00:00
1089,581,9,Quantum Enterprises - Platform Deal,Closed Won,64074,2024-12-31,2024-12-03,Partner Referral,Closed,True,True,CompetitorA,,26,,New Business,2024-12-03T00:00:00
1090,196,5,Global Networks - Platform Deal,Discovery,40348,2023-08-09,2022-12-08,,Pipeline,False,False,,,18,Schedule demo,New Business,2022-12-08T00:00:00
1091,836,7,Summit Analytics - Platform Deal,Prospecting,42250,2024-08-11,2024-07-08,Inbound - Content,Pipeline,False,False,CompetitorA,,39,Reference call,New Business,2024-07-08T00:00:00
1092,334,15,Quantum Group - New Business,Discovery,31229,2025-08-02,2024-12-24,Product-Led,Pipeline,False,False,Open Source Alternative,,13,POC setup,New Business,2024-12-24T00:00:00
1093,871,10,Quantum Group - Platform Deal,Discovery,43039,2021-03-28,2020-09-01,,Pipeline,False,False,CompetitorE,,50,Contract signing,New Business,2020-09-01T00:00:00
1094,363,4,Nexus Dynamics - Initial License,Qualification,179904,2025-06-05,2024-12-06,Outbound - AE,Best Case,False,False,CompetitorB,,36,POC setup,New Business,2024-12-06T00:00:00
1095,248,2,Fusion Corp - Initial License,Prospecting,222951,2022-02-27,2021-12-15,Inbound - Web,Pipeline,False,False,CompetitorE,,44,,New Business,2021-12-15T00:00:00
1096,941,12,Vertex Analytics - New Business,Qualification,926716,2022-12-24,2022-07-05,Outbound - SDR,Best Case,False,False,,,28,Executive alignment,New Business,2022-07-05T00:00:00
1097,377,4,Global Inc - New Business,Prospecting,802073,2021-05-31,2021-02-17,Outbound - AE,Pipeline,False,False,,,14,POC setup,New Business,2021-02-17T00:00:00
1098,608,13,Horizon Corp - Platform Deal,Prospecting,9716,2023-01-29,2022-08-16,Product-Led,Pipeline,False,False,CompetitorB,,4,Legal review,New Business,2022-08-16T00:00:00
1099,679,7,Nova Systems - Upsell,Qualification,19080,2023-08-09,2022-12-08,Partner Referral,Best Case,False,False,,,27,Executive alignment,Expansion,2022-12-08T00:00:00
1100,59,15,Atlas Labs - New Business,Proposal,36022,2025-06-12,2024-12-17,Product-Led,Best Case,False,False,,,6,Send proposal,New Business,2024-12-17T00:00:00
1101,958,5,Horizon Partners - Platform Deal,Prospecting,23025,2025-07-19,2024-10-28,Event,Pipeline,False,False,,,48,Send proposal,New Business,2024-10-28T00:00:00
1102,508,4,Pinnacle Inc - Platform Deal,Proposal,46839,2021-12-29,2021-09-24,Inbound - Content,Best Case,False,False,Open Source Alternative,,26,Send proposal,New Business,2021-09-24T00:00:00
1103,499,13,Vertex Corp - Initial License,Prospecting,87223,2025-01-08,2024-07-07,Outbound - SDR,Pipeline,False,False,,,6,,New Business,2024-07-07T00:00:00
1104,56,15,Pinnacle Digital - Platform Deal,Proposal,9139,2023-02-28,2022-11-13,Outbound - SDR,Best Case,False,False,CompetitorD,,61,Legal review,New Business,2022-11-13T00:00:00
1105,617,12,Zenith Enterprises - New Business,Qualification,11276,2023-11-21,2023-08-13,Event,Best Case,False,False,Open Source Alternative,,35,Legal review,New Business,2023-08-13T00:00:00
1106,535,3,Quantum Partners - Platform Deal,Prospecting,47861,2025-03-28,2024-12-07,Webinar,Pipeline,False,False,,,31,Send proposal,New Business,2024-12-07T00:00:00
1107,81,11,Velocity Dynamics - New Business,Prospecting,39658,2024-01-27,2023-11-25,Webinar,Pipeline,False,False,Open Source Alternative,,49,Contract signing,New Business,2023-11-25T00:00:00
1108,82,7,Apex Networks - Platform Deal,Proposal,168779,2024-10-31,2024-08-01,Partner Referral,Best Case,False,False,Open Source Alternative,,16,Contract signing,New Business,2024-08-01T00:00:00
1109,506,10,Catalyst Holdings - New Business,Closed Lost,37050,2024-01-21,2023-07-16,Outbound - AE,Omitted,False,True,,Price,28,,New Business,2023-07-16T00:00:00
1110,255,7,Nexus Technologies - Platform Deal,Discovery,337036,2021-12-07,2021-10-17,Product-Led,Pipeline,False,False,CompetitorD,,59,Legal review,New Business,2021-10-17T00:00:00
483,296,7,Zenith Dynamics - New Business,Proposal,20831,2021-08-05,2021-06-01,,Best Case,False,False,,,56,POC setup,New Business,2021-06-01T00:00:00
1112,989,1,Horizon Networks - Platform Deal,Prospecting,18194,2022-11-01,2022-09-27,Outbound - SDR,Pipeline,False,False,CompetitorD,,30,Legal review,New Business,2022-09-27T00:00:00
1113,189,2,Synergy Networks - New Business,Proposal,943332,2025-08-21,2024-12-10,Webinar,Best Case,False,False,,,8,Contract signing,New Business,2024-12-10T00:00:00
1114,516,9,Horizon Analytics - New Business,Negotiation,32713,2025-05-21,2024-09-16,Product-Led,Commit,False,False,CompetitorD,,15,,New Business,2024-09-16T00:00:00
1115,885,3,Pinnacle Inc - Initial License,Discovery,699801,2022-11-18,2022-08-18,Outbound - AE,Pipeline,False,False,CompetitorD,,25,Legal review,New Business,2022-08-18T00:00:00
1116,123,10,Quantum Technologies - Platform Deal,Qualification,25961,2023-01-08,2022-07-10,Product-Led,Best Case,False,False,,,55,Legal review,New Business,2022-07-10T00:00:00
1117,349,4,Elevate Holdings - New Business,Closed Lost,12436,2023-12-16,2023-10-02,Outbound - AE,Omitted,False,True,CompetitorB,Competitor,54,,New Business,2023-10-02T00:00:00
1118,280,10,Elevate Dynamics - New Business,Discovery,229527,2024-04-16,2023-10-29,Partner Referral,Pipeline,False,False,CompetitorE,,38,Contract signing,New Business,2023-10-29T00:00:00
1119,194,13,Atlas Dynamics - Platform Deal,Closed Lost,152070,2023-02-14,2022-12-08,Outbound - AE,Omitted,False,True,CompetitorA,Competitor,75,,New Business,2022-12-08T00:00:00
1120,207,16,Atlas Technologies - Initial License,Negotiation,19401,2025-03-10,2024-12-20,Product-Led,Commit,False,False,CompetitorB,,9,Schedule demo,New Business,2024-12-20T00:00:00
1121,209,15,Vertex Analytics - New Business,Qualification,30225,2025-02-20,2024-08-25,Inbound - Web,Best Case,False,False,CompetitorA,,37,Schedule demo,New Business,2024-08-25T00:00:00
1122,385,6,Quantum Digital - New Business,Closed Lost,34393,2024-04-25,2024-01-14,Inbound - Web,Omitted,False,True,CompetitorA,Budget Cut,45,,New Business,2024-01-14T00:00:00
1123,275,1,Acme Partners - Initial License,Proposal,1074565,2023-06-07,2023-01-18,Inbound - Web,Best Case,False,False,,,25,Reference call,New Business,2023-01-18T00:00:00
1124,498,2,Optima Platforms - Initial License,Prospecting,17376,2025-05-19,2024-09-24,Product-Led,Pipeline,False,False,CompetitorA,,34,Reference call,New Business,2024-09-24T00:00:00
1125,79,12,Apex Software - Initial License,Qualification,28606,2025-05-05,2024-10-04,Product-Led,Best Case,False,False,CompetitorA,,67,Executive alignment,New Business,2024-10-04T00:00:00
1126,975,13,Optima Systems - Platform Deal,Closed Lost,11443,2024-06-18,2023-12-21,Partner Referral,Omitted,False,True,,Price,3,,New Business,2023-12-21T00:00:00
1127,736,1,Horizon Dynamics - Initial License,Closed Lost,629807,2024-12-31,2024-12-14,Product-Led,Omitted,False,True,CompetitorE,Feature Gap,29,,New Business,2024-12-14T00:00:00
723,483,13,Elevate Group - New Business,Prospecting,,2024-05-06,2024-04-04,Outbound - SDR,Pipeline,False,False,Open Source Alternative,,8,,New Business,2024-04-04T00:00:00
1129,741,4,Apex Corp - Platform Deal,Qualification,41728,2023-10-30,2023-08-09,Webinar,Best Case,False,False,,,16,POC setup,New Business,2023-08-09T00:00:00
1130,827,12,Atlas Networks - Platform Deal,Qualification,129769,2025-04-03,2024-07-17,Webinar,Best Case,False,False,CompetitorE,,21,Technical review,New Business,2024-07-17T00:00:00
1131,801,1,Nexus Analytics - New Business,Discovery,49138,2024-12-22,2024-10-05,,Pipeline,False,False,Open Source Alternative,,44,Executive alignment,New Business,2024-10-05T00:00:00
1132,112,10,Nexus Services - Initial License,Qualification,204211,2021-03-03,2020-10-16,Outbound - AE,Best Case,False,False,CompetitorC,,46,Contract signing,New Business,2020-10-16T00:00:00
1133,538,3,Fusion Solutions - New Business,Closed Won,,2024-12-18,2024-10-27,Event,Closed,True,True,,,4,,New Business,2024-10-27T00:00:00
1134,178,4,Quantum Group - Initial License,Closed Lost,85670,2021-07-28,2021-04-06,Product-Led,Omitted,False,True,,Price,47,,New Business,2021-04-06T00:00:00
1135,603,3,Velocity Corp - Platform Deal,Qualification,49357,2024-06-09,2024-01-11,Outbound - SDR,Best Case,False,False,,,2,Legal review,New Business,2024-01-11T00:00:00
1136,200,3,Nova Digital - Platform Deal,Discovery,196291,2024-06-04,2024-02-11,Event,Pipeline,False,False,,,14,,New Business,2024-02-11T00:00:00
1137,655,10,Zenith Analytics - New Business,Discovery,191585,2025-02-20,2024-12-25,Outbound - AE,Pipeline,False,False,CompetitorE,,68,Technical review,New Business,2024-12-25T00:00:00
1138,716,2,Nexus Networks - Initial License,Proposal,36678,2025-06-06,2024-12-21,Inbound - Content,Best Case,False,False,Open Source Alternative,,9,Contract signing,New Business,2024-12-21T00:00:00
1139,362,6,Optima Corp - Platform Deal,Qualification,190852,2024-07-16,2024-04-27,Webinar,Best Case,False,False,,,38,POC setup,New Business,2024-04-27T00:00:00
1140,931,7,Atlas Analytics - Initial License,Prospecting,43637,2025-01-12,2024-11-29,Outbound - AE,Pipeline,False,False,CompetitorC,,35,Reference call,New Business,2024-11-29T00:00:00
1141,133,2,Summit Holdings - Platform Deal,Prospecting,49067,2024-09-07,2024-02-06,Outbound - AE,Pipeline,False,False,,,39,Schedule demo,New Business,2024-02-06T00:00:00
1142,589,15,Vertex Systems - New Business,Discovery,90644,2025-04-07,2024-08-28,Product-Led,Pipeline,False,False,,,36,Executive alignment,New Business,2024-08-28T00:00:00
1143,757,13,Acme Analytics - Platform Deal,Qualification,,2023-09-07,2023-01-06,Outbound - SDR,Best Case,False,False,,,76,Contract signing,New Business,2023-01-06T00:00:00
1144,259,1,Global Partners - Platform Deal,Qualification,693798,2024-08-28,2024-02-08,Outbound - SDR,Best Case,False,False,Open Source Alternative,,21,Schedule demo,New Business,2024-02-08T00:00:00
1145,900,6,Horizon Networks - Platform Deal,Qualification,11029,2022-02-19,2022-01-07,Webinar,Best Case,False,False,CompetitorC,,36,Schedule demo,New Business,2022-01-07T00:00:00
1146,848,6,Horizon Networks - Platform Deal,Closed Lost,40917,2024-12-31,2024-12-23,Inbound - Web,Omitted,False,True,CompetitorA,Competitor,53,,New Business,2024-12-23T00:00:00
1147,730,7,Elevate Enterprises - Platform Deal,Negotiation,25448,2024-11-12,2024-08-19,Inbound - Content,Commit,False,False,Open Source Alternative,,33,Technical review,New Business,2024-08-19T00:00:00
1148,812,6,Pinnacle Platforms - Initial License,Closed Won,30882,2024-10-16,2024-08-06,Product-Led,Closed,True,True,CompetitorA,,25,,New Business,2024-08-06T00:00:00
1149,526,10,Apex Inc - Initial License,Proposal,41871,2023-02-06,2022-11-04,Outbound - AE,Best Case,False,False,CompetitorC,,3,Executive alignment,New Business,2022-11-04T00:00:00
1150,153,2,Nexus Technologies - Initial License,Discovery,27429,2023-08-18,2023-02-27,Outbound - AE,Pipeline,False,False,,,20,Technical review,New Business,2023-02-27T00:00:00
1151,233,16,Synergy Technologies - New Business,Proposal,18082,2025-06-07,2024-12-18,Event,Best Case,False,False,CompetitorE,,53,POC setup,New Business,2024-12-18T00:00:00
1152,747,10,Elevate Services - New Business,Prospecting,154447,2025-03-07,2024-09-03,Partner Referral,Pipeline,False,False,,,8,Executive alignment,New Business,2024-09-03T00:00:00
1153,727,5,Quantum Platforms - New Business,Discovery,46512,2025-06-17,2024-11-05,Inbound - Content,Pipeline,False,False,CompetitorB,,55,,New Business,2024-11-05T00:00:00
1154,560,15,Summit Corp - Initial License,Prospecting,48625,2025-07-17,2024-11-30,Partner Referral,Pipeline,False,False,CompetitorE,,7,Send proposal,New Business,2024-11-30T00:00:00
1155,561,12,Velocity Dynamics - New Business,Qualification,8863,2025-01-26,2024-12-11,Outbound - SDR,Best Case,False,False,CompetitorD,,47,Contract signing,New Business,2024-12-11T00:00:00
1156,284,14,Global Dynamics - Initial License,Qualification,52140,2024-06-20,2023-09-25,Outbound - SDR,Best Case,False,False,CompetitorB,,8,,New Business,2023-09-25T00:00:00
1157,428,16,Fusion Services - Initial License,Prospecting,14650,2024-08-16,2024-03-28,Inbound - Content,Pipeline,False,False,,,59,Contract signing,New Business,2024-03-28T00:00:00
1158,118,14,Zenith Software - New Business,Closed Lost,13418,2024-09-24,2024-04-09,Inbound - Content,Omitted,False,True,CompetitorD,Lost to Status Quo,74,,New Business,2024-04-09T00:00:00
1159,469,3,Optima Networks - Platform Deal,Closed Won,87516,2024-10-30,2024-08-30,Inbound - Web,Closed,True,True,,,5,,New Business,2024-08-30T00:00:00
1160,145,8,Nova Software - Initial License,Discovery,44752,2024-05-19,2024-02-05,Inbound - Content,Pipeline,False,False,CompetitorC,,30,Reference call,New Business,2024-02-05T00:00:00
503,881,9,Synergy Inc - New Business,Proposal,41087,2023-03-20,2022-08-10,Event,Best Case,False,False,CompetitorA,,41,Legal review,New Business,2022-08-10T00:00:00
1162,994,5,Fusion Analytics - Platform Deal,Discovery,135753,2025-02-28,2024-09-27,Outbound - AE,Pipeline,False,False,CompetitorE,,26,Send proposal,New Business,2024-09-27T00:00:00
1163,326,9,Pinnacle Corp - Initial License,Closed Lost,204844,2020-11-01,2020-04-11,Webinar,Omitted,False,True,CompetitorB,Lost to Status Quo,59,,New Business,2020-04-11T00:00:00
1164,426,7,Velocity Holdings - New Business,Closed Lost,11190,2024-12-16,2024-10-03,Inbound - Content,Omitted,False,True,CompetitorB,Competitor,16,,New Business,2024-10-03T00:00:00
1165,1000,16,Catalyst Inc - Initial License,Discovery,34061,2024-11-17,2024-04-14,Inbound - Content,Pipeline,False,False,CompetitorD,,63,POC setup,New Business,2024-04-14T00:00:00
1166,448,5,Acme Corp - New Business,Closed Lost,25559,2024-12-31,2024-11-16,Inbound - Web,Omitted,False,True,CompetitorB,Budget Cut,42,,New Business,2024-11-16T00:00:00
1004,787,11,Velocity Corp - Platform Deal,Discovery,132099,2024-05-04,2023-12-10,Event,Pipeline,False,False,CompetitorA,,15,Schedule demo,New Business,2023-12-10T00:00:00
1168,858,7,Atlas Enterprises - New Business,Qualification,53600,2025-08-08,2024-11-12,Outbound - SDR,Best Case,False,False,,,23,Legal review,New Business,2024-11-12T00:00:00
1169,330,15,Synergy Analytics - Initial License,Proposal,25784,2025-04-30,2024-08-22,,Best Case,False,False,,,25,Legal review,New Business,2024-08-22T00:00:00
1170,265,10,Horizon Group - Additional Seats,Closed Lost,17418,2023-08-18,2023-04-08,Event,Omitted,False,True,CompetitorE,Budget Cut,67,,Expansion,2023-04-08T00:00:00
1171,744,2,Synergy Systems - Platform Deal,Qualification,638569,2024-09-23,2024-02-16,Partner Referral,Best Case,False,False,,,39,Reference call,New Business,2024-02-16T00:00:00
1172,432,9,Nexus Enterprises - New Business,Qualification,143623,2025-04-16,2024-08-09,Inbound - Web,Best Case,False,False,Open Source Alternative,,63,Send proposal,New Business,2024-08-09T00:00:00
1173,855,16,Pinnacle Software - Initial License,Discovery,30079,2025-03-02,2024-12-01,Inbound - Web,Pipeline,False,False,,,9,POC setup,New Business,2024-12-01T00:00:00
1174,931,7,Atlas Analytics - New Business,Prospecting,41840,2025-06-01,2024-12-12,Webinar,Pipeline,False,False,,,45,Contract signing,New Business,2024-12-12T00:00:00
1175,747,10,Elevate Services - Platform Deal,Prospecting,189970,2024-11-30,2024-07-14,Outbound - SDR,Pipeline,False,False,CompetitorB,,36,POC setup,New Business,2024-07-14T00:00:00
1176,259,4,Global Partners - New Business,Closed Lost,283113,2024-03-15,2024-02-27,Inbound - Content,Omitted,False,True,CompetitorA,Timing,7,,New Business,2024-02-27T00:00:00
1177,42,13,Elevate Dynamics - New Business,Prospecting,,2024-03-27,2023-08-21,Product-Led,Pipeline,False,False,Open Source Alternative,,26,,New Business,2023-08-21T00:00:00
1178,433,11,Pacific Holdings - Initial License,Discovery,102516,2023-03-07,2022-12-02,Event,Pipeline,False,False,CompetitorB,,8,,New Business,2022-12-02T00:00:00
1179,460,7,Velocity Networks - Initial License,Closed Lost,117743,2024-12-31,2024-11-27,Event,Omitted,False,True,CompetitorA,Price,34,,New Business,2024-11-27T00:00:00
1180,376,1,Nexus Services - New Business,Discovery,224303,2025-02-26,2024-09-18,Event,Pipeline,False,False,CompetitorD,,45,POC setup,New Business,2024-09-18T00:00:00
1181,633,4,Optima Services - Platform Deal,Discovery,7899,2023-08-26,2023-05-11,Event,Pipeline,False,False,,,31,Reference call,New Business,2023-05-11T00:00:00
1182,673,12,Optima Networks - Platform Deal,Proposal,177147,2021-06-30,2021-01-08,,Best Case,False,False,CompetitorC,,6,,New Business,2021-01-08T00:00:00
746,384,5,Horizon Digital - Initial License,Closed Lost,16569,2024-12-19,2024-07-04,Product-Led,Omitted,False,True,CompetitorD,Price,37,,New Business,2024-07-04T00:00:00
1184,635,2,Horizon Solutions - Initial License,Proposal,16586,2024-12-29,2024-08-01,Inbound - Web,Best Case,False,False,CompetitorB,,3,Reference call,New Business,2024-08-01T00:00:00
1185,503,6,Fusion Platforms - New Business,Qualification,48365,2024-11-08,2024-04-10,Outbound - AE,Best Case,False,False,,,57,Reference call,New Business,2024-04-10T00:00:00
1186,365,2,Velocity Networks - Initial License,Closed Lost,26411,2024-12-31,2024-11-13,,Omitted,False,True,CompetitorE,Budget Cut,44,,New Business,2024-11-13T00:00:00
1187,7,1,Elevate Dynamics - Initial License,Qualification,53139,2022-06-27,2022-05-04,Outbound - SDR,Best Case,False,False,,,11,Schedule demo,New Business,2022-05-04T00:00:00
1188,46,10,Fusion Partners - Renewal,Proposal,163014,2023-03-12,2022-10-09,Inbound - Content,Best Case,False,False,CompetitorD,,67,Legal review,Renewal,2022-10-09T00:00:00
1189,415,1,Pinnacle Services - Platform Deal,Closed Lost,49014,2024-07-10,2024-06-26,,Omitted,False,True,,Champion Left,37,,New Business,2024-06-26T00:00:00
1190,861,4,Nexus Platforms - New Business,Closed Won,31219,2023-05-06,2023-03-04,Product-Led,Closed,True,True,,,46,,New Business,2023-03-04T00:00:00
1191,31,11,Synergy Platforms - Initial License,Discovery,45941,2024-06-10,2023-12-22,Event,Pipeline,False,False,Open Source Alternative,,34,Executive alignment,New Business,2023-12-22T00:00:00
1192,162,4,Atlas Enterprises - New Business,Closed Lost,16805,2024-12-31,2024-12-06,Partner Referral,Omitted,False,True,CompetitorA,Competitor,22,,New Business,2024-12-06T00:00:00
1193,944,8,Acme Networks - Initial License,Discovery,49523,2025-03-23,2024-11-07,Outbound - SDR,Pipeline,False,False,CompetitorD,,56,Executive alignment,New Business,2024-11-07T00:00:00
1194,582,2,Summit Software - New Business,Prospecting,552169,2023-07-18,2022-12-31,Product-Led,Pipeline,False,False,Open Source Alternative,,37,POC setup,New Business,2022-12-31T00:00:00
364,232,2,Pinnacle Technologies - Platform Deal,Prospecting,95289,2024-04-12,2024-01-12,Event,Pipeline,False,False,CompetitorD,,22,,New Business,2024-01-12T00:00:00
1196,413,2,Synergy Holdings - Initial License,Qualification,85104,2024-02-18,2023-08-06,Partner Referral,Best Case,False,False,Open Source Alternative,,10,,New Business,2023-08-06T00:00:00
1197,82,4,Apex Networks - Initial License,Prospecting,93306,2021-08-22,2021-06-21,Webinar,Pipeline,False,False,CompetitorB,,35,Send proposal,New Business,2021-06-21T00:00:00
1198,4,9,Zenith Enterprises - Initial License,Negotiation,55649,2023-06-01,2023-01-25,Inbound - Web,Commit,False,False,,,68,Send proposal,New Business,2023-01-25T00:00:00
1199,560,13,Summit Corp - New Business,Qualification,63890,2025-06-25,2024-12-18,Outbound - AE,Best Case,False,False,,,5,Executive alignment,New Business,2024-12-18T00:00:00
1200,719,3,Acme Digital - Initial License,Discovery,523338,2024-11-12,2024-06-24,Product-Led,Pipeline,False,False,,,38,Executive alignment,New Business,2024-06-24T00:00:00
1201,50,1,Fusion Holdings - Initial License,Discovery,32252,2025-02-15,2024-10-19,Event,Pipeline,False,False,CompetitorC,,14,Reference call,New Business,2024-10-19T00:00:00
1202,698,10,Summit Services - New Business,Prospecting,1040882,2025-02-17,2024-07-01,Webinar,Pipeline,False,False,CompetitorA,,52,Contract signing,New Business,2024-07-01T00:00:00
1203,561,12,Velocity Dynamics - Platform Deal,Discovery,39755,2025-04-28,2024-11-08,Inbound - Content,Pipeline,False,False,CompetitorD,,48,Technical review,New Business,2024-11-08T00:00:00
1204,138,5,Catalyst Group - Initial License,Closed Won,147451,2024-09-18,2024-04-16,Outbound - SDR,Closed,True,True,CompetitorA,,37,,New Business,2024-04-16T00:00:00
1205,166,13,Velocity Technologies - Initial License,Closed Won,36722,2024-12-31,2024-12-24,Product-Led,Closed,True,True,CompetitorE,,78,,New Business,2024-12-24T00:00:00
1206,250,14,Global Analytics - Platform Deal,Discovery,103647,2024-05-14,2024-03-21,Outbound - SDR,Pipeline,False,False,CompetitorA,,62,Schedule demo,New Business,2024-03-21T00:00:00
1207,940,8,Vertex Inc - New Business,Negotiation,56150,2023-09-05,2023-07-20,Partner Referral,Commit,False,False,CompetitorD,,45,Contract signing,New Business,2023-07-20T00:00:00
1208,168,14,Global Labs - Initial License,Qualification,49174,2025-05-13,2024-10-03,Product-Led,Best Case,False,False,,,68,Legal review,New Business,2024-10-03T00:00:00
1209,79,12,Apex Software - Platform Deal,Proposal,17845,2021-04-01,2020-09-04,Outbound - SDR,Best Case,False,False,,,15,Contract signing,New Business,2020-09-04T00:00:00
1210,33,9,Fusion Systems - Platform Deal,Closed Lost,41267,2024-11-29,2024-10-13,Outbound - AE,Omitted,False,True,,Budget Cut,20,,New Business,2024-10-13T00:00:00
1211,587,9,Nova Software - Initial License,Closed Won,32433,2024-08-03,2024-03-25,Inbound - Web,Closed,True,True,CompetitorB,,21,,New Business,2024-03-25T00:00:00
1212,467,9,Pacific Inc - Platform Deal,Qualification,665062,2025-02-04,2024-11-15,Event,Best Case,False,False,CompetitorB,,57,Reference call,New Business,2024-11-15T00:00:00
1213,79,12,Apex Software - Platform Deal,Prospecting,5867,2024-04-02,2023-11-28,Inbound - Content,Pipeline,False,False,,,33,Executive alignment,New Business,2023-11-28T00:00:00
1214,895,6,Synergy Services - New Business,Proposal,476565,2023-08-22,2023-07-15,,Best Case,False,False,CompetitorD,,54,Send proposal,New Business,2023-07-15T00:00:00
1215,226,2,Pacific Dynamics - Contract Renewal,Discovery,143868,2024-06-28,2024-02-21,Partner Referral,Pipeline,False,False,Open Source Alternative,,34,Technical review,Renewal,2024-02-21T00:00:00
1216,347,4,Fusion Inc - Initial License,Negotiation,112730,2024-07-01,2024-02-18,Partner Referral,Commit,False,False,,,2,Contract signing,New Business,2024-02-18T00:00:00
1217,131,6,Optima Platforms - Initial License,Closed Lost,208545,2023-12-07,2023-10-19,Inbound - Web,Omitted,False,True,CompetitorA,Competitor,48,,New Business,2023-10-19T00:00:00
1218,943,15,Atlas Group - Initial License,Discovery,,2025-05-31,2024-12-11,Webinar,Pipeline,False,False,CompetitorE,,44,Executive alignment,New Business,2024-12-11T00:00:00
1219,616,6,Catalyst Inc - Initial License,Qualification,151574,2025-03-02,2024-11-05,Event,Best Case,False,False,,,4,Contract signing,New Business,2024-11-05T00:00:00
1220,108,5,Vertex Platforms - Initial License,Discovery,20789,2025-02-24,2024-11-09,Partner Referral,Pipeline,False,False,CompetitorD,,5,Technical review,New Business,2024-11-09T00:00:00
1221,595,9,Apex Technologies - Initial License,Closed Won,22354,2024-04-02,2024-01-08,Inbound - Web,Closed,True,True,,,50,,New Business,2024-01-08T00:00:00
1222,449,5,Summit Group - Platform Deal,Proposal,7445,2025-07-05,2024-12-26,Outbound - SDR,Best Case,False,False,CompetitorA,,33,Contract signing,New Business,2024-12-26T00:00:00
1223,631,8,Vanguard Corp - Initial License,Qualification,152482,2025-04-21,2024-07-31,Webinar,Best Case,False,False,Open Source Alternative,,34,Legal review,New Business,2024-07-31T00:00:00
1224,765,13,Velocity Partners - Platform Deal,Closed Lost,204528,2024-12-31,2024-11-02,Product-Led,Omitted,False,True,CompetitorE,Lost to Status Quo,56,,New Business,2024-11-02T00:00:00
1225,218,15,Nexus Technologies - New Business,Negotiation,41003,2025-04-28,2024-11-05,Inbound - Content,Commit,False,False,,,66,Contract signing,New Business,2024-11-05T00:00:00
1226,125,11,Acme Corp - Initial License,Prospecting,216380,2025-01-28,2024-10-16,Inbound - Web,Pipeline,False,False,CompetitorB,,17,,New Business,2024-10-16T00:00:00
1227,866,13,Velocity Digital - Initial License,Closed Lost,,2024-12-31,2024-10-28,Outbound - AE,Omitted,False,True,CompetitorC,Timing,9,,New Business,2024-10-28T00:00:00
1228,71,8,Apex Solutions - Initial License,Qualification,60842,2024-07-24,2024-05-09,Inbound - Web,Best Case,False,False,,,47,Technical review,New Business,2024-05-09T00:00:00
1229,588,15,Elevate Services - Initial License,Discovery,139623,2025-02-12,2024-12-13,Inbound - Web,Pipeline,False,False,CompetitorE,,47,Legal review,New Business,2024-12-13T00:00:00
1230,665,7,Zenith Technologies - Initial License,Closed Lost,164075,2021-12-24,2021-07-27,Product-Led,Omitted,False,True,CompetitorB,Budget Cut,2,,New Business,2021-07-27T00:00:00
1231,809,1,Synergy Systems - Platform Deal,Proposal,40722,2025-06-08,2024-09-15,Webinar,Best Case,False,False,CompetitorE,,15,Reference call,New Business,2024-09-15T00:00:00
1232,596,16,Fusion Dynamics - Initial License,Proposal,29860,2025-08-13,2024-12-14,Partner Referral,Best Case,False,False,,,54,Technical review,New Business,2024-12-14T00:00:00
1233,949,10,Quantum Holdings - Platform Deal,Closed Lost,176806,2022-09-19,2022-08-12,Inbound - Web,Omitted,False,True,CompetitorC,No Decision,4,,New Business,2022-08-12T00:00:00
1234,135,8,Acme Holdings - New Business,Prospecting,47459,2022-08-19,2022-03-21,Product-Led,Pipeline,False,False,CompetitorB,,48,Legal review,New Business,2022-03-21T00:00:00
611,767,5,Pinnacle Inc - Contract Renewal,Prospecting,23534,2024-07-02,2023-11-01,Product-Led,Pipeline,False,False,CompetitorB,,11,Legal review,Renewal,2023-11-01T00:00:00
1236,496,15,Global Group - Initial License,Discovery,171351,2023-12-22,2023-07-16,Partner Referral,Pipeline,False,False,CompetitorA,,28,,New Business,2023-07-16T00:00:00
1237,38,1,Catalyst Labs - Platform Deal,Qualification,14399,2025-03-06,2024-12-11,Outbound - SDR,Best Case,False,False,,,21,Executive alignment,New Business,2024-12-11T00:00:00
1023,429,9,Catalyst Software - New Business,Qualification,18305,2025-03-22,2024-09-28,Product-Led,Best Case,False,False,Open Source Alternative,,69,Technical review,New Business,2024-09-28T00:00:00
1239,648,5,Apex Dynamics - New Business,Negotiation,60639,2021-03-07,2020-12-02,Outbound - SDR,Commit,False,False,CompetitorE,,42,POC setup,New Business,2020-12-02T00:00:00
1240,419,13,Nova Software - New Business,Closed Lost,160446,2024-06-16,2024-02-12,Outbound - SDR,Omitted,False,True,,Competitor,69,,New Business,2024-02-12T00:00:00
1241,471,7,Elevate Analytics - Initial License,Qualification,37734,2023-07-26,2023-05-17,Inbound - Content,Best Case,False,False,CompetitorA,,50,,New Business,2023-05-17T00:00:00
1242,831,1,Elevate Holdings - Initial License,Closed Lost,420086,2024-12-31,2024-12-11,Inbound - Content,Omitted,False,True,,Budget Cut,36,,New Business,2024-12-11T00:00:00
1243,922,7,Acme Corp - Renewal,Closed Won,125186,2024-10-30,2024-09-21,Webinar,Closed,True,True,,,41,,Renewal,2024-09-21T00:00:00
1244,45,7,Quantum Inc - Initial License,Negotiation,15797,2025-03-05,2024-09-28,Event,Commit,False,False,CompetitorE,,50,Executive alignment,New Business,2024-09-28T00:00:00
1245,94,2,Horizon Solutions - New Business,Qualification,112455,2024-12-20,2024-09-20,Partner Referral,Best Case,False,False,CompetitorC,,18,,New Business,2024-09-20T00:00:00
1246,121,8,Fusion Technologies - Platform Deal,Prospecting,85216,2022-12-28,2022-05-25,Outbound - SDR,Pipeline,False,False,CompetitorC,,35,POC setup,New Business,2022-05-25T00:00:00
1247,486,6,Summit Networks - New Business,Prospecting,574968,2025-03-06,2024-11-29,Partner Referral,Pipeline,False,False,,,37,Technical review,New Business,2024-11-29T00:00:00
1248,645,3,Zenith Holdings - New Business,Qualification,,2023-04-12,2023-03-10,Webinar,Best Case,False,False,CompetitorB,,24,Contract signing,New Business,2023-03-10T00:00:00
1249,177,6,Pinnacle Technologies - Platform Deal,Closed Lost,36714,2024-12-31,2024-12-06,Product-Led,Omitted,False,True,CompetitorA,Price,57,,New Business,2024-12-06T00:00:00
1250,609,3,Atlas Software - Initial License,Qualification,102951,2025-02-02,2024-12-23,Event,Best Case,False,False,CompetitorC,,12,Send proposal,New Business,2024-12-23T00:00:00
1251,934,9,Apex Technologies - Initial License,Discovery,14528,2025-03-07,2024-11-08,Webinar,Pipeline,False,False,CompetitorD,,11,Executive alignment,New Business,2024-11-08T00:00:00
1252,942,1,Vanguard Corp - Platform Deal,Prospecting,230694,2025-05-28,2024-12-07,Outbound - SDR,Pipeline,False,False,Open Source Alternative,,6,Legal review,New Business,2024-12-07T00:00:00
1253,1000,16,Catalyst Inc - New Business,Closed Lost,53184,2024-12-01,2024-08-17,Event,Omitted,False,True,CompetitorB,Feature Gap,34,,New Business,2024-08-17T00:00:00
1254,49,12,Global Holdings - Platform Deal,Closed Lost,133070,2024-03-25,2023-10-18,Event,Omitted,False,True,Open Source Alternative,Timing,30,,New Business,2023-10-18T00:00:00
1255,57,11,Acme Technologies - Platform Deal,Qualification,410054,2025-06-14,2024-12-19,Event,Best Case,False,False,Open Source Alternative,,50,Send proposal,New Business,2024-12-19T00:00:00
1256,445,6,Quantum Group - Platform Deal,Closed Lost,70113,2024-03-28,2024-03-02,Product-Led,Omitted,False,True,CompetitorB,Budget Cut,34,,New Business,2024-03-02T00:00:00
1257,408,4,Vertex Systems - Platform Deal,Discovery,16589,2023-09-19,2023-01-31,Inbound - Content,Pipeline,False,False,CompetitorD,,43,POC setup,New Business,2023-01-31T00:00:00
1258,527,12,Synergy Dynamics - Initial License,Discovery,261109,2023-10-02,2023-10-13,Inbound - Content,Pipeline,False,False,,,65,Legal review,New Business,2023-10-13T00:00:00
1259,726,10,Apex Corp - Platform Deal,Discovery,15232,2023-01-22,2022-12-12,Partner Referral,Pipeline,False,False,CompetitorA,,6,,New Business,2022-12-12T00:00:00
1260,597,3,Quantum Holdings - Initial License,Proposal,555661,2025-01-18,2024-09-18,Inbound - Web,Best Case,False,False,,,39,Technical review,New Business,2024-09-18T00:00:00
1261,829,16,Nexus Holdings - New Business,Closed Lost,89965,2024-06-29,2024-05-12,Inbound - Web,Omitted,False,True,,Feature Gap,62,,New Business,2024-05-12T00:00:00
1262,82,7,Apex Networks - Initial License,Closed Lost,136924,2023-08-28,2023-03-26,Inbound - Web,Omitted,False,True,CompetitorA,Timing,48,,New Business,2023-03-26T00:00:00
1263,281,10,Elevate Enterprises - Initial License,Discovery,844235,2024-05-22,2024-04-21,,Pipeline,False,False,CompetitorA,,6,Executive alignment,New Business,2024-04-21T00:00:00
1264,170,4,Nova Analytics - Platform Deal,Proposal,1116649,2024-09-17,2024-07-11,Inbound - Web,Best Case,False,False,Open Source Alternative,,32,Legal review,New Business,2024-07-11T00:00:00
1265,94,2,Horizon Solutions - Initial License,Negotiation,87160,2024-12-26,2024-09-18,Event,Commit,False,False,CompetitorC,,38,Schedule demo,New Business,2024-09-18T00:00:00
1266,297,8,Horizon Corp - Initial License,Proposal,182418,2025-08-15,2024-11-24,Event,Best Case,False,False,CompetitorC,,39,Send proposal,New Business,2024-11-24T00:00:00
1267,239,11,Synergy Networks - Initial License,Negotiation,98139,2021-12-16,2021-10-24,Event,Commit,False,False,CompetitorE,,56,Reference call,New Business,2021-10-24T00:00:00
1268,319,1,Apex Platforms - Platform Deal,Qualification,282098,2025-05-23,2024-12-03,Event,Best Case,False,False,CompetitorA,,9,POC setup,New Business,2024-12-03T00:00:00
1269,524,15,Vertex Inc - Initial License,Prospecting,33796,2025-02-16,2024-07-03,Webinar,Pipeline,False,False,CompetitorE,,61,Technical review,New Business,2024-07-03T00:00:00
1270,319,1,Apex Platforms - Initial License,Proposal,734313,2025-02-12,2024-11-01,Partner Referral,Best Case,False,False,CompetitorD,,3,Technical review,New Business,2024-11-01T00:00:00
1271,129,16,Global Networks - Platform Deal,Prospecting,30361,2023-03-23,2022-11-07,Partner Referral,Pipeline,False,False,CompetitorD,,52,Legal review,New Business,2022-11-07T00:00:00
1272,196,5,Global Networks - New Business,Qualification,9572,2022-12-01,2022-08-15,Outbound - AE,Best Case,False,False,,,43,POC setup,New Business,2022-08-15T00:00:00
1273,951,13,Catalyst Analytics - Platform Deal,Proposal,101103,2024-08-22,2024-03-30,,Best Case,False,False,CompetitorD,,45,,New Business,2024-03-30T00:00:00
1274,558,9,Apex Dynamics - New Business,Prospecting,41204,2023-05-03,2023-03-22,Inbound - Content,Pipeline,False,False,,,38,Contract signing,New Business,2023-03-22T00:00:00
1275,845,2,Pacific Dynamics - Initial License,Proposal,625257,2024-04-04,2023-10-22,Event,Best Case,False,False,CompetitorE,,40,Schedule demo,New Business,2023-10-22T00:00:00
1276,27,1,Optima Solutions - Initial License,Prospecting,28838,2022-10-20,2022-02-04,Event,Pipeline,False,False,,,1,Contract signing,New Business,2022-02-04T00:00:00
1277,758,2,Zenith Group - New Business,Qualification,9297,2023-07-28,2023-06-24,Event,Best Case,False,False,,,16,Schedule demo,New Business,2023-06-24T00:00:00
1278,716,15,Nexus Networks - New Business,Qualification,26013,2025-01-22,2024-12-19,Webinar,Best Case,False,False,,,31,Schedule demo,New Business,2024-12-19T00:00:00
1279,183,15,Nexus Inc - Platform Deal,Prospecting,27855,2025-09-09,2024-12-20,Inbound - Content,Pipeline,False,False,,,10,POC setup,New Business,2024-12-20T00:00:00
1280,631,1,Vanguard Corp - Initial License,Qualification,65162,2024-08-01,2024-06-05,Outbound - SDR,Best Case,False,False,CompetitorD,,39,POC setup,New Business,2024-06-05T00:00:00
1281,116,6,Horizon Technologies - New Business,Prospecting,18091,2024-11-11,2024-08-21,Partner Referral,Pipeline,False,False,CompetitorA,,34,Send proposal,New Business,2024-08-21T00:00:00
1282,788,15,Acme Solutions - Initial License,Discovery,7764,2024-12-02,2024-10-19,Event,Pipeline,False,False,,,27,POC setup,New Business,2024-10-19T00:00:00
1283,917,9,Fusion Networks - Initial License,Prospecting,78862,2025-03-24,2024-09-25,,Pipeline,False,False,CompetitorD,,19,Send proposal,New Business,2024-09-25T00:00:00
1284,416,14,Velocity Enterprises - Initial License,Qualification,648532,2022-03-01,2021-08-07,Product-Led,Best Case,False,False,CompetitorE,,10,Schedule demo,New Business,2021-08-07T00:00:00
1285,457,5,Velocity Networks - Initial License,Prospecting,63925,2024-10-14,2024-08-08,Product-Led,Pipeline,False,False,CompetitorB,,14,,New Business,2024-08-08T00:00:00
1286,127,11,Nexus Corp - Platform Deal,Qualification,314536,2023-08-19,2022-11-30,Partner Referral,Best Case,False,False,CompetitorE,,60,Executive alignment,New Business,2022-11-30T00:00:00
1287,215,5,Acme Holdings - Platform Deal,Discovery,874612,2024-06-29,2024-03-07,Partner Referral,Pipeline,False,False,,,35,Legal review,New Business,2024-03-07T00:00:00
1288,999,11,Elevate Corp - Platform Deal,Discovery,529317,2025-04-25,2024-11-15,Partner Referral,Pipeline,False,False,CompetitorD,,14,Send proposal,New Business,2024-11-15T00:00:00
1289,335,14,Vanguard Analytics - Initial License,Proposal,55895,2025-03-22,2024-07-31,Product-Led,Best Case,False,False,CompetitorB,,75,,New Business,2024-07-31T00:00:00
1290,836,4,Summit Analytics - Initial License,Prospecting,43706,2024-12-30,2024-07-04,Outbound - AE,Pipeline,False,False,Open Source Alternative,,49,Contract signing,New Business,2024-07-04T00:00:00
1291,616,11,Catalyst Inc - Initial License,Prospecting,114310,2023-02-18,2022-07-01,Product-Led,Pipeline,False,False,,,8,Contract signing,New Business,2022-07-01T00:00:00
1292,656,11,Global Platforms - Initial License,Qualification,32278,2024-06-06,2024-04-21,Partner Referral,Best Case,False,False,Open Source Alternative,,49,Reference call,New Business,2024-04-21T00:00:00
1293,504,1,Catalyst Inc - Initial License,Closed Won,29157,2023-11-26,2023-08-10,Webinar,Closed,True,True,CompetitorD,,38,,New Business,2023-08-10T00:00:00
1294,298,6,Apex Digital - Initial License,Qualification,,2023-02-05,2022-09-27,Inbound - Content,Best Case,False,False,,,17,Legal review,New Business,2022-09-27T00:00:00
1295,533,14,Atlas Labs - New Business,Qualification,44174,2024-06-12,2024-03-11,,Best Case,False,False,,,34,Legal review,New Business,2024-03-11T00:00:00
1296,294,2,Acme Platforms - New Business,Qualification,5953,2025-04-18,2024-09-25,Inbound - Web,Best Case,False,False,CompetitorC,,36,Technical review,New Business,2024-09-25T00:00:00
1297,842,4,Quantum Software - New Business,Qualification,194370,2024-08-11,2024-04-14,Product-Led,Best Case,False,False,,,2,Send proposal,New Business,2024-04-14T00:00:00
1298,839,9,Elevate Enterprises - New Business,Closed Lost,127589,2024-12-31,2024-12-10,Inbound - Web,Omitted,False,True,,Lost to Status Quo,52,,New Business,2024-12-10T00:00:00
1299,642,3,Optima Partners - New Business,Qualification,62795,2024-10-26,2024-11-13,Inbound - Web,Best Case,False,False,CompetitorA,,32,Executive alignment,New Business,2024-11-13T00:00:00
1300,552,1,Fusion Technologies - New Business,Discovery,86897,2023-11-13,2023-04-02,,Pipeline,False,False,CompetitorB,,5,POC setup,New Business,2023-04-02T00:00:00
1301,363,4,Nexus Dynamics - Platform Deal,Qualification,499698,2023-11-13,2023-08-03,Inbound - Content,Best Case,False,False,,,38,,New Business,2023-08-03T00:00:00
1302,204,16,Atlas Group - Platform Deal,Discovery,115380,2025-01-15,2024-09-28,Outbound - AE,Pipeline,False,False,,,10,Schedule demo,New Business,2024-09-28T00:00:00
1303,185,4,Zenith Systems - New Business,Discovery,44950,2021-12-06,2021-10-12,Outbound - AE,Pipeline,False,False,CompetitorA,,3,Contract signing,New Business,2021-10-12T00:00:00
1304,860,16,Pacific Partners - Platform Deal,Discovery,164234,2025-05-17,2024-09-10,Inbound - Web,Pipeline,False,False,,,26,Legal review,New Business,2024-09-10T00:00:00
1305,283,16,Elevate Inc - Platform Deal,Closed Lost,,2024-12-31,2024-12-11,Outbound - SDR,Omitted,False,True,CompetitorA,Lost to Status Quo,18,,New Business,2024-12-11T00:00:00
1306,315,12,Nova Services - Platform Deal,Discovery,7593,2024-08-18,2024-07-16,Inbound - Web,Pipeline,False,False,,,43,Schedule demo,New Business,2024-07-16T00:00:00
1307,165,5,Optima Technologies - New Business,Discovery,48668,2021-01-19,2020-11-19,Product-Led,Pipeline,False,False,CompetitorC,,13,Executive alignment,New Business,2020-11-19T00:00:00
1308,943,15,Atlas Group - Expansion,Proposal,21234,2025-09-13,2024-12-30,Outbound - SDR,Best Case,False,False,CompetitorE,,2,Send proposal,Expansion,2024-12-30T00:00:00
1309,329,2,Optima Networks - Initial License,Discovery,26370,2024-12-08,2024-08-20,Outbound - SDR,Pipeline,False,False,,,19,Executive alignment,New Business,2024-08-20T00:00:00
1310,400,4,Vanguard Inc - Initial License,Qualification,30819,2025-08-11,2024-12-07,Webinar,Best Case,False,False,CompetitorE,,16,Executive alignment,New Business,2024-12-07T00:00:00
1311,177,6,Pinnacle Technologies - Initial License,Qualification,32171,2024-12-13,2024-11-10,,Best Case,False,False,,,6,,New Business,2024-11-10T00:00:00
1312,657,13,Zenith Labs - New Business,Discovery,11297,2025-06-03,2024-12-11,Partner Referral,Pipeline,False,False,CompetitorE,,2,Technical review,New Business,2024-12-11T00:00:00
1313,872,9,Summit Holdings - New Business,Closed Lost,199484,2024-12-31,2024-11-18,Partner Referral,Omitted,False,True,Open Source Alternative,Champion Left,42,,New Business,2024-11-18T00:00:00
1314,147,7,Apex Software - Initial License,Prospecting,574455,2025-03-02,2024-11-30,Outbound - AE,Pipeline,False,False,CompetitorC,,40,,New Business,2024-11-30T00:00:00
1315,145,8,Nova Software - Initial License,Closed Lost,11436,2024-12-31,2024-12-10,Product-Led,Omitted,False,True,Open Source Alternative,Lost to Status Quo,29,,New Business,2024-12-10T00:00:00
1316,831,1,Elevate Holdings - Platform Deal,Prospecting,242963,2023-12-18,2023-09-23,Partner Referral,Pipeline,False,False,CompetitorE,,40,Technical review,New Business,2023-09-23T00:00:00
1317,942,1,Vanguard Corp - Initial License,Discovery,106072,2025-06-16,2024-11-03,Partner Referral,Pipeline,False,False,Open Source Alternative,,29,Technical review,New Business,2024-11-03T00:00:00
1318,290,4,Catalyst Labs - Initial License,Closed Lost,45969,2024-11-21,2024-08-01,Outbound - SDR,Omitted,False,True,,No Decision,58,,New Business,2024-08-01T00:00:00
1319,278,8,Optima Dynamics - New Business,Discovery,17191,2024-06-03,2024-03-10,Inbound - Content,Pipeline,False,False,CompetitorC,,56,Legal review,New Business,2024-03-10T00:00:00
1320,820,6,Vanguard Enterprises - Initial License,Discovery,35405,2023-09-24,2023-07-05,Outbound - SDR,Pipeline,False,False,,,11,POC setup,New Business,2023-07-05T00:00:00
1321,832,15,Optima Digital - Initial License,Discovery,23648,2023-03-13,2022-12-27,Outbound - SDR,Pipeline,False,False,CompetitorD,,51,Schedule demo,New Business,2022-12-27T00:00:00
1322,480,1,Vanguard Enterprises - New Business,Discovery,430097,2024-05-24,2023-11-21,Product-Led,Pipeline,False,False,CompetitorE,,4,POC setup,New Business,2023-11-21T00:00:00
1323,378,11,Synergy Analytics - Platform Deal,Qualification,11661,2024-04-06,2024-01-10,Outbound - SDR,Best Case,False,False,CompetitorE,,64,Technical review,New Business,2024-01-10T00:00:00
1324,353,7,Summit Technologies - Initial License,Discovery,420548,2025-02-02,2024-12-09,Product-Led,Pipeline,False,False,Open Source Alternative,,17,Contract signing,New Business,2024-12-09T00:00:00
1325,176,13,Zenith Platforms - Platform Deal,Closed Lost,150652,2024-12-26,2024-05-11,Event,Omitted,False,True,CompetitorB,No Decision,64,,New Business,2024-05-11T00:00:00
1326,646,11,Nexus Labs - Platform Deal,Negotiation,62489,2024-12-07,2024-07-11,Inbound - Content,Commit,False,False,CompetitorE,,40,Executive alignment,New Business,2024-07-11T00:00:00
1327,906,6,Vertex Enterprises - New Business,Proposal,169828,2022-04-20,2021-11-01,Product-Led,Best Case,False,False,CompetitorA,,2,POC setup,New Business,2021-11-01T00:00:00
1328,353,7,Summit Technologies - Initial License,Prospecting,951856,2024-12-03,2024-03-10,Webinar,Pipeline,False,False,,,27,Legal review,New Business,2024-03-10T00:00:00
1329,488,1,Pinnacle Inc - New Business,Closed Won,40242,2024-11-02,2024-08-19,Partner Referral,Closed,True,True,,,21,,New Business,2024-08-19T00:00:00
1330,66,15,Optima Solutions - New Business,Discovery,153359,2025-02-11,2024-08-05,Outbound - SDR,Pipeline,False,False,,,60,,New Business,2024-08-05T00:00:00
1331,572,9,Horizon Analytics - Platform Deal,Qualification,38827,2023-11-16,2023-09-25,Product-Led,Best Case,False,False,CompetitorB,,67,Legal review,New Business,2023-09-25T00:00:00
1332,102,10,Summit Services - New Business,Negotiation,28382,2024-04-17,2024-02-18,Product-Led,Commit,False,False,CompetitorD,,55,Contract signing,New Business,2024-02-18T00:00:00
1333,13,8,Atlas Corp - New Business,Qualification,28812,2023-05-22,2023-02-02,Outbound - SDR,Best Case,False,False,Open Source Alternative,,8,Executive alignment,New Business,2023-02-02T00:00:00
1334,508,10,Pinnacle Inc - Platform Deal,Discovery,6860,2022-05-17,2021-12-19,Outbound - AE,Pipeline,False,False,CompetitorD,,30,Technical review,New Business,2021-12-19T00:00:00
1335,864,9,Acme Group - Platform Deal,Qualification,6421,2023-10-22,2023-02-22,Outbound - AE,Best Case,False,False,,,26,Executive alignment,New Business,2023-02-22T00:00:00
1336,800,14,Global Systems - Initial License,Prospecting,,2024-12-27,2024-07-01,Webinar,Pipeline,False,False,,,78,POC setup,New Business,2024-07-01T00:00:00
1337,333,9,Vertex Partners - Initial License,Closed Lost,25177,2024-04-05,2024-02-17,Webinar,Omitted,False,True,CompetitorA,No Decision,41,,New Business,2024-02-17T00:00:00
1338,492,9,Atlas Enterprises - Platform Deal,Closed Lost,15121,2024-02-21,2023-12-03,Outbound - AE,Omitted,False,True,,Champion Left,48,,New Business,2023-12-03T00:00:00
1339,656,6,Global Platforms - Initial License,Qualification,10236,2021-08-04,2021-01-05,Event,Best Case,False,False,CompetitorE,,52,,New Business,2021-01-05T00:00:00
1340,594,4,Pinnacle Services - Platform Deal,Qualification,46418,2021-06-03,2020-11-18,Inbound - Web,Best Case,False,False,,,17,Executive alignment,New Business,2020-11-18T00:00:00
1341,962,16,Vertex Digital - New Business,Proposal,44599,2025-03-28,2024-11-26,,Best Case,False,False,,,21,Reference call,New Business,2024-11-26T00:00:00
1342,965,7,Zenith Systems - Platform Deal,Closed Lost,47292,2024-06-05,2024-04-02,Event,Omitted,False,True,CompetitorB,Lost to Status Quo,41,,New Business,2024-04-02T00:00:00
1343,149,3,Quantum Solutions - Initial License,Discovery,7322,2025-01-05,2024-05-03,Inbound - Content,Pipeline,False,False,CompetitorB,,24,Send proposal,New Business,2024-05-03T00:00:00
1344,791,2,Acme Solutions - New Business,Closed Lost,35332,2022-01-26,2021-11-03,Inbound - Content,Omitted,False,True,,Timing,13,,New Business,2021-11-03T00:00:00
1345,920,4,Fusion Enterprises - Platform Deal,Prospecting,,2022-03-26,2021-07-07,Outbound - AE,Pipeline,False,False,CompetitorB,,52,,New Business,2021-07-07T00:00:00
1346,759,6,Atlas Dynamics - Platform Deal,Prospecting,100147,2024-12-18,2024-04-12,Product-Led,Pipeline,False,False,CompetitorC,,38,Send proposal,New Business,2024-04-12T00:00:00
1347,51,6,Nexus Dynamics - Platform Deal,Discovery,24358,2024-08-02,2024-06-27,Partner Referral,Pipeline,False,False,CompetitorE,,42,Legal review,New Business,2024-06-27T00:00:00
1348,409,9,Acme Platforms - New Business,Closed Lost,16659,2022-12-28,2022-10-02,Inbound - Content,Omitted,False,True,Open Source Alternative,Timing,29,,New Business,2022-10-02T00:00:00
1349,61,7,Optima Group - Platform Deal,Closed Lost,32355,2024-06-17,2024-01-03,Inbound - Content,Omitted,False,True,,Timing,19,,New Business,2024-01-03T00:00:00
1350,696,15,Vanguard Group - New Business,Closed Lost,308576,2022-12-26,2022-08-28,Product-Led,Omitted,False,True,CompetitorE,Feature Gap,11,,New Business,2022-08-28T00:00:00
1351,743,5,Atlas Digital - Platform Deal,Proposal,5301,2023-12-09,2023-09-26,Inbound - Content,Best Case,False,False,,,7,Schedule demo,New Business,2023-09-26T00:00:00
1352,629,14,Elevate Analytics - Platform Deal,Negotiation,136960,2025-01-23,2024-09-05,Inbound - Web,Commit,False,False,Open Source Alternative,,9,Send proposal,New Business,2024-09-05T00:00:00
1353,267,9,Catalyst Inc - Initial License,Discovery,43866,2020-09-20,2020-05-11,Product-Led,Pipeline,False,False,,,24,Legal review,New Business,2020-05-11T00:00:00
1354,907,16,Vanguard Holdings - Initial License,Prospecting,174804,2024-11-08,2024-05-30,Inbound - Content,Pipeline,False,False,Open Source Alternative,,38,Reference call,New Business,2024-05-30T00:00:00
1355,870,10,Vanguard Systems - Initial License,Closed Lost,73912,2024-06-19,2023-09-29,Webinar,Omitted,False,True,CompetitorA,Lost to Status Quo,11,,New Business,2023-09-29T00:00:00
1356,482,12,Vanguard Corp - New Business,Qualification,33432,2024-04-23,2023-12-18,Inbound - Content,Best Case,False,False,Open Source Alternative,,47,Schedule demo,New Business,2023-12-18T00:00:00
1357,151,13,Vertex Inc - Initial License,Closed Lost,123589,2024-12-31,2024-12-13,Inbound - Content,Omitted,False,True,Open Source Alternative,Timing,46,,New Business,2024-12-13T00:00:00
1358,218,15,Nexus Technologies - Initial License,Qualification,39346,2025-06-09,2024-12-30,Partner Referral,Best Case,False,False,,,16,,New Business,2024-12-30T00:00:00
1359,502,12,Velocity Inc - New Business,Prospecting,121468,2023-12-21,2023-10-12,Inbound - Web,Pipeline,False,False,Open Source Alternative,,36,Reference call,New Business,2023-10-12T00:00:00
1360,47,3,Atlas Networks - Initial License,Qualification,,2024-08-10,2024-01-14,Webinar,Best Case,False,False,Open Source Alternative,,13,POC setup,New Business,2024-01-14T00:00:00
1361,680,4,Zenith Enterprises - New Business,Discovery,88540,2024-05-12,2023-10-14,Inbound - Content,Pipeline,False,False,CompetitorC,,29,POC setup,New Business,2023-10-14T00:00:00
1362,743,12,Atlas Digital - Additional Seats,Discovery,18337,2024-11-16,2024-05-21,Product-Led,Pipeline,False,False,,,57,Legal review,Expansion,2024-05-21T00:00:00
1363,1,13,Fusion Digital - Contract Renewal,Prospecting,6463,2024-08-02,2024-05-30,Webinar,Pipeline,False,False,Open Source Alternative,,62,Send proposal,Renewal,2024-05-30T00:00:00
1364,905,16,Nova Digital - New Business,Proposal,10906,2025-08-09,2024-11-27,Inbound - Content,Best Case,False,False,,,14,Legal review,New Business,2024-11-27T00:00:00
1365,95,16,Optima Inc - Platform Deal,Qualification,338411,2025-02-17,2024-08-18,Product-Led,Best Case,False,False,CompetitorB,,55,,New Business,2024-08-18T00:00:00
150,788,15,Acme Solutions - New Business,Prospecting,20478,2025-05-09,2024-09-24,Partner Referral,Pipeline,False,False,,,5,,New Business,2024-09-24T00:00:00
1367,271,8,Apex Holdings - New Business,Closed Lost,33860,2023-07-20,2023-06-13,Inbound - Content,Omitted,False,True,,Lost to Status Quo,36,,New Business,2023-06-13T00:00:00
1368,250,3,Global Analytics - New Business,Closed Lost,166694,2024-07-07,2024-06-21,Outbound - AE,Omitted,False,True,,Timing,9,,New Business,2024-06-21T00:00:00
1369,564,16,Atlas Software - Platform Deal,Closed Lost,225886,2024-12-31,2024-12-14,Event,Omitted,False,True,CompetitorD,Budget Cut,66,,New Business,2024-12-14T00:00:00
1370,755,6,Atlas Holdings - Initial License,Closed Won,47318,2024-01-19,2023-10-31,Outbound - AE,Closed,True,True,Open Source Alternative,,30,,New Business,2023-10-31T00:00:00
17,644,9,Elevate Group - New Business,Qualification,,2022-04-23,2022-01-06,Product-Led,Best Case,False,False,CompetitorC,,35,POC setup,New Business,2022-01-06T00:00:00
1372,603,3,Velocity Corp - Initial License,Closed Won,16736,2024-12-05,2024-09-17,Event,Closed,True,True,,,35,,New Business,2024-09-17T00:00:00
1373,476,1,Horizon Services - Platform Deal,Qualification,33926,2022-04-02,2022-02-14,Outbound - AE,Best Case,False,False,CompetitorB,,39,Legal review,New Business,2022-02-14T00:00:00
1374,866,13,Velocity Digital - New Business,Prospecting,88181,2025-07-08,2024-11-26,Inbound - Content,Pipeline,False,False,,,31,POC setup,New Business,2024-11-26T00:00:00
1375,387,9,Pacific Solutions - New Business,Qualification,170102,2025-03-06,2024-12-18,Outbound - AE,Best Case,False,False,CompetitorA,,42,,New Business,2024-12-18T00:00:00
1376,631,1,Vanguard Corp - Platform Deal,Proposal,171912,2024-10-23,2024-08-03,Inbound - Web,Best Case,False,False,CompetitorA,,40,POC setup,New Business,2024-08-03T00:00:00
1377,901,14,Summit Analytics - Platform Deal,Qualification,91351,2025-01-23,2024-12-14,Inbound - Web,Best Case,False,False,,,10,Reference call,New Business,2024-12-14T00:00:00
1378,683,16,Optima Technologies - Initial License,Prospecting,53468,2025-01-17,2024-07-26,Partner Referral,Pipeline,False,False,,,54,Technical review,New Business,2024-07-26T00:00:00
1247,368,1,Horizon Corp - Platform Deal,Discovery,155186,2023-08-10,2023-02-03,Product-Led,Pipeline,False,False,CompetitorB,,2,Legal review,New Business,2023-02-03T00:00:00
1380,331,7,Summit Technologies - Initial License,Proposal,147348,2025-08-24,2024-12-07,Product-Led,Best Case,False,False,CompetitorA,,7,Send proposal,New Business,2024-12-07T00:00:00
1381,82,7,Apex Networks - Platform Deal,Closed Lost,215769,2024-08-03,2024-06-02,Outbound - SDR,Omitted,False,True,CompetitorB,Feature Gap,54,,New Business,2024-06-02T00:00:00
1382,308,12,Vanguard Solutions - Platform Deal,Discovery,73262,2025-03-01,2024-08-17,Product-Led,Pipeline,False,False,,,43,Legal review,New Business,2024-08-17T00:00:00
1383,616,15,Catalyst Inc - New Business,Qualification,27511,2022-11-28,2022-06-17,,Best Case,False,False,CompetitorE,,5,,New Business,2022-06-17T00:00:00
1384,324,13,Quantum Group - Upsell,Closed Lost,6517,2023-09-07,2023-04-10,Outbound - SDR,Omitted,False,True,CompetitorC,Budget Cut,35,,Expansion,2023-04-10T00:00:00
1385,884,8,Global Partners - Platform Deal,Negotiation,31015,2024-03-29,2024-04-11,Event,Commit,False,False,CompetitorC,,5,Send proposal,New Business,2024-04-11T00:00:00
1386,647,16,Quantum Corp - Platform Deal,Discovery,76242,2024-11-13,2024-03-25,Inbound - Content,Pipeline,False,False,,,1,Technical review,New Business,2024-03-25T00:00:00
1387,660,14,Vertex Labs - Initial License,Discovery,22032,2023-05-31,2023-03-29,Product-Led,Pipeline,False,False,CompetitorD,,15,,New Business,2023-03-29T00:00:00
1388,742,7,Elevate Technologies - Platform Deal,Closed Lost,26524,2021-10-27,2021-05-22,Inbound - Content,Omitted,False,True,CompetitorC,Price,15,,New Business,2021-05-22T00:00:00
1389,272,16,Summit Dynamics - New Business,Qualification,21861,2024-02-11,2023-09-01,Outbound - AE,Best Case,False,False,CompetitorC,,36,POC setup,New Business,2023-09-01T00:00:00
1390,645,3,Zenith Holdings - New Business,Closed Lost,111761,2022-12-16,2022-10-01,,Omitted,False,True,CompetitorE,Competitor,6,,New Business,2022-10-01T00:00:00
1391,77,5,Apex Group - Initial License,Prospecting,63256,2024-03-30,2024-02-11,Webinar,Pipeline,False,False,CompetitorA,,11,Technical review,New Business,2024-02-11T00:00:00
1392,472,9,Pacific Networks - Initial License,Closed Lost,32578,2023-02-23,2022-10-04,Outbound - SDR,Omitted,False,True,CompetitorA,Lost to Status Quo,65,,New Business,2022-10-04T00:00:00
1393,538,13,Fusion Solutions - Upsell,Qualification,52173,2025-05-04,2024-10-08,Webinar,Best Case,False,False,CompetitorB,,54,,Expansion,2024-10-08T00:00:00
1394,552,13,Fusion Technologies - Initial License,Prospecting,83090,2022-06-02,2022-02-05,Outbound - AE,Pipeline,False,False,,,29,Send proposal,New Business,2022-02-05T00:00:00
1395,802,9,Atlas Corp - New Business,Closed Lost,20634,2024-05-17,2023-12-26,Outbound - AE,Omitted,False,True,CompetitorA,Timing,48,,New Business,2023-12-26T00:00:00
1396,719,16,Acme Digital - New Business,Proposal,740172,2023-11-25,2023-09-08,Outbound - AE,Best Case,False,False,Open Source Alternative,,32,Reference call,New Business,2023-09-08T00:00:00
1397,41,16,Nova Technologies - Initial License,Proposal,101636,2025-01-21,2024-09-08,Outbound - SDR,Best Case,False,False,CompetitorC,,55,Contract signing,New Business,2024-09-08T00:00:00
1398,674,4,Apex Analytics - Platform Deal,Prospecting,118923,2023-01-15,2022-07-27,,Pipeline,False,False,Open Source Alternative,,36,POC setup,New Business,2022-07-27T00:00:00
1399,958,5,Horizon Partners - Platform Deal,Qualification,12892,2024-10-08,2024-05-27,,Best Case,False,False,Open Source Alternative,,44,Contract signing,New Business,2024-05-27T00:00:00
1400,991,13,Horizon Inc - Initial License,Closed Lost,37931,2024-12-31,2024-11-02,Outbound - AE,Omitted,False,True,,Budget Cut,45,,New Business,2024-11-02T00:00:00
1401,671,7,Optima Holdings - Initial License,Closed Lost,141757,2021-08-15,2021-03-03,Product-Led,Omitted,False,True,CompetitorA,No Decision,7,,New Business,2021-03-03T00:00:00
1402,306,12,Global Inc - Initial License,Qualification,,2025-01-15,2024-08-25,Inbound - Content,Best Case,False,False,,,31,Reference call,New Business,2024-08-25T00:00:00
1403,368,1,Horizon Corp - New Business,Prospecting,64429,2022-04-22,2022-03-08,,Pipeline,False,False,,,33,Technical review,New Business,2022-03-08T00:00:00
1404,790,6,Summit Solutions - New Business,Discovery,139222,2025-07-25,2024-10-28,Product-Led,Pipeline,False,False,CompetitorD,,60,Contract signing,New Business,2024-10-28T00:00:00
1405,415,4,Pinnacle Services - Initial License,Discovery,40887,2024-06-28,2024-05-27,Outbound - AE,Pipeline,False,False,CompetitorC,,22,Executive alignment,New Business,2024-05-27T00:00:00
1406,220,7,Apex Analytics - New Business,Prospecting,861860,2023-06-26,2022-11-27,Product-Led,Pipeline,False,False,CompetitorE,,58,,New Business,2022-11-27T00:00:00
1407,4,12,Zenith Enterprises - New Business,Discovery,26392,2022-09-30,2022-08-15,Event,Pipeline,False,False,CompetitorA,,53,Send proposal,New Business,2022-08-15T00:00:00
1408,671,7,Optima Holdings - Initial License,Closed Lost,59454,2021-05-08,2021-03-31,Product-Led,Omitted,False,True,CompetitorD,Timing,35,,New Business,2021-03-31T00:00:00
1409,58,1,Acme Partners - Platform Deal,Qualification,995338,2023-10-07,2023-08-06,Webinar,Best Case,False,False,CompetitorA,,26,Send proposal,New Business,2023-08-06T00:00:00
1410,18,1,Elevate Group - New Business,Closed Lost,24885,2024-11-02,2024-09-07,Outbound - AE,Omitted,False,True,CompetitorB,Lost to Status Quo,30,,New Business,2024-09-07T00:00:00
1411,57,11,Acme Technologies - Initial License,Qualification,418556,2022-05-29,2021-11-04,Inbound - Web,Best Case,False,False,Open Source Alternative,,45,Send proposal,New Business,2021-11-04T00:00:00
1412,853,1,Zenith Dynamics - Initial License,Proposal,212335,2024-11-14,2024-08-14,Partner Referral,Best Case,False,False,CompetitorE,,8,Technical review,New Business,2024-08-14T00:00:00
1413,100,8,Global Group - Platform Deal,Closed Lost,34017,2024-12-31,2024-08-09,Webinar,Omitted,False,True,,Feature Gap,42,,New Business,2024-08-09T00:00:00
1414,816,8,Nexus Partners - Initial License,Closed Won,306829,2022-12-14,2022-10-24,Event,Closed,True,True,,,24,,New Business,2022-10-24T00:00:00
1415,617,12,Zenith Enterprises - Initial License,Discovery,39151,2023-12-30,2023-10-14,Inbound - Content,Pipeline,False,False,Open Source Alternative,,9,Schedule demo,New Business,2023-10-14T00:00:00
1416,604,3,Nova Enterprises - Platform Deal,Discovery,134865,2025-08-01,2024-12-15,Inbound - Content,Pipeline,False,False,,,44,POC setup,New Business,2024-12-15T00:00:00
1417,494,5,Zenith Labs - New Business,Qualification,18407,2024-11-28,2024-10-03,Product-Led,Best Case,False,False,Open Source Alternative,,51,Schedule demo,New Business,2024-10-03T00:00:00
1418,877,16,Nova Inc - Platform Deal,Proposal,12599,2025-08-25,2024-12-28,Partner Referral,Best Case,False,False,CompetitorB,,38,Technical review,New Business,2024-12-28T00:00:00
1419,60,2,Pinnacle Inc - Platform Deal,Proposal,175350,2024-11-21,2024-10-13,Outbound - SDR,Best Case,False,False,,,12,Legal review,New Business,2024-10-13T00:00:00
1420,196,5,Global Networks - New Business,Discovery,24272,2023-06-06,2023-02-01,Product-Led,Pipeline,False,False,CompetitorE,,25,Executive alignment,New Business,2023-02-01T00:00:00
1421,639,16,Vertex Systems - Additional Seats,Closed Lost,142645,2024-05-15,2024-04-15,Outbound - AE,Omitted,False,True,CompetitorB,Budget Cut,47,,Expansion,2024-04-15T00:00:00
1422,283,16,Elevate Inc - New Business,Prospecting,13796,2025-03-13,2024-12-05,Partner Referral,Pipeline,False,False,CompetitorA,,54,Contract signing,New Business,2024-12-05T00:00:00
1423,44,3,Synergy Holdings - Initial License,Qualification,28011,2023-11-28,2023-07-05,Outbound - SDR,Best Case,False,False,Open Source Alternative,,23,Reference call,New Business,2023-07-05T00:00:00
1424,600,11,Elevate Dynamics - New Business,Qualification,364027,2025-03-09,2024-07-16,Product-Led,Best Case,False,False,,,63,Contract signing,New Business,2024-07-16T00:00:00
1425,326,9,Pinnacle Corp - New Business,Closed Won,,2022-06-24,2022-01-04,Inbound - Content,Closed,True,True,,,48,,New Business,2022-01-04T00:00:00
1426,252,12,Velocity Platforms - Platform Deal,Proposal,74599,2022-06-23,2022-01-01,Partner Referral,Best Case,False,False,CompetitorC,,10,Executive alignment,New Business,2022-01-01T00:00:00
1427,800,14,Global Systems - Platform Deal,Closed Won,17847,2024-12-31,2024-09-02,Partner Referral,Closed,True,True,CompetitorC,,43,,New Business,2024-09-02T00:00:00
1428,840,4,Vanguard Systems - New Business,Closed Lost,13574,2024-12-28,2024-09-27,Outbound - SDR,Omitted,False,True,CompetitorB,Budget Cut,57,,New Business,2024-09-27T00:00:00
1429,517,12,Nexus Solutions - New Business,Negotiation,33371,2023-10-12,2023-06-23,Inbound - Content,Commit,False,False,,,5,Executive alignment,New Business,2023-06-23T00:00:00
1430,793,5,Zenith Holdings - Platform Deal,Closed Won,46335,2023-11-24,2023-06-19,Inbound - Content,Closed,True,True,,,32,,New Business,2023-06-19T00:00:00
1431,13,8,Atlas Corp - New Business,Qualification,18541,2024-01-15,2023-08-08,Outbound - SDR,Best Case,False,False,CompetitorB,,26,Reference call,New Business,2023-08-08T00:00:00
1432,545,10,Nova Analytics - Platform Deal,Qualification,11032,2023-10-14,2023-03-06,Partner Referral,Best Case,False,False,,,26,Send proposal,New Business,2023-03-06T00:00:00
1433,95,3,Optima Inc - Platform Deal,Discovery,564449,2025-08-09,2024-12-14,Partner Referral,Pipeline,False,False,Open Source Alternative,,8,Schedule demo,New Business,2024-12-14T00:00:00
1434,417,8,Nexus Group - New Business,Closed Lost,148759,2024-12-31,2024-11-23,Outbound - SDR,Omitted,False,True,CompetitorB,Competitor,31,,New Business,2024-11-23T00:00:00
1435,772,4,Global Inc - Platform Deal,Prospecting,27188,2023-10-12,2023-06-19,Webinar,Pipeline,False,False,,,59,Contract signing,New Business,2023-06-19T00:00:00
1436,514,10,Fusion Dynamics - Initial License,Qualification,,2021-04-04,2021-01-18,,Best Case,False,False,CompetitorD,,38,,New Business,2021-01-18T00:00:00
1437,882,16,Pinnacle Analytics - Initial License,Closed Lost,13650,2024-12-31,2024-11-23,Event,Omitted,False,True,CompetitorA,Lost to Status Quo,21,,New Business,2024-11-23T00:00:00
1438,250,3,Global Analytics - New Business,Closed Won,177103,2024-09-16,2024-08-11,Inbound - Web,Closed,True,True,,,15,,New Business,2024-08-11T00:00:00
1439,67,9,Nexus Platforms - Initial License,Prospecting,31966,2022-06-16,2022-01-27,Inbound - Web,Pipeline,False,False,CompetitorD,,11,Schedule demo,New Business,2022-01-27T00:00:00
1440,748,16,Apex Group - Initial License,Prospecting,37009,2025-06-13,2024-09-20,Inbound - Content,Pipeline,False,False,,,8,Executive alignment,New Business,2024-09-20T00:00:00
1441,965,8,Zenith Systems - New Business,Closed Lost,31670,2024-03-20,2024-01-02,Inbound - Web,Omitted,False,True,CompetitorA,Price,11,,New Business,2024-01-02T00:00:00
1442,813,11,Pinnacle Group - New Business,Closed Lost,32402,2024-09-25,2024-03-29,Inbound - Web,Omitted,False,True,CompetitorB,No Decision,54,,New Business,2024-03-29T00:00:00
1443,200,1,Nova Digital - Initial License,Qualification,165971,2024-09-16,2024-07-26,Outbound - AE,Best Case,False,False,,,39,Send proposal,New Business,2024-07-26T00:00:00
1444,754,13,Pacific Solutions - Initial License,Proposal,48809,2025-01-14,2024-08-17,Inbound - Web,Best Case,False,False,,,2,Technical review,New Business,2024-08-17T00:00:00
1445,729,10,Elevate Corp - New Business,Proposal,17942,2022-10-16,2022-08-06,,Best Case,False,False,CompetitorD,,62,Technical review,New Business,2022-08-06T00:00:00
1446,770,13,Synergy Technologies - Renewal,Negotiation,22184,2023-03-04,2022-10-14,Inbound - Content,Commit,False,False,CompetitorC,,56,Send proposal,Renewal,2022-10-14T00:00:00
1447,488,15,Pinnacle Inc - New Business,Prospecting,27613,2024-08-13,2024-06-27,Product-Led,Pipeline,False,False,,,13,,New Business,2024-06-27T00:00:00
1448,922,7,Acme Corp - Contract Renewal,Qualification,74730,2023-05-30,2023-03-03,Outbound - SDR,Best Case,False,False,CompetitorC,,2,Contract signing,Renewal,2023-03-03T00:00:00
1449,969,14,Apex Labs - Platform Deal,Closed Lost,85588,2023-08-11,2023-06-20,Webinar,Omitted,False,True,CompetitorB,Feature Gap,19,,New Business,2023-06-20T00:00:00
1450,23,5,Fusion Solutions - Contract Renewal,Prospecting,49074,2024-11-02,2024-09-02,Inbound - Content,Pipeline,False,False,CompetitorB,,44,Reference call,Renewal,2024-09-02T00:00:00
1451,2,11,Pacific Software - Initial License,Closed Lost,66009,2023-12-19,2023-08-02,Inbound - Web,Omitted,False,True,CompetitorA,Price,7,,New Business,2023-08-02T00:00:00
1452,77,5,Apex Group - New Business,Discovery,28252,2024-08-08,2024-06-02,Product-Led,Pipeline,False,False,Open Source Alternative,,32,Reference call,New Business,2024-06-02T00:00:00
1453,348,14,Quantum Inc - Platform Deal,Closed Lost,9253,2024-12-27,2024-03-29,Webinar,Omitted,False,True,CompetitorB,Feature Gap,66,,New Business,2024-03-29T00:00:00
1454,972,5,Nexus Systems - Initial License,Prospecting,27880,2024-04-28,2023-12-30,Inbound - Content,Pipeline,False,False,CompetitorB,,10,Schedule demo,New Business,2023-12-30T00:00:00
1455,646,7,Nexus Labs - Platform Deal,Proposal,211002,2024-12-20,2024-09-06,Outbound - AE,Best Case,False,False,,,56,Send proposal,New Business,2024-09-06T00:00:00
1456,110,1,Synergy Holdings - Platform Deal,Closed Lost,5277,2023-12-02,2023-12-10,Partner Referral,Omitted,False,True,CompetitorA,Budget Cut,18,,New Business,2023-12-10T00:00:00
1457,769,2,Summit Labs - Initial License,Proposal,212119,2021-07-20,2021-03-07,Webinar,Best Case,False,False,,,18,Send proposal,New Business,2021-03-07T00:00:00
1458,541,5,Synergy Labs - New Business,Closed Lost,34014,2024-12-31,2024-11-23,Inbound - Content,Omitted,False,True,CompetitorE,Budget Cut,37,,New Business,2024-11-23T00:00:00
1459,732,9,Vanguard Holdings - Platform Deal,Closed Lost,19598,2024-06-22,2023-12-17,Outbound - SDR,Omitted,False,True,,Lost to Status Quo,21,,New Business,2023-12-17T00:00:00
1460,251,13,Quantum Dynamics - Platform Deal,Qualification,8234,2024-02-20,2023-08-27,Inbound - Content,Best Case,False,False,,,20,,New Business,2023-08-27T00:00:00
1461,685,6,Synergy Systems - Platform Deal,Negotiation,198585,2025-04-26,2024-12-13,Partner Referral,Commit,False,False,Open Source Alternative,,21,POC setup,New Business,2024-12-13T00:00:00
1462,13,8,Atlas Corp - Initial License,Negotiation,47852,2023-11-29,2023-08-19,Product-Led,Commit,False,False,,,49,Executive alignment,New Business,2023-08-19T00:00:00
1463,878,13,Horizon Labs - Initial License,Discovery,39485,2024-09-14,2024-03-21,Product-Led,Pipeline,False,False,CompetitorB,,51,Contract signing,New Business,2024-03-21T00:00:00
1464,521,15,Vertex Dynamics - Initial License,Qualification,55139,2024-08-10,2024-03-28,Webinar,Best Case,False,False,CompetitorD,,11,Technical review,New Business,2024-03-28T00:00:00
1465,781,1,Vanguard Dynamics - Platform Deal,Qualification,129509,2024-10-08,2024-03-12,Outbound - SDR,Best Case,False,False,CompetitorD,,9,,New Business,2024-03-12T00:00:00
1466,357,1,Summit Digital - New Business,Closed Lost,481284,2024-09-06,2024-07-26,Inbound - Content,Omitted,False,True,Open Source Alternative,Budget Cut,3,,New Business,2024-07-26T00:00:00
1467,357,11,Summit Digital - Platform Deal,Qualification,728820,2023-10-20,2023-05-15,Inbound - Content,Best Case,False,False,CompetitorA,,61,Legal review,New Business,2023-05-15T00:00:00
1468,297,8,Horizon Corp - Initial License,Prospecting,190718,2025-07-13,2024-11-03,Event,Pipeline,False,False,,,21,Contract signing,New Business,2024-11-03T00:00:00
1469,161,14,Velocity Services - New Business,Closed Lost,93090,2023-04-30,2022-12-04,Outbound - AE,Omitted,False,True,CompetitorE,Competitor,12,,New Business,2022-12-04T00:00:00
1470,807,12,Pinnacle Software - Platform Deal,Qualification,14474,2024-12-29,2024-08-04,Outbound - AE,Best Case,False,False,Open Source Alternative,,3,POC setup,New Business,2024-08-04T00:00:00
1471,216,8,Optima Labs - New Business,Closed Lost,19696,2023-11-07,2023-08-12,Inbound - Content,Omitted,False,True,Open Source Alternative,Feature Gap,33,,New Business,2023-08-12T00:00:00
1472,229,4,Fusion Platforms - New Business,Closed Lost,36409,2020-12-23,2020-07-04,Outbound - AE,Omitted,False,True,CompetitorB,Budget Cut,21,,New Business,2020-07-04T00:00:00
1473,721,6,Nova Corp - New Business,Closed Won,41652,2024-12-31,2024-11-15,Inbound - Web,Closed,True,True,,,33,,New Business,2024-11-15T00:00:00
1474,953,6,Zenith Holdings - New Business,Closed Lost,79364,2023-09-28,2023-08-24,Outbound - AE,Omitted,False,True,CompetitorC,No Decision,57,,New Business,2023-08-24T00:00:00
1475,991,13,Horizon Inc - Initial License,Prospecting,44588,2024-10-13,2024-08-30,Webinar,Pipeline,False,False,CompetitorD,,31,Contract signing,New Business,2024-08-30T00:00:00
1476,186,5,Pacific Networks - Platform Deal,Proposal,93283,2025-07-25,2024-12-20,Partner Referral,Best Case,False,False,,,29,Send proposal,New Business,2024-12-20T00:00:00
1477,590,15,Nova Services - Platform Deal,Prospecting,26376,2024-11-29,2024-06-12,Outbound - AE,Pipeline,False,False,CompetitorB,,38,POC setup,New Business,2024-06-12T00:00:00
1123,738,9,Velocity Group - Platform Deal,Proposal,504814,2024-07-29,2024-03-09,,Best Case,False,False,CompetitorA,,56,Contract signing,New Business,2024-03-09T00:00:00
1479,404,2,Horizon Corp - Initial License,Discovery,42585,2025-01-26,2024-10-04,,Pipeline,False,False,CompetitorD,,45,Reference call,New Business,2024-10-04T00:00:00
1480,994,5,Fusion Analytics - Initial License,Qualification,154933,2025-05-11,2024-12-06,Event,Best Case,False,False,CompetitorE,,57,Executive alignment,New Business,2024-12-06T00:00:00
1481,985,15,Vanguard Dynamics - New Business,Prospecting,127076,2024-12-12,2024-07-01,Inbound - Content,Pipeline,False,False,CompetitorA,,34,Technical review,New Business,2024-07-01T00:00:00
1482,760,11,Pacific Analytics - New Business,Closed Lost,47569,2023-06-27,2022-10-26,Outbound - SDR,Omitted,False,True,CompetitorC,Timing,9,,New Business,2022-10-26T00:00:00
1483,68,15,Pinnacle Analytics - New Business,Prospecting,54291,2024-11-21,2024-09-20,Partner Referral,Pipeline,False,False,,,65,Send proposal,New Business,2024-09-20T00:00:00
1484,536,4,Pinnacle Solutions - Initial License,Discovery,104280,2023-03-09,2022-06-18,Inbound - Web,Pipeline,False,False,,,45,Executive alignment,New Business,2022-06-18T00:00:00
1485,754,13,Pacific Solutions - Initial License,Qualification,13346,2024-12-25,2024-05-03,Inbound - Content,Best Case,False,False,CompetitorA,,47,POC setup,New Business,2024-05-03T00:00:00
1486,511,4,Pacific Digital - New Business,Negotiation,479150,2025-01-21,2024-12-21,Product-Led,Commit,False,False,,,8,Legal review,New Business,2024-12-21T00:00:00
1487,902,14,Fusion Systems - Platform Deal,Qualification,,2023-11-09,2023-04-27,Product-Led,Best Case,False,False,CompetitorC,,29,Send proposal,New Business,2023-04-27T00:00:00
1488,912,13,Summit Analytics - Initial License,Closed Lost,45479,2023-12-13,2023-10-14,Inbound - Content,Omitted,False,True,,No Decision,67,,New Business,2023-10-14T00:00:00
1489,291,4,Vertex Technologies - Initial License,Proposal,36674,2025-02-01,2024-09-21,Inbound - Web,Best Case,False,False,,,11,Schedule demo,New Business,2024-09-21T00:00:00
1490,782,16,Pacific Platforms - Platform Deal,Closed Lost,18140,2024-10-25,2024-06-09,Inbound - Web,Omitted,False,True,CompetitorE,Lost to Status Quo,47,,New Business,2024-06-09T00:00:00
1491,790,9,Summit Solutions - Initial License,Proposal,996065,2025-06-18,2024-12-21,Product-Led,Best Case,False,False,CompetitorE,,55,Executive alignment,New Business,2024-12-21T00:00:00
1492,358,3,Summit Technologies - New Business,Discovery,511205,2023-07-01,2023-02-19,Inbound - Web,Pipeline,False,False,CompetitorA,,25,Legal review,New Business,2023-02-19T00:00:00
1493,721,16,Nova Corp - Upsell,Closed Lost,4496,2023-08-16,2023-07-26,Outbound - AE,Omitted,False,True,,Timing,32,,Expansion,2023-07-26T00:00:00
1494,555,14,Atlas Software - New Business,Discovery,145845,2023-09-29,2023-05-07,Webinar,Pipeline,False,False,CompetitorD,,59,Technical review,New Business,2023-05-07T00:00:00
1495,634,14,Nova Partners - Platform Deal,Proposal,,2022-12-13,2022-05-06,Outbound - SDR,Best Case,False,False,CompetitorA,,44,Technical review,New Business,2022-05-06T00:00:00
1496,909,15,Pinnacle Solutions - Platform Deal,Closed Won,25370,2024-12-31,2024-11-26,Inbound - Content,Closed,True,True,CompetitorB,,32,,New Business,2024-11-26T00:00:00
1497,634,11,Nova Partners - Initial License,Closed Lost,,2023-06-25,2022-10-19,Inbound - Content,Omitted,False,True,CompetitorC,Competitor,50,,New Business,2022-10-19T00:00:00
1498,249,6,Apex Solutions - Initial License,Discovery,142352,2024-09-23,2024-01-01,,Pipeline,False,False,CompetitorA,,60,Schedule demo,New Business,2024-01-01T00:00:00
1499,304,12,Vertex Analytics - Initial License,Closed Won,22832,2024-11-14,2024-07-03,Inbound - Web,Closed,True,True,,,34,,New Business,2024-07-03T00:00:00
1500,527,13,Synergy Dynamics - Platform Deal,Prospecting,256710,2024-01-28,2023-06-27,Product-Led,Pipeline,False,False,,,2,,New Business,2023-06-27T00:00:00
1501,264,15,Apex Digital - Platform Deal,Prospecting,773838,2024-09-26,2024-07-19,Webinar,Pipeline,False,False,,,65,,New Business,2024-07-19T00:00:00
287,858,4,Atlas Enterprises - Platform Deal,Qualification,8468,2024-12-15,2024-08-09,,Best Case,False,False,,,45,Reference call,New Business,2024-08-09T00:00:00
1503,946,13,Vanguard Group - Platform Deal,Proposal,98159,2024-10-04,2024-08-19,Product-Led,Best Case,False,False,CompetitorB,,72,,New Business,2024-08-19T00:00:00
1504,134,11,Quantum Digital - Initial License,Proposal,36398,2023-03-31,2022-11-09,Product-Led,Best Case,False,False,CompetitorC,,2,Executive alignment,New Business,2022-11-09T00:00:00
1505,453,9,Fusion Corp - Platform Deal,Prospecting,43484,2025-07-09,2024-11-23,Outbound - AE,Pipeline,False,False,Open Source Alternative,,39,Reference call,New Business,2024-11-23T00:00:00
1506,643,4,Quantum Partners - Platform Deal,Qualification,47541,2024-10-18,2024-07-09,Webinar,Best Case,False,False,,,1,Executive alignment,New Business,2024-07-09T00:00:00
1507,649,3,Elevate Partners - Platform Deal,Qualification,620544,2023-10-27,2023-03-11,Event,Best Case,False,False,,,1,Contract signing,New Business,2023-03-11T00:00:00
1508,601,13,Vanguard Dynamics - New Business,Prospecting,12414,2022-06-05,2022-04-29,Outbound - AE,Pipeline,False,False,CompetitorD,,8,,New Business,2022-04-29T00:00:00
1330,856,9,Vertex Digital - Platform Deal,Proposal,17597,2024-08-27,2024-06-21,Inbound - Web,Best Case,False,False,CompetitorC,,38,Send proposal,New Business,2024-06-21T00:00:00
1510,970,16,Catalyst Partners - Platform Deal,Proposal,151375,2025-08-22,2024-12-06,Partner Referral,Best Case,False,False,CompetitorD,,54,,New Business,2024-12-06T00:00:00
1511,204,16,Atlas Group - Initial License,Qualification,165023,2025-02-23,2024-08-08,Outbound - SDR,Best Case,False,False,,,1,Technical review,New Business,2024-08-08T00:00:00
1512,467,9,Pacific Inc - New Business,Closed Won,814705,2024-12-31,2024-12-04,,Closed,True,True,CompetitorE,,22,,New Business,2024-12-04T00:00:00
1513,580,11,Catalyst Partners - Initial License,Discovery,66119,2022-08-28,2022-01-16,Partner Referral,Pipeline,False,False,,,54,Contract signing,New Business,2022-01-16T00:00:00
1514,590,15,Nova Services - New Business,Discovery,37377,2024-11-14,2024-03-01,Partner Referral,Pipeline,False,False,,,32,Send proposal,New Business,2024-03-01T00:00:00
1515,396,5,Synergy Inc - Platform Deal,Prospecting,44244,2023-06-28,2022-10-20,Outbound - SDR,Pipeline,False,False,CompetitorE,,22,Executive alignment,New Business,2022-10-20T00:00:00
1516,866,13,Velocity Digital - New Business,Prospecting,51458,2025-03-12,2024-10-02,Webinar,Pipeline,False,False,,,17,Contract signing,New Business,2024-10-02T00:00:00
1517,955,6,Catalyst Holdings - Platform Deal,Qualification,43557,2024-05-30,2023-11-17,Event,Best Case,False,False,,,45,Schedule demo,New Business,2023-11-17T00:00:00
1518,273,10,Pacific Holdings - New Business,Closed Lost,41265,2024-04-10,2024-01-09,Inbound - Content,Omitted,False,True,,Feature Gap,21,,New Business,2024-01-09T00:00:00
1519,411,4,Elevate Enterprises - New Business,Discovery,564987,2025-06-03,2024-12-14,Partner Referral,Pipeline,False,False,CompetitorB,,36,Send proposal,New Business,2024-12-14T00:00:00
1520,685,16,Synergy Systems - Platform Deal,Discovery,174823,2025-08-13,2024-11-21,Outbound - SDR,Pipeline,False,False,CompetitorD,,57,Legal review,New Business,2024-11-21T00:00:00
1521,587,9,Nova Software - Platform Deal,Proposal,24740,2022-12-23,2022-11-01,Outbound - AE,Best Case,False,False,,,17,Executive alignment,New Business,2022-11-01T00:00:00
698,10,12,Elevate Analytics - Initial License,Prospecting,178393,2022-10-09,2022-04-03,Event,Pipeline,False,False,,,52,Executive alignment,New Business,2022-04-03T00:00:00
1523,133,2,Summit Holdings - Platform Deal,Proposal,41075,2025-01-21,2024-10-07,Webinar,Best Case,False,False,CompetitorA,,15,Reference call,New Business,2024-10-07T00:00:00
1524,429,5,Catalyst Software - Initial License,Qualification,45972,2024-07-27,2024-03-23,Webinar,Best Case,False,False,CompetitorD,,19,Reference call,New Business,2024-03-23T00:00:00
1525,752,6,Nexus Partners - Initial License,Closed Lost,12838,2024-09-25,2024-04-20,Inbound - Web,Omitted,False,True,,Timing,43,,New Business,2024-04-20T00:00:00
1526,972,10,Nexus Systems - Initial License,Closed Lost,29815,2024-07-09,2024-02-07,Partner Referral,Omitted,False,True,CompetitorB,Budget Cut,52,,New Business,2024-02-07T00:00:00
1527,628,14,Nova Analytics - Initial License,Prospecting,38910,2021-10-31,2021-07-20,Outbound - SDR,Pipeline,False,False,CompetitorB,,41,Reference call,New Business,2021-07-20T00:00:00
1528,161,14,Velocity Services - Initial License,Proposal,71108,2022-11-15,2022-09-14,Partner Referral,Best Case,False,False,CompetitorA,,17,POC setup,New Business,2022-09-14T00:00:00
1529,804,9,Quantum Software - Platform Deal,Qualification,79317,2023-07-29,2023-05-23,,Best Case,False,False,CompetitorD,,28,Schedule demo,New Business,2023-05-23T00:00:00
1530,519,16,Quantum Platforms - Initial License,Discovery,45920,2025-07-01,2024-10-10,Product-Led,Pipeline,False,False,CompetitorE,,29,Reference call,New Business,2024-10-10T00:00:00
1531,469,13,Optima Networks - Renewal,Qualification,49919,2024-08-15,2024-06-13,Outbound - SDR,Best Case,False,False,,,4,,Renewal,2024-06-13T00:00:00
1532,1,13,Fusion Digital - Initial License,Proposal,22835,2024-09-06,2024-04-25,Product-Led,Best Case,False,False,Open Source Alternative,,27,Contract signing,New Business,2024-04-25T00:00:00
1533,651,5,Apex Corp - Platform Deal,Negotiation,50435,2024-05-14,2024-01-16,,Commit,False,False,CompetitorA,,7,Reference call,New Business,2024-01-16T00:00:00
1534,765,13,Velocity Partners - Initial License,Closed Won,132496,2024-10-06,2024-08-13,Event,Closed,True,True,,,15,,New Business,2024-08-13T00:00:00
1535,620,4,Summit Dynamics - Platform Deal,Prospecting,157594,2025-02-06,2024-10-17,Outbound - SDR,Pipeline,False,False,,,1,Contract signing,New Business,2024-10-17T00:00:00
1536,872,16,Summit Holdings - Initial License,Closed Lost,,2024-12-08,2024-11-20,Inbound - Content,Omitted,False,True,CompetitorC,Champion Left,46,,New Business,2024-11-20T00:00:00
1537,642,15,Optima Partners - Platform Deal,Closed Lost,52863,2024-12-31,2024-10-28,Product-Led,Omitted,False,True,CompetitorB,Champion Left,4,,New Business,2024-10-28T00:00:00
1538,681,13,Elevate Solutions - Platform Deal,Closed Lost,31688,2024-04-27,2023-11-09,Inbound - Web,Omitted,False,True,,Timing,71,,New Business,2023-11-09T00:00:00
1539,393,3,Global Services - Platform Deal,Proposal,444726,2021-09-30,2021-07-05,Product-Led,Best Case,False,False,Open Source Alternative,,43,,New Business,2021-07-05T00:00:00
1540,728,13,Global Digital - Initial License,Qualification,8359,2023-03-24,2022-07-25,Product-Led,Best Case,False,False,,,39,Legal review,New Business,2022-07-25T00:00:00
1541,515,12,Elevate Labs - Initial License,Prospecting,51187,2024-09-07,2024-03-24,Inbound - Content,Pipeline,False,False,,,69,Schedule demo,New Business,2024-03-24T00:00:00
1542,15,13,Apex Analytics - New Business,Closed Lost,70371,2023-06-20,2022-12-01,Inbound - Content,Omitted,False,True,CompetitorD,Price,19,,New Business,2022-12-01T00:00:00
1543,556,13,Nexus Labs - Platform Deal,Proposal,96236,2025-04-14,2024-09-30,Partner Referral,Best Case,False,False,,,35,Executive alignment,New Business,2024-09-30T00:00:00
1544,579,4,Summit Partners - Initial License,Discovery,5074,2022-06-22,2022-04-24,Partner Referral,Pipeline,False,False,CompetitorC,,9,Contract signing,New Business,2022-04-24T00:00:00
1545,674,9,Apex Analytics - Initial License,Proposal,158749,2025-04-10,2024-10-26,Inbound - Content,Best Case,False,False,CompetitorC,,31,POC setup,New Business,2024-10-26T00:00:00
1546,512,2,Synergy Software - Initial License,Qualification,34175,2025-01-25,2024-07-30,Partner Referral,Best Case,False,False,Open Source Alternative,,15,Reference call,New Business,2024-07-30T00:00:00
1547,451,1,Synergy Labs - Initial License,Closed Lost,692906,2024-12-31,2024-12-15,Webinar,Omitted,False,True,CompetitorD,Champion Left,6,,New Business,2024-12-15T00:00:00
1548,401,15,Nova Technologies - Initial License,Prospecting,157998,2025-02-27,2024-11-03,Inbound - Web,Pipeline,False,False,Open Source Alternative,,7,Legal review,New Business,2024-11-03T00:00:00
1549,837,2,Pinnacle Systems - Platform Deal,Proposal,631815,2025-01-16,2024-07-12,Outbound - AE,Best Case,False,False,CompetitorE,,43,Reference call,New Business,2024-07-12T00:00:00
1550,781,1,Vanguard Dynamics - Initial License,Discovery,170399,2025-04-02,2024-09-10,Product-Led,Pipeline,False,False,Open Source Alternative,,4,,New Business,2024-09-10T00:00:00
1551,16,14,Elevate Group - Platform Deal,Negotiation,97072,2024-03-13,2023-10-07,Inbound - Web,Commit,False,False,CompetitorB,,69,Contract signing,New Business,2023-10-07T00:00:00
1552,197,9,Vertex Inc - Initial License,Closed Lost,178160,2024-12-11,2024-07-31,Product-Led,Omitted,False,True,,Timing,50,,New Business,2024-07-31T00:00:00
1553,565,8,Horizon Holdings - Initial License,Discovery,40367,2025-02-27,2024-09-06,Partner Referral,Pipeline,False,False,,,48,Reference call,New Business,2024-09-06T00:00:00
1554,151,11,Vertex Inc - Initial License,Discovery,214443,2023-02-05,2022-06-09,Partner Referral,Pipeline,False,False,CompetitorC,,63,Legal review,New Business,2022-06-09T00:00:00
1555,652,14,Catalyst Analytics - Initial License,Qualification,117474,2024-08-31,2024-01-09,Inbound - Content,Best Case,False,False,CompetitorB,,50,Send proposal,New Business,2024-01-09T00:00:00
1556,89,9,Acme Enterprises - Initial License,Negotiation,56960,2025-01-10,2024-09-16,Webinar,Commit,False,False,Open Source Alternative,,22,Legal review,New Business,2024-09-16T00:00:00
1557,214,11,Summit Digital - New Business,Prospecting,40685,2025-03-27,2024-12-07,Partner Referral,Pipeline,False,False,,,58,Technical review,New Business,2024-12-07T00:00:00
1558,171,4,Elevate Enterprises - New Business,Discovery,48604,2025-06-27,2024-12-26,Outbound - SDR,Pipeline,False,False,,,27,Send proposal,New Business,2024-12-26T00:00:00
1559,634,14,Nova Partners - New Business,Prospecting,,2022-09-02,2022-04-02,Inbound - Web,Pipeline,False,False,CompetitorC,,32,,New Business,2022-04-02T00:00:00
1560,60,14,Pinnacle Inc - Platform Deal,Closed Lost,186587,2024-12-31,2024-11-19,Outbound - AE,Omitted,False,True,CompetitorB,Price,9,,New Business,2024-11-19T00:00:00
1561,501,4,Acme Digital - New Business,Discovery,47056,2024-09-06,2024-07-16,Event,Pipeline,False,False,,,9,Contract signing,New Business,2024-07-16T00:00:00
1562,839,9,Elevate Enterprises - New Business,Closed Lost,117306,2024-12-31,2024-12-07,Partner Referral,Omitted,False,True,,Lost to Status Quo,57,,New Business,2024-12-07T00:00:00
1563,175,2,Fusion Analytics - Initial License,Negotiation,40590,2024-08-11,2024-03-19,Event,Commit,False,False,CompetitorB,,22,,New Business,2024-03-19T00:00:00
1564,843,6,Vanguard Corp - Initial License,Negotiation,41553,2024-10-20,2024-09-03,Outbound - SDR,Commit,False,False,CompetitorB,,29,Executive alignment,New Business,2024-09-03T00:00:00
1565,921,14,Global Labs - Initial License,Closed Lost,43957,2024-12-31,2024-12-06,Partner Referral,Omitted,False,True,,No Decision,46,,New Business,2024-12-06T00:00:00
1566,34,13,Nova Networks - Platform Deal,Prospecting,86077,2025-02-02,2024-08-17,Outbound - AE,Pipeline,False,False,CompetitorC,,19,,New Business,2024-08-17T00:00:00
1567,229,5,Fusion Platforms - New Business,Prospecting,43727,2021-02-14,2020-09-18,Inbound - Content,Pipeline,False,False,Open Source Alternative,,52,Contract signing,New Business,2020-09-18T00:00:00
1568,983,8,Optima Holdings - Initial License,Closed Won,592053,2024-02-21,2023-11-11,Event,Closed,True,True,,,55,,New Business,2023-11-11T00:00:00
1569,401,8,Nova Technologies - Initial License,Proposal,142487,2025-06-28,2024-11-27,Inbound - Content,Best Case,False,False,,,58,Send proposal,New Business,2024-11-27T00:00:00
1570,867,2,Velocity Group - New Business,Qualification,318679,2023-09-16,2023-08-12,Outbound - SDR,Best Case,False,False,,,23,Schedule demo,New Business,2023-08-12T00:00:00
1571,632,5,Catalyst Digital - New Business,Qualification,131615,2024-12-23,2024-05-02,Inbound - Web,Best Case,False,False,,,11,Executive alignment,New Business,2024-05-02T00:00:00
1572,693,13,Apex Corp - Initial License,Closed Lost,130984,2024-12-31,2024-12-21,Partner Referral,Omitted,False,True,CompetitorA,Feature Gap,2,,New Business,2024-12-21T00:00:00
1573,707,13,Vanguard Technologies - Initial License,Proposal,,2025-04-28,2024-08-22,Webinar,Best Case,False,False,,,51,,New Business,2024-08-22T00:00:00
1574,332,3,Velocity Platforms - Initial License,Closed Won,57285,2024-07-25,2024-07-01,Partner Referral,Closed,True,True,,,22,,New Business,2024-07-01T00:00:00
1575,706,12,Vertex Software - Platform Deal,Prospecting,39697,2024-12-24,2024-04-11,Inbound - Web,Pipeline,False,False,CompetitorE,,66,Send proposal,New Business,2024-04-11T00:00:00
1576,258,7,Elevate Digital - Initial License,Prospecting,69617,2024-08-28,2024-01-19,Event,Pipeline,False,False,CompetitorC,,5,Legal review,New Business,2024-01-19T00:00:00
1577,665,7,Zenith Technologies - New Business,Discovery,76495,2022-06-09,2022-02-24,Inbound - Web,Pipeline,False,False,Open Source Alternative,,15,POC setup,New Business,2022-02-24T00:00:00
1578,135,8,Acme Holdings - Initial License,Negotiation,43201,2023-05-11,2023-03-18,Inbound - Web,Commit,False,False,Open Source Alternative,,38,Reference call,New Business,2023-03-18T00:00:00
1579,258,7,Elevate Digital - Platform Deal,Qualification,176227,2025-04-13,2024-09-11,Event,Best Case,False,False,,,23,Schedule demo,New Business,2024-09-11T00:00:00
1580,811,15,Summit Partners - Platform Deal,Discovery,,2025-01-05,2024-06-19,Inbound - Web,Pipeline,False,False,CompetitorE,,16,Technical review,New Business,2024-06-19T00:00:00
1581,658,2,Nexus Inc - Initial License,Qualification,52373,2023-06-07,2023-01-09,Inbound - Web,Best Case,False,False,CompetitorE,,7,Schedule demo,New Business,2023-01-09T00:00:00
1582,9,14,Optima Solutions - Platform Deal,Negotiation,34150,2024-12-10,2024-06-11,Webinar,Commit,False,False,Open Source Alternative,,55,,New Business,2024-06-11T00:00:00
1583,94,3,Horizon Solutions - Contract Renewal,Proposal,135534,2024-05-25,2023-11-16,Event,Best Case,False,False,,,7,POC setup,Renewal,2023-11-16T00:00:00
1584,991,13,Horizon Inc - New Business,Discovery,33545,2025-04-10,2024-09-03,Event,Pipeline,False,False,,,36,,New Business,2024-09-03T00:00:00
1585,384,6,Horizon Digital - Initial License,Proposal,21943,2025-07-03,2024-11-07,Event,Best Case,False,False,CompetitorD,,25,Legal review,New Business,2024-11-07T00:00:00
1586,283,16,Elevate Inc - Platform Deal,Qualification,36417,2025-07-22,2024-12-01,,Best Case,False,False,CompetitorB,,15,Reference call,New Business,2024-12-01T00:00:00
1587,578,1,Nova Networks - Initial License,Prospecting,30068,2022-07-15,2022-01-24,Product-Led,Pipeline,False,False,,,12,Technical review,New Business,2022-01-24T00:00:00
1588,63,3,Vertex Corp - Platform Deal,Discovery,96643,2025-04-13,2024-10-09,Event,Pipeline,False,False,CompetitorC,,44,Executive alignment,New Business,2024-10-09T00:00:00
1589,442,5,Acme Services - Initial License,Closed Lost,34560,2024-06-26,2023-12-29,Outbound - SDR,Omitted,False,True,CompetitorE,Lost to Status Quo,19,,New Business,2023-12-29T00:00:00
1590,598,1,Velocity Group - Platform Deal,Prospecting,791776,2025-02-10,2024-10-03,Inbound - Content,Pipeline,False,False,CompetitorB,,14,Executive alignment,New Business,2024-10-03T00:00:00
1591,243,2,Summit Holdings - Initial License,Proposal,81548,2024-11-08,2024-07-08,Product-Led,Best Case,False,False,,,3,Reference call,New Business,2024-07-08T00:00:00
1592,222,10,Vanguard Holdings - Platform Deal,Proposal,50170,2022-12-10,2022-03-24,Outbound - AE,Best Case,False,False,,,23,Reference call,New Business,2022-03-24T00:00:00
1593,893,5,Summit Networks - Initial License,Closed Lost,7550,2024-09-25,2024-03-22,Outbound - AE,Omitted,False,True,CompetitorB,Budget Cut,51,,New Business,2024-03-22T00:00:00
1594,977,2,Fusion Digital - New Business,Discovery,793332,2024-12-17,2024-04-22,Inbound - Content,Pipeline,False,False,CompetitorE,,8,Contract signing,New Business,2024-04-22T00:00:00
1595,868,12,Zenith Group - Initial License,Prospecting,27201,2024-11-17,2024-07-17,Webinar,Pipeline,False,False,CompetitorA,,55,Contract signing,New Business,2024-07-17T00:00:00
1596,112,11,Nexus Services - Platform Deal,Prospecting,144172,2022-06-24,2022-02-25,Partner Referral,Pipeline,False,False,,,5,Technical review,New Business,2022-02-25T00:00:00
1597,278,8,Optima Dynamics - Platform Deal,Qualification,44475,2024-05-27,2024-01-30,Product-Led,Best Case,False,False,,,11,Reference call,New Business,2024-01-30T00:00:00
1598,340,12,Synergy Partners - New Business,Prospecting,48918,2024-07-09,2024-03-03,Inbound - Content,Pipeline,False,False,,,39,Legal review,New Business,2024-03-03T00:00:00
1599,496,7,Global Group - Initial License,Prospecting,84038,2024-01-04,2023-09-08,Inbound - Content,Pipeline,False,False,CompetitorB,,57,Executive alignment,New Business,2023-09-08T00:00:00
1600,731,7,Acme Enterprises - Initial License,Closed Won,89836,2022-03-03,2022-01-09,Partner Referral,Closed,True,True,CompetitorD,,58,,New Business,2022-01-09T00:00:00
1493,210,5,Apex Platforms - Platform Deal,Qualification,113193,2023-08-15,2023-04-28,Webinar,Best Case,False,False,,,40,Contract signing,New Business,2023-04-28T00:00:00
1602,570,4,Nova Partners - Initial License,Qualification,904705,2024-12-24,2024-11-17,Product-Led,Best Case,False,False,,,6,Executive alignment,New Business,2024-11-17T00:00:00
1603,697,16,Quantum Analytics - Platform Deal,Discovery,18542,2025-02-05,2024-12-14,Outbound - SDR,Pipeline,False,False,,,4,Executive alignment,New Business,2024-12-14T00:00:00
1604,29,1,Zenith Services - New Business,Discovery,122101,2024-07-20,2024-04-20,Webinar,Pipeline,False,False,Open Source Alternative,,12,Technical review,New Business,2024-04-20T00:00:00
1605,924,3,Nexus Group - Initial License,Prospecting,10626,2024-09-27,2024-10-18,Inbound - Web,Pipeline,False,False,,,8,Executive alignment,New Business,2024-10-18T00:00:00
1606,199,3,Quantum Group - Platform Deal,Proposal,244766,2025-06-03,2024-10-09,,Best Case,False,False,,,44,Executive alignment,New Business,2024-10-09T00:00:00
1607,384,16,Horizon Digital - Initial License,Proposal,5499,2025-04-30,2024-11-05,Partner Referral,Best Case,False,False,,,23,Schedule demo,New Business,2024-11-05T00:00:00
1608,896,4,Nexus Enterprises - Initial License,Proposal,39208,2023-01-17,2022-05-11,Webinar,Best Case,False,False,,,27,Legal review,New Business,2022-05-11T00:00:00
1609,696,4,Vanguard Group - New Business,Discovery,77589,2023-11-09,2023-04-28,Event,Pipeline,False,False,CompetitorA,,34,Reference call,New Business,2023-04-28T00:00:00
1610,168,14,Global Labs - Platform Deal,Prospecting,38187,2023-06-15,2022-11-24,Event,Pipeline,False,False,,,50,,New Business,2022-11-24T00:00:00
568,314,10,Pinnacle Inc - Initial License,Closed Lost,153180,2024-12-31,2024-11-15,Outbound - SDR,Omitted,False,True,CompetitorA,Feature Gap,49,,New Business,2024-11-15T00:00:00
1612,579,13,Summit Partners - Platform Deal,Closed Lost,41221,2023-03-18,2023-02-16,,Omitted,False,True,CompetitorD,Feature Gap,63,,New Business,2023-02-16T00:00:00
1613,193,7,Summit Corp - Platform Deal,Qualification,1051397,2023-12-28,2023-07-28,,Best Case,False,False,CompetitorD,,50,Executive alignment,New Business,2023-07-28T00:00:00
1614,441,15,Summit Corp - New Business,Negotiation,16662,2024-08-10,2024-03-04,Outbound - SDR,Commit,False,False,CompetitorE,,51,Technical review,New Business,2024-03-04T00:00:00
1615,454,9,Acme Labs - New Business,Prospecting,29662,2024-07-02,2024-02-06,Inbound - Content,Pipeline,False,False,CompetitorD,,20,POC setup,New Business,2024-02-06T00:00:00
1616,830,13,Pacific Enterprises - Platform Deal,Discovery,675444,2024-10-23,2024-03-14,,Pipeline,False,False,Open Source Alternative,,26,Contract signing,New Business,2024-03-14T00:00:00
1617,78,14,Apex Inc - New Business,Qualification,46989,2023-03-23,2022-09-18,Inbound - Web,Best Case,False,False,CompetitorA,,7,,New Business,2022-09-18T00:00:00
1618,159,1,Horizon Analytics - Initial License,Qualification,24974,2024-01-01,2023-04-14,Inbound - Web,Best Case,False,False,,,36,,New Business,2023-04-14T00:00:00
1619,843,6,Vanguard Corp - New Business,Qualification,27928,2024-12-30,2024-11-12,Webinar,Best Case,False,False,Open Source Alternative,,30,Contract signing,New Business,2024-11-12T00:00:00
1620,683,16,Optima Technologies - Initial License,Negotiation,32237,2024-10-13,2024-07-21,Outbound - AE,Commit,False,False,CompetitorD,,49,Schedule demo,New Business,2024-07-21T00:00:00
1621,776,16,Quantum Dynamics - Platform Deal,Prospecting,36198,2024-12-17,2024-12-21,Inbound - Content,Pipeline,False,False,,,30,POC setup,New Business,2024-12-21T00:00:00
1622,503,6,Fusion Platforms - Initial License,Proposal,126548,2025-03-17,2024-07-22,Inbound - Content,Best Case,False,False,CompetitorA,,24,POC setup,New Business,2024-07-22T00:00:00
1623,789,8,Acme Inc - Platform Deal,Closed Lost,38185,2024-09-30,2024-05-14,Inbound - Content,Omitted,False,True,Open Source Alternative,Champion Left,10,,New Business,2024-05-14T00:00:00
1624,429,10,Catalyst Software - Platform Deal,Closed Lost,35164,2024-12-31,2024-11-02,Outbound - AE,Omitted,False,True,,Competitor,66,,New Business,2024-11-02T00:00:00
1625,232,2,Pinnacle Technologies - Platform Deal,Prospecting,151661,2025-04-01,2024-11-12,,Pipeline,False,False,CompetitorD,,28,Reference call,New Business,2024-11-12T00:00:00
1626,591,15,Zenith Systems - Initial License,Discovery,7217,2025-03-21,2024-12-23,Outbound - SDR,Pipeline,False,False,Open Source Alternative,,38,Executive alignment,New Business,2024-12-23T00:00:00
1627,338,16,Horizon Software - Platform Deal,Qualification,92302,2024-07-03,2024-05-23,Partner Referral,Best Case,False,False,Open Source Alternative,,51,Legal review,New Business,2024-05-23T00:00:00
1628,994,5,Fusion Analytics - New Business,Discovery,67013,2025-02-28,2024-10-22,Inbound - Content,Pipeline,False,False,CompetitorE,,59,Executive alignment,New Business,2024-10-22T00:00:00
587,626,1,Synergy Inc - New Business,Closed Lost,42987,2024-09-18,2024-05-29,Outbound - AE,Omitted,False,True,,Lost to Status Quo,6,,New Business,2024-05-29T00:00:00
1630,533,14,Atlas Labs - Initial License,Qualification,21820,2023-05-11,2022-08-23,,Best Case,False,False,Open Source Alternative,,8,,New Business,2022-08-23T00:00:00
1631,19,12,Zenith Platforms - New Business,Qualification,96604,2024-10-10,2024-07-05,Inbound - Content,Best Case,False,False,CompetitorE,,46,Legal review,New Business,2024-07-05T00:00:00
1632,475,15,Nova Platforms - New Business,Discovery,598968,2025-04-01,2024-08-05,Outbound - SDR,Pipeline,False,False,Open Source Alternative,,8,Legal review,New Business,2024-08-05T00:00:00
1633,294,16,Acme Platforms - Platform Deal,Qualification,35070,2024-10-16,2024-09-13,Event,Best Case,False,False,CompetitorD,,18,Reference call,New Business,2024-09-13T00:00:00
1634,187,13,Velocity Networks - Platform Deal,Discovery,93554,2021-12-14,2021-08-22,Inbound - Web,Pipeline,False,False,CompetitorE,,65,Schedule demo,New Business,2021-08-22T00:00:00
1635,661,9,Velocity Systems - New Business,Closed Lost,131635,2023-10-02,2023-06-13,Webinar,Omitted,False,True,CompetitorC,Competitor,69,,New Business,2023-06-13T00:00:00
1636,256,5,Summit Inc - Initial License,Prospecting,15527,2024-01-17,2023-08-21,Inbound - Web,Pipeline,False,False,CompetitorB,,26,Technical review,New Business,2023-08-21T00:00:00
1637,763,12,Pinnacle Dynamics - Initial License,Closed Lost,31449,2023-06-18,2023-05-27,Webinar,Omitted,False,True,,Champion Left,62,,New Business,2023-05-27T00:00:00
1638,957,7,Quantum Platforms - Initial License,Negotiation,146505,2024-09-21,2024-05-10,Inbound - Web,Commit,False,False,,,49,Reference call,New Business,2024-05-10T00:00:00
1639,685,16,Synergy Systems - Initial License,Proposal,193833,2025-05-05,2024-12-13,,Best Case,False,False,CompetitorD,,53,POC setup,New Business,2024-12-13T00:00:00
1640,653,8,Apex Partners - Initial License,Prospecting,36638,2024-07-04,2024-02-05,Inbound - Web,Pipeline,False,False,,,50,Schedule demo,New Business,2024-02-05T00:00:00
1641,369,13,Acme Software - Initial License,Proposal,13652,2022-08-31,2022-03-12,Event,Best Case,False,False,CompetitorE,,47,Legal review,New Business,2022-03-12T00:00:00
1642,923,13,Apex Platforms - New Business,Closed Lost,38363,2024-03-10,2024-02-16,Event,Omitted,False,True,CompetitorE,Feature Gap,22,,New Business,2024-02-16T00:00:00
1643,287,2,Horizon Labs - New Business,Proposal,24310,2023-05-03,2023-03-01,Inbound - Content,Best Case,False,False,CompetitorD,,13,Legal review,New Business,2023-03-01T00:00:00
1644,552,13,Fusion Technologies - New Business,Prospecting,99915,2022-06-13,2021-12-24,Outbound - AE,Pipeline,False,False,,,61,Technical review,New Business,2021-12-24T00:00:00
1645,982,15,Vertex Group - New Business,Prospecting,38792,2025-06-03,2024-12-21,Partner Referral,Pipeline,False,False,CompetitorA,,19,Legal review,New Business,2024-12-21T00:00:00
1646,272,10,Summit Dynamics - Initial License,Closed Lost,26820,2024-08-20,2024-07-30,Product-Led,Omitted,False,True,CompetitorC,Feature Gap,55,,New Business,2024-07-30T00:00:00
1647,629,8,Elevate Analytics - Initial License,Qualification,39030,2024-04-24,2024-02-02,Outbound - AE,Best Case,False,False,CompetitorE,,48,Reference call,New Business,2024-02-02T00:00:00
1648,10,12,Elevate Analytics - Upsell,Qualification,38554,2022-09-23,2022-02-11,Inbound - Content,Best Case,False,False,,,47,Schedule demo,Expansion,2022-02-11T00:00:00
1649,551,10,Elevate Systems - New Business,Prospecting,24917,2024-04-02,2024-01-05,Outbound - AE,Pipeline,False,False,CompetitorE,,9,POC setup,New Business,2024-01-05T00:00:00
1650,252,12,Velocity Platforms - Platform Deal,Qualification,51715,2020-11-12,2020-06-17,Outbound - AE,Best Case,False,False,,,16,,New Business,2020-06-17T00:00:00
1651,472,7,Pacific Networks - Platform Deal,Discovery,34080,2024-12-18,2024-08-22,Inbound - Content,Pipeline,False,False,CompetitorC,,28,Schedule demo,New Business,2024-08-22T00:00:00
1652,170,4,Nova Analytics - Platform Deal,Qualification,632012,2024-06-19,2024-07-06,Product-Led,Best Case,False,False,Open Source Alternative,,20,Technical review,New Business,2024-07-06T00:00:00
1653,572,9,Horizon Analytics - Platform Deal,Prospecting,18269,2023-01-27,2022-09-14,Partner Referral,Pipeline,False,False,,,18,Contract signing,New Business,2022-09-14T00:00:00
1654,534,5,Catalyst Technologies - Initial License,Proposal,9279,2025-05-12,2024-10-10,Event,Best Case,False,False,,,35,Reference call,New Business,2024-10-10T00:00:00
1655,286,6,Nexus Systems - Platform Deal,Discovery,919013,2023-03-12,2022-11-29,Outbound - SDR,Pipeline,False,False,CompetitorD,,54,Reference call,New Business,2022-11-29T00:00:00
1656,268,14,Optima Platforms - Initial License,Closed Lost,226543,2024-12-31,2024-12-24,Webinar,Omitted,False,True,CompetitorE,Competitor,48,,New Business,2024-12-24T00:00:00
1657,153,1,Nexus Technologies - Initial License,Prospecting,52474,2021-03-23,2021-01-24,Partner Referral,Pipeline,False,False,CompetitorA,,5,Contract signing,New Business,2021-01-24T00:00:00
1658,822,16,Pacific Technologies - Initial License,Discovery,6463,2025-04-10,2024-12-30,Webinar,Pipeline,False,False,CompetitorB,,38,Send proposal,New Business,2024-12-30T00:00:00
1659,248,2,Fusion Corp - New Business,Closed Lost,208809,2024-10-22,2024-08-06,Outbound - AE,Omitted,False,True,Open Source Alternative,Champion Left,22,,New Business,2024-08-06T00:00:00
1660,947,6,Fusion Inc - Initial License,Discovery,14459,2024-10-16,2024-08-31,Product-Led,Pipeline,False,False,CompetitorB,,25,Send proposal,New Business,2024-08-31T00:00:00
1661,864,13,Acme Group - Platform Deal,Closed Lost,8694,2024-10-22,2024-06-21,Partner Referral,Omitted,False,True,CompetitorA,Lost to Status Quo,25,,New Business,2024-06-21T00:00:00
1662,171,4,Elevate Enterprises - Platform Deal,Closed Lost,71361,2024-12-31,2024-12-28,Inbound - Web,Omitted,False,True,CompetitorD,Champion Left,33,,New Business,2024-12-28T00:00:00
1663,710,6,Pinnacle Labs - Platform Deal,Closed Lost,216077,2024-12-31,2024-10-26,Webinar,Omitted,False,True,,Budget Cut,1,,New Business,2024-10-26T00:00:00
1664,91,8,Apex Enterprises - Platform Deal,Proposal,366116,2023-11-28,2023-04-07,Partner Referral,Best Case,False,False,CompetitorC,,2,Send proposal,New Business,2023-04-07T00:00:00
1665,274,13,Catalyst Group - Initial License,Qualification,61879,2024-11-08,2024-09-21,Inbound - Web,Best Case,False,False,,,22,,New Business,2024-09-21T00:00:00
1666,783,16,Acme Software - Initial License,Qualification,42138,2025-01-19,2024-05-22,Webinar,Best Case,False,False,,,26,Legal review,New Business,2024-05-22T00:00:00
1667,790,6,Summit Solutions - Renewal,Qualification,587084,2025-07-26,2024-12-01,Product-Led,Best Case,False,False,CompetitorB,,40,POC setup,Renewal,2024-12-01T00:00:00
1668,522,5,Nexus Platforms - New Business,Negotiation,55743,2024-09-06,2024-07-11,Outbound - AE,Commit,False,False,,,50,Contract signing,New Business,2024-07-11T00:00:00
1669,755,2,Atlas Holdings - Platform Deal,Discovery,109441,2024-08-19,2024-04-27,Partner Referral,Pipeline,False,False,CompetitorB,,36,Schedule demo,New Business,2024-04-27T00:00:00
1670,411,13,Elevate Enterprises - Platform Deal,Discovery,550914,2025-07-28,2024-12-26,Outbound - SDR,Pipeline,False,False,CompetitorA,,73,,New Business,2024-12-26T00:00:00
1671,873,3,Pinnacle Services - New Business,Discovery,124925,2022-10-12,2022-05-01,Outbound - AE,Pipeline,False,False,Open Source Alternative,,32,Contract signing,New Business,2022-05-01T00:00:00
1672,1,13,Fusion Digital - Initial License,Prospecting,46929,2024-07-16,2023-12-12,Outbound - AE,Pipeline,False,False,CompetitorB,,60,Executive alignment,New Business,2023-12-12T00:00:00
1673,319,1,Apex Platforms - Platform Deal,Closed Lost,291222,2024-12-31,2024-10-14,Event,Omitted,False,True,CompetitorD,Feature Gap,45,,New Business,2024-10-14T00:00:00
1674,993,8,Horizon Holdings - Initial License,Closed Won,11497,2024-12-31,2024-11-13,Webinar,Closed,True,True,CompetitorA,,35,,New Business,2024-11-13T00:00:00
1675,867,11,Velocity Group - New Business,Proposal,317585,2024-04-13,2023-07-21,Partner Referral,Best Case,False,False,CompetitorC,,43,POC setup,New Business,2023-07-21T00:00:00
1676,899,1,Global Solutions - Platform Deal,Closed Won,172182,2024-12-31,2024-11-17,Product-Led,Closed,True,True,,,4,,New Business,2024-11-17T00:00:00
1677,336,7,Global Corp - Platform Deal,Prospecting,233984,2024-11-12,2024-03-26,Product-Led,Pipeline,False,False,CompetitorC,,39,POC setup,New Business,2024-03-26T00:00:00
1678,550,8,Pacific Solutions - Initial License,Qualification,153792,2022-12-16,2022-08-25,Outbound - SDR,Best Case,False,False,,,4,Send proposal,New Business,2022-08-25T00:00:00
1679,237,13,Catalyst Analytics - Platform Deal,Qualification,45615,2024-12-28,2024-11-02,Partner Referral,Best Case,False,False,CompetitorA,,74,Send proposal,New Business,2024-11-02T00:00:00
1680,986,9,Nexus Partners - Platform Deal,Qualification,142604,2025-01-26,2024-10-07,Inbound - Web,Best Case,False,False,,,46,Schedule demo,New Business,2024-10-07T00:00:00
1681,164,15,Pinnacle Solutions - New Business,Proposal,124260,2025-03-29,2024-12-20,Webinar,Best Case,False,False,Open Source Alternative,,31,POC setup,New Business,2024-12-20T00:00:00
1682,995,2,Acme Corp - New Business,Prospecting,11934,2024-04-07,2023-07-20,Inbound - Web,Pipeline,False,False,,,2,Legal review,New Business,2023-07-20T00:00:00
1683,43,11,Summit Inc - Platform Deal,Proposal,18221,2021-07-04,2021-01-03,Event,Best Case,False,False,CompetitorD,,41,,New Business,2021-01-03T00:00:00
1684,591,5,Zenith Systems - Initial License,Closed Lost,,2024-12-31,2024-12-21,Partner Referral,Omitted,False,True,,Feature Gap,53,,New Business,2024-12-21T00:00:00
1685,85,13,Velocity Platforms - Platform Deal,Proposal,93777,2022-05-26,2021-09-20,Outbound - SDR,Best Case,False,False,CompetitorC,,49,Contract signing,New Business,2021-09-20T00:00:00
1686,916,4,Synergy Inc - Platform Deal,Negotiation,124173,2024-02-14,2023-06-04,Webinar,Commit,False,False,,,21,Executive alignment,New Business,2023-06-04T00:00:00
1687,337,16,Apex Labs - Platform Deal,Closed Lost,208716,2024-12-31,2024-08-11,Outbound - AE,Omitted,False,True,CompetitorB,Champion Left,3,,New Business,2024-08-11T00:00:00
1688,479,4,Summit Enterprises - New Business,Closed Lost,45869,2024-01-30,2023-12-13,Partner Referral,Omitted,False,True,CompetitorA,Competitor,43,,New Business,2023-12-13T00:00:00
1689,764,11,Global Inc - Platform Deal,Proposal,182308,2025-05-20,2024-10-12,Inbound - Content,Best Case,False,False,CompetitorD,,45,Contract signing,New Business,2024-10-12T00:00:00
1690,376,5,Nexus Services - Initial License,Qualification,28850,2025-05-24,2024-12-25,Product-Led,Best Case,False,False,Open Source Alternative,,6,Executive alignment,New Business,2024-12-25T00:00:00
1691,683,16,Optima Technologies - Initial License,Closed Lost,8079,2024-06-23,2024-04-28,Partner Referral,Omitted,False,True,CompetitorE,No Decision,54,,New Business,2024-04-28T00:00:00
1692,763,12,Pinnacle Dynamics - New Business,Qualification,34938,2024-11-20,2024-06-07,Event,Best Case,False,False,CompetitorB,,32,Executive alignment,New Business,2024-06-07T00:00:00
1693,866,13,Velocity Digital - Platform Deal,Prospecting,128414,2025-02-07,2024-10-10,Webinar,Pipeline,False,False,,,3,,New Business,2024-10-10T00:00:00
1694,657,5,Zenith Labs - Initial License,Closed Lost,,2023-06-27,2022-11-28,Event,Omitted,False,True,,No Decision,5,,New Business,2022-11-28T00:00:00
1695,577,6,Vertex Dynamics - New Business,Prospecting,38438,2023-10-04,2023-08-20,Outbound - AE,Pipeline,False,False,CompetitorE,,15,Technical review,New Business,2023-08-20T00:00:00
1696,659,13,Velocity Partners - Initial License,Closed Lost,22671,2024-12-31,2024-12-06,Webinar,Omitted,False,True,Open Source Alternative,Competitor,43,,New Business,2024-12-06T00:00:00
1697,498,2,Optima Platforms - New Business,Qualification,40897,2022-11-27,2022-10-20,Partner Referral,Best Case,False,False,CompetitorA,,6,Schedule demo,New Business,2022-10-20T00:00:00
1698,254,8,Global Holdings - Upsell,Closed Lost,40774,2024-12-31,2024-12-14,Outbound - AE,Omitted,False,True,CompetitorE,Champion Left,47,,Expansion,2024-12-14T00:00:00
1699,501,4,Acme Digital - Initial License,Prospecting,40813,2023-07-03,2022-12-29,Event,Pipeline,False,False,CompetitorC,,55,Contract signing,New Business,2022-12-29T00:00:00
1700,274,9,Catalyst Group - New Business,Qualification,23161,2025-03-16,2024-09-09,Partner Referral,Best Case,False,False,CompetitorC,,17,Contract signing,New Business,2024-09-09T00:00:00
1701,635,2,Horizon Solutions - Initial License,Discovery,40735,2025-03-29,2024-07-21,,Pipeline,False,False,,,15,Reference call,New Business,2024-07-21T00:00:00
1702,631,1,Vanguard Corp - Platform Deal,Discovery,212506,2025-07-13,2024-10-21,Outbound - SDR,Pipeline,False,False,CompetitorB,,28,Executive alignment,New Business,2024-10-21T00:00:00
1703,468,9,Optima Networks - Expansion,Prospecting,22770,2024-01-25,2023-06-21,Partner Referral,Pipeline,False,False,CompetitorD,,24,Contract signing,Expansion,2023-06-21T00:00:00
1704,581,16,Quantum Enterprises - Renewal,Discovery,193262,2025-03-10,2024-11-15,Outbound - SDR,Pipeline,False,False,CompetitorC,,36,Reference call,Renewal,2024-11-15T00:00:00
1705,177,3,Pinnacle Technologies - Initial License,Prospecting,46316,2024-10-10,2024-07-25,Outbound - SDR,Pipeline,False,False,CompetitorE,,3,Executive alignment,New Business,2024-07-25T00:00:00
1706,459,9,Vanguard Dynamics - Initial License,Qualification,1019542,2024-06-06,2023-10-27,Event,Best Case,False,False,CompetitorD,,69,Schedule demo,New Business,2023-10-27T00:00:00
1707,617,12,Zenith Enterprises - New Business,Proposal,25796,2023-01-25,2022-12-14,Partner Referral,Best Case,False,False,,,47,,New Business,2022-12-14T00:00:00
1708,279,12,Velocity Holdings - New Business,Discovery,9894,2025-04-02,2024-08-21,Inbound - Web,Pipeline,False,False,CompetitorB,,10,POC setup,New Business,2024-08-21T00:00:00
1709,218,15,Nexus Technologies - New Business,Prospecting,33889,2024-11-14,2024-09-17,Inbound - Web,Pipeline,False,False,CompetitorA,,25,Legal review,New Business,2024-09-17T00:00:00
1710,472,7,Pacific Networks - Platform Deal,Qualification,24110,2023-03-30,2022-09-03,Webinar,Best Case,False,False,,,40,Executive alignment,New Business,2022-09-03T00:00:00
1711,703,9,Optima Platforms - New Business,Negotiation,126425,2023-01-14,2022-05-12,Inbound - Web,Commit,False,False,CompetitorC,,29,,New Business,2022-05-12T00:00:00
1712,451,14,Synergy Labs - New Business,Prospecting,774300,2024-07-26,2024-02-28,Webinar,Pipeline,False,False,CompetitorA,,43,Send proposal,New Business,2024-02-28T00:00:00
1713,393,3,Global Services - New Business,Proposal,1072433,2024-12-16,2024-09-26,Partner Referral,Best Case,False,False,Open Source Alternative,,3,Reference call,New Business,2024-09-26T00:00:00
1714,728,5,Global Digital - Platform Deal,Closed Lost,18815,2023-01-03,2022-10-14,Webinar,Omitted,False,True,,Lost to Status Quo,3,,New Business,2022-10-14T00:00:00
1715,281,10,Elevate Enterprises - New Business,Qualification,533402,2024-11-13,2024-02-18,Event,Best Case,False,False,,,19,Send proposal,New Business,2024-02-18T00:00:00
1716,648,1,Apex Dynamics - Initial License,Proposal,178892,2024-02-04,2023-07-02,Event,Best Case,False,False,,,13,Technical review,New Business,2023-07-02T00:00:00
1717,563,11,Nova Partners - Platform Deal,Prospecting,10442,2025-03-28,2024-10-20,Inbound - Web,Pipeline,False,False,Open Source Alternative,,2,Send proposal,New Business,2024-10-20T00:00:00
1718,379,14,Zenith Labs - Platform Deal,Prospecting,12521,2023-12-08,2023-05-19,Inbound - Web,Pipeline,False,False,,,45,,New Business,2023-05-19T00:00:00
1719,407,16,Nova Holdings - Initial License,Closed Lost,73878,2024-12-31,2024-12-06,,Omitted,False,True,,Price,20,,New Business,2024-12-06T00:00:00
1720,520,15,Catalyst Software - Platform Deal,Qualification,90708,2024-03-29,2024-01-04,Webinar,Best Case,False,False,,,47,Contract signing,New Business,2024-01-04T00:00:00
1721,363,4,Nexus Dynamics - New Business,Qualification,830289,2023-01-22,2022-12-15,Webinar,Best Case,False,False,Open Source Alternative,,16,Reference call,New Business,2022-12-15T00:00:00
1722,800,14,Global Systems - Platform Deal,Prospecting,37232,2025-05-21,2024-11-09,Product-Led,Pipeline,False,False,CompetitorA,,65,,New Business,2024-11-09T00:00:00
1723,625,15,Elevate Services - Platform Deal,Qualification,,2025-03-04,2024-12-01,Partner Referral,Best Case,False,False,CompetitorA,,47,Contract signing,New Business,2024-12-01T00:00:00
1724,27,1,Optima Solutions - Initial License,Closed Lost,42482,2021-12-21,2021-11-12,Partner Referral,Omitted,False,True,CompetitorB,Competitor,20,,New Business,2021-11-12T00:00:00
1725,543,3,Global Labs - Platform Deal,Qualification,23897,2023-06-27,2023-02-22,Partner Referral,Best Case,False,False,CompetitorA,,23,Reference call,New Business,2023-02-22T00:00:00
1726,756,8,Optima Services - Platform Deal,Proposal,140696,2025-03-09,2024-11-25,Outbound - AE,Best Case,False,False,,,28,,New Business,2024-11-25T00:00:00
1727,976,11,Summit Platforms - Initial License,Closed Lost,51764,2024-12-31,2024-11-30,Inbound - Web,Omitted,False,True,,No Decision,51,,New Business,2024-11-30T00:00:00
1728,669,15,Elevate Systems - New Business,Qualification,9266,2025-04-03,2024-12-12,Partner Referral,Best Case,False,False,,,33,Technical review,New Business,2024-12-12T00:00:00
1729,441,2,Summit Corp - Initial License,Negotiation,33687,2022-06-23,2022-05-19,Outbound - AE,Commit,False,False,,,4,Legal review,New Business,2022-05-19T00:00:00
1730,27,1,Optima Solutions - New Business,Prospecting,20169,2023-02-12,2022-08-14,Event,Pipeline,False,False,,,38,Reference call,New Business,2022-08-14T00:00:00
1731,987,1,Vertex Corp - Initial License,Negotiation,72227,2024-02-05,2023-07-01,Inbound - Web,Commit,False,False,Open Source Alternative,,13,,New Business,2023-07-01T00:00:00
1732,24,16,Synergy Software - New Business,Qualification,40536,2025-06-24,2024-11-21,Product-Led,Best Case,False,False,CompetitorC,,47,POC setup,New Business,2024-11-21T00:00:00
1733,892,12,Vanguard Dynamics - Platform Deal,Discovery,50209,2025-02-15,2024-06-19,Outbound - AE,Pipeline,False,False,,,5,Contract signing,New Business,2024-06-19T00:00:00
1734,14,2,Velocity Dynamics - New Business,Prospecting,22601,2025-03-21,2024-09-18,Partner Referral,Pipeline,False,False,CompetitorE,,16,POC setup,New Business,2024-09-18T00:00:00
1735,473,9,Pinnacle Enterprises - New Business,Prospecting,34908,2024-11-03,2024-03-01,Outbound - AE,Pipeline,False,False,CompetitorE,,17,Legal review,New Business,2024-03-01T00:00:00
1736,261,10,Nova Holdings - Platform Deal,Proposal,39247,2025-02-11,2024-10-02,Inbound - Content,Best Case,False,False,,,1,Executive alignment,New Business,2024-10-02T00:00:00
1737,398,14,Velocity Digital - Platform Deal,Proposal,11999,2025-01-25,2024-10-02,Webinar,Best Case,False,False,CompetitorB,,40,,New Business,2024-10-02T00:00:00
1738,190,4,Zenith Partners - New Business,Qualification,48074,2025-04-19,2024-10-06,Inbound - Content,Best Case,False,False,,,26,POC setup,New Business,2024-10-06T00:00:00
1739,479,5,Summit Enterprises - Initial License,Prospecting,5328,2025-02-05,2024-07-27,Webinar,Pipeline,False,False,,,51,Technical review,New Business,2024-07-27T00:00:00
667,846,9,Zenith Software - Initial License,Closed Lost,172246,2024-12-31,2024-12-21,Event,Omitted,False,True,Open Source Alternative,Lost to Status Quo,60,,New Business,2024-12-21T00:00:00
1741,657,9,Zenith Labs - New Business,Prospecting,22605,2024-03-06,2023-10-05,Outbound - AE,Pipeline,False,False,CompetitorA,,14,Executive alignment,New Business,2023-10-05T00:00:00
1742,482,12,Vanguard Corp - Initial License,Prospecting,44626,2024-02-26,2023-06-07,Inbound - Content,Pipeline,False,False,CompetitorD,,57,Contract signing,New Business,2023-06-07T00:00:00
1743,667,9,Vertex Analytics - Initial License,Discovery,48008,2025-03-29,2024-10-23,Outbound - AE,Pipeline,False,False,CompetitorC,,59,Executive alignment,New Business,2024-10-23T00:00:00
1744,366,16,Pinnacle Technologies - Initial License,Closed Won,44595,2024-12-31,2024-09-20,Event,Closed,True,True,CompetitorA,,55,,New Business,2024-09-20T00:00:00
1745,935,7,Synergy Holdings - New Business,Qualification,70485,2024-10-20,2024-06-18,Webinar,Best Case,False,False,Open Source Alternative,,28,Reference call,New Business,2024-06-18T00:00:00
1746,524,15,Vertex Inc - Platform Deal,Prospecting,14894,2024-09-13,2024-06-19,Inbound - Web,Pipeline,False,False,Open Source Alternative,,61,Legal review,New Business,2024-06-19T00:00:00
1747,77,5,Apex Group - Contract Renewal,Discovery,132300,2025-06-28,2024-12-05,Inbound - Content,Pipeline,False,False,Open Source Alternative,,17,Schedule demo,Renewal,2024-12-05T00:00:00
1748,873,3,Pinnacle Services - New Business,Prospecting,1077011,2025-02-06,2024-12-15,Inbound - Web,Pipeline,False,False,CompetitorE,,40,Schedule demo,New Business,2024-12-15T00:00:00
1749,75,16,Optima Solutions - Initial License,Prospecting,31866,2024-10-10,2024-06-06,Product-Led,Pipeline,False,False,CompetitorA,,24,Contract signing,New Business,2024-06-06T00:00:00
1750,460,7,Velocity Networks - Initial License,Proposal,135092,2025-06-23,2024-12-31,Outbound - AE,Best Case,False,False,,,6,Send proposal,New Business,2024-12-31T00:00:00
1751,254,8,Global Holdings - Additional Seats,Qualification,14431,2023-11-08,2023-07-21,Inbound - Content,Best Case,False,False,CompetitorB,,47,Contract signing,Expansion,2023-07-21T00:00:00
1752,135,8,Acme Holdings - Initial License,Closed Lost,22696,2023-09-19,2023-03-29,Inbound - Content,Omitted,False,True,CompetitorB,Price,2,,New Business,2023-03-29T00:00:00
1753,700,12,Zenith Enterprises - Platform Deal,Discovery,192460,2024-06-30,2023-10-07,,Pipeline,False,False,CompetitorE,,59,Executive alignment,New Business,2023-10-07T00:00:00
1754,903,1,Apex Networks - Platform Deal,Qualification,80903,2024-12-20,2024-06-19,Inbound - Content,Best Case,False,False,CompetitorA,,2,Reference call,New Business,2024-06-19T00:00:00
1755,358,3,Summit Technologies - Platform Deal,Negotiation,423515,2022-11-04,2022-04-14,Event,Commit,False,False,,,44,Schedule demo,New Business,2022-04-14T00:00:00
1756,750,15,Vanguard Systems - Initial License,Closed Lost,48157,2024-12-31,2024-07-27,Inbound - Content,Omitted,False,True,,No Decision,42,,New Business,2024-07-27T00:00:00
1757,63,3,Vertex Corp - Platform Deal,Qualification,62086,2024-09-03,2024-07-04,Inbound - Web,Best Case,False,False,CompetitorE,,14,Schedule demo,New Business,2024-07-04T00:00:00
1758,703,11,Optima Platforms - New Business,Closed Lost,170602,2024-03-20,2023-10-16,Product-Led,Omitted,False,True,CompetitorE,Lost to Status Quo,16,,New Business,2023-10-16T00:00:00
1759,887,16,Summit Corp - Initial License,Prospecting,40139,2025-02-23,2024-12-31,Outbound - SDR,Pipeline,False,False,,,7,,New Business,2024-12-31T00:00:00
1760,425,7,Zenith Software - Initial License,Closed Lost,40336,2024-12-31,2024-10-31,Outbound - AE,Omitted,False,True,,Competitor,10,,New Business,2024-10-31T00:00:00
1761,4,9,Zenith Enterprises - New Business,Closed Lost,97183,2022-03-26,2021-10-29,Event,Omitted,False,True,CompetitorA,No Decision,37,,New Business,2021-10-29T00:00:00
1762,630,11,Quantum Holdings - New Business,Closed Lost,24303,2023-02-28,2022-10-01,Outbound - AE,Omitted,False,True,CompetitorC,Budget Cut,65,,New Business,2022-10-01T00:00:00
1763,464,14,Summit Enterprises - New Business,Closed Won,192106,2024-12-16,2024-08-05,Inbound - Web,Closed,True,True,,,49,,New Business,2024-08-05T00:00:00
1764,256,2,Summit Inc - Initial License,Qualification,8527,2022-09-16,2022-03-31,Outbound - AE,Best Case,False,False,,,11,Technical review,New Business,2022-03-31T00:00:00
1765,173,12,Synergy Enterprises - Platform Deal,Discovery,39793,2025-05-22,2024-11-07,Webinar,Pipeline,False,False,,,30,,New Business,2024-11-07T00:00:00
1766,931,7,Atlas Analytics - New Business,Proposal,21296,2025-07-31,2024-12-04,,Best Case,False,False,CompetitorD,,4,POC setup,New Business,2024-12-04T00:00:00
1767,353,7,Summit Technologies - New Business,Closed Lost,660756,2024-12-22,2024-10-12,Inbound - Web,Omitted,False,True,,Champion Left,21,,New Business,2024-10-12T00:00:00
1768,497,4,Vanguard Technologies - Initial License,Prospecting,28980,2023-02-05,2022-05-15,Partner Referral,Pipeline,False,False,,,16,Send proposal,New Business,2022-05-15T00:00:00
1769,492,9,Atlas Enterprises - New Business,Proposal,51710,2024-11-27,2024-06-07,Event,Best Case,False,False,,,14,,New Business,2024-06-07T00:00:00
1770,517,12,Nexus Solutions - Platform Deal,Qualification,72175,2024-07-15,2024-02-16,Event,Best Case,False,False,,,47,,New Business,2024-02-16T00:00:00
1771,296,7,Zenith Dynamics - Initial License,Prospecting,30273,2021-05-11,2021-02-16,Partner Referral,Pipeline,False,False,CompetitorB,,6,Send proposal,New Business,2021-02-16T00:00:00
1772,35,11,Acme Solutions - New Business,Closed Lost,28122,2022-12-29,2022-07-12,Product-Led,Omitted,False,True,Open Source Alternative,Budget Cut,53,,New Business,2022-07-12T00:00:00
1529,775,1,Zenith Services - Platform Deal,Closed Lost,47391,2024-12-31,2024-12-13,Inbound - Content,Omitted,False,True,CompetitorD,Competitor,5,,New Business,2024-12-13T00:00:00
1774,997,13,Apex Systems - Platform Deal,Closed Lost,9081,2024-12-31,2024-09-24,Webinar,Omitted,False,True,CompetitorD,Competitor,6,,New Business,2024-09-24T00:00:00
1775,477,3,Pinnacle Digital - Initial License,Qualification,429064,2023-03-03,2022-10-26,Webinar,Best Case,False,False,CompetitorB,,1,Schedule demo,New Business,2022-10-26T00:00:00
1776,454,9,Acme Labs - Initial License,Qualification,20884,2024-06-25,2023-11-23,Product-Led,Best Case,False,False,,,40,Technical review,New Business,2023-11-23T00:00:00
1777,719,3,Acme Digital - New Business,Closed Won,491605,2024-07-13,2024-04-07,Inbound - Content,Closed,True,True,CompetitorA,,10,,New Business,2024-04-07T00:00:00
1778,160,15,Summit Inc - New Business,Prospecting,95394,2024-05-14,2024-02-09,Outbound - SDR,Pipeline,False,False,CompetitorD,,33,Send proposal,New Business,2024-02-09T00:00:00
1779,754,8,Pacific Solutions - Initial License,Proposal,10889,2025-02-18,2024-10-26,Event,Best Case,False,False,CompetitorA,,60,Reference call,New Business,2024-10-26T00:00:00
1780,526,10,Apex Inc - Initial License,Discovery,8546,2023-04-04,2022-11-19,Partner Referral,Pipeline,False,False,,,10,Reference call,New Business,2022-11-19T00:00:00
1781,522,8,Nexus Platforms - Initial License,Closed Won,112323,2024-12-31,2024-08-30,Partner Referral,Closed,True,True,CompetitorD,,16,,New Business,2024-08-30T00:00:00
1782,479,5,Summit Enterprises - Initial License,Qualification,30950,2024-08-21,2023-12-03,Product-Led,Best Case,False,False,,,51,Executive alignment,New Business,2023-12-03T00:00:00
1783,761,16,Zenith Enterprises - Platform Deal,Proposal,77564,2025-01-20,2024-11-12,Webinar,Best Case,False,False,CompetitorC,,59,Technical review,New Business,2024-11-12T00:00:00
1784,904,1,Optima Holdings - Platform Deal,Negotiation,100644,2022-01-09,2021-06-27,Outbound - SDR,Commit,False,False,CompetitorB,,1,POC setup,New Business,2021-06-27T00:00:00
1785,126,11,Zenith Inc - Platform Deal,Prospecting,21643,2025-02-25,2024-12-12,Webinar,Pipeline,False,False,CompetitorE,,11,POC setup,New Business,2024-12-12T00:00:00
1786,291,16,Vertex Technologies - New Business,Closed Won,,2024-10-12,2024-08-31,Event,Closed,True,True,,,8,,New Business,2024-08-31T00:00:00
1787,853,1,Zenith Dynamics - Initial License,Prospecting,146050,2025-01-10,2024-10-23,Inbound - Content,Pipeline,False,False,Open Source Alternative,,35,Contract signing,New Business,2024-10-23T00:00:00
1788,995,9,Acme Corp - Platform Deal,Discovery,,2023-05-30,2023-04-04,Inbound - Content,Pipeline,False,False,CompetitorA,,49,Contract signing,New Business,2023-04-04T00:00:00
1789,533,14,Atlas Labs - Initial License,Discovery,20483,2020-11-05,2020-05-23,Inbound - Web,Pipeline,False,False,CompetitorA,,51,,New Business,2020-05-23T00:00:00
1790,461,1,Global Networks - Platform Deal,Discovery,430452,2023-06-02,2023-01-10,Product-Led,Pipeline,False,False,CompetitorC,,22,Legal review,New Business,2023-01-10T00:00:00
1791,608,13,Horizon Corp - Platform Deal,Closed Lost,37571,2023-12-18,2023-05-20,Webinar,Omitted,False,True,,Feature Gap,48,,New Business,2023-05-20T00:00:00
1792,136,12,Atlas Services - Initial License,Qualification,40657,2024-06-05,2024-01-06,Inbound - Content,Best Case,False,False,CompetitorB,,63,Contract signing,New Business,2024-01-06T00:00:00
1793,985,3,Vanguard Dynamics - Platform Deal,Qualification,149893,2024-11-30,2024-06-03,Partner Referral,Best Case,False,False,,,3,Executive alignment,New Business,2024-06-03T00:00:00
1794,344,16,Synergy Systems - Platform Deal,Negotiation,1010000,2024-11-20,2024-10-13,Outbound - AE,Commit,False,False,CompetitorC,,50,POC setup,New Business,2024-10-13T00:00:00
1795,800,14,Global Systems - Renewal,Closed Won,59228,2024-07-27,2024-06-07,Partner Referral,Closed,True,True,,,63,,Renewal,2024-06-07T00:00:00
1796,241,8,Zenith Partners - Platform Deal,Discovery,97569,2024-12-11,2024-11-02,Partner Referral,Pipeline,False,False,CompetitorE,,44,,New Business,2024-11-02T00:00:00
1797,172,15,Nexus Solutions - Platform Deal,Closed Lost,61424,2024-06-03,2024-04-11,Product-Led,Omitted,False,True,,Timing,8,,New Business,2024-04-11T00:00:00
1798,624,16,Apex Holdings - Initial License,Discovery,121356,2025-07-18,2024-11-07,,Pipeline,False,False,,,37,Legal review,New Business,2024-11-07T00:00:00
1799,921,14,Global Labs - New Business,Prospecting,19179,2025-05-24,2024-10-13,Webinar,Pipeline,False,False,CompetitorA,,15,,New Business,2024-10-13T00:00:00
1800,907,3,Vanguard Holdings - Platform Deal,Prospecting,165805,2025-01-07,2024-06-10,Inbound - Web,Pipeline,False,False,,,16,Reference call,New Business,2024-06-10T00:00:00
1801,39,3,Optima Corp - Platform Deal,Discovery,74922,2025-02-16,2024-12-20,Inbound - Content,Pipeline,False,False,,,6,Reference call,New Business,2024-12-20T00:00:00
1802,497,11,Vanguard Technologies - Platform Deal,Proposal,25922,2024-11-26,2024-08-07,Product-Led,Best Case,False,False,CompetitorD,,3,Technical review,New Business,2024-08-07T00:00:00
1803,192,12,Summit Inc - Platform Deal,Proposal,41317,2025-02-02,2024-05-29,Outbound - SDR,Best Case,False,False,,,66,Executive alignment,New Business,2024-05-29T00:00:00
1804,402,1,Global Dynamics - Initial License,Negotiation,50320,2024-12-25,2024-08-29,,Commit,False,False,Open Source Alternative,,36,Technical review,New Business,2024-08-29T00:00:00
1805,175,7,Fusion Analytics - Platform Deal,Proposal,111758,2024-11-24,2024-03-13,Outbound - SDR,Best Case,False,False,CompetitorA,,5,POC setup,New Business,2024-03-13T00:00:00
1806,785,12,Velocity Holdings - New Business,Negotiation,51483,2024-09-22,2024-07-11,Webinar,Commit,False,False,CompetitorB,,51,Reference call,New Business,2024-07-11T00:00:00
1807,788,5,Acme Solutions - Platform Deal,Discovery,6139,2025-04-25,2024-11-11,Inbound - Web,Pipeline,False,False,CompetitorD,,34,Schedule demo,New Business,2024-11-11T00:00:00
1808,105,10,Acme Digital - New Business,Prospecting,80768,2025-05-11,2024-12-06,Partner Referral,Pipeline,False,False,CompetitorB,,28,Send proposal,New Business,2024-12-06T00:00:00
1809,970,16,Catalyst Partners - Platform Deal,Closed Lost,112258,2024-12-31,2024-12-23,Product-Led,Omitted,False,True,CompetitorD,Budget Cut,13,,New Business,2024-12-23T00:00:00
1810,299,6,Horizon Enterprises - Initial License,Closed Lost,149741,2022-08-24,2022-03-06,Outbound - AE,Omitted,False,True,CompetitorB,Timing,48,,New Business,2022-03-06T00:00:00
1811,339,12,Zenith Group - Initial License,Discovery,15276,2024-03-27,2024-04-25,Outbound - AE,Pipeline,False,False,,,16,POC setup,New Business,2024-04-25T00:00:00
1812,192,12,Summit Inc - Initial License,Qualification,39466,2024-09-24,2024-05-16,Outbound - SDR,Best Case,False,False,CompetitorE,,52,Technical review,New Business,2024-05-16T00:00:00
1813,842,4,Quantum Software - New Business,Qualification,169083,2023-10-22,2023-02-08,Webinar,Best Case,False,False,CompetitorD,,59,Technical review,New Business,2023-02-08T00:00:00
1814,341,14,Acme Technologies - Platform Deal,Qualification,23109,2024-11-11,2024-08-16,Partner Referral,Best Case,False,False,,,54,Reference call,New Business,2024-08-16T00:00:00
1815,736,2,Horizon Dynamics - Initial License,Prospecting,67955,2025-05-27,2024-12-12,Outbound - AE,Pipeline,False,False,CompetitorE,,40,Executive alignment,New Business,2024-12-12T00:00:00
1816,487,9,Quantum Enterprises - Initial License,Closed Lost,20807,2023-05-13,2023-03-30,Partner Referral,Omitted,False,True,CompetitorA,Lost to Status Quo,46,,New Business,2023-03-30T00:00:00
1817,341,11,Acme Technologies - New Business,Prospecting,10369,2025-06-04,2024-10-06,Outbound - SDR,Pipeline,False,False,CompetitorC,,62,Legal review,New Business,2024-10-06T00:00:00
1818,311,5,Quantum Platforms - Platform Deal,Proposal,28722,2024-06-20,2023-10-06,Product-Led,Best Case,False,False,,,14,POC setup,New Business,2023-10-06T00:00:00
1819,594,13,Pinnacle Services - Initial License,Qualification,77289,2023-04-23,2023-03-06,Inbound - Web,Best Case,False,False,CompetitorE,,78,Contract signing,New Business,2023-03-06T00:00:00
1820,463,7,Zenith Labs - Platform Deal,Discovery,193500,2024-10-11,2024-06-12,Webinar,Pipeline,False,False,CompetitorD,,26,Reference call,New Business,2024-06-12T00:00:00
1821,602,16,Elevate Software - Initial License,Qualification,29181,2024-12-24,2024-07-06,Webinar,Best Case,False,False,,,61,Send proposal,New Business,2024-07-06T00:00:00
1822,365,8,Velocity Networks - Initial License,Negotiation,5216,2025-04-04,2024-12-30,Inbound - Web,Commit,False,False,,,36,,New Business,2024-12-30T00:00:00
1823,759,6,Atlas Dynamics - Initial License,Discovery,180016,2024-07-05,2023-10-24,Event,Pipeline,False,False,CompetitorB,,38,Reference call,New Business,2023-10-24T00:00:00
1824,280,8,Elevate Dynamics - New Business,Discovery,155940,2023-04-15,2023-03-04,Webinar,Pipeline,False,False,CompetitorE,,13,POC setup,New Business,2023-03-04T00:00:00
1825,348,14,Quantum Inc - Initial License,Prospecting,7670,2025-04-07,2024-11-21,Inbound - Web,Pipeline,False,False,,,67,,New Business,2024-11-21T00:00:00
1826,962,4,Vertex Digital - New Business,Closed Won,20554,2024-12-19,2024-09-07,Outbound - SDR,Closed,True,True,,,2,,New Business,2024-09-07T00:00:00
1827,808,13,Nexus Group - Platform Deal,Qualification,91451,2021-03-12,2020-08-09,Inbound - Web,Best Case,False,False,,,14,,New Business,2020-08-09T00:00:00
1828,606,3,Zenith Holdings - Initial License,Closed Won,46282,2024-12-24,2024-06-20,,Closed,True,True,,,23,,New Business,2024-06-20T00:00:00
1829,560,15,Summit Corp - Platform Deal,Discovery,23803,2025-06-21,2024-12-07,Product-Led,Pipeline,False,False,Open Source Alternative,,45,Send proposal,New Business,2024-12-07T00:00:00
1830,82,7,Apex Networks - New Business,Closed Lost,73784,2022-09-17,2022-05-27,Product-Led,Omitted,False,True,,Competitor,15,,New Business,2022-05-27T00:00:00
1831,980,13,Summit Technologies - Additional Seats,Discovery,7298,2024-07-07,2024-02-28,Outbound - AE,Pipeline,False,False,CompetitorE,,3,,Expansion,2024-02-28T00:00:00
1832,989,1,Horizon Networks - Platform Deal,Qualification,23814,2024-12-19,2024-06-17,Partner Referral,Best Case,False,False,CompetitorC,,37,Legal review,New Business,2024-06-17T00:00:00
1833,398,11,Velocity Digital - New Business,Discovery,17058,2024-03-09,2023-12-15,Outbound - AE,Pipeline,False,False,,,12,Contract signing,New Business,2023-12-15T00:00:00
1834,835,1,Atlas Holdings - Platform Deal,Closed Won,36183,2024-12-31,2024-11-19,Inbound - Content,Closed,True,True,CompetitorE,,21,,New Business,2024-11-19T00:00:00
1835,862,5,Apex Systems - Initial License,Qualification,29553,2023-01-18,2022-06-18,Inbound - Content,Best Case,False,False,,,46,Executive alignment,New Business,2022-06-18T00:00:00
446,909,12,Pinnacle Solutions - Contract Renewal,Qualification,57247,2024-12-02,2024-10-17,Inbound - Web,Best Case,False,False,CompetitorE,,54,Legal review,Renewal,2024-10-17T00:00:00
1564,631,9,Vanguard Corp - Platform Deal,Closed Won,159912,2024-10-06,2024-07-21,Product-Led,Closed,True,True,,,4,,New Business,2024-07-21T00:00:00
1838,447,6,Atlas Analytics - Initial License,Proposal,1123257,2021-04-20,2020-09-28,Partner Referral,Best Case,False,False,,,44,Send proposal,New Business,2020-09-28T00:00:00
1839,59,15,Atlas Labs - New Business,Qualification,15915,2024-09-28,2024-04-10,Event,Best Case,False,False,Open Source Alternative,,26,Technical review,New Business,2024-04-10T00:00:00
1840,511,16,Pacific Digital - Platform Deal,Negotiation,865456,2025-01-15,2024-11-29,Inbound - Web,Commit,False,False,CompetitorE,,9,Schedule demo,New Business,2024-11-29T00:00:00
1841,827,12,Atlas Networks - Platform Deal,Discovery,38310,2025-01-27,2024-12-05,Webinar,Pipeline,False,False,CompetitorC,,35,,New Business,2024-12-05T00:00:00
1842,849,12,Synergy Networks - New Business,Closed Lost,23590,2024-12-18,2024-08-07,Partner Referral,Omitted,False,True,CompetitorD,Feature Gap,66,,New Business,2024-08-07T00:00:00
1843,755,1,Atlas Holdings - Platform Deal,Prospecting,135954,2023-06-26,2023-04-20,Webinar,Pipeline,False,False,CompetitorA,,35,Technical review,New Business,2023-04-20T00:00:00
1844,395,8,Horizon Dynamics - New Business,Closed Lost,97409,2024-11-21,2024-06-09,Partner Referral,Omitted,False,True,CompetitorE,Price,45,,New Business,2024-06-09T00:00:00
1845,441,5,Summit Corp - Platform Deal,Qualification,8197,2023-02-27,2022-12-17,Inbound - Content,Best Case,False,False,Open Source Alternative,,60,Schedule demo,New Business,2022-12-17T00:00:00
1846,404,5,Horizon Corp - New Business,Discovery,48890,2025-06-14,2024-10-14,Event,Pipeline,False,False,,,2,Send proposal,New Business,2024-10-14T00:00:00
1847,157,15,Horizon Software - Platform Deal,Closed Lost,10560,2024-12-31,2024-11-30,Outbound - AE,Omitted,False,True,CompetitorD,Timing,5,,New Business,2024-11-30T00:00:00
1848,660,7,Vertex Labs - New Business,Qualification,37290,2024-09-08,2024-06-01,Outbound - AE,Best Case,False,False,CompetitorA,,12,Send proposal,New Business,2024-06-01T00:00:00
1849,100,8,Global Group - Platform Deal,Proposal,34622,2024-09-17,2024-07-16,,Best Case,False,False,CompetitorA,,60,Technical review,New Business,2024-07-16T00:00:00
1850,143,1,Velocity Dynamics - New Business,Qualification,43260,2025-03-28,2024-07-09,Partner Referral,Best Case,False,False,CompetitorB,,14,Executive alignment,New Business,2024-07-09T00:00:00
1851,388,15,Summit Services - Initial License,Prospecting,12867,2025-05-15,2024-12-26,Product-Led,Pipeline,False,False,,,8,Technical review,New Business,2024-12-26T00:00:00
1852,873,2,Pinnacle Services - Platform Deal,Discovery,,2021-12-03,2021-03-16,Outbound - AE,Pipeline,False,False,CompetitorB,,26,Executive alignment,New Business,2021-03-16T00:00:00
1853,307,4,Summit Software - Initial License,Proposal,39126,2025-06-28,2024-12-31,Inbound - Web,Best Case,False,False,CompetitorA,,24,Executive alignment,New Business,2024-12-31T00:00:00
1854,393,3,Global Services - Initial License,Qualification,589123,2025-03-12,2024-07-27,Outbound - AE,Best Case,False,False,CompetitorE,,45,Schedule demo,New Business,2024-07-27T00:00:00
1855,660,16,Vertex Labs - Platform Deal,Qualification,11031,2020-10-30,2020-04-05,Event,Best Case,False,False,CompetitorD,,54,Send proposal,New Business,2020-04-05T00:00:00
1856,805,7,Elevate Partners - Initial License,Qualification,49534,2025-06-07,2024-10-05,Webinar,Best Case,False,False,CompetitorC,,30,Reference call,New Business,2024-10-05T00:00:00
1857,390,1,Quantum Group - Initial License,Discovery,197091,2023-09-22,2023-02-11,Inbound - Content,Pipeline,False,False,CompetitorB,,21,Reference call,New Business,2023-02-11T00:00:00
1858,841,9,Pacific Inc - New Business,Discovery,25820,2022-08-10,2022-01-15,Inbound - Web,Pipeline,False,False,Open Source Alternative,,27,Legal review,New Business,2022-01-15T00:00:00
1859,369,15,Acme Software - New Business,Discovery,49072,2020-12-29,2020-07-21,Event,Pipeline,False,False,CompetitorE,,49,Send proposal,New Business,2020-07-21T00:00:00
1860,443,16,Elevate Technologies - Initial License,Prospecting,5614,2025-06-09,2024-12-11,Inbound - Content,Pipeline,False,False,CompetitorB,,53,POC setup,New Business,2024-12-11T00:00:00
1861,716,15,Nexus Networks - Initial License,Proposal,44517,2025-05-08,2024-12-15,Product-Led,Best Case,False,False,CompetitorE,,55,Schedule demo,New Business,2024-12-15T00:00:00
1862,581,16,Quantum Enterprises - Renewal,Proposal,34071,2025-03-22,2024-12-25,Webinar,Best Case,False,False,Open Source Alternative,,62,Schedule demo,Renewal,2024-12-25T00:00:00
1863,943,15,Atlas Group - New Business,Prospecting,33070,2025-02-14,2024-12-31,Event,Pipeline,False,False,,,43,Legal review,New Business,2024-12-31T00:00:00
1864,483,13,Elevate Group - Platform Deal,Prospecting,91349,2024-09-13,2024-05-17,Event,Pipeline,False,False,CompetitorA,,32,,New Business,2024-05-17T00:00:00
1865,384,5,Horizon Digital - Initial License,Closed Lost,28337,2024-12-18,2024-11-11,Event,Omitted,False,True,CompetitorC,Competitor,21,,New Business,2024-11-11T00:00:00
1866,639,16,Vertex Systems - Initial License,Proposal,491608,2024-12-07,2024-08-13,Outbound - SDR,Best Case,False,False,Open Source Alternative,,5,POC setup,New Business,2024-08-13T00:00:00
1867,488,5,Pinnacle Inc - Additional Seats,Discovery,13779,2025-02-01,2024-08-01,Event,Pipeline,False,False,,,35,Legal review,Expansion,2024-08-01T00:00:00
1868,930,7,Optima Corp - Initial License,Closed Lost,37439,2024-01-25,2023-11-19,Product-Led,Omitted,False,True,CompetitorA,Budget Cut,17,,New Business,2023-11-19T00:00:00
1869,850,5,Nexus Dynamics - Initial License,Closed Won,151843,2024-12-24,2024-08-03,,Closed,True,True,CompetitorC,,31,,New Business,2024-08-03T00:00:00
1870,783,1,Acme Software - Platform Deal,Prospecting,48593,2023-03-09,2022-09-08,Product-Led,Pipeline,False,False,CompetitorC,,21,Schedule demo,New Business,2022-09-08T00:00:00
1871,764,11,Global Inc - Initial License,Negotiation,66535,2025-02-02,2024-11-15,Event,Commit,False,False,CompetitorA,,49,Send proposal,New Business,2024-11-15T00:00:00
1872,430,12,Apex Corp - Platform Deal,Negotiation,485313,2025-07-24,2024-12-09,Inbound - Content,Commit,False,False,,,30,Executive alignment,New Business,2024-12-09T00:00:00
1873,942,1,Vanguard Corp - New Business,Proposal,84277,2023-03-07,2022-08-14,Webinar,Best Case,False,False,,,21,Executive alignment,New Business,2022-08-14T00:00:00
1874,854,7,Pinnacle Systems - Platform Deal,Closed Lost,10665,2021-12-29,2021-08-11,Outbound - SDR,Omitted,False,True,,Budget Cut,40,,New Business,2021-08-11T00:00:00
1875,96,15,Optima Holdings - New Business,Qualification,10777,2025-01-31,2024-10-01,Outbound - AE,Best Case,False,False,Open Source Alternative,,49,Executive alignment,New Business,2024-10-01T00:00:00
1876,730,7,Elevate Enterprises - New Business,Negotiation,44810,2024-10-16,2024-06-23,Outbound - AE,Commit,False,False,CompetitorE,,14,Legal review,New Business,2024-06-23T00:00:00
1877,295,2,Synergy Enterprises - New Business,Closed Lost,7384,2024-06-28,2024-02-02,Inbound - Web,Omitted,False,True,,Timing,2,,New Business,2024-02-02T00:00:00
1878,354,4,Synergy Software - New Business,Closed Lost,78749,2024-12-31,2024-11-13,Inbound - Web,Omitted,False,True,CompetitorA,Lost to Status Quo,48,,New Business,2024-11-13T00:00:00
1879,425,7,Zenith Software - Initial License,Closed Lost,21055,2024-12-31,2024-10-18,Outbound - SDR,Omitted,False,True,CompetitorA,No Decision,43,,New Business,2024-10-18T00:00:00
1880,633,11,Optima Services - Platform Deal,Prospecting,21920,2024-10-15,2024-09-07,Inbound - Web,Pipeline,False,False,,,7,Reference call,New Business,2024-09-07T00:00:00
1881,918,14,Nexus Holdings - Platform Deal,Closed Lost,,2024-12-31,2024-11-19,Inbound - Content,Omitted,False,True,,Feature Gap,49,,New Business,2024-11-19T00:00:00
1882,783,1,Acme Software - Initial License,Qualification,,2023-11-06,2023-07-09,Event,Best Case,False,False,CompetitorA,,24,Reference call,New Business,2023-07-09T00:00:00
1883,24,5,Synergy Software - Initial License,Prospecting,25644,2025-02-13,2024-07-17,Inbound - Content,Pipeline,False,False,,,1,Executive alignment,New Business,2024-07-17T00:00:00
1884,905,12,Nova Digital - Platform Deal,Prospecting,22092,2025-05-04,2024-12-04,Outbound - AE,Pipeline,False,False,CompetitorA,,50,Contract signing,New Business,2024-12-04T00:00:00
1885,287,2,Horizon Labs - Initial License,Qualification,26449,2022-02-01,2021-07-08,Outbound - AE,Best Case,False,False,CompetitorB,,35,,New Business,2021-07-08T00:00:00
1886,985,15,Vanguard Dynamics - Initial License,Prospecting,153103,2025-03-19,2024-08-12,Outbound - AE,Pipeline,False,False,CompetitorE,,7,,New Business,2024-08-12T00:00:00
1887,996,6,Quantum Enterprises - Platform Deal,Discovery,31708,2025-05-19,2024-12-07,Product-Led,Pipeline,False,False,,,46,,New Business,2024-12-07T00:00:00
1888,121,8,Fusion Technologies - Platform Deal,Prospecting,33436,2024-03-14,2023-09-17,,Pipeline,False,False,,,15,POC setup,New Business,2023-09-17T00:00:00
1889,919,15,Nexus Holdings - Initial License,Closed Lost,147370,2024-09-19,2024-08-23,,Omitted,False,True,,Timing,10,,New Business,2024-08-23T00:00:00
1890,732,9,Vanguard Holdings - Platform Deal,Closed Won,53204,2024-12-31,2024-10-29,Inbound - Content,Closed,True,True,CompetitorD,,10,,New Business,2024-10-29T00:00:00
1891,522,8,Nexus Platforms - Upsell,Qualification,13146,2024-11-17,2024-05-15,Event,Best Case,False,False,CompetitorE,,47,Contract signing,Expansion,2024-05-15T00:00:00
1892,302,5,Catalyst Partners - New Business,Closed Lost,95536,2020-09-19,2020-03-21,Partner Referral,Omitted,False,True,,Lost to Status Quo,4,,New Business,2020-03-21T00:00:00
1893,928,13,Quantum Inc - Initial License,Prospecting,48513,2025-02-27,2024-10-31,Outbound - SDR,Pipeline,False,False,CompetitorA,,18,,New Business,2024-10-31T00:00:00
1894,673,3,Optima Networks - New Business,Discovery,137349,2022-03-29,2021-10-27,Outbound - SDR,Pipeline,False,False,CompetitorD,,44,Reference call,New Business,2021-10-27T00:00:00
1895,37,2,Fusion Solutions - Platform Deal,Negotiation,156115,2021-01-16,2020-08-21,Event,Commit,False,False,CompetitorB,,17,POC setup,New Business,2020-08-21T00:00:00
1896,642,2,Optima Partners - Platform Deal,Discovery,106423,2025-09-08,2024-12-22,Event,Pipeline,False,False,CompetitorB,,32,Send proposal,New Business,2024-12-22T00:00:00
1897,129,11,Global Networks - Initial License,Negotiation,57447,2023-03-02,2022-10-14,Product-Led,Commit,False,False,CompetitorC,,51,Send proposal,New Business,2022-10-14T00:00:00
1898,944,16,Acme Networks - Initial License,Closed Lost,74289,2024-11-04,2024-09-14,Inbound - Web,Omitted,False,True,,Lost to Status Quo,58,,New Business,2024-09-14T00:00:00
1899,122,2,Elevate Dynamics - Initial License,Closed Lost,556426,2024-01-28,2023-10-20,Partner Referral,Omitted,False,True,,Feature Gap,32,,New Business,2023-10-20T00:00:00
1900,237,16,Catalyst Analytics - Initial License,Prospecting,38063,2024-12-28,2024-10-12,Outbound - AE,Pipeline,False,False,,,2,Technical review,New Business,2024-10-12T00:00:00
1901,783,4,Acme Software - Initial License,Prospecting,22223,2024-12-20,2024-10-02,Partner Referral,Pipeline,False,False,,,32,,New Business,2024-10-02T00:00:00
1902,501,4,Acme Digital - Initial License,Qualification,47006,2021-04-09,2021-03-01,,Best Case,False,False,CompetitorC,,11,,New Business,2021-03-01T00:00:00
1903,382,11,Elevate Holdings - Platform Deal,Closed Lost,45649,2024-12-31,2024-08-27,Partner Referral,Omitted,False,True,CompetitorA,Price,61,,New Business,2024-08-27T00:00:00
1904,166,4,Velocity Technologies - Initial License,Proposal,24757,2024-09-17,2024-06-09,Event,Best Case,False,False,CompetitorD,,2,Send proposal,New Business,2024-06-09T00:00:00
1905,15,13,Apex Analytics - Platform Deal,Proposal,158420,2025-06-16,2024-09-27,Outbound - AE,Best Case,False,False,CompetitorD,,36,Technical review,New Business,2024-09-27T00:00:00
1906,319,1,Apex Platforms - New Business,Closed Won,647546,2024-12-31,2024-10-23,Outbound - SDR,Closed,True,True,CompetitorA,,7,,New Business,2024-10-23T00:00:00
1907,430,15,Apex Corp - Initial License,Prospecting,1048251,2025-05-15,2024-11-30,Event,Pipeline,False,False,CompetitorB,,6,,New Business,2024-11-30T00:00:00
1908,832,9,Optima Digital - Initial License,Closed Lost,8030,2024-12-31,2024-10-28,Product-Led,Omitted,False,True,CompetitorA,Feature Gap,65,,New Business,2024-10-28T00:00:00
1909,134,11,Quantum Digital - Platform Deal,Discovery,26748,2022-11-05,2022-04-22,Product-Led,Pipeline,False,False,,,66,,New Business,2022-04-22T00:00:00
1910,836,11,Summit Analytics - Initial License,Closed Lost,19104,2024-12-31,2024-09-04,Inbound - Web,Omitted,False,True,CompetitorB,Price,17,,New Business,2024-09-04T00:00:00
1911,641,6,Velocity Services - New Business,Discovery,45640,2024-05-10,2023-10-30,,Pipeline,False,False,Open Source Alternative,,47,Send proposal,New Business,2023-10-30T00:00:00
1912,945,13,Global Systems - Platform Deal,Prospecting,41172,2024-11-14,2024-02-20,Product-Led,Pipeline,False,False,CompetitorE,,29,Contract signing,New Business,2024-02-20T00:00:00
1913,180,5,Zenith Corp - Platform Deal,Discovery,188894,2025-04-27,2024-12-17,Inbound - Content,Pipeline,False,False,CompetitorE,,31,Schedule demo,New Business,2024-12-17T00:00:00
1914,787,11,Velocity Corp - Initial License,Discovery,131059,2024-03-29,2023-11-15,Inbound - Content,Pipeline,False,False,,,3,Contract signing,New Business,2023-11-15T00:00:00
1915,977,2,Fusion Digital - Upsell,Proposal,226990,2024-11-25,2024-08-07,Event,Best Case,False,False,CompetitorE,,21,Executive alignment,Expansion,2024-08-07T00:00:00
1916,826,13,Atlas Analytics - Initial License,Closed Lost,8351,2024-09-17,2024-04-10,Outbound - AE,Omitted,False,True,CompetitorD,Feature Gap,3,,New Business,2024-04-10T00:00:00
1917,41,12,Nova Technologies - Initial License,Proposal,178217,2022-05-17,2021-12-21,Inbound - Web,Best Case,False,False,,,58,Reference call,New Business,2021-12-21T00:00:00
1918,380,1,Synergy Digital - New Business,Prospecting,699482,2024-12-11,2024-04-21,Event,Pipeline,False,False,CompetitorB,,43,Executive alignment,New Business,2024-04-21T00:00:00
1919,895,6,Synergy Services - New Business,Proposal,977266,2022-12-20,2022-09-01,Event,Best Case,False,False,CompetitorB,,25,Schedule demo,New Business,2022-09-01T00:00:00
1920,899,9,Global Solutions - New Business,Closed Lost,160223,2023-09-26,2023-06-05,Outbound - AE,Omitted,False,True,CompetitorA,Price,40,,New Business,2023-06-05T00:00:00
1921,173,3,Synergy Enterprises - Initial License,Proposal,14513,2024-10-01,2024-06-24,Inbound - Content,Best Case,False,False,,,12,Contract signing,New Business,2024-06-24T00:00:00
1922,738,12,Velocity Group - Initial License,Prospecting,532143,2024-03-22,2023-08-30,Inbound - Content,Pipeline,False,False,CompetitorE,,61,POC setup,New Business,2023-08-30T00:00:00
1923,832,15,Optima Digital - Platform Deal,Closed Lost,18091,2024-12-31,2024-11-03,Webinar,Omitted,False,True,CompetitorB,No Decision,8,,New Business,2024-11-03T00:00:00
1924,192,12,Summit Inc - New Business,Qualification,32635,2024-09-27,2024-05-04,Event,Best Case,False,False,CompetitorC,,64,,New Business,2024-05-04T00:00:00
1925,200,1,Nova Digital - Platform Deal,Closed Lost,164332,2024-09-09,2024-07-09,Outbound - SDR,Omitted,False,True,CompetitorA,Budget Cut,45,,New Business,2024-07-09T00:00:00
1926,479,4,Summit Enterprises - Platform Deal,Discovery,,2025-03-07,2024-06-20,Inbound - Web,Pipeline,False,False,CompetitorA,,25,Schedule demo,New Business,2024-06-20T00:00:00
1927,329,2,Optima Networks - New Business,Discovery,130279,2024-04-07,2024-01-31,Webinar,Pipeline,False,False,CompetitorE,,30,,New Business,2024-01-31T00:00:00
1928,425,7,Zenith Software - Initial License,Proposal,36244,2024-12-22,2024-04-30,Outbound - AE,Best Case,False,False,Open Source Alternative,,25,Contract signing,New Business,2024-04-30T00:00:00
1929,241,8,Zenith Partners - Platform Deal,Discovery,213782,2025-02-05,2024-12-03,Outbound - AE,Pipeline,False,False,Open Source Alternative,,56,Executive alignment,New Business,2024-12-03T00:00:00
1930,310,12,Velocity Corp - Platform Deal,Proposal,22209,2024-03-23,2023-09-16,Inbound - Web,Best Case,False,False,CompetitorE,,26,,New Business,2023-09-16T00:00:00
1931,439,1,Pacific Platforms - New Business,Proposal,70143,2022-07-12,2021-10-16,Inbound - Content,Best Case,False,False,,,6,Technical review,New Business,2021-10-16T00:00:00
1932,619,13,Pacific Networks - New Business,Closed Lost,14260,2023-07-26,2023-06-13,Inbound - Content,Omitted,False,True,CompetitorA,Timing,1,,New Business,2023-06-13T00:00:00
1933,623,12,Velocity Services - Platform Deal,Qualification,168957,2022-03-03,2021-10-11,Webinar,Best Case,False,False,CompetitorB,,60,Schedule demo,New Business,2021-10-11T00:00:00
1934,101,14,Global Dynamics - New Business,Closed Lost,49879,2023-06-25,2023-06-07,Inbound - Content,Omitted,False,True,CompetitorB,Budget Cut,25,,New Business,2023-06-07T00:00:00
1935,95,3,Optima Inc - New Business,Qualification,604283,2024-07-06,2024-08-02,Outbound - AE,Best Case,False,False,,,45,Contract signing,New Business,2024-08-02T00:00:00
1936,885,3,Pinnacle Inc - New Business,Discovery,137970,2020-10-11,2020-07-22,Outbound - SDR,Pipeline,False,False,CompetitorB,,17,Schedule demo,New Business,2020-07-22T00:00:00
1937,261,10,Nova Holdings - Platform Deal,Closed Lost,132834,2024-12-31,2024-11-05,Webinar,Omitted,False,True,CompetitorA,Competitor,21,,New Business,2024-11-05T00:00:00
1938,406,6,Vertex Corp - Initial License,Closed Lost,52005,2024-12-17,2024-08-07,Webinar,Omitted,False,True,CompetitorB,Lost to Status Quo,22,,New Business,2024-08-07T00:00:00
1939,181,16,Atlas Labs - Expansion,Closed Won,46632,2024-12-20,2024-09-09,Product-Led,Closed,True,True,CompetitorC,,14,,Expansion,2024-09-09T00:00:00
1940,492,9,Atlas Enterprises - Initial License,Qualification,33567,2024-10-15,2024-02-11,Outbound - SDR,Best Case,False,False,,,44,Contract signing,New Business,2024-02-11T00:00:00
1941,604,3,Nova Enterprises - New Business,Prospecting,174184,2025-04-20,2024-09-02,Inbound - Web,Pipeline,False,False,,,5,,New Business,2024-09-02T00:00:00
1942,756,7,Optima Services - New Business,Discovery,143407,2025-05-02,2024-10-06,Inbound - Content,Pipeline,False,False,,,51,Legal review,New Business,2024-10-06T00:00:00
1943,757,13,Acme Analytics - Platform Deal,Closed Lost,41329,2022-11-13,2022-06-17,Outbound - SDR,Omitted,False,True,CompetitorE,Timing,70,,New Business,2022-06-17T00:00:00
1944,689,16,Vanguard Holdings - Platform Deal,Discovery,103160,2025-03-22,2024-11-07,,Pipeline,False,False,,,27,,New Business,2024-11-07T00:00:00
1945,187,1,Velocity Networks - New Business,Negotiation,66991,2021-11-25,2021-04-15,Partner Referral,Commit,False,False,CompetitorD,,29,,New Business,2021-04-15T00:00:00
1946,716,15,Nexus Networks - Initial License,Closed Lost,5346,2024-12-31,2024-12-27,Event,Omitted,False,True,CompetitorA,Budget Cut,48,,New Business,2024-12-27T00:00:00
1947,978,7,Horizon Corp - New Business,Discovery,40916,2024-05-30,2023-10-05,Partner Referral,Pipeline,False,False,CompetitorB,,5,POC setup,New Business,2023-10-05T00:00:00
1948,526,6,Apex Inc - Platform Deal,Closed Won,9628,2023-06-28,2023-01-13,Partner Referral,Closed,True,True,CompetitorE,,24,,New Business,2023-01-13T00:00:00
1949,755,2,Atlas Holdings - Contract Renewal,Qualification,46568,2024-02-07,2023-05-14,Partner Referral,Best Case,False,False,Open Source Alternative,,41,Technical review,Renewal,2023-05-14T00:00:00
1950,327,4,Vanguard Enterprises - New Business,Qualification,15365,2024-10-31,2024-07-06,Inbound - Content,Best Case,False,False,CompetitorE,,27,Send proposal,New Business,2024-07-06T00:00:00
1951,124,12,Optima Technologies - Platform Deal,Discovery,976761,2023-10-01,2023-08-07,Partner Referral,Pipeline,False,False,,,34,Technical review,New Business,2023-08-07T00:00:00
1952,473,9,Pinnacle Enterprises - New Business,Proposal,38340,2024-12-07,2024-04-17,Product-Led,Best Case,False,False,CompetitorD,,53,Reference call,New Business,2024-04-17T00:00:00
1953,159,7,Horizon Analytics - Platform Deal,Closed Won,17259,2024-07-12,2024-04-12,Partner Referral,Closed,True,True,,,14,,New Business,2024-04-12T00:00:00
1954,14,16,Velocity Dynamics - New Business,Qualification,,2025-05-26,2024-09-08,Inbound - Web,Best Case,False,False,CompetitorC,,4,Send proposal,New Business,2024-09-08T00:00:00
1955,971,15,Elevate Holdings - New Business,Closed Lost,43579,2023-06-22,2023-04-04,,Omitted,False,True,CompetitorA,Price,35,,New Business,2023-04-04T00:00:00
1956,311,5,Quantum Platforms - Initial License,Prospecting,22967,2025-05-10,2024-12-20,,Pipeline,False,False,CompetitorD,,58,Contract signing,New Business,2024-12-20T00:00:00
1957,757,13,Acme Analytics - Platform Deal,Discovery,33470,2021-03-23,2021-01-30,Product-Led,Pipeline,False,False,,,51,Legal review,New Business,2021-01-30T00:00:00
1958,661,9,Velocity Systems - New Business,Closed Lost,134926,2022-01-27,2021-10-05,Product-Led,Omitted,False,True,CompetitorE,Price,55,,New Business,2021-10-05T00:00:00
1959,506,10,Catalyst Holdings - Initial License,Discovery,9389,2024-06-15,2024-01-21,Webinar,Pipeline,False,False,CompetitorE,,8,Schedule demo,New Business,2024-01-21T00:00:00
1960,754,13,Pacific Solutions - Platform Deal,Qualification,9234,2024-02-24,2023-07-12,Product-Led,Best Case,False,False,CompetitorD,,66,POC setup,New Business,2023-07-12T00:00:00
1961,907,12,Vanguard Holdings - New Business,Discovery,164714,2024-04-23,2024-05-12,Inbound - Web,Pipeline,False,False,Open Source Alternative,,41,Schedule demo,New Business,2024-05-12T00:00:00
1962,208,8,Fusion Digital - Platform Deal,Negotiation,43708,2023-12-30,2023-07-29,Inbound - Web,Commit,False,False,CompetitorE,,18,,New Business,2023-07-29T00:00:00
1963,237,13,Catalyst Analytics - Initial License,Prospecting,40919,2025-05-28,2024-12-13,Product-Led,Pipeline,False,False,Open Source Alternative,,60,Contract signing,New Business,2024-12-13T00:00:00
1964,798,7,Synergy Solutions - Platform Deal,Discovery,175736,2025-01-09,2024-12-05,Partner Referral,Pipeline,False,False,CompetitorC,,50,,New Business,2024-12-05T00:00:00
1965,556,13,Nexus Labs - New Business,Qualification,69381,2025-05-29,2024-10-02,,Best Case,False,False,,,54,,New Business,2024-10-02T00:00:00
1966,806,14,Atlas Services - Platform Deal,Prospecting,40120,2024-02-27,2023-10-20,Outbound - AE,Pipeline,False,False,CompetitorB,,4,Reference call,New Business,2023-10-20T00:00:00
1967,841,9,Pacific Inc - Platform Deal,Prospecting,43538,2022-11-19,2022-02-24,Partner Referral,Pipeline,False,False,CompetitorD,,19,Contract signing,New Business,2022-02-24T00:00:00
1968,102,10,Summit Services - Initial License,Closed Lost,32205,2024-12-31,2024-08-22,,Omitted,False,True,CompetitorB,Competitor,32,,New Business,2024-08-22T00:00:00
1969,345,16,Zenith Partners - Additional Seats,Closed Lost,64210,2024-12-31,2024-09-06,Inbound - Web,Omitted,False,True,,Budget Cut,36,,Expansion,2024-09-06T00:00:00
1970,644,9,Elevate Group - New Business,Proposal,41471,2023-11-27,2023-09-08,Product-Led,Best Case,False,False,CompetitorC,,15,Schedule demo,New Business,2023-09-08T00:00:00
1625,619,13,Pacific Networks - Platform Deal,Closed Lost,37686,2024-03-19,2023-06-03,Product-Led,Omitted,False,True,CompetitorA,Champion Left,53,,New Business,2023-06-03T00:00:00
1972,433,11,Pacific Holdings - New Business,Proposal,51887,2024-05-02,2023-09-04,Outbound - SDR,Best Case,False,False,,,42,Reference call,New Business,2023-09-04T00:00:00
1973,595,9,Apex Technologies - Initial License,Proposal,32414,2024-04-10,2023-09-30,Partner Referral,Best Case,False,False,CompetitorE,,47,Technical review,New Business,2023-09-30T00:00:00
1974,396,5,Synergy Inc - Initial License,Discovery,11435,2023-11-24,2023-03-29,Product-Led,Pipeline,False,False,CompetitorA,,16,Reference call,New Business,2023-03-29T00:00:00
1975,622,7,Nova Enterprises - Initial License,Qualification,7962,2025-03-26,2024-11-28,Webinar,Best Case,False,False,,,5,Contract signing,New Business,2024-11-28T00:00:00
1976,911,4,Global Solutions - Initial License,Discovery,46223,2024-11-05,2024-06-10,Inbound - Web,Pipeline,False,False,CompetitorD,,42,Technical review,New Business,2024-06-10T00:00:00
1977,507,13,Nova Services - Initial License,Prospecting,43121,2025-09-07,2024-12-16,Partner Referral,Pipeline,False,False,Open Source Alternative,,26,POC setup,New Business,2024-12-16T00:00:00
1978,931,5,Atlas Analytics - New Business,Discovery,35440,2025-03-30,2024-12-04,Partner Referral,Pipeline,False,False,CompetitorB,,23,Reference call,New Business,2024-12-04T00:00:00
1979,784,13,Synergy Systems - New Business,Negotiation,179410,2025-05-27,2024-09-13,Inbound - Web,Commit,False,False,CompetitorD,,47,Legal review,New Business,2024-09-13T00:00:00
1980,675,9,Pacific Platforms - Platform Deal,Discovery,29471,2024-07-11,2024-04-10,Product-Led,Pipeline,False,False,,,37,,New Business,2024-04-10T00:00:00
1981,926,13,Summit Digital - Platform Deal,Discovery,36193,2022-12-01,2022-04-12,Outbound - AE,Pipeline,False,False,CompetitorA,,38,,New Business,2022-04-12T00:00:00
1982,479,4,Summit Enterprises - Initial License,Negotiation,33822,2025-04-01,2024-11-16,Outbound - AE,Commit,False,False,CompetitorC,,48,Contract signing,New Business,2024-11-16T00:00:00
1983,444,9,Catalyst Analytics - Upsell,Qualification,9148,2021-04-02,2020-10-24,Webinar,Best Case,False,False,,,8,Contract signing,Expansion,2020-10-24T00:00:00
1984,739,14,Velocity Corp - Upsell,Discovery,22158,2025-03-02,2024-12-14,Outbound - SDR,Pipeline,False,False,CompetitorC,,5,,Expansion,2024-12-14T00:00:00
1985,833,15,Pinnacle Software - New Business,Closed Lost,114813,2024-12-31,2024-12-12,Inbound - Content,Omitted,False,True,,Lost to Status Quo,32,,New Business,2024-12-12T00:00:00
1986,158,7,Apex Corp - Initial License,Closed Won,131941,2024-11-19,2024-07-04,Partner Referral,Closed,True,True,CompetitorB,,45,,New Business,2024-07-04T00:00:00
1987,85,6,Velocity Platforms - Initial License,Closed Lost,151491,2021-03-30,2020-10-03,Product-Led,Omitted,False,True,CompetitorB,Champion Left,19,,New Business,2020-10-03T00:00:00
1988,345,16,Zenith Partners - New Business,Proposal,230197,2025-06-12,2024-09-22,Inbound - Web,Best Case,False,False,CompetitorC,,39,Contract signing,New Business,2024-09-22T00:00:00
1989,621,2,Nexus Group - New Business,Closed Won,183938,2024-12-05,2024-11-03,Inbound - Web,Closed,True,True,,,17,,New Business,2024-11-03T00:00:00
1990,401,15,Nova Technologies - Initial License,Proposal,39104,2025-01-12,2024-09-11,Outbound - AE,Best Case,False,False,CompetitorC,,54,Reference call,New Business,2024-09-11T00:00:00
1991,528,11,Nova Systems - Initial License,Qualification,167351,2024-08-16,2024-03-04,Event,Best Case,False,False,CompetitorC,,11,Technical review,New Business,2024-03-04T00:00:00
1992,467,9,Pacific Inc - Initial License,Closed Won,660907,2024-12-31,2024-12-09,Webinar,Closed,True,True,CompetitorD,,50,,New Business,2024-12-09T00:00:00
1993,780,13,Fusion Dynamics - Platform Deal,Proposal,164369,2023-06-07,2023-05-08,Inbound - Content,Best Case,False,False,CompetitorC,,70,Technical review,New Business,2023-05-08T00:00:00
1994,17,3,Vanguard Inc - New Business,Qualification,17308,2024-01-26,2023-12-03,Partner Referral,Best Case,False,False,CompetitorD,,36,Schedule demo,New Business,2023-12-03T00:00:00
1995,651,5,Apex Corp - Platform Deal,Discovery,43729,2025-04-05,2024-12-10,Product-Led,Pipeline,False,False,CompetitorA,,39,Reference call,New Business,2024-12-10T00:00:00
1996,12,4,Elevate Inc - New Business,Discovery,159082,2025-07-07,2024-12-06,Inbound - Web,Pipeline,False,False,CompetitorB,,43,Executive alignment,New Business,2024-12-06T00:00:00
1997,767,5,Pinnacle Inc - Contract Renewal,Prospecting,34203,2025-01-11,2024-07-11,Inbound - Content,Pipeline,False,False,CompetitorA,,21,Schedule demo,Renewal,2024-07-11T00:00:00
1998,868,2,Zenith Group - Platform Deal,Closed Lost,202270,2024-09-17,2024-03-10,Inbound - Web,Omitted,False,True,CompetitorE,Lost to Status Quo,6,,New Business,2024-03-10T00:00:00
1999,328,16,Catalyst Holdings - Initial License,Qualification,36702,2025-02-17,2024-10-07,Event,Best Case,False,False,CompetitorB,,1,Contract signing,New Business,2024-10-07T00:00:00
2000,86,9,Velocity Inc - Platform Deal,Proposal,126647,2023-03-28,2022-12-08,Webinar,Best Case,False,False,CompetitorB,,12,Legal review,New Business,2022-12-08T00:00:00
2001,143,5,Velocity Dynamics - Initial License,Qualification,30665,2025-01-19,2024-09-07,Outbound - AE,Best Case,False,False,,,60,Reference call,New Business,2024-09-07T00:00:00
2002,352,14,Global Dynamics - Initial License,Qualification,32562,2024-05-16,2024-02-09,Inbound - Web,Best Case,False,False,CompetitorE,,77,Schedule demo,New Business,2024-02-09T00:00:00
2003,605,11,Catalyst Software - New Business,Qualification,17900,2024-04-24,2024-01-25,Outbound - SDR,Best Case,False,False,CompetitorD,,59,POC setup,New Business,2024-01-25T00:00:00
2004,491,15,Horizon Partners - Initial License,Proposal,10867,2023-05-16,2023-01-30,Outbound - SDR,Best Case,False,False,Open Source Alternative,,27,Send proposal,New Business,2023-01-30T00:00:00
2005,220,16,Apex Analytics - Platform Deal,Closed Won,390082,2023-03-18,2022-11-09,Inbound - Web,Closed,True,True,CompetitorE,,5,,New Business,2022-11-09T00:00:00
2006,350,11,Summit Dynamics - Initial License,Qualification,28610,2023-12-10,2023-08-08,Inbound - Web,Best Case,False,False,,,42,,New Business,2023-08-08T00:00:00
2007,545,10,Nova Analytics - New Business,Qualification,9830,2025-01-14,2024-09-27,Partner Referral,Best Case,False,False,,,10,Contract signing,New Business,2024-09-27T00:00:00
2008,153,11,Nexus Technologies - Initial License,Qualification,14543,2022-04-05,2021-10-14,Outbound - AE,Best Case,False,False,,,10,Contract signing,New Business,2021-10-14T00:00:00
2009,735,13,Nova Labs - New Business,Closed Lost,167225,2024-12-31,2024-12-08,Outbound - SDR,Omitted,False,True,CompetitorE,Competitor,65,,New Business,2024-12-08T00:00:00
2010,602,16,Elevate Software - Platform Deal,Closed Won,15996,2024-12-31,2024-11-15,Partner Referral,Closed,True,True,CompetitorE,,23,,New Business,2024-11-15T00:00:00
113,420,16,Synergy Group - New Business,Discovery,5343,2025-05-27,2024-12-30,Outbound - SDR,Pipeline,False,False,Open Source Alternative,,16,Reference call,New Business,2024-12-30T00:00:00
2012,103,14,Quantum Technologies - Platform Deal,Qualification,96317,2022-10-09,2022-05-29,Event,Best Case,False,False,CompetitorA,,28,Schedule demo,New Business,2022-05-29T00:00:00
2013,487,11,Quantum Enterprises - Platform Deal,Qualification,10477,2024-04-20,2024-02-11,Partner Referral,Best Case,False,False,,,67,Reference call,New Business,2024-02-11T00:00:00
2014,157,15,Horizon Software - Initial License,Qualification,24510,2025-07-06,2024-12-01,Partner Referral,Best Case,False,False,CompetitorE,,62,Technical review,New Business,2024-12-01T00:00:00
2015,328,14,Catalyst Holdings - New Business,Negotiation,53170,2025-06-14,2024-10-08,Inbound - Content,Commit,False,False,Open Source Alternative,,12,,New Business,2024-10-08T00:00:00
2016,186,5,Pacific Networks - Initial License,Discovery,161531,2025-07-09,2024-10-16,Inbound - Web,Pipeline,False,False,CompetitorA,,32,POC setup,New Business,2024-10-16T00:00:00
2017,737,11,Atlas Solutions - New Business,Discovery,16927,2024-10-09,2024-07-05,Outbound - AE,Pipeline,False,False,CompetitorE,,17,Reference call,New Business,2024-07-05T00:00:00
2018,499,3,Vertex Corp - New Business,Prospecting,68024,2025-03-21,2024-11-06,Event,Pipeline,False,False,CompetitorA,,29,Send proposal,New Business,2024-11-06T00:00:00
2019,630,5,Quantum Holdings - Initial License,Negotiation,46835,2022-07-19,2021-12-07,Webinar,Commit,False,False,CompetitorD,,50,POC setup,New Business,2021-12-07T00:00:00
2020,317,13,Global Labs - New Business,Prospecting,172979,2023-10-03,2023-08-13,Webinar,Pipeline,False,False,Open Source Alternative,,24,Legal review,New Business,2023-08-13T00:00:00
2021,891,16,Pacific Systems - Platform Deal,Proposal,181111,2025-03-08,2024-09-28,Product-Led,Best Case,False,False,CompetitorC,,59,Executive alignment,New Business,2024-09-28T00:00:00
2022,789,4,Acme Inc - Platform Deal,Qualification,39272,2025-09-02,2024-12-15,Outbound - SDR,Best Case,False,False,,,4,Technical review,New Business,2024-12-15T00:00:00
2023,108,5,Vertex Platforms - New Business,Closed Lost,28912,2024-12-31,2024-12-23,,Omitted,False,True,CompetitorC,Competitor,2,,New Business,2024-12-23T00:00:00
2024,713,9,Quantum Group - Initial License,Closed Lost,115059,2024-07-18,2024-03-17,Inbound - Web,Omitted,False,True,Open Source Alternative,Price,21,,New Business,2024-03-17T00:00:00
2025,904,7,Optima Holdings - New Business,Negotiation,188597,2024-11-07,2024-04-18,Partner Referral,Commit,False,False,CompetitorA,,9,Technical review,New Business,2024-04-18T00:00:00
2026,8,10,Velocity Holdings - Platform Deal,Qualification,19291,2024-11-21,2024-08-14,Inbound - Content,Best Case,False,False,,,30,Send proposal,New Business,2024-08-14T00:00:00
2027,815,11,Nova Systems - New Business,Closed Won,175185,2024-12-31,2024-11-28,Partner Referral,Closed,True,True,CompetitorB,,45,,New Business,2024-11-28T00:00:00
2028,853,3,Zenith Dynamics - Platform Deal,Discovery,175286,2024-10-10,2024-08-02,Outbound - AE,Pipeline,False,False,CompetitorD,,33,Legal review,New Business,2024-08-02T00:00:00
2029,853,1,Zenith Dynamics - New Business,Proposal,218588,2025-03-06,2024-09-15,Inbound - Web,Best Case,False,False,CompetitorB,,4,Legal review,New Business,2024-09-15T00:00:00
2030,527,13,Synergy Dynamics - Initial License,Closed Lost,75581,2024-03-17,2023-10-30,Outbound - SDR,Omitted,False,True,CompetitorA,Feature Gap,5,,New Business,2023-10-30T00:00:00
2031,275,3,Acme Partners - New Business,Closed Lost,741785,2024-09-16,2024-07-17,Product-Led,Omitted,False,True,CompetitorC,Lost to Status Quo,8,,New Business,2024-07-17T00:00:00
2032,592,1,Elevate Partners - New Business,Qualification,318560,2025-04-05,2024-07-28,Event,Best Case,False,False,,,44,POC setup,New Business,2024-07-28T00:00:00
2033,655,10,Zenith Analytics - Platform Deal,Closed Lost,,2024-12-31,2024-12-27,Product-Led,Omitted,False,True,CompetitorC,Competitor,51,,New Business,2024-12-27T00:00:00
2034,651,5,Apex Corp - Initial License,Qualification,52921,2023-06-23,2023-05-17,Webinar,Best Case,False,False,CompetitorD,,27,,New Business,2023-05-17T00:00:00
2035,224,10,Velocity Inc - Initial License,Proposal,,2025-03-02,2024-11-21,Partner Referral,Best Case,False,False,CompetitorB,,64,,New Business,2024-11-21T00:00:00
2036,668,10,Summit Software - New Business,Closed Lost,62786,2023-09-19,2023-05-09,Webinar,Omitted,False,True,CompetitorB,Price,23,,New Business,2023-05-09T00:00:00
2037,818,1,Pacific Digital - Initial License,Discovery,141777,2024-10-23,2024-04-05,Product-Led,Pipeline,False,False,Open Source Alternative,,44,Reference call,New Business,2024-04-05T00:00:00
2038,856,12,Vertex Digital - New Business,Proposal,45531,2024-04-06,2023-11-02,Outbound - AE,Best Case,False,False,CompetitorA,,67,Technical review,New Business,2023-11-02T00:00:00
2039,196,5,Global Networks - New Business,Proposal,42886,2021-10-16,2021-05-15,Outbound - SDR,Best Case,False,False,Open Source Alternative,,36,Schedule demo,New Business,2021-05-15T00:00:00
2040,798,1,Synergy Solutions - Initial License,Qualification,152593,2025-04-19,2024-10-06,Partner Referral,Best Case,False,False,CompetitorC,,20,Legal review,New Business,2024-10-06T00:00:00
2041,873,3,Pinnacle Services - Initial License,Closed Lost,478582,2021-03-27,2020-12-24,Outbound - AE,Omitted,False,True,CompetitorA,Competitor,39,,New Business,2020-12-24T00:00:00
2042,32,12,Global Services - Platform Deal,Prospecting,34548,2023-01-15,2022-07-16,Inbound - Web,Pipeline,False,False,CompetitorA,,45,Executive alignment,New Business,2022-07-16T00:00:00
2043,964,13,Fusion Inc - Initial License,Closed Lost,29726,2021-02-09,2020-10-05,Outbound - AE,Omitted,False,True,,Timing,76,,New Business,2020-10-05T00:00:00
2044,975,12,Optima Systems - Initial License,Prospecting,43631,2024-10-17,2024-03-09,Inbound - Web,Pipeline,False,False,CompetitorE,,51,,New Business,2024-03-09T00:00:00
2045,272,6,Summit Dynamics - Platform Deal,Negotiation,24897,2024-10-02,2024-05-11,Partner Referral,Commit,False,False,Open Source Alternative,,51,Technical review,New Business,2024-05-11T00:00:00
2046,613,10,Vanguard Dynamics - Initial License,Proposal,44854,2023-07-14,2023-02-07,Webinar,Best Case,False,False,,,62,Legal review,New Business,2023-02-07T00:00:00
2047,22,15,Fusion Holdings - Platform Deal,Qualification,10705,2025-08-19,2024-12-10,Webinar,Best Case,False,False,,,56,Executive alignment,New Business,2024-12-10T00:00:00
2048,307,16,Summit Software - Renewal,Discovery,30871,2025-01-09,2024-10-05,Outbound - AE,Pipeline,False,False,Open Source Alternative,,33,Technical review,Renewal,2024-10-05T00:00:00
2049,573,1,Quantum Networks - New Business,Qualification,601007,2025-01-29,2024-12-24,Inbound - Web,Best Case,False,False,CompetitorA,,1,Executive alignment,New Business,2024-12-24T00:00:00
2050,352,14,Global Dynamics - New Business,Proposal,24310,2024-08-22,2024-01-29,Outbound - AE,Best Case,False,False,CompetitorC,,12,,New Business,2024-01-29T00:00:00
2051,483,5,Elevate Group - New Business,Discovery,135256,2025-03-26,2024-10-13,Partner Referral,Pipeline,False,False,,,5,,New Business,2024-10-13T00:00:00
2052,884,11,Global Partners - New Business,Discovery,25369,2024-10-20,2024-02-09,Inbound - Content,Pipeline,False,False,CompetitorE,,19,POC setup,New Business,2024-02-09T00:00:00
2053,925,6,Zenith Technologies - Initial License,Negotiation,9868,2024-12-07,2024-08-22,Inbound - Content,Commit,False,False,CompetitorB,,13,Schedule demo,New Business,2024-08-22T00:00:00
2054,938,3,Global Dynamics - Initial License,Closed Lost,69707,2024-09-25,2024-06-02,Webinar,Omitted,False,True,CompetitorD,Feature Gap,35,,New Business,2024-06-02T00:00:00
2055,806,14,Atlas Services - Initial License,Discovery,6550,2024-10-13,2024-01-18,Product-Led,Pipeline,False,False,,,8,Executive alignment,New Business,2024-01-18T00:00:00
2056,79,12,Apex Software - Initial License,Qualification,45571,2025-01-18,2024-11-09,Inbound - Content,Best Case,False,False,CompetitorC,,10,POC setup,New Business,2024-11-09T00:00:00
193,639,16,Vertex Systems - Initial License,Proposal,317683,2025-02-28,2024-08-10,Event,Best Case,False,False,,,38,POC setup,New Business,2024-08-10T00:00:00
2058,629,8,Elevate Analytics - Initial License,Discovery,99107,2023-09-04,2023-07-28,Product-Led,Pipeline,False,False,,,31,Executive alignment,New Business,2023-07-28T00:00:00
2059,668,13,Summit Software - New Business,Closed Lost,24708,2024-05-08,2024-02-12,Inbound - Content,Omitted,False,True,CompetitorA,Competitor,54,,New Business,2024-02-12T00:00:00
2060,728,16,Global Digital - New Business,Prospecting,30202,2025-07-27,2024-11-10,Partner Referral,Pipeline,False,False,,,55,,New Business,2024-11-10T00:00:00
2061,369,2,Acme Software - New Business,Discovery,15562,2021-08-05,2020-11-11,Outbound - AE,Pipeline,False,False,CompetitorC,,27,Executive alignment,New Business,2020-11-11T00:00:00
2062,167,7,Vanguard Software - Platform Deal,Discovery,21222,2025-03-18,2024-08-06,Outbound - SDR,Pipeline,False,False,CompetitorE,,25,Schedule demo,New Business,2024-08-06T00:00:00
2063,940,8,Vertex Inc - New Business,Proposal,857380,2023-01-10,2022-08-12,Outbound - SDR,Best Case,False,False,CompetitorB,,27,Executive alignment,New Business,2022-08-12T00:00:00
2064,263,16,Pinnacle Partners - New Business,Closed Lost,151630,2024-12-24,2024-06-24,Inbound - Web,Omitted,False,True,CompetitorC,No Decision,48,,New Business,2024-06-24T00:00:00
2065,210,10,Apex Platforms - Platform Deal,Qualification,68700,2024-10-12,2024-07-06,Outbound - SDR,Best Case,False,False,CompetitorD,,32,Send proposal,New Business,2024-07-06T00:00:00
2066,585,12,Pacific Group - Platform Deal,Prospecting,20393,2023-06-22,2023-05-05,Product-Led,Pipeline,False,False,Open Source Alternative,,67,POC setup,New Business,2023-05-05T00:00:00
2067,602,13,Elevate Software - Initial License,Qualification,8571,2025-01-04,2024-10-11,Partner Referral,Best Case,False,False,,,41,Executive alignment,New Business,2024-10-11T00:00:00
2068,3,1,Pacific Platforms - Initial License,Negotiation,548016,2023-02-14,2022-06-06,Inbound - Content,Commit,False,False,CompetitorC,,10,,New Business,2022-06-06T00:00:00
2069,297,8,Horizon Corp - Initial License,Discovery,168382,2024-12-18,2024-10-18,Webinar,Pipeline,False,False,CompetitorE,,56,Executive alignment,New Business,2024-10-18T00:00:00
2070,170,1,Nova Analytics - New Business,Qualification,145857,2024-12-12,2024-07-13,Inbound - Content,Best Case,False,False,CompetitorE,,12,Schedule demo,New Business,2024-07-13T00:00:00
2071,132,4,Vanguard Labs - Initial License,Closed Lost,337830,2023-12-27,2023-04-19,Outbound - AE,Omitted,False,True,CompetitorB,Price,59,,New Business,2023-04-19T00:00:00
2072,569,10,Nova Corp - Initial License,Closed Lost,56637,2023-09-18,2023-04-22,Outbound - AE,Omitted,False,True,CompetitorC,No Decision,46,,New Business,2023-04-22T00:00:00
2073,39,3,Optima Corp - Initial License,Proposal,85015,2021-11-05,2021-03-10,Outbound - AE,Best Case,False,False,Open Source Alternative,,41,Contract signing,New Business,2021-03-10T00:00:00
2074,804,14,Quantum Software - Initial License,Negotiation,16246,2024-07-16,2024-02-03,Outbound - AE,Commit,False,False,,,25,Executive alignment,New Business,2024-02-03T00:00:00
2075,72,1,Pacific Corp - New Business,Prospecting,,2022-12-14,2022-05-08,Webinar,Pipeline,False,False,CompetitorD,,33,,New Business,2022-05-08T00:00:00
2076,880,13,Horizon Inc - New Business,Closed Lost,6955,2024-03-27,2023-07-06,Inbound - Web,Omitted,False,True,CompetitorA,Price,28,,New Business,2023-07-06T00:00:00
2077,187,16,Velocity Networks - Initial License,Prospecting,93633,2024-03-19,2023-09-05,Inbound - Content,Pipeline,False,False,,,50,Send proposal,New Business,2023-09-05T00:00:00
2078,888,3,Zenith Digital - Platform Deal,Qualification,49027,2024-10-21,2024-03-20,Product-Led,Best Case,False,False,CompetitorE,,23,POC setup,New Business,2024-03-20T00:00:00
2079,717,16,Nexus Inc - Initial License,Discovery,43258,2025-05-08,2024-12-04,Inbound - Web,Pipeline,False,False,CompetitorB,,3,,New Business,2024-12-04T00:00:00
2080,246,16,Atlas Inc - New Business,Closed Lost,195417,2024-08-26,2024-08-06,Inbound - Web,Omitted,False,True,CompetitorD,Champion Left,66,,New Business,2024-08-06T00:00:00
2081,953,3,Zenith Holdings - Initial License,Discovery,58737,2023-06-21,2023-04-27,Webinar,Pipeline,False,False,Open Source Alternative,,17,Executive alignment,New Business,2023-04-27T00:00:00
2082,685,2,Synergy Systems - New Business,Qualification,190827,2025-03-06,2024-12-13,Partner Referral,Best Case,False,False,CompetitorA,,35,Technical review,New Business,2024-12-13T00:00:00
2083,668,7,Summit Software - Initial License,Closed Lost,167214,2024-12-31,2024-11-13,Webinar,Omitted,False,True,,Champion Left,29,,New Business,2024-11-13T00:00:00
2084,985,15,Vanguard Dynamics - Upsell,Qualification,65266,2025-02-04,2024-08-07,Inbound - Web,Best Case,False,False,CompetitorB,,23,Reference call,Expansion,2024-08-07T00:00:00
2085,214,12,Summit Digital - Platform Deal,Negotiation,45737,2024-11-03,2024-04-19,Event,Commit,False,False,CompetitorE,,20,Reference call,New Business,2024-04-19T00:00:00
2086,792,9,Nova Solutions - Platform Deal,Closed Lost,39266,2021-08-24,2021-05-14,Inbound - Web,Omitted,False,True,,Budget Cut,1,,New Business,2021-05-14T00:00:00
2087,258,7,Elevate Digital - Initial License,Prospecting,210496,2024-06-23,2024-04-19,Event,Pipeline,False,False,CompetitorA,,46,POC setup,New Business,2024-04-19T00:00:00
2088,858,4,Atlas Enterprises - Initial License,Prospecting,33032,2024-08-12,2024-07-01,Partner Referral,Pipeline,False,False,CompetitorB,,7,Send proposal,New Business,2024-07-01T00:00:00
2089,831,12,Elevate Holdings - Platform Deal,Closed Lost,669029,2023-05-10,2023-03-15,Inbound - Web,Omitted,False,True,CompetitorD,Competitor,1,,New Business,2023-03-15T00:00:00
2090,236,1,Velocity Holdings - Additional Seats,Discovery,22425,2022-09-03,2022-06-22,Event,Pipeline,False,False,CompetitorB,,10,Reference call,Expansion,2022-06-22T00:00:00
2091,463,7,Zenith Labs - Platform Deal,Closed Lost,25267,2024-06-17,2024-05-18,Inbound - Content,Omitted,False,True,CompetitorA,Feature Gap,53,,New Business,2024-05-18T00:00:00
2092,580,1,Catalyst Partners - Initial License,Proposal,108853,2024-11-21,2024-06-13,Outbound - SDR,Best Case,False,False,Open Source Alternative,,31,Schedule demo,New Business,2024-06-13T00:00:00
2093,363,2,Nexus Dynamics - Platform Deal,Closed Lost,538852,2024-03-23,2023-11-10,Event,Omitted,False,True,,Competitor,43,,New Business,2023-11-10T00:00:00
1704,508,11,Pinnacle Inc - New Business,Discovery,44243,2025-05-06,2024-09-09,Webinar,Pipeline,False,False,,,29,Reference call,New Business,2024-09-09T00:00:00
2095,952,11,Optima Platforms - Renewal,Proposal,18622,2025-03-12,2024-11-02,Product-Led,Best Case,False,False,CompetitorB,,21,Contract signing,Renewal,2024-11-02T00:00:00
2096,483,11,Elevate Group - Platform Deal,Discovery,76590,2025-05-08,2024-09-09,Inbound - Content,Pipeline,False,False,,,36,Executive alignment,New Business,2024-09-09T00:00:00
2097,427,11,Nexus Corp - Initial License,Prospecting,76251,2024-05-17,2023-11-19,Event,Pipeline,False,False,,,14,Send proposal,New Business,2023-11-19T00:00:00
2098,719,3,Acme Digital - Contract Renewal,Discovery,68064,2024-09-17,2024-03-09,Inbound - Web,Pipeline,False,False,,,2,Schedule demo,Renewal,2024-03-09T00:00:00
2099,117,11,Fusion Networks - Platform Deal,Prospecting,15233,2023-03-30,2022-11-09,Inbound - Content,Pipeline,False,False,,,8,Schedule demo,New Business,2022-11-09T00:00:00
2100,737,11,Atlas Solutions - New Business,Closed Lost,44867,2024-12-31,2024-11-07,Inbound - Web,Omitted,False,True,CompetitorC,Budget Cut,34,,New Business,2024-11-07T00:00:00
2101,600,14,Elevate Dynamics - New Business,Closed Lost,481041,2023-12-15,2023-11-17,Webinar,Omitted,False,True,CompetitorD,Budget Cut,16,,New Business,2023-11-17T00:00:00
2102,377,4,Global Inc - New Business,Proposal,472948,2025-01-06,2024-09-01,Product-Led,Best Case,False,False,CompetitorA,,25,POC setup,New Business,2024-09-01T00:00:00
2103,500,2,Catalyst Holdings - New Business,Proposal,47706,2025-04-05,2024-11-22,Product-Led,Best Case,False,False,,,12,Reference call,New Business,2024-11-22T00:00:00
2104,781,1,Vanguard Dynamics - New Business,Closed Lost,74458,2024-08-18,2024-04-16,Outbound - SDR,Omitted,False,True,CompetitorD,Timing,43,,New Business,2024-04-16T00:00:00
2105,833,5,Pinnacle Software - Initial License,Closed Lost,32650,2024-12-31,2024-09-03,,Omitted,False,True,CompetitorE,Feature Gap,49,,New Business,2024-09-03T00:00:00
2106,904,3,Optima Holdings - Initial License,Prospecting,138483,2023-12-10,2023-08-13,Outbound - SDR,Pipeline,False,False,,,3,Legal review,New Business,2023-08-13T00:00:00
2107,904,4,Optima Holdings - New Business,Closed Won,100098,2024-03-28,2023-10-29,Outbound - SDR,Closed,True,True,,,16,,New Business,2023-10-29T00:00:00
2108,54,14,Acme Holdings - Initial License,Discovery,,2025-01-29,2024-09-14,Inbound - Content,Pipeline,False,False,CompetitorD,,21,Technical review,New Business,2024-09-14T00:00:00
2109,834,11,Elevate Analytics - New Business,Closed Lost,540896,2024-01-31,2023-12-30,Outbound - SDR,Omitted,False,True,Open Source Alternative,Competitor,33,,New Business,2023-12-30T00:00:00
2110,940,8,Vertex Inc - New Business,Closed Lost,603660,2024-12-31,2024-11-11,Webinar,Omitted,False,True,Open Source Alternative,Competitor,28,,New Business,2024-11-11T00:00:00
2111,1000,16,Catalyst Inc - Initial License,Closed Lost,34383,2024-11-06,2024-05-25,Partner Referral,Omitted,False,True,CompetitorA,Budget Cut,14,,New Business,2024-05-25T00:00:00
2112,517,12,Nexus Solutions - New Business,Closed Lost,196778,2023-12-23,2023-06-01,Outbound - SDR,Omitted,False,True,Open Source Alternative,Timing,21,,New Business,2023-06-01T00:00:00
2113,441,3,Summit Corp - Platform Deal,Negotiation,15274,2023-01-10,2022-09-15,,Commit,False,False,,,6,Contract signing,New Business,2022-09-15T00:00:00
2114,427,11,Nexus Corp - New Business,Qualification,80962,2023-02-10,2022-06-14,,Best Case,False,False,CompetitorD,,3,Schedule demo,New Business,2022-06-14T00:00:00
2115,511,16,Pacific Digital - Initial License,Prospecting,165634,2025-08-29,2024-12-09,Product-Led,Pipeline,False,False,,,65,Contract signing,New Business,2024-12-09T00:00:00
2116,487,11,Quantum Enterprises - New Business,Proposal,16599,2024-07-14,2023-10-24,Inbound - Web,Best Case,False,False,CompetitorE,,21,Executive alignment,New Business,2023-10-24T00:00:00
2117,267,9,Catalyst Inc - Platform Deal,Closed Lost,143683,2023-12-28,2023-05-26,Partner Referral,Omitted,False,True,CompetitorD,Champion Left,60,,New Business,2023-05-26T00:00:00
2118,216,8,Optima Labs - New Business,Closed Lost,48506,2024-09-11,2024-05-08,Outbound - SDR,Omitted,False,True,CompetitorA,Timing,18,,New Business,2024-05-08T00:00:00
2119,242,10,Atlas Dynamics - New Business,Discovery,32959,2025-02-25,2024-11-26,Webinar,Pipeline,False,False,CompetitorA,,35,,New Business,2024-11-26T00:00:00
2120,258,11,Elevate Digital - New Business,Discovery,30322,2024-08-21,2024-02-02,Outbound - SDR,Pipeline,False,False,Open Source Alternative,,13,Executive alignment,New Business,2024-02-02T00:00:00
2121,949,10,Quantum Holdings - New Business,Closed Lost,93317,2024-12-31,2024-12-30,Webinar,Omitted,False,True,CompetitorD,No Decision,28,,New Business,2024-12-30T00:00:00
2122,779,12,Catalyst Analytics - Platform Deal,Proposal,871476,2022-07-10,2022-05-06,,Best Case,False,False,,,14,,New Business,2022-05-06T00:00:00
2123,560,14,Summit Corp - Initial License,Proposal,98303,2025-07-22,2024-12-24,Event,Best Case,False,False,CompetitorB,,76,,New Business,2024-12-24T00:00:00
2124,163,2,Optima Inc - Platform Deal,Discovery,127595,2022-09-04,2022-08-03,Inbound - Web,Pipeline,False,False,CompetitorB,,23,Contract signing,New Business,2022-08-03T00:00:00
2125,279,8,Velocity Holdings - Platform Deal,Discovery,44151,2025-02-18,2024-09-06,Inbound - Content,Pipeline,False,False,CompetitorD,,3,Send proposal,New Business,2024-09-06T00:00:00
2126,220,1,Apex Analytics - Initial License,Prospecting,604394,2023-05-18,2022-11-09,Webinar,Pipeline,False,False,CompetitorE,,33,Contract signing,New Business,2022-11-09T00:00:00
2127,699,7,Horizon Dynamics - Platform Deal,Prospecting,98990,2025-01-01,2024-11-27,Outbound - AE,Pipeline,False,False,,,18,Contract signing,New Business,2024-11-27T00:00:00
2128,58,1,Acme Partners - Platform Deal,Discovery,575635,2023-08-10,2023-05-26,Outbound - AE,Pipeline,False,False,CompetitorA,,14,Legal review,New Business,2023-05-26T00:00:00
2129,124,1,Optima Technologies - Platform Deal,Qualification,391720,2024-12-18,2024-07-10,Inbound - Content,Best Case,False,False,CompetitorE,,5,Schedule demo,New Business,2024-07-10T00:00:00
2130,168,10,Global Labs - Initial License,Closed Lost,19556,2023-02-12,2022-11-29,Outbound - SDR,Omitted,False,True,CompetitorB,Price,56,,New Business,2022-11-29T00:00:00
2131,525,6,Vertex Networks - Platform Deal,Closed Lost,203895,2024-12-31,2024-12-30,Outbound - AE,Omitted,False,True,,No Decision,54,,New Business,2024-12-30T00:00:00
2132,88,12,Fusion Holdings - Platform Deal,Closed Lost,12442,2024-12-31,2024-11-30,Inbound - Content,Omitted,False,True,CompetitorA,Lost to Status Quo,21,,New Business,2024-11-30T00:00:00
2133,942,9,Vanguard Corp - Platform Deal,Proposal,138702,2023-12-18,2023-04-13,Partner Referral,Best Case,False,False,CompetitorA,,63,Reference call,New Business,2023-04-13T00:00:00
2134,469,3,Optima Networks - Expansion,Negotiation,41279,2025-01-22,2024-05-31,Outbound - AE,Commit,False,False,,,10,Send proposal,Expansion,2024-05-31T00:00:00
2135,24,4,Synergy Software - Initial License,Closed Won,37435,2024-12-31,2024-10-07,Product-Led,Closed,True,True,CompetitorD,,16,,New Business,2024-10-07T00:00:00
2136,518,6,Zenith Technologies - New Business,Discovery,32690,2022-02-03,2021-07-02,Outbound - AE,Pipeline,False,False,CompetitorA,,42,Contract signing,New Business,2021-07-02T00:00:00
2137,724,13,Fusion Inc - Platform Deal,Discovery,8586,2024-07-03,2024-03-19,Event,Pipeline,False,False,CompetitorC,,5,Technical review,New Business,2024-03-19T00:00:00
2138,366,6,Pinnacle Technologies - Platform Deal,Proposal,15767,2025-05-07,2024-12-19,Product-Led,Best Case,False,False,CompetitorE,,50,POC setup,New Business,2024-12-19T00:00:00
2139,408,10,Vertex Systems - Initial License,Closed Lost,33259,2023-09-28,2023-04-20,Webinar,Omitted,False,True,CompetitorC,Competitor,55,,New Business,2023-04-20T00:00:00
2140,939,2,Global Holdings - New Business,Prospecting,20525,2025-04-21,2024-12-15,Outbound - AE,Pipeline,False,False,CompetitorE,,27,Schedule demo,New Business,2024-12-15T00:00:00
2141,14,16,Velocity Dynamics - Platform Deal,Discovery,17895,2025-07-25,2024-12-16,,Pipeline,False,False,CompetitorC,,19,Reference call,New Business,2024-12-16T00:00:00
2142,632,4,Catalyst Digital - New Business,Closed Lost,189072,2023-10-11,2023-11-01,Outbound - SDR,Omitted,False,True,CompetitorE,Competitor,6,,New Business,2023-11-01T00:00:00
2143,137,6,Elevate Digital - New Business,Qualification,14176,2022-04-28,2021-09-08,Product-Led,Best Case,False,False,CompetitorC,,12,Send proposal,New Business,2021-09-08T00:00:00
2144,537,12,Pacific Labs - Initial License,Negotiation,112312,2024-10-22,2024-09-12,,Commit,False,False,CompetitorB,,57,Legal review,New Business,2024-09-12T00:00:00
2145,853,1,Zenith Dynamics - Initial License,Qualification,,2025-05-18,2024-11-14,Webinar,Best Case,False,False,CompetitorC,,19,Legal review,New Business,2024-11-14T00:00:00
622,772,13,Global Inc - Platform Deal,Proposal,40885,2024-01-05,2023-11-01,Webinar,Best Case,False,False,,,3,Technical review,New Business,2023-11-01T00:00:00
2147,237,13,Catalyst Analytics - Platform Deal,Prospecting,,2025-05-25,2024-09-14,Product-Led,Pipeline,False,False,,,59,Contract signing,New Business,2024-09-14T00:00:00
2148,455,4,Synergy Platforms - Initial License,Discovery,19010,2024-06-10,2024-02-11,Product-Led,Pipeline,False,False,CompetitorE,,21,,New Business,2024-02-11T00:00:00
2149,614,12,Pinnacle Platforms - Platform Deal,Discovery,401286,2025-04-10,2024-12-08,Event,Pipeline,False,False,CompetitorB,,9,Reference call,New Business,2024-12-08T00:00:00
2150,668,7,Summit Software - Initial License,Prospecting,191375,2023-10-30,2023-08-26,Outbound - AE,Pipeline,False,False,Open Source Alternative,,30,Executive alignment,New Business,2023-08-26T00:00:00
2151,416,14,Velocity Enterprises - Platform Deal,Prospecting,785606,2021-02-28,2020-08-13,Outbound - AE,Pipeline,False,False,Open Source Alternative,,59,Send proposal,New Business,2020-08-13T00:00:00
2152,111,6,Nova Holdings - Platform Deal,Qualification,296613,2024-11-23,2024-06-24,Event,Best Case,False,False,,,8,Technical review,New Business,2024-06-24T00:00:00
524,510,7,Synergy Services - Initial License,Qualification,39279,2023-05-03,2022-12-02,Product-Led,Best Case,False,False,,,23,Contract signing,New Business,2022-12-02T00:00:00
2154,293,9,Velocity Systems - New Business,Discovery,46875,2025-06-02,2024-10-02,Outbound - SDR,Pipeline,False,False,CompetitorC,,60,Executive alignment,New Business,2024-10-02T00:00:00
2155,417,6,Nexus Group - Platform Deal,Qualification,69512,2024-11-26,2024-10-11,Product-Led,Best Case,False,False,CompetitorD,,11,Legal review,New Business,2024-10-11T00:00:00
2156,508,10,Pinnacle Inc - Initial License,Discovery,29530,2023-06-27,2022-10-07,,Pipeline,False,False,,,32,Schedule demo,New Business,2022-10-07T00:00:00
2157,164,15,Pinnacle Solutions - New Business,Discovery,137610,2024-11-23,2024-09-30,Inbound - Content,Pipeline,False,False,,,39,Technical review,New Business,2024-09-30T00:00:00
2158,51,6,Nexus Dynamics - New Business,Proposal,20211,2025-05-10,2024-10-29,Outbound - SDR,Best Case,False,False,,,11,Technical review,New Business,2024-10-29T00:00:00
1772,331,7,Summit Technologies - New Business,Closed Won,125024,2024-12-31,2024-12-14,,Closed,True,True,,,48,,New Business,2024-12-14T00:00:00
2160,832,14,Optima Digital - Platform Deal,Qualification,34762,2024-08-15,2024-06-21,Inbound - Web,Best Case,False,False,CompetitorB,,42,,New Business,2024-06-21T00:00:00
2161,356,12,Vanguard Corp - Platform Deal,Discovery,17275,2023-05-31,2022-10-06,Event,Pipeline,False,False,,,40,Technical review,New Business,2022-10-06T00:00:00
2162,195,16,Zenith Corp - Platform Deal,Qualification,109011,2024-11-27,2024-10-02,Inbound - Web,Best Case,False,False,CompetitorA,,21,Legal review,New Business,2024-10-02T00:00:00
2163,507,4,Nova Services - Initial License,Qualification,39458,2025-03-14,2024-08-18,Inbound - Content,Best Case,False,False,Open Source Alternative,,26,Technical review,New Business,2024-08-18T00:00:00
2164,454,2,Acme Labs - Initial License,Qualification,25901,2022-05-15,2022-03-19,Outbound - SDR,Best Case,False,False,,,39,,New Business,2022-03-19T00:00:00
2165,13,2,Atlas Corp - New Business,Closed Lost,43753,2024-08-01,2024-05-15,Outbound - AE,Omitted,False,True,CompetitorB,Champion Left,6,,New Business,2024-05-15T00:00:00
2166,390,8,Quantum Group - Initial License,Qualification,36256,2024-12-26,2024-09-09,Inbound - Web,Best Case,False,False,,,1,Send proposal,New Business,2024-09-09T00:00:00
2167,403,3,Elevate Networks - Initial License,Proposal,7504,2020-12-19,2020-07-18,Product-Led,Best Case,False,False,CompetitorD,,21,Schedule demo,New Business,2020-07-18T00:00:00
2168,736,2,Horizon Dynamics - New Business,Qualification,83766,2025-05-08,2024-10-31,Event,Best Case,False,False,CompetitorD,,9,Reference call,New Business,2024-10-31T00:00:00
2169,787,11,Velocity Corp - Platform Deal,Proposal,109543,2024-10-17,2024-05-30,Partner Referral,Best Case,False,False,Open Source Alternative,,63,Executive alignment,New Business,2024-05-30T00:00:00
2170,83,8,Global Dynamics - Platform Deal,Discovery,39103,2025-04-21,2024-12-12,Product-Led,Pipeline,False,False,CompetitorC,,20,Reference call,New Business,2024-12-12T00:00:00
2171,995,9,Acme Corp - New Business,Qualification,33473,2025-08-24,2024-12-09,Inbound - Web,Best Case,False,False,CompetitorC,,13,Technical review,New Business,2024-12-09T00:00:00
2172,596,16,Fusion Dynamics - New Business,Qualification,40638,2025-05-09,2024-11-01,Webinar,Best Case,False,False,,,52,Executive alignment,New Business,2024-11-01T00:00:00
2173,602,6,Elevate Software - Platform Deal,Closed Lost,22769,2024-12-31,2024-10-23,Outbound - SDR,Omitted,False,True,CompetitorC,Feature Gap,46,,New Business,2024-10-23T00:00:00
2174,711,10,Vanguard Networks - New Business,Discovery,7321,2025-03-07,2024-10-02,Outbound - SDR,Pipeline,False,False,CompetitorD,,56,Schedule demo,New Business,2024-10-02T00:00:00
2175,439,1,Pacific Platforms - Platform Deal,Closed Lost,177354,2022-09-24,2022-07-11,Webinar,Omitted,False,True,CompetitorB,Timing,39,,New Business,2022-07-11T00:00:00
2176,662,7,Optima Services - New Business,Closed Lost,42074,2021-06-16,2021-04-16,Inbound - Content,Omitted,False,True,Open Source Alternative,Feature Gap,57,,New Business,2021-04-16T00:00:00
2177,874,12,Atlas Group - New Business,Proposal,44386,2024-06-08,2024-03-20,Outbound - AE,Best Case,False,False,Open Source Alternative,,7,Send proposal,New Business,2024-03-20T00:00:00
2178,271,12,Apex Holdings - New Business,Qualification,46791,2023-04-01,2022-07-05,Inbound - Web,Best Case,False,False,,,68,Technical review,New Business,2022-07-05T00:00:00
2179,18,13,Elevate Group - Initial License,Prospecting,41037,2024-12-20,2024-04-21,Event,Pipeline,False,False,CompetitorC,,36,Technical review,New Business,2024-04-21T00:00:00
2180,984,5,Pacific Dynamics - New Business,Closed Won,11372,2024-11-14,2024-12-10,Partner Referral,Closed,True,True,CompetitorC,,23,,New Business,2024-12-10T00:00:00
2181,738,12,Velocity Group - New Business,Prospecting,729731,2024-06-07,2023-12-27,Partner Referral,Pipeline,False,False,,,35,Technical review,New Business,2023-12-27T00:00:00
2182,523,1,Atlas Platforms - Platform Deal,Qualification,48570,2024-09-15,2024-06-28,Webinar,Best Case,False,False,CompetitorD,,30,Schedule demo,New Business,2024-06-28T00:00:00
2183,837,2,Pinnacle Systems - New Business,Closed Lost,346574,2024-09-23,2024-08-15,Outbound - SDR,Omitted,False,True,,Competitor,15,,New Business,2024-08-15T00:00:00
2184,518,10,Zenith Technologies - New Business,Closed Won,32031,2023-03-02,2022-08-08,Product-Led,Closed,True,True,CompetitorC,,17,,New Business,2022-08-08T00:00:00
2185,106,16,Synergy Technologies - New Business,Qualification,185285,2021-03-22,2020-11-05,Product-Led,Best Case,False,False,,,20,Legal review,New Business,2020-11-05T00:00:00
2186,591,5,Zenith Systems - Platform Deal,Prospecting,47716,2025-06-25,2024-12-05,,Pipeline,False,False,CompetitorB,,44,POC setup,New Business,2024-12-05T00:00:00
2187,224,16,Velocity Inc - Platform Deal,Qualification,149161,2025-03-19,2024-10-13,Inbound - Web,Best Case,False,False,CompetitorC,,3,Contract signing,New Business,2024-10-13T00:00:00
2188,813,15,Pinnacle Group - New Business,Qualification,37241,2025-06-05,2024-09-21,Inbound - Content,Best Case,False,False,CompetitorC,,35,Reference call,New Business,2024-09-21T00:00:00
1210,888,3,Zenith Digital - New Business,Discovery,37763,2025-02-18,2024-08-25,Product-Led,Pipeline,False,False,CompetitorA,,40,Schedule demo,New Business,2024-08-25T00:00:00
2190,10,12,Elevate Analytics - Platform Deal,Discovery,175099,2023-12-01,2023-04-07,Outbound - AE,Pipeline,False,False,,,49,Send proposal,New Business,2023-04-07T00:00:00
2191,53,12,Pacific Software - New Business,Closed Lost,199642,2022-09-28,2022-03-09,Outbound - AE,Omitted,False,True,CompetitorB,Price,31,,New Business,2022-03-09T00:00:00
2192,864,16,Acme Group - Initial License,Discovery,54194,2024-10-05,2024-08-07,Product-Led,Pipeline,False,False,,,59,Contract signing,New Business,2024-08-07T00:00:00
2193,793,15,Zenith Holdings - Initial License,Proposal,57742,2023-04-11,2022-12-07,Outbound - AE,Best Case,False,False,CompetitorC,,61,Technical review,New Business,2022-12-07T00:00:00
1701,971,2,Elevate Holdings - New Business,Prospecting,18183,2024-03-13,2023-10-21,Webinar,Pipeline,False,False,,,10,Technical review,New Business,2023-10-21T00:00:00
2195,10,6,Elevate Analytics - Initial License,Discovery,102471,2024-11-11,2024-08-25,Inbound - Web,Pipeline,False,False,,,53,Technical review,New Business,2024-08-25T00:00:00
2196,421,5,Pinnacle Digital - Initial License,Proposal,25058,2025-02-26,2024-09-21,Inbound - Content,Best Case,False,False,CompetitorB,,37,POC setup,New Business,2024-09-21T00:00:00
2197,767,5,Pinnacle Inc - Platform Deal,Closed Lost,42820,2024-02-23,2023-11-09,Event,Omitted,False,True,CompetitorA,Timing,43,,New Business,2023-11-09T00:00:00
2198,434,15,Summit Solutions - Platform Deal,Proposal,99818,2025-02-15,2024-10-07,Outbound - AE,Best Case,False,False,CompetitorE,,49,Reference call,New Business,2024-10-07T00:00:00
2199,153,3,Nexus Technologies - Initial License,Prospecting,8956,2022-06-09,2022-04-01,Outbound - AE,Pipeline,False,False,CompetitorD,,25,Send proposal,New Business,2022-04-01T00:00:00
2200,431,12,Elevate Labs - Initial License,Closed Won,173061,2024-12-17,2024-09-03,Partner Referral,Closed,True,True,Open Source Alternative,,39,,New Business,2024-09-03T00:00:00
2201,561,12,Velocity Dynamics - New Business,Prospecting,48479,2025-04-29,2024-12-25,Outbound - AE,Pipeline,False,False,CompetitorD,,42,Contract signing,New Business,2024-12-25T00:00:00
2202,947,1,Fusion Inc - Initial License,Closed Lost,9543,2024-07-22,2024-07-08,Outbound - SDR,Omitted,False,True,CompetitorA,Lost to Status Quo,15,,New Business,2024-07-08T00:00:00
2203,157,15,Horizon Software - Initial License,Closed Lost,8321,2024-12-31,2024-10-03,Outbound - AE,Omitted,False,True,Open Source Alternative,Competitor,25,,New Business,2024-10-03T00:00:00
2204,923,13,Apex Platforms - Platform Deal,Prospecting,19158,2024-07-21,2024-06-09,,Pipeline,False,False,CompetitorC,,33,Technical review,New Business,2024-06-09T00:00:00
2205,971,10,Elevate Holdings - New Business,Prospecting,13654,2023-09-16,2023-05-04,Product-Led,Pipeline,False,False,CompetitorE,,64,Schedule demo,New Business,2023-05-04T00:00:00
2206,573,1,Quantum Networks - New Business,Discovery,845307,2025-02-11,2024-11-27,Outbound - AE,Pipeline,False,False,CompetitorB,,30,Reference call,New Business,2024-11-27T00:00:00
2207,259,13,Global Partners - Initial License,Closed Lost,79573,2024-12-31,2024-10-30,,Omitted,False,True,,Lost to Status Quo,15,,New Business,2024-10-30T00:00:00
2208,567,1,Acme Dynamics - Platform Deal,Closed Lost,693863,2023-09-30,2023-10-12,Webinar,Omitted,False,True,,Competitor,9,,New Business,2023-10-12T00:00:00
2209,504,1,Catalyst Inc - Platform Deal,Qualification,22884,2024-02-24,2023-11-13,,Best Case,False,False,CompetitorA,,7,Contract signing,New Business,2023-11-13T00:00:00
2210,448,5,Acme Corp - Initial License,Closed Lost,47967,2024-12-15,2024-11-03,,Omitted,False,True,,Lost to Status Quo,38,,New Business,2024-11-03T00:00:00
2211,431,12,Elevate Labs - Platform Deal,Discovery,94490,2025-07-24,2024-12-14,Webinar,Pipeline,False,False,,,40,Technical review,New Business,2024-12-14T00:00:00
2212,451,3,Synergy Labs - Initial License,Discovery,112894,2025-04-13,2024-10-06,Partner Referral,Pipeline,False,False,CompetitorE,,38,Contract signing,New Business,2024-10-06T00:00:00
2213,620,13,Summit Dynamics - Platform Deal,Qualification,179617,2024-05-16,2024-03-11,Inbound - Web,Best Case,False,False,CompetitorA,,64,POC setup,New Business,2024-03-11T00:00:00
2214,584,13,Summit Technologies - Platform Deal,Closed Lost,198013,2023-03-27,2022-12-01,,Omitted,False,True,CompetitorD,Champion Left,41,,New Business,2022-12-01T00:00:00
2215,932,6,Synergy Corp - Platform Deal,Proposal,43796,2024-10-25,2024-09-25,Product-Led,Best Case,False,False,CompetitorB,,57,Legal review,New Business,2024-09-25T00:00:00
2216,934,11,Apex Technologies - Platform Deal,Prospecting,12865,2024-11-13,2024-07-07,Inbound - Content,Pipeline,False,False,,,3,POC setup,New Business,2024-07-07T00:00:00
2217,768,13,Pacific Labs - Platform Deal,Closed Won,49611,2024-03-18,2023-12-29,Partner Referral,Closed,True,True,,,67,,New Business,2023-12-29T00:00:00
2218,116,3,Horizon Technologies - Initial License,Qualification,6643,2023-07-14,2023-03-08,Inbound - Web,Best Case,False,False,CompetitorB,,27,Legal review,New Business,2023-03-08T00:00:00
2219,591,10,Zenith Systems - Renewal,Proposal,37146,2025-06-27,2024-12-29,Webinar,Best Case,False,False,,,30,Reference call,Renewal,2024-12-29T00:00:00
2220,10,11,Elevate Analytics - Platform Deal,Closed Lost,78102,2024-06-05,2024-02-24,Partner Referral,Omitted,False,True,Open Source Alternative,Champion Left,46,,New Business,2024-02-24T00:00:00
2221,181,5,Atlas Labs - Initial License,Closed Lost,131201,2024-08-05,2024-07-09,Partner Referral,Omitted,False,True,CompetitorE,Price,56,,New Business,2024-07-09T00:00:00
2222,472,4,Pacific Networks - Initial License,Proposal,19210,2023-10-26,2023-02-18,,Best Case,False,False,CompetitorA,,56,Technical review,New Business,2023-02-18T00:00:00
2223,367,13,Summit Enterprises - Initial License,Discovery,48418,2024-12-30,2024-05-19,Product-Led,Pipeline,False,False,CompetitorB,,45,,New Business,2024-05-19T00:00:00
2224,428,15,Fusion Services - Platform Deal,Discovery,13401,2024-12-26,2024-08-30,Event,Pipeline,False,False,Open Source Alternative,,38,Contract signing,New Business,2024-08-30T00:00:00
2225,766,9,Fusion Systems - Platform Deal,Qualification,35588,2021-10-07,2021-10-24,Outbound - AE,Best Case,False,False,CompetitorE,,28,Technical review,New Business,2021-10-24T00:00:00
2226,713,10,Quantum Group - Initial License,Prospecting,106763,2024-12-22,2024-11-22,Webinar,Pipeline,False,False,Open Source Alternative,,20,Reference call,New Business,2024-11-22T00:00:00
2227,778,14,Pacific Analytics - Platform Deal,Closed Lost,41299,2023-06-19,2023-04-30,Event,Omitted,False,True,CompetitorA,Price,63,,New Business,2023-04-30T00:00:00
2228,775,1,Zenith Services - Initial License,Discovery,47911,2024-11-02,2024-09-01,Partner Referral,Pipeline,False,False,CompetitorB,,41,Schedule demo,New Business,2024-09-01T00:00:00
2229,261,7,Nova Holdings - New Business,Prospecting,178174,2025-02-21,2024-12-28,Outbound - AE,Pipeline,False,False,CompetitorE,,56,Legal review,New Business,2024-12-28T00:00:00
2230,824,9,Synergy Inc - New Business,Qualification,62691,2024-12-17,2024-09-01,Outbound - AE,Best Case,False,False,CompetitorB,,57,Executive alignment,New Business,2024-09-01T00:00:00
2231,725,15,Vanguard Enterprises - New Business,Closed Lost,31274,2023-09-21,2023-06-29,Product-Led,Omitted,False,True,,Timing,36,,New Business,2023-06-29T00:00:00
2232,938,4,Global Dynamics - Platform Deal,Proposal,157405,2024-04-28,2023-11-27,Partner Referral,Best Case,False,False,CompetitorE,,45,Reference call,New Business,2023-11-27T00:00:00
2233,943,15,Atlas Group - Platform Deal,Discovery,40336,2025-05-18,2024-12-26,Outbound - AE,Pipeline,False,False,Open Source Alternative,,50,,New Business,2024-12-26T00:00:00
2234,835,12,Atlas Holdings - New Business,Qualification,6780,2024-09-05,2023-12-16,Partner Referral,Best Case,False,False,CompetitorD,,34,Schedule demo,New Business,2023-12-16T00:00:00
2235,41,13,Nova Technologies - New Business,Prospecting,118685,2022-09-28,2022-07-01,Partner Referral,Pipeline,False,False,CompetitorC,,38,,New Business,2022-07-01T00:00:00
2236,159,8,Horizon Analytics - Upsell,Closed Won,6755,2024-08-05,2024-05-25,Event,Closed,True,True,CompetitorD,,36,,Expansion,2024-05-25T00:00:00
2237,854,7,Pinnacle Systems - Initial License,Qualification,25339,2022-05-29,2021-10-11,Inbound - Web,Best Case,False,False,CompetitorC,,42,,New Business,2021-10-11T00:00:00
2238,676,6,Pinnacle Partners - New Business,Discovery,81784,2024-04-21,2024-02-13,Product-Led,Pipeline,False,False,,,13,Reference call,New Business,2024-02-13T00:00:00
2239,745,4,Vanguard Software - Initial License,Discovery,155348,2025-02-02,2024-10-24,Partner Referral,Pipeline,False,False,,,1,Schedule demo,New Business,2024-10-24T00:00:00
2240,876,3,Nexus Analytics - Initial License,Prospecting,39189,2025-03-15,2024-11-07,Event,Pipeline,False,False,Open Source Alternative,,12,Send proposal,New Business,2024-11-07T00:00:00
2241,889,13,Horizon Solutions - New Business,Discovery,428400,2025-04-23,2024-10-20,Inbound - Content,Pipeline,False,False,CompetitorA,,34,Reference call,New Business,2024-10-20T00:00:00
2242,860,10,Pacific Partners - Initial License,Qualification,124500,2025-06-24,2024-10-17,Inbound - Content,Best Case,False,False,CompetitorB,,9,Legal review,New Business,2024-10-17T00:00:00
2243,739,2,Velocity Corp - New Business,Closed Lost,45205,2024-12-31,2024-12-20,Product-Led,Omitted,False,True,,Champion Left,8,,New Business,2024-12-20T00:00:00
2244,168,11,Global Labs - Platform Deal,Closed Won,32828,2023-12-19,2023-10-02,Webinar,Closed,True,True,CompetitorB,,35,,New Business,2023-10-02T00:00:00
2245,304,13,Vertex Analytics - Additional Seats,Prospecting,87766,2024-12-03,2024-07-04,Event,Pipeline,False,False,CompetitorC,,66,,Expansion,2024-07-04T00:00:00
2246,554,8,Atlas Solutions - Platform Deal,Qualification,120835,2023-07-12,2023-02-12,Outbound - AE,Best Case,False,False,CompetitorE,,50,Executive alignment,New Business,2023-02-12T00:00:00
2247,293,9,Velocity Systems - New Business,Prospecting,187741,2025-05-03,2024-11-21,Event,Pipeline,False,False,CompetitorD,,37,Send proposal,New Business,2024-11-21T00:00:00
2248,99,13,Horizon Dynamics - Initial License,Qualification,39576,2020-11-20,2020-06-11,Inbound - Web,Best Case,False,False,CompetitorA,,77,Send proposal,New Business,2020-06-11T00:00:00
1083,278,8,Optima Dynamics - Initial License,Closed Won,,2024-02-18,2023-09-12,Inbound - Content,Closed,True,True,,,35,,New Business,2023-09-12T00:00:00
2250,314,15,Pinnacle Inc - Platform Deal,Proposal,753488,2025-01-25,2024-10-03,Event,Best Case,False,False,Open Source Alternative,,46,Schedule demo,New Business,2024-10-03T00:00:00
2251,463,7,Zenith Labs - Initial License,Qualification,,2024-06-03,2024-01-22,Outbound - AE,Best Case,False,False,CompetitorB,,40,Legal review,New Business,2024-01-22T00:00:00
2252,181,13,Atlas Labs - Upsell,Prospecting,54120,2025-02-12,2024-06-12,,Pipeline,False,False,CompetitorC,,7,Technical review,Expansion,2024-06-12T00:00:00
2253,698,14,Summit Services - Initial License,Discovery,894325,2024-12-08,2024-06-06,Inbound - Content,Pipeline,False,False,,,48,Technical review,New Business,2024-06-06T00:00:00
2254,867,12,Velocity Group - Initial License,Closed Lost,1031678,2024-04-03,2023-11-12,Product-Led,Omitted,False,True,CompetitorC,Competitor,3,,New Business,2023-11-12T00:00:00
2255,597,3,Quantum Holdings - Platform Deal,Closed Lost,776022,2024-12-31,2024-09-20,,Omitted,False,True,CompetitorA,No Decision,7,,New Business,2024-09-20T00:00:00
2256,110,1,Synergy Holdings - Platform Deal,Qualification,24604,2023-02-09,2022-06-13,Partner Referral,Best Case,False,False,CompetitorE,,27,Technical review,New Business,2022-06-13T00:00:00
2257,421,14,Pinnacle Digital - New Business,Closed Won,21871,2024-12-31,2024-12-06,Partner Referral,Closed,True,True,CompetitorB,,67,,New Business,2024-12-06T00:00:00
2258,843,6,Vanguard Corp - Upsell,Qualification,14842,2024-11-17,2024-12-12,Partner Referral,Best Case,False,False,Open Source Alternative,,53,Legal review,Expansion,2024-12-12T00:00:00
2259,3,1,Pacific Platforms - Initial License,Proposal,1144291,2024-07-21,2024-01-03,Outbound - SDR,Best Case,False,False,Open Source Alternative,,14,Technical review,New Business,2024-01-03T00:00:00
2260,684,1,Global Systems - Initial License,Discovery,697441,2025-03-03,2024-12-17,,Pipeline,False,False,CompetitorD,,37,Send proposal,New Business,2024-12-17T00:00:00
2261,927,13,Catalyst Systems - New Business,Discovery,45804,2024-07-09,2024-01-18,Event,Pipeline,False,False,CompetitorD,,26,Executive alignment,New Business,2024-01-18T00:00:00
2262,437,1,Apex Inc - Initial License,Proposal,125127,2020-09-13,2020-05-31,,Best Case,False,False,CompetitorD,,40,Technical review,New Business,2020-05-31T00:00:00
2263,756,7,Optima Services - New Business,Discovery,25910,2025-03-18,2024-07-04,Outbound - AE,Pipeline,False,False,CompetitorE,,6,POC setup,New Business,2024-07-04T00:00:00
2264,775,2,Zenith Services - New Business,Prospecting,51402,2023-11-11,2023-05-13,Outbound - SDR,Pipeline,False,False,,,18,Contract signing,New Business,2023-05-13T00:00:00
2265,144,7,Pinnacle Enterprises - Platform Deal,Discovery,28644,2024-12-24,2024-10-09,,Pipeline,False,False,CompetitorE,,36,Legal review,New Business,2024-10-09T00:00:00
2266,390,1,Quantum Group - Platform Deal,Qualification,163125,2022-09-21,2022-07-06,Product-Led,Best Case,False,False,,,33,Technical review,New Business,2022-07-06T00:00:00
2267,323,13,Elevate Software - Platform Deal,Proposal,1051564,2020-10-12,2020-04-17,Outbound - SDR,Best Case,False,False,,,63,Contract signing,New Business,2020-04-17T00:00:00
2268,561,12,Velocity Dynamics - Platform Deal,Qualification,29822,2025-01-22,2024-11-19,,Best Case,False,False,,,60,Technical review,New Business,2024-11-19T00:00:00
2269,827,6,Atlas Networks - Initial License,Qualification,97749,2024-12-29,2024-10-05,Outbound - SDR,Best Case,False,False,,,26,Reference call,New Business,2024-10-05T00:00:00
2270,265,13,Horizon Group - Initial License,Qualification,20362,2024-11-19,2024-09-13,Product-Led,Best Case,False,False,,,4,,New Business,2024-09-13T00:00:00
2271,242,10,Atlas Dynamics - Initial License,Proposal,16531,2025-05-28,2024-11-02,Outbound - SDR,Best Case,False,False,CompetitorD,,31,Schedule demo,New Business,2024-11-02T00:00:00
2272,446,16,Synergy Labs - New Business,Qualification,35706,2025-06-29,2024-10-19,Webinar,Best Case,False,False,Open Source Alternative,,36,Contract signing,New Business,2024-10-19T00:00:00
2273,310,12,Velocity Corp - Initial License,Qualification,,2024-05-21,2024-04-03,Product-Led,Best Case,False,False,,,42,Reference call,New Business,2024-04-03T00:00:00
2274,221,16,Elevate Partners - New Business,Qualification,358504,2024-10-11,2024-03-06,Inbound - Content,Best Case,False,False,CompetitorD,,14,Legal review,New Business,2024-03-06T00:00:00
2275,653,8,Apex Partners - Platform Deal,Proposal,239850,2023-07-18,2023-04-05,Inbound - Content,Best Case,False,False,Open Source Alternative,,59,Reference call,New Business,2023-04-05T00:00:00
2276,30,15,Catalyst Corp - Initial License,Discovery,42941,2025-05-22,2024-09-05,Partner Referral,Pipeline,False,False,CompetitorB,,27,Executive alignment,New Business,2024-09-05T00:00:00
2277,889,13,Horizon Solutions - Initial License,Discovery,543898,2024-07-25,2023-11-08,Inbound - Web,Pipeline,False,False,CompetitorD,,67,Executive alignment,New Business,2023-11-08T00:00:00
2278,995,9,Acme Corp - Platform Deal,Qualification,54419,2025-02-22,2024-06-15,Event,Best Case,False,False,,,50,Schedule demo,New Business,2024-06-15T00:00:00
2279,193,9,Summit Corp - Platform Deal,Qualification,777230,2024-11-27,2024-04-10,Webinar,Best Case,False,False,CompetitorC,,10,Executive alignment,New Business,2024-04-10T00:00:00
2280,770,13,Synergy Technologies - New Business,Prospecting,41703,2021-12-01,2021-10-14,Outbound - AE,Pipeline,False,False,CompetitorB,,10,Contract signing,New Business,2021-10-14T00:00:00
2281,958,5,Horizon Partners - Platform Deal,Discovery,27976,2025-01-11,2024-04-28,Inbound - Web,Pipeline,False,False,,,47,Send proposal,New Business,2024-04-28T00:00:00
2282,654,2,Elevate Analytics - Initial License,Closed Lost,12568,2024-03-12,2024-01-13,Partner Referral,Omitted,False,True,CompetitorC,No Decision,28,,New Business,2024-01-13T00:00:00
2283,227,3,Vanguard Technologies - Platform Deal,Qualification,54037,2025-03-24,2024-10-25,Outbound - SDR,Best Case,False,False,CompetitorA,,38,,New Business,2024-10-25T00:00:00
2284,490,9,Nexus Solutions - Platform Deal,Proposal,172949,2022-10-05,2022-02-12,Outbound - AE,Best Case,False,False,CompetitorD,,24,,New Business,2022-02-12T00:00:00
2285,729,6,Elevate Corp - Initial License,Prospecting,48167,2025-07-01,2024-10-06,Webinar,Pipeline,False,False,CompetitorA,,19,Schedule demo,New Business,2024-10-06T00:00:00
2286,100,8,Global Group - Initial License,Closed Lost,46269,2023-12-28,2023-09-12,Partner Referral,Omitted,False,True,,Timing,26,,New Business,2023-09-12T00:00:00
2287,67,9,Nexus Platforms - New Business,Closed Lost,108925,2024-12-31,2024-11-19,,Omitted,False,True,,Budget Cut,30,,New Business,2024-11-19T00:00:00
2288,771,4,Vanguard Dynamics - New Business,Closed Lost,46968,2023-11-12,2023-08-31,Outbound - AE,Omitted,False,True,CompetitorB,Budget Cut,48,,New Business,2023-08-31T00:00:00
2289,228,3,Summit Partners - New Business,Closed Won,24252,2024-08-31,2024-06-06,Inbound - Web,Closed,True,True,,,38,,New Business,2024-06-06T00:00:00
2290,32,12,Global Services - New Business,Closed Lost,45494,2023-08-05,2023-07-06,Outbound - SDR,Omitted,False,True,CompetitorC,Feature Gap,1,,New Business,2023-07-06T00:00:00
2291,134,13,Quantum Digital - Platform Deal,Prospecting,46094,2022-06-05,2021-12-04,Product-Led,Pipeline,False,False,Open Source Alternative,,23,,New Business,2021-12-04T00:00:00
2292,702,2,Pinnacle Group - Platform Deal,Proposal,894321,2024-06-10,2024-03-18,Outbound - SDR,Best Case,False,False,,,44,Contract signing,New Business,2024-03-18T00:00:00
2293,83,8,Global Dynamics - Platform Deal,Discovery,18487,2025-06-14,2024-12-28,Event,Pipeline,False,False,,,2,Reference call,New Business,2024-12-28T00:00:00
2294,914,5,Quantum Networks - Platform Deal,Closed Won,38692,2023-06-19,2023-03-25,Partner Referral,Closed,True,True,CompetitorC,,22,,New Business,2023-03-25T00:00:00
2295,742,7,Elevate Technologies - New Business,Qualification,10258,2022-08-03,2022-01-24,Outbound - AE,Best Case,False,False,,,51,,New Business,2022-01-24T00:00:00
2296,917,9,Fusion Networks - New Business,Negotiation,23515,2024-11-03,2024-11-21,Inbound - Web,Commit,False,False,CompetitorE,,21,Technical review,New Business,2024-11-21T00:00:00
2297,431,12,Elevate Labs - Additional Seats,Qualification,112256,2024-12-09,2024-08-19,Outbound - SDR,Best Case,False,False,Open Source Alternative,,55,Technical review,Expansion,2024-08-19T00:00:00
2298,784,12,Synergy Systems - Initial License,Qualification,147264,2023-12-09,2023-04-22,Event,Best Case,False,False,,,60,Reference call,New Business,2023-04-22T00:00:00
2299,208,9,Fusion Digital - Platform Deal,Proposal,32645,2023-01-09,2022-11-11,Outbound - SDR,Best Case,False,False,Open Source Alternative,,35,POC setup,New Business,2022-11-11T00:00:00
2300,642,15,Optima Partners - Platform Deal,Prospecting,192069,2025-02-02,2024-08-04,Inbound - Content,Pipeline,False,False,CompetitorC,,63,Schedule demo,New Business,2024-08-04T00:00:00
2301,428,16,Fusion Services - Platform Deal,Negotiation,44371,2025-02-12,2024-10-28,Inbound - Web,Commit,False,False,CompetitorD,,21,Schedule demo,New Business,2024-10-28T00:00:00
2302,197,9,Vertex Inc - Initial License,Proposal,,2024-10-15,2024-09-02,Webinar,Best Case,False,False,Open Source Alternative,,25,Contract signing,New Business,2024-09-02T00:00:00
2303,721,6,Nova Corp - Platform Deal,Closed Won,42506,2023-04-23,2023-04-01,Inbound - Content,Closed,True,True,CompetitorC,,31,,New Business,2023-04-01T00:00:00
2304,700,12,Zenith Enterprises - Platform Deal,Proposal,149255,2024-10-31,2024-08-06,Inbound - Content,Best Case,False,False,CompetitorB,,64,Technical review,New Business,2024-08-06T00:00:00
2305,303,12,Pacific Software - New Business,Closed Lost,44061,2023-05-07,2023-05-24,Webinar,Omitted,False,True,CompetitorB,Budget Cut,29,,New Business,2023-05-24T00:00:00
2306,551,10,Elevate Systems - New Business,Qualification,28986,2025-01-21,2024-05-05,,Best Case,False,False,CompetitorB,,69,Schedule demo,New Business,2024-05-05T00:00:00
2307,619,15,Pacific Networks - Initial License,Negotiation,50054,2023-09-12,2023-04-14,Outbound - AE,Commit,False,False,,,41,POC setup,New Business,2023-04-14T00:00:00
2308,383,9,Nova Technologies - Initial License,Discovery,30392,2022-11-09,2022-08-10,Webinar,Pipeline,False,False,,,22,Executive alignment,New Business,2022-08-10T00:00:00
2071,442,5,Acme Services - Platform Deal,Closed Lost,26783,2022-12-27,2022-07-07,Webinar,Omitted,False,True,CompetitorD,Timing,7,,New Business,2022-07-07T00:00:00
2310,736,10,Horizon Dynamics - Initial License,Proposal,82157,2025-02-14,2024-07-15,Event,Best Case,False,False,,,25,Legal review,New Business,2024-07-15T00:00:00
2311,390,6,Quantum Group - New Business,Discovery,104038,2023-01-11,2022-08-01,Outbound - SDR,Pipeline,False,False,,,30,POC setup,New Business,2022-08-01T00:00:00
2312,652,10,Catalyst Analytics - Platform Deal,Proposal,56923,2024-12-24,2024-04-22,Product-Led,Best Case,False,False,,,38,Legal review,New Business,2024-04-22T00:00:00
2313,930,7,Optima Corp - Additional Seats,Qualification,18793,2023-03-15,2022-09-25,Inbound - Content,Best Case,False,False,,,14,,Expansion,2022-09-25T00:00:00
2314,189,2,Synergy Networks - Initial License,Qualification,662786,2025-03-02,2024-12-23,Inbound - Content,Best Case,False,False,,,5,POC setup,New Business,2024-12-23T00:00:00
2315,622,11,Nova Enterprises - Platform Deal,Closed Won,40992,2024-12-31,2024-11-18,Outbound - AE,Closed,True,True,,,31,,New Business,2024-11-18T00:00:00
2316,659,6,Velocity Partners - Platform Deal,Qualification,49542,2023-08-12,2023-01-01,Outbound - AE,Best Case,False,False,,,8,Executive alignment,New Business,2023-01-01T00:00:00
2317,471,7,Elevate Analytics - Initial License,Discovery,11375,2023-12-05,2023-08-18,Outbound - AE,Pipeline,False,False,CompetitorC,,46,Send proposal,New Business,2023-08-18T00:00:00
2318,763,12,Pinnacle Dynamics - Platform Deal,Prospecting,44991,2025-01-14,2024-11-27,Event,Pipeline,False,False,CompetitorD,,4,POC setup,New Business,2024-11-27T00:00:00
2319,685,16,Synergy Systems - Initial License,Closed Lost,181509,2024-12-31,2024-12-29,Outbound - SDR,Omitted,False,True,CompetitorC,Price,41,,New Business,2024-12-29T00:00:00
2320,784,12,Synergy Systems - Platform Deal,Qualification,72764,2023-03-26,2022-12-22,Inbound - Content,Best Case,False,False,,,47,Legal review,New Business,2022-12-22T00:00:00
2321,771,4,Vanguard Dynamics - Platform Deal,Prospecting,38231,2025-08-03,2024-12-12,Event,Pipeline,False,False,Open Source Alternative,,30,Executive alignment,New Business,2024-12-12T00:00:00
2322,638,6,Vanguard Solutions - Platform Deal,Proposal,228627,2024-04-06,2023-08-11,Outbound - AE,Best Case,False,False,CompetitorC,,46,Executive alignment,New Business,2023-08-11T00:00:00
2323,797,8,Atlas Group - Platform Deal,Discovery,49573,2024-05-11,2023-11-07,Webinar,Pipeline,False,False,,,6,Technical review,New Business,2023-11-07T00:00:00
2324,380,1,Synergy Digital - New Business,Proposal,649936,2025-03-16,2024-10-11,Outbound - AE,Best Case,False,False,CompetitorB,,27,Legal review,New Business,2024-10-11T00:00:00
2325,515,16,Elevate Labs - New Business,Proposal,84605,2024-06-30,2023-11-09,Partner Referral,Best Case,False,False,CompetitorE,,52,POC setup,New Business,2023-11-09T00:00:00
2326,362,6,Optima Corp - Platform Deal,Prospecting,123707,2021-09-08,2021-09-27,Webinar,Pipeline,False,False,CompetitorD,,20,Technical review,New Business,2021-09-27T00:00:00
2327,950,4,Fusion Enterprises - New Business,Closed Lost,127142,2023-12-19,2023-11-21,Partner Referral,Omitted,False,True,,Budget Cut,7,,New Business,2023-11-21T00:00:00
2328,720,11,Pinnacle Networks - New Business,Discovery,1143261,2024-04-27,2024-03-19,Outbound - AE,Pipeline,False,False,CompetitorD,,58,Schedule demo,New Business,2024-03-19T00:00:00
2329,894,5,Quantum Software - Platform Deal,Closed Lost,23274,2021-11-04,2021-05-08,Webinar,Omitted,False,True,CompetitorA,Price,60,,New Business,2021-05-08T00:00:00
2330,54,7,Acme Holdings - Platform Deal,Negotiation,48949,2025-01-13,2024-11-29,Product-Led,Commit,False,False,CompetitorA,,23,Executive alignment,New Business,2024-11-29T00:00:00
2331,306,2,Global Inc - Initial License,Closed Lost,145433,2023-06-25,2023-04-27,Event,Omitted,False,True,CompetitorC,Timing,45,,New Business,2023-04-27T00:00:00
2332,762,7,Pinnacle Enterprises - Platform Deal,Qualification,17690,2022-01-19,2021-08-05,Outbound - AE,Best Case,False,False,,,42,Legal review,New Business,2021-08-05T00:00:00
2333,682,5,Acme Partners - Platform Deal,Prospecting,14921,2025-02-24,2024-08-01,Outbound - SDR,Pipeline,False,False,CompetitorD,,55,Schedule demo,New Business,2024-08-01T00:00:00
1769,24,16,Synergy Software - Platform Deal,Discovery,26367,2025-03-22,2024-12-14,Partner Referral,Pipeline,False,False,CompetitorB,,36,Schedule demo,New Business,2024-12-14T00:00:00
2335,510,10,Synergy Services - New Business,Discovery,52965,2024-01-30,2023-10-17,Outbound - SDR,Pipeline,False,False,CompetitorD,,6,Technical review,New Business,2023-10-17T00:00:00
2336,267,7,Catalyst Inc - Initial License,Prospecting,91091,2021-11-27,2021-09-23,Webinar,Pipeline,False,False,CompetitorE,,17,Send proposal,New Business,2021-09-23T00:00:00
2337,794,4,Vanguard Networks - Platform Deal,Prospecting,6984,2025-04-13,2024-11-27,Outbound - AE,Pipeline,False,False,CompetitorB,,49,Send proposal,New Business,2024-11-27T00:00:00
2338,267,9,Catalyst Inc - Platform Deal,Qualification,197201,2023-10-05,2023-01-20,Product-Led,Best Case,False,False,CompetitorE,,45,Reference call,New Business,2023-01-20T00:00:00
2339,213,7,Atlas Digital - New Business,Proposal,11523,2023-08-09,2023-04-13,Inbound - Web,Best Case,False,False,,,52,POC setup,New Business,2023-04-13T00:00:00
2340,473,9,Pinnacle Enterprises - New Business,Prospecting,14849,2025-08-27,2024-12-10,Inbound - Web,Pipeline,False,False,CompetitorC,,25,Technical review,New Business,2024-12-10T00:00:00
2341,74,10,Acme Holdings - Platform Deal,Prospecting,201825,2025-02-12,2024-10-21,Webinar,Pipeline,False,False,CompetitorC,,42,Contract signing,New Business,2024-10-21T00:00:00
2342,473,9,Pinnacle Enterprises - New Business,Negotiation,20725,2024-12-01,2024-10-26,Partner Referral,Commit,False,False,,,62,Legal review,New Business,2024-10-26T00:00:00
2343,847,4,Nexus Group - Initial License,Closed Won,209799,2023-03-19,2022-09-04,Partner Referral,Closed,True,True,CompetitorA,,2,,New Business,2022-09-04T00:00:00
2344,815,2,Nova Systems - Expansion,Closed Lost,30755,2024-12-31,2024-12-17,Outbound - SDR,Omitted,False,True,,Champion Left,6,,Expansion,2024-12-17T00:00:00
2345,375,10,Atlas Networks - Platform Deal,Qualification,44299,2024-04-12,2024-01-04,Inbound - Web,Best Case,False,False,,,38,Technical review,New Business,2024-01-04T00:00:00
2346,507,13,Nova Services - New Business,Negotiation,40299,2025-03-30,2024-11-26,Inbound - Web,Commit,False,False,,,49,Contract signing,New Business,2024-11-26T00:00:00
2347,863,6,Apex Platforms - Initial License,Closed Won,367312,2024-12-31,2024-12-02,Outbound - SDR,Closed,True,True,CompetitorD,,17,,New Business,2024-12-02T00:00:00
2348,841,9,Pacific Inc - New Business,Prospecting,12706,2022-04-04,2022-02-26,Partner Referral,Pipeline,False,False,CompetitorD,,24,Executive alignment,New Business,2022-02-26T00:00:00
2349,227,3,Vanguard Technologies - Platform Deal,Closed Lost,142193,2024-03-16,2023-10-31,Outbound - AE,Omitted,False,True,CompetitorA,Price,42,,New Business,2023-10-31T00:00:00
2350,856,1,Vertex Digital - New Business,Qualification,29419,2020-08-09,2020-07-04,Outbound - SDR,Best Case,False,False,CompetitorC,,15,Reference call,New Business,2020-07-04T00:00:00
2351,808,13,Nexus Group - Platform Deal,Qualification,216533,2024-12-28,2024-11-20,Outbound - SDR,Best Case,False,False,,,63,,New Business,2024-11-20T00:00:00
2352,10,12,Elevate Analytics - Expansion,Qualification,18704,2024-06-30,2023-11-20,Partner Referral,Best Case,False,False,,,45,Legal review,Expansion,2023-11-20T00:00:00
2353,892,4,Vanguard Dynamics - Platform Deal,Closed Lost,12103,2024-08-24,2024-06-12,Outbound - SDR,Omitted,False,True,CompetitorB,Competitor,44,,New Business,2024-06-12T00:00:00
539,915,9,Pacific Holdings - New Business,Closed Lost,106834,2024-08-13,2024-02-26,Outbound - SDR,Omitted,False,True,CompetitorA,Timing,33,,New Business,2024-02-26T00:00:00
2355,939,10,Global Holdings - New Business,Prospecting,23390,2024-07-16,2024-07-17,Webinar,Pipeline,False,False,CompetitorD,,20,POC setup,New Business,2024-07-17T00:00:00
2356,868,12,Zenith Group - Platform Deal,Qualification,235197,2024-02-23,2023-11-11,Event,Best Case,False,False,,,26,Reference call,New Business,2023-11-11T00:00:00
2357,651,5,Apex Corp - Initial License,Discovery,33737,2023-08-04,2023-03-03,Inbound - Web,Pipeline,False,False,Open Source Alternative,,18,,New Business,2023-03-03T00:00:00
2358,740,11,Optima Labs - Platform Deal,Discovery,6924,2024-08-25,2024-06-12,Outbound - SDR,Pipeline,False,False,CompetitorA,,20,,New Business,2024-06-12T00:00:00
2359,970,16,Catalyst Partners - Initial License,Prospecting,48105,2025-07-30,2024-12-23,Outbound - AE,Pipeline,False,False,Open Source Alternative,,11,Legal review,New Business,2024-12-23T00:00:00
2360,255,7,Nexus Technologies - New Business,Closed Lost,268889,2022-01-28,2021-12-09,Webinar,Omitted,False,True,Open Source Alternative,Feature Gap,59,,New Business,2021-12-09T00:00:00
2361,175,2,Fusion Analytics - Initial License,Qualification,95515,2024-12-07,2024-09-17,Outbound - AE,Best Case,False,False,Open Source Alternative,,29,Technical review,New Business,2024-09-17T00:00:00
2362,269,7,Nexus Systems - Initial License,Closed Lost,54891,2023-06-20,2023-01-30,Webinar,Omitted,False,True,,No Decision,54,,New Business,2023-01-30T00:00:00
2363,344,16,Synergy Systems - Expansion,Proposal,177417,2024-11-20,2024-09-23,Inbound - Content,Best Case,False,False,CompetitorB,,3,Executive alignment,Expansion,2024-09-23T00:00:00
2364,435,14,Nova Digital - Initial License,Qualification,39707,2025-05-25,2024-12-24,Inbound - Content,Best Case,False,False,Open Source Alternative,,68,,New Business,2024-12-24T00:00:00
2365,949,10,Quantum Holdings - New Business,Proposal,192396,2024-08-26,2024-05-19,Product-Led,Best Case,False,False,CompetitorE,,47,,New Business,2024-05-19T00:00:00
2366,506,10,Catalyst Holdings - Initial License,Prospecting,10405,2022-09-24,2022-02-17,Event,Pipeline,False,False,,,50,Technical review,New Business,2022-02-17T00:00:00
2367,611,1,Horizon Services - Initial License,Closed Won,143296,2024-09-23,2024-06-13,Product-Led,Closed,True,True,Open Source Alternative,,20,,New Business,2024-06-13T00:00:00
2368,167,7,Vanguard Software - Initial License,Closed Won,42264,2023-03-21,2022-08-09,Product-Led,Closed,True,True,CompetitorA,,9,,New Business,2022-08-09T00:00:00
2369,3,1,Pacific Platforms - Platform Deal,Proposal,69965,2023-10-13,2023-08-29,Product-Led,Best Case,False,False,CompetitorC,,11,Legal review,New Business,2023-08-29T00:00:00
2370,682,5,Acme Partners - New Business,Proposal,29981,2024-08-19,2024-02-12,Inbound - Web,Best Case,False,False,CompetitorE,,47,POC setup,New Business,2024-02-12T00:00:00
2371,479,4,Summit Enterprises - Platform Deal,Discovery,12863,2024-03-02,2023-11-17,Outbound - AE,Pipeline,False,False,,,11,Send proposal,New Business,2023-11-17T00:00:00
2372,904,7,Optima Holdings - Initial License,Negotiation,60166,2021-02-05,2020-10-31,Webinar,Commit,False,False,,,50,POC setup,New Business,2020-10-31T00:00:00
2373,461,6,Global Networks - Initial License,Prospecting,521075,2024-02-21,2023-06-10,Outbound - AE,Pipeline,False,False,CompetitorA,,37,,New Business,2023-06-10T00:00:00
2374,668,13,Summit Software - New Business,Discovery,35865,2025-03-30,2024-10-01,Inbound - Web,Pipeline,False,False,,,47,,New Business,2024-10-01T00:00:00
2375,405,7,Vanguard Dynamics - New Business,Closed Won,108732,2021-04-12,2020-11-08,Product-Led,Closed,True,True,CompetitorC,,43,,New Business,2020-11-08T00:00:00
2376,317,1,Global Labs - New Business,Closed Lost,69864,2023-06-01,2023-04-15,Event,Omitted,False,True,,Timing,35,,New Business,2023-04-15T00:00:00
2377,283,16,Elevate Inc - Initial License,Closed Lost,9723,2024-12-31,2024-12-14,Webinar,Omitted,False,True,,Feature Gap,40,,New Business,2024-12-14T00:00:00
2378,656,6,Global Platforms - Initial License,Qualification,41959,2021-09-11,2021-04-15,Partner Referral,Best Case,False,False,Open Source Alternative,,22,Technical review,New Business,2021-04-15T00:00:00
2379,352,14,Global Dynamics - Platform Deal,Discovery,30879,2024-10-23,2024-05-14,Partner Referral,Pipeline,False,False,Open Source Alternative,,40,POC setup,New Business,2024-05-14T00:00:00
2380,932,4,Synergy Corp - Initial License,Discovery,38397,2025-01-30,2024-09-30,Outbound - SDR,Pipeline,False,False,,,51,POC setup,New Business,2024-09-30T00:00:00
2381,784,12,Synergy Systems - New Business,Negotiation,42191,2025-03-30,2024-08-09,Event,Commit,False,False,,,47,Executive alignment,New Business,2024-08-09T00:00:00
2382,900,7,Horizon Networks - Initial License,Proposal,8203,2023-05-05,2023-01-05,Inbound - Web,Best Case,False,False,CompetitorE,,5,,New Business,2023-01-05T00:00:00
2383,372,11,Nova Enterprises - Platform Deal,Closed Won,652066,2024-08-28,2024-03-18,Inbound - Web,Closed,True,True,,,46,,New Business,2024-03-18T00:00:00
2384,762,7,Pinnacle Enterprises - New Business,Qualification,25532,2025-04-07,2024-08-18,,Best Case,False,False,,,12,Executive alignment,New Business,2024-08-18T00:00:00
2385,52,4,Vertex Analytics - Platform Deal,Negotiation,30300,2023-11-11,2023-10-09,Partner Referral,Commit,False,False,Open Source Alternative,,3,Technical review,New Business,2023-10-09T00:00:00
1453,80,9,Optima Enterprises - Platform Deal,Closed Lost,209644,2022-05-19,2022-04-27,Webinar,Omitted,False,True,,No Decision,30,,New Business,2022-04-27T00:00:00
2387,138,5,Catalyst Group - Contract Renewal,Discovery,73491,2025-05-12,2024-11-01,Outbound - SDR,Pipeline,False,False,,,12,Schedule demo,Renewal,2024-11-01T00:00:00
2388,948,4,Quantum Corp - Initial License,Closed Lost,43476,2024-12-31,2024-12-01,,Omitted,False,True,CompetitorA,Lost to Status Quo,28,,New Business,2024-12-01T00:00:00
2389,299,1,Horizon Enterprises - New Business,Discovery,141832,2025-01-29,2024-12-13,Event,Pipeline,False,False,CompetitorD,,36,Executive alignment,New Business,2024-12-13T00:00:00
2390,909,6,Pinnacle Solutions - New Business,Closed Lost,16523,2024-12-31,2024-08-21,Event,Omitted,False,True,,Budget Cut,7,,New Business,2024-08-21T00:00:00
2391,940,5,Vertex Inc - Platform Deal,Closed Lost,314807,2024-03-16,2023-10-30,Outbound - SDR,Omitted,False,True,CompetitorE,Champion Left,15,,New Business,2023-10-30T00:00:00
2392,887,16,Summit Corp - New Business,Proposal,17503,2025-02-17,2024-12-11,Event,Best Case,False,False,CompetitorB,,7,Schedule demo,New Business,2024-12-11T00:00:00
2393,356,12,Vanguard Corp - Initial License,Closed Won,6882,2022-09-24,2022-04-15,Product-Led,Closed,True,True,CompetitorD,,21,,New Business,2022-04-15T00:00:00
2394,809,7,Synergy Systems - Platform Deal,Qualification,38563,2022-03-26,2021-07-20,Event,Best Case,False,False,,,56,Executive alignment,New Business,2021-07-20T00:00:00
2395,392,9,Horizon Enterprises - Initial License,Prospecting,20020,2024-02-04,2023-06-02,Webinar,Pipeline,False,False,Open Source Alternative,,24,Reference call,New Business,2023-06-02T00:00:00
2396,778,13,Pacific Analytics - Initial License,Prospecting,24507,2020-12-27,2020-11-15,Inbound - Content,Pipeline,False,False,,,49,Send proposal,New Business,2020-11-15T00:00:00
2397,798,7,Synergy Solutions - New Business,Prospecting,146332,2025-02-22,2024-10-03,Webinar,Pipeline,False,False,,,4,Contract signing,New Business,2024-10-03T00:00:00
2398,239,7,Synergy Networks - Upsell,Closed Lost,24196,2023-12-22,2023-10-06,Partner Referral,Omitted,False,True,Open Source Alternative,Champion Left,1,,Expansion,2023-10-06T00:00:00
2399,64,4,Synergy Inc - Initial License,Closed Lost,29975,2023-09-27,2023-08-06,Partner Referral,Omitted,False,True,Open Source Alternative,Competitor,9,,New Business,2023-08-06T00:00:00
2400,265,10,Horizon Group - Initial License,Closed Won,29497,2023-09-21,2023-04-02,Event,Closed,True,True,CompetitorB,,34,,New Business,2023-04-02T00:00:00
2401,411,10,Elevate Enterprises - Initial License,Discovery,700632,2025-01-29,2024-12-17,Webinar,Pipeline,False,False,CompetitorA,,65,,New Business,2024-12-17T00:00:00
2402,999,16,Elevate Corp - Platform Deal,Prospecting,770380,2025-05-14,2024-12-11,Inbound - Web,Pipeline,False,False,CompetitorC,,3,Schedule demo,New Business,2024-12-11T00:00:00
2403,819,14,Apex Platforms - Initial License,Proposal,48599,2025-05-24,2024-12-28,Partner Referral,Best Case,False,False,Open Source Alternative,,16,Executive alignment,New Business,2024-12-28T00:00:00
2404,505,16,Vertex Partners - Initial License,Prospecting,38264,2025-07-24,2024-11-08,Inbound - Content,Pipeline,False,False,,,46,Schedule demo,New Business,2024-11-08T00:00:00
2405,343,3,Vertex Labs - New Business,Qualification,857673,2025-04-04,2024-11-08,Outbound - AE,Best Case,False,False,CompetitorC,,6,Technical review,New Business,2024-11-08T00:00:00
2406,946,13,Vanguard Group - Initial License,Proposal,53247,2025-02-13,2024-12-16,Inbound - Content,Best Case,False,False,Open Source Alternative,,34,,New Business,2024-12-16T00:00:00
2407,403,16,Elevate Networks - Platform Deal,Discovery,13344,2021-01-07,2020-05-01,Outbound - AE,Pipeline,False,False,,,57,Reference call,New Business,2020-05-01T00:00:00
239,96,9,Optima Holdings - New Business,Qualification,12302,2024-12-10,2024-09-27,Outbound - SDR,Best Case,False,False,CompetitorC,,10,Reference call,New Business,2024-09-27T00:00:00
2409,685,9,Synergy Systems - Initial License,Closed Lost,73858,2024-12-31,2024-11-30,Outbound - SDR,Omitted,False,True,,No Decision,40,,New Business,2024-11-30T00:00:00
2410,483,13,Elevate Group - Initial License,Proposal,121288,2025-01-06,2024-06-06,Inbound - Web,Best Case,False,False,CompetitorE,,18,Legal review,New Business,2024-06-06T00:00:00
2411,771,15,Vanguard Dynamics - Initial License,Closed Lost,9342,2024-09-26,2024-04-28,Webinar,Omitted,False,True,,Competitor,63,,New Business,2024-04-28T00:00:00
2412,532,13,Elevate Partners - New Business,Qualification,28047,2021-08-23,2021-05-12,Outbound - AE,Best Case,False,False,CompetitorB,,32,Technical review,New Business,2021-05-12T00:00:00
2413,848,2,Horizon Networks - Initial License,Prospecting,140571,2025-07-19,2024-12-15,Product-Led,Pipeline,False,False,CompetitorE,,22,Schedule demo,New Business,2024-12-15T00:00:00
2414,857,16,Quantum Corp - Platform Deal,Qualification,28097,2024-09-19,2024-05-07,Outbound - AE,Best Case,False,False,CompetitorA,,54,Legal review,New Business,2024-05-07T00:00:00
2415,403,14,Elevate Networks - Platform Deal,Qualification,26914,2024-12-17,2024-04-08,Event,Best Case,False,False,,,34,,New Business,2024-04-08T00:00:00
2416,588,9,Elevate Services - New Business,Qualification,220325,2025-03-27,2024-08-12,Outbound - AE,Best Case,False,False,CompetitorA,,42,Send proposal,New Business,2024-08-12T00:00:00
2417,525,1,Vertex Networks - New Business,Discovery,210949,2024-12-27,2024-11-25,Inbound - Web,Pipeline,False,False,CompetitorB,,17,Technical review,New Business,2024-11-25T00:00:00
2418,535,3,Quantum Partners - New Business,Qualification,22376,2025-02-13,2024-07-04,Partner Referral,Best Case,False,False,CompetitorC,,3,POC setup,New Business,2024-07-04T00:00:00
2419,418,10,Zenith Networks - Upsell,Prospecting,33120,2025-07-23,2024-11-26,Partner Referral,Pipeline,False,False,CompetitorD,,6,Schedule demo,Expansion,2024-11-26T00:00:00
2420,38,8,Catalyst Labs - Platform Deal,Prospecting,47587,2025-03-06,2024-12-07,,Pipeline,False,False,CompetitorB,,35,Schedule demo,New Business,2024-12-07T00:00:00
2421,144,7,Pinnacle Enterprises - Platform Deal,Closed Won,33484,2024-09-26,2024-05-17,Webinar,Closed,True,True,CompetitorC,,22,,New Business,2024-05-17T00:00:00
2422,447,12,Atlas Analytics - New Business,Closed Lost,947033,2024-12-31,2024-12-05,Product-Led,Omitted,False,True,,Competitor,69,,New Business,2024-12-05T00:00:00
2423,387,9,Pacific Solutions - Platform Deal,Proposal,164160,2025-06-01,2024-12-13,Event,Best Case,False,False,,,66,,New Business,2024-12-13T00:00:00
2424,288,8,Horizon Software - Platform Deal,Closed Won,31789,2024-06-23,2024-03-24,Outbound - SDR,Closed,True,True,CompetitorB,,21,,New Business,2024-03-24T00:00:00
2425,342,6,Optima Dynamics - Initial License,Discovery,22174,2025-05-30,2024-11-15,Inbound - Content,Pipeline,False,False,CompetitorB,,55,POC setup,New Business,2024-11-15T00:00:00
2426,229,5,Fusion Platforms - New Business,Discovery,41321,2021-07-07,2021-05-28,Partner Referral,Pipeline,False,False,CompetitorE,,15,Schedule demo,New Business,2021-05-28T00:00:00
2427,830,13,Pacific Enterprises - New Business,Closed Lost,95802,2024-12-16,2024-11-09,Outbound - SDR,Omitted,False,True,,Budget Cut,71,,New Business,2024-11-09T00:00:00
2428,787,11,Velocity Corp - Initial License,Proposal,128350,2023-12-31,2023-11-18,Event,Best Case,False,False,,,23,Technical review,New Business,2023-11-18T00:00:00
2429,511,16,Pacific Digital - Platform Deal,Closed Lost,250221,2024-12-30,2024-12-06,Product-Led,Omitted,False,True,Open Source Alternative,Competitor,18,,New Business,2024-12-06T00:00:00
2430,624,16,Apex Holdings - New Business,Qualification,154716,2025-02-15,2024-11-20,Inbound - Content,Best Case,False,False,Open Source Alternative,,56,Schedule demo,New Business,2024-11-20T00:00:00
2431,715,10,Global Enterprises - New Business,Closed Lost,55668,2024-12-31,2024-12-05,Outbound - SDR,Omitted,False,True,CompetitorD,Competitor,63,,New Business,2024-12-05T00:00:00
2432,534,5,Catalyst Technologies - Platform Deal,Closed Lost,23105,2024-06-25,2024-04-27,Webinar,Omitted,False,True,CompetitorA,No Decision,43,,New Business,2024-04-27T00:00:00
2433,164,15,Pinnacle Solutions - Initial License,Proposal,148826,2025-02-22,2024-10-05,Inbound - Content,Best Case,False,False,CompetitorA,,20,Reference call,New Business,2024-10-05T00:00:00
1555,304,12,Vertex Analytics - Platform Deal,Closed Won,153147,2024-12-31,2024-09-20,Event,Closed,True,True,,,61,,New Business,2024-09-20T00:00:00
2435,278,8,Optima Dynamics - Platform Deal,Closed Won,10565,2023-03-25,2022-11-28,Partner Referral,Closed,True,True,CompetitorD,,28,,New Business,2022-11-28T00:00:00
2436,692,2,Optima Platforms - New Business,Proposal,20255,2023-06-18,2023-03-12,Outbound - AE,Best Case,False,False,Open Source Alternative,,3,Executive alignment,New Business,2023-03-12T00:00:00
2437,652,1,Catalyst Analytics - New Business,Qualification,129310,2025-06-02,2024-09-11,Event,Best Case,False,False,,,11,,New Business,2024-09-11T00:00:00
2438,444,10,Catalyst Analytics - Platform Deal,Discovery,56539,2025-06-10,2024-11-16,Outbound - AE,Pipeline,False,False,Open Source Alternative,,17,Reference call,New Business,2024-11-16T00:00:00
2439,250,5,Global Analytics - Initial License,Closed Lost,43872,2024-05-03,2023-12-25,Outbound - SDR,Omitted,False,True,CompetitorB,Feature Gap,5,,New Business,2023-12-25T00:00:00
2440,260,14,Apex Digital - Platform Deal,Proposal,5563,2022-12-30,2022-10-19,Inbound - Content,Best Case,False,False,CompetitorA,,5,POC setup,New Business,2022-10-19T00:00:00
2441,61,7,Optima Group - New Business,Qualification,17843,2023-12-16,2023-05-06,Webinar,Best Case,False,False,CompetitorA,,49,Send proposal,New Business,2023-05-06T00:00:00
2442,400,4,Vanguard Inc - New Business,Prospecting,10525,2023-08-03,2023-05-31,Inbound - Web,Pipeline,False,False,,,5,Schedule demo,New Business,2023-05-31T00:00:00
2443,419,2,Nova Software - Initial License,Discovery,173030,2024-08-07,2023-11-13,Webinar,Pipeline,False,False,CompetitorD,,28,Legal review,New Business,2023-11-13T00:00:00
2444,464,6,Summit Enterprises - Contract Renewal,Discovery,85504,2022-07-18,2022-04-27,Product-Led,Pipeline,False,False,CompetitorC,,47,,Renewal,2022-04-27T00:00:00
2445,180,16,Zenith Corp - Platform Deal,Negotiation,162533,2024-02-16,2023-09-15,Outbound - SDR,Commit,False,False,CompetitorC,,49,Executive alignment,New Business,2023-09-15T00:00:00
2446,38,8,Catalyst Labs - Platform Deal,Negotiation,46910,2025-05-07,2024-09-23,Partner Referral,Commit,False,False,,,43,Executive alignment,New Business,2024-09-23T00:00:00
2447,142,15,Velocity Enterprises - New Business,Discovery,9890,2025-07-04,2024-12-31,Partner Referral,Pipeline,False,False,CompetitorC,,22,Send proposal,New Business,2024-12-31T00:00:00
2448,8,4,Velocity Holdings - Platform Deal,Proposal,48475,2024-02-12,2023-09-13,Partner Referral,Best Case,False,False,,,27,,New Business,2023-09-13T00:00:00
2449,978,12,Horizon Corp - Platform Deal,Prospecting,51508,2025-03-29,2024-10-04,Event,Pipeline,False,False,CompetitorD,,34,Technical review,New Business,2024-10-04T00:00:00
2450,876,14,Nexus Analytics - Initial License,Qualification,125494,2023-12-06,2023-07-20,Outbound - SDR,Best Case,False,False,Open Source Alternative,,49,Executive alignment,New Business,2023-07-20T00:00:00
2451,416,15,Velocity Enterprises - Platform Deal,Discovery,829798,2021-02-18,2020-10-29,Partner Referral,Pipeline,False,False,,,17,Contract signing,New Business,2020-10-29T00:00:00
2452,19,12,Zenith Platforms - Initial License,Prospecting,45533,2024-03-31,2023-07-17,Inbound - Content,Pipeline,False,False,Open Source Alternative,,2,Executive alignment,New Business,2023-07-17T00:00:00
2453,963,8,Quantum Systems - Initial License,Proposal,55042,2024-06-24,2024-02-17,Inbound - Content,Best Case,False,False,CompetitorA,,46,Technical review,New Business,2024-02-17T00:00:00
2454,874,8,Atlas Group - Initial License,Closed Won,10130,2024-02-17,2023-10-16,Inbound - Content,Closed,True,True,,,41,,New Business,2023-10-16T00:00:00
2455,66,15,Optima Solutions - Platform Deal,Negotiation,117567,2025-02-20,2024-08-19,Outbound - SDR,Commit,False,False,CompetitorC,,64,POC setup,New Business,2024-08-19T00:00:00
2456,421,5,Pinnacle Digital - New Business,Prospecting,32281,2024-12-06,2024-10-17,Inbound - Web,Pipeline,False,False,,,46,Technical review,New Business,2024-10-17T00:00:00
2457,613,10,Vanguard Dynamics - New Business,Prospecting,26372,2025-03-22,2024-12-31,Webinar,Pipeline,False,False,,,28,POC setup,New Business,2024-12-31T00:00:00
2458,116,3,Horizon Technologies - New Business,Prospecting,28488,2025-05-10,2024-10-04,Webinar,Pipeline,False,False,CompetitorE,,13,Reference call,New Business,2024-10-04T00:00:00
2459,412,14,Elevate Group - New Business,Discovery,159871,2022-06-03,2021-11-13,Inbound - Content,Pipeline,False,False,,,42,Legal review,New Business,2021-11-13T00:00:00
2460,808,8,Nexus Group - Platform Deal,Prospecting,36843,2022-09-06,2022-09-14,Webinar,Pipeline,False,False,CompetitorD,,40,Contract signing,New Business,2022-09-14T00:00:00
2461,733,12,Summit Holdings - New Business,Qualification,11779,2023-08-18,2023-06-20,Partner Referral,Best Case,False,False,Open Source Alternative,,53,POC setup,New Business,2023-06-20T00:00:00
2462,916,9,Synergy Inc - New Business,Qualification,173740,2023-06-12,2022-11-02,Inbound - Content,Best Case,False,False,CompetitorE,,22,Contract signing,New Business,2022-11-02T00:00:00
2463,136,12,Atlas Services - New Business,Discovery,22184,2023-04-25,2022-09-01,Outbound - SDR,Pipeline,False,False,CompetitorD,,29,POC setup,New Business,2022-09-01T00:00:00
2464,233,14,Synergy Technologies - Platform Deal,Discovery,23349,2025-07-22,2024-11-14,Inbound - Content,Pipeline,False,False,CompetitorA,,78,,New Business,2024-11-14T00:00:00
2465,705,12,Atlas Services - Initial License,Qualification,190164,2023-11-09,2023-04-16,Inbound - Content,Best Case,False,False,CompetitorE,,32,Schedule demo,New Business,2023-04-16T00:00:00
2466,359,2,Quantum Digital - New Business,Proposal,464317,2024-08-12,2024-02-18,Inbound - Web,Best Case,False,False,CompetitorB,,31,Legal review,New Business,2024-02-18T00:00:00
2467,71,8,Apex Solutions - Initial License,Negotiation,53843,2025-03-26,2024-11-22,Outbound - SDR,Commit,False,False,CompetitorB,,17,Contract signing,New Business,2024-11-22T00:00:00
2468,863,16,Apex Platforms - Additional Seats,Closed Lost,75120,2024-11-19,2024-10-05,Event,Omitted,False,True,CompetitorC,Feature Gap,45,,Expansion,2024-10-05T00:00:00
2469,880,13,Horizon Inc - Initial License,Prospecting,44279,2024-11-20,2024-10-16,Webinar,Pipeline,False,False,,,49,,New Business,2024-10-16T00:00:00
2470,735,4,Nova Labs - Platform Deal,Qualification,130711,2024-08-20,2024-03-29,Outbound - AE,Best Case,False,False,CompetitorE,,22,POC setup,New Business,2024-03-29T00:00:00
2471,379,15,Zenith Labs - Initial License,Discovery,39706,2024-04-25,2024-03-13,Outbound - SDR,Pipeline,False,False,,,22,Technical review,New Business,2024-03-13T00:00:00
2472,910,13,Pinnacle Digital - Platform Deal,Proposal,142660,2023-04-06,2023-04-23,Inbound - Content,Best Case,False,False,,,70,Executive alignment,New Business,2023-04-23T00:00:00
2473,233,6,Synergy Technologies - Platform Deal,Discovery,39249,2025-05-30,2024-12-16,Product-Led,Pipeline,False,False,Open Source Alternative,,2,Reference call,New Business,2024-12-16T00:00:00
2474,174,10,Pinnacle Software - Initial License,Discovery,187888,2025-02-28,2024-12-28,Outbound - SDR,Pipeline,False,False,CompetitorE,,53,Send proposal,New Business,2024-12-28T00:00:00
2323,212,8,Nova Corp - Platform Deal,Prospecting,111981,2025-03-29,2024-11-22,Partner Referral,Pipeline,False,False,CompetitorE,,6,Schedule demo,New Business,2024-11-22T00:00:00
2476,124,12,Optima Technologies - New Business,Qualification,233187,2023-09-28,2023-06-18,Partner Referral,Best Case,False,False,,,19,Legal review,New Business,2023-06-18T00:00:00
2477,775,1,Zenith Services - Platform Deal,Proposal,7982,2023-12-27,2023-10-31,Partner Referral,Best Case,False,False,CompetitorA,,22,Executive alignment,New Business,2023-10-31T00:00:00
2478,795,7,Atlas Solutions - Platform Deal,Proposal,268753,2025-02-05,2024-12-14,Product-Led,Best Case,False,False,,,56,Executive alignment,New Business,2024-12-14T00:00:00
2479,254,16,Global Holdings - Additional Seats,Discovery,51280,2023-12-07,2023-04-13,Inbound - Web,Pipeline,False,False,,,6,Executive alignment,Expansion,2023-04-13T00:00:00
2480,209,15,Vertex Analytics - Initial License,Negotiation,5103,2025-01-23,2024-07-13,Product-Led,Commit,False,False,CompetitorA,,27,POC setup,New Business,2024-07-13T00:00:00
2481,250,3,Global Analytics - Expansion,Prospecting,15488,2024-09-23,2024-07-11,Inbound - Web,Pipeline,False,False,CompetitorB,,3,Legal review,Expansion,2024-07-11T00:00:00
2482,573,11,Quantum Networks - Platform Deal,Discovery,201227,2025-05-08,2024-11-27,Outbound - AE,Pipeline,False,False,CompetitorA,,31,Executive alignment,New Business,2024-11-27T00:00:00
2483,874,6,Atlas Group - Contract Renewal,Closed Won,48946,2024-12-31,2024-10-01,,Closed,True,True,CompetitorD,,32,,Renewal,2024-10-01T00:00:00
2484,818,1,Pacific Digital - Initial License,Prospecting,21508,2025-04-04,2024-10-23,Webinar,Pipeline,False,False,CompetitorA,,33,,New Business,2024-10-23T00:00:00
2485,325,9,Optima Services - New Business,Proposal,33475,2025-02-11,2024-08-29,Event,Best Case,False,False,CompetitorB,,11,Executive alignment,New Business,2024-08-29T00:00:00
2486,210,10,Apex Platforms - Platform Deal,Discovery,98175,2025-01-28,2024-09-11,Partner Referral,Pipeline,False,False,,,29,Schedule demo,New Business,2024-09-11T00:00:00
2487,731,7,Acme Enterprises - Additional Seats,Qualification,94888,2024-05-18,2024-01-16,Webinar,Best Case,False,False,CompetitorA,,27,Legal review,Expansion,2024-01-16T00:00:00
2488,301,12,Atlas Partners - Initial License,Prospecting,16229,2024-05-16,2024-03-20,Outbound - AE,Pipeline,False,False,CompetitorA,,18,Send proposal,New Business,2024-03-20T00:00:00
2489,183,10,Nexus Inc - Platform Deal,Discovery,13583,2024-11-11,2024-09-18,Outbound - AE,Pipeline,False,False,CompetitorE,,23,Technical review,New Business,2024-09-18T00:00:00
2490,308,12,Vanguard Solutions - Platform Deal,Discovery,60811,2025-01-27,2024-06-18,Outbound - AE,Pipeline,False,False,CompetitorB,,27,Reference call,New Business,2024-06-18T00:00:00
2491,759,6,Atlas Dynamics - New Business,Qualification,37852,2024-03-06,2024-01-10,Outbound - AE,Best Case,False,False,,,39,,New Business,2024-01-10T00:00:00
2492,645,3,Zenith Holdings - Platform Deal,Qualification,28027,2021-09-09,2020-12-15,Inbound - Content,Best Case,False,False,CompetitorD,,11,Technical review,New Business,2020-12-15T00:00:00
2493,954,12,Nova Enterprises - Initial License,Prospecting,20827,2025-02-01,2024-08-20,Event,Pipeline,False,False,,,37,POC setup,New Business,2024-08-20T00:00:00
2494,928,13,Quantum Inc - New Business,Proposal,9518,2025-01-15,2024-06-13,,Best Case,False,False,Open Source Alternative,,10,,New Business,2024-06-13T00:00:00
2495,653,15,Apex Partners - Platform Deal,Qualification,64126,2023-10-24,2023-07-31,Outbound - SDR,Best Case,False,False,CompetitorD,,6,Reference call,New Business,2023-07-31T00:00:00
2496,196,11,Global Networks - Platform Deal,Proposal,37247,2024-12-02,2024-09-23,Inbound - Content,Best Case,False,False,,,60,Legal review,New Business,2024-09-23T00:00:00
2497,659,11,Velocity Partners - Platform Deal,Proposal,40126,2024-06-10,2023-10-13,Product-Led,Best Case,False,False,,,35,,New Business,2023-10-13T00:00:00
2498,503,3,Fusion Platforms - Platform Deal,Discovery,33579,2024-05-02,2024-05-19,Inbound - Web,Pipeline,False,False,CompetitorB,,21,Contract signing,New Business,2024-05-19T00:00:00
2499,938,8,Global Dynamics - Platform Deal,Closed Lost,168418,2023-12-24,2023-08-08,Partner Referral,Omitted,False,True,CompetitorD,Champion Left,53,,New Business,2023-08-08T00:00:00
2500,223,16,Apex Analytics - New Business,Prospecting,7068,2025-07-14,2024-12-03,Outbound - SDR,Pipeline,False,False,CompetitorA,,51,Contract signing,New Business,2024-12-03T00:00:00
2501,606,3,Zenith Holdings - Initial License,Qualification,46510,2024-11-08,2024-04-25,Product-Led,Best Case,False,False,Open Source Alternative,,12,POC setup,New Business,2024-04-25T00:00:00
2502,246,16,Atlas Inc - Initial License,Closed Won,129194,2024-12-31,2024-11-15,Partner Referral,Closed,True,True,,,27,,New Business,2024-11-15T00:00:00
2503,135,8,Acme Holdings - New Business,Prospecting,32607,2021-07-31,2021-06-22,Outbound - AE,Pipeline,False,False,,,43,Reference call,New Business,2021-06-22T00:00:00
2504,578,1,Nova Networks - New Business,Qualification,5405,2022-05-04,2022-04-02,Product-Led,Best Case,False,False,Open Source Alternative,,35,Schedule demo,New Business,2022-04-02T00:00:00
2505,605,11,Catalyst Software - Initial License,Closed Won,35111,2024-06-04,2024-02-11,Inbound - Web,Closed,True,True,,,4,,New Business,2024-02-11T00:00:00
2506,838,16,Catalyst Digital - New Business,Qualification,37126,2025-03-11,2024-11-15,Event,Best Case,False,False,Open Source Alternative,,16,Reference call,New Business,2024-11-15T00:00:00
2507,53,12,Pacific Software - New Business,Closed Lost,189558,2022-09-04,2022-05-31,Product-Led,Omitted,False,True,CompetitorB,Price,8,,New Business,2022-05-31T00:00:00
2508,689,16,Vanguard Holdings - Platform Deal,Qualification,21745,2025-05-01,2024-10-10,Product-Led,Best Case,False,False,,,32,Technical review,New Business,2024-10-10T00:00:00
2509,342,6,Optima Dynamics - Initial License,Prospecting,40508,2023-02-22,2023-01-07,Outbound - AE,Pipeline,False,False,,,42,Legal review,New Business,2023-01-07T00:00:00
2510,418,16,Zenith Networks - New Business,Closed Lost,86810,2024-12-31,2024-10-15,Inbound - Web,Omitted,False,True,CompetitorD,Champion Left,21,,New Business,2024-10-15T00:00:00
2511,567,1,Acme Dynamics - New Business,Prospecting,,2025-03-04,2024-09-10,Partner Referral,Pipeline,False,False,,,21,Contract signing,New Business,2024-09-10T00:00:00
2512,95,3,Optima Inc - Platform Deal,Prospecting,165622,2025-06-27,2024-12-09,Outbound - SDR,Pipeline,False,False,Open Source Alternative,,22,Contract signing,New Business,2024-12-09T00:00:00
2513,55,7,Elevate Enterprises - Initial License,Prospecting,913645,2023-08-20,2023-07-07,Inbound - Web,Pipeline,False,False,CompetitorE,,32,Reference call,New Business,2023-07-07T00:00:00
2514,193,9,Summit Corp - Initial License,Proposal,1099799,2024-06-03,2023-10-12,Product-Led,Best Case,False,False,CompetitorB,,37,Legal review,New Business,2023-10-12T00:00:00
2515,222,6,Vanguard Holdings - New Business,Discovery,35900,2024-12-23,2024-09-06,Product-Led,Pipeline,False,False,,,6,Technical review,New Business,2024-09-06T00:00:00
2516,238,16,Velocity Holdings - Platform Deal,Closed Lost,7669,2024-12-19,2024-11-09,Partner Referral,Omitted,False,True,CompetitorB,Champion Left,13,,New Business,2024-11-09T00:00:00
2517,836,7,Summit Analytics - Initial License,Closed Lost,24708,2024-12-31,2024-09-22,Product-Led,Omitted,False,True,CompetitorA,No Decision,38,,New Business,2024-09-22T00:00:00
2518,577,6,Vertex Dynamics - Initial License,Negotiation,43907,2024-03-07,2024-01-07,Outbound - SDR,Commit,False,False,CompetitorD,,20,Reference call,New Business,2024-01-07T00:00:00
2519,743,11,Atlas Digital - Initial License,Negotiation,45047,2025-02-07,2024-10-18,Partner Referral,Commit,False,False,Open Source Alternative,,57,Contract signing,New Business,2024-10-18T00:00:00
2520,963,8,Quantum Systems - Initial License,Qualification,59600,2025-07-20,2024-12-10,Inbound - Content,Best Case,False,False,Open Source Alternative,,41,Contract signing,New Business,2024-12-10T00:00:00
2521,883,7,Vanguard Corp - Initial License,Closed Won,36365,2024-09-22,2024-08-04,Product-Led,Closed,True,True,,,13,,New Business,2024-08-04T00:00:00
2522,456,2,Horizon Labs - New Business,Prospecting,47344,2023-06-24,2023-04-04,Product-Led,Pipeline,False,False,Open Source Alternative,,9,Schedule demo,New Business,2023-04-04T00:00:00
2523,603,3,Velocity Corp - Additional Seats,Prospecting,12931,2024-11-06,2024-05-18,Product-Led,Pipeline,False,False,,,13,Contract signing,Expansion,2024-05-18T00:00:00
2524,475,15,Nova Platforms - Initial License,Prospecting,1021647,2024-09-09,2024-09-16,Outbound - AE,Pipeline,False,False,CompetitorD,,55,Reference call,New Business,2024-09-16T00:00:00
2525,59,15,Atlas Labs - Platform Deal,Prospecting,45422,2025-04-01,2024-07-24,Outbound - AE,Pipeline,False,False,CompetitorB,,40,Send proposal,New Business,2024-07-24T00:00:00
2526,49,12,Global Holdings - Platform Deal,Closed Lost,173936,2024-10-06,2024-04-05,Partner Referral,Omitted,False,True,Open Source Alternative,Budget Cut,2,,New Business,2024-04-05T00:00:00
2527,821,13,Catalyst Enterprises - New Business,Closed Lost,12783,2023-09-20,2023-04-04,,Omitted,False,True,Open Source Alternative,Feature Gap,31,,New Business,2023-04-04T00:00:00
2528,554,11,Atlas Solutions - New Business,Discovery,136683,2022-05-03,2022-05-08,Outbound - SDR,Pipeline,False,False,,,48,Send proposal,New Business,2022-05-08T00:00:00
2529,788,1,Acme Solutions - Initial License,Closed Won,20253,2024-12-31,2024-10-20,Product-Led,Closed,True,True,,,30,,New Business,2024-10-20T00:00:00
2530,615,5,Pacific Inc - New Business,Closed Won,20246,2022-06-09,2022-03-08,Webinar,Closed,True,True,CompetitorB,,48,,New Business,2022-03-08T00:00:00
2531,400,4,Vanguard Inc - Platform Deal,Prospecting,34496,2024-07-08,2024-01-28,Outbound - SDR,Pipeline,False,False,,,5,Executive alignment,New Business,2024-01-28T00:00:00
324,30,9,Catalyst Corp - Initial License,Prospecting,19579,2024-06-08,2024-01-14,Event,Pipeline,False,False,,,41,Executive alignment,New Business,2024-01-14T00:00:00
2533,786,1,Catalyst Corp - Platform Deal,Prospecting,157020,2025-03-03,2024-07-20,Webinar,Pipeline,False,False,,,3,POC setup,New Business,2024-07-20T00:00:00
2534,218,15,Nexus Technologies - Initial License,Closed Won,49125,2024-10-13,2024-05-06,Webinar,Closed,True,True,Open Source Alternative,,19,,New Business,2024-05-06T00:00:00
2535,932,14,Synergy Corp - New Business,Negotiation,52495,2024-10-07,2024-05-16,Product-Led,Commit,False,False,Open Source Alternative,,25,Send proposal,New Business,2024-05-16T00:00:00
2536,565,8,Horizon Holdings - Initial License,Prospecting,25022,2025-01-31,2024-12-07,Event,Pipeline,False,False,Open Source Alternative,,34,,New Business,2024-12-07T00:00:00
2537,306,2,Global Inc - Platform Deal,Closed Lost,198654,2024-11-27,2024-08-12,Partner Referral,Omitted,False,True,CompetitorC,Budget Cut,30,,New Business,2024-08-12T00:00:00
2538,989,10,Horizon Networks - Platform Deal,Prospecting,9558,2024-06-09,2024-02-14,Product-Led,Pipeline,False,False,Open Source Alternative,,27,POC setup,New Business,2024-02-14T00:00:00
609,564,14,Atlas Software - Initial License,Qualification,154458,2025-03-24,2024-12-08,Inbound - Content,Best Case,False,False,CompetitorD,,36,,New Business,2024-12-08T00:00:00
2540,725,4,Vanguard Enterprises - Platform Deal,Prospecting,22511,2024-04-04,2023-12-16,Event,Pipeline,False,False,,,23,,New Business,2023-12-16T00:00:00
2541,297,8,Horizon Corp - Platform Deal,Closed Lost,95143,2024-12-26,2024-11-05,Webinar,Omitted,False,True,CompetitorB,Lost to Status Quo,33,,New Business,2024-11-05T00:00:00
2542,524,3,Vertex Inc - New Business,Proposal,44947,2025-04-26,2024-09-14,Outbound - SDR,Best Case,False,False,CompetitorC,,12,Send proposal,New Business,2024-09-14T00:00:00
2543,929,1,Global Networks - Platform Deal,Prospecting,64679,2023-12-26,2023-06-16,Product-Led,Pipeline,False,False,,,39,Legal review,New Business,2023-06-16T00:00:00
2544,43,11,Summit Inc - Platform Deal,Proposal,18555,2024-08-03,2024-06-06,Event,Best Case,False,False,CompetitorC,,46,,New Business,2024-06-06T00:00:00
2431,939,15,Global Holdings - New Business,Qualification,47135,2025-05-21,2024-09-01,,Best Case,False,False,CompetitorA,,43,Technical review,New Business,2024-09-01T00:00:00
2546,447,6,Atlas Analytics - Initial License,Negotiation,987401,2021-02-09,2020-09-09,,Commit,False,False,,,3,Executive alignment,New Business,2020-09-09T00:00:00
2547,972,5,Nexus Systems - Initial License,Qualification,13815,2024-03-23,2023-10-23,Outbound - SDR,Best Case,False,False,CompetitorD,,55,Technical review,New Business,2023-10-23T00:00:00
2548,849,3,Synergy Networks - Initial License,Proposal,135667,2025-03-05,2024-09-24,Partner Referral,Best Case,False,False,CompetitorC,,27,Legal review,New Business,2024-09-24T00:00:00
2549,991,13,Horizon Inc - Platform Deal,Qualification,18895,2025-08-03,2024-11-07,Product-Led,Best Case,False,False,CompetitorB,,43,Legal review,New Business,2024-11-07T00:00:00
2550,135,8,Acme Holdings - New Business,Discovery,48786,2024-12-16,2024-11-11,Webinar,Pipeline,False,False,CompetitorD,,24,Send proposal,New Business,2024-11-11T00:00:00
2551,769,2,Summit Labs - Initial License,Prospecting,164767,2025-02-01,2024-11-09,Inbound - Web,Pipeline,False,False,,,24,,New Business,2024-11-09T00:00:00
2552,643,4,Quantum Partners - Initial License,Prospecting,16990,2024-06-08,2024-02-19,Webinar,Pipeline,False,False,Open Source Alternative,,28,Contract signing,New Business,2024-02-19T00:00:00
2553,541,5,Synergy Labs - Initial License,Proposal,69271,2025-04-20,2024-11-18,Webinar,Best Case,False,False,,,19,Schedule demo,New Business,2024-11-18T00:00:00
2554,741,4,Apex Corp - Initial License,Discovery,20696,2021-07-05,2021-01-04,Inbound - Content,Pipeline,False,False,CompetitorA,,44,POC setup,New Business,2021-01-04T00:00:00
2555,936,6,Summit Networks - Initial License,Proposal,36244,2023-06-20,2023-05-12,Product-Led,Best Case,False,False,CompetitorA,,25,POC setup,New Business,2023-05-12T00:00:00
2556,854,7,Pinnacle Systems - New Business,Closed Lost,48081,2022-08-02,2022-03-13,Inbound - Content,Omitted,False,True,,Budget Cut,21,,New Business,2022-03-13T00:00:00
2557,12,4,Elevate Inc - Initial License,Qualification,129493,2025-08-27,2024-12-01,Inbound - Web,Best Case,False,False,CompetitorA,,22,POC setup,New Business,2024-12-01T00:00:00
2558,855,2,Pinnacle Software - Initial License,Closed Lost,130255,2024-12-27,2024-08-08,Inbound - Web,Omitted,False,True,,Competitor,37,,New Business,2024-08-08T00:00:00
2559,308,12,Vanguard Solutions - Platform Deal,Qualification,27889,2023-10-15,2023-03-04,,Best Case,False,False,,,37,Reference call,New Business,2023-03-04T00:00:00
2560,529,8,Pacific Partners - New Business,Closed Lost,5868,2023-03-10,2022-10-14,,Omitted,False,True,CompetitorB,No Decision,25,,New Business,2022-10-14T00:00:00
2561,608,13,Horizon Corp - New Business,Qualification,,2022-03-25,2022-01-27,Inbound - Web,Best Case,False,False,CompetitorB,,75,,New Business,2022-01-27T00:00:00
2562,3,1,Pacific Platforms - Platform Deal,Closed Lost,564337,2024-12-22,2024-07-27,Product-Led,Omitted,False,True,CompetitorA,Lost to Status Quo,39,,New Business,2024-07-27T00:00:00
2563,476,1,Horizon Services - Initial License,Closed Lost,163108,2024-06-28,2024-04-08,Outbound - SDR,Omitted,False,True,CompetitorA,Competitor,33,,New Business,2024-04-08T00:00:00
2564,7,12,Elevate Dynamics - New Business,Negotiation,22083,2023-08-13,2023-02-10,Partner Referral,Commit,False,False,,,26,Send proposal,New Business,2023-02-10T00:00:00
2565,492,10,Atlas Enterprises - Platform Deal,Closed Lost,46220,2024-12-31,2024-12-14,Inbound - Web,Omitted,False,True,CompetitorB,Lost to Status Quo,47,,New Business,2024-12-14T00:00:00
2566,312,7,Global Analytics - Initial License,Proposal,70782,2025-04-15,2024-11-07,Outbound - SDR,Best Case,False,False,CompetitorC,,50,Executive alignment,New Business,2024-11-07T00:00:00
2567,161,14,Velocity Services - New Business,Prospecting,12999,2022-01-06,2021-05-07,Webinar,Pipeline,False,False,,,43,Technical review,New Business,2021-05-07T00:00:00
2568,829,16,Nexus Holdings - Platform Deal,Discovery,162837,2025-02-21,2024-06-17,Event,Pipeline,False,False,CompetitorC,,41,Send proposal,New Business,2024-06-17T00:00:00
2569,503,6,Fusion Platforms - Platform Deal,Discovery,50969,2024-07-16,2024-03-22,Partner Referral,Pipeline,False,False,CompetitorC,,47,Technical review,New Business,2024-03-22T00:00:00
2570,342,4,Optima Dynamics - New Business,Closed Lost,47194,2024-12-31,2024-09-17,Outbound - AE,Omitted,False,True,,Feature Gap,25,,New Business,2024-09-17T00:00:00
2571,609,3,Atlas Software - New Business,Closed Lost,409562,2024-12-31,2024-10-21,Webinar,Omitted,False,True,Open Source Alternative,Competitor,34,,New Business,2024-10-21T00:00:00
2572,805,7,Elevate Partners - New Business,Discovery,48279,2025-03-22,2024-07-14,Partner Referral,Pipeline,False,False,,,19,Reference call,New Business,2024-07-14T00:00:00
2573,32,12,Global Services - New Business,Proposal,12200,2024-01-07,2023-04-23,Webinar,Best Case,False,False,,,4,Executive alignment,New Business,2023-04-23T00:00:00
2574,85,6,Velocity Platforms - Platform Deal,Qualification,182269,2023-04-16,2022-12-02,Webinar,Best Case,False,False,,,56,Reference call,New Business,2022-12-02T00:00:00
2575,456,2,Horizon Labs - Initial License,Closed Lost,49718,2023-06-03,2023-06-13,Outbound - AE,Omitted,False,True,CompetitorE,Competitor,13,,New Business,2023-06-13T00:00:00
1823,372,2,Nova Enterprises - New Business,Proposal,106028,2023-04-12,2023-01-19,Outbound - SDR,Best Case,False,False,,,39,Technical review,New Business,2023-01-19T00:00:00
2577,762,7,Pinnacle Enterprises - Platform Deal,Discovery,34512,2025-05-26,2024-10-04,Outbound - AE,Pipeline,False,False,CompetitorB,,11,POC setup,New Business,2024-10-04T00:00:00
2578,85,6,Velocity Platforms - New Business,Qualification,122442,2024-07-08,2024-05-17,Webinar,Best Case,False,False,CompetitorC,,49,Contract signing,New Business,2024-05-17T00:00:00
2579,908,4,Atlas Analytics - New Business,Qualification,141255,2023-03-27,2022-12-01,Event,Best Case,False,False,,,35,Legal review,New Business,2022-12-01T00:00:00
2580,943,15,Atlas Group - New Business,Discovery,28372,2025-07-19,2024-12-25,Outbound - SDR,Pipeline,False,False,,,12,Contract signing,New Business,2024-12-25T00:00:00
2581,809,1,Synergy Systems - New Business,Discovery,43321,2025-06-06,2024-11-09,Outbound - SDR,Pipeline,False,False,,,21,Legal review,New Business,2024-11-09T00:00:00
2582,531,10,Vertex Holdings - Initial License,Prospecting,18890,2024-06-11,2023-11-11,Webinar,Pipeline,False,False,,,50,POC setup,New Business,2023-11-11T00:00:00
2583,131,6,Optima Platforms - Platform Deal,Qualification,167868,2024-08-03,2024-08-13,Outbound - AE,Best Case,False,False,CompetitorD,,53,Reference call,New Business,2024-08-13T00:00:00
2584,443,16,Elevate Technologies - Initial License,Proposal,30807,2025-03-13,2024-12-26,Partner Referral,Best Case,False,False,CompetitorB,,2,POC setup,New Business,2024-12-26T00:00:00
2585,492,9,Atlas Enterprises - Platform Deal,Closed Lost,54849,2024-12-31,2024-08-21,Product-Led,Omitted,False,True,CompetitorA,No Decision,1,,New Business,2024-08-21T00:00:00
2586,429,16,Catalyst Software - Platform Deal,Discovery,44123,2024-05-18,2024-03-19,,Pipeline,False,False,CompetitorC,,3,Legal review,New Business,2024-03-19T00:00:00
2587,260,14,Apex Digital - Platform Deal,Discovery,33392,2022-05-08,2021-11-21,Webinar,Pipeline,False,False,,,59,,New Business,2021-11-21T00:00:00
2588,896,12,Nexus Enterprises - Initial License,Proposal,32063,2024-12-11,2024-05-21,Outbound - SDR,Best Case,False,False,CompetitorA,,24,,New Business,2024-05-21T00:00:00
2589,400,4,Vanguard Inc - Platform Deal,Prospecting,18777,2025-01-22,2024-09-22,Event,Pipeline,False,False,CompetitorD,,36,Contract signing,New Business,2024-09-22T00:00:00
2590,147,7,Apex Software - New Business,Prospecting,598847,2025-05-06,2024-11-04,Event,Pipeline,False,False,CompetitorD,,35,Legal review,New Business,2024-11-04T00:00:00
2591,870,10,Vanguard Systems - Initial License,Closed Lost,142148,2023-05-23,2023-04-28,Event,Omitted,False,True,CompetitorA,Timing,21,,New Business,2023-04-28T00:00:00
2592,201,15,Vertex Platforms - Initial License,Proposal,28186,2025-03-12,2024-11-05,Outbound - SDR,Best Case,False,False,,,33,Schedule demo,New Business,2024-11-05T00:00:00
2593,790,6,Summit Solutions - Upsell,Prospecting,293036,2025-04-29,2024-11-13,Webinar,Pipeline,False,False,CompetitorB,,18,,Expansion,2024-11-13T00:00:00
2594,395,8,Horizon Dynamics - Platform Deal,Prospecting,34191,2025-01-28,2024-07-12,Product-Led,Pipeline,False,False,,,26,Schedule demo,New Business,2024-07-12T00:00:00
2595,490,13,Nexus Solutions - Initial License,Qualification,89959,2021-06-01,2020-12-17,Inbound - Web,Best Case,False,False,CompetitorA,,30,POC setup,New Business,2020-12-17T00:00:00
2596,394,4,Quantum Solutions - Initial License,Prospecting,84011,2025-05-10,2024-10-12,Outbound - SDR,Pipeline,False,False,Open Source Alternative,,9,Technical review,New Business,2024-10-12T00:00:00
2597,232,2,Pinnacle Technologies - New Business,Closed Lost,58516,2024-12-31,2024-12-14,Event,Omitted,False,True,,Budget Cut,39,,New Business,2024-12-14T00:00:00
2598,912,13,Summit Analytics - New Business,Closed Lost,5193,2024-09-18,2024-04-03,Outbound - SDR,Omitted,False,True,,Competitor,8,,New Business,2024-04-03T00:00:00
2599,683,13,Optima Technologies - New Business,Qualification,16791,2025-01-12,2024-06-03,Inbound - Content,Best Case,False,False,Open Source Alternative,,27,Send proposal,New Business,2024-06-03T00:00:00
2600,875,1,Synergy Analytics - New Business,Discovery,478664,2022-06-12,2021-11-10,,Pipeline,False,False,,,13,,New Business,2021-11-10T00:00:00
2601,145,13,Nova Software - Initial License,Closed Won,36042,2024-01-14,2023-12-08,Product-Led,Closed,True,True,CompetitorA,,15,,New Business,2023-12-08T00:00:00
2602,793,12,Zenith Holdings - Initial License,Qualification,10141,2024-07-09,2024-03-31,Inbound - Web,Best Case,False,False,CompetitorD,,14,Send proposal,New Business,2024-03-31T00:00:00
2603,733,16,Summit Holdings - Initial License,Prospecting,48338,2023-11-05,2023-03-23,Outbound - SDR,Pipeline,False,False,,,64,Contract signing,New Business,2023-03-23T00:00:00
2604,21,1,Elevate Inc - Platform Deal,Proposal,36421,2024-02-17,2023-08-05,Event,Best Case,False,False,,,36,Reference call,New Business,2023-08-05T00:00:00
2605,887,16,Summit Corp - New Business,Qualification,45208,2025-05-22,2024-12-17,Partner Referral,Best Case,False,False,Open Source Alternative,,59,POC setup,New Business,2024-12-17T00:00:00
2606,977,2,Fusion Digital - Renewal,Prospecting,933204,2025-02-23,2024-09-22,Product-Led,Pipeline,False,False,CompetitorB,,7,Send proposal,Renewal,2024-09-22T00:00:00
2607,38,16,Catalyst Labs - New Business,Discovery,36770,2025-01-31,2024-12-09,,Pipeline,False,False,CompetitorB,,28,Legal review,New Business,2024-12-09T00:00:00
2608,722,11,Horizon Networks - Platform Deal,Proposal,40240,2024-11-26,2024-09-22,Event,Best Case,False,False,,,56,Legal review,New Business,2024-09-22T00:00:00
2609,790,6,Summit Solutions - Additional Seats,Discovery,47929,2023-10-11,2023-08-01,Outbound - AE,Pipeline,False,False,,,37,POC setup,Expansion,2023-08-01T00:00:00
2610,330,15,Synergy Analytics - New Business,Discovery,36906,2024-11-30,2024-06-22,Inbound - Web,Pipeline,False,False,,,7,Legal review,New Business,2024-06-22T00:00:00
2611,731,1,Acme Enterprises - Renewal,Discovery,56805,2023-07-11,2023-02-04,Product-Led,Pipeline,False,False,Open Source Alternative,,16,Reference call,Renewal,2023-02-04T00:00:00
2612,830,13,Pacific Enterprises - Initial License,Discovery,309362,2025-03-11,2024-11-02,Webinar,Pipeline,False,False,CompetitorC,,9,Send proposal,New Business,2024-11-02T00:00:00
2613,843,12,Vanguard Corp - Platform Deal,Prospecting,33171,2024-06-01,2024-02-08,Inbound - Web,Pipeline,False,False,CompetitorC,,57,Technical review,New Business,2024-02-08T00:00:00
2614,519,8,Quantum Platforms - New Business,Closed Lost,40245,2024-12-22,2024-10-11,Inbound - Content,Omitted,False,True,,Lost to Status Quo,58,,New Business,2024-10-11T00:00:00
2615,746,15,Zenith Inc - New Business,Discovery,791641,2025-08-28,2024-12-13,Inbound - Content,Pipeline,False,False,CompetitorC,,17,Executive alignment,New Business,2024-12-13T00:00:00
2616,180,5,Zenith Corp - Initial License,Qualification,190582,2025-03-06,2024-07-07,Inbound - Web,Best Case,False,False,CompetitorD,,33,Executive alignment,New Business,2024-07-07T00:00:00
2617,572,9,Horizon Analytics - Platform Deal,Proposal,22293,2023-11-15,2023-06-15,Partner Referral,Best Case,False,False,CompetitorA,,19,Legal review,New Business,2023-06-15T00:00:00
2618,862,5,Apex Systems - Initial License,Proposal,16832,2022-03-08,2021-06-14,Webinar,Best Case,False,False,,,34,Executive alignment,New Business,2021-06-14T00:00:00
2619,529,10,Pacific Partners - Initial License,Closed Lost,7591,2022-12-10,2022-11-09,Event,Omitted,False,True,CompetitorE,No Decision,61,,New Business,2022-11-09T00:00:00
2620,600,5,Elevate Dynamics - Platform Deal,Closed Won,780589,2024-12-09,2024-12-18,Product-Led,Closed,True,True,Open Source Alternative,,16,,New Business,2024-12-18T00:00:00
2621,596,16,Fusion Dynamics - New Business,Closed Lost,38280,2024-12-31,2024-08-15,Event,Omitted,False,True,CompetitorE,Competitor,48,,New Business,2024-08-15T00:00:00
2622,60,5,Pinnacle Inc - Initial License,Closed Lost,107419,2024-12-25,2024-12-02,,Omitted,False,True,CompetitorA,Price,26,,New Business,2024-12-02T00:00:00
2623,98,4,Atlas Software - New Business,Proposal,935084,2024-04-20,2024-03-13,Inbound - Content,Best Case,False,False,,,34,,New Business,2024-03-13T00:00:00
2624,689,16,Vanguard Holdings - Platform Deal,Closed Won,158111,2024-10-07,2024-09-07,Event,Closed,True,True,CompetitorD,,32,,New Business,2024-09-07T00:00:00
2625,118,14,Zenith Software - Initial License,Closed Lost,37164,2023-10-12,2023-05-29,Outbound - AE,Omitted,False,True,,No Decision,47,,New Business,2023-05-29T00:00:00
2626,931,7,Atlas Analytics - Initial License,Prospecting,36391,2025-05-18,2024-12-16,Inbound - Web,Pipeline,False,False,CompetitorC,,25,Reference call,New Business,2024-12-16T00:00:00
2627,56,14,Pinnacle Digital - New Business,Closed Lost,19743,2024-07-25,2024-06-27,Inbound - Web,Omitted,False,True,,Competitor,36,,New Business,2024-06-27T00:00:00
2628,352,14,Global Dynamics - Platform Deal,Discovery,52379,2025-03-15,2024-08-27,Outbound - SDR,Pipeline,False,False,,,49,Send proposal,New Business,2024-08-27T00:00:00
2629,953,3,Zenith Holdings - New Business,Proposal,87595,2023-11-25,2023-09-02,Event,Best Case,False,False,CompetitorA,,35,Technical review,New Business,2023-09-02T00:00:00
2630,279,12,Velocity Holdings - Platform Deal,Prospecting,40313,2024-12-21,2024-08-25,Inbound - Web,Pipeline,False,False,CompetitorA,,15,,New Business,2024-08-25T00:00:00
2631,130,9,Vertex Enterprises - Platform Deal,Negotiation,26173,2024-08-01,2023-12-22,Webinar,Commit,False,False,CompetitorE,,55,Schedule demo,New Business,2023-12-22T00:00:00
2632,980,13,Summit Technologies - Initial License,Discovery,25318,2023-03-31,2022-10-26,Event,Pipeline,False,False,Open Source Alternative,,74,Technical review,New Business,2022-10-26T00:00:00
2633,389,14,Acme Networks - Platform Deal,Proposal,22130,2025-02-08,2024-11-26,Inbound - Web,Best Case,False,False,CompetitorE,,15,,New Business,2024-11-26T00:00:00
2634,600,5,Elevate Dynamics - Contract Renewal,Proposal,298152,2025-01-03,2024-10-13,Outbound - AE,Best Case,False,False,,,43,Technical review,Renewal,2024-10-13T00:00:00
2635,318,1,Pacific Group - New Business,Proposal,216085,2022-10-17,2022-07-30,Partner Referral,Best Case,False,False,CompetitorD,,22,Reference call,New Business,2022-07-30T00:00:00
2636,302,3,Catalyst Partners - New Business,Proposal,84576,2023-04-11,2022-09-26,Event,Best Case,False,False,,,9,Legal review,New Business,2022-09-26T00:00:00
2637,20,1,Optima Digital - Platform Deal,Discovery,107595,2024-11-04,2024-02-15,Inbound - Web,Pipeline,False,False,CompetitorA,,33,POC setup,New Business,2024-02-15T00:00:00
2638,429,16,Catalyst Software - Initial License,Qualification,44279,2025-04-24,2024-11-25,Outbound - SDR,Best Case,False,False,CompetitorB,,37,Legal review,New Business,2024-11-25T00:00:00
2639,839,9,Elevate Enterprises - Platform Deal,Proposal,195515,2025-04-19,2024-12-19,Webinar,Best Case,False,False,CompetitorE,,4,POC setup,New Business,2024-12-19T00:00:00
2640,146,4,Horizon Labs - New Business,Qualification,39017,2025-06-10,2024-12-30,Product-Led,Best Case,False,False,CompetitorB,,31,Legal review,New Business,2024-12-30T00:00:00
2641,93,2,Nova Networks - Initial License,Proposal,40982,2025-02-26,2024-12-29,Inbound - Web,Best Case,False,False,CompetitorE,,18,POC setup,New Business,2024-12-29T00:00:00
2642,529,9,Pacific Partners - Initial License,Closed Lost,44194,2023-09-11,2023-08-02,Product-Led,Omitted,False,True,CompetitorE,Champion Left,43,,New Business,2023-08-02T00:00:00
2643,591,15,Zenith Systems - Initial License,Closed Lost,28186,2024-12-31,2024-12-24,Inbound - Web,Omitted,False,True,CompetitorA,Champion Left,51,,New Business,2024-12-24T00:00:00
2644,572,15,Horizon Analytics - New Business,Closed Lost,34714,2024-03-10,2023-08-30,Partner Referral,Omitted,False,True,,Budget Cut,61,,New Business,2023-08-30T00:00:00
2645,369,12,Acme Software - New Business,Closed Won,18864,2022-08-22,2022-07-19,Product-Led,Closed,True,True,,,28,,New Business,2022-07-19T00:00:00
2646,690,9,Apex Platforms - Platform Deal,Negotiation,690272,2022-10-14,2022-06-03,Event,Commit,False,False,CompetitorE,,53,Schedule demo,New Business,2022-06-03T00:00:00
2647,135,8,Acme Holdings - New Business,Discovery,15147,2024-04-25,2023-12-20,Inbound - Web,Pipeline,False,False,,,42,Send proposal,New Business,2023-12-20T00:00:00
2648,206,10,Nexus Platforms - Platform Deal,Prospecting,102238,2024-10-12,2024-05-17,Outbound - AE,Pipeline,False,False,Open Source Alternative,,53,,New Business,2024-05-17T00:00:00
2649,815,2,Nova Systems - Initial License,Closed Lost,96172,2024-11-07,2024-08-22,Outbound - SDR,Omitted,False,True,CompetitorC,Price,6,,New Business,2024-08-22T00:00:00
2650,989,2,Horizon Networks - Initial License,Closed Lost,45648,2024-01-13,2023-09-16,Inbound - Content,Omitted,False,True,,Lost to Status Quo,30,,New Business,2023-09-16T00:00:00
2651,647,16,Quantum Corp - Platform Deal,Closed Lost,25619,2024-12-30,2024-12-11,Outbound - AE,Omitted,False,True,,Competitor,55,,New Business,2024-12-11T00:00:00
2652,228,3,Summit Partners - Additional Seats,Negotiation,9026,2024-07-21,2024-06-14,Webinar,Commit,False,False,CompetitorD,,17,Legal review,Expansion,2024-06-14T00:00:00
2653,169,3,Nova Analytics - New Business,Closed Lost,138005,2022-11-29,2022-08-07,Webinar,Omitted,False,True,CompetitorB,No Decision,7,,New Business,2022-08-07T00:00:00
2654,209,15,Vertex Analytics - New Business,Qualification,44594,2024-10-23,2024-05-25,Webinar,Best Case,False,False,,,57,Schedule demo,New Business,2024-05-25T00:00:00
2655,437,6,Apex Inc - Initial License,Discovery,111238,2022-09-18,2022-05-08,Product-Led,Pipeline,False,False,CompetitorE,,30,Executive alignment,New Business,2022-05-08T00:00:00
2656,777,5,Atlas Platforms - Initial License,Closed Lost,21928,2024-07-01,2024-05-03,Outbound - SDR,Omitted,False,True,CompetitorD,Lost to Status Quo,31,,New Business,2024-05-03T00:00:00
2657,863,6,Apex Platforms - Initial License,Negotiation,114068,2025-03-14,2024-11-19,Outbound - SDR,Commit,False,False,CompetitorC,,52,,New Business,2024-11-19T00:00:00
2658,272,10,Summit Dynamics - Initial License,Qualification,47129,2024-11-04,2024-03-16,Event,Best Case,False,False,CompetitorB,,50,Contract signing,New Business,2024-03-16T00:00:00
2659,525,6,Vertex Networks - Initial License,Proposal,35640,2025-03-31,2024-10-01,Event,Best Case,False,False,CompetitorB,,17,Legal review,New Business,2024-10-01T00:00:00
2660,819,14,Apex Platforms - Platform Deal,Proposal,39776,2025-03-03,2024-12-29,Outbound - AE,Best Case,False,False,,,72,Reference call,New Business,2024-12-29T00:00:00
2661,733,12,Summit Holdings - Initial License,Qualification,14487,2024-03-22,2024-01-14,Product-Led,Best Case,False,False,CompetitorB,,24,Legal review,New Business,2024-01-14T00:00:00
2662,12,4,Elevate Inc - Platform Deal,Qualification,,2025-03-30,2024-12-11,Outbound - SDR,Best Case,False,False,,,54,Executive alignment,New Business,2024-12-11T00:00:00
2663,901,14,Summit Analytics - New Business,Qualification,121299,2025-07-12,2024-12-03,Inbound - Web,Best Case,False,False,Open Source Alternative,,21,,New Business,2024-12-03T00:00:00
2664,279,12,Velocity Holdings - Platform Deal,Discovery,12733,2024-06-09,2023-12-18,Webinar,Pipeline,False,False,,,10,Send proposal,New Business,2023-12-18T00:00:00
1384,251,6,Quantum Dynamics - New Business,Closed Won,30927,2023-11-07,2023-07-19,Event,Closed,True,True,CompetitorE,,12,,New Business,2023-07-19T00:00:00
2666,338,10,Horizon Software - Platform Deal,Negotiation,449636,2024-07-27,2024-01-17,Event,Commit,False,False,,,50,Legal review,New Business,2024-01-17T00:00:00
2667,558,3,Apex Dynamics - Initial License,Discovery,90762,2023-10-07,2023-01-16,Outbound - AE,Pipeline,False,False,CompetitorC,,45,Reference call,New Business,2023-01-16T00:00:00
2668,738,12,Velocity Group - Initial License,Prospecting,82026,2022-03-07,2021-11-29,Event,Pipeline,False,False,CompetitorA,,10,Technical review,New Business,2021-11-29T00:00:00
2669,635,2,Horizon Solutions - Initial License,Prospecting,16660,2025-02-18,2024-12-25,Partner Referral,Pipeline,False,False,,,35,Contract signing,New Business,2024-12-25T00:00:00
2670,221,10,Elevate Partners - Platform Deal,Closed Lost,464226,2021-05-09,2021-04-10,Webinar,Omitted,False,True,,Timing,44,,New Business,2021-04-10T00:00:00
2671,205,14,Nexus Solutions - Platform Deal,Closed Lost,199119,2023-04-02,2022-10-10,Product-Led,Omitted,False,True,CompetitorB,Competitor,20,,New Business,2022-10-10T00:00:00
2672,326,9,Pinnacle Corp - Platform Deal,Prospecting,73586,2022-05-20,2021-11-07,Outbound - AE,Pipeline,False,False,,,66,Contract signing,New Business,2021-11-07T00:00:00
2673,833,15,Pinnacle Software - New Business,Qualification,75013,2024-12-28,2024-11-11,Inbound - Content,Best Case,False,False,CompetitorA,,21,Schedule demo,New Business,2024-11-11T00:00:00
2674,625,15,Elevate Services - Platform Deal,Qualification,27780,2025-01-17,2024-11-22,Outbound - AE,Best Case,False,False,CompetitorD,,60,Legal review,New Business,2024-11-22T00:00:00
2675,70,11,Zenith Enterprises - Platform Deal,Closed Lost,148110,2022-01-22,2021-08-21,Inbound - Content,Omitted,False,True,CompetitorA,Lost to Status Quo,6,,New Business,2021-08-21T00:00:00
2676,865,10,Apex Corp - New Business,Qualification,37045,2024-08-17,2024-07-07,Product-Led,Best Case,False,False,CompetitorA,,59,Legal review,New Business,2024-07-07T00:00:00
1485,927,4,Catalyst Systems - Platform Deal,Closed Lost,41500,2024-12-16,2024-11-03,Outbound - AE,Omitted,False,True,,Feature Gap,52,,New Business,2024-11-03T00:00:00
2678,59,15,Atlas Labs - Platform Deal,Closed Lost,12123,2024-12-31,2024-11-24,Outbound - SDR,Omitted,False,True,CompetitorB,No Decision,51,,New Business,2024-11-24T00:00:00
2679,371,1,Quantum Inc - Initial License,Discovery,179997,2025-03-22,2024-11-19,Outbound - AE,Pipeline,False,False,CompetitorD,,37,,New Business,2024-11-19T00:00:00
2680,414,5,Quantum Systems - Platform Deal,Qualification,42539,2023-06-06,2022-11-22,Product-Led,Best Case,False,False,,,32,Executive alignment,New Business,2022-11-22T00:00:00
2681,305,4,Zenith Analytics - New Business,Qualification,33457,2023-10-25,2023-08-10,Webinar,Best Case,False,False,,,59,,New Business,2023-08-10T00:00:00
2682,753,6,Velocity Technologies - Platform Deal,Closed Lost,35260,2022-03-20,2021-11-28,Inbound - Content,Omitted,False,True,,Timing,51,,New Business,2021-11-28T00:00:00
2683,767,5,Pinnacle Inc - Platform Deal,Prospecting,15554,2022-05-03,2022-01-08,Outbound - AE,Pipeline,False,False,CompetitorA,,1,POC setup,New Business,2022-01-08T00:00:00
2684,673,3,Optima Networks - New Business,Closed Lost,61100,2024-06-26,2024-05-02,Outbound - AE,Omitted,False,True,CompetitorA,Price,24,,New Business,2024-05-02T00:00:00
2685,336,15,Global Corp - Platform Deal,Qualification,705154,2024-02-01,2024-02-12,Partner Referral,Best Case,False,False,CompetitorD,,11,Send proposal,New Business,2024-02-12T00:00:00
2686,279,3,Velocity Holdings - New Business,Qualification,16501,2024-12-02,2024-09-11,Inbound - Content,Best Case,False,False,Open Source Alternative,,11,Technical review,New Business,2024-09-11T00:00:00
2687,964,13,Fusion Inc - New Business,Qualification,11778,2022-11-10,2022-05-31,Event,Best Case,False,False,CompetitorB,,62,Legal review,New Business,2022-05-31T00:00:00
2688,250,3,Global Analytics - Platform Deal,Closed Won,101135,2024-09-17,2024-05-17,Product-Led,Closed,True,True,CompetitorB,,42,,New Business,2024-05-17T00:00:00
2689,367,13,Summit Enterprises - Initial License,Proposal,14112,2024-12-16,2024-08-04,Product-Led,Best Case,False,False,CompetitorC,,47,,New Business,2024-08-04T00:00:00
2690,835,12,Atlas Holdings - Initial License,Qualification,8908,2025-04-22,2024-12-06,Outbound - AE,Best Case,False,False,CompetitorA,,68,,New Business,2024-12-06T00:00:00
2691,162,7,Atlas Enterprises - New Business,Proposal,48866,2024-07-17,2024-01-29,Outbound - AE,Best Case,False,False,,,26,Technical review,New Business,2024-01-29T00:00:00
2692,247,2,Acme Enterprises - Platform Deal,Negotiation,20356,2025-05-13,2024-10-23,Inbound - Web,Commit,False,False,CompetitorD,,44,Schedule demo,New Business,2024-10-23T00:00:00
2693,436,2,Catalyst Corp - Initial License,Proposal,447524,2024-11-06,2024-06-02,Outbound - AE,Best Case,False,False,CompetitorA,,31,Contract signing,New Business,2024-06-02T00:00:00
2694,444,9,Catalyst Analytics - Expansion,Closed Lost,3389,2022-05-12,2021-11-08,Webinar,Omitted,False,True,CompetitorB,Lost to Status Quo,44,,Expansion,2021-11-08T00:00:00
329,584,9,Summit Technologies - Initial License,Prospecting,50636,2023-05-07,2023-01-09,Outbound - AE,Pipeline,False,False,CompetitorB,,11,Send proposal,New Business,2023-01-09T00:00:00
2696,296,7,Zenith Dynamics - Initial License,Closed Won,61385,2024-03-02,2023-10-27,Inbound - Content,Closed,True,True,,,30,,New Business,2023-10-27T00:00:00
2697,231,10,Nexus Enterprises - Platform Deal,Closed Won,9944,2024-12-31,2024-12-05,Event,Closed,True,True,Open Source Alternative,,6,,New Business,2024-12-05T00:00:00
2698,223,16,Apex Analytics - New Business,Proposal,43698,2025-02-07,2024-05-25,Webinar,Best Case,False,False,,,45,Legal review,New Business,2024-05-25T00:00:00
2699,426,7,Velocity Holdings - Initial License,Discovery,16950,2024-08-17,2024-06-03,Inbound - Content,Pipeline,False,False,,,57,Reference call,New Business,2024-06-03T00:00:00
2700,758,6,Zenith Group - New Business,Prospecting,13437,2020-12-31,2020-11-01,Product-Led,Pipeline,False,False,,,29,Contract signing,New Business,2020-11-01T00:00:00
2701,822,16,Pacific Technologies - New Business,Qualification,30785,2025-03-06,2024-12-31,Product-Led,Best Case,False,False,,,12,Technical review,New Business,2024-12-31T00:00:00
2702,910,10,Pinnacle Digital - Initial License,Prospecting,57676,2025-03-19,2024-06-23,Outbound - AE,Pipeline,False,False,CompetitorB,,27,Executive alignment,New Business,2024-06-23T00:00:00
2703,386,1,Elevate Labs - Platform Deal,Closed Won,30950,2023-03-28,2023-01-13,Webinar,Closed,True,True,,,16,,New Business,2023-01-13T00:00:00
2704,756,7,Optima Services - Platform Deal,Prospecting,125633,2024-04-07,2024-02-05,Event,Pipeline,False,False,,,38,Executive alignment,New Business,2024-02-05T00:00:00
2705,187,12,Velocity Networks - Initial License,Closed Lost,32548,2021-12-02,2021-11-11,Inbound - Web,Omitted,False,True,CompetitorD,Price,43,,New Business,2021-11-11T00:00:00
2706,715,15,Global Enterprises - Initial License,Closed Lost,132078,2024-12-31,2024-12-12,Webinar,Omitted,False,True,CompetitorE,Champion Left,34,,New Business,2024-12-12T00:00:00
2707,624,16,Apex Holdings - Initial License,Discovery,65254,2025-06-05,2024-09-11,Outbound - AE,Pipeline,False,False,CompetitorA,,17,Legal review,New Business,2024-09-11T00:00:00
2708,942,1,Vanguard Corp - Initial License,Prospecting,89249,2024-12-05,2024-07-21,Partner Referral,Pipeline,False,False,CompetitorE,,5,Send proposal,New Business,2024-07-21T00:00:00
2709,52,3,Vertex Analytics - New Business,Qualification,61912,2025-01-14,2024-11-17,Inbound - Content,Best Case,False,False,,,16,Executive alignment,New Business,2024-11-17T00:00:00
2710,616,3,Catalyst Inc - Initial License,Qualification,48312,2023-12-30,2023-11-17,Product-Led,Best Case,False,False,CompetitorB,,10,,New Business,2023-11-17T00:00:00
2711,288,8,Horizon Software - Platform Deal,Closed Lost,41023,2024-12-31,2024-12-23,Partner Referral,Omitted,False,True,,Feature Gap,33,,New Business,2024-12-23T00:00:00
2712,947,12,Fusion Inc - Platform Deal,Closed Lost,34642,2024-12-31,2024-10-12,Product-Led,Omitted,False,True,CompetitorB,Competitor,56,,New Business,2024-10-12T00:00:00
2713,999,16,Elevate Corp - Platform Deal,Closed Lost,941821,2024-12-31,2024-12-15,Inbound - Web,Omitted,False,True,CompetitorB,No Decision,58,,New Business,2024-12-15T00:00:00
2714,584,10,Summit Technologies - Initial License,Qualification,166381,2023-03-04,2023-01-10,Inbound - Content,Best Case,False,False,CompetitorC,,4,Executive alignment,New Business,2023-01-10T00:00:00
2715,5,13,Pinnacle Inc - Initial License,Closed Lost,17897,2024-05-03,2024-02-04,Product-Led,Omitted,False,True,CompetitorD,No Decision,26,,New Business,2024-02-04T00:00:00
2716,645,3,Zenith Holdings - New Business,Proposal,163931,2022-03-23,2021-11-12,Event,Best Case,False,False,,,2,Legal review,New Business,2021-11-12T00:00:00
2717,765,3,Velocity Partners - Platform Deal,Closed Lost,106955,2024-12-31,2024-12-19,Inbound - Web,Omitted,False,True,Open Source Alternative,No Decision,8,,New Business,2024-12-19T00:00:00
2718,302,5,Catalyst Partners - New Business,Prospecting,83076,2024-04-21,2023-10-14,Event,Pipeline,False,False,CompetitorC,,43,Send proposal,New Business,2023-10-14T00:00:00
2719,438,8,Nova Corp - Initial License,Qualification,565206,2023-07-01,2023-05-08,Webinar,Best Case,False,False,CompetitorB,,38,Legal review,New Business,2023-05-08T00:00:00
2720,298,6,Apex Digital - New Business,Closed Lost,88776,2024-07-16,2024-02-15,Product-Led,Omitted,False,True,CompetitorA,Lost to Status Quo,41,,New Business,2024-02-15T00:00:00
2721,412,14,Elevate Group - Initial License,Proposal,576701,2022-02-24,2021-07-29,Webinar,Best Case,False,False,CompetitorB,,5,,New Business,2021-07-29T00:00:00
2722,440,6,Fusion Systems - New Business,Discovery,36967,2024-04-22,2024-03-14,Product-Led,Pipeline,False,False,CompetitorD,,3,Schedule demo,New Business,2024-03-14T00:00:00
2723,252,1,Velocity Platforms - New Business,Closed Won,65266,2022-02-24,2021-10-13,Inbound - Web,Closed,True,True,,,26,,New Business,2021-10-13T00:00:00
2724,860,5,Pacific Partners - New Business,Qualification,22895,2025-05-06,2024-10-14,Inbound - Web,Best Case,False,False,CompetitorC,,15,POC setup,New Business,2024-10-14T00:00:00
2725,926,13,Summit Digital - Platform Deal,Discovery,23132,2025-05-01,2024-09-10,Inbound - Content,Pipeline,False,False,,,53,Reference call,New Business,2024-09-10T00:00:00
2726,301,2,Atlas Partners - Initial License,Qualification,34502,2024-07-17,2024-04-10,,Best Case,False,False,CompetitorD,,31,Technical review,New Business,2024-04-10T00:00:00
2727,836,7,Summit Analytics - New Business,Discovery,17828,2025-07-14,2024-11-11,Webinar,Pipeline,False,False,Open Source Alternative,,2,,New Business,2024-11-11T00:00:00
2728,899,12,Global Solutions - Initial License,Qualification,131219,2025-04-26,2024-09-09,Inbound - Content,Best Case,False,False,CompetitorA,,14,Legal review,New Business,2024-09-09T00:00:00
2729,571,9,Global Networks - Initial License,Negotiation,,2023-04-10,2022-09-28,Outbound - SDR,Commit,False,False,CompetitorC,,17,Schedule demo,New Business,2022-09-28T00:00:00
2730,345,16,Zenith Partners - Initial License,Closed Lost,139175,2024-10-20,2024-07-07,Event,Omitted,False,True,CompetitorB,Champion Left,51,,New Business,2024-07-07T00:00:00
2731,250,3,Global Analytics - Initial License,Discovery,235376,2025-02-04,2024-10-27,Partner Referral,Pipeline,False,False,CompetitorE,,36,Legal review,New Business,2024-10-27T00:00:00
2732,88,12,Fusion Holdings - New Business,Closed Lost,5412,2024-02-09,2023-11-29,Inbound - Web,Omitted,False,True,CompetitorB,Lost to Status Quo,2,,New Business,2023-11-29T00:00:00
2733,498,6,Optima Platforms - New Business,Prospecting,36908,2024-01-27,2023-06-11,Event,Pipeline,False,False,,,37,Contract signing,New Business,2023-06-11T00:00:00
2734,714,5,Zenith Technologies - Initial License,Closed Won,29080,2024-10-05,2024-08-17,Event,Closed,True,True,CompetitorE,,35,,New Business,2024-08-17T00:00:00
2735,289,4,Fusion Group - Platform Deal,Discovery,42349,2022-06-29,2021-10-10,Event,Pipeline,False,False,CompetitorE,,28,Send proposal,New Business,2021-10-10T00:00:00
2736,317,1,Global Labs - New Business,Discovery,146044,2025-04-17,2024-10-29,Inbound - Web,Pipeline,False,False,,,15,Legal review,New Business,2024-10-29T00:00:00
2737,245,4,Acme Services - Platform Deal,Prospecting,15900,2025-08-18,2024-12-31,Outbound - SDR,Pipeline,False,False,CompetitorD,,27,Schedule demo,New Business,2024-12-31T00:00:00
2738,168,14,Global Labs - Renewal,Discovery,9951,2023-11-30,2023-04-05,Inbound - Web,Pipeline,False,False,CompetitorA,,70,Technical review,Renewal,2023-04-05T00:00:00
2739,661,9,Velocity Systems - Initial License,Prospecting,133233,2023-06-17,2022-12-16,Webinar,Pipeline,False,False,,,56,Contract signing,New Business,2022-12-16T00:00:00
2740,450,8,Elevate Services - Initial License,Closed Lost,222354,2022-09-24,2022-04-08,,Omitted,False,True,CompetitorA,Competitor,2,,New Business,2022-04-08T00:00:00
2741,759,6,Atlas Dynamics - Initial License,Proposal,166182,2025-05-06,2024-10-26,Webinar,Best Case,False,False,,,8,Executive alignment,New Business,2024-10-26T00:00:00
2742,424,3,Optima Technologies - Initial License,Closed Won,36776,2024-12-31,2024-11-15,Inbound - Content,Closed,True,True,CompetitorA,,21,,New Business,2024-11-15T00:00:00
2743,16,14,Elevate Group - Platform Deal,Negotiation,28555,2024-09-01,2024-04-22,Outbound - AE,Commit,False,False,,,60,,New Business,2024-04-22T00:00:00
2744,955,6,Catalyst Holdings - Platform Deal,Closed Lost,32015,2024-12-31,2024-11-26,Inbound - Web,Omitted,False,True,CompetitorE,Lost to Status Quo,58,,New Business,2024-11-26T00:00:00
2745,842,4,Quantum Software - Platform Deal,Qualification,58573,2025-04-21,2024-12-06,Partner Referral,Best Case,False,False,CompetitorD,,5,Executive alignment,New Business,2024-12-06T00:00:00
2746,608,13,Horizon Corp - Initial License,Closed Lost,14210,2023-08-12,2023-06-27,Event,Omitted,False,True,CompetitorE,Timing,3,,New Business,2023-06-27T00:00:00
2747,558,9,Apex Dynamics - New Business,Closed Lost,153928,2023-08-15,2023-03-16,Event,Omitted,False,True,CompetitorC,Champion Left,69,,New Business,2023-03-16T00:00:00
2748,487,11,Quantum Enterprises - New Business,Closed Won,39736,2024-12-31,2024-11-16,Inbound - Web,Closed,True,True,CompetitorA,,30,,New Business,2024-11-16T00:00:00
2749,766,7,Fusion Systems - Platform Deal,Prospecting,193040,2022-02-08,2021-12-04,Outbound - SDR,Pipeline,False,False,CompetitorB,,24,Send proposal,New Business,2021-12-04T00:00:00
2750,516,9,Horizon Analytics - Initial License,Qualification,49330,2025-03-02,2024-10-16,Partner Referral,Best Case,False,False,CompetitorE,,33,POC setup,New Business,2024-10-16T00:00:00
2751,331,7,Summit Technologies - New Business,Proposal,88084,2025-07-23,2024-12-11,,Best Case,False,False,,,18,Executive alignment,New Business,2024-12-11T00:00:00
2752,888,3,Zenith Digital - New Business,Closed Lost,19458,2022-12-27,2022-09-02,Outbound - AE,Omitted,False,True,,Price,33,,New Business,2022-09-02T00:00:00
2753,861,4,Nexus Platforms - New Business,Closed Lost,36980,2021-01-14,2020-12-02,,Omitted,False,True,CompetitorB,Feature Gap,53,,New Business,2020-12-02T00:00:00
2754,597,3,Quantum Holdings - Initial License,Discovery,477447,2025-07-22,2024-11-13,Inbound - Web,Pipeline,False,False,,,43,Reference call,New Business,2024-11-13T00:00:00
2755,770,13,Synergy Technologies - Platform Deal,Qualification,45630,2022-09-22,2022-03-20,Webinar,Best Case,False,False,CompetitorA,,18,Executive alignment,New Business,2022-03-20T00:00:00
2756,225,5,Synergy Networks - Platform Deal,Closed Lost,456671,2021-06-23,2021-02-09,Event,Omitted,False,True,CompetitorD,Feature Gap,5,,New Business,2021-02-09T00:00:00
2757,681,13,Elevate Solutions - Initial License,Discovery,21098,2025-01-10,2024-11-20,Product-Led,Pipeline,False,False,CompetitorD,,16,Legal review,New Business,2024-11-20T00:00:00
2758,558,11,Apex Dynamics - New Business,Qualification,110035,2020-12-05,2020-05-30,Partner Referral,Best Case,False,False,,,11,Send proposal,New Business,2020-05-30T00:00:00
2759,476,1,Horizon Services - Initial License,Qualification,131488,2024-12-28,2024-08-17,Webinar,Best Case,False,False,CompetitorE,,2,Legal review,New Business,2024-08-17T00:00:00
2760,334,15,Quantum Group - Initial License,Negotiation,,2025-04-16,2024-10-23,Webinar,Commit,False,False,CompetitorB,,45,Contract signing,New Business,2024-10-23T00:00:00
2761,868,12,Zenith Group - New Business,Closed Lost,122406,2024-04-04,2024-01-27,Outbound - SDR,Omitted,False,True,CompetitorC,No Decision,25,,New Business,2024-01-27T00:00:00
2762,309,13,Vertex Enterprises - New Business,Closed Lost,,2024-12-31,2024-09-23,Webinar,Omitted,False,True,CompetitorD,Competitor,5,,New Business,2024-09-23T00:00:00
2763,550,5,Pacific Solutions - New Business,Prospecting,447729,2021-02-09,2021-01-10,Partner Referral,Pipeline,False,False,CompetitorA,,43,Contract signing,New Business,2021-01-10T00:00:00
2764,999,16,Elevate Corp - Platform Deal,Closed Lost,317274,2024-12-31,2024-12-22,Inbound - Content,Omitted,False,True,CompetitorA,Competitor,35,,New Business,2024-12-22T00:00:00
2765,236,1,Velocity Holdings - New Business,Proposal,120197,2023-12-07,2023-05-18,Inbound - Web,Best Case,False,False,,,11,,New Business,2023-05-18T00:00:00
2766,454,9,Acme Labs - Initial License,Prospecting,14757,2025-01-11,2024-09-03,Product-Led,Pipeline,False,False,,,18,Executive alignment,New Business,2024-09-03T00:00:00
2767,976,2,Summit Platforms - Initial License,Qualification,165119,2024-12-02,2024-09-21,,Best Case,False,False,,,21,Executive alignment,New Business,2024-09-21T00:00:00
2768,515,9,Elevate Labs - New Business,Discovery,199213,2025-04-28,2024-09-15,Webinar,Pipeline,False,False,CompetitorE,,15,Legal review,New Business,2024-09-15T00:00:00
2769,956,8,Velocity Solutions - Initial License,Qualification,310833,2023-03-02,2023-01-06,Product-Led,Best Case,False,False,Open Source Alternative,,10,Reference call,New Business,2023-01-06T00:00:00
2770,794,4,Vanguard Networks - Platform Deal,Qualification,6161,2024-05-11,2024-01-29,Event,Best Case,False,False,,,59,Schedule demo,New Business,2024-01-29T00:00:00
2771,1000,16,Catalyst Inc - Platform Deal,Closed Lost,50150,2024-12-31,2024-09-14,Inbound - Web,Omitted,False,True,,No Decision,46,,New Business,2024-09-14T00:00:00
2772,714,7,Zenith Technologies - Renewal,Qualification,6128,2025-06-29,2024-12-18,Event,Best Case,False,False,Open Source Alternative,,31,Technical review,Renewal,2024-12-18T00:00:00
2773,355,15,Pacific Digital - New Business,Prospecting,44551,2023-08-24,2023-02-26,Outbound - SDR,Pipeline,False,False,CompetitorB,,60,Executive alignment,New Business,2023-02-26T00:00:00
2774,657,5,Zenith Labs - Initial License,Closed Won,35332,2024-04-09,2024-02-01,Partner Referral,Closed,True,True,CompetitorC,,26,,New Business,2024-02-01T00:00:00
453,826,13,Atlas Analytics - Initial License,Discovery,41852,2024-10-20,2024-02-18,Inbound - Web,Pipeline,False,False,CompetitorA,,23,,New Business,2024-02-18T00:00:00
2776,853,1,Zenith Dynamics - Platform Deal,Closed Lost,124395,2024-12-31,2024-08-21,Inbound - Web,Omitted,False,True,CompetitorE,Lost to Status Quo,20,,New Business,2024-08-21T00:00:00
2777,726,10,Apex Corp - Initial License,Closed Won,12346,2023-06-18,2022-12-03,Outbound - SDR,Closed,True,True,,,35,,New Business,2022-12-03T00:00:00
2778,680,4,Zenith Enterprises - New Business,Prospecting,96957,2023-07-10,2023-03-14,Inbound - Web,Pipeline,False,False,CompetitorD,,3,Schedule demo,New Business,2023-03-14T00:00:00
2779,893,5,Summit Networks - Initial License,Proposal,9593,2024-02-19,2023-12-11,Inbound - Web,Best Case,False,False,CompetitorA,,6,POC setup,New Business,2023-12-11T00:00:00
2780,595,1,Apex Technologies - Initial License,Qualification,46883,2024-09-23,2024-05-12,Partner Referral,Best Case,False,False,,,13,Reference call,New Business,2024-05-12T00:00:00
2781,433,11,Pacific Holdings - Initial License,Prospecting,128072,2024-12-06,2024-07-29,Partner Referral,Pipeline,False,False,,,25,Contract signing,New Business,2024-07-29T00:00:00
2782,689,16,Vanguard Holdings - Expansion,Proposal,17460,2025-07-05,2024-10-23,Outbound - AE,Best Case,False,False,Open Source Alternative,,17,POC setup,Expansion,2024-10-23T00:00:00
2783,722,11,Horizon Networks - Platform Deal,Qualification,45754,2024-05-07,2023-11-24,Inbound - Content,Best Case,False,False,,,59,Technical review,New Business,2023-11-24T00:00:00
2784,847,14,Nexus Group - Platform Deal,Closed Lost,76972,2021-06-17,2020-10-23,Event,Omitted,False,True,CompetitorC,Lost to Status Quo,13,,New Business,2020-10-23T00:00:00
2785,490,9,Nexus Solutions - New Business,Negotiation,105786,2023-06-18,2022-12-10,Event,Commit,False,False,,,55,Schedule demo,New Business,2022-12-10T00:00:00
2786,172,1,Nexus Solutions - New Business,Discovery,85282,2024-05-11,2024-04-06,Product-Led,Pipeline,False,False,,,34,,New Business,2024-04-06T00:00:00
2787,261,10,Nova Holdings - Initial License,Qualification,167491,2025-02-27,2024-07-26,Inbound - Content,Best Case,False,False,,,28,,New Business,2024-07-26T00:00:00
2788,544,6,Pinnacle Services - Initial License,Prospecting,18059,2024-01-13,2023-12-03,,Pipeline,False,False,CompetitorE,,37,Send proposal,New Business,2023-12-03T00:00:00
2789,491,11,Horizon Partners - New Business,Qualification,53503,2023-12-29,2023-09-13,Outbound - AE,Best Case,False,False,,,34,,New Business,2023-09-13T00:00:00
2790,714,1,Zenith Technologies - Additional Seats,Discovery,4241,2024-11-04,2024-04-08,Partner Referral,Pipeline,False,False,CompetitorD,,14,Reference call,Expansion,2024-04-08T00:00:00
2791,494,5,Zenith Labs - Platform Deal,Proposal,32307,2023-08-22,2023-05-29,Outbound - AE,Best Case,False,False,CompetitorC,,6,Executive alignment,New Business,2023-05-29T00:00:00
2792,156,1,Pacific Platforms - Platform Deal,Qualification,25376,2025-01-27,2024-12-02,Event,Best Case,False,False,CompetitorA,,11,Contract signing,New Business,2024-12-02T00:00:00
2793,278,8,Optima Dynamics - Expansion,Qualification,25205,2024-07-24,2024-03-07,,Best Case,False,False,CompetitorB,,7,Schedule demo,Expansion,2024-03-07T00:00:00
2794,549,14,Quantum Holdings - New Business,Prospecting,35243,2023-08-27,2023-09-07,Inbound - Content,Pipeline,False,False,,,16,Reference call,New Business,2023-09-07T00:00:00
2795,36,3,Fusion Networks - Platform Deal,Closed Lost,972434,2024-12-31,2024-12-01,Inbound - Web,Omitted,False,True,CompetitorA,Budget Cut,15,,New Business,2024-12-01T00:00:00
2796,787,11,Velocity Corp - Platform Deal,Qualification,70372,2024-08-27,2024-01-12,Event,Best Case,False,False,CompetitorE,,39,POC setup,New Business,2024-01-12T00:00:00
2797,87,13,Atlas Solutions - Platform Deal,Closed Lost,6878,2022-12-16,2022-07-29,Product-Led,Omitted,False,True,,Timing,27,,New Business,2022-07-29T00:00:00
2798,147,14,Apex Software - New Business,Closed Lost,370116,2024-12-31,2024-10-07,Product-Led,Omitted,False,True,,Lost to Status Quo,58,,New Business,2024-10-07T00:00:00
2799,82,10,Apex Networks - Platform Deal,Discovery,97413,2024-11-21,2024-09-12,Outbound - AE,Pipeline,False,False,CompetitorE,,67,Technical review,New Business,2024-09-12T00:00:00
2800,849,3,Synergy Networks - Initial License,Qualification,153392,2024-09-26,2024-06-19,Inbound - Web,Best Case,False,False,CompetitorA,,33,POC setup,New Business,2024-06-19T00:00:00
2801,18,13,Elevate Group - Initial License,Discovery,38793,2025-02-26,2024-12-12,Event,Pipeline,False,False,Open Source Alternative,,24,,New Business,2024-12-12T00:00:00
2802,336,7,Global Corp - Initial License,Qualification,212676,2024-10-10,2024-06-11,Outbound - SDR,Best Case,False,False,CompetitorC,,36,Schedule demo,New Business,2024-06-11T00:00:00
2803,173,12,Synergy Enterprises - Initial License,Qualification,39583,2025-01-08,2024-10-10,Inbound - Web,Best Case,False,False,CompetitorC,,62,,New Business,2024-10-10T00:00:00
2804,826,15,Atlas Analytics - Platform Deal,Closed Won,26085,2023-12-03,2023-07-23,Webinar,Closed,True,True,CompetitorD,,27,,New Business,2023-07-23T00:00:00
2805,804,14,Quantum Software - Platform Deal,Closed Lost,12548,2024-06-06,2024-06-07,Outbound - SDR,Omitted,False,True,CompetitorD,No Decision,41,,New Business,2024-06-07T00:00:00
2806,774,1,Catalyst Technologies - Platform Deal,Closed Lost,46775,2024-12-31,2024-11-29,Inbound - Web,Omitted,False,True,,Price,39,,New Business,2024-11-29T00:00:00
2807,374,11,Optima Networks - New Business,Proposal,167652,2024-07-24,2023-11-19,Inbound - Content,Best Case,False,False,CompetitorD,,6,POC setup,New Business,2023-11-19T00:00:00
2808,257,1,Zenith Technologies - Platform Deal,Prospecting,198621,2024-10-05,2024-04-13,Product-Led,Pipeline,False,False,CompetitorA,,26,POC setup,New Business,2024-04-13T00:00:00
2809,461,4,Global Networks - Initial License,Closed Won,136806,2024-09-19,2024-05-15,Product-Led,Closed,True,True,,,1,,New Business,2024-05-15T00:00:00
2810,105,10,Acme Digital - Initial License,Discovery,184864,2024-07-16,2024-04-05,Webinar,Pipeline,False,False,Open Source Alternative,,57,Legal review,New Business,2024-04-05T00:00:00
2811,63,3,Vertex Corp - New Business,Closed Lost,109441,2024-12-31,2024-10-29,Product-Led,Omitted,False,True,CompetitorA,Champion Left,14,,New Business,2024-10-29T00:00:00
2812,495,16,Summit Platforms - Initial License,Qualification,41679,2025-05-13,2024-12-17,Outbound - AE,Best Case,False,False,CompetitorB,,61,Schedule demo,New Business,2024-12-17T00:00:00
2813,651,5,Apex Corp - Platform Deal,Qualification,21097,2023-12-20,2023-07-21,Outbound - SDR,Best Case,False,False,CompetitorA,,43,Contract signing,New Business,2023-07-21T00:00:00
2814,753,6,Velocity Technologies - New Business,Closed Won,28076,2023-12-25,2023-07-21,Webinar,Closed,True,True,CompetitorC,,30,,New Business,2023-07-21T00:00:00
791,105,10,Acme Digital - Initial License,Qualification,146009,2024-04-17,2024-01-12,Product-Led,Best Case,False,False,CompetitorB,,25,Legal review,New Business,2024-01-12T00:00:00
2816,944,14,Acme Networks - New Business,Qualification,189253,2025-06-23,2024-10-05,Outbound - AE,Best Case,False,False,,,59,Schedule demo,New Business,2024-10-05T00:00:00
2817,507,13,Nova Services - New Business,Closed Lost,19740,2024-12-31,2024-12-15,Partner Referral,Omitted,False,True,CompetitorE,Lost to Status Quo,14,,New Business,2024-12-15T00:00:00
2818,328,16,Catalyst Holdings - New Business,Closed Lost,6981,2024-12-31,2024-10-12,,Omitted,False,True,CompetitorD,No Decision,41,,New Business,2024-10-12T00:00:00
2819,67,9,Nexus Platforms - Platform Deal,Closed Lost,85096,2024-06-22,2024-02-15,Event,Omitted,False,True,,Price,7,,New Business,2024-02-15T00:00:00
2820,773,7,Fusion Partners - Platform Deal,Qualification,481518,2025-03-06,2024-07-24,Outbound - SDR,Best Case,False,False,CompetitorB,,49,Contract signing,New Business,2024-07-24T00:00:00
2821,50,9,Fusion Holdings - Initial License,Proposal,184531,2025-06-22,2024-11-07,Webinar,Best Case,False,False,CompetitorE,,66,,New Business,2024-11-07T00:00:00
2822,441,5,Summit Corp - Platform Deal,Discovery,25964,2022-10-10,2022-02-23,,Pipeline,False,False,Open Source Alternative,,44,,New Business,2022-02-23T00:00:00
2823,930,13,Optima Corp - New Business,Qualification,25620,2025-06-10,2024-11-28,Webinar,Best Case,False,False,CompetitorD,,40,Contract signing,New Business,2024-11-28T00:00:00
2824,122,2,Elevate Dynamics - New Business,Qualification,896244,2023-01-06,2022-04-12,,Best Case,False,False,,,4,Executive alignment,New Business,2022-04-12T00:00:00
2825,96,15,Optima Holdings - Platform Deal,Closed Lost,41288,2024-11-03,2024-09-13,Partner Referral,Omitted,False,True,,Timing,19,,New Business,2024-09-13T00:00:00
2826,509,8,Horizon Group - Initial License,Discovery,38286,2022-11-13,2022-10-10,Outbound - AE,Pipeline,False,False,CompetitorA,,11,POC setup,New Business,2022-10-10T00:00:00
2827,308,12,Vanguard Solutions - Platform Deal,Prospecting,79562,2023-10-31,2023-07-17,Partner Referral,Pipeline,False,False,CompetitorB,,21,Technical review,New Business,2023-07-17T00:00:00
2828,358,3,Summit Technologies - Initial License,Qualification,156316,2024-09-30,2024-08-18,Inbound - Content,Best Case,False,False,,,39,Executive alignment,New Business,2024-08-18T00:00:00
2829,793,9,Zenith Holdings - New Business,Closed Lost,10877,2023-08-01,2023-07-03,Outbound - SDR,Omitted,False,True,Open Source Alternative,Champion Left,11,,New Business,2023-07-03T00:00:00
2830,978,7,Horizon Corp - Initial License,Closed Won,83268,2022-06-03,2021-12-13,Webinar,Closed,True,True,,,29,,New Business,2021-12-13T00:00:00
2831,103,14,Quantum Technologies - New Business,Closed Won,222214,2023-04-19,2023-02-08,Outbound - SDR,Closed,True,True,,,51,,New Business,2023-02-08T00:00:00
2832,109,7,Zenith Networks - Initial License,Discovery,172480,2024-04-07,2023-11-19,Product-Led,Pipeline,False,False,CompetitorD,,22,Executive alignment,New Business,2023-11-19T00:00:00
2833,110,10,Synergy Holdings - Initial License,Closed Lost,35902,2024-03-27,2023-12-10,Event,Omitted,False,True,Open Source Alternative,Champion Left,27,,New Business,2023-12-10T00:00:00
2834,375,2,Atlas Networks - Platform Deal,Qualification,24851,2024-10-14,2024-04-30,,Best Case,False,False,CompetitorC,,30,Reference call,New Business,2024-04-30T00:00:00
2835,670,15,Quantum Dynamics - Initial License,Prospecting,49774,2025-05-31,2024-09-06,Inbound - Content,Pipeline,False,False,CompetitorB,,5,Contract signing,New Business,2024-09-06T00:00:00
2836,881,9,Synergy Inc - Platform Deal,Qualification,,2023-08-23,2023-06-05,Event,Best Case,False,False,,,25,POC setup,New Business,2023-06-05T00:00:00
2837,789,8,Acme Inc - Initial License,Qualification,5943,2024-05-16,2024-01-23,Inbound - Content,Best Case,False,False,CompetitorD,,37,Send proposal,New Business,2024-01-23T00:00:00
2838,989,12,Horizon Networks - Initial License,Closed Lost,36549,2023-10-20,2023-06-01,Outbound - SDR,Omitted,False,True,CompetitorA,Timing,12,,New Business,2023-06-01T00:00:00
2839,636,13,Apex Technologies - Platform Deal,Qualification,335007,2025-03-11,2024-12-05,Partner Referral,Best Case,False,False,,,33,Reference call,New Business,2024-12-05T00:00:00
2840,58,1,Acme Partners - Platform Deal,Discovery,619633,2024-05-07,2023-09-16,Outbound - SDR,Pipeline,False,False,CompetitorB,,9,Reference call,New Business,2023-09-16T00:00:00
2841,955,6,Catalyst Holdings - Initial License,Closed Lost,35728,2024-05-06,2024-02-06,Event,Omitted,False,True,,Lost to Status Quo,18,,New Business,2024-02-06T00:00:00
2842,850,5,Nexus Dynamics - Additional Seats,Discovery,14948,2025-01-19,2024-08-11,,Pipeline,False,False,CompetitorB,,31,Contract signing,Expansion,2024-08-11T00:00:00
2843,792,1,Nova Solutions - Platform Deal,Closed Won,25716,2022-07-11,2022-06-04,Event,Closed,True,True,,,5,,New Business,2022-06-04T00:00:00
2844,803,6,Synergy Analytics - Initial License,Negotiation,176748,2024-10-11,2024-06-09,Inbound - Content,Commit,False,False,CompetitorB,,35,Legal review,New Business,2024-06-09T00:00:00
2845,92,14,Synergy Partners - Platform Deal,Discovery,12852,2022-03-07,2022-02-04,Partner Referral,Pipeline,False,False,CompetitorA,,77,,New Business,2022-02-04T00:00:00
2846,588,15,Elevate Services - Platform Deal,Discovery,189731,2024-12-20,2024-10-10,Event,Pipeline,False,False,,,47,POC setup,New Business,2024-10-10T00:00:00
1303,345,16,Zenith Partners - Additional Seats,Proposal,19399,2025-06-14,2024-09-20,Outbound - SDR,Best Case,False,False,,,42,Technical review,Expansion,2024-09-20T00:00:00
2848,594,13,Pinnacle Services - Platform Deal,Proposal,180214,2024-12-22,2024-07-28,Inbound - Web,Best Case,False,False,CompetitorE,,36,POC setup,New Business,2024-07-28T00:00:00
2849,563,10,Nova Partners - New Business,Proposal,24302,2025-04-25,2024-10-10,Outbound - AE,Best Case,False,False,CompetitorA,,50,POC setup,New Business,2024-10-10T00:00:00
2850,330,2,Synergy Analytics - New Business,Prospecting,7270,2025-02-07,2024-10-18,Product-Led,Pipeline,False,False,CompetitorB,,20,Schedule demo,New Business,2024-10-18T00:00:00
2851,642,15,Optima Partners - Platform Deal,Prospecting,53694,2024-10-18,2024-08-05,Event,Pipeline,False,False,Open Source Alternative,,64,Contract signing,New Business,2024-08-05T00:00:00
2852,783,6,Acme Software - Initial License,Prospecting,17210,2024-08-07,2024-06-15,Inbound - Content,Pipeline,False,False,Open Source Alternative,,47,,New Business,2024-06-15T00:00:00
2853,375,10,Atlas Networks - Initial License,Closed Lost,17614,2024-09-22,2024-04-30,Partner Referral,Omitted,False,True,CompetitorD,No Decision,35,,New Business,2024-04-30T00:00:00
2854,589,15,Vertex Systems - Platform Deal,Closed Lost,90054,2024-12-31,2024-12-12,Partner Referral,Omitted,False,True,Open Source Alternative,Feature Gap,30,,New Business,2024-12-12T00:00:00
2855,270,4,Nexus Solutions - New Business,Prospecting,17241,2025-06-10,2024-11-03,Inbound - Web,Pipeline,False,False,,,56,Contract signing,New Business,2024-11-03T00:00:00
2856,101,6,Global Dynamics - Initial License,Prospecting,16617,2024-04-10,2023-09-17,Outbound - AE,Pipeline,False,False,,,41,Technical review,New Business,2023-09-17T00:00:00
2857,523,14,Atlas Platforms - Platform Deal,Closed Lost,33903,2024-12-31,2024-11-11,Partner Referral,Omitted,False,True,CompetitorE,Price,70,,New Business,2024-11-11T00:00:00
2858,1000,16,Catalyst Inc - Platform Deal,Negotiation,44111,2024-11-01,2024-03-10,Partner Referral,Commit,False,False,CompetitorE,,61,Send proposal,New Business,2024-03-10T00:00:00
2859,426,1,Velocity Holdings - Initial License,Qualification,,2024-10-16,2024-08-13,Webinar,Best Case,False,False,,,40,,New Business,2024-08-13T00:00:00
2860,114,2,Synergy Solutions - New Business,Proposal,187186,2025-05-15,2024-11-15,Inbound - Web,Best Case,False,False,CompetitorA,,34,Executive alignment,New Business,2024-11-15T00:00:00
2861,7,1,Elevate Dynamics - New Business,Qualification,98072,2024-10-06,2024-03-09,Partner Referral,Best Case,False,False,,,1,Legal review,New Business,2024-03-09T00:00:00
2862,675,9,Pacific Platforms - Initial License,Qualification,28907,2023-10-18,2023-04-15,Inbound - Content,Best Case,False,False,CompetitorA,,7,Schedule demo,New Business,2023-04-15T00:00:00
2863,797,8,Atlas Group - Initial License,Closed Lost,25200,2024-07-15,2024-04-20,Partner Referral,Omitted,False,True,,Competitor,37,,New Business,2024-04-20T00:00:00
2864,407,7,Nova Holdings - New Business,Qualification,31908,2025-05-28,2024-11-28,Outbound - SDR,Best Case,False,False,CompetitorB,,21,,New Business,2024-11-28T00:00:00
2865,704,4,Vanguard Technologies - Initial License,Closed Lost,22210,2023-06-11,2023-02-05,Webinar,Omitted,False,True,,Lost to Status Quo,41,,New Business,2023-02-05T00:00:00
2866,768,13,Pacific Labs - Upsell,Closed Lost,38490,2020-12-26,2020-10-22,Inbound - Web,Omitted,False,True,,Budget Cut,45,,Expansion,2020-10-22T00:00:00
2867,213,14,Atlas Digital - New Business,Prospecting,29810,2022-10-19,2022-07-03,Inbound - Web,Pipeline,False,False,CompetitorD,,2,Technical review,New Business,2022-07-03T00:00:00
2868,9,1,Optima Solutions - Initial License,Discovery,11367,2023-11-16,2023-04-01,Inbound - Content,Pipeline,False,False,Open Source Alternative,,45,Contract signing,New Business,2023-04-01T00:00:00
2869,840,11,Vanguard Systems - Initial License,Qualification,,2023-11-11,2023-09-11,Outbound - SDR,Best Case,False,False,CompetitorD,,39,Reference call,New Business,2023-09-11T00:00:00
2870,299,6,Horizon Enterprises - Initial License,Discovery,180877,2024-05-07,2024-02-17,Outbound - SDR,Pipeline,False,False,CompetitorD,,32,Technical review,New Business,2024-02-17T00:00:00
2871,610,11,Velocity Systems - New Business,Closed Lost,13316,2021-01-30,2020-12-07,Webinar,Omitted,False,True,CompetitorB,Competitor,56,,New Business,2020-12-07T00:00:00
2872,542,10,Catalyst Platforms - Platform Deal,Prospecting,40687,2024-12-11,2024-07-19,Outbound - SDR,Pipeline,False,False,CompetitorA,,28,Contract signing,New Business,2024-07-19T00:00:00
2873,144,7,Pinnacle Enterprises - Expansion,Qualification,11090,2024-09-18,2024-06-12,Partner Referral,Best Case,False,False,,,27,Send proposal,Expansion,2024-06-12T00:00:00
2874,594,13,Pinnacle Services - Initial License,Qualification,46652,2024-05-07,2023-10-11,Partner Referral,Best Case,False,False,CompetitorA,,28,Executive alignment,New Business,2023-10-11T00:00:00
2875,566,1,Acme Technologies - New Business,Proposal,26755,2023-06-28,2023-03-23,Webinar,Best Case,False,False,CompetitorB,,17,Executive alignment,New Business,2023-03-23T00:00:00
1041,337,16,Apex Labs - Platform Deal,Discovery,,2025-03-04,2024-07-01,Product-Led,Pipeline,False,False,,,31,,New Business,2024-07-01T00:00:00
2877,426,7,Velocity Holdings - Initial License,Closed Won,32458,2024-09-19,2024-02-25,Partner Referral,Closed,True,True,,,2,,New Business,2024-02-25T00:00:00
2878,310,12,Velocity Corp - Initial License,Prospecting,43640,2021-07-22,2021-01-06,Partner Referral,Pipeline,False,False,,,51,Reference call,New Business,2021-01-06T00:00:00
2879,464,14,Summit Enterprises - New Business,Prospecting,111063,2023-03-10,2022-12-06,Webinar,Pipeline,False,False,,,17,Executive alignment,New Business,2022-12-06T00:00:00
2880,219,6,Fusion Platforms - New Business,Closed Won,77847,2024-06-18,2024-01-08,Event,Closed,True,True,CompetitorC,,50,,New Business,2024-01-08T00:00:00
2881,402,3,Global Dynamics - New Business,Closed Lost,71470,2024-08-29,2024-07-09,,Omitted,False,True,,Price,28,,New Business,2024-07-09T00:00:00
2882,739,1,Velocity Corp - Platform Deal,Closed Lost,43532,2024-12-01,2024-10-08,Webinar,Omitted,False,True,CompetitorE,Budget Cut,16,,New Business,2024-10-08T00:00:00
2883,934,14,Apex Technologies - Initial License,Qualification,40823,2025-04-23,2024-08-06,Webinar,Best Case,False,False,,,10,POC setup,New Business,2024-08-06T00:00:00
2884,668,7,Summit Software - New Business,Closed Lost,167704,2024-08-09,2024-04-18,Partner Referral,Omitted,False,True,CompetitorB,Feature Gap,23,,New Business,2024-04-18T00:00:00
2885,231,10,Nexus Enterprises - Expansion,Closed Lost,2468,2024-12-31,2024-11-02,Webinar,Omitted,False,True,CompetitorD,Competitor,64,,Expansion,2024-11-02T00:00:00
2886,535,3,Quantum Partners - Platform Deal,Prospecting,17110,2025-01-26,2024-07-26,Product-Led,Pipeline,False,False,CompetitorD,,18,,New Business,2024-07-26T00:00:00
2887,962,16,Vertex Digital - Additional Seats,Proposal,12009,2024-09-05,2024-03-11,Inbound - Content,Best Case,False,False,,,40,Reference call,Expansion,2024-03-11T00:00:00
2888,665,7,Zenith Technologies - New Business,Closed Lost,130489,2021-06-16,2021-03-31,Partner Referral,Omitted,False,True,CompetitorE,Competitor,39,,New Business,2021-03-31T00:00:00
2889,996,3,Quantum Enterprises - New Business,Closed Lost,28949,2024-12-31,2024-11-29,Event,Omitted,False,True,Open Source Alternative,Feature Gap,6,,New Business,2024-11-29T00:00:00
2890,992,9,Nexus Solutions - New Business,Closed Lost,48182,2024-07-09,2024-02-07,Inbound - Content,Omitted,False,True,CompetitorC,Feature Gap,40,,New Business,2024-02-07T00:00:00
2891,762,7,Pinnacle Enterprises - Initial License,Qualification,49481,2024-07-07,2024-02-11,Inbound - Content,Best Case,False,False,CompetitorC,,58,,New Business,2024-02-11T00:00:00
2892,73,12,Nova Group - New Business,Closed Lost,,2023-09-16,2023-07-12,Product-Led,Omitted,False,True,Open Source Alternative,Price,12,,New Business,2023-07-12T00:00:00
2893,463,7,Zenith Labs - Initial License,Closed Lost,183699,2024-12-31,2024-12-15,Outbound - SDR,Omitted,False,True,,Price,30,,New Business,2024-12-15T00:00:00
2894,611,1,Horizon Services - Renewal,Negotiation,48423,2023-05-12,2023-06-02,Event,Commit,False,False,Open Source Alternative,,33,Executive alignment,Renewal,2023-06-02T00:00:00
2895,622,1,Nova Enterprises - Platform Deal,Qualification,5726,2025-08-01,2024-12-25,Outbound - AE,Best Case,False,False,Open Source Alternative,,15,Schedule demo,New Business,2024-12-25T00:00:00
2896,414,5,Quantum Systems - Platform Deal,Closed Lost,,2023-09-19,2023-07-14,Webinar,Omitted,False,True,CompetitorE,Timing,6,,New Business,2023-07-14T00:00:00
2897,747,10,Elevate Services - New Business,Proposal,63621,2024-12-13,2024-10-14,Outbound - AE,Best Case,False,False,CompetitorD,,16,,New Business,2024-10-14T00:00:00
2898,89,13,Acme Enterprises - New Business,Prospecting,,2025-02-15,2024-12-14,Webinar,Pipeline,False,False,CompetitorC,,27,Reference call,New Business,2024-12-14T00:00:00
2899,449,5,Summit Group - New Business,Prospecting,17808,2025-07-24,2024-12-12,Event,Pipeline,False,False,Open Source Alternative,,24,Technical review,New Business,2024-12-12T00:00:00
2900,899,1,Global Solutions - Upsell,Closed Lost,20909,2023-12-01,2023-10-06,Product-Led,Omitted,False,True,CompetitorA,Lost to Status Quo,36,,Expansion,2023-10-06T00:00:00
2901,434,2,Summit Solutions - Platform Deal,Qualification,155904,2024-12-17,2024-09-03,Webinar,Best Case,False,False,,,2,Executive alignment,New Business,2024-09-03T00:00:00
2902,676,4,Pinnacle Partners - New Business,Discovery,70396,2022-08-09,2022-01-18,Inbound - Content,Pipeline,False,False,CompetitorD,,52,POC setup,New Business,2022-01-18T00:00:00
2903,894,5,Quantum Software - Upsell,Discovery,3605,2023-06-04,2022-12-03,Product-Led,Pipeline,False,False,CompetitorA,,10,Reference call,Expansion,2022-12-03T00:00:00
2904,273,10,Pacific Holdings - New Business,Discovery,,2024-10-15,2024-03-07,Partner Referral,Pipeline,False,False,,,25,Contract signing,New Business,2024-03-07T00:00:00
2905,903,14,Apex Networks - New Business,Discovery,72545,2023-11-21,2023-10-15,Inbound - Web,Pipeline,False,False,CompetitorE,,71,Schedule demo,New Business,2023-10-15T00:00:00
2906,181,13,Atlas Labs - Platform Deal,Discovery,191736,2025-02-10,2024-09-15,Webinar,Pipeline,False,False,CompetitorC,,17,Executive alignment,New Business,2024-09-15T00:00:00
2907,255,4,Nexus Technologies - New Business,Prospecting,393342,2020-11-03,2020-08-24,Product-Led,Pipeline,False,False,CompetitorA,,30,,New Business,2020-08-24T00:00:00
1451,842,9,Quantum Software - Platform Deal,Closed Lost,27408,2023-11-13,2023-09-06,Inbound - Content,Omitted,False,True,CompetitorB,Champion Left,16,,New Business,2023-09-06T00:00:00
2909,140,13,Nova Services - Platform Deal,Closed Lost,49872,2024-12-31,2024-12-26,Webinar,Omitted,False,True,CompetitorB,Price,25,,New Business,2024-12-26T00:00:00
2910,649,3,Elevate Partners - Initial License,Proposal,813573,2024-02-12,2023-08-13,Event,Best Case,False,False,,,40,Technical review,New Business,2023-08-13T00:00:00
2911,932,16,Synergy Corp - New Business,Discovery,29733,2024-10-24,2024-06-23,Event,Pipeline,False,False,CompetitorD,,39,Schedule demo,New Business,2024-06-23T00:00:00
2912,269,9,Nexus Systems - New Business,Closed Lost,115108,2024-12-31,2024-12-21,Webinar,Omitted,False,True,CompetitorE,Competitor,37,,New Business,2024-12-21T00:00:00
2913,19,8,Zenith Platforms - Platform Deal,Qualification,,2025-02-04,2024-07-18,Webinar,Best Case,False,False,CompetitorD,,53,,New Business,2024-07-18T00:00:00
2914,646,7,Nexus Labs - Platform Deal,Prospecting,94366,2022-09-25,2022-03-03,Inbound - Content,Pipeline,False,False,,,51,Contract signing,New Business,2022-03-03T00:00:00
2915,523,1,Atlas Platforms - New Business,Negotiation,61356,2025-02-06,2024-07-11,Partner Referral,Commit,False,False,CompetitorE,,18,Executive alignment,New Business,2024-07-11T00:00:00
2916,993,7,Horizon Holdings - New Business,Proposal,38799,2025-03-12,2024-11-14,Inbound - Web,Best Case,False,False,,,23,Send proposal,New Business,2024-11-14T00:00:00
2917,410,14,Pacific Dynamics - New Business,Closed Lost,60059,2022-03-11,2021-07-25,Webinar,Omitted,False,True,CompetitorA,Lost to Status Quo,76,,New Business,2021-07-25T00:00:00
2918,198,4,Optima Enterprises - New Business,Closed Lost,49953,2024-04-12,2024-01-02,Product-Led,Omitted,False,True,Open Source Alternative,Budget Cut,58,,New Business,2024-01-02T00:00:00
2919,501,4,Acme Digital - New Business,Qualification,49164,2025-05-08,2024-12-30,Inbound - Web,Best Case,False,False,Open Source Alternative,,56,,New Business,2024-12-30T00:00:00
2920,939,2,Global Holdings - Platform Deal,Closed Lost,20049,2024-06-26,2024-04-19,Outbound - SDR,Omitted,False,True,CompetitorE,Champion Left,1,,New Business,2024-04-19T00:00:00
2921,467,4,Pacific Inc - Initial License,Prospecting,919451,2025-07-21,2024-12-02,,Pipeline,False,False,CompetitorC,,53,Send proposal,New Business,2024-12-02T00:00:00
2922,3,1,Pacific Platforms - New Business,Closed Lost,323557,2023-11-15,2023-08-16,Inbound - Web,Omitted,False,True,,Budget Cut,22,,New Business,2023-08-16T00:00:00
2923,361,2,Summit Solutions - New Business,Closed Won,11715,2023-09-20,2023-05-05,Inbound - Content,Closed,True,True,CompetitorD,,30,,New Business,2023-05-05T00:00:00
2924,814,11,Elevate Software - New Business,Proposal,75414,2023-04-12,2022-07-29,Partner Referral,Best Case,False,False,,,43,Schedule demo,New Business,2022-07-29T00:00:00
2925,453,1,Fusion Corp - Platform Deal,Qualification,14091,2024-12-21,2024-11-11,Outbound - AE,Best Case,False,False,,,30,Contract signing,New Business,2024-11-11T00:00:00
2926,680,4,Zenith Enterprises - New Business,Prospecting,21983,2024-07-09,2023-11-12,,Pipeline,False,False,,,39,Reference call,New Business,2023-11-12T00:00:00
2927,10,9,Elevate Analytics - Renewal,Qualification,34544,2021-12-03,2021-07-27,Event,Best Case,False,False,,,60,Legal review,Renewal,2021-07-27T00:00:00
2928,748,8,Apex Group - Initial License,Negotiation,49726,2025-05-09,2024-09-29,Outbound - SDR,Commit,False,False,,,14,Reference call,New Business,2024-09-29T00:00:00
2929,436,2,Catalyst Corp - New Business,Proposal,,2024-04-01,2023-11-19,Product-Led,Best Case,False,False,CompetitorD,,22,Technical review,New Business,2023-11-19T00:00:00
2930,111,14,Nova Holdings - Platform Deal,Closed Won,937716,2024-12-31,2024-09-18,Inbound - Content,Closed,True,True,,,41,,New Business,2024-09-18T00:00:00
2931,892,12,Vanguard Dynamics - Platform Deal,Prospecting,11893,2025-04-25,2024-10-14,Product-Led,Pipeline,False,False,,,23,Reference call,New Business,2024-10-14T00:00:00
2932,43,11,Summit Inc - New Business,Qualification,6889,2025-06-16,2024-11-02,,Best Case,False,False,Open Source Alternative,,8,Schedule demo,New Business,2024-11-02T00:00:00
2933,424,2,Optima Technologies - Additional Seats,Closed Lost,10744,2024-12-26,2024-10-14,Product-Led,Omitted,False,True,CompetitorA,Champion Left,6,,Expansion,2024-10-14T00:00:00
2934,505,15,Vertex Partners - Initial License,Discovery,20620,2025-05-23,2024-12-27,Inbound - Content,Pipeline,False,False,,,65,POC setup,New Business,2024-12-27T00:00:00
2935,701,4,Vanguard Enterprises - New Business,Qualification,121495,2024-07-18,2024-06-07,Inbound - Content,Best Case,False,False,CompetitorE,,40,Technical review,New Business,2024-06-07T00:00:00
2936,624,13,Apex Holdings - New Business,Proposal,198887,2025-08-06,2024-12-28,Inbound - Content,Best Case,False,False,,,76,Executive alignment,New Business,2024-12-28T00:00:00
2937,788,1,Acme Solutions - New Business,Proposal,15922,2025-05-04,2024-09-21,Outbound - AE,Best Case,False,False,,,34,,New Business,2024-09-21T00:00:00
855,559,12,Acme Labs - Platform Deal,Discovery,528129,2025-02-06,2024-06-19,Outbound - AE,Pipeline,False,False,CompetitorC,,14,POC setup,New Business,2024-06-19T00:00:00
2939,977,2,Fusion Digital - Additional Seats,Closed Lost,63187,2023-12-22,2023-09-13,Outbound - AE,Omitted,False,True,CompetitorC,Budget Cut,24,,Expansion,2023-09-13T00:00:00
2940,69,13,Nexus Dynamics - New Business,Negotiation,8517,2024-11-03,2024-07-04,,Commit,False,False,CompetitorB,,48,,New Business,2024-07-04T00:00:00
2941,573,8,Quantum Networks - Initial License,Discovery,178369,2025-03-08,2024-12-25,Inbound - Content,Pipeline,False,False,CompetitorC,,33,Legal review,New Business,2024-12-25T00:00:00
2942,604,3,Nova Enterprises - New Business,Closed Won,48076,2024-12-31,2024-11-15,Product-Led,Closed,True,True,,,21,,New Business,2024-11-15T00:00:00
2943,405,7,Vanguard Dynamics - New Business,Discovery,198442,2021-11-19,2021-04-27,Inbound - Content,Pipeline,False,False,,,23,Legal review,New Business,2021-04-27T00:00:00
2944,951,13,Catalyst Analytics - Platform Deal,Qualification,195706,2024-07-20,2024-06-09,Outbound - AE,Best Case,False,False,,,15,,New Business,2024-06-09T00:00:00
2945,403,3,Elevate Networks - Platform Deal,Closed Won,22529,2022-12-29,2022-10-04,Event,Closed,True,True,CompetitorB,,6,,New Business,2022-10-04T00:00:00
2946,627,10,Pinnacle Software - Initial License,Discovery,122360,2025-08-09,2024-12-20,Partner Referral,Pipeline,False,False,CompetitorC,,25,Schedule demo,New Business,2024-12-20T00:00:00
2947,712,15,Synergy Solutions - New Business,Closed Won,58028,2024-12-31,2024-12-27,Product-Led,Closed,True,True,CompetitorE,,32,,New Business,2024-12-27T00:00:00
2948,458,7,Synergy Dynamics - Platform Deal,Prospecting,30962,2022-04-18,2021-07-25,Partner Referral,Pipeline,False,False,Open Source Alternative,,5,Contract signing,New Business,2021-07-25T00:00:00
2949,948,15,Quantum Corp - Platform Deal,Prospecting,42393,2025-05-19,2024-12-25,Product-Led,Pipeline,False,False,Open Source Alternative,,36,,New Business,2024-12-25T00:00:00
2950,926,13,Summit Digital - Platform Deal,Negotiation,9527,2025-01-27,2024-05-02,Inbound - Content,Commit,False,False,,,2,Legal review,New Business,2024-05-02T00:00:00
2951,732,3,Vanguard Holdings - Platform Deal,Closed Lost,41590,2023-01-14,2023-01-03,Webinar,Omitted,False,True,CompetitorB,Price,24,,New Business,2023-01-03T00:00:00
2952,246,16,Atlas Inc - Initial License,Closed Lost,100060,2024-12-31,2024-12-21,Event,Omitted,False,True,Open Source Alternative,Price,58,,New Business,2024-12-21T00:00:00
2953,154,10,Nexus Analytics - Platform Deal,Proposal,39881,2024-08-30,2024-01-10,Inbound - Content,Best Case,False,False,,,65,POC setup,New Business,2024-01-10T00:00:00
2954,549,6,Quantum Holdings - Platform Deal,Discovery,45114,2025-03-01,2024-10-08,Event,Pipeline,False,False,,,43,Technical review,New Business,2024-10-08T00:00:00
2955,248,2,Fusion Corp - Initial License,Discovery,177639,2024-03-29,2023-08-23,,Pipeline,False,False,CompetitorA,,12,Schedule demo,New Business,2023-08-23T00:00:00
2956,204,6,Atlas Group - New Business,Closed Lost,163050,2024-12-31,2024-11-25,Outbound - AE,Omitted,False,True,CompetitorB,Budget Cut,18,,New Business,2024-11-25T00:00:00
2957,484,11,Fusion Services - New Business,Prospecting,33363,2024-10-25,2024-07-13,Inbound - Content,Pipeline,False,False,CompetitorA,,55,Contract signing,New Business,2024-07-13T00:00:00
2958,801,1,Nexus Analytics - Platform Deal,Closed Lost,11238,2024-12-31,2024-10-16,Inbound - Content,Omitted,False,True,CompetitorD,Price,18,,New Business,2024-10-16T00:00:00
2959,493,5,Summit Analytics - Initial License,Discovery,30080,2024-05-30,2024-02-10,Webinar,Pipeline,False,False,CompetitorC,,58,,New Business,2024-02-10T00:00:00
2960,539,10,Atlas Enterprises - Initial License,Proposal,42371,2025-03-12,2024-12-26,Inbound - Web,Best Case,False,False,Open Source Alternative,,28,,New Business,2024-12-26T00:00:00
2961,749,12,Global Labs - New Business,Qualification,36886,2022-12-09,2022-07-04,Inbound - Web,Best Case,False,False,CompetitorD,,53,Send proposal,New Business,2022-07-04T00:00:00
2962,294,16,Acme Platforms - Initial License,Closed Won,5779,2024-12-31,2024-09-28,Event,Closed,True,True,CompetitorC,,31,,New Business,2024-09-28T00:00:00
1745,631,9,Vanguard Corp - Initial License,Closed Lost,151589,2024-12-31,2024-12-12,,Omitted,False,True,CompetitorA,Budget Cut,19,,New Business,2024-12-12T00:00:00
2964,732,9,Vanguard Holdings - Contract Renewal,Qualification,46732,2024-12-24,2024-07-07,Inbound - Content,Best Case,False,False,,,45,Reference call,Renewal,2024-07-07T00:00:00
2965,285,1,Pacific Holdings - Platform Deal,Qualification,66401,2024-02-19,2023-12-04,Outbound - AE,Best Case,False,False,,,5,POC setup,New Business,2023-12-04T00:00:00
2966,674,9,Apex Analytics - Platform Deal,Prospecting,151996,2024-03-12,2024-01-23,Inbound - Web,Pipeline,False,False,Open Source Alternative,,17,Send proposal,New Business,2024-01-23T00:00:00
2967,389,4,Acme Networks - Platform Deal,Prospecting,29719,2025-05-03,2024-10-11,Outbound - AE,Pipeline,False,False,,,52,Executive alignment,New Business,2024-10-11T00:00:00
2968,305,4,Zenith Analytics - Platform Deal,Closed Won,28571,2024-12-31,2024-12-20,Partner Referral,Closed,True,True,Open Source Alternative,,5,,New Business,2024-12-20T00:00:00
2969,447,6,Atlas Analytics - Upsell,Discovery,537761,2024-07-26,2024-02-16,Product-Led,Pipeline,False,False,CompetitorD,,16,Send proposal,Expansion,2024-02-16T00:00:00
2970,781,5,Vanguard Dynamics - New Business,Prospecting,31595,2023-08-29,2023-03-14,Outbound - AE,Pipeline,False,False,CompetitorA,,3,Reference call,New Business,2023-03-14T00:00:00
2971,403,14,Elevate Networks - Renewal,Prospecting,21396,2021-07-28,2021-03-10,Outbound - SDR,Pipeline,False,False,CompetitorC,,71,,Renewal,2021-03-10T00:00:00
2972,535,3,Quantum Partners - Initial License,Prospecting,20517,2025-01-24,2024-08-02,Event,Pipeline,False,False,CompetitorC,,32,,New Business,2024-08-02T00:00:00
2973,396,5,Synergy Inc - Platform Deal,Qualification,41647,2025-01-17,2024-05-14,Outbound - AE,Best Case,False,False,CompetitorA,,37,Executive alignment,New Business,2024-05-14T00:00:00
2974,519,11,Quantum Platforms - Initial License,Closed Won,33952,2024-12-31,2024-12-05,Inbound - Web,Closed,True,True,,,3,,New Business,2024-12-05T00:00:00
2975,49,12,Global Holdings - Platform Deal,Closed Lost,48615,2024-12-22,2024-12-03,Product-Led,Omitted,False,True,CompetitorA,Price,19,,New Business,2024-12-03T00:00:00
2976,82,7,Apex Networks - Platform Deal,Closed Lost,214603,2022-12-19,2022-09-15,Outbound - SDR,Omitted,False,True,CompetitorB,Price,55,,New Business,2022-09-15T00:00:00
2977,200,2,Nova Digital - New Business,Prospecting,92559,2025-01-11,2024-11-02,Event,Pipeline,False,False,CompetitorB,,9,Executive alignment,New Business,2024-11-02T00:00:00
2978,41,12,Nova Technologies - New Business,Qualification,161665,2024-09-14,2024-05-16,Partner Referral,Best Case,False,False,CompetitorC,,23,,New Business,2024-05-16T00:00:00
2979,19,12,Zenith Platforms - Initial License,Prospecting,90480,2023-12-09,2023-06-11,Partner Referral,Pipeline,False,False,CompetitorA,,49,Legal review,New Business,2023-06-11T00:00:00
2980,275,6,Acme Partners - Platform Deal,Discovery,914685,2024-12-31,2024-06-26,Inbound - Web,Pipeline,False,False,CompetitorE,,17,Executive alignment,New Business,2024-06-26T00:00:00
2981,45,8,Quantum Inc - New Business,Discovery,34431,2023-10-15,2023-08-23,Partner Referral,Pipeline,False,False,,,41,Schedule demo,New Business,2023-08-23T00:00:00
2982,135,8,Acme Holdings - Initial License,Discovery,10812,2022-07-15,2021-12-27,Outbound - AE,Pipeline,False,False,CompetitorD,,52,Contract signing,New Business,2021-12-27T00:00:00
2983,166,13,Velocity Technologies - Renewal,Proposal,42839,2024-11-12,2024-04-27,Webinar,Best Case,False,False,,,35,Send proposal,Renewal,2024-04-27T00:00:00
2984,437,14,Apex Inc - Platform Deal,Discovery,92381,2022-02-03,2021-10-03,Outbound - AE,Pipeline,False,False,CompetitorE,,9,Reference call,New Business,2021-10-03T00:00:00
2985,179,2,Vanguard Networks - New Business,Discovery,7195,2023-05-14,2022-10-05,Outbound - SDR,Pipeline,False,False,CompetitorD,,24,Technical review,New Business,2022-10-05T00:00:00
2986,578,1,Nova Networks - Platform Deal,Closed Won,25996,2022-06-28,2022-01-08,Product-Led,Closed,True,True,CompetitorD,,22,,New Business,2022-01-08T00:00:00
2987,996,5,Quantum Enterprises - Platform Deal,Proposal,8560,2025-06-11,2024-11-12,Webinar,Best Case,False,False,,,58,Schedule demo,New Business,2024-11-12T00:00:00
2408,924,9,Nexus Group - New Business,Closed Lost,18084,2024-12-31,2024-11-11,Inbound - Web,Omitted,False,True,Open Source Alternative,Feature Gap,64,,New Business,2024-11-11T00:00:00
2989,96,11,Optima Holdings - Platform Deal,Prospecting,35080,2025-03-22,2024-10-19,Webinar,Pipeline,False,False,CompetitorA,,35,Reference call,New Business,2024-10-19T00:00:00
2990,545,10,Nova Analytics - Initial License,Prospecting,49230,2024-06-27,2024-05-01,Inbound - Web,Pipeline,False,False,CompetitorA,,3,,New Business,2024-05-01T00:00:00
2991,586,3,Catalyst Services - New Business,Qualification,64450,2024-10-15,2024-07-20,Inbound - Web,Best Case,False,False,CompetitorA,,28,Executive alignment,New Business,2024-07-20T00:00:00
2992,764,3,Global Inc - Initial License,Prospecting,113077,2025-02-06,2024-06-22,Product-Led,Pipeline,False,False,CompetitorA,,42,Schedule demo,New Business,2024-06-22T00:00:00
2993,302,3,Catalyst Partners - New Business,Discovery,78797,2023-05-26,2023-01-19,,Pipeline,False,False,,,32,Legal review,New Business,2023-01-19T00:00:00
2994,830,16,Pacific Enterprises - Initial License,Proposal,,2025-06-09,2024-10-03,Product-Led,Best Case,False,False,,,57,Technical review,New Business,2024-10-03T00:00:00
2995,315,12,Nova Services - New Business,Prospecting,24473,2024-12-14,2024-06-01,Partner Referral,Pipeline,False,False,Open Source Alternative,,33,Legal review,New Business,2024-06-01T00:00:00
2996,267,8,Catalyst Inc - New Business,Closed Lost,115382,2022-04-02,2022-01-01,Product-Led,Omitted,False,True,CompetitorC,Budget Cut,53,,New Business,2022-01-01T00:00:00
2997,839,9,Elevate Enterprises - New Business,Prospecting,186680,2025-07-14,2024-12-12,Webinar,Pipeline,False,False,,,60,POC setup,New Business,2024-12-12T00:00:00
2998,929,2,Global Networks - New Business,Closed Lost,55399,2022-09-18,2022-07-24,Event,Omitted,False,True,CompetitorA,Lost to Status Quo,43,,New Business,2022-07-24T00:00:00
2999,640,7,Acme Holdings - New Business,Qualification,103536,2024-06-09,2024-01-14,,Best Case,False,False,,,25,Legal review,New Business,2024-01-14T00:00:00
3000,438,8,Nova Corp - Initial License,Closed Lost,814229,2021-04-04,2021-03-02,Event,Omitted,False,True,CompetitorA,Competitor,16,,New Business,2021-03-02T00:00:00
3001,469,3,Optima Networks - Renewal,Prospecting,89620,2024-12-18,2024-05-20,Event,Pipeline,False,False,CompetitorC,,21,Executive alignment,Renewal,2024-05-20T00:00:00
3002,30,9,Catalyst Corp - New Business,Discovery,33688,2025-02-07,2024-11-02,,Pipeline,False,False,,,69,Legal review,New Business,2024-11-02T00:00:00
3003,358,14,Summit Technologies - New Business,Closed Won,819896,2022-06-21,2022-04-13,Event,Closed,True,True,CompetitorB,,42,,New Business,2022-04-13T00:00:00
3004,249,6,Apex Solutions - Initial License,Closed Lost,110047,2024-04-06,2024-02-29,Partner Referral,Omitted,False,True,,Lost to Status Quo,18,,New Business,2024-02-29T00:00:00
3005,139,11,Optima Partners - New Business,Closed Won,18959,2024-12-31,2024-11-29,Webinar,Closed,True,True,CompetitorA,,52,,New Business,2024-11-29T00:00:00
3006,942,1,Vanguard Corp - Initial License,Qualification,42596,2024-01-15,2023-08-03,Outbound - SDR,Best Case,False,False,,,3,Send proposal,New Business,2023-08-03T00:00:00
3007,525,6,Vertex Networks - New Business,Discovery,238673,2024-06-30,2024-05-08,Outbound - SDR,Pipeline,False,False,Open Source Alternative,,38,Executive alignment,New Business,2024-05-08T00:00:00
3008,604,5,Nova Enterprises - Contract Renewal,Closed Won,180389,2024-12-31,2024-10-29,Inbound - Web,Closed,True,True,CompetitorA,,12,,Renewal,2024-10-29T00:00:00
3009,358,11,Summit Technologies - Platform Deal,Closed Won,445757,2021-08-30,2021-07-26,Inbound - Web,Closed,True,True,,,32,,New Business,2021-07-26T00:00:00
3010,87,4,Atlas Solutions - Platform Deal,Qualification,6556,2021-11-13,2021-09-18,Event,Best Case,False,False,,,36,Legal review,New Business,2021-09-18T00:00:00
3011,335,14,Vanguard Analytics - New Business,Qualification,13028,2024-10-28,2024-11-07,Event,Best Case,False,False,,,78,Technical review,New Business,2024-11-07T00:00:00
3012,659,11,Velocity Partners - New Business,Prospecting,23078,2023-06-14,2022-11-19,,Pipeline,False,False,CompetitorE,,46,Technical review,New Business,2022-11-19T00:00:00
3013,214,11,Summit Digital - New Business,Prospecting,26051,2025-04-20,2024-11-28,Inbound - Content,Pipeline,False,False,CompetitorE,,38,Executive alignment,New Business,2024-11-28T00:00:00
3014,798,7,Synergy Solutions - Platform Deal,Qualification,158757,2025-06-18,2024-12-29,Webinar,Best Case,False,False,,,60,Legal review,New Business,2024-12-29T00:00:00
3015,531,10,Vertex Holdings - Platform Deal,Prospecting,46329,2024-05-13,2024-04-02,Outbound - AE,Pipeline,False,False,,,24,Executive alignment,New Business,2024-04-02T00:00:00
3016,484,11,Fusion Services - Contract Renewal,Proposal,46633,2023-08-26,2023-03-23,Inbound - Web,Best Case,False,False,,,66,Legal review,Renewal,2023-03-23T00:00:00
3017,272,5,Summit Dynamics - Platform Deal,Qualification,20554,2024-02-20,2023-10-02,Partner Referral,Best Case,False,False,CompetitorC,,51,Technical review,New Business,2023-10-02T00:00:00
3018,546,16,Zenith Partners - Platform Deal,Discovery,43781,2025-02-20,2024-12-31,Event,Pipeline,False,False,CompetitorB,,60,Legal review,New Business,2024-12-31T00:00:00
3019,189,2,Synergy Networks - Initial License,Discovery,593516,2025-04-17,2024-12-18,Outbound - AE,Pipeline,False,False,,,39,Schedule demo,New Business,2024-12-18T00:00:00
3020,987,1,Vertex Corp - New Business,Prospecting,26464,2024-07-25,2024-01-02,Product-Led,Pipeline,False,False,CompetitorE,,44,Executive alignment,New Business,2024-01-02T00:00:00
3021,196,5,Global Networks - Initial License,Negotiation,34800,2021-07-04,2021-05-09,,Commit,False,False,,,29,Legal review,New Business,2021-05-09T00:00:00
3022,334,14,Quantum Group - Initial License,Closed Lost,17176,2024-12-31,2024-11-27,Outbound - AE,Omitted,False,True,CompetitorA,Price,74,,New Business,2024-11-27T00:00:00
3023,433,11,Pacific Holdings - Initial License,Discovery,110332,2021-10-30,2021-08-17,Event,Pipeline,False,False,Open Source Alternative,,12,Technical review,New Business,2021-08-17T00:00:00
1004,407,3,Nova Holdings - Initial License,Qualification,16474,2025-04-13,2024-12-12,Inbound - Web,Best Case,False,False,CompetitorC,,44,,New Business,2024-12-12T00:00:00
3025,619,13,Pacific Networks - Platform Deal,Proposal,33386,2022-11-03,2022-03-17,Outbound - AE,Best Case,False,False,CompetitorE,,31,Executive alignment,New Business,2022-03-17T00:00:00
3026,510,7,Synergy Services - New Business,Proposal,39861,2023-12-25,2023-07-05,Inbound - Content,Best Case,False,False,CompetitorB,,31,Technical review,New Business,2023-07-05T00:00:00
3027,260,14,Apex Digital - Platform Deal,Closed Lost,35278,2022-02-28,2021-12-12,Inbound - Content,Omitted,False,True,CompetitorA,Budget Cut,65,,New Business,2021-12-12T00:00:00
3028,302,5,Catalyst Partners - Initial License,Qualification,58285,2025-05-27,2024-10-01,Inbound - Content,Best Case,False,False,CompetitorD,,31,POC setup,New Business,2024-10-01T00:00:00
3029,138,2,Catalyst Group - Initial License,Prospecting,41588,2024-05-26,2024-04-16,Product-Led,Pipeline,False,False,CompetitorA,,17,Reference call,New Business,2024-04-16T00:00:00
2345,667,16,Vertex Analytics - New Business,Negotiation,52447,2025-03-22,2024-10-28,Inbound - Content,Commit,False,False,,,62,Contract signing,New Business,2024-10-28T00:00:00
3031,155,7,Acme Enterprises - Platform Deal,Proposal,192097,2024-11-07,2024-03-21,Partner Referral,Best Case,False,False,,,32,,New Business,2024-03-21T00:00:00
3032,48,16,Catalyst Software - New Business,Discovery,25605,2025-05-06,2024-10-08,Partner Referral,Pipeline,False,False,CompetitorA,,21,Reference call,New Business,2024-10-08T00:00:00
3033,2,12,Pacific Software - Platform Deal,Qualification,40469,2024-09-08,2024-05-03,Webinar,Best Case,False,False,CompetitorE,,65,Reference call,New Business,2024-05-03T00:00:00
3034,468,4,Optima Networks - Contract Renewal,Closed Lost,8420,2021-12-17,2021-04-09,Inbound - Content,Omitted,False,True,,Budget Cut,22,,Renewal,2021-04-09T00:00:00
3035,480,10,Vanguard Enterprises - New Business,Discovery,617087,2023-01-08,2022-07-14,Inbound - Content,Pipeline,False,False,,,34,Reference call,New Business,2022-07-14T00:00:00
3036,280,8,Elevate Dynamics - Upsell,Closed Won,332792,2023-10-20,2023-06-16,Outbound - AE,Closed,True,True,,,58,,Expansion,2023-06-16T00:00:00
3037,363,4,Nexus Dynamics - Initial License,Discovery,109883,2023-09-30,2023-05-04,Partner Referral,Pipeline,False,False,,,41,Send proposal,New Business,2023-05-04T00:00:00
3038,931,2,Atlas Analytics - Initial License,Proposal,17842,2025-04-11,2024-12-15,Outbound - AE,Best Case,False,False,CompetitorA,,8,Technical review,New Business,2024-12-15T00:00:00
3039,902,14,Fusion Systems - Platform Deal,Prospecting,43053,2024-09-29,2024-01-24,Product-Led,Pipeline,False,False,,,37,POC setup,New Business,2024-01-24T00:00:00
3040,857,15,Quantum Corp - New Business,Closed Lost,34453,2024-09-27,2024-08-04,Outbound - AE,Omitted,False,True,CompetitorE,Price,10,,New Business,2024-08-04T00:00:00
3041,102,14,Summit Services - New Business,Qualification,31666,2024-01-08,2023-10-07,Outbound - SDR,Best Case,False,False,CompetitorE,,18,,New Business,2023-10-07T00:00:00
3042,225,5,Synergy Networks - Platform Deal,Qualification,642031,2024-12-05,2024-03-14,Partner Referral,Best Case,False,False,CompetitorC,,9,Contract signing,New Business,2024-03-14T00:00:00
3043,762,7,Pinnacle Enterprises - New Business,Closed Lost,27178,2021-06-21,2020-12-13,Webinar,Omitted,False,True,CompetitorB,Budget Cut,41,,New Business,2020-12-13T00:00:00
3044,206,11,Nexus Platforms - Platform Deal,Prospecting,190554,2024-01-22,2023-05-21,Product-Led,Pipeline,False,False,Open Source Alternative,,22,Contract signing,New Business,2023-05-21T00:00:00
3045,560,15,Summit Corp - New Business,Discovery,100181,2025-02-09,2024-12-01,Event,Pipeline,False,False,CompetitorC,,66,Contract signing,New Business,2024-12-01T00:00:00
3046,291,4,Vertex Technologies - Expansion,Qualification,18785,2025-02-26,2024-12-19,Inbound - Content,Best Case,False,False,CompetitorD,,43,Technical review,Expansion,2024-12-19T00:00:00
3047,520,13,Catalyst Software - Platform Deal,Closed Won,164399,2024-06-20,2024-03-10,Partner Referral,Closed,True,True,CompetitorD,,61,,New Business,2024-03-10T00:00:00
3048,644,8,Elevate Group - Initial License,Proposal,31392,2022-09-27,2022-03-30,Partner Referral,Best Case,False,False,,,50,Contract signing,New Business,2022-03-30T00:00:00
3049,404,16,Horizon Corp - Platform Deal,Closed Won,10475,2024-11-01,2024-09-18,Product-Led,Closed,True,True,,,52,,New Business,2024-09-18T00:00:00
3050,201,15,Vertex Platforms - Initial License,Qualification,25032,2025-07-12,2024-10-27,Outbound - AE,Best Case,False,False,,,65,,New Business,2024-10-27T00:00:00
3051,807,11,Pinnacle Software - Initial License,Qualification,27207,2025-06-13,2024-11-15,Outbound - AE,Best Case,False,False,CompetitorC,,32,Technical review,New Business,2024-11-15T00:00:00
3052,416,8,Velocity Enterprises - Initial License,Prospecting,125152,2021-03-19,2020-10-29,Outbound - SDR,Pipeline,False,False,CompetitorD,,31,Schedule demo,New Business,2020-10-29T00:00:00
3053,231,10,Nexus Enterprises - Additional Seats,Discovery,3195,2025-07-22,2024-12-09,Outbound - SDR,Pipeline,False,False,,,30,Legal review,Expansion,2024-12-09T00:00:00
3054,321,1,Fusion Networks - New Business,Qualification,44243,2024-03-17,2023-10-12,Inbound - Web,Best Case,False,False,,,33,Contract signing,New Business,2023-10-12T00:00:00
3055,807,11,Pinnacle Software - New Business,Prospecting,29955,2025-03-19,2024-09-10,Product-Led,Pipeline,False,False,,,39,Reference call,New Business,2024-09-10T00:00:00
3056,407,1,Nova Holdings - New Business,Negotiation,58655,2025-06-29,2024-11-28,Partner Referral,Commit,False,False,CompetitorC,,42,Send proposal,New Business,2024-11-28T00:00:00
3057,199,3,Quantum Group - Platform Deal,Closed Lost,383784,2024-02-06,2023-12-24,Outbound - AE,Omitted,False,True,Open Source Alternative,Champion Left,24,,New Business,2023-12-24T00:00:00
3058,366,16,Pinnacle Technologies - Initial License,Negotiation,42819,2025-04-08,2024-12-27,Outbound - AE,Commit,False,False,Open Source Alternative,,34,,New Business,2024-12-27T00:00:00
3059,224,7,Velocity Inc - Initial License,Closed Lost,30344,2024-12-31,2024-10-06,Product-Led,Omitted,False,True,,Price,13,,New Business,2024-10-06T00:00:00
3060,153,3,Nexus Technologies - New Business,Discovery,48566,2024-11-17,2024-04-19,Outbound - AE,Pipeline,False,False,CompetitorA,,8,Reference call,New Business,2024-04-19T00:00:00
3061,755,2,Atlas Holdings - Expansion,Negotiation,112984,2023-04-27,2023-03-09,Outbound - AE,Commit,False,False,CompetitorB,,30,Technical review,Expansion,2023-03-09T00:00:00
435,307,16,Summit Software - New Business,Qualification,52647,2025-05-16,2024-11-17,Partner Referral,Best Case,False,False,CompetitorC,,53,,New Business,2024-11-17T00:00:00
3063,343,3,Vertex Labs - Initial License,Proposal,225168,2025-07-10,2024-11-05,Webinar,Best Case,False,False,CompetitorD,,13,POC setup,New Business,2024-11-05T00:00:00
3064,182,5,Zenith Platforms - Platform Deal,Negotiation,877531,2024-05-15,2023-11-11,Partner Referral,Commit,False,False,,,25,Schedule demo,New Business,2023-11-11T00:00:00
3065,156,3,Pacific Platforms - New Business,Prospecting,53650,2025-04-06,2024-11-02,Inbound - Content,Pipeline,False,False,Open Source Alternative,,37,Schedule demo,New Business,2024-11-02T00:00:00
3066,746,15,Zenith Inc - Initial License,Prospecting,,2025-07-31,2024-12-19,Inbound - Content,Pipeline,False,False,CompetitorA,,25,Reference call,New Business,2024-12-19T00:00:00
3067,366,16,Pinnacle Technologies - New Business,Closed Lost,9689,2024-09-26,2024-08-31,Webinar,Omitted,False,True,,Competitor,2,,New Business,2024-08-31T00:00:00
3068,989,2,Horizon Networks - New Business,Discovery,42935,2023-05-18,2022-11-12,Outbound - AE,Pipeline,False,False,CompetitorD,,34,Contract signing,New Business,2022-11-12T00:00:00
3069,248,2,Fusion Corp - New Business,Prospecting,158053,2021-11-05,2021-05-17,,Pipeline,False,False,,,41,Contract signing,New Business,2021-05-17T00:00:00
3070,202,7,Global Digital - Platform Deal,Proposal,,2024-04-13,2024-02-06,Webinar,Best Case,False,False,,,18,POC setup,New Business,2024-02-06T00:00:00
3071,520,7,Catalyst Software - Expansion,Discovery,67708,2024-12-05,2024-03-10,Partner Referral,Pipeline,False,False,,,6,POC setup,Expansion,2024-03-10T00:00:00
3072,103,14,Quantum Technologies - New Business,Closed Won,75220,2024-08-04,2024-04-08,Product-Led,Closed,True,True,CompetitorA,,47,,New Business,2024-04-08T00:00:00
3073,799,9,Global Networks - Platform Deal,Closed Lost,20663,2024-12-31,2024-06-27,Inbound - Web,Omitted,False,True,CompetitorA,Lost to Status Quo,47,,New Business,2024-06-27T00:00:00
3074,889,13,Horizon Solutions - Platform Deal,Closed Lost,895692,2023-12-17,2023-07-16,Partner Referral,Omitted,False,True,,Budget Cut,77,,New Business,2023-07-16T00:00:00
3075,990,10,Catalyst Networks - New Business,Closed Won,15795,2024-12-27,2024-06-15,Inbound - Content,Closed,True,True,Open Source Alternative,,17,,New Business,2024-06-15T00:00:00
2571,20,5,Optima Digital - Initial License,Closed Lost,154327,2023-08-25,2023-06-29,Inbound - Content,Omitted,False,True,CompetitorE,Budget Cut,58,,New Business,2023-06-29T00:00:00
3077,816,8,Nexus Partners - New Business,Discovery,747262,2024-12-22,2024-10-30,Partner Referral,Pipeline,False,False,,,10,Reference call,New Business,2024-10-30T00:00:00
3078,490,9,Nexus Solutions - Platform Deal,Qualification,31685,2021-04-25,2020-09-15,Product-Led,Best Case,False,False,Open Source Alternative,,27,POC setup,New Business,2020-09-15T00:00:00
3079,842,4,Quantum Software - Initial License,Closed Lost,84500,2024-12-31,2024-12-24,Inbound - Web,Omitted,False,True,CompetitorE,No Decision,43,,New Business,2024-12-24T00:00:00
3080,655,15,Zenith Analytics - Initial License,Discovery,184895,2025-06-19,2024-12-16,Event,Pipeline,False,False,,,30,Contract signing,New Business,2024-12-16T00:00:00
3081,633,16,Optima Services - Platform Deal,Prospecting,8572,2021-07-15,2021-04-30,Webinar,Pipeline,False,False,,,26,Technical review,New Business,2021-04-30T00:00:00
3082,212,8,Nova Corp - Platform Deal,Closed Won,58583,2024-12-31,2024-08-28,Outbound - SDR,Closed,True,True,CompetitorB,,20,,New Business,2024-08-28T00:00:00
3083,609,3,Atlas Software - Initial License,Closed Won,949243,2023-12-25,2023-09-26,Product-Led,Closed,True,True,CompetitorC,,24,,New Business,2023-09-26T00:00:00
3084,420,16,Synergy Group - New Business,Proposal,36438,2025-04-02,2024-12-26,Webinar,Best Case,False,False,CompetitorD,,6,Legal review,New Business,2024-12-26T00:00:00
3085,846,5,Zenith Software - Platform Deal,Closed Lost,167859,2024-12-16,2024-11-07,Outbound - SDR,Omitted,False,True,CompetitorC,Lost to Status Quo,30,,New Business,2024-11-07T00:00:00
3086,374,9,Optima Networks - Platform Deal,Closed Lost,230564,2024-12-31,2024-10-15,Product-Led,Omitted,False,True,CompetitorB,Price,41,,New Business,2024-10-15T00:00:00
3087,11,11,Pinnacle Corp - Initial License,Qualification,170318,2025-04-23,2024-12-13,Inbound - Web,Best Case,False,False,CompetitorA,,13,POC setup,New Business,2024-12-13T00:00:00
3088,7,1,Elevate Dynamics - New Business,Negotiation,53008,2022-11-29,2022-09-07,Product-Led,Commit,False,False,,,39,Technical review,New Business,2022-09-07T00:00:00
3089,221,7,Elevate Partners - Platform Deal,Proposal,,2022-12-14,2022-10-09,Partner Referral,Best Case,False,False,CompetitorA,,29,Schedule demo,New Business,2022-10-09T00:00:00
3090,929,2,Global Networks - Platform Deal,Closed Lost,,2023-05-15,2023-01-31,Product-Led,Omitted,False,True,,Lost to Status Quo,41,,New Business,2023-01-31T00:00:00
3091,667,16,Vertex Analytics - New Business,Prospecting,14326,2025-07-01,2024-11-11,Outbound - SDR,Pipeline,False,False,,,27,Reference call,New Business,2024-11-11T00:00:00
3092,495,16,Summit Platforms - New Business,Qualification,48218,2025-07-13,2024-11-15,Inbound - Web,Best Case,False,False,CompetitorA,,39,Schedule demo,New Business,2024-11-15T00:00:00
3093,260,14,Apex Digital - Platform Deal,Proposal,21459,2025-03-02,2024-09-17,Event,Best Case,False,False,CompetitorD,,44,Contract signing,New Business,2024-09-17T00:00:00
3094,412,13,Elevate Group - New Business,Closed Lost,171291,2022-05-27,2022-02-11,Webinar,Omitted,False,True,CompetitorA,Timing,8,,New Business,2022-02-11T00:00:00
3095,748,16,Apex Group - Platform Deal,Prospecting,30608,2024-10-02,2024-07-03,Inbound - Web,Pipeline,False,False,CompetitorB,,38,Executive alignment,New Business,2024-07-03T00:00:00
3096,974,8,Zenith Digital - New Business,Prospecting,21993,2024-11-21,2024-04-01,Webinar,Pipeline,False,False,,,41,Executive alignment,New Business,2024-04-01T00:00:00
3097,308,5,Vanguard Solutions - New Business,Discovery,96021,2024-08-14,2024-02-24,Product-Led,Pipeline,False,False,CompetitorA,,58,POC setup,New Business,2024-02-24T00:00:00
3098,98,4,Atlas Software - Platform Deal,Discovery,435637,2025-04-09,2024-12-07,Inbound - Content,Pipeline,False,False,CompetitorD,,45,Executive alignment,New Business,2024-12-07T00:00:00
3099,193,9,Summit Corp - Contract Renewal,Negotiation,235578,2025-03-28,2024-12-12,Product-Led,Commit,False,False,CompetitorA,,35,Reference call,Renewal,2024-12-12T00:00:00
3100,995,10,Acme Corp - New Business,Discovery,23839,2024-10-11,2024-02-15,Inbound - Content,Pipeline,False,False,CompetitorD,,61,Reference call,New Business,2024-02-15T00:00:00
3101,281,1,Elevate Enterprises - Initial License,Prospecting,651889,2022-06-22,2021-09-25,,Pipeline,False,False,Open Source Alternative,,7,,New Business,2021-09-25T00:00:00
3102,148,13,Synergy Technologies - Platform Deal,Proposal,63786,2022-07-27,2021-12-29,,Best Case,False,False,Open Source Alternative,,36,,New Business,2021-12-29T00:00:00
3103,544,6,Pinnacle Services - New Business,Discovery,8708,2024-06-18,2024-05-03,Inbound - Web,Pipeline,False,False,CompetitorE,,25,Executive alignment,New Business,2024-05-03T00:00:00
3104,214,11,Summit Digital - New Business,Qualification,17313,2025-01-27,2024-11-15,Inbound - Web,Best Case,False,False,CompetitorC,,57,Contract signing,New Business,2024-11-15T00:00:00
3105,881,9,Synergy Inc - Initial License,Qualification,29028,2023-06-07,2023-03-21,Outbound - SDR,Best Case,False,False,CompetitorD,,53,Contract signing,New Business,2023-03-21T00:00:00
3106,163,11,Optima Inc - Platform Deal,Closed Lost,195943,2020-12-29,2020-10-22,Inbound - Web,Omitted,False,True,CompetitorA,No Decision,9,,New Business,2020-10-22T00:00:00
3107,631,16,Vanguard Corp - Renewal,Closed Lost,33462,2024-12-31,2024-09-23,Inbound - Content,Omitted,False,True,CompetitorB,Feature Gap,21,,Renewal,2024-09-23T00:00:00
3108,366,16,Pinnacle Technologies - Contract Renewal,Proposal,15090,2025-07-05,2024-11-17,Outbound - AE,Best Case,False,False,CompetitorA,,22,Technical review,Renewal,2024-11-17T00:00:00
3109,106,6,Synergy Technologies - Platform Deal,Closed Lost,98599,2024-07-14,2024-05-18,Inbound - Web,Omitted,False,True,,Price,22,,New Business,2024-05-18T00:00:00
3110,68,6,Pinnacle Analytics - Platform Deal,Proposal,63634,2025-05-09,2024-11-26,Partner Referral,Best Case,False,False,CompetitorB,,49,Technical review,New Business,2024-11-26T00:00:00
3111,652,8,Catalyst Analytics - New Business,Discovery,52874,2025-06-05,2024-11-01,,Pipeline,False,False,,,20,Legal review,New Business,2024-11-01T00:00:00
3112,906,3,Vertex Enterprises - Platform Deal,Discovery,169626,2022-04-21,2022-05-19,Event,Pipeline,False,False,CompetitorC,,32,Legal review,New Business,2022-05-19T00:00:00
3113,894,5,Quantum Software - Initial License,Discovery,11712,2023-10-04,2023-01-26,Event,Pipeline,False,False,CompetitorC,,11,Technical review,New Business,2023-01-26T00:00:00
3114,200,1,Nova Digital - Initial License,Discovery,134262,2024-10-30,2024-06-17,Event,Pipeline,False,False,CompetitorB,,39,Executive alignment,New Business,2024-06-17T00:00:00
3115,32,12,Global Services - Initial License,Prospecting,23674,2022-12-18,2022-10-28,Product-Led,Pipeline,False,False,CompetitorD,,43,Legal review,New Business,2022-10-28T00:00:00
3116,305,1,Zenith Analytics - Platform Deal,Closed Won,37097,2023-05-08,2023-01-19,Partner Referral,Closed,True,True,,,17,,New Business,2023-01-19T00:00:00
3117,825,3,Summit Corp - Initial License,Prospecting,50311,2024-11-24,2024-09-18,Outbound - SDR,Pipeline,False,False,CompetitorB,,45,POC setup,New Business,2024-09-18T00:00:00
3118,350,11,Summit Dynamics - Platform Deal,Negotiation,43874,2024-04-23,2023-11-10,Event,Commit,False,False,CompetitorA,,14,Executive alignment,New Business,2023-11-10T00:00:00
3119,709,2,Pinnacle Group - Initial License,Discovery,18986,2021-08-27,2021-06-27,Webinar,Pipeline,False,False,CompetitorB,,38,Executive alignment,New Business,2021-06-27T00:00:00
3120,79,12,Apex Software - New Business,Qualification,17178,2024-06-01,2024-01-01,Webinar,Best Case,False,False,CompetitorA,,44,,New Business,2024-01-01T00:00:00
3121,92,14,Synergy Partners - New Business,Prospecting,13234,2024-11-06,2024-04-01,Inbound - Content,Pipeline,False,False,,,35,,New Business,2024-04-01T00:00:00
3122,947,15,Fusion Inc - New Business,Discovery,21590,2025-03-29,2024-09-13,Outbound - SDR,Pipeline,False,False,CompetitorD,,50,Executive alignment,New Business,2024-09-13T00:00:00
3123,30,15,Catalyst Corp - Initial License,Proposal,18794,2024-02-18,2023-06-07,Webinar,Best Case,False,False,CompetitorA,,48,,New Business,2023-06-07T00:00:00
3124,214,13,Summit Digital - Initial License,Proposal,21832,2025-08-04,2024-11-23,Outbound - AE,Best Case,False,False,,,53,Reference call,New Business,2024-11-23T00:00:00
3125,485,15,Global Systems - Initial License,Discovery,27222,2024-11-05,2024-04-23,Inbound - Web,Pipeline,False,False,CompetitorB,,66,Legal review,New Business,2024-04-23T00:00:00
3126,699,7,Horizon Dynamics - New Business,Closed Lost,43139,2024-11-23,2024-08-02,Webinar,Omitted,False,True,,Feature Gap,32,,New Business,2024-08-02T00:00:00
3127,53,12,Pacific Software - Initial License,Prospecting,153252,2024-02-22,2023-11-12,Partner Referral,Pipeline,False,False,,,25,Technical review,New Business,2023-11-12T00:00:00
3128,512,2,Synergy Software - Platform Deal,Proposal,75953,2025-04-01,2024-08-02,,Best Case,False,False,Open Source Alternative,,3,Technical review,New Business,2024-08-02T00:00:00
3129,955,6,Catalyst Holdings - Initial License,Negotiation,14602,2024-08-04,2024-05-12,Product-Led,Commit,False,False,CompetitorB,,15,Legal review,New Business,2024-05-12T00:00:00
3130,968,16,Horizon Inc - Platform Deal,Qualification,25101,2022-05-19,2022-03-21,,Best Case,False,False,CompetitorC,,12,Send proposal,New Business,2022-03-21T00:00:00
3131,223,16,Apex Analytics - Initial License,Prospecting,11557,2025-02-06,2024-07-16,Webinar,Pipeline,False,False,CompetitorD,,23,Contract signing,New Business,2024-07-16T00:00:00
3132,717,16,Nexus Inc - New Business,Closed Lost,,2024-12-31,2024-11-18,Partner Referral,Omitted,False,True,CompetitorB,Feature Gap,19,,New Business,2024-11-18T00:00:00
3133,981,4,Nova Networks - Platform Deal,Discovery,32526,2023-10-13,2023-04-04,Partner Referral,Pipeline,False,False,,,16,POC setup,New Business,2023-04-04T00:00:00
1481,677,13,Vanguard Holdings - Platform Deal,Qualification,61126,2023-11-26,2023-06-25,Outbound - AE,Best Case,False,False,CompetitorA,,28,Technical review,New Business,2023-06-25T00:00:00
3135,160,15,Summit Inc - Platform Deal,Discovery,86623,2025-06-15,2024-10-18,Webinar,Pipeline,False,False,,,40,Executive alignment,New Business,2024-10-18T00:00:00
3136,811,15,Summit Partners - New Business,Closed Won,9480,2024-12-31,2024-12-04,Product-Led,Closed,True,True,CompetitorC,,5,,New Business,2024-12-04T00:00:00
3137,293,9,Velocity Systems - Initial License,Qualification,106568,2025-03-24,2024-11-19,Outbound - AE,Best Case,False,False,,,14,Send proposal,New Business,2024-11-19T00:00:00
3138,672,2,Horizon Corp - Platform Deal,Closed Won,122422,2024-08-17,2024-05-16,Product-Led,Closed,True,True,CompetitorE,,10,,New Business,2024-05-16T00:00:00
3139,81,4,Velocity Dynamics - New Business,Qualification,12610,2025-04-06,2024-10-19,Webinar,Best Case,False,False,Open Source Alternative,,49,Legal review,New Business,2024-10-19T00:00:00
3140,450,8,Elevate Services - Initial License,Discovery,149591,2023-02-24,2022-10-13,Inbound - Web,Pipeline,False,False,CompetitorC,,30,Send proposal,New Business,2022-10-13T00:00:00
3141,61,7,Optima Group - Platform Deal,Discovery,34004,2023-08-07,2023-01-03,Inbound - Web,Pipeline,False,False,,,5,Contract signing,New Business,2023-01-03T00:00:00
3142,604,11,Nova Enterprises - Platform Deal,Discovery,111527,2025-03-10,2024-09-05,Outbound - AE,Pipeline,False,False,,,10,Executive alignment,New Business,2024-09-05T00:00:00
1537,605,11,Catalyst Software - Contract Renewal,Closed Won,20843,2024-04-05,2024-03-03,Inbound - Web,Closed,True,True,,,60,,Renewal,2024-03-03T00:00:00
3144,483,13,Elevate Group - New Business,Closed Lost,117293,2024-12-31,2024-12-17,Inbound - Content,Omitted,False,True,Open Source Alternative,Lost to Status Quo,22,,New Business,2024-12-17T00:00:00
3145,190,11,Zenith Partners - Platform Deal,Proposal,187850,2024-02-11,2023-12-05,Partner Referral,Best Case,False,False,Open Source Alternative,,27,Contract signing,New Business,2023-12-05T00:00:00
3146,908,5,Atlas Analytics - Initial License,Prospecting,53921,2022-11-24,2022-07-01,Inbound - Content,Pipeline,False,False,,,59,,New Business,2022-07-01T00:00:00
3147,842,12,Quantum Software - Platform Deal,Prospecting,169265,2024-06-08,2024-03-05,Outbound - AE,Pipeline,False,False,CompetitorE,,22,Send proposal,New Business,2024-03-05T00:00:00
3148,199,3,Quantum Group - Initial License,Closed Lost,748909,2024-08-03,2024-06-26,Event,Omitted,False,True,CompetitorB,Price,45,,New Business,2024-06-26T00:00:00
3149,327,1,Vanguard Enterprises - New Business,Discovery,55513,2024-07-25,2024-01-20,,Pipeline,False,False,,,19,Reference call,New Business,2024-01-20T00:00:00
3150,761,16,Zenith Enterprises - Platform Deal,Negotiation,24753,2025-05-30,2024-11-13,Webinar,Commit,False,False,,,10,Schedule demo,New Business,2024-11-13T00:00:00
3151,747,3,Elevate Services - Platform Deal,Proposal,189481,2025-05-30,2024-10-09,Product-Led,Best Case,False,False,CompetitorB,,16,Reference call,New Business,2024-10-09T00:00:00
3152,731,7,Acme Enterprises - New Business,Qualification,37087,2024-05-09,2024-03-08,Webinar,Best Case,False,False,CompetitorB,,33,,New Business,2024-03-08T00:00:00
3153,529,8,Pacific Partners - Initial License,Proposal,6334,2023-06-12,2022-10-31,Webinar,Best Case,False,False,,,4,Executive alignment,New Business,2022-10-31T00:00:00
3154,386,1,Elevate Labs - New Business,Closed Won,5745,2024-12-20,2024-08-14,Product-Led,Closed,True,True,CompetitorB,,44,,New Business,2024-08-14T00:00:00
3155,414,10,Quantum Systems - Initial License,Qualification,36426,2024-09-29,2024-03-27,Partner Referral,Best Case,False,False,CompetitorC,,33,POC setup,New Business,2024-03-27T00:00:00
3156,603,3,Velocity Corp - Platform Deal,Discovery,,2024-07-29,2024-03-22,Event,Pipeline,False,False,CompetitorD,,31,Schedule demo,New Business,2024-03-22T00:00:00
3157,897,13,Catalyst Partners - New Business,Proposal,781511,2024-10-20,2024-05-26,Partner Referral,Best Case,False,False,Open Source Alternative,,65,Executive alignment,New Business,2024-05-26T00:00:00
3158,519,16,Quantum Platforms - Upsell,Closed Lost,25486,2024-12-31,2024-10-11,Webinar,Omitted,False,True,CompetitorD,Lost to Status Quo,55,,Expansion,2024-10-11T00:00:00
3159,222,9,Vanguard Holdings - Initial License,Prospecting,26752,2022-08-27,2022-09-23,Webinar,Pipeline,False,False,,,64,Contract signing,New Business,2022-09-23T00:00:00
3160,774,15,Catalyst Technologies - Initial License,Qualification,7011,2025-05-03,2024-12-13,Webinar,Best Case,False,False,CompetitorC,,63,Send proposal,New Business,2024-12-13T00:00:00
3161,238,14,Velocity Holdings - Platform Deal,Closed Lost,36489,2024-12-28,2024-11-17,Event,Omitted,False,True,CompetitorA,Feature Gap,38,,New Business,2024-11-17T00:00:00
3162,70,11,Zenith Enterprises - Platform Deal,Qualification,132255,2023-12-12,2023-06-01,Product-Led,Best Case,False,False,Open Source Alternative,,41,Executive alignment,New Business,2023-06-01T00:00:00
3163,832,6,Optima Digital - New Business,Qualification,40238,2024-11-11,2024-10-02,Inbound - Content,Best Case,False,False,CompetitorE,,19,Executive alignment,New Business,2024-10-02T00:00:00
3164,150,7,Nexus Services - Initial License,Closed Lost,139422,2024-10-30,2024-05-22,Event,Omitted,False,True,CompetitorC,Competitor,35,,New Business,2024-05-22T00:00:00
3165,733,12,Summit Holdings - Initial License,Prospecting,13017,2025-03-23,2024-10-02,Outbound - SDR,Pipeline,False,False,CompetitorE,,9,Executive alignment,New Business,2024-10-02T00:00:00
3166,734,13,Horizon Group - Initial License,Qualification,15032,2025-04-06,2024-08-24,Event,Best Case,False,False,CompetitorC,,50,Reference call,New Business,2024-08-24T00:00:00
3167,429,15,Catalyst Software - Initial License,Negotiation,22470,2025-01-21,2024-12-09,Partner Referral,Commit,False,False,,,7,Schedule demo,New Business,2024-12-09T00:00:00
3168,407,1,Nova Holdings - Initial License,Closed Lost,45823,2024-12-31,2024-10-21,Product-Led,Omitted,False,True,CompetitorB,Feature Gap,8,,New Business,2024-10-21T00:00:00
3169,447,3,Atlas Analytics - New Business,Closed Lost,405974,2022-10-16,2022-09-22,Inbound - Content,Omitted,False,True,Open Source Alternative,Price,10,,New Business,2022-09-22T00:00:00
3170,45,8,Quantum Inc - Platform Deal,Qualification,16474,2024-10-15,2024-07-08,Product-Led,Best Case,False,False,CompetitorA,,46,Technical review,New Business,2024-07-08T00:00:00
3171,489,11,Nova Platforms - Platform Deal,Prospecting,48351,2025-06-29,2024-12-17,Product-Led,Pipeline,False,False,CompetitorB,,56,Schedule demo,New Business,2024-12-17T00:00:00
3172,259,5,Global Partners - Initial License,Closed Lost,102239,2024-09-24,2024-04-05,Inbound - Content,Omitted,False,True,,Competitor,24,,New Business,2024-04-05T00:00:00
3173,393,3,Global Services - Initial License,Qualification,400412,2023-02-24,2022-11-27,Inbound - Web,Best Case,False,False,Open Source Alternative,,13,Executive alignment,New Business,2022-11-27T00:00:00
3174,474,6,Elevate Partners - New Business,Closed Lost,756418,2021-03-23,2020-07-27,Outbound - AE,Omitted,False,True,CompetitorC,Competitor,58,,New Business,2020-07-27T00:00:00
3175,566,7,Acme Technologies - New Business,Discovery,38209,2023-02-19,2022-11-08,Outbound - SDR,Pipeline,False,False,CompetitorD,,41,Schedule demo,New Business,2022-11-08T00:00:00
3176,295,2,Synergy Enterprises - Additional Seats,Closed Lost,24216,2023-05-09,2022-12-29,Outbound - SDR,Omitted,False,True,CompetitorA,Competitor,9,,Expansion,2022-12-29T00:00:00
3177,992,9,Nexus Solutions - Initial License,Prospecting,34772,2024-02-22,2023-05-29,Outbound - SDR,Pipeline,False,False,CompetitorD,,58,Schedule demo,New Business,2023-05-29T00:00:00
3178,758,6,Zenith Group - New Business,Closed Lost,8894,2023-06-24,2023-02-20,Product-Led,Omitted,False,True,CompetitorB,Budget Cut,42,,New Business,2023-02-20T00:00:00
3179,779,1,Catalyst Analytics - Initial License,Qualification,617680,2022-11-26,2022-08-03,Inbound - Web,Best Case,False,False,CompetitorE,,3,,New Business,2022-08-03T00:00:00
3180,396,5,Synergy Inc - New Business,Discovery,15841,2023-12-21,2023-05-27,Webinar,Pipeline,False,False,CompetitorA,,46,,New Business,2023-05-27T00:00:00
3181,33,15,Fusion Systems - Initial License,Prospecting,28164,2025-05-09,2024-11-27,Event,Pipeline,False,False,CompetitorD,,13,,New Business,2024-11-27T00:00:00
3182,330,15,Synergy Analytics - New Business,Qualification,11566,2025-07-07,2024-12-26,Inbound - Content,Best Case,False,False,CompetitorC,,41,Schedule demo,New Business,2024-12-26T00:00:00
3183,627,14,Pinnacle Software - New Business,Negotiation,53249,2025-02-09,2024-12-19,Outbound - SDR,Commit,False,False,Open Source Alternative,,55,Reference call,New Business,2024-12-19T00:00:00
3184,694,9,Velocity Networks - New Business,Qualification,328711,2024-10-14,2024-03-10,Outbound - SDR,Best Case,False,False,CompetitorB,,20,Send proposal,New Business,2024-03-10T00:00:00
3185,104,4,Velocity Dynamics - Initial License,Qualification,30226,2024-01-16,2023-09-02,Inbound - Web,Best Case,False,False,CompetitorC,,31,POC setup,New Business,2023-09-02T00:00:00
3186,435,14,Nova Digital - New Business,Proposal,25703,2025-08-20,2024-12-26,Webinar,Best Case,False,False,Open Source Alternative,,56,Technical review,New Business,2024-12-26T00:00:00
3187,490,7,Nexus Solutions - New Business,Closed Lost,44652,2022-06-17,2021-12-31,,Omitted,False,True,CompetitorC,Price,45,,New Business,2021-12-31T00:00:00
3188,350,11,Summit Dynamics - Platform Deal,Closed Lost,18958,2022-09-19,2022-06-30,Inbound - Content,Omitted,False,True,CompetitorB,No Decision,39,,New Business,2022-06-30T00:00:00
3189,332,13,Velocity Platforms - Platform Deal,Closed Lost,154987,2024-12-31,2024-11-01,Partner Referral,Omitted,False,True,CompetitorA,Competitor,44,,New Business,2024-11-01T00:00:00
3190,941,13,Vertex Analytics - New Business,Prospecting,109655,2022-08-04,2022-05-15,Outbound - SDR,Pipeline,False,False,CompetitorD,,14,Legal review,New Business,2022-05-15T00:00:00
3191,335,14,Vanguard Analytics - New Business,Qualification,38577,2025-02-21,2024-11-11,Event,Best Case,False,False,CompetitorE,,4,Contract signing,New Business,2024-11-11T00:00:00
3192,507,13,Nova Services - Platform Deal,Discovery,41462,2025-03-28,2024-12-27,Partner Referral,Pipeline,False,False,CompetitorD,,18,,New Business,2024-12-27T00:00:00
3193,44,15,Synergy Holdings - New Business,Prospecting,49127,2024-06-04,2024-02-02,,Pipeline,False,False,CompetitorC,,37,POC setup,New Business,2024-02-02T00:00:00
3194,341,11,Acme Technologies - Platform Deal,Closed Lost,27548,2024-12-19,2024-07-08,Outbound - SDR,Omitted,False,True,CompetitorD,Lost to Status Quo,19,,New Business,2024-07-08T00:00:00
3195,772,4,Global Inc - New Business,Proposal,55546,2023-07-26,2023-02-06,Outbound - SDR,Best Case,False,False,CompetitorB,,8,,New Business,2023-02-06T00:00:00
3196,179,13,Vanguard Networks - Initial License,Discovery,21720,2023-06-22,2023-07-10,Inbound - Web,Pipeline,False,False,CompetitorB,,46,Executive alignment,New Business,2023-07-10T00:00:00
3197,287,2,Horizon Labs - Platform Deal,Closed Lost,31708,2024-09-21,2024-05-13,Inbound - Content,Omitted,False,True,CompetitorA,Lost to Status Quo,33,,New Business,2024-05-13T00:00:00
3198,559,12,Acme Labs - New Business,Prospecting,151820,2024-09-25,2024-01-16,Inbound - Web,Pipeline,False,False,Open Source Alternative,,48,Legal review,New Business,2024-01-16T00:00:00
3199,666,8,Fusion Networks - New Business,Qualification,552118,2025-04-07,2024-09-07,Outbound - SDR,Best Case,False,False,CompetitorE,,16,Schedule demo,New Business,2024-09-07T00:00:00
3200,902,14,Fusion Systems - Platform Deal,Closed Lost,26925,2023-08-10,2023-07-05,Inbound - Content,Omitted,False,True,CompetitorA,Competitor,55,,New Business,2023-07-05T00:00:00
3201,673,3,Optima Networks - Platform Deal,Closed Lost,53503,2024-12-21,2024-09-18,,Omitted,False,True,Open Source Alternative,Timing,6,,New Business,2024-09-18T00:00:00
3202,799,8,Global Networks - Initial License,Proposal,30489,2025-07-10,2024-12-21,Event,Best Case,False,False,CompetitorE,,34,POC setup,New Business,2024-12-21T00:00:00
3203,255,7,Nexus Technologies - Initial License,Closed Lost,240698,2023-03-27,2023-01-13,Outbound - SDR,Omitted,False,True,,Timing,45,,New Business,2023-01-13T00:00:00
3204,521,15,Vertex Dynamics - New Business,Closed Won,31133,2024-12-31,2024-12-06,Outbound - AE,Closed,True,True,Open Source Alternative,,29,,New Business,2024-12-06T00:00:00
3205,913,14,Velocity Networks - Initial License,Closed Lost,87031,2024-06-05,2024-05-16,Outbound - AE,Omitted,False,True,CompetitorB,Lost to Status Quo,1,,New Business,2024-05-16T00:00:00
3206,156,1,Pacific Platforms - Initial License,Qualification,20352,2025-02-12,2024-06-02,Webinar,Best Case,False,False,CompetitorB,,8,Reference call,New Business,2024-06-02T00:00:00
3207,927,4,Catalyst Systems - New Business,Qualification,43182,2023-08-01,2023-01-13,,Best Case,False,False,CompetitorA,,39,Schedule demo,New Business,2023-01-13T00:00:00
3208,207,16,Atlas Technologies - Platform Deal,Proposal,58907,2025-03-10,2024-09-26,Outbound - SDR,Best Case,False,False,CompetitorA,,30,POC setup,New Business,2024-09-26T00:00:00
3209,465,3,Horizon Technologies - Platform Deal,Qualification,125468,2024-03-10,2023-12-11,Inbound - Content,Best Case,False,False,,,44,Legal review,New Business,2023-12-11T00:00:00
3210,443,16,Elevate Technologies - New Business,Qualification,14064,2025-01-20,2024-12-20,Webinar,Best Case,False,False,CompetitorE,,23,Reference call,New Business,2024-12-20T00:00:00
3211,670,15,Quantum Dynamics - New Business,Prospecting,40298,2025-01-24,2024-10-17,Partner Referral,Pipeline,False,False,CompetitorC,,41,Executive alignment,New Business,2024-10-17T00:00:00
3212,415,1,Pinnacle Services - Initial License,Prospecting,38232,2024-12-30,2024-05-21,Outbound - AE,Pipeline,False,False,CompetitorD,,12,Send proposal,New Business,2024-05-21T00:00:00
3213,545,2,Nova Analytics - New Business,Discovery,42332,2024-01-07,2023-06-08,Partner Referral,Pipeline,False,False,CompetitorC,,29,Technical review,New Business,2023-06-08T00:00:00
3214,761,7,Zenith Enterprises - Initial License,Discovery,45834,2024-12-12,2024-12-18,Webinar,Pipeline,False,False,,,57,Legal review,New Business,2024-12-18T00:00:00
3215,804,3,Quantum Software - New Business,Qualification,64696,2024-11-03,2024-06-09,,Best Case,False,False,CompetitorB,,22,,New Business,2024-06-09T00:00:00
3216,994,5,Fusion Analytics - Initial License,Proposal,57401,2025-04-05,2024-11-23,Event,Best Case,False,False,CompetitorE,,23,Send proposal,New Business,2024-11-23T00:00:00
3217,416,12,Velocity Enterprises - Initial License,Qualification,692359,2020-07-26,2020-05-25,Product-Led,Best Case,False,False,,,60,Contract signing,New Business,2020-05-25T00:00:00
3218,157,15,Horizon Software - Initial License,Proposal,43475,2025-02-22,2024-12-06,Event,Best Case,False,False,Open Source Alternative,,2,POC setup,New Business,2024-12-06T00:00:00
3219,726,10,Apex Corp - Initial License,Prospecting,35029,2023-12-08,2023-10-18,Event,Pipeline,False,False,Open Source Alternative,,68,Executive alignment,New Business,2023-10-18T00:00:00
3220,419,8,Nova Software - New Business,Negotiation,164721,2024-05-29,2024-03-11,Event,Commit,False,False,,,51,Technical review,New Business,2024-03-11T00:00:00
3221,391,3,Atlas Inc - Platform Deal,Qualification,121494,2021-01-30,2020-10-05,Inbound - Web,Best Case,False,False,CompetitorE,,34,Schedule demo,New Business,2020-10-05T00:00:00
3222,423,13,Zenith Inc - New Business,Prospecting,143967,2024-12-09,2024-08-21,,Pipeline,False,False,,,40,Technical review,New Business,2024-08-21T00:00:00
3223,996,5,Quantum Enterprises - Initial License,Closed Lost,24391,2024-12-14,2024-11-19,Event,Omitted,False,True,CompetitorB,Price,14,,New Business,2024-11-19T00:00:00
3224,991,13,Horizon Inc - Platform Deal,Proposal,39170,2025-09-02,2024-12-14,Partner Referral,Best Case,False,False,Open Source Alternative,,57,Technical review,New Business,2024-12-14T00:00:00
3225,635,2,Horizon Solutions - Initial License,Discovery,24201,2024-11-14,2024-11-25,Product-Led,Pipeline,False,False,CompetitorD,,37,Executive alignment,New Business,2024-11-25T00:00:00
3226,175,7,Fusion Analytics - Platform Deal,Negotiation,72486,2024-10-09,2024-08-28,Partner Referral,Commit,False,False,CompetitorB,,50,Executive alignment,New Business,2024-08-28T00:00:00
3227,746,15,Zenith Inc - New Business,Qualification,776717,2025-04-23,2024-10-27,Inbound - Content,Best Case,False,False,,,29,Schedule demo,New Business,2024-10-27T00:00:00
3228,950,5,Fusion Enterprises - Initial License,Closed Lost,67423,2024-03-27,2024-01-10,Inbound - Content,Omitted,False,True,CompetitorC,Price,38,,New Business,2024-01-10T00:00:00
3229,442,5,Acme Services - Initial License,Negotiation,7170,2024-05-27,2023-09-24,Product-Led,Commit,False,False,CompetitorD,,41,Executive alignment,New Business,2023-09-24T00:00:00
3230,833,16,Pinnacle Software - Initial License,Closed Won,54178,2024-12-05,2024-09-25,Inbound - Content,Closed,True,True,,,35,,New Business,2024-09-25T00:00:00
3231,352,14,Global Dynamics - New Business,Discovery,46427,2024-11-14,2024-09-20,Inbound - Content,Pipeline,False,False,CompetitorD,,56,Technical review,New Business,2024-09-20T00:00:00
3232,333,9,Vertex Partners - Initial License,Negotiation,17454,2024-01-23,2023-07-14,Inbound - Content,Commit,False,False,,,6,Send proposal,New Business,2023-07-14T00:00:00
3233,52,7,Vertex Analytics - New Business,Closed Won,43327,2022-09-24,2022-07-02,Webinar,Closed,True,True,,,15,,New Business,2022-07-02T00:00:00
3234,730,7,Elevate Enterprises - New Business,Qualification,48943,2024-06-05,2023-11-09,Product-Led,Best Case,False,False,CompetitorA,,9,Reference call,New Business,2023-11-09T00:00:00
3235,917,9,Fusion Networks - Platform Deal,Closed Won,168954,2024-08-17,2024-07-24,Webinar,Closed,True,True,CompetitorE,,47,,New Business,2024-07-24T00:00:00
3236,337,16,Apex Labs - Platform Deal,Proposal,41329,2025-05-26,2024-12-05,,Best Case,False,False,,,6,Technical review,New Business,2024-12-05T00:00:00
3237,124,11,Optima Technologies - Platform Deal,Prospecting,930826,2023-05-01,2022-10-26,Partner Referral,Pipeline,False,False,CompetitorB,,21,Schedule demo,New Business,2022-10-26T00:00:00
203,434,10,Summit Solutions - Platform Deal,Qualification,129239,2024-10-21,2024-06-07,Inbound - Content,Best Case,False,False,CompetitorC,,51,Contract signing,New Business,2024-06-07T00:00:00
3239,527,13,Synergy Dynamics - Platform Deal,Proposal,270835,2024-04-03,2023-09-15,Outbound - AE,Best Case,False,False,,,63,Send proposal,New Business,2023-09-15T00:00:00
3240,151,11,Vertex Inc - New Business,Closed Lost,,2024-12-25,2024-08-15,Partner Referral,Omitted,False,True,,Price,36,,New Business,2024-08-15T00:00:00
3241,891,16,Pacific Systems - New Business,Closed Lost,157849,2024-12-31,2024-10-27,Inbound - Web,Omitted,False,True,,Price,33,,New Business,2024-10-27T00:00:00
3242,460,7,Velocity Networks - Platform Deal,Closed Lost,44153,2024-12-31,2024-12-05,Outbound - SDR,Omitted,False,True,,Feature Gap,30,,New Business,2024-12-05T00:00:00
3243,409,9,Acme Platforms - New Business,Qualification,12587,2023-01-19,2022-09-01,Outbound - AE,Best Case,False,False,CompetitorE,,2,Send proposal,New Business,2022-09-01T00:00:00
3244,462,13,Optima Group - Initial License,Qualification,37256,2024-10-26,2024-03-05,Inbound - Content,Best Case,False,False,,,45,,New Business,2024-03-05T00:00:00
3245,396,5,Synergy Inc - New Business,Proposal,10611,2023-09-05,2023-03-04,Inbound - Content,Best Case,False,False,CompetitorA,,39,Legal review,New Business,2023-03-04T00:00:00
3246,969,14,Apex Labs - Initial License,Closed Lost,187227,2024-04-08,2023-09-09,Webinar,Omitted,False,True,,Budget Cut,51,,New Business,2023-09-09T00:00:00
3247,818,1,Pacific Digital - New Business,Discovery,25219,2021-09-29,2021-06-23,Webinar,Pipeline,False,False,,,37,Reference call,New Business,2021-06-23T00:00:00
3248,807,4,Pinnacle Software - Initial License,Prospecting,9894,2025-03-11,2024-11-26,Outbound - SDR,Pipeline,False,False,CompetitorA,,20,Reference call,New Business,2024-11-26T00:00:00
3249,394,4,Quantum Solutions - Platform Deal,Discovery,44309,2024-06-10,2024-04-09,Outbound - SDR,Pipeline,False,False,CompetitorA,,14,,New Business,2024-04-09T00:00:00
3250,709,2,Pinnacle Group - New Business,Prospecting,,2022-01-11,2022-01-14,Webinar,Pipeline,False,False,CompetitorE,,14,,New Business,2022-01-14T00:00:00
3251,435,14,Nova Digital - Initial License,Closed Lost,30401,2024-12-31,2024-12-02,Inbound - Content,Omitted,False,True,,Lost to Status Quo,51,,New Business,2024-12-02T00:00:00
3252,986,9,Nexus Partners - Initial License,Negotiation,,2023-12-22,2023-07-03,Outbound - AE,Commit,False,False,Open Source Alternative,,13,,New Business,2023-07-03T00:00:00
3253,1,13,Fusion Digital - Upsell,Discovery,4891,2025-03-07,2024-12-10,Product-Led,Pipeline,False,False,CompetitorB,,55,,Expansion,2024-12-10T00:00:00
3254,967,8,Zenith Analytics - New Business,Qualification,39939,2025-02-19,2024-12-13,Event,Best Case,False,False,CompetitorB,,7,Send proposal,New Business,2024-12-13T00:00:00
3255,785,9,Velocity Holdings - Platform Deal,Closed Lost,178657,2024-03-28,2023-10-07,Inbound - Content,Omitted,False,True,CompetitorC,Timing,25,,New Business,2023-10-07T00:00:00
3256,580,1,Catalyst Partners - Platform Deal,Closed Lost,40771,2024-12-22,2024-08-18,Inbound - Web,Omitted,False,True,Open Source Alternative,Price,28,,New Business,2024-08-18T00:00:00
3257,234,6,Summit Labs - New Business,Prospecting,49947,2025-02-07,2024-11-28,Inbound - Web,Pipeline,False,False,CompetitorE,,16,POC setup,New Business,2024-11-28T00:00:00
3258,262,3,Velocity Networks - Platform Deal,Qualification,15832,2024-02-04,2023-11-09,Inbound - Content,Best Case,False,False,CompetitorC,,4,Reference call,New Business,2023-11-09T00:00:00
3259,476,1,Horizon Services - Initial License,Prospecting,208127,2022-02-15,2021-06-14,Inbound - Web,Pipeline,False,False,CompetitorC,,44,Executive alignment,New Business,2021-06-14T00:00:00
3260,227,3,Vanguard Technologies - Platform Deal,Discovery,187906,2023-05-15,2023-01-02,Product-Led,Pipeline,False,False,,,37,Technical review,New Business,2023-01-02T00:00:00
2787,332,3,Velocity Platforms - Initial License,Negotiation,194558,2024-01-28,2023-10-02,Inbound - Web,Commit,False,False,,,6,Reference call,New Business,2023-10-02T00:00:00
3262,75,16,Optima Solutions - New Business,Discovery,46441,2025-05-19,2024-10-24,Outbound - AE,Pipeline,False,False,Open Source Alternative,,7,Send proposal,New Business,2024-10-24T00:00:00
3263,471,5,Elevate Analytics - Initial License,Qualification,17745,2024-12-25,2024-04-17,Outbound - SDR,Best Case,False,False,,,13,Reference call,New Business,2024-04-17T00:00:00
3264,999,16,Elevate Corp - New Business,Prospecting,896388,2025-07-03,2024-12-02,Inbound - Content,Pipeline,False,False,CompetitorB,,41,Reference call,New Business,2024-12-02T00:00:00
3265,984,5,Pacific Dynamics - New Business,Prospecting,12748,2023-08-05,2023-05-02,Partner Referral,Pipeline,False,False,,,13,Contract signing,New Business,2023-05-02T00:00:00
3266,935,3,Synergy Holdings - Platform Deal,Proposal,193719,2025-01-02,2024-11-24,Product-Led,Best Case,False,False,CompetitorA,,7,,New Business,2024-11-24T00:00:00
3267,321,1,Fusion Networks - Initial License,Discovery,47824,2024-11-30,2024-09-05,Outbound - AE,Pipeline,False,False,,,42,Technical review,New Business,2024-09-05T00:00:00
3268,787,11,Velocity Corp - New Business,Qualification,,2024-07-21,2024-05-11,Event,Best Case,False,False,CompetitorD,,42,Contract signing,New Business,2024-05-11T00:00:00
3269,797,8,Atlas Group - New Business,Closed Won,18015,2024-11-21,2024-07-12,Event,Closed,True,True,CompetitorB,,32,,New Business,2024-07-12T00:00:00
3270,225,5,Synergy Networks - Platform Deal,Qualification,387631,2022-09-20,2022-08-01,Outbound - SDR,Best Case,False,False,Open Source Alternative,,37,,New Business,2022-08-01T00:00:00
3271,425,7,Zenith Software - Initial License,Qualification,7262,2024-08-14,2024-03-07,Inbound - Content,Best Case,False,False,CompetitorD,,16,Executive alignment,New Business,2024-03-07T00:00:00
3272,816,8,Nexus Partners - Initial License,Closed Lost,947449,2023-06-16,2022-11-30,Event,Omitted,False,True,,Price,27,,New Business,2022-11-30T00:00:00
3273,752,3,Nexus Partners - Platform Deal,Discovery,32824,2025-05-19,2024-12-22,Partner Referral,Pipeline,False,False,,,5,POC setup,New Business,2024-12-22T00:00:00
3274,190,12,Zenith Partners - Initial License,Prospecting,142405,2024-01-06,2023-08-02,Outbound - SDR,Pipeline,False,False,CompetitorB,,50,POC setup,New Business,2023-08-02T00:00:00
3275,551,10,Elevate Systems - Initial License,Discovery,22717,2024-11-30,2024-05-03,Product-Led,Pipeline,False,False,CompetitorC,,13,,New Business,2024-05-03T00:00:00
3276,135,8,Acme Holdings - Initial License,Prospecting,39920,2022-01-10,2021-05-27,Webinar,Pipeline,False,False,CompetitorA,,37,Executive alignment,New Business,2021-05-27T00:00:00
3277,554,8,Atlas Solutions - New Business,Qualification,175476,2023-10-28,2023-05-17,Inbound - Web,Best Case,False,False,CompetitorD,,45,Reference call,New Business,2023-05-17T00:00:00
3278,866,16,Velocity Digital - Platform Deal,Negotiation,40735,2025-04-14,2024-09-13,Partner Referral,Commit,False,False,CompetitorE,,51,Technical review,New Business,2024-09-13T00:00:00
3279,386,1,Elevate Labs - Contract Renewal,Discovery,39090,2024-11-06,2024-06-05,Outbound - SDR,Pipeline,False,False,CompetitorA,,7,,Renewal,2024-06-05T00:00:00
3280,947,1,Fusion Inc - Platform Deal,Proposal,31429,2025-01-26,2024-12-11,Outbound - SDR,Best Case,False,False,CompetitorB,,38,Send proposal,New Business,2024-12-11T00:00:00
3281,948,15,Quantum Corp - Platform Deal,Discovery,18563,2025-07-15,2024-12-31,Product-Led,Pipeline,False,False,CompetitorE,,18,POC setup,New Business,2024-12-31T00:00:00
3282,175,7,Fusion Analytics - Platform Deal,Proposal,68313,2024-02-09,2023-10-15,Outbound - SDR,Best Case,False,False,CompetitorB,,26,Technical review,New Business,2023-10-15T00:00:00
3283,445,8,Quantum Group - Initial License,Prospecting,19577,2023-08-07,2023-01-14,Outbound - AE,Pipeline,False,False,Open Source Alternative,,33,Send proposal,New Business,2023-01-14T00:00:00
3284,186,5,Pacific Networks - New Business,Closed Won,179912,2024-11-05,2024-09-03,Product-Led,Closed,True,True,CompetitorC,,51,,New Business,2024-09-03T00:00:00
3285,469,3,Optima Networks - New Business,Prospecting,39659,2025-02-25,2024-06-16,,Pipeline,False,False,,,40,Executive alignment,New Business,2024-06-16T00:00:00
3286,478,1,Vertex Digital - New Business,Discovery,53399,2025-01-12,2024-06-14,,Pipeline,False,False,Open Source Alternative,,8,Technical review,New Business,2024-06-14T00:00:00
3287,290,9,Catalyst Labs - Initial License,Closed Lost,41822,2024-08-31,2024-07-03,Inbound - Content,Omitted,False,True,CompetitorC,Lost to Status Quo,55,,New Business,2024-07-03T00:00:00
3288,760,9,Pacific Analytics - Platform Deal,Qualification,30231,2024-07-22,2023-12-19,Inbound - Content,Best Case,False,False,CompetitorA,,29,Send proposal,New Business,2023-12-19T00:00:00
3289,479,4,Summit Enterprises - Initial License,Proposal,13730,2023-12-27,2023-05-05,Inbound - Web,Best Case,False,False,,,45,,New Business,2023-05-05T00:00:00
3290,711,10,Vanguard Networks - New Business,Proposal,5872,2024-06-27,2024-02-05,Outbound - SDR,Best Case,False,False,CompetitorD,,45,Schedule demo,New Business,2024-02-05T00:00:00
3291,760,9,Pacific Analytics - Platform Deal,Qualification,33101,2023-11-09,2023-09-10,Inbound - Web,Best Case,False,False,CompetitorB,,62,Schedule demo,New Business,2023-09-10T00:00:00
3292,811,8,Summit Partners - Contract Renewal,Qualification,48524,2025-03-26,2024-07-20,Inbound - Web,Best Case,False,False,CompetitorD,,28,POC setup,Renewal,2024-07-20T00:00:00
3293,365,2,Velocity Networks - Platform Deal,Qualification,28898,2024-12-26,2024-11-09,Inbound - Content,Best Case,False,False,CompetitorD,,15,Technical review,New Business,2024-11-09T00:00:00
3294,937,6,Elevate Technologies - New Business,Discovery,43214,2024-07-26,2024-03-11,Outbound - SDR,Pipeline,False,False,Open Source Alternative,,50,Schedule demo,New Business,2024-03-11T00:00:00
3295,415,16,Pinnacle Services - Initial License,Prospecting,30752,2025-02-01,2024-09-18,Event,Pipeline,False,False,CompetitorD,,17,Technical review,New Business,2024-09-18T00:00:00
3296,823,8,Velocity Labs - Platform Deal,Qualification,161082,2025-01-24,2024-11-25,Webinar,Best Case,False,False,CompetitorE,,49,POC setup,New Business,2024-11-25T00:00:00
3297,730,7,Elevate Enterprises - Platform Deal,Prospecting,27791,2024-11-19,2024-05-10,Outbound - SDR,Pipeline,False,False,,,35,Send proposal,New Business,2024-05-10T00:00:00
3298,752,6,Nexus Partners - Initial License,Proposal,38952,2025-02-06,2024-10-01,Product-Led,Best Case,False,False,CompetitorC,,18,Send proposal,New Business,2024-10-01T00:00:00
3299,67,9,Nexus Platforms - Initial License,Closed Lost,144637,2020-06-27,2020-05-16,Inbound - Web,Omitted,False,True,CompetitorE,Competitor,43,,New Business,2020-05-16T00:00:00
3300,856,5,Vertex Digital - Initial License,Negotiation,23824,2024-12-01,2024-08-06,Webinar,Commit,False,False,,,28,Schedule demo,New Business,2024-08-06T00:00:00
3301,826,13,Atlas Analytics - New Business,Closed Lost,14276,2024-12-31,2024-11-07,Partner Referral,Omitted,False,True,CompetitorB,Price,43,,New Business,2024-11-07T00:00:00
3302,908,4,Atlas Analytics - Platform Deal,Prospecting,40382,2024-02-10,2023-07-14,Outbound - SDR,Pipeline,False,False,,,42,Schedule demo,New Business,2023-07-14T00:00:00
3303,818,1,Pacific Digital - Initial License,Discovery,83934,2021-04-04,2021-01-30,Webinar,Pipeline,False,False,CompetitorE,,18,Legal review,New Business,2021-01-30T00:00:00
3304,597,3,Quantum Holdings - New Business,Closed Lost,842516,2024-12-31,2024-10-06,Outbound - SDR,Omitted,False,True,,Competitor,9,,New Business,2024-10-06T00:00:00
3305,888,5,Zenith Digital - New Business,Closed Lost,6601,2024-07-12,2024-06-05,Partner Referral,Omitted,False,True,CompetitorE,No Decision,31,,New Business,2024-06-05T00:00:00
3306,942,6,Vanguard Corp - Initial License,Proposal,91690,2024-03-21,2024-02-16,Partner Referral,Best Case,False,False,,,34,Executive alignment,New Business,2024-02-16T00:00:00
289,641,8,Velocity Services - Platform Deal,Prospecting,36250,2022-03-11,2021-11-25,,Pipeline,False,False,Open Source Alternative,,41,,New Business,2021-11-25T00:00:00
3308,298,9,Apex Digital - New Business,Closed Lost,1099851,2023-06-27,2022-12-04,Inbound - Web,Omitted,False,True,,Lost to Status Quo,31,,New Business,2022-12-04T00:00:00
3309,380,11,Synergy Digital - Initial License,Qualification,836417,2022-04-19,2021-11-24,Product-Led,Best Case,False,False,,,62,Send proposal,New Business,2021-11-24T00:00:00
346,969,14,Apex Labs - Initial License,Qualification,193682,2023-10-25,2023-09-09,Event,Best Case,False,False,CompetitorC,,72,Executive alignment,New Business,2023-09-09T00:00:00
3311,89,15,Acme Enterprises - Initial License,Qualification,92351,2024-12-08,2024-11-07,Webinar,Best Case,False,False,CompetitorB,,5,,New Business,2024-11-07T00:00:00
3312,675,8,Pacific Platforms - Platform Deal,Qualification,31987,2023-01-03,2022-09-01,Product-Led,Best Case,False,False,CompetitorC,,46,POC setup,New Business,2022-09-01T00:00:00
3313,657,1,Zenith Labs - Platform Deal,Qualification,30811,2024-09-20,2024-02-14,Inbound - Web,Best Case,False,False,CompetitorB,,26,Reference call,New Business,2024-02-14T00:00:00
3314,596,4,Fusion Dynamics - Initial License,Discovery,25985,2024-12-20,2024-07-31,Outbound - AE,Pipeline,False,False,,,40,Reference call,New Business,2024-07-31T00:00:00
3315,860,16,Pacific Partners - Platform Deal,Closed Lost,21428,2024-12-31,2024-12-21,Product-Led,Omitted,False,True,Open Source Alternative,Feature Gap,41,,New Business,2024-12-21T00:00:00
3316,490,5,Nexus Solutions - New Business,Proposal,42125,2025-01-26,2024-11-06,Partner Referral,Best Case,False,False,CompetitorA,,44,POC setup,New Business,2024-11-06T00:00:00
3317,657,5,Zenith Labs - Initial License,Proposal,10982,2024-12-20,2024-09-18,,Best Case,False,False,,,45,Reference call,New Business,2024-09-18T00:00:00
3318,990,13,Catalyst Networks - Initial License,Qualification,38328,2025-06-11,2024-10-14,Outbound - SDR,Best Case,False,False,,,61,,New Business,2024-10-14T00:00:00
3319,776,16,Quantum Dynamics - Initial License,Discovery,177254,2025-02-22,2024-12-04,Outbound - SDR,Pipeline,False,False,CompetitorC,,60,Legal review,New Business,2024-12-04T00:00:00
3320,189,2,Synergy Networks - Platform Deal,Closed Lost,561255,2024-12-31,2024-12-19,Inbound - Content,Omitted,False,True,,Feature Gap,15,,New Business,2024-12-19T00:00:00
3321,811,15,Summit Partners - Expansion,Negotiation,4154,2025-08-31,2024-12-05,Partner Referral,Commit,False,False,CompetitorE,,23,Contract signing,Expansion,2024-12-05T00:00:00
3322,717,16,Nexus Inc - Initial License,Proposal,43237,2025-01-22,2024-11-16,Outbound - SDR,Best Case,False,False,Open Source Alternative,,24,Send proposal,New Business,2024-11-16T00:00:00
3323,294,9,Acme Platforms - Contract Renewal,Qualification,12957,2024-07-16,2024-06-05,Product-Led,Best Case,False,False,CompetitorB,,49,Executive alignment,Renewal,2024-06-05T00:00:00
3324,619,13,Pacific Networks - New Business,Qualification,20700,2024-02-28,2024-01-02,Outbound - SDR,Best Case,False,False,,,58,Legal review,New Business,2024-01-02T00:00:00
3325,907,13,Vanguard Holdings - New Business,Prospecting,153869,2025-05-22,2024-11-08,Webinar,Pipeline,False,False,Open Source Alternative,,15,Reference call,New Business,2024-11-08T00:00:00
3326,442,5,Acme Services - Initial License,Prospecting,9910,2023-12-08,2023-10-09,,Pipeline,False,False,CompetitorB,,59,Send proposal,New Business,2023-10-09T00:00:00
3327,359,2,Quantum Digital - Platform Deal,Negotiation,178078,2024-02-14,2023-07-25,Webinar,Commit,False,False,,,7,Legal review,New Business,2023-07-25T00:00:00
3328,763,12,Pinnacle Dynamics - Platform Deal,Closed Lost,,2023-12-25,2023-09-30,Product-Led,Omitted,False,True,CompetitorE,Budget Cut,8,,New Business,2023-09-30T00:00:00
3329,577,12,Vertex Dynamics - Initial License,Prospecting,15901,2023-07-04,2023-02-14,Outbound - SDR,Pipeline,False,False,,,51,Send proposal,New Business,2023-02-14T00:00:00
3330,68,15,Pinnacle Analytics - Initial License,Qualification,194906,2025-02-17,2024-09-21,Inbound - Web,Best Case,False,False,CompetitorA,,24,Send proposal,New Business,2024-09-21T00:00:00
3331,560,15,Summit Corp - Initial License,Closed Lost,74185,2024-12-31,2024-12-24,Product-Led,Omitted,False,True,CompetitorD,Budget Cut,6,,New Business,2024-12-24T00:00:00
3332,280,8,Elevate Dynamics - Upsell,Qualification,,2023-07-15,2023-02-22,Inbound - Content,Best Case,False,False,,,6,Send proposal,Expansion,2023-02-22T00:00:00
3333,10,12,Elevate Analytics - Additional Seats,Qualification,118970,2025-04-03,2024-07-29,Webinar,Best Case,False,False,CompetitorD,,64,Legal review,Expansion,2024-07-29T00:00:00
3334,570,4,Nova Partners - Initial License,Qualification,1067035,2025-01-26,2024-10-11,Partner Referral,Best Case,False,False,Open Source Alternative,,31,Technical review,New Business,2024-10-11T00:00:00
3335,805,7,Elevate Partners - New Business,Qualification,11703,2025-01-22,2024-10-14,Event,Best Case,False,False,,,2,Executive alignment,New Business,2024-10-14T00:00:00
3336,37,14,Fusion Solutions - Initial License,Discovery,165207,2022-07-30,2022-06-29,Product-Led,Pipeline,False,False,CompetitorB,,76,,New Business,2022-06-29T00:00:00
3337,511,16,Pacific Digital - New Business,Negotiation,695318,2025-02-16,2024-12-29,Inbound - Content,Commit,False,False,CompetitorA,,47,POC setup,New Business,2024-12-29T00:00:00
3338,560,15,Summit Corp - Initial License,Closed Lost,104906,2024-12-31,2024-11-15,Outbound - AE,Omitted,False,True,,No Decision,17,,New Business,2024-11-15T00:00:00
3339,121,8,Fusion Technologies - New Business,Proposal,88798,2021-08-07,2020-12-14,Outbound - SDR,Best Case,False,False,CompetitorE,,51,POC setup,New Business,2020-12-14T00:00:00
3340,833,15,Pinnacle Software - Renewal,Prospecting,83482,2025-01-08,2024-09-11,Partner Referral,Pipeline,False,False,CompetitorB,,15,Legal review,Renewal,2024-09-11T00:00:00
3341,610,2,Velocity Systems - Platform Deal,Prospecting,33415,2021-09-20,2021-05-22,Outbound - AE,Pipeline,False,False,,,2,Contract signing,New Business,2021-05-22T00:00:00
3342,770,1,Synergy Technologies - Initial License,Qualification,21169,2023-04-23,2022-08-22,Outbound - SDR,Best Case,False,False,CompetitorC,,41,Schedule demo,New Business,2022-08-22T00:00:00
3343,241,8,Zenith Partners - Initial License,Prospecting,226637,2025-01-15,2024-12-10,Event,Pipeline,False,False,CompetitorC,,60,Executive alignment,New Business,2024-12-10T00:00:00
3344,259,5,Global Partners - New Business,Prospecting,397420,2024-10-19,2024-09-14,Outbound - AE,Pipeline,False,False,,,38,Legal review,New Business,2024-09-14T00:00:00
3345,152,6,Catalyst Labs - Platform Deal,Proposal,186562,2024-05-27,2024-03-08,Outbound - AE,Best Case,False,False,CompetitorC,,9,Schedule demo,New Business,2024-03-08T00:00:00
3346,6,6,Zenith Platforms - Platform Deal,Prospecting,41381,2025-04-20,2024-08-20,Inbound - Web,Pipeline,False,False,CompetitorD,,52,Technical review,New Business,2024-08-20T00:00:00
3347,375,2,Atlas Networks - New Business,Negotiation,27819,2024-05-29,2023-11-23,Inbound - Content,Commit,False,False,CompetitorD,,4,Reference call,New Business,2023-11-23T00:00:00
3348,754,13,Pacific Solutions - New Business,Prospecting,39794,2025-06-22,2024-09-26,Inbound - Web,Pipeline,False,False,,,50,,New Business,2024-09-26T00:00:00
3349,928,16,Quantum Inc - Initial License,Closed Lost,15114,2024-06-17,2024-03-03,Product-Led,Omitted,False,True,CompetitorC,No Decision,54,,New Business,2024-03-03T00:00:00
3350,313,16,Zenith Corp - Initial License,Negotiation,79849,2025-07-11,2024-11-04,Inbound - Web,Commit,False,False,CompetitorE,,51,Schedule demo,New Business,2024-11-04T00:00:00
3351,245,4,Acme Services - New Business,Proposal,40255,2025-03-23,2024-12-30,Outbound - SDR,Best Case,False,False,,,43,Technical review,New Business,2024-12-30T00:00:00
3352,323,6,Elevate Software - Platform Deal,Qualification,154111,2024-08-26,2024-06-11,Inbound - Web,Best Case,False,False,CompetitorB,,4,Legal review,New Business,2024-06-11T00:00:00
3353,506,10,Catalyst Holdings - Platform Deal,Qualification,7545,2022-05-20,2021-10-08,Inbound - Web,Best Case,False,False,CompetitorA,,33,Technical review,New Business,2021-10-08T00:00:00
3354,611,1,Horizon Services - Platform Deal,Proposal,122665,2024-06-21,2023-11-02,Inbound - Web,Best Case,False,False,CompetitorA,,33,,New Business,2023-11-02T00:00:00
3355,238,14,Velocity Holdings - Platform Deal,Qualification,38205,2025-03-14,2024-12-08,Partner Referral,Best Case,False,False,CompetitorB,,77,Reference call,New Business,2024-12-08T00:00:00
3356,401,9,Nova Technologies - New Business,Closed Won,36665,2024-04-23,2024-03-19,Webinar,Closed,True,True,,,9,,New Business,2024-03-19T00:00:00
3357,959,5,Catalyst Inc - Platform Deal,Prospecting,764462,2021-07-12,2020-11-06,Event,Pipeline,False,False,,,38,Technical review,New Business,2020-11-06T00:00:00
3358,356,12,Vanguard Corp - Upsell,Qualification,11888,2023-10-08,2023-01-30,Partner Referral,Best Case,False,False,CompetitorC,,34,POC setup,Expansion,2023-01-30T00:00:00
3359,763,12,Pinnacle Dynamics - New Business,Discovery,37926,2023-09-21,2023-06-04,Webinar,Pipeline,False,False,CompetitorB,,17,Legal review,New Business,2023-06-04T00:00:00
3360,824,11,Synergy Inc - New Business,Prospecting,168099,2025-06-18,2024-10-20,Partner Referral,Pipeline,False,False,CompetitorB,,15,Schedule demo,New Business,2024-10-20T00:00:00
3361,936,6,Summit Networks - Initial License,Prospecting,52806,2025-05-06,2024-11-02,Inbound - Web,Pipeline,False,False,Open Source Alternative,,16,Contract signing,New Business,2024-11-02T00:00:00
3362,723,2,Apex Software - New Business,Prospecting,553452,2022-09-24,2022-05-19,Product-Led,Pipeline,False,False,CompetitorC,,12,Reference call,New Business,2022-05-19T00:00:00
3363,639,16,Vertex Systems - Platform Deal,Discovery,223338,2024-12-02,2024-04-23,Product-Led,Pipeline,False,False,CompetitorB,,29,Legal review,New Business,2024-04-23T00:00:00
3364,677,7,Vanguard Holdings - Platform Deal,Closed Lost,26074,2024-12-31,2024-08-21,Product-Led,Omitted,False,True,CompetitorB,Champion Left,35,,New Business,2024-08-21T00:00:00
3365,925,14,Zenith Technologies - New Business,Closed Won,15184,2024-04-29,2024-03-02,Product-Led,Closed,True,True,Open Source Alternative,,54,,New Business,2024-03-02T00:00:00
3366,749,12,Global Labs - Initial License,Qualification,176808,2022-05-01,2021-12-19,Product-Led,Best Case,False,False,Open Source Alternative,,37,Executive alignment,New Business,2021-12-19T00:00:00
3367,426,6,Velocity Holdings - Additional Seats,Closed Lost,21721,2024-11-05,2024-06-03,Outbound - SDR,Omitted,False,True,CompetitorA,Price,50,,Expansion,2024-06-03T00:00:00
3368,359,2,Quantum Digital - Platform Deal,Prospecting,378116,2024-01-29,2023-05-27,Inbound - Content,Pipeline,False,False,,,29,Technical review,New Business,2023-05-27T00:00:00
3369,252,12,Velocity Platforms - New Business,Closed Won,80216,2024-12-31,2024-12-25,Product-Led,Closed,True,True,CompetitorD,,3,,New Business,2024-12-25T00:00:00
3370,236,6,Velocity Holdings - Contract Renewal,Discovery,80707,2022-07-07,2022-05-29,Event,Pipeline,False,False,CompetitorB,,39,POC setup,Renewal,2022-05-29T00:00:00
3371,671,7,Optima Holdings - Initial License,Closed Lost,213168,2021-08-10,2021-05-03,Webinar,Omitted,False,True,,Lost to Status Quo,56,,New Business,2021-05-03T00:00:00
3372,221,8,Elevate Partners - Platform Deal,Discovery,719957,2022-09-26,2022-02-02,Inbound - Content,Pipeline,False,False,CompetitorD,,10,Executive alignment,New Business,2022-02-02T00:00:00
3373,438,8,Nova Corp - Initial License,Qualification,236139,2022-11-01,2022-09-13,Outbound - SDR,Best Case,False,False,,,19,Send proposal,New Business,2022-09-13T00:00:00
3374,516,9,Horizon Analytics - Platform Deal,Qualification,5845,2023-05-09,2022-12-21,,Best Case,False,False,CompetitorC,,33,Executive alignment,New Business,2022-12-21T00:00:00
3375,871,10,Quantum Group - Platform Deal,Closed Lost,43639,2024-06-26,2024-05-10,Webinar,Omitted,False,True,CompetitorA,Price,42,,New Business,2024-05-10T00:00:00
3376,790,6,Summit Solutions - Platform Deal,Discovery,236197,2024-07-20,2024-01-02,Inbound - Content,Pipeline,False,False,CompetitorE,,37,Contract signing,New Business,2024-01-02T00:00:00
3377,665,7,Zenith Technologies - New Business,Discovery,49096,2023-07-05,2023-07-13,Product-Led,Pipeline,False,False,,,15,,New Business,2023-07-13T00:00:00
3378,637,14,Nova Solutions - Platform Deal,Prospecting,181078,2024-01-25,2023-06-25,Product-Led,Pipeline,False,False,Open Source Alternative,,52,Executive alignment,New Business,2023-06-25T00:00:00
3379,180,5,Zenith Corp - Platform Deal,Closed Won,115103,2023-03-27,2022-12-14,Product-Led,Closed,True,True,CompetitorA,,22,,New Business,2022-12-14T00:00:00
3380,65,14,Optima Systems - Initial License,Discovery,29150,2024-03-05,2023-12-12,Outbound - AE,Pipeline,False,False,,,27,Send proposal,New Business,2023-12-12T00:00:00
3381,836,7,Summit Analytics - New Business,Proposal,29645,2025-03-14,2024-09-01,Inbound - Web,Best Case,False,False,CompetitorC,,56,,New Business,2024-09-01T00:00:00
3382,865,10,Apex Corp - Platform Deal,Qualification,7128,2025-03-26,2024-08-13,Product-Led,Best Case,False,False,CompetitorC,,19,Send proposal,New Business,2024-08-13T00:00:00
3383,104,12,Velocity Dynamics - Platform Deal,Discovery,9730,2023-11-01,2023-03-09,Outbound - AE,Pipeline,False,False,CompetitorA,,66,Schedule demo,New Business,2023-03-09T00:00:00
3384,422,12,Atlas Systems - Platform Deal,Qualification,168228,2023-11-02,2023-05-30,Webinar,Best Case,False,False,CompetitorC,,50,,New Business,2023-05-30T00:00:00
3385,130,8,Vertex Enterprises - Initial License,Closed Lost,23430,2024-12-09,2024-11-19,Outbound - SDR,Omitted,False,True,CompetitorC,Timing,1,,New Business,2024-11-19T00:00:00
3386,168,14,Global Labs - Initial License,Proposal,26368,2023-07-29,2023-03-21,Webinar,Best Case,False,False,,,44,Reference call,New Business,2023-03-21T00:00:00
3387,300,12,Nova Digital - Platform Deal,Discovery,42624,2024-10-06,2024-06-04,Outbound - AE,Pipeline,False,False,,,60,Legal review,New Business,2024-06-04T00:00:00
3388,382,11,Elevate Holdings - New Business,Closed Lost,74243,2021-06-22,2021-02-09,Inbound - Web,Omitted,False,True,CompetitorC,Budget Cut,49,,New Business,2021-02-09T00:00:00
3389,1000,5,Catalyst Inc - Initial License,Closed Lost,14307,2024-04-20,2024-01-25,Product-Led,Omitted,False,True,CompetitorA,Price,12,,New Business,2024-01-25T00:00:00
3390,557,16,Summit Software - New Business,Discovery,44597,2024-10-28,2024-02-09,Webinar,Pipeline,False,False,CompetitorD,,19,Executive alignment,New Business,2024-02-09T00:00:00
3391,522,3,Nexus Platforms - Platform Deal,Prospecting,215589,2024-10-24,2024-02-13,Inbound - Content,Pipeline,False,False,CompetitorC,,40,Executive alignment,New Business,2024-02-13T00:00:00
1752,692,2,Optima Platforms - New Business,Discovery,48917,2023-10-25,2023-03-04,Inbound - Web,Pipeline,False,False,Open Source Alternative,,38,POC setup,New Business,2023-03-04T00:00:00
3393,582,2,Summit Software - Platform Deal,Closed Lost,172716,2024-03-17,2023-10-25,Event,Omitted,False,True,,Champion Left,39,,New Business,2023-10-25T00:00:00
3394,257,1,Zenith Technologies - Platform Deal,Discovery,105792,2021-01-27,2020-05-11,Event,Pipeline,False,False,,,27,Technical review,New Business,2020-05-11T00:00:00
3395,209,15,Vertex Analytics - Initial License,Closed Lost,32365,2024-10-21,2024-07-14,,Omitted,False,True,,Price,3,,New Business,2024-07-14T00:00:00
3396,468,4,Optima Networks - Contract Renewal,Qualification,12949,2023-02-07,2022-07-04,Inbound - Content,Best Case,False,False,CompetitorC,,44,POC setup,Renewal,2022-07-04T00:00:00
3397,189,2,Synergy Networks - New Business,Qualification,897263,2025-06-11,2024-12-12,Event,Best Case,False,False,CompetitorE,,40,Schedule demo,New Business,2024-12-12T00:00:00
3398,686,5,Horizon Technologies - Platform Deal,Qualification,29890,2024-03-03,2023-08-12,,Best Case,False,False,CompetitorD,,8,POC setup,New Business,2023-08-12T00:00:00
3399,487,8,Quantum Enterprises - Platform Deal,Proposal,15517,2025-06-16,2024-10-02,Inbound - Content,Best Case,False,False,,,36,Legal review,New Business,2024-10-02T00:00:00
3400,842,4,Quantum Software - Initial License,Proposal,,2023-12-06,2023-04-08,Outbound - SDR,Best Case,False,False,CompetitorA,,25,Executive alignment,New Business,2023-04-08T00:00:00
3401,546,13,Zenith Partners - Initial License,Qualification,173419,2025-02-03,2024-07-03,Inbound - Content,Best Case,False,False,CompetitorB,,77,Technical review,New Business,2024-07-03T00:00:00
3402,1,13,Fusion Digital - Additional Seats,Prospecting,18116,2025-04-21,2024-12-04,Webinar,Pipeline,False,False,CompetitorE,,46,Reference call,Expansion,2024-12-04T00:00:00
3403,724,13,Fusion Inc - Platform Deal,Proposal,40410,2023-12-13,2023-05-16,Outbound - AE,Best Case,False,False,,,18,,New Business,2023-05-16T00:00:00
3404,245,4,Acme Services - New Business,Negotiation,40346,2025-08-02,2024-12-31,Product-Led,Commit,False,False,Open Source Alternative,,9,Send proposal,New Business,2024-12-31T00:00:00
3405,549,15,Quantum Holdings - Platform Deal,Closed Lost,45603,2023-09-06,2023-09-07,Outbound - AE,Omitted,False,True,CompetitorB,Lost to Status Quo,43,,New Business,2023-09-07T00:00:00
3406,516,9,Horizon Analytics - Platform Deal,Discovery,11378,2024-08-05,2024-01-14,Partner Referral,Pipeline,False,False,,,25,Contract signing,New Business,2024-01-14T00:00:00
3407,55,8,Elevate Enterprises - New Business,Prospecting,914365,2025-06-04,2024-12-30,Product-Led,Pipeline,False,False,Open Source Alternative,,1,,New Business,2024-12-30T00:00:00
3408,334,9,Quantum Group - New Business,Prospecting,58922,2025-07-16,2024-11-14,Inbound - Web,Pipeline,False,False,CompetitorD,,60,Technical review,New Business,2024-11-14T00:00:00
3409,258,7,Elevate Digital - Initial License,Discovery,185085,2023-05-23,2022-12-08,Product-Led,Pipeline,False,False,CompetitorC,,9,Technical review,New Business,2022-12-08T00:00:00
3410,138,4,Catalyst Group - Initial License,Prospecting,33622,2024-08-13,2024-04-18,Outbound - SDR,Pipeline,False,False,CompetitorA,,38,Executive alignment,New Business,2024-04-18T00:00:00
3411,553,3,Optima Systems - Initial License,Closed Lost,9881,2024-12-31,2024-12-08,Outbound - AE,Omitted,False,True,CompetitorA,Timing,29,,New Business,2024-12-08T00:00:00
3412,867,12,Velocity Group - Platform Deal,Closed Lost,817642,2024-03-25,2023-08-06,Inbound - Content,Omitted,False,True,CompetitorC,Feature Gap,10,,New Business,2023-08-06T00:00:00
3413,394,4,Quantum Solutions - New Business,Qualification,127291,2025-05-08,2024-11-26,Outbound - AE,Best Case,False,False,CompetitorC,,33,Reference call,New Business,2024-11-26T00:00:00
3414,373,5,Global Holdings - Platform Deal,Discovery,34449,2023-08-26,2023-03-25,Inbound - Content,Pipeline,False,False,CompetitorD,,43,Reference call,New Business,2023-03-25T00:00:00
3415,974,8,Zenith Digital - New Business,Qualification,129208,2024-09-07,2024-09-15,Outbound - AE,Best Case,False,False,,,40,Send proposal,New Business,2024-09-15T00:00:00
3416,304,5,Vertex Analytics - Contract Renewal,Closed Won,24959,2024-12-31,2024-12-22,,Closed,True,True,,,54,,Renewal,2024-12-22T00:00:00
3417,409,14,Acme Platforms - Initial License,Qualification,46409,2023-10-01,2023-08-28,Partner Referral,Best Case,False,False,CompetitorE,,39,,New Business,2023-08-28T00:00:00
3418,713,10,Quantum Group - Initial License,Discovery,58083,2023-04-25,2022-10-06,Outbound - AE,Pipeline,False,False,CompetitorA,,48,Send proposal,New Business,2022-10-06T00:00:00
3419,575,9,Zenith Solutions - Initial License,Qualification,11188,2023-10-11,2023-02-17,Inbound - Web,Best Case,False,False,,,16,Contract signing,New Business,2023-02-17T00:00:00
3420,139,2,Optima Partners - Upsell,Negotiation,8275,2025-05-11,2024-11-17,Outbound - SDR,Commit,False,False,CompetitorC,,25,POC setup,Expansion,2024-11-17T00:00:00
3421,167,7,Vanguard Software - New Business,Discovery,47280,2023-01-05,2022-06-14,Webinar,Pipeline,False,False,,,57,,New Business,2022-06-14T00:00:00
3422,483,2,Elevate Group - Initial License,Proposal,90315,2024-11-12,2024-04-25,Event,Best Case,False,False,Open Source Alternative,,41,Executive alignment,New Business,2024-04-25T00:00:00
3423,919,15,Nexus Holdings - New Business,Discovery,34772,2025-03-02,2024-11-19,Inbound - Web,Pipeline,False,False,,,35,Contract signing,New Business,2024-11-19T00:00:00
3424,569,5,Nova Corp - Initial License,Closed Lost,41865,2024-12-31,2024-10-02,Outbound - SDR,Omitted,False,True,CompetitorB,Budget Cut,27,,New Business,2024-10-02T00:00:00
3425,102,14,Summit Services - New Business,Proposal,26448,2024-12-14,2024-03-28,Event,Best Case,False,False,,,8,,New Business,2024-03-28T00:00:00
3426,346,5,Apex Inc - Initial License,Discovery,44661,2022-03-09,2021-08-04,,Pipeline,False,False,CompetitorD,,51,Contract signing,New Business,2021-08-04T00:00:00
3427,824,16,Synergy Inc - New Business,Prospecting,179551,2025-07-11,2024-10-20,Inbound - Content,Pipeline,False,False,Open Source Alternative,,59,Contract signing,New Business,2024-10-20T00:00:00
3428,311,5,Quantum Platforms - New Business,Qualification,21393,2024-08-29,2024-02-08,Partner Referral,Best Case,False,False,,,41,Contract signing,New Business,2024-02-08T00:00:00
3429,915,9,Pacific Holdings - New Business,Discovery,164154,2024-06-28,2024-03-14,Event,Pipeline,False,False,CompetitorD,,53,POC setup,New Business,2024-03-14T00:00:00
3430,389,14,Acme Networks - Initial License,Proposal,6446,2025-04-22,2024-09-26,Outbound - AE,Best Case,False,False,,,23,Contract signing,New Business,2024-09-26T00:00:00
3431,558,11,Apex Dynamics - New Business,Prospecting,71125,2021-09-22,2021-01-07,Outbound - SDR,Pipeline,False,False,,,47,Executive alignment,New Business,2021-01-07T00:00:00
3432,97,1,Catalyst Analytics - New Business,Proposal,,2025-05-25,2024-08-28,,Best Case,False,False,,,40,Contract signing,New Business,2024-08-28T00:00:00
3433,453,1,Fusion Corp - Initial License,Closed Lost,25181,2024-12-23,2024-11-05,Inbound - Web,Omitted,False,True,,Competitor,37,,New Business,2024-11-05T00:00:00
3434,787,11,Velocity Corp - Initial License,Qualification,190115,2023-06-17,2022-10-10,Webinar,Best Case,False,False,,,22,Reference call,New Business,2022-10-10T00:00:00
3435,585,12,Pacific Group - Initial License,Discovery,10777,2025-03-30,2024-08-10,Event,Pipeline,False,False,CompetitorC,,60,POC setup,New Business,2024-08-10T00:00:00
3436,889,13,Horizon Solutions - New Business,Negotiation,880860,2023-09-11,2023-01-01,Webinar,Commit,False,False,,,37,Technical review,New Business,2023-01-01T00:00:00
3437,672,2,Horizon Corp - Upsell,Prospecting,50930,2024-09-02,2024-06-01,Webinar,Pipeline,False,False,,,22,Send proposal,Expansion,2024-06-01T00:00:00
3438,311,5,Quantum Platforms - New Business,Discovery,31598,2025-02-17,2024-11-25,,Pipeline,False,False,CompetitorB,,31,Executive alignment,New Business,2024-11-25T00:00:00
3439,787,12,Velocity Corp - New Business,Proposal,126967,2023-08-26,2023-05-24,Event,Best Case,False,False,CompetitorD,,15,POC setup,New Business,2023-05-24T00:00:00
3440,996,5,Quantum Enterprises - Initial License,Closed Lost,34706,2024-12-31,2024-11-09,Partner Referral,Omitted,False,True,CompetitorA,Budget Cut,6,,New Business,2024-11-09T00:00:00
3441,318,1,Pacific Group - Platform Deal,Negotiation,155418,2023-10-25,2023-07-06,Webinar,Commit,False,False,,,20,Executive alignment,New Business,2023-07-06T00:00:00
3442,545,10,Nova Analytics - New Business,Negotiation,16267,2024-04-11,2024-03-05,Webinar,Commit,False,False,CompetitorE,,22,Send proposal,New Business,2024-03-05T00:00:00
3443,476,5,Horizon Services - Initial License,Discovery,149615,2022-01-03,2021-10-07,Outbound - AE,Pipeline,False,False,CompetitorD,,27,Executive alignment,New Business,2021-10-07T00:00:00
3444,592,1,Elevate Partners - Platform Deal,Qualification,,2025-02-27,2024-06-05,Outbound - AE,Best Case,False,False,,,6,,New Business,2024-06-05T00:00:00
3445,585,10,Pacific Group - Platform Deal,Prospecting,44603,2022-11-17,2022-03-04,Partner Referral,Pipeline,False,False,,,16,Legal review,New Business,2022-03-04T00:00:00
3446,19,12,Zenith Platforms - Platform Deal,Closed Lost,43452,2024-04-23,2024-01-27,Webinar,Omitted,False,True,CompetitorD,No Decision,28,,New Business,2024-01-27T00:00:00
3447,63,3,Vertex Corp - Platform Deal,Qualification,31127,2024-11-29,2024-05-13,Outbound - AE,Best Case,False,False,,,10,,New Business,2024-05-13T00:00:00
3448,975,13,Optima Systems - Platform Deal,Closed Lost,38971,2021-12-03,2021-10-11,Inbound - Content,Omitted,False,True,CompetitorA,Lost to Status Quo,39,,New Business,2021-10-11T00:00:00
3449,177,6,Pinnacle Technologies - Upsell,Prospecting,24136,2025-03-06,2024-11-29,Inbound - Web,Pipeline,False,False,CompetitorB,,22,Send proposal,Expansion,2024-11-29T00:00:00
3450,329,2,Optima Networks - New Business,Negotiation,120364,2024-11-15,2024-05-03,Inbound - Web,Commit,False,False,CompetitorA,,22,Reference call,New Business,2024-05-03T00:00:00
3451,287,2,Horizon Labs - Initial License,Closed Won,46273,2021-09-18,2021-05-06,Webinar,Closed,True,True,,,11,,New Business,2021-05-06T00:00:00
3452,745,16,Vanguard Software - New Business,Discovery,132993,2025-02-07,2024-12-08,Outbound - AE,Pipeline,False,False,CompetitorE,,15,POC setup,New Business,2024-12-08T00:00:00
3453,277,7,Atlas Enterprises - Platform Deal,Discovery,103659,2022-07-12,2022-04-04,Outbound - AE,Pipeline,False,False,Open Source Alternative,,49,Send proposal,New Business,2022-04-04T00:00:00
3454,432,9,Nexus Enterprises - Initial License,Negotiation,52225,2025-05-27,2024-11-15,Partner Referral,Commit,False,False,,,33,,New Business,2024-11-15T00:00:00
3455,374,9,Optima Networks - Initial License,Prospecting,112299,2024-11-19,2024-10-18,Inbound - Web,Pipeline,False,False,CompetitorC,,51,Legal review,New Business,2024-10-18T00:00:00
3456,196,5,Global Networks - Initial License,Closed Lost,22556,2023-12-27,2023-11-15,Outbound - AE,Omitted,False,True,,Feature Gap,5,,New Business,2023-11-15T00:00:00
3457,150,7,Nexus Services - Upsell,Closed Won,189289,2023-01-02,2022-11-08,Product-Led,Closed,True,True,CompetitorD,,30,,Expansion,2022-11-08T00:00:00
3458,7,1,Elevate Dynamics - Initial License,Qualification,153762,2022-11-08,2022-03-11,Webinar,Best Case,False,False,Open Source Alternative,,21,POC setup,New Business,2022-03-11T00:00:00
3459,326,12,Pinnacle Corp - Initial License,Discovery,44918,2025-05-29,2024-11-17,Product-Led,Pipeline,False,False,CompetitorA,,48,,New Business,2024-11-17T00:00:00
3460,131,2,Optima Platforms - Platform Deal,Discovery,115918,2024-06-26,2024-05-05,Outbound - SDR,Pipeline,False,False,,,44,Executive alignment,New Business,2024-05-05T00:00:00
3461,377,12,Global Inc - New Business,Negotiation,147714,2021-04-30,2021-02-12,Partner Referral,Commit,False,False,,,29,Technical review,New Business,2021-02-12T00:00:00
3462,635,2,Horizon Solutions - Initial License,Closed Won,39928,2024-12-16,2024-08-09,Partner Referral,Closed,True,True,,,30,,New Business,2024-08-09T00:00:00
3463,202,7,Global Digital - New Business,Qualification,147898,2023-11-30,2023-07-18,Event,Best Case,False,False,CompetitorA,,32,Executive alignment,New Business,2023-07-18T00:00:00
3464,115,16,Pinnacle Partners - New Business,Discovery,61101,2025-04-05,2024-11-17,Webinar,Pipeline,False,False,CompetitorC,,27,Executive alignment,New Business,2024-11-17T00:00:00
3465,570,4,Nova Partners - Platform Deal,Qualification,908908,2025-02-02,2024-11-12,Product-Led,Best Case,False,False,CompetitorD,,36,Legal review,New Business,2024-11-12T00:00:00
3466,477,3,Pinnacle Digital - Platform Deal,Qualification,221768,2024-08-18,2024-03-30,Product-Led,Best Case,False,False,,,43,Send proposal,New Business,2024-03-30T00:00:00
3467,989,10,Horizon Networks - New Business,Prospecting,,2023-11-14,2023-09-05,Partner Referral,Pipeline,False,False,CompetitorC,,18,Executive alignment,New Business,2023-09-05T00:00:00
3468,888,3,Zenith Digital - Platform Deal,Proposal,18367,2025-05-28,2024-12-01,Outbound - SDR,Best Case,False,False,Open Source Alternative,,3,POC setup,New Business,2024-12-01T00:00:00
3469,812,1,Pinnacle Platforms - Platform Deal,Discovery,,2021-10-04,2021-07-25,Inbound - Web,Pipeline,False,False,,,25,Reference call,New Business,2021-07-25T00:00:00
3388,832,9,Optima Digital - Platform Deal,Closed Lost,34102,2023-04-24,2023-05-03,Inbound - Content,Omitted,False,True,CompetitorA,Lost to Status Quo,20,,New Business,2023-05-03T00:00:00
3471,503,6,Fusion Platforms - New Business,Closed Won,164638,2024-12-14,2024-09-01,Event,Closed,True,True,CompetitorC,,38,,New Business,2024-09-01T00:00:00
3472,853,1,Zenith Dynamics - Platform Deal,Prospecting,65888,2025-01-22,2024-10-09,Inbound - Content,Pipeline,False,False,Open Source Alternative,,33,Send proposal,New Business,2024-10-09T00:00:00
3473,527,13,Synergy Dynamics - Initial License,Prospecting,257320,2024-07-18,2023-12-10,Event,Pipeline,False,False,CompetitorE,,65,Executive alignment,New Business,2023-12-10T00:00:00
3474,111,2,Nova Holdings - Initial License,Closed Won,447282,2024-09-13,2024-08-20,Partner Referral,Closed,True,True,,,43,,New Business,2024-08-20T00:00:00
3475,737,11,Atlas Solutions - Initial License,Prospecting,17350,2024-10-09,2024-10-31,Outbound - AE,Pipeline,False,False,,,24,Contract signing,New Business,2024-10-31T00:00:00
3476,25,7,Zenith Partners - New Business,Closed Lost,76038,2023-12-22,2023-07-29,Webinar,Omitted,False,True,CompetitorD,Price,56,,New Business,2023-07-29T00:00:00
3477,385,3,Quantum Digital - New Business,Closed Won,,2022-09-27,2022-06-08,Product-Led,Closed,True,True,,,42,,New Business,2022-06-08T00:00:00
3478,828,7,Apex Labs - Platform Deal,Closed Won,6339,2024-12-31,2024-10-16,Outbound - AE,Closed,True,True,,,35,,New Business,2024-10-16T00:00:00
3479,138,5,Catalyst Group - Platform Deal,Prospecting,174765,2025-07-07,2024-11-11,Outbound - AE,Pipeline,False,False,Open Source Alternative,,8,Legal review,New Business,2024-11-11T00:00:00
3480,97,1,Catalyst Analytics - New Business,Closed Lost,108318,2024-12-15,2024-11-02,Outbound - AE,Omitted,False,True,,Lost to Status Quo,39,,New Business,2024-11-02T00:00:00
3481,396,16,Synergy Inc - Platform Deal,Proposal,14145,2023-02-24,2022-12-14,Inbound - Content,Best Case,False,False,,,45,Schedule demo,New Business,2022-12-14T00:00:00
3482,711,10,Vanguard Networks - New Business,Proposal,13235,2024-08-22,2023-12-19,Outbound - SDR,Best Case,False,False,CompetitorA,,8,Executive alignment,New Business,2023-12-19T00:00:00
3483,196,5,Global Networks - New Business,Discovery,46478,2024-06-10,2024-05-09,Inbound - Content,Pipeline,False,False,CompetitorA,,4,Send proposal,New Business,2024-05-09T00:00:00
3484,35,11,Acme Solutions - Initial License,Proposal,44490,2023-07-04,2023-04-12,Inbound - Web,Best Case,False,False,,,2,Technical review,New Business,2023-04-12T00:00:00
3485,364,10,Catalyst Digital - New Business,Closed Lost,19502,2024-09-17,2024-06-15,Partner Referral,Omitted,False,True,,No Decision,23,,New Business,2024-06-15T00:00:00
3486,38,8,Catalyst Labs - New Business,Prospecting,41202,2025-02-25,2024-10-17,Product-Led,Pipeline,False,False,CompetitorD,,56,Legal review,New Business,2024-10-17T00:00:00
3487,793,12,Zenith Holdings - Platform Deal,Closed Won,5586,2024-09-10,2024-05-18,Inbound - Web,Closed,True,True,,,60,,New Business,2024-05-18T00:00:00
3488,222,3,Vanguard Holdings - New Business,Prospecting,29436,2024-11-11,2024-02-27,Product-Led,Pipeline,False,False,,,23,Legal review,New Business,2024-02-27T00:00:00
3489,719,7,Acme Digital - Initial License,Prospecting,495972,2024-12-12,2024-11-03,Outbound - SDR,Pipeline,False,False,Open Source Alternative,,59,Executive alignment,New Business,2024-11-03T00:00:00
3490,265,10,Horizon Group - New Business,Proposal,33489,2022-12-22,2022-08-09,Event,Best Case,False,False,Open Source Alternative,,18,Legal review,New Business,2022-08-09T00:00:00
3491,791,4,Acme Solutions - Platform Deal,Qualification,41353,2021-08-24,2021-03-21,,Best Case,False,False,CompetitorD,,2,Technical review,New Business,2021-03-21T00:00:00
3492,651,11,Apex Corp - Initial License,Closed Lost,23525,2024-05-27,2024-02-04,Event,Omitted,False,True,,Timing,8,,New Business,2024-02-04T00:00:00
3493,986,9,Nexus Partners - Platform Deal,Closed Lost,160265,2022-12-20,2022-06-11,Product-Led,Omitted,False,True,CompetitorB,Feature Gap,30,,New Business,2022-06-11T00:00:00
3494,711,10,Vanguard Networks - Platform Deal,Closed Lost,8812,2024-05-28,2023-12-20,Product-Led,Omitted,False,True,CompetitorB,Feature Gap,23,,New Business,2023-12-20T00:00:00
3495,209,2,Vertex Analytics - Initial License,Closed Lost,29339,2024-11-23,2024-09-02,Event,Omitted,False,True,,Champion Left,40,,New Business,2024-09-02T00:00:00
3496,914,5,Quantum Networks - Contract Renewal,Proposal,17334,2023-11-14,2023-06-05,Webinar,Best Case,False,False,,,40,Schedule demo,Renewal,2023-06-05T00:00:00
3497,998,14,Fusion Group - New Business,Qualification,8377,2025-01-14,2024-09-09,Inbound - Web,Best Case,False,False,,,71,,New Business,2024-09-09T00:00:00
3498,291,16,Vertex Technologies - Platform Deal,Closed Lost,32596,2024-12-31,2024-09-09,Webinar,Omitted,False,True,Open Source Alternative,Timing,32,,New Business,2024-09-09T00:00:00
3499,564,16,Atlas Software - Platform Deal,Negotiation,79056,2025-07-31,2024-11-07,Webinar,Commit,False,False,,,49,Reference call,New Business,2024-11-07T00:00:00
3500,289,4,Fusion Group - Platform Deal,Closed Lost,17257,2024-11-16,2024-07-06,Webinar,Omitted,False,True,CompetitorD,No Decision,13,,New Business,2024-07-06T00:00:00
3501,451,3,Synergy Labs - Platform Deal,Closed Lost,338911,2023-12-27,2023-10-06,,Omitted,False,True,CompetitorA,Feature Gap,43,,New Business,2023-10-06T00:00:00
3502,103,14,Quantum Technologies - New Business,Closed Won,169585,2024-12-26,2024-05-21,Event,Closed,True,True,CompetitorA,,26,,New Business,2024-05-21T00:00:00
3503,103,14,Quantum Technologies - Initial License,Qualification,65213,2023-09-06,2023-08-01,Webinar,Best Case,False,False,CompetitorD,,40,,New Business,2023-08-01T00:00:00
3504,430,15,Apex Corp - Platform Deal,Discovery,848491,2025-08-04,2024-11-26,Webinar,Pipeline,False,False,CompetitorE,,39,Send proposal,New Business,2024-11-26T00:00:00
3505,120,14,Quantum Labs - Platform Deal,Proposal,43895,2025-09-16,2024-12-20,Inbound - Content,Best Case,False,False,CompetitorC,,18,Executive alignment,New Business,2024-12-20T00:00:00
3506,285,15,Pacific Holdings - Platform Deal,Discovery,,2024-06-06,2024-03-08,Outbound - SDR,Pipeline,False,False,CompetitorA,,54,Legal review,New Business,2024-03-08T00:00:00
3507,566,7,Acme Technologies - Platform Deal,Closed Lost,,2023-06-27,2023-03-01,Inbound - Content,Omitted,False,True,CompetitorE,Lost to Status Quo,50,,New Business,2023-03-01T00:00:00
3508,905,12,Nova Digital - Platform Deal,Qualification,33399,2024-12-29,2024-06-05,Outbound - AE,Best Case,False,False,,,61,Executive alignment,New Business,2024-06-05T00:00:00
3509,642,15,Optima Partners - New Business,Prospecting,95426,2024-08-28,2024-07-02,Webinar,Pipeline,False,False,,,47,Contract signing,New Business,2024-07-02T00:00:00
3510,789,8,Acme Inc - Initial License,Prospecting,23504,2025-08-24,2024-12-10,Outbound - SDR,Pipeline,False,False,CompetitorB,,15,Technical review,New Business,2024-12-10T00:00:00
3511,109,7,Zenith Networks - Initial License,Discovery,31662,2023-04-11,2023-03-01,,Pipeline,False,False,,,13,Schedule demo,New Business,2023-03-01T00:00:00
3512,228,11,Summit Partners - New Business,Discovery,45953,2025-01-17,2024-07-25,Outbound - AE,Pipeline,False,False,,,69,Send proposal,New Business,2024-07-25T00:00:00
3513,114,5,Synergy Solutions - Initial License,Discovery,670892,2025-01-31,2024-05-11,Inbound - Content,Pipeline,False,False,CompetitorB,,21,Executive alignment,New Business,2024-05-11T00:00:00
3514,792,9,Nova Solutions - Additional Seats,Proposal,22537,2021-07-06,2020-12-15,Partner Referral,Best Case,False,False,,,57,Executive alignment,Expansion,2020-12-15T00:00:00
3515,657,5,Zenith Labs - Initial License,Qualification,7129,2023-04-09,2023-01-18,Event,Best Case,False,False,CompetitorE,,41,Executive alignment,New Business,2023-01-18T00:00:00
3516,300,14,Nova Digital - Platform Deal,Proposal,146830,2024-07-04,2023-11-30,Webinar,Best Case,False,False,CompetitorB,,21,Contract signing,New Business,2023-11-30T00:00:00
3517,385,6,Quantum Digital - Expansion,Discovery,2407,2024-07-30,2024-01-24,,Pipeline,False,False,,,57,Technical review,Expansion,2024-01-24T00:00:00
841,675,1,Pacific Platforms - New Business,Prospecting,33713,2023-07-03,2023-04-14,Outbound - SDR,Pipeline,False,False,,,10,Send proposal,New Business,2023-04-14T00:00:00
3519,577,6,Vertex Dynamics - Platform Deal,Closed Lost,5623,2023-10-02,2023-10-20,,Omitted,False,True,Open Source Alternative,Lost to Status Quo,1,,New Business,2023-10-20T00:00:00
3520,820,6,Vanguard Enterprises - Initial License,Negotiation,95254,2023-07-12,2023-05-18,,Commit,False,False,,,12,,New Business,2023-05-18T00:00:00
3521,382,9,Elevate Holdings - New Business,Closed Won,95250,2021-07-11,2021-02-04,Inbound - Web,Closed,True,True,,,40,,New Business,2021-02-04T00:00:00
3522,355,1,Pacific Digital - Platform Deal,Closed Won,11255,2023-09-28,2023-05-26,Inbound - Web,Closed,True,True,CompetitorD,,19,,New Business,2023-05-26T00:00:00
3523,921,6,Global Labs - New Business,Discovery,47818,2025-04-21,2024-10-21,Product-Led,Pipeline,False,False,CompetitorA,,30,Technical review,New Business,2024-10-21T00:00:00
3524,536,4,Pinnacle Solutions - Initial License,Closed Lost,58570,2022-06-17,2022-03-17,Inbound - Web,Omitted,False,True,CompetitorB,Budget Cut,47,,New Business,2022-03-17T00:00:00
3525,563,11,Nova Partners - Initial License,Prospecting,33017,2025-04-14,2024-12-22,Outbound - AE,Pipeline,False,False,CompetitorC,,63,Schedule demo,New Business,2024-12-22T00:00:00
3526,246,11,Atlas Inc - Initial License,Qualification,140486,2024-10-04,2024-06-06,Inbound - Content,Best Case,False,False,CompetitorD,,9,Legal review,New Business,2024-06-06T00:00:00
3527,494,5,Zenith Labs - Platform Deal,Negotiation,20651,2023-12-29,2023-06-23,Partner Referral,Commit,False,False,CompetitorA,,54,POC setup,New Business,2023-06-23T00:00:00
3528,449,5,Summit Group - Initial License,Discovery,8313,2025-02-22,2024-09-05,Webinar,Pipeline,False,False,CompetitorE,,52,Schedule demo,New Business,2024-09-05T00:00:00
3529,589,15,Vertex Systems - New Business,Proposal,92163,2024-11-21,2024-10-06,Inbound - Content,Best Case,False,False,CompetitorD,,60,Reference call,New Business,2024-10-06T00:00:00
3530,438,8,Nova Corp - New Business,Qualification,500769,2022-11-11,2022-08-07,Partner Referral,Best Case,False,False,CompetitorE,,1,Send proposal,New Business,2022-08-07T00:00:00
3531,534,5,Catalyst Technologies - New Business,Negotiation,14266,2024-05-22,2024-04-21,Product-Led,Commit,False,False,,,31,Schedule demo,New Business,2024-04-21T00:00:00
3532,992,3,Nexus Solutions - Initial License,Closed Lost,35167,2022-12-03,2022-10-07,Outbound - SDR,Omitted,False,True,CompetitorB,Champion Left,37,,New Business,2022-10-07T00:00:00
3533,594,13,Pinnacle Services - Initial License,Closed Won,128312,2024-05-26,2024-06-07,Webinar,Closed,True,True,CompetitorD,,18,,New Business,2024-06-07T00:00:00
3534,168,14,Global Labs - Initial License,Closed Lost,7846,2022-09-24,2022-04-27,Event,Omitted,False,True,CompetitorB,Budget Cut,9,,New Business,2022-04-27T00:00:00
3535,816,12,Nexus Partners - Initial License,Discovery,629362,2023-08-12,2023-01-19,Partner Referral,Pipeline,False,False,,,1,Contract signing,New Business,2023-01-19T00:00:00
3536,815,2,Nova Systems - Platform Deal,Closed Won,202529,2024-09-22,2024-08-14,Partner Referral,Closed,True,True,CompetitorB,,14,,New Business,2024-08-14T00:00:00
3537,549,6,Quantum Holdings - Initial License,Proposal,13611,2024-07-23,2024-02-06,Inbound - Web,Best Case,False,False,,,52,Executive alignment,New Business,2024-02-06T00:00:00
3538,720,12,Pinnacle Networks - Initial License,Closed Lost,468823,2024-12-31,2024-10-11,Inbound - Content,Omitted,False,True,CompetitorA,Feature Gap,2,,New Business,2024-10-11T00:00:00
3539,595,9,Apex Technologies - Initial License,Discovery,20599,2024-09-05,2024-03-16,Inbound - Web,Pipeline,False,False,,,28,Send proposal,New Business,2024-03-16T00:00:00
3540,278,6,Optima Dynamics - Contract Renewal,Qualification,40816,2023-02-13,2022-08-04,Webinar,Best Case,False,False,,,22,Send proposal,Renewal,2022-08-04T00:00:00
3541,901,3,Summit Analytics - Initial License,Discovery,20897,2025-02-16,2024-12-22,Inbound - Content,Pipeline,False,False,CompetitorA,,2,Contract signing,New Business,2024-12-22T00:00:00
3542,557,3,Summit Software - New Business,Discovery,31886,2024-05-19,2023-09-28,Partner Referral,Pipeline,False,False,,,30,POC setup,New Business,2023-09-28T00:00:00
3543,700,12,Zenith Enterprises - New Business,Closed Lost,172500,2024-01-17,2023-10-18,Partner Referral,Omitted,False,True,CompetitorA,No Decision,40,,New Business,2023-10-18T00:00:00
3544,936,16,Summit Networks - Initial License,Prospecting,58802,2023-06-25,2023-03-15,Partner Referral,Pipeline,False,False,,,12,Reference call,New Business,2023-03-15T00:00:00
3545,29,2,Zenith Services - New Business,Closed Lost,78950,2022-06-25,2022-02-28,Product-Led,Omitted,False,True,CompetitorA,Feature Gap,21,,New Business,2022-02-28T00:00:00
3546,744,13,Synergy Systems - Upsell,Discovery,35849,2024-04-16,2024-02-02,,Pipeline,False,False,,,39,,Expansion,2024-02-02T00:00:00
3547,413,2,Synergy Holdings - New Business,Discovery,78282,2025-01-21,2024-07-29,Outbound - AE,Pipeline,False,False,,,17,POC setup,New Business,2024-07-29T00:00:00
3548,749,12,Global Labs - Platform Deal,Closed Won,107673,2024-12-31,2024-12-06,Event,Closed,True,True,,,27,,New Business,2024-12-06T00:00:00
3549,596,16,Fusion Dynamics - Initial License,Discovery,34759,2025-06-26,2024-11-06,Product-Led,Pipeline,False,False,CompetitorC,,53,Technical review,New Business,2024-11-06T00:00:00
3550,928,13,Quantum Inc - Initial License,Negotiation,44629,2024-01-30,2023-12-18,Outbound - AE,Commit,False,False,CompetitorC,,5,POC setup,New Business,2023-12-18T00:00:00
3551,985,15,Vanguard Dynamics - Initial License,Qualification,119688,2025-01-07,2024-11-02,Outbound - SDR,Best Case,False,False,CompetitorB,,56,Reference call,New Business,2024-11-02T00:00:00
3552,419,2,Nova Software - New Business,Closed Lost,23834,2023-12-19,2023-08-15,Event,Omitted,False,True,CompetitorB,Lost to Status Quo,29,,New Business,2023-08-15T00:00:00
3553,986,9,Nexus Partners - Platform Deal,Prospecting,89171,2024-12-11,2024-05-03,Webinar,Pipeline,False,False,,,57,Contract signing,New Business,2024-05-03T00:00:00
3554,110,12,Synergy Holdings - Initial License,Discovery,17612,2024-05-08,2024-03-15,Outbound - AE,Pipeline,False,False,,,61,POC setup,New Business,2024-03-15T00:00:00
3555,700,8,Zenith Enterprises - New Business,Closed Lost,90937,2024-12-31,2024-11-28,Outbound - SDR,Omitted,False,True,,Feature Gap,17,,New Business,2024-11-28T00:00:00
3556,542,7,Catalyst Platforms - Platform Deal,Discovery,64880,2025-06-26,2024-12-29,Inbound - Content,Pipeline,False,False,CompetitorB,,34,Technical review,New Business,2024-12-29T00:00:00
3557,390,4,Quantum Group - Platform Deal,Discovery,113169,2022-12-12,2022-05-31,Webinar,Pipeline,False,False,,,4,Reference call,New Business,2022-05-31T00:00:00
3558,713,10,Quantum Group - Initial License,Discovery,39437,2024-06-23,2024-04-22,Inbound - Web,Pipeline,False,False,CompetitorC,,29,,New Business,2024-04-22T00:00:00
3559,175,7,Fusion Analytics - Platform Deal,Discovery,,2024-05-20,2024-03-12,Product-Led,Pipeline,False,False,CompetitorC,,38,Legal review,New Business,2024-03-12T00:00:00
3560,505,5,Vertex Partners - New Business,Closed Lost,24936,2024-12-31,2024-11-06,Inbound - Content,Omitted,False,True,,Feature Gap,17,,New Business,2024-11-06T00:00:00
2034,540,8,Elevate Platforms - Initial License,Discovery,233246,2022-12-11,2022-10-23,Product-Led,Pipeline,False,False,CompetitorC,,15,,New Business,2022-10-23T00:00:00
3562,996,13,Quantum Enterprises - Initial License,Discovery,10900,2025-02-11,2024-11-19,Inbound - Web,Pipeline,False,False,CompetitorA,,56,,New Business,2024-11-19T00:00:00
3563,551,10,Elevate Systems - New Business,Discovery,40779,2025-07-31,2024-12-30,,Pipeline,False,False,,,41,Contract signing,New Business,2024-12-30T00:00:00
3564,420,16,Synergy Group - New Business,Negotiation,41702,2025-07-14,2024-12-29,Outbound - SDR,Commit,False,False,CompetitorB,,6,Send proposal,New Business,2024-12-29T00:00:00
3565,780,13,Fusion Dynamics - Platform Deal,Prospecting,116802,2023-04-21,2022-10-18,Webinar,Pipeline,False,False,CompetitorA,,71,,New Business,2022-10-18T00:00:00
3566,399,2,Apex Inc - Platform Deal,Qualification,8042,2022-11-23,2022-10-06,Webinar,Best Case,False,False,Open Source Alternative,,24,Reference call,New Business,2022-10-06T00:00:00
3567,394,12,Quantum Solutions - Platform Deal,Closed Lost,187855,2024-03-28,2023-12-05,Outbound - SDR,Omitted,False,True,CompetitorA,Price,33,,New Business,2023-12-05T00:00:00
3568,407,6,Nova Holdings - New Business,Discovery,56102,2025-04-02,2024-12-07,Inbound - Content,Pipeline,False,False,,,42,Reference call,New Business,2024-12-07T00:00:00
3569,701,7,Vanguard Enterprises - New Business,Closed Lost,64471,2024-03-27,2023-12-23,Product-Led,Omitted,False,True,CompetitorB,Champion Left,30,,New Business,2023-12-23T00:00:00
3570,7,1,Elevate Dynamics - Initial License,Qualification,75529,2025-01-14,2024-09-26,Inbound - Web,Best Case,False,False,CompetitorB,,21,Reference call,New Business,2024-09-26T00:00:00
3571,202,14,Global Digital - Platform Deal,Qualification,36005,2022-01-24,2021-11-11,Partner Referral,Best Case,False,False,CompetitorE,,48,POC setup,New Business,2021-11-11T00:00:00
3572,6,6,Zenith Platforms - New Business,Proposal,174313,2025-04-17,2024-09-06,Outbound - AE,Best Case,False,False,CompetitorE,,32,Reference call,New Business,2024-09-06T00:00:00
3573,230,12,Summit Analytics - Platform Deal,Discovery,823470,2022-06-22,2022-01-08,Inbound - Content,Pipeline,False,False,CompetitorA,,68,,New Business,2022-01-08T00:00:00
3574,894,13,Quantum Software - Initial License,Closed Lost,12590,2024-04-28,2024-03-21,Webinar,Omitted,False,True,,Budget Cut,59,,New Business,2024-03-21T00:00:00
3575,386,14,Elevate Labs - Platform Deal,Negotiation,22138,2024-08-14,2024-05-11,Outbound - AE,Commit,False,False,CompetitorB,,57,Send proposal,New Business,2024-05-11T00:00:00
3576,306,2,Global Inc - Platform Deal,Negotiation,70803,2025-04-24,2024-09-05,Inbound - Web,Commit,False,False,Open Source Alternative,,10,Schedule demo,New Business,2024-09-05T00:00:00
3577,439,1,Pacific Platforms - Platform Deal,Discovery,222085,2025-02-01,2024-08-26,Event,Pipeline,False,False,,,23,Technical review,New Business,2024-08-26T00:00:00
3578,501,4,Acme Digital - Initial License,Qualification,49861,2021-12-19,2021-11-16,Partner Referral,Best Case,False,False,,,31,POC setup,New Business,2021-11-16T00:00:00
3579,410,14,Pacific Dynamics - Initial License,Closed Lost,79459,2022-02-21,2021-10-13,Product-Led,Omitted,False,True,CompetitorC,Price,28,,New Business,2021-10-13T00:00:00
3580,880,12,Horizon Inc - Platform Deal,Qualification,38399,2025-01-08,2024-10-12,Partner Referral,Best Case,False,False,CompetitorC,,45,Schedule demo,New Business,2024-10-12T00:00:00
3581,257,9,Zenith Technologies - Initial License,Discovery,56872,2020-10-31,2020-08-05,Partner Referral,Pipeline,False,False,,,26,Reference call,New Business,2020-08-05T00:00:00
3582,738,8,Velocity Group - Platform Deal,Closed Lost,304489,2024-12-02,2024-11-13,Outbound - AE,Omitted,False,True,CompetitorB,Price,31,,New Business,2024-11-13T00:00:00
3583,515,9,Elevate Labs - Initial License,Proposal,184763,2025-03-06,2024-09-20,Outbound - SDR,Best Case,False,False,CompetitorB,,3,Reference call,New Business,2024-09-20T00:00:00
3584,162,7,Atlas Enterprises - New Business,Proposal,42768,2024-08-30,2024-07-20,Inbound - Content,Best Case,False,False,,,55,Reference call,New Business,2024-07-20T00:00:00
3585,976,4,Summit Platforms - Platform Deal,Qualification,107275,2025-04-19,2024-10-14,Webinar,Best Case,False,False,,,44,Executive alignment,New Business,2024-10-14T00:00:00
3586,980,13,Summit Technologies - Platform Deal,Qualification,47276,2025-05-27,2024-09-20,Event,Best Case,False,False,CompetitorD,,60,Send proposal,New Business,2024-09-20T00:00:00
3587,210,10,Apex Platforms - Platform Deal,Proposal,115622,2023-03-17,2022-10-15,Inbound - Content,Best Case,False,False,CompetitorE,,1,Schedule demo,New Business,2022-10-15T00:00:00
3588,502,3,Velocity Inc - New Business,Qualification,104225,2025-03-07,2024-09-24,Partner Referral,Best Case,False,False,CompetitorC,,44,Executive alignment,New Business,2024-09-24T00:00:00
3589,249,6,Apex Solutions - New Business,Proposal,94964,2023-06-15,2023-03-11,Partner Referral,Best Case,False,False,,,50,Send proposal,New Business,2023-03-11T00:00:00
3590,477,4,Pinnacle Digital - Initial License,Proposal,346867,2023-09-19,2023-06-13,Product-Led,Best Case,False,False,CompetitorA,,12,Legal review,New Business,2023-06-13T00:00:00
3591,823,8,Velocity Labs - Platform Deal,Proposal,63969,2025-05-24,2024-11-18,Partner Referral,Best Case,False,False,CompetitorE,,31,Reference call,New Business,2024-11-18T00:00:00
3592,452,9,Summit Analytics - Initial License,Qualification,35167,2024-10-02,2024-06-27,Inbound - Web,Best Case,False,False,CompetitorC,,64,Contract signing,New Business,2024-06-27T00:00:00
3593,992,12,Nexus Solutions - Platform Deal,Prospecting,5007,2022-12-16,2022-06-10,Outbound - SDR,Pipeline,False,False,CompetitorD,,36,Executive alignment,New Business,2022-06-10T00:00:00
3594,496,7,Global Group - New Business,Qualification,45877,2024-01-02,2023-06-19,Webinar,Best Case,False,False,,,11,Contract signing,New Business,2023-06-19T00:00:00
3595,198,4,Optima Enterprises - Initial License,Prospecting,6676,2021-06-10,2021-02-15,Webinar,Pipeline,False,False,CompetitorC,,38,Schedule demo,New Business,2021-02-15T00:00:00
3596,491,11,Horizon Partners - Initial License,Qualification,53171,2024-12-15,2024-04-28,Event,Best Case,False,False,CompetitorD,,32,Executive alignment,New Business,2024-04-28T00:00:00
3597,87,13,Atlas Solutions - Initial License,Discovery,18632,2023-08-21,2023-04-06,Outbound - SDR,Pipeline,False,False,,,57,Legal review,New Business,2023-04-06T00:00:00
3598,368,1,Horizon Corp - Platform Deal,Negotiation,196726,2022-06-16,2021-12-08,Product-Led,Commit,False,False,CompetitorD,,25,Executive alignment,New Business,2021-12-08T00:00:00
3599,640,2,Acme Holdings - Initial License,Proposal,35388,2024-05-22,2024-02-23,Outbound - AE,Best Case,False,False,CompetitorC,,35,Legal review,New Business,2024-02-23T00:00:00
3600,77,5,Apex Group - New Business,Negotiation,184130,2025-01-30,2024-10-13,Outbound - AE,Commit,False,False,CompetitorB,,15,,New Business,2024-10-13T00:00:00
3601,192,12,Summit Inc - Platform Deal,Closed Lost,38187,2024-12-31,2024-11-24,Inbound - Content,Omitted,False,True,CompetitorD,Price,38,,New Business,2024-11-24T00:00:00
3602,339,12,Zenith Group - Platform Deal,Closed Lost,39657,2024-12-31,2024-09-05,Event,Omitted,False,True,CompetitorB,No Decision,56,,New Business,2024-09-05T00:00:00
3603,441,5,Summit Corp - Platform Deal,Closed Lost,45534,2024-12-28,2024-11-05,Webinar,Omitted,False,True,,Champion Left,51,,New Business,2024-11-05T00:00:00
3604,882,16,Pinnacle Analytics - Initial License,Qualification,22784,2025-03-04,2024-09-20,Outbound - AE,Best Case,False,False,CompetitorD,,38,Executive alignment,New Business,2024-09-20T00:00:00
3605,145,8,Nova Software - Initial License,Closed Lost,40863,2024-07-19,2024-04-03,Partner Referral,Omitted,False,True,,Feature Gap,43,,New Business,2024-04-03T00:00:00
3606,441,5,Summit Corp - Platform Deal,Closed Lost,45313,2024-03-21,2023-11-18,Outbound - AE,Omitted,False,True,CompetitorA,Competitor,42,,New Business,2023-11-18T00:00:00
3607,235,7,Apex Technologies - Initial License,Qualification,61531,2023-11-19,2023-10-05,Partner Referral,Best Case,False,False,CompetitorD,,26,Schedule demo,New Business,2023-10-05T00:00:00
3608,372,11,Nova Enterprises - Platform Deal,Closed Lost,790286,2024-09-23,2024-08-05,Inbound - Web,Omitted,False,True,CompetitorC,No Decision,66,,New Business,2024-08-05T00:00:00
3609,178,9,Quantum Group - Platform Deal,Closed Lost,99046,2021-11-02,2021-04-14,Inbound - Content,Omitted,False,True,CompetitorA,No Decision,65,,New Business,2021-04-14T00:00:00
3610,747,5,Elevate Services - New Business,Discovery,170962,2025-04-13,2024-08-16,,Pipeline,False,False,,,18,Technical review,New Business,2024-08-16T00:00:00
3611,500,5,Catalyst Holdings - Initial License,Qualification,6392,2024-08-25,2024-06-05,Inbound - Web,Best Case,False,False,CompetitorE,,41,Legal review,New Business,2024-06-05T00:00:00
3612,924,3,Nexus Group - Initial License,Closed Lost,9051,2024-10-08,2024-09-14,Outbound - SDR,Omitted,False,True,CompetitorB,Price,45,,New Business,2024-09-14T00:00:00
3460,845,1,Pacific Dynamics - New Business,Discovery,422806,2022-09-19,2022-04-01,Webinar,Pipeline,False,False,CompetitorB,,18,Schedule demo,New Business,2022-04-01T00:00:00
3614,623,16,Velocity Services - New Business,Prospecting,43627,2023-03-14,2022-07-11,Inbound - Web,Pipeline,False,False,CompetitorA,,42,POC setup,New Business,2022-07-11T00:00:00
3615,520,7,Catalyst Software - Initial License,Prospecting,203734,2024-07-24,2023-11-23,Outbound - AE,Pipeline,False,False,CompetitorA,,25,Reference call,New Business,2023-11-23T00:00:00
3616,396,5,Synergy Inc - Platform Deal,Discovery,44448,2022-07-28,2021-11-25,Outbound - SDR,Pipeline,False,False,CompetitorE,,33,Executive alignment,New Business,2021-11-25T00:00:00
3617,558,9,Apex Dynamics - Platform Deal,Closed Lost,129693,2024-03-27,2023-07-20,Outbound - AE,Omitted,False,True,CompetitorA,No Decision,65,,New Business,2023-07-20T00:00:00
3618,668,13,Summit Software - New Business,Closed Lost,141036,2024-01-11,2023-10-12,Partner Referral,Omitted,False,True,Open Source Alternative,Timing,65,,New Business,2023-10-12T00:00:00
3619,128,5,Catalyst Digital - New Business,Qualification,14824,2023-08-29,2023-07-13,Webinar,Best Case,False,False,,,15,Send proposal,New Business,2023-07-13T00:00:00
3620,391,3,Atlas Inc - New Business,Negotiation,167382,2024-05-04,2024-02-02,Product-Led,Commit,False,False,Open Source Alternative,,26,,New Business,2024-02-02T00:00:00
3621,257,16,Zenith Technologies - Initial License,Qualification,92164,2024-04-16,2024-01-14,Inbound - Web,Best Case,False,False,CompetitorB,,34,Contract signing,New Business,2024-01-14T00:00:00
3622,449,5,Summit Group - Initial License,Qualification,23306,2025-02-17,2024-06-13,Outbound - SDR,Best Case,False,False,Open Source Alternative,,35,Schedule demo,New Business,2024-06-13T00:00:00
3623,90,16,Vertex Dynamics - Initial License,Proposal,108805,2024-12-29,2024-11-13,Event,Best Case,False,False,Open Source Alternative,,51,Schedule demo,New Business,2024-11-13T00:00:00
3624,635,2,Horizon Solutions - Platform Deal,Qualification,27583,2025-08-30,2024-12-08,Inbound - Web,Best Case,False,False,CompetitorB,,29,Legal review,New Business,2024-12-08T00:00:00
3625,107,5,Nova Services - Initial License,Proposal,7404,2023-03-26,2022-07-27,Product-Led,Best Case,False,False,Open Source Alternative,,30,Send proposal,New Business,2022-07-27T00:00:00
3626,914,5,Quantum Networks - Contract Renewal,Closed Lost,15670,2022-12-14,2022-11-22,Outbound - AE,Omitted,False,True,CompetitorE,Budget Cut,10,,Renewal,2022-11-22T00:00:00
3627,472,6,Pacific Networks - Initial License,Prospecting,10767,2024-11-14,2024-08-04,Inbound - Content,Pipeline,False,False,CompetitorB,,55,Reference call,New Business,2024-08-04T00:00:00
3628,670,4,Quantum Dynamics - Platform Deal,Discovery,40014,2024-10-11,2024-06-19,Partner Referral,Pipeline,False,False,Open Source Alternative,,22,Schedule demo,New Business,2024-06-19T00:00:00
3629,362,9,Optima Corp - Initial License,Prospecting,132626,2025-01-08,2024-05-02,,Pipeline,False,False,,,37,Technical review,New Business,2024-05-02T00:00:00
3630,327,4,Vanguard Enterprises - Initial License,Discovery,49299,2023-10-26,2023-07-31,Inbound - Content,Pipeline,False,False,,,17,Contract signing,New Business,2023-07-31T00:00:00
3631,904,1,Optima Holdings - Renewal,Negotiation,120105,2023-11-10,2023-06-08,Product-Led,Commit,False,False,,,3,Executive alignment,Renewal,2023-06-08T00:00:00
3632,199,3,Quantum Group - New Business,Prospecting,657210,2025-07-13,2024-12-06,Inbound - Content,Pipeline,False,False,Open Source Alternative,,32,Executive alignment,New Business,2024-12-06T00:00:00
3633,983,11,Optima Holdings - New Business,Proposal,308502,2025-01-31,2024-12-01,Outbound - SDR,Best Case,False,False,CompetitorB,,47,Send proposal,New Business,2024-12-01T00:00:00
3634,829,16,Nexus Holdings - New Business,Negotiation,38089,2025-02-05,2024-10-31,Inbound - Content,Commit,False,False,,,60,POC setup,New Business,2024-10-31T00:00:00
3635,715,15,Global Enterprises - Platform Deal,Proposal,191027,2025-07-22,2024-12-18,Inbound - Content,Best Case,False,False,CompetitorB,,65,Legal review,New Business,2024-12-18T00:00:00
3636,245,4,Acme Services - Initial License,Prospecting,26305,2025-01-21,2024-12-15,Partner Referral,Pipeline,False,False,,,1,POC setup,New Business,2024-12-15T00:00:00
3637,409,9,Acme Platforms - New Business,Closed Lost,6123,2024-06-16,2023-12-09,Product-Led,Omitted,False,True,,Timing,58,,New Business,2023-12-09T00:00:00
3638,690,9,Apex Platforms - New Business,Closed Won,649770,2024-08-07,2024-03-11,Outbound - AE,Closed,True,True,CompetitorD,,45,,New Business,2024-03-11T00:00:00
3639,860,16,Pacific Partners - Platform Deal,Qualification,51465,2025-06-08,2024-12-21,Inbound - Content,Best Case,False,False,CompetitorE,,56,Contract signing,New Business,2024-12-21T00:00:00
3640,597,14,Quantum Holdings - Initial License,Proposal,113945,2025-07-02,2024-10-23,Product-Led,Best Case,False,False,CompetitorC,,6,Contract signing,New Business,2024-10-23T00:00:00
3641,488,10,Pinnacle Inc - Platform Deal,Proposal,56412,2025-01-18,2024-09-30,Partner Referral,Best Case,False,False,,,39,,New Business,2024-09-30T00:00:00
3642,133,2,Summit Holdings - Initial License,Closed Lost,8976,2023-08-03,2023-04-11,Event,Omitted,False,True,CompetitorB,Competitor,3,,New Business,2023-04-11T00:00:00
3643,783,4,Acme Software - Platform Deal,Prospecting,36779,2024-01-23,2023-08-04,Product-Led,Pipeline,False,False,,,14,Technical review,New Business,2023-08-04T00:00:00
3644,849,3,Synergy Networks - New Business,Discovery,,2025-06-25,2024-10-10,Event,Pipeline,False,False,,,34,Reference call,New Business,2024-10-10T00:00:00
3645,686,2,Horizon Technologies - Platform Deal,Proposal,86254,2024-09-15,2024-04-22,Partner Referral,Best Case,False,False,Open Source Alternative,,22,Schedule demo,New Business,2024-04-22T00:00:00
3646,821,13,Catalyst Enterprises - New Business,Closed Lost,35199,2023-08-23,2023-05-15,Outbound - SDR,Omitted,False,True,CompetitorE,Champion Left,31,,New Business,2023-05-15T00:00:00
3647,7,1,Elevate Dynamics - New Business,Discovery,55884,2023-03-02,2022-06-16,,Pipeline,False,False,CompetitorA,,39,Contract signing,New Business,2022-06-16T00:00:00
3648,993,8,Horizon Holdings - Upsell,Discovery,15699,2025-02-28,2024-12-02,Outbound - SDR,Pipeline,False,False,,,10,,Expansion,2024-12-02T00:00:00
3649,340,9,Synergy Partners - New Business,Closed Won,32879,2024-11-01,2024-05-21,Event,Closed,True,True,,,40,,New Business,2024-05-21T00:00:00
3650,319,1,Apex Platforms - Platform Deal,Proposal,486431,2025-08-28,2024-12-04,Outbound - SDR,Best Case,False,False,,,4,Legal review,New Business,2024-12-04T00:00:00
3651,660,6,Vertex Labs - Initial License,Prospecting,52287,2025-01-11,2024-06-20,Outbound - SDR,Pipeline,False,False,CompetitorB,,57,Technical review,New Business,2024-06-20T00:00:00
3652,965,7,Zenith Systems - Initial License,Prospecting,,2023-11-08,2023-09-27,Outbound - AE,Pipeline,False,False,CompetitorB,,1,Schedule demo,New Business,2023-09-27T00:00:00
3653,694,4,Velocity Networks - Initial License,Prospecting,68982,2023-11-30,2023-08-10,Inbound - Content,Pipeline,False,False,CompetitorC,,13,Technical review,New Business,2023-08-10T00:00:00
3654,955,13,Catalyst Holdings - Initial License,Prospecting,35387,2023-12-08,2023-08-08,Webinar,Pipeline,False,False,CompetitorE,,2,,New Business,2023-08-08T00:00:00
3655,390,1,Quantum Group - Initial License,Qualification,45585,2023-10-21,2023-04-23,Outbound - SDR,Best Case,False,False,CompetitorC,,7,POC setup,New Business,2023-04-23T00:00:00
3656,545,10,Nova Analytics - New Business,Prospecting,24722,2024-05-29,2024-02-17,Webinar,Pipeline,False,False,CompetitorE,,7,Executive alignment,New Business,2024-02-17T00:00:00
3657,151,11,Vertex Inc - New Business,Qualification,152175,2022-12-03,2022-10-06,Outbound - SDR,Best Case,False,False,,,11,Reference call,New Business,2022-10-06T00:00:00
3658,851,7,Velocity Networks - Initial License,Prospecting,36140,2023-02-16,2022-12-07,Partner Referral,Pipeline,False,False,CompetitorE,,4,Reference call,New Business,2022-12-07T00:00:00
3659,628,9,Nova Analytics - New Business,Prospecting,214778,2020-10-28,2020-06-26,Partner Referral,Pipeline,False,False,CompetitorB,,36,Technical review,New Business,2020-06-26T00:00:00
3660,78,14,Apex Inc - Upsell,Prospecting,13763,2023-09-11,2023-08-11,Webinar,Pipeline,False,False,,,41,,Expansion,2023-08-11T00:00:00
3661,249,16,Apex Solutions - Platform Deal,Prospecting,56451,2021-03-18,2020-09-30,Outbound - SDR,Pipeline,False,False,CompetitorD,,54,POC setup,New Business,2020-09-30T00:00:00
3662,346,5,Apex Inc - New Business,Discovery,18951,2023-09-22,2023-03-04,Inbound - Web,Pipeline,False,False,CompetitorB,,48,Legal review,New Business,2023-03-04T00:00:00
3663,271,12,Apex Holdings - Initial License,Negotiation,25926,2023-09-04,2023-01-21,,Commit,False,False,Open Source Alternative,,37,Schedule demo,New Business,2023-01-21T00:00:00
3664,537,16,Pacific Labs - New Business,Qualification,34954,2024-10-28,2024-09-01,Outbound - AE,Best Case,False,False,CompetitorC,,23,Schedule demo,New Business,2024-09-01T00:00:00
3665,589,15,Vertex Systems - New Business,Closed Won,16014,2024-12-31,2024-12-03,Partner Referral,Closed,True,True,,,45,,New Business,2024-12-03T00:00:00
3666,557,3,Summit Software - New Business,Closed Lost,28360,2024-12-31,2024-12-21,Inbound - Content,Omitted,False,True,CompetitorE,Lost to Status Quo,8,,New Business,2024-12-21T00:00:00
3667,942,1,Vanguard Corp - Platform Deal,Negotiation,130214,2023-01-19,2022-05-11,Inbound - Web,Commit,False,False,CompetitorC,,34,Executive alignment,New Business,2022-05-11T00:00:00
3668,631,1,Vanguard Corp - Platform Deal,Prospecting,56997,2025-05-21,2024-09-23,Event,Pipeline,False,False,,,15,Contract signing,New Business,2024-09-23T00:00:00
3669,288,6,Horizon Software - New Business,Qualification,24610,2025-03-24,2024-07-25,Product-Led,Best Case,False,False,CompetitorE,,36,,New Business,2024-07-25T00:00:00
3670,591,15,Zenith Systems - Upsell,Closed Lost,8690,2024-12-31,2024-12-24,Inbound - Content,Omitted,False,True,,Competitor,16,,Expansion,2024-12-24T00:00:00
3671,743,12,Atlas Digital - Renewal,Qualification,32486,2023-02-24,2022-10-14,Outbound - AE,Best Case,False,False,CompetitorC,,64,POC setup,Renewal,2022-10-14T00:00:00
3672,260,14,Apex Digital - New Business,Discovery,22214,2023-09-11,2023-02-14,Partner Referral,Pipeline,False,False,CompetitorC,,45,,New Business,2023-02-14T00:00:00
3673,283,16,Elevate Inc - New Business,Discovery,19379,2025-06-22,2024-12-09,Inbound - Content,Pipeline,False,False,,,13,Reference call,New Business,2024-12-09T00:00:00
3674,801,2,Nexus Analytics - New Business,Proposal,5341,2024-12-15,2024-10-28,Inbound - Content,Best Case,False,False,,,36,,New Business,2024-10-28T00:00:00
3675,776,10,Quantum Dynamics - Initial License,Discovery,172392,2025-01-25,2024-12-23,Webinar,Pipeline,False,False,CompetitorE,,52,POC setup,New Business,2024-12-23T00:00:00
3676,811,15,Summit Partners - New Business,Closed Lost,41191,2024-12-22,2024-08-21,Outbound - SDR,Omitted,False,True,CompetitorA,No Decision,47,,New Business,2024-08-21T00:00:00
3677,453,1,Fusion Corp - Initial License,Discovery,49600,2025-05-01,2024-11-21,,Pipeline,False,False,Open Source Alternative,,24,Legal review,New Business,2024-11-21T00:00:00
3678,204,16,Atlas Group - New Business,Prospecting,,2025-07-31,2024-11-15,Outbound - AE,Pipeline,False,False,CompetitorA,,51,Executive alignment,New Business,2024-11-15T00:00:00
3679,384,13,Horizon Digital - Initial License,Discovery,31261,2025-03-11,2024-11-17,Outbound - AE,Pipeline,False,False,Open Source Alternative,,36,Contract signing,New Business,2024-11-17T00:00:00
3680,701,4,Vanguard Enterprises - Initial License,Qualification,117566,2024-03-17,2024-01-03,Product-Led,Best Case,False,False,,,28,Schedule demo,New Business,2024-01-03T00:00:00
3681,264,3,Apex Digital - Expansion,Proposal,558279,2025-03-05,2024-12-23,Event,Best Case,False,False,,,35,Schedule demo,Expansion,2024-12-23T00:00:00
3682,40,3,Apex Networks - New Business,Proposal,63378,2024-11-14,2024-08-12,Product-Led,Best Case,False,False,CompetitorE,,44,Send proposal,New Business,2024-08-12T00:00:00
3683,293,9,Velocity Systems - New Business,Prospecting,26676,2025-06-12,2024-11-08,Webinar,Pipeline,False,False,,,57,POC setup,New Business,2024-11-08T00:00:00
3684,773,5,Fusion Partners - Platform Deal,Qualification,982271,2025-01-06,2024-07-19,Event,Best Case,False,False,CompetitorC,,57,Send proposal,New Business,2024-07-19T00:00:00
3685,514,10,Fusion Dynamics - Initial License,Qualification,26636,2023-12-29,2023-11-13,Product-Led,Best Case,False,False,,,55,Technical review,New Business,2023-11-13T00:00:00
3686,859,5,Pacific Analytics - Platform Deal,Proposal,54909,2021-10-22,2021-08-02,Event,Best Case,False,False,CompetitorB,,52,Executive alignment,New Business,2021-08-02T00:00:00
3687,262,15,Velocity Networks - New Business,Closed Lost,9112,2024-12-31,2024-09-02,Outbound - SDR,Omitted,False,True,CompetitorE,Champion Left,45,,New Business,2024-09-02T00:00:00
3688,330,1,Synergy Analytics - New Business,Qualification,21160,2024-09-24,2024-07-14,Inbound - Content,Best Case,False,False,,,14,Technical review,New Business,2024-07-14T00:00:00
3689,656,13,Global Platforms - Initial License,Closed Won,21024,2021-12-25,2021-08-13,Event,Closed,True,True,,,13,,New Business,2021-08-13T00:00:00
3690,95,3,Optima Inc - Initial License,Closed Won,530679,2024-10-11,2024-09-12,Inbound - Web,Closed,True,True,Open Source Alternative,,16,,New Business,2024-09-12T00:00:00
3691,487,10,Quantum Enterprises - Platform Deal,Negotiation,45984,2023-03-23,2023-04-10,Inbound - Content,Commit,False,False,,,46,,New Business,2023-04-10T00:00:00
3692,537,2,Pacific Labs - New Business,Closed Lost,195886,2024-12-31,2024-09-20,Product-Led,Omitted,False,True,,Price,36,,New Business,2024-09-20T00:00:00
3693,172,15,Nexus Solutions - New Business,Discovery,191168,2025-01-09,2024-05-03,Webinar,Pipeline,False,False,CompetitorD,,59,Executive alignment,New Business,2024-05-03T00:00:00
3694,962,16,Vertex Digital - Platform Deal,Prospecting,59638,2024-10-24,2024-08-18,Inbound - Web,Pipeline,False,False,CompetitorA,,59,Send proposal,New Business,2024-08-18T00:00:00
3695,661,9,Velocity Systems - Platform Deal,Proposal,153705,2021-10-30,2021-08-03,Product-Led,Best Case,False,False,Open Source Alternative,,43,,New Business,2021-08-03T00:00:00
3696,227,3,Vanguard Technologies - Initial License,Proposal,99963,2025-09-02,2024-12-26,Outbound - SDR,Best Case,False,False,CompetitorA,,32,Reference call,New Business,2024-12-26T00:00:00
3697,314,15,Pinnacle Inc - Initial License,Qualification,220876,2025-01-17,2024-08-04,Inbound - Content,Best Case,False,False,,,64,Technical review,New Business,2024-08-04T00:00:00
3698,232,2,Pinnacle Technologies - Platform Deal,Negotiation,96666,2024-12-26,2024-08-03,Inbound - Web,Commit,False,False,,,24,Executive alignment,New Business,2024-08-03T00:00:00
3699,624,16,Apex Holdings - Platform Deal,Discovery,153207,2025-05-07,2024-09-05,Inbound - Content,Pipeline,False,False,CompetitorC,,39,Contract signing,New Business,2024-09-05T00:00:00
3700,241,8,Zenith Partners - Platform Deal,Closed Won,222205,2024-12-31,2024-12-09,Webinar,Closed,True,True,,,54,,New Business,2024-12-09T00:00:00
3701,937,12,Elevate Technologies - New Business,Closed Won,38047,2023-06-20,2023-03-04,Webinar,Closed,True,True,,,32,,New Business,2023-03-04T00:00:00
3702,992,9,Nexus Solutions - Platform Deal,Discovery,35823,2023-01-05,2022-05-31,Product-Led,Pipeline,False,False,CompetitorE,,55,Legal review,New Business,2022-05-31T00:00:00
3703,748,16,Apex Group - Platform Deal,Proposal,29745,2025-03-18,2024-11-20,Webinar,Best Case,False,False,,,63,POC setup,New Business,2024-11-20T00:00:00
3704,71,8,Apex Solutions - New Business,Negotiation,197783,2025-07-29,2024-12-16,,Commit,False,False,,,23,Executive alignment,New Business,2024-12-16T00:00:00
3705,344,16,Synergy Systems - Initial License,Qualification,326791,2024-11-23,2024-09-12,Partner Referral,Best Case,False,False,,,55,Reference call,New Business,2024-09-12T00:00:00
3706,249,6,Apex Solutions - Platform Deal,Qualification,141505,2022-09-27,2022-01-02,Inbound - Content,Best Case,False,False,CompetitorC,,22,Schedule demo,New Business,2022-01-02T00:00:00
3707,996,5,Quantum Enterprises - Initial License,Negotiation,16829,2025-03-08,2024-11-04,Partner Referral,Commit,False,False,CompetitorB,,19,Legal review,New Business,2024-11-04T00:00:00
3708,555,8,Atlas Software - New Business,Discovery,58263,2023-04-06,2023-02-18,Outbound - AE,Pipeline,False,False,,,59,Reference call,New Business,2023-02-18T00:00:00
3709,730,11,Elevate Enterprises - Initial License,Closed Lost,23030,2024-12-27,2024-04-04,,Omitted,False,True,CompetitorB,Champion Left,64,,New Business,2024-04-04T00:00:00
3710,369,12,Acme Software - Renewal,Prospecting,40742,2022-04-21,2022-01-20,Partner Referral,Pipeline,False,False,,,67,,Renewal,2022-01-20T00:00:00
3711,491,11,Horizon Partners - Initial License,Proposal,15062,2025-06-16,2024-11-21,Outbound - AE,Best Case,False,False,,,11,Contract signing,New Business,2024-11-21T00:00:00
3712,389,14,Acme Networks - Platform Deal,Qualification,41999,2024-10-03,2024-08-14,Outbound - SDR,Best Case,False,False,CompetitorA,,76,Technical review,New Business,2024-08-14T00:00:00
3713,923,13,Apex Platforms - Platform Deal,Negotiation,14432,2023-04-21,2023-02-22,Inbound - Content,Commit,False,False,CompetitorC,,71,,New Business,2023-02-22T00:00:00
3714,661,9,Velocity Systems - New Business,Closed Won,179540,2022-11-22,2022-05-28,Product-Led,Closed,True,True,Open Source Alternative,,20,,New Business,2022-05-28T00:00:00
3715,482,12,Vanguard Corp - New Business,Closed Won,44464,2024-12-31,2024-11-27,Event,Closed,True,True,,,56,,New Business,2024-11-27T00:00:00
3716,185,4,Zenith Systems - Initial License,Qualification,44011,2025-02-23,2024-10-21,Partner Referral,Best Case,False,False,CompetitorB,,5,Schedule demo,New Business,2024-10-21T00:00:00
3717,4,9,Zenith Enterprises - Platform Deal,Qualification,64290,2024-09-10,2024-02-17,Partner Referral,Best Case,False,False,CompetitorC,,62,,New Business,2024-02-17T00:00:00
3718,229,5,Fusion Platforms - Platform Deal,Negotiation,5266,2022-02-11,2021-09-11,Outbound - AE,Commit,False,False,,,38,POC setup,New Business,2021-09-11T00:00:00
3719,36,3,Fusion Networks - Initial License,Qualification,190053,2025-03-04,2024-11-30,Outbound - AE,Best Case,False,False,,,17,Reference call,New Business,2024-11-30T00:00:00
3720,49,12,Global Holdings - New Business,Prospecting,166155,2023-03-07,2022-09-13,Outbound - SDR,Pipeline,False,False,CompetitorD,,8,POC setup,New Business,2022-09-13T00:00:00
3721,141,11,Catalyst Software - New Business,Qualification,48317,2023-10-13,2023-08-10,Outbound - SDR,Best Case,False,False,Open Source Alternative,,19,Send proposal,New Business,2023-08-10T00:00:00
3722,143,1,Velocity Dynamics - New Business,Prospecting,33083,2025-01-02,2024-07-14,Product-Led,Pipeline,False,False,,,6,Send proposal,New Business,2024-07-14T00:00:00
3723,809,1,Synergy Systems - Platform Deal,Closed Won,39104,2024-02-18,2023-12-11,Webinar,Closed,True,True,,,26,,New Business,2023-12-11T00:00:00
3724,503,6,Fusion Platforms - Renewal,Negotiation,122251,2025-06-05,2024-12-14,Product-Led,Commit,False,False,Open Source Alternative,,3,Reference call,Renewal,2024-12-14T00:00:00
3725,416,8,Velocity Enterprises - New Business,Prospecting,421119,2022-02-26,2021-12-04,Outbound - SDR,Pipeline,False,False,,,19,Technical review,New Business,2021-12-04T00:00:00
123,992,14,Nexus Solutions - New Business,Qualification,23288,2024-08-09,2024-02-02,Product-Led,Best Case,False,False,CompetitorA,,24,,New Business,2024-02-02T00:00:00
3727,72,1,Pacific Corp - Initial License,Prospecting,71554,2023-01-12,2022-07-15,Product-Led,Pipeline,False,False,,,26,Schedule demo,New Business,2022-07-15T00:00:00
3728,662,2,Optima Services - Initial License,Closed Lost,43845,2021-07-23,2021-04-22,Webinar,Omitted,False,True,CompetitorC,Lost to Status Quo,37,,New Business,2021-04-22T00:00:00
3729,590,15,Nova Services - Initial License,Closed Lost,22237,2024-09-24,2024-08-04,Partner Referral,Omitted,False,True,CompetitorB,Budget Cut,11,,New Business,2024-08-04T00:00:00
3730,168,14,Global Labs - Platform Deal,Proposal,44199,2023-05-06,2022-08-24,Partner Referral,Best Case,False,False,CompetitorC,,15,Contract signing,New Business,2022-08-24T00:00:00
3731,764,11,Global Inc - Initial License,Closed Lost,59117,2024-12-31,2024-12-13,Partner Referral,Omitted,False,True,Open Source Alternative,Budget Cut,22,,New Business,2024-12-13T00:00:00
3732,220,7,Apex Analytics - New Business,Proposal,891797,2024-07-13,2024-05-06,Outbound - AE,Best Case,False,False,CompetitorD,,54,Send proposal,New Business,2024-05-06T00:00:00
3733,992,9,Nexus Solutions - Initial License,Qualification,16434,2024-01-12,2023-11-20,Product-Led,Best Case,False,False,CompetitorB,,48,,New Business,2023-11-20T00:00:00
3734,394,4,Quantum Solutions - Platform Deal,Qualification,103436,2024-02-20,2023-07-07,Product-Led,Best Case,False,False,,,10,Executive alignment,New Business,2023-07-07T00:00:00
3735,171,13,Elevate Enterprises - Initial License,Closed Lost,95236,2024-12-31,2024-12-21,Inbound - Content,Omitted,False,True,CompetitorA,Lost to Status Quo,39,,New Business,2024-12-21T00:00:00
3736,726,10,Apex Corp - Initial License,Closed Lost,7764,2024-06-22,2024-02-25,Event,Omitted,False,True,Open Source Alternative,Feature Gap,49,,New Business,2024-02-25T00:00:00
3737,489,16,Nova Platforms - New Business,Prospecting,36344,2025-01-07,2024-09-30,Inbound - Web,Pipeline,False,False,,,40,Schedule demo,New Business,2024-09-30T00:00:00
3738,535,3,Quantum Partners - New Business,Prospecting,30653,2025-02-21,2024-07-18,Event,Pipeline,False,False,,,21,Contract signing,New Business,2024-07-18T00:00:00
3739,872,16,Summit Holdings - Platform Deal,Proposal,173459,2025-05-03,2024-12-24,,Best Case,False,False,,,44,Executive alignment,New Business,2024-12-24T00:00:00
3740,124,1,Optima Technologies - New Business,Prospecting,1073879,2022-07-19,2022-05-13,Inbound - Web,Pipeline,False,False,,,6,POC setup,New Business,2022-05-13T00:00:00
768,583,16,Nexus Dynamics - Initial License,Closed Lost,107620,2024-09-24,2024-05-28,Inbound - Content,Omitted,False,True,CompetitorB,No Decision,37,,New Business,2024-05-28T00:00:00
3742,764,11,Global Inc - Initial License,Discovery,191128,2025-03-28,2024-07-30,Product-Led,Pipeline,False,False,CompetitorB,,58,POC setup,New Business,2024-07-30T00:00:00
3743,948,10,Quantum Corp - Platform Deal,Proposal,26506,2025-05-01,2024-12-09,Product-Led,Best Case,False,False,CompetitorC,,16,Technical review,New Business,2024-12-09T00:00:00
3744,468,4,Optima Networks - Initial License,Closed Lost,37128,2021-09-18,2021-05-07,Outbound - SDR,Omitted,False,True,Open Source Alternative,Timing,57,,New Business,2021-05-07T00:00:00
3745,739,1,Velocity Corp - Platform Deal,Prospecting,19215,2025-04-09,2024-09-10,,Pipeline,False,False,,,13,,New Business,2024-09-10T00:00:00
3746,113,4,Global Networks - New Business,Discovery,36890,2025-03-01,2024-08-24,Inbound - Content,Pipeline,False,False,,,27,Send proposal,New Business,2024-08-24T00:00:00
3747,416,14,Velocity Enterprises - Platform Deal,Discovery,198468,2024-01-07,2023-06-25,Product-Led,Pipeline,False,False,CompetitorC,,40,,New Business,2023-06-25T00:00:00
3748,912,11,Summit Analytics - Platform Deal,Negotiation,23914,2023-03-10,2022-11-12,Inbound - Web,Commit,False,False,,,28,Executive alignment,New Business,2022-11-12T00:00:00
3749,193,1,Summit Corp - Platform Deal,Proposal,695680,2024-01-01,2023-07-03,Product-Led,Best Case,False,False,CompetitorE,,15,Technical review,New Business,2023-07-03T00:00:00
3750,769,2,Summit Labs - New Business,Qualification,74014,2024-12-05,2024-09-24,Inbound - Content,Best Case,False,False,CompetitorD,,36,Technical review,New Business,2024-09-24T00:00:00
3751,406,6,Vertex Corp - Initial License,Closed Lost,140356,2024-09-21,2024-07-11,Outbound - AE,Omitted,False,True,CompetitorE,Budget Cut,58,,New Business,2024-07-11T00:00:00
3752,186,10,Pacific Networks - Renewal,Proposal,147094,2025-02-21,2024-10-05,Product-Led,Best Case,False,False,Open Source Alternative,,63,Technical review,Renewal,2024-10-05T00:00:00
3753,211,2,Synergy Services - New Business,Prospecting,10439,2024-09-06,2024-06-18,Event,Pipeline,False,False,,,11,Send proposal,New Business,2024-06-18T00:00:00
3754,836,8,Summit Analytics - Initial License,Discovery,15548,2025-04-19,2024-12-22,Event,Pipeline,False,False,Open Source Alternative,,49,Executive alignment,New Business,2024-12-22T00:00:00
3755,265,10,Horizon Group - Platform Deal,Prospecting,26717,2024-01-18,2023-05-27,Inbound - Web,Pipeline,False,False,CompetitorD,,55,Send proposal,New Business,2023-05-27T00:00:00
3756,606,15,Zenith Holdings - New Business,Qualification,19519,2024-11-24,2024-03-22,Event,Best Case,False,False,CompetitorD,,34,Schedule demo,New Business,2024-03-22T00:00:00
3757,963,8,Quantum Systems - Platform Deal,Closed Lost,43751,2024-07-05,2024-02-16,Outbound - AE,Omitted,False,True,CompetitorB,Competitor,33,,New Business,2024-02-16T00:00:00
3758,126,11,Zenith Inc - New Business,Discovery,37154,2023-12-17,2023-10-20,Inbound - Web,Pipeline,False,False,,,45,Contract signing,New Business,2023-10-20T00:00:00
3759,422,12,Atlas Systems - Platform Deal,Discovery,173304,2024-06-04,2023-10-21,Partner Referral,Pipeline,False,False,CompetitorE,,12,Technical review,New Business,2023-10-21T00:00:00
3760,44,12,Synergy Holdings - Initial License,Closed Lost,45054,2024-06-23,2024-03-13,Outbound - SDR,Omitted,False,True,CompetitorB,Timing,2,,New Business,2024-03-13T00:00:00
3761,731,4,Acme Enterprises - Upsell,Closed Lost,,2024-05-14,2023-12-13,Product-Led,Omitted,False,True,CompetitorA,Price,7,,Expansion,2023-12-13T00:00:00
3762,808,2,Nexus Group - Initial License,Closed Won,23903,2024-01-17,2023-12-02,Product-Led,Closed,True,True,,,11,,New Business,2023-12-02T00:00:00
3763,150,7,Nexus Services - New Business,Qualification,397315,2023-10-06,2023-06-22,Inbound - Content,Best Case,False,False,,,48,Technical review,New Business,2023-06-22T00:00:00
3764,849,3,Synergy Networks - Initial License,Prospecting,147058,2024-10-07,2024-07-25,Event,Pipeline,False,False,CompetitorE,,31,POC setup,New Business,2024-07-25T00:00:00
3765,357,1,Summit Digital - Initial License,Closed Lost,1086839,2023-11-13,2023-07-06,Inbound - Web,Omitted,False,True,CompetitorE,Budget Cut,28,,New Business,2023-07-06T00:00:00
3766,778,12,Pacific Analytics - Platform Deal,Closed Won,23130,2022-08-27,2022-04-22,Outbound - AE,Closed,True,True,CompetitorE,,34,,New Business,2022-04-22T00:00:00
3767,401,15,Nova Technologies - Additional Seats,Proposal,101234,2024-05-30,2024-04-04,Webinar,Best Case,False,False,CompetitorC,,32,Technical review,Expansion,2024-04-04T00:00:00
3768,69,10,Nexus Dynamics - New Business,Prospecting,18586,2023-06-14,2023-01-09,Event,Pipeline,False,False,CompetitorA,,40,,New Business,2023-01-09T00:00:00
3769,967,8,Zenith Analytics - New Business,Closed Lost,23120,2024-12-31,2024-12-19,Product-Led,Omitted,False,True,CompetitorB,Feature Gap,5,,New Business,2024-12-19T00:00:00
3770,243,8,Summit Holdings - Initial License,Prospecting,193100,2024-07-07,2023-10-21,Outbound - AE,Pipeline,False,False,CompetitorC,,49,Contract signing,New Business,2023-10-21T00:00:00
3771,121,8,Fusion Technologies - Platform Deal,Closed Lost,101280,2023-02-04,2023-01-05,Inbound - Web,Omitted,False,True,CompetitorB,Champion Left,7,,New Business,2023-01-05T00:00:00
3772,77,5,Apex Group - Contract Renewal,Negotiation,98978,2024-11-06,2024-03-10,Inbound - Web,Commit,False,False,,,56,Contract signing,Renewal,2024-03-10T00:00:00
3773,409,9,Acme Platforms - Initial License,Qualification,12624,2024-09-03,2024-01-02,Partner Referral,Best Case,False,False,CompetitorC,,4,Legal review,New Business,2024-01-02T00:00:00
3774,640,7,Acme Holdings - Platform Deal,Discovery,156145,2024-05-16,2024-02-06,Partner Referral,Pipeline,False,False,CompetitorC,,4,POC setup,New Business,2024-02-06T00:00:00
3775,635,2,Horizon Solutions - Upsell,Discovery,4592,2024-12-21,2024-06-11,Partner Referral,Pipeline,False,False,,,38,Send proposal,Expansion,2024-06-11T00:00:00
3776,171,14,Elevate Enterprises - Initial License,Discovery,13606,2025-06-08,2024-12-27,Outbound - SDR,Pipeline,False,False,,,17,Reference call,New Business,2024-12-27T00:00:00
3777,321,9,Fusion Networks - Initial License,Prospecting,39251,2024-11-12,2024-08-03,Partner Referral,Pipeline,False,False,CompetitorE,,59,,New Business,2024-08-03T00:00:00
3778,375,2,Atlas Networks - Initial License,Closed Won,13618,2024-12-31,2024-10-25,Partner Referral,Closed,True,True,CompetitorB,,5,,New Business,2024-10-25T00:00:00
3779,654,1,Elevate Analytics - Platform Deal,Qualification,45176,2024-06-06,2024-03-26,Outbound - AE,Best Case,False,False,Open Source Alternative,,10,Executive alignment,New Business,2024-03-26T00:00:00
3780,597,3,Quantum Holdings - Initial License,Closed Lost,377361,2024-12-31,2024-12-20,Partner Referral,Omitted,False,True,,Champion Left,29,,New Business,2024-12-20T00:00:00
3781,729,16,Elevate Corp - Platform Deal,Qualification,39401,2024-02-22,2023-08-20,Partner Referral,Best Case,False,False,,,18,,New Business,2023-08-20T00:00:00
3782,152,14,Catalyst Labs - Initial License,Prospecting,133701,2024-06-17,2023-10-16,Inbound - Web,Pipeline,False,False,CompetitorB,,7,Reference call,New Business,2023-10-16T00:00:00
3783,805,7,Elevate Partners - Initial License,Prospecting,15948,2025-05-08,2024-12-13,Outbound - AE,Pipeline,False,False,CompetitorC,,31,Executive alignment,New Business,2024-12-13T00:00:00
3784,357,5,Summit Digital - Platform Deal,Closed Lost,622370,2024-05-29,2023-12-06,Outbound - SDR,Omitted,False,True,,No Decision,9,,New Business,2023-12-06T00:00:00
3785,385,6,Quantum Digital - New Business,Qualification,28956,2022-06-27,2022-05-15,Product-Led,Best Case,False,False,CompetitorD,,42,Technical review,New Business,2022-05-15T00:00:00
3786,92,14,Synergy Partners - Initial License,Qualification,25980,2022-05-10,2022-03-09,Inbound - Content,Best Case,False,False,CompetitorA,,53,Legal review,New Business,2022-03-09T00:00:00
3787,100,8,Global Group - New Business,Prospecting,13650,2025-05-11,2024-11-21,Inbound - Content,Pipeline,False,False,,,37,Reference call,New Business,2024-11-21T00:00:00
3788,683,16,Optima Technologies - Initial License,Qualification,15852,2024-12-01,2024-05-29,Outbound - AE,Best Case,False,False,Open Source Alternative,,7,POC setup,New Business,2024-05-29T00:00:00
3789,619,13,Pacific Networks - Initial License,Closed Lost,9676,2021-04-24,2021-02-18,Webinar,Omitted,False,True,CompetitorB,Champion Left,55,,New Business,2021-02-18T00:00:00
3790,831,1,Elevate Holdings - Initial License,Closed Lost,1039320,2023-03-18,2022-12-02,Event,Omitted,False,True,Open Source Alternative,Budget Cut,26,,New Business,2022-12-02T00:00:00
3791,988,5,Apex Enterprises - Initial License,Prospecting,15318,2024-09-01,2024-01-04,Webinar,Pipeline,False,False,Open Source Alternative,,9,,New Business,2024-01-04T00:00:00
3792,795,7,Atlas Solutions - Initial License,Closed Lost,869095,2024-12-31,2024-12-23,Outbound - AE,Omitted,False,True,CompetitorA,Feature Gap,54,,New Business,2024-12-23T00:00:00
3793,177,6,Pinnacle Technologies - Platform Deal,Prospecting,46832,2025-02-24,2024-09-02,Partner Referral,Pipeline,False,False,,,46,Schedule demo,New Business,2024-09-02T00:00:00
3794,637,14,Nova Solutions - New Business,Qualification,74501,2025-06-04,2024-09-12,Webinar,Best Case,False,False,CompetitorE,,12,,New Business,2024-09-12T00:00:00
3795,342,6,Optima Dynamics - New Business,Discovery,37472,2021-07-10,2020-12-22,Product-Led,Pipeline,False,False,CompetitorB,,25,Reference call,New Business,2020-12-22T00:00:00
3796,383,10,Nova Technologies - Initial License,Discovery,43010,2024-01-30,2023-06-10,Webinar,Pipeline,False,False,CompetitorA,,12,Technical review,New Business,2023-06-10T00:00:00
3797,998,14,Fusion Group - Platform Deal,Qualification,49245,2024-09-13,2024-03-05,Inbound - Web,Best Case,False,False,Open Source Alternative,,35,Reference call,New Business,2024-03-05T00:00:00
3798,261,10,Nova Holdings - Initial License,Closed Lost,49724,2024-12-27,2024-12-08,Partner Referral,Omitted,False,True,CompetitorB,Competitor,27,,New Business,2024-12-08T00:00:00
3799,795,15,Atlas Solutions - Platform Deal,Qualification,173619,2025-06-28,2024-12-29,Inbound - Content,Best Case,False,False,,,1,Legal review,New Business,2024-12-29T00:00:00
3800,151,11,Vertex Inc - Initial License,Closed Lost,230913,2024-07-11,2024-06-10,Outbound - AE,Omitted,False,True,CompetitorC,Feature Gap,28,,New Business,2024-06-10T00:00:00
3801,855,2,Pinnacle Software - Platform Deal,Qualification,61641,2024-11-13,2024-07-28,Event,Best Case,False,False,CompetitorC,,18,Reference call,New Business,2024-07-28T00:00:00
3802,1,11,Fusion Digital - Platform Deal,Discovery,19520,2023-11-20,2023-08-07,Product-Led,Pipeline,False,False,CompetitorA,,47,Schedule demo,New Business,2023-08-07T00:00:00
3803,396,5,Synergy Inc - New Business,Prospecting,36647,2021-07-30,2021-01-26,Product-Led,Pipeline,False,False,,,9,Legal review,New Business,2021-01-26T00:00:00
3804,791,4,Acme Solutions - Platform Deal,Closed Lost,189329,2024-01-28,2023-10-16,Outbound - AE,Omitted,False,True,CompetitorA,Timing,22,,New Business,2023-10-16T00:00:00
3805,663,15,Pinnacle Inc - Initial License,Closed Lost,45844,2024-12-31,2024-12-11,Partner Referral,Omitted,False,True,CompetitorD,Budget Cut,18,,New Business,2024-12-11T00:00:00
3806,105,1,Acme Digital - Platform Deal,Prospecting,176105,2024-12-28,2024-09-03,Webinar,Pipeline,False,False,CompetitorA,,18,Contract signing,New Business,2024-09-03T00:00:00
3807,414,5,Quantum Systems - Platform Deal,Discovery,25615,2022-09-24,2022-01-07,Inbound - Content,Pipeline,False,False,CompetitorA,,30,Send proposal,New Business,2022-01-07T00:00:00
3808,289,4,Fusion Group - New Business,Closed Lost,42946,2023-03-21,2022-11-13,Product-Led,Omitted,False,True,,Budget Cut,14,,New Business,2022-11-13T00:00:00
3809,358,3,Summit Technologies - Expansion,Qualification,228540,2023-03-25,2023-01-07,Outbound - AE,Best Case,False,False,CompetitorC,,19,Reference call,Expansion,2023-01-07T00:00:00
3810,860,16,Pacific Partners - Platform Deal,Proposal,116920,2025-02-14,2024-11-12,Partner Referral,Best Case,False,False,,,33,Executive alignment,New Business,2024-11-12T00:00:00
3811,368,8,Horizon Corp - New Business,Discovery,71744,2023-06-26,2023-04-12,Outbound - SDR,Pipeline,False,False,Open Source Alternative,,35,Schedule demo,New Business,2023-04-12T00:00:00
3812,402,3,Global Dynamics - New Business,Closed Won,99828,2024-03-16,2024-01-10,Event,Closed,True,True,Open Source Alternative,,28,,New Business,2024-01-10T00:00:00
3813,512,1,Synergy Software - Platform Deal,Proposal,55733,2025-05-09,2024-08-25,Webinar,Best Case,False,False,,,7,Legal review,New Business,2024-08-25T00:00:00
3814,981,4,Nova Networks - Initial License,Prospecting,38004,2024-02-02,2023-10-29,Webinar,Pipeline,False,False,,,33,,New Business,2023-10-29T00:00:00
3815,656,6,Global Platforms - Platform Deal,Qualification,36129,2020-10-11,2020-08-14,Product-Led,Best Case,False,False,CompetitorB,,59,Legal review,New Business,2020-08-14T00:00:00
3816,83,8,Global Dynamics - Initial License,Qualification,,2025-07-11,2024-12-23,Partner Referral,Best Case,False,False,CompetitorB,,29,Send proposal,New Business,2024-12-23T00:00:00
3817,458,7,Synergy Dynamics - New Business,Discovery,13222,2022-05-20,2021-09-03,Product-Led,Pipeline,False,False,CompetitorC,,27,Schedule demo,New Business,2021-09-03T00:00:00
3818,42,9,Elevate Dynamics - Platform Deal,Proposal,23279,2025-03-31,2024-11-15,Outbound - AE,Best Case,False,False,,,67,Send proposal,New Business,2024-11-15T00:00:00
3819,160,14,Summit Inc - Platform Deal,Discovery,87603,2024-09-02,2024-02-01,Outbound - SDR,Pipeline,False,False,CompetitorA,,50,POC setup,New Business,2024-02-01T00:00:00
3820,25,7,Zenith Partners - Initial License,Proposal,25842,2023-06-07,2023-03-27,Event,Best Case,False,False,CompetitorA,,53,Executive alignment,New Business,2023-03-27T00:00:00
3821,383,9,Nova Technologies - Initial License,Qualification,37730,2023-05-17,2023-02-19,,Best Case,False,False,,,58,Executive alignment,New Business,2023-02-19T00:00:00
994,21,1,Elevate Inc - Additional Seats,Proposal,13072,2024-01-18,2023-11-13,Event,Best Case,False,False,CompetitorD,,7,Schedule demo,Expansion,2023-11-13T00:00:00
3823,202,7,Global Digital - Platform Deal,Proposal,65995,2023-08-17,2023-03-11,Partner Referral,Best Case,False,False,CompetitorB,,31,Schedule demo,New Business,2023-03-11T00:00:00
3824,610,11,Velocity Systems - Initial License,Prospecting,8702,2021-10-20,2021-04-27,,Pipeline,False,False,CompetitorA,,44,,New Business,2021-04-27T00:00:00
3825,137,6,Elevate Digital - Platform Deal,Closed Lost,48190,2023-08-05,2023-07-18,Webinar,Omitted,False,True,,Budget Cut,8,,New Business,2023-07-18T00:00:00
3826,226,2,Pacific Dynamics - Platform Deal,Prospecting,98393,2021-02-24,2021-03-01,Event,Pipeline,False,False,,,37,Send proposal,New Business,2021-03-01T00:00:00
3827,67,9,Nexus Platforms - New Business,Prospecting,109747,2022-12-14,2022-08-23,Webinar,Pipeline,False,False,Open Source Alternative,,38,,New Business,2022-08-23T00:00:00
3828,917,9,Fusion Networks - Initial License,Qualification,144176,2025-02-01,2024-07-21,Inbound - Web,Best Case,False,False,,,14,Contract signing,New Business,2024-07-21T00:00:00
3829,721,6,Nova Corp - Platform Deal,Prospecting,26439,2024-11-29,2024-05-12,,Pipeline,False,False,Open Source Alternative,,59,POC setup,New Business,2024-05-12T00:00:00
3830,342,6,Optima Dynamics - Initial License,Discovery,40675,2022-11-17,2022-08-02,Partner Referral,Pipeline,False,False,,,51,Legal review,New Business,2022-08-02T00:00:00
3831,132,4,Vanguard Labs - Initial License,Qualification,,2023-01-22,2022-08-01,Product-Led,Best Case,False,False,CompetitorC,,14,Send proposal,New Business,2022-08-01T00:00:00
3832,290,4,Catalyst Labs - Platform Deal,Discovery,9695,2025-03-23,2024-11-23,Inbound - Web,Pipeline,False,False,,,16,Executive alignment,New Business,2024-11-23T00:00:00
3833,662,2,Optima Services - Initial License,Qualification,44275,2022-10-24,2022-01-30,Outbound - SDR,Best Case,False,False,CompetitorE,,13,Executive alignment,New Business,2022-01-30T00:00:00
3834,885,14,Pinnacle Inc - Platform Deal,Qualification,871481,2020-05-10,2020-05-20,Outbound - AE,Best Case,False,False,,,14,Legal review,New Business,2020-05-20T00:00:00
3835,856,5,Vertex Digital - Platform Deal,Qualification,23081,2024-01-16,2023-10-18,Partner Referral,Best Case,False,False,Open Source Alternative,,16,POC setup,New Business,2023-10-18T00:00:00
3836,353,7,Summit Technologies - Initial License,Qualification,879530,2023-12-30,2023-07-31,Event,Best Case,False,False,CompetitorD,,53,POC setup,New Business,2023-07-31T00:00:00
3837,898,6,Velocity Digital - Platform Deal,Qualification,23186,2024-12-25,2024-04-22,Inbound - Content,Best Case,False,False,CompetitorD,,42,Technical review,New Business,2024-04-22T00:00:00
3838,972,5,Nexus Systems - Initial License,Closed Lost,30152,2024-11-09,2024-06-05,Inbound - Content,Omitted,False,True,CompetitorA,No Decision,5,,New Business,2024-06-05T00:00:00
3839,451,3,Synergy Labs - New Business,Negotiation,733615,2024-12-20,2024-11-15,Event,Commit,False,False,CompetitorD,,5,Legal review,New Business,2024-11-15T00:00:00
3840,365,11,Velocity Networks - Initial License,Discovery,47241,2025-05-07,2024-11-15,Product-Led,Pipeline,False,False,CompetitorD,,7,Reference call,New Business,2024-11-15T00:00:00
3841,225,5,Synergy Networks - Platform Deal,Proposal,298238,2023-04-15,2022-08-21,Product-Led,Best Case,False,False,CompetitorA,,41,Technical review,New Business,2022-08-21T00:00:00
3842,838,16,Catalyst Digital - Platform Deal,Prospecting,28724,2025-02-03,2024-12-15,Inbound - Content,Pipeline,False,False,,,41,POC setup,New Business,2024-12-15T00:00:00
3843,430,1,Apex Corp - Platform Deal,Qualification,968090,2025-04-01,2024-11-21,Partner Referral,Best Case,False,False,CompetitorC,,22,Send proposal,New Business,2024-11-21T00:00:00
3844,344,15,Synergy Systems - Upsell,Proposal,337105,2024-12-19,2024-11-05,Inbound - Web,Best Case,False,False,,,40,Legal review,Expansion,2024-11-05T00:00:00
3845,797,8,Atlas Group - Additional Seats,Prospecting,5797,2024-10-20,2024-04-17,Product-Led,Pipeline,False,False,,,49,POC setup,Expansion,2024-04-17T00:00:00
3846,624,9,Apex Holdings - Initial License,Closed Lost,46076,2024-12-31,2024-10-22,Outbound - AE,Omitted,False,True,CompetitorE,Budget Cut,23,,New Business,2024-10-22T00:00:00
3847,543,12,Global Labs - Initial License,Qualification,7273,2024-02-12,2023-10-07,Inbound - Web,Best Case,False,False,CompetitorD,,61,POC setup,New Business,2023-10-07T00:00:00
3848,193,9,Summit Corp - New Business,Closed Lost,953430,2024-10-24,2024-04-08,Outbound - SDR,Omitted,False,True,CompetitorE,Price,53,,New Business,2024-04-08T00:00:00
3849,11,11,Pinnacle Corp - Initial License,Qualification,157000,2023-12-28,2023-08-08,Inbound - Content,Best Case,False,False,,,59,Schedule demo,New Business,2023-08-08T00:00:00
3850,116,7,Horizon Technologies - Initial License,Qualification,15261,2024-09-26,2024-08-25,Product-Led,Best Case,False,False,,,38,Executive alignment,New Business,2024-08-25T00:00:00
3851,656,12,Global Platforms - Upsell,Closed Lost,2274,2020-12-24,2020-08-10,Inbound - Content,Omitted,False,True,CompetitorB,Price,26,,Expansion,2020-08-10T00:00:00
3852,601,13,Vanguard Dynamics - Initial License,Closed Lost,31088,2023-07-12,2023-03-14,Inbound - Web,Omitted,False,True,,Timing,30,,New Business,2023-03-14T00:00:00
3853,948,3,Quantum Corp - Platform Deal,Proposal,45601,2025-06-27,2024-12-30,Event,Best Case,False,False,CompetitorD,,24,Contract signing,New Business,2024-12-30T00:00:00
3854,765,13,Velocity Partners - New Business,Qualification,228490,2025-04-21,2024-10-09,Inbound - Web,Best Case,False,False,Open Source Alternative,,9,POC setup,New Business,2024-10-09T00:00:00
3855,190,12,Zenith Partners - New Business,Closed Lost,,2023-03-21,2023-02-15,Outbound - AE,Omitted,False,True,,Timing,52,,New Business,2023-02-15T00:00:00
3856,796,11,Summit Dynamics - Initial License,Prospecting,22171,2025-02-20,2024-06-24,Webinar,Pipeline,False,False,CompetitorA,,7,Send proposal,New Business,2024-06-24T00:00:00
3857,488,1,Pinnacle Inc - Renewal,Closed Lost,16932,2024-12-31,2024-12-18,Product-Led,Omitted,False,True,CompetitorD,Competitor,32,,Renewal,2024-12-18T00:00:00
3858,122,2,Elevate Dynamics - Initial License,Prospecting,973934,2023-08-23,2023-01-13,Webinar,Pipeline,False,False,,,40,Legal review,New Business,2023-01-13T00:00:00
3859,743,12,Atlas Digital - Initial License,Proposal,14817,2022-02-22,2021-12-31,Outbound - AE,Best Case,False,False,CompetitorD,,19,Send proposal,New Business,2021-12-31T00:00:00
3860,915,9,Pacific Holdings - Platform Deal,Prospecting,70274,2024-11-23,2024-07-06,Partner Referral,Pipeline,False,False,CompetitorA,,54,,New Business,2024-07-06T00:00:00
3861,236,1,Velocity Holdings - New Business,Qualification,53608,2022-10-13,2022-03-16,Partner Referral,Best Case,False,False,CompetitorE,,21,Legal review,New Business,2022-03-16T00:00:00
3862,118,1,Zenith Software - Initial License,Closed Won,48678,2021-06-11,2021-03-23,Event,Closed,True,True,,,43,,New Business,2021-03-23T00:00:00
3863,802,9,Atlas Corp - New Business,Prospecting,10230,2025-06-29,2024-10-21,Partner Referral,Pipeline,False,False,Open Source Alternative,,65,,New Business,2024-10-21T00:00:00
3864,701,4,Vanguard Enterprises - Initial License,Closed Lost,168223,2024-01-01,2023-12-18,Inbound - Content,Omitted,False,True,CompetitorA,Budget Cut,22,,New Business,2023-12-18T00:00:00
3865,976,4,Summit Platforms - New Business,Closed Lost,28121,2024-12-27,2024-10-04,Partner Referral,Omitted,False,True,,Feature Gap,59,,New Business,2024-10-04T00:00:00
3866,492,8,Atlas Enterprises - Initial License,Qualification,10019,2025-04-10,2024-11-12,Outbound - AE,Best Case,False,False,,,32,Technical review,New Business,2024-11-12T00:00:00
3867,92,10,Synergy Partners - New Business,Proposal,19706,2022-12-25,2022-04-27,Webinar,Best Case,False,False,,,12,Schedule demo,New Business,2022-04-27T00:00:00
3868,558,9,Apex Dynamics - New Business,Prospecting,95504,2021-04-11,2021-02-13,Webinar,Pipeline,False,False,,,35,Technical review,New Business,2021-02-13T00:00:00
3869,367,13,Summit Enterprises - New Business,Closed Lost,30166,2024-05-23,2023-12-24,Product-Led,Omitted,False,True,CompetitorA,Lost to Status Quo,60,,New Business,2023-12-24T00:00:00
3870,782,16,Pacific Platforms - Platform Deal,Qualification,29823,2025-06-09,2024-12-03,Product-Led,Best Case,False,False,CompetitorA,,52,POC setup,New Business,2024-12-03T00:00:00
3871,705,3,Atlas Services - Initial License,Closed Won,109307,2024-12-31,2024-12-15,Outbound - AE,Closed,True,True,Open Source Alternative,,16,,New Business,2024-12-15T00:00:00
3872,794,11,Vanguard Networks - New Business,Proposal,32929,2024-10-11,2024-03-24,Outbound - AE,Best Case,False,False,Open Source Alternative,,49,POC setup,New Business,2024-03-24T00:00:00
3873,253,1,Zenith Dynamics - New Business,Prospecting,794407,2023-02-12,2023-01-10,Event,Pipeline,False,False,Open Source Alternative,,3,Contract signing,New Business,2023-01-10T00:00:00
3874,674,9,Apex Analytics - Platform Deal,Closed Lost,41458,2024-12-27,2024-09-19,Inbound - Web,Omitted,False,True,CompetitorA,Budget Cut,11,,New Business,2024-09-19T00:00:00
3875,204,16,Atlas Group - Initial License,Discovery,163735,2025-05-17,2024-11-08,Inbound - Web,Pipeline,False,False,CompetitorD,,60,Contract signing,New Business,2024-11-08T00:00:00
3876,933,6,Nova Technologies - New Business,Prospecting,92882,2024-08-24,2024-09-02,Webinar,Pipeline,False,False,,,33,Technical review,New Business,2024-09-02T00:00:00
3877,708,16,Atlas Holdings - Initial License,Proposal,63115,2025-02-23,2024-12-08,Partner Referral,Best Case,False,False,Open Source Alternative,,66,Contract signing,New Business,2024-12-08T00:00:00
3878,855,2,Pinnacle Software - Platform Deal,Closed Lost,72730,2024-03-28,2023-12-23,Outbound - SDR,Omitted,False,True,CompetitorA,No Decision,16,,New Business,2023-12-23T00:00:00
3879,25,7,Zenith Partners - Platform Deal,Prospecting,154359,2024-07-28,2024-05-29,Partner Referral,Pipeline,False,False,CompetitorC,,10,Technical review,New Business,2024-05-29T00:00:00
3880,400,4,Vanguard Inc - Platform Deal,Closed Lost,39731,2023-07-26,2023-06-01,Outbound - AE,Omitted,False,True,CompetitorE,Budget Cut,34,,New Business,2023-06-01T00:00:00
3881,721,6,Nova Corp - Upsell,Proposal,23222,2024-07-06,2023-10-14,Inbound - Content,Best Case,False,False,,,15,,Expansion,2023-10-14T00:00:00
3882,363,4,Nexus Dynamics - New Business,Prospecting,867264,2024-05-29,2023-12-05,Webinar,Pipeline,False,False,Open Source Alternative,,47,Legal review,New Business,2023-12-05T00:00:00
3883,222,9,Vanguard Holdings - New Business,Qualification,40693,2023-07-01,2022-10-29,Partner Referral,Best Case,False,False,CompetitorB,,68,Contract signing,New Business,2022-10-29T00:00:00
3884,189,2,Synergy Networks - New Business,Negotiation,286388,2025-08-23,2024-12-19,Outbound - AE,Commit,False,False,CompetitorC,,34,Legal review,New Business,2024-12-19T00:00:00
3885,8,13,Velocity Holdings - New Business,Prospecting,27538,2024-05-14,2023-09-20,Inbound - Web,Pipeline,False,False,,,71,Legal review,New Business,2023-09-20T00:00:00
3886,831,14,Elevate Holdings - New Business,Closed Lost,123807,2024-03-28,2023-08-02,Partner Referral,Omitted,False,True,,Champion Left,47,,New Business,2023-08-02T00:00:00
3887,994,5,Fusion Analytics - Platform Deal,Closed Lost,121858,2024-12-31,2024-11-08,Outbound - SDR,Omitted,False,True,CompetitorA,Price,16,,New Business,2024-11-08T00:00:00
3888,166,13,Velocity Technologies - New Business,Qualification,40294,2025-05-10,2024-10-08,Product-Led,Best Case,False,False,,,33,,New Business,2024-10-08T00:00:00
3889,457,16,Velocity Networks - Initial License,Closed Lost,54703,2024-12-18,2024-10-07,Inbound - Web,Omitted,False,True,,Timing,2,,New Business,2024-10-07T00:00:00
3890,426,13,Velocity Holdings - Platform Deal,Qualification,31460,2024-10-11,2024-05-01,Product-Led,Best Case,False,False,CompetitorA,,31,Technical review,New Business,2024-05-01T00:00:00
3891,916,15,Synergy Inc - Platform Deal,Closed Won,150037,2024-12-18,2024-06-10,Webinar,Closed,True,True,,,62,,New Business,2024-06-10T00:00:00
3892,729,10,Elevate Corp - New Business,Proposal,20037,2025-01-03,2024-08-07,Partner Referral,Best Case,False,False,,,32,Executive alignment,New Business,2024-08-07T00:00:00
3893,128,5,Catalyst Digital - Platform Deal,Closed Lost,32336,2024-10-20,2024-08-04,Inbound - Content,Omitted,False,True,,Budget Cut,59,,New Business,2024-08-04T00:00:00
3894,596,3,Fusion Dynamics - New Business,Proposal,34753,2025-07-13,2024-12-13,Inbound - Web,Best Case,False,False,,,4,Contract signing,New Business,2024-12-13T00:00:00
3895,93,2,Nova Networks - New Business,Qualification,14012,2023-09-11,2023-08-11,Inbound - Content,Best Case,False,False,,,36,Send proposal,New Business,2023-08-11T00:00:00
3896,234,15,Summit Labs - Initial License,Closed Lost,7726,2024-12-31,2024-08-13,Inbound - Content,Omitted,False,True,CompetitorB,Competitor,64,,New Business,2024-08-13T00:00:00
3897,756,7,Optima Services - Platform Deal,Proposal,161381,2024-11-15,2024-06-08,Inbound - Web,Best Case,False,False,CompetitorC,,54,Executive alignment,New Business,2024-06-08T00:00:00
3898,322,11,Nexus Technologies - Initial License,Prospecting,48357,2025-03-05,2024-08-11,,Pipeline,False,False,CompetitorE,,23,POC setup,New Business,2024-08-11T00:00:00
3899,93,2,Nova Networks - Platform Deal,Closed Lost,7096,2024-12-31,2024-12-02,Inbound - Web,Omitted,False,True,,Budget Cut,4,,New Business,2024-12-02T00:00:00
3900,425,14,Zenith Software - New Business,Negotiation,31740,2025-06-13,2024-12-21,Outbound - AE,Commit,False,False,CompetitorA,,21,,New Business,2024-12-21T00:00:00
3901,702,2,Pinnacle Group - Initial License,Closed Lost,452145,2024-12-31,2024-11-07,Outbound - SDR,Omitted,False,True,CompetitorA,Lost to Status Quo,33,,New Business,2024-11-07T00:00:00
3902,556,9,Nexus Labs - Platform Deal,Discovery,188788,2025-01-02,2024-10-17,Event,Pipeline,False,False,CompetitorD,,35,Executive alignment,New Business,2024-10-17T00:00:00
3903,513,16,Acme Inc - Initial License,Discovery,7022,2025-06-25,2024-10-12,Partner Referral,Pipeline,False,False,CompetitorE,,27,POC setup,New Business,2024-10-12T00:00:00
3904,38,8,Catalyst Labs - New Business,Qualification,47312,2025-02-04,2024-09-04,Product-Led,Best Case,False,False,CompetitorB,,11,Executive alignment,New Business,2024-09-04T00:00:00
3905,363,13,Nexus Dynamics - Initial License,Prospecting,91867,2023-12-08,2023-06-19,Outbound - SDR,Pipeline,False,False,,,66,,New Business,2023-06-19T00:00:00
3906,536,6,Pinnacle Solutions - Platform Deal,Proposal,32209,2023-01-21,2022-09-08,Partner Referral,Best Case,False,False,CompetitorB,,2,Executive alignment,New Business,2022-09-08T00:00:00
3907,647,16,Quantum Corp - Platform Deal,Proposal,86234,2025-02-01,2024-08-07,Webinar,Best Case,False,False,CompetitorA,,8,Send proposal,New Business,2024-08-07T00:00:00
3908,965,7,Zenith Systems - New Business,Proposal,27745,2024-05-18,2024-03-20,Webinar,Best Case,False,False,CompetitorC,,1,,New Business,2024-03-20T00:00:00
3909,107,5,Nova Services - New Business,Qualification,14628,2025-02-28,2024-09-21,Webinar,Best Case,False,False,CompetitorD,,19,Technical review,New Business,2024-09-21T00:00:00
3910,261,2,Nova Holdings - Initial License,Closed Lost,190413,2024-12-28,2024-08-20,Product-Led,Omitted,False,True,CompetitorB,No Decision,8,,New Business,2024-08-20T00:00:00
3911,692,2,Optima Platforms - Initial License,Discovery,10626,2023-02-17,2022-11-08,Inbound - Content,Pipeline,False,False,,,14,Schedule demo,New Business,2022-11-08T00:00:00
3912,904,1,Optima Holdings - New Business,Qualification,57806,2023-02-03,2022-06-12,Partner Referral,Best Case,False,False,CompetitorA,,34,Send proposal,New Business,2022-06-12T00:00:00
3913,311,5,Quantum Platforms - New Business,Prospecting,20041,2024-08-29,2024-07-09,Event,Pipeline,False,False,,,39,Technical review,New Business,2024-07-09T00:00:00
3914,613,10,Vanguard Dynamics - Platform Deal,Closed Lost,27449,2023-02-08,2022-12-27,,Omitted,False,True,CompetitorC,Competitor,31,,New Business,2022-12-27T00:00:00
3915,327,6,Vanguard Enterprises - New Business,Discovery,25943,2023-08-02,2023-04-08,Product-Led,Pipeline,False,False,CompetitorB,,11,,New Business,2023-04-08T00:00:00
3916,181,4,Atlas Labs - Initial License,Discovery,135783,2023-09-26,2023-02-08,Inbound - Web,Pipeline,False,False,Open Source Alternative,,1,Reference call,New Business,2023-02-08T00:00:00
3917,797,8,Atlas Group - Expansion,Proposal,12822,2024-09-17,2024-03-31,Partner Referral,Best Case,False,False,CompetitorA,,12,Technical review,Expansion,2024-03-31T00:00:00
3918,205,10,Nexus Solutions - Initial License,Qualification,143860,2025-04-02,2024-09-02,Product-Led,Best Case,False,False,,,17,Technical review,New Business,2024-09-02T00:00:00
3919,391,3,Atlas Inc - Platform Deal,Closed Won,45927,2023-11-11,2023-10-10,Outbound - AE,Closed,True,True,CompetitorC,,25,,New Business,2023-10-10T00:00:00
3920,94,5,Horizon Solutions - Initial License,Prospecting,160023,2023-04-28,2023-01-08,Webinar,Pipeline,False,False,,,57,Technical review,New Business,2023-01-08T00:00:00
3921,238,16,Velocity Holdings - Initial License,Negotiation,42387,2025-07-31,2024-12-17,Inbound - Web,Commit,False,False,CompetitorE,,25,Technical review,New Business,2024-12-17T00:00:00
3922,313,16,Zenith Corp - Initial License,Closed Won,67915,2024-12-31,2024-11-11,Inbound - Content,Closed,True,True,,,6,,New Business,2024-11-11T00:00:00
3923,837,11,Pinnacle Systems - Platform Deal,Discovery,817471,2025-03-12,2024-10-01,Outbound - SDR,Pipeline,False,False,CompetitorC,,21,POC setup,New Business,2024-10-01T00:00:00
3924,230,12,Summit Analytics - Platform Deal,Closed Won,446476,2024-04-16,2024-03-17,Inbound - Content,Closed,True,True,CompetitorD,,38,,New Business,2024-03-17T00:00:00
3925,548,7,Vanguard Technologies - New Business,Discovery,27257,2025-09-04,2024-12-12,Outbound - AE,Pipeline,False,False,CompetitorC,,29,POC setup,New Business,2024-12-12T00:00:00
3926,958,16,Horizon Partners - New Business,Qualification,35577,2025-03-18,2024-11-18,Webinar,Best Case,False,False,CompetitorD,,30,POC setup,New Business,2024-11-18T00:00:00
3927,359,15,Quantum Digital - New Business,Closed Lost,949884,2024-12-31,2024-08-18,Product-Led,Omitted,False,True,CompetitorB,Feature Gap,2,,New Business,2024-08-18T00:00:00
3928,644,9,Elevate Group - New Business,Qualification,46547,2024-05-11,2024-03-14,Outbound - AE,Best Case,False,False,Open Source Alternative,,18,Legal review,New Business,2024-03-14T00:00:00
3929,490,9,Nexus Solutions - Initial License,Discovery,172665,2024-04-19,2024-03-08,Webinar,Pipeline,False,False,CompetitorC,,39,Reference call,New Business,2024-03-08T00:00:00
3930,705,12,Atlas Services - Initial License,Discovery,136481,2022-06-15,2022-05-04,Outbound - SDR,Pipeline,False,False,,,37,Legal review,New Business,2022-05-04T00:00:00
3931,74,10,Acme Holdings - New Business,Negotiation,115593,2025-04-15,2024-11-14,Outbound - SDR,Commit,False,False,Open Source Alternative,,22,Executive alignment,New Business,2024-11-14T00:00:00
3932,814,2,Elevate Software - New Business,Closed Won,91246,2022-01-25,2021-10-10,Event,Closed,True,True,CompetitorA,,20,,New Business,2021-10-10T00:00:00
3933,150,7,Nexus Services - Platform Deal,Qualification,845719,2022-11-16,2022-12-07,Product-Led,Best Case,False,False,CompetitorB,,30,Reference call,New Business,2022-12-07T00:00:00
3934,101,14,Global Dynamics - Platform Deal,Closed Lost,18395,2023-06-19,2023-03-23,Webinar,Omitted,False,True,CompetitorB,Champion Left,42,,New Business,2023-03-23T00:00:00
3935,756,7,Optima Services - Platform Deal,Discovery,163718,2024-08-27,2024-05-22,Outbound - SDR,Pipeline,False,False,,,29,Schedule demo,New Business,2024-05-22T00:00:00
3936,50,16,Fusion Holdings - New Business,Closed Won,64094,2024-12-19,2024-10-15,Inbound - Content,Closed,True,True,CompetitorB,,30,,New Business,2024-10-15T00:00:00
3937,511,16,Pacific Digital - New Business,Prospecting,830878,2025-01-22,2024-12-15,Outbound - AE,Pipeline,False,False,Open Source Alternative,,23,Contract signing,New Business,2024-12-15T00:00:00
3938,487,11,Quantum Enterprises - Initial License,Closed Lost,23621,2024-12-31,2024-11-18,Product-Led,Omitted,False,True,CompetitorD,Budget Cut,11,,New Business,2024-11-18T00:00:00
3939,896,3,Nexus Enterprises - Initial License,Qualification,,2021-11-12,2021-05-22,Product-Led,Best Case,False,False,,,3,Send proposal,New Business,2021-05-22T00:00:00
3940,639,16,Vertex Systems - Contract Renewal,Prospecting,546831,2024-08-06,2024-06-15,Inbound - Web,Pipeline,False,False,Open Source Alternative,,49,,Renewal,2024-06-15T00:00:00
3941,595,5,Apex Technologies - Contract Renewal,Discovery,53370,2024-11-02,2024-05-04,Partner Referral,Pipeline,False,False,CompetitorC,,30,Send proposal,Renewal,2024-05-04T00:00:00
3942,779,6,Catalyst Analytics - Initial License,Prospecting,846869,2024-06-17,2024-02-22,Partner Referral,Pipeline,False,False,CompetitorA,,7,Technical review,New Business,2024-02-22T00:00:00
3943,766,5,Fusion Systems - New Business,Proposal,179905,2024-02-18,2023-11-29,Webinar,Best Case,False,False,CompetitorD,,7,,New Business,2023-11-29T00:00:00
3944,237,13,Catalyst Analytics - New Business,Qualification,39044,2025-05-18,2024-09-14,Outbound - AE,Best Case,False,False,CompetitorE,,25,Reference call,New Business,2024-09-14T00:00:00
3945,69,10,Nexus Dynamics - New Business,Proposal,37748,2023-05-19,2023-01-03,Inbound - Web,Best Case,False,False,Open Source Alternative,,26,,New Business,2023-01-03T00:00:00
3946,623,12,Velocity Services - Platform Deal,Closed Lost,177110,2024-03-24,2023-09-05,Webinar,Omitted,False,True,,Budget Cut,55,,New Business,2023-09-05T00:00:00
3947,651,5,Apex Corp - Initial License,Closed Lost,28578,2023-09-18,2023-04-12,Inbound - Content,Omitted,False,True,,Price,36,,New Business,2023-04-12T00:00:00
3948,73,8,Nova Group - Platform Deal,Closed Won,9866,2024-09-22,2024-01-28,,Closed,True,True,CompetitorD,,45,,New Business,2024-01-28T00:00:00
3949,431,12,Elevate Labs - Upsell,Closed Won,29050,2024-12-31,2024-11-12,Product-Led,Closed,True,True,CompetitorC,,21,,Expansion,2024-11-12T00:00:00
3950,755,2,Atlas Holdings - Upsell,Closed Lost,53231,2024-12-31,2024-11-12,Event,Omitted,False,True,CompetitorB,Price,21,,Expansion,2024-11-12T00:00:00
3951,5,13,Pinnacle Inc - Initial License,Discovery,13094,2024-11-11,2024-05-01,Webinar,Pipeline,False,False,CompetitorA,,47,Send proposal,New Business,2024-05-01T00:00:00
3952,415,1,Pinnacle Services - New Business,Closed Lost,13607,2024-09-04,2024-07-04,Outbound - AE,Omitted,False,True,CompetitorC,Budget Cut,18,,New Business,2024-07-04T00:00:00
3953,685,1,Synergy Systems - Platform Deal,Proposal,97949,2025-08-17,2024-11-25,Inbound - Content,Best Case,False,False,CompetitorC,,27,Send proposal,New Business,2024-11-25T00:00:00
3954,288,8,Horizon Software - New Business,Qualification,16349,2024-08-03,2024-08-30,Event,Best Case,False,False,,,8,POC setup,New Business,2024-08-30T00:00:00
3955,910,10,Pinnacle Digital - New Business,Proposal,134400,2023-09-15,2023-08-11,Inbound - Web,Best Case,False,False,,,13,Technical review,New Business,2023-08-11T00:00:00
3956,867,11,Velocity Group - Initial License,Discovery,345375,2022-08-02,2022-06-04,Event,Pipeline,False,False,CompetitorC,,31,Executive alignment,New Business,2022-06-04T00:00:00
3957,15,3,Apex Analytics - Platform Deal,Prospecting,162070,2024-04-22,2024-02-13,Partner Referral,Pipeline,False,False,Open Source Alternative,,43,Legal review,New Business,2024-02-13T00:00:00
3958,467,9,Pacific Inc - Platform Deal,Prospecting,143963,2025-04-30,2024-12-04,Inbound - Content,Pipeline,False,False,,,4,Schedule demo,New Business,2024-12-04T00:00:00
3959,467,9,Pacific Inc - Platform Deal,Qualification,274771,2025-02-07,2024-12-13,Partner Referral,Best Case,False,False,CompetitorD,,28,POC setup,New Business,2024-12-13T00:00:00
3960,84,14,Nexus Group - Platform Deal,Closed Lost,44278,2024-12-31,2024-09-25,Partner Referral,Omitted,False,True,CompetitorE,Champion Left,49,,New Business,2024-09-25T00:00:00
3961,244,10,Horizon Software - New Business,Prospecting,47642,2024-10-19,2024-08-05,Webinar,Pipeline,False,False,CompetitorA,,14,Technical review,New Business,2024-08-05T00:00:00
3962,453,1,Fusion Corp - New Business,Closed Won,10260,2024-11-23,2024-11-07,Partner Referral,Closed,True,True,CompetitorE,,22,,New Business,2024-11-07T00:00:00
3963,898,6,Velocity Digital - New Business,Proposal,37491,2024-11-01,2024-09-21,Inbound - Web,Best Case,False,False,Open Source Alternative,,60,POC setup,New Business,2024-09-21T00:00:00
3964,238,14,Velocity Holdings - New Business,Discovery,37577,2025-04-25,2024-11-03,Inbound - Content,Pipeline,False,False,,,27,Schedule demo,New Business,2024-11-03T00:00:00
3965,763,12,Pinnacle Dynamics - Platform Deal,Closed Won,32046,2024-12-29,2024-10-13,Inbound - Web,Closed,True,True,CompetitorE,,30,,New Business,2024-10-13T00:00:00
3966,658,4,Nexus Inc - New Business,Discovery,106444,2023-05-09,2023-02-08,Inbound - Web,Pipeline,False,False,CompetitorE,,9,POC setup,New Business,2023-02-08T00:00:00
3967,30,9,Catalyst Corp - Initial License,Negotiation,48791,2023-02-08,2022-12-26,Outbound - AE,Commit,False,False,,,17,Legal review,New Business,2022-12-26T00:00:00
3968,910,13,Pinnacle Digital - New Business,Discovery,49338,2023-04-27,2023-01-31,Outbound - AE,Pipeline,False,False,,,51,,New Business,2023-01-31T00:00:00
3969,864,9,Acme Group - New Business,Prospecting,36006,2023-01-03,2022-07-15,Product-Led,Pipeline,False,False,,,39,Executive alignment,New Business,2022-07-15T00:00:00
3970,92,14,Synergy Partners - Platform Deal,Proposal,49540,2022-08-31,2022-07-11,Product-Led,Best Case,False,False,CompetitorB,,78,Schedule demo,New Business,2022-07-11T00:00:00
3971,239,7,Synergy Networks - New Business,Discovery,47735,2024-06-02,2024-02-09,Inbound - Content,Pipeline,False,False,,,8,Send proposal,New Business,2024-02-09T00:00:00
3972,535,3,Quantum Partners - Initial License,Negotiation,36167,2024-11-12,2024-09-21,Event,Commit,False,False,CompetitorA,,38,Legal review,New Business,2024-09-21T00:00:00
3973,149,3,Quantum Solutions - Initial License,Qualification,54478,2024-06-30,2024-05-06,Outbound - SDR,Best Case,False,False,,,35,Legal review,New Business,2024-05-06T00:00:00
3974,631,1,Vanguard Corp - Contract Renewal,Closed Won,79084,2024-06-16,2024-05-29,Inbound - Web,Closed,True,True,CompetitorD,,31,,Renewal,2024-05-29T00:00:00
3975,151,11,Vertex Inc - Initial License,Proposal,91095,2025-03-07,2024-07-25,Inbound - Web,Best Case,False,False,,,67,Legal review,New Business,2024-07-25T00:00:00
3976,271,15,Apex Holdings - Platform Deal,Closed Lost,38189,2022-09-29,2022-04-21,Product-Led,Omitted,False,True,CompetitorB,Price,58,,New Business,2022-04-21T00:00:00
3977,850,5,Nexus Dynamics - Platform Deal,Prospecting,104765,2025-01-06,2024-09-04,Product-Led,Pipeline,False,False,CompetitorC,,19,POC setup,New Business,2024-09-04T00:00:00
3978,214,2,Summit Digital - Initial License,Discovery,27664,2024-12-04,2024-07-13,Inbound - Web,Pipeline,False,False,Open Source Alternative,,8,Executive alignment,New Business,2024-07-13T00:00:00
3979,897,13,Catalyst Partners - Initial License,Prospecting,871472,2025-07-22,2024-11-17,Webinar,Pipeline,False,False,CompetitorE,,56,,New Business,2024-11-17T00:00:00
3980,631,1,Vanguard Corp - New Business,Prospecting,128931,2024-07-28,2024-05-02,Outbound - AE,Pipeline,False,False,CompetitorC,,37,Contract signing,New Business,2024-05-02T00:00:00
3981,719,3,Acme Digital - Additional Seats,Closed Lost,353529,2024-09-23,2024-03-18,Event,Omitted,False,True,Open Source Alternative,Competitor,2,,Expansion,2024-03-18T00:00:00
3982,486,6,Summit Networks - New Business,Closed Lost,802574,2024-12-31,2024-11-04,Partner Referral,Omitted,False,True,CompetitorC,Feature Gap,51,,New Business,2024-11-04T00:00:00
3983,17,16,Vanguard Inc - Platform Deal,Proposal,38966,2025-05-03,2024-10-21,Outbound - SDR,Best Case,False,False,,,28,Contract signing,New Business,2024-10-21T00:00:00
3984,11,13,Pinnacle Corp - Initial License,Discovery,144539,2021-07-04,2021-04-18,Outbound - SDR,Pipeline,False,False,,,60,,New Business,2021-04-18T00:00:00
3985,609,3,Atlas Software - Contract Renewal,Qualification,571610,2024-03-09,2023-08-10,Partner Referral,Best Case,False,False,,,24,Executive alignment,Renewal,2023-08-10T00:00:00
3986,300,14,Nova Digital - Initial License,Discovery,184020,2024-06-24,2024-04-08,Event,Pipeline,False,False,CompetitorA,,59,,New Business,2024-04-08T00:00:00
3987,834,16,Elevate Analytics - Platform Deal,Qualification,272972,2024-06-10,2023-10-23,Product-Led,Best Case,False,False,CompetitorC,,65,Legal review,New Business,2023-10-23T00:00:00
3988,602,15,Elevate Software - Platform Deal,Proposal,11569,2024-08-10,2023-12-27,,Best Case,False,False,CompetitorE,,54,Send proposal,New Business,2023-12-27T00:00:00
3989,31,11,Synergy Platforms - Platform Deal,Proposal,50571,2022-05-02,2022-02-16,Inbound - Content,Best Case,False,False,CompetitorC,,30,Send proposal,New Business,2022-02-16T00:00:00
3990,29,11,Zenith Services - Initial License,Discovery,100050,2024-01-12,2023-07-13,Inbound - Content,Pipeline,False,False,CompetitorE,,45,Reference call,New Business,2023-07-13T00:00:00
3991,308,16,Vanguard Solutions - Initial License,Qualification,101190,2023-11-15,2023-03-01,Product-Led,Best Case,False,False,,,25,Send proposal,New Business,2023-03-01T00:00:00
3992,671,7,Optima Holdings - Initial License,Closed Lost,184592,2023-12-18,2023-09-03,,Omitted,False,True,,Timing,55,,New Business,2023-09-03T00:00:00
3993,192,12,Summit Inc - Platform Deal,Closed Lost,21500,2024-12-31,2024-11-14,Outbound - AE,Omitted,False,True,Open Source Alternative,Budget Cut,53,,New Business,2024-11-14T00:00:00
3994,505,14,Vertex Partners - Platform Deal,Qualification,24662,2025-07-29,2024-12-12,Product-Led,Best Case,False,False,Open Source Alternative,,69,Legal review,New Business,2024-12-12T00:00:00
3995,572,9,Horizon Analytics - Platform Deal,Closed Won,50826,2024-12-19,2024-06-14,Webinar,Closed,True,True,Open Source Alternative,,44,,New Business,2024-06-14T00:00:00
3996,494,5,Zenith Labs - Initial License,Negotiation,49143,2024-06-15,2023-12-19,Outbound - AE,Commit,False,False,,,33,Executive alignment,New Business,2023-12-19T00:00:00
3997,57,11,Acme Technologies - New Business,Prospecting,485575,2025-01-09,2024-11-02,Partner Referral,Pipeline,False,False,CompetitorC,,3,Reference call,New Business,2024-11-02T00:00:00
3998,917,9,Fusion Networks - Expansion,Prospecting,8997,2025-01-20,2024-11-14,Inbound - Content,Pipeline,False,False,CompetitorE,,27,,Expansion,2024-11-14T00:00:00
3999,757,13,Acme Analytics - Initial License,Discovery,14223,2022-01-12,2021-10-09,Outbound - AE,Pipeline,False,False,CompetitorD,,37,,New Business,2021-10-09T00:00:00
4000,403,14,Elevate Networks - New Business,Discovery,25350,2022-08-08,2022-06-12,Partner Referral,Pipeline,False,False,CompetitorD,,16,Contract signing,New Business,2022-06-12T00:00:00
4001,378,11,Synergy Analytics - Initial License,Qualification,8903,2024-11-25,2024-03-22,Outbound - AE,Best Case,False,False,CompetitorE,,24,,New Business,2024-03-22T00:00:00
4002,223,16,Apex Analytics - New Business,Qualification,,2025-08-05,2024-12-04,Event,Best Case,False,False,CompetitorA,,49,Send proposal,New Business,2024-12-04T00:00:00
4003,516,15,Horizon Analytics - Initial License,Closed Lost,25673,2023-09-20,2023-08-06,Outbound - AE,Omitted,False,True,CompetitorD,Budget Cut,31,,New Business,2023-08-06T00:00:00
4004,726,10,Apex Corp - Additional Seats,Discovery,8409,2024-09-26,2024-05-11,Product-Led,Pipeline,False,False,,,63,Contract signing,Expansion,2024-05-11T00:00:00
4005,881,15,Synergy Inc - New Business,Proposal,65959,2022-11-24,2022-04-09,Partner Referral,Best Case,False,False,,,30,Legal review,New Business,2022-04-09T00:00:00
4006,408,4,Vertex Systems - Platform Deal,Closed Lost,9658,2024-07-03,2024-04-15,Webinar,Omitted,False,True,Open Source Alternative,Competitor,12,,New Business,2024-04-15T00:00:00
4007,360,8,Quantum Corp - Platform Deal,Closed Lost,86822,2022-09-20,2022-04-17,Inbound - Content,Omitted,False,True,CompetitorB,Budget Cut,5,,New Business,2022-04-17T00:00:00
4008,440,6,Fusion Systems - Platform Deal,Closed Lost,8968,2024-09-16,2024-06-03,Product-Led,Omitted,False,True,CompetitorC,Feature Gap,48,,New Business,2024-06-03T00:00:00
4009,625,6,Elevate Services - New Business,Discovery,8030,2025-09-15,2024-12-19,Webinar,Pipeline,False,False,CompetitorA,,10,Schedule demo,New Business,2024-12-19T00:00:00
4010,305,4,Zenith Analytics - Contract Renewal,Negotiation,38962,2023-01-19,2022-06-03,Partner Referral,Commit,False,False,,,6,,Renewal,2022-06-03T00:00:00
4011,533,5,Atlas Labs - Platform Deal,Prospecting,,2023-02-20,2022-05-29,Inbound - Web,Pipeline,False,False,CompetitorD,,12,Schedule demo,New Business,2022-05-29T00:00:00
4012,610,11,Velocity Systems - New Business,Negotiation,49501,2022-12-19,2022-08-13,Inbound - Content,Commit,False,False,CompetitorB,,58,Executive alignment,New Business,2022-08-13T00:00:00
4013,987,5,Vertex Corp - Initial License,Negotiation,203928,2023-06-28,2023-05-15,Event,Commit,False,False,CompetitorC,,4,Send proposal,New Business,2023-05-15T00:00:00
4014,806,14,Atlas Services - Platform Deal,Qualification,17660,2025-02-10,2024-06-07,Inbound - Web,Best Case,False,False,CompetitorB,,60,Technical review,New Business,2024-06-07T00:00:00
4015,120,16,Quantum Labs - New Business,Proposal,34044,2025-06-27,2024-12-09,Outbound - SDR,Best Case,False,False,CompetitorD,,1,Send proposal,New Business,2024-12-09T00:00:00
4016,431,12,Elevate Labs - Platform Deal,Prospecting,,2025-03-24,2024-11-19,Event,Pipeline,False,False,CompetitorC,,33,Legal review,New Business,2024-11-19T00:00:00
4017,400,4,Vanguard Inc - New Business,Closed Lost,27811,2023-09-28,2023-03-29,Product-Led,Omitted,False,True,CompetitorE,Lost to Status Quo,48,,New Business,2023-03-29T00:00:00
4018,451,15,Synergy Labs - New Business,Discovery,392417,2024-03-28,2023-10-14,Outbound - AE,Pipeline,False,False,CompetitorB,,24,Schedule demo,New Business,2023-10-14T00:00:00
4019,735,4,Nova Labs - Platform Deal,Negotiation,153843,2024-06-18,2024-01-23,Outbound - AE,Commit,False,False,,,48,Legal review,New Business,2024-01-23T00:00:00
4020,671,7,Optima Holdings - New Business,Discovery,179752,2021-04-10,2021-01-08,Event,Pipeline,False,False,,,55,Legal review,New Business,2021-01-08T00:00:00
4021,805,7,Elevate Partners - Initial License,Closed Won,29599,2024-12-31,2024-11-21,,Closed,True,True,,,3,,New Business,2024-11-21T00:00:00
4022,68,15,Pinnacle Analytics - Initial License,Qualification,35979,2024-12-08,2024-08-07,Webinar,Best Case,False,False,CompetitorC,,1,POC setup,New Business,2024-08-07T00:00:00
4023,375,2,Atlas Networks - Contract Renewal,Qualification,28061,2024-06-20,2024-02-15,Partner Referral,Best Case,False,False,,,36,Contract signing,Renewal,2024-02-15T00:00:00
4024,118,14,Zenith Software - Initial License,Discovery,19697,2023-05-19,2022-10-06,Webinar,Pipeline,False,False,Open Source Alternative,,78,Schedule demo,New Business,2022-10-06T00:00:00
4025,463,7,Zenith Labs - New Business,Discovery,63647,2024-09-15,2024-02-16,Outbound - SDR,Pipeline,False,False,CompetitorD,,42,Executive alignment,New Business,2024-02-16T00:00:00
4026,718,10,Optima Inc - New Business,Proposal,43406,2025-01-22,2024-11-22,Inbound - Web,Best Case,False,False,CompetitorE,,33,Schedule demo,New Business,2024-11-22T00:00:00
4027,740,11,Optima Labs - Platform Deal,Closed Won,17101,2024-06-01,2024-03-20,Product-Led,Closed,True,True,,,60,,New Business,2024-03-20T00:00:00
4028,57,11,Acme Technologies - Platform Deal,Qualification,607025,2022-01-22,2021-09-07,Partner Referral,Best Case,False,False,CompetitorC,,27,,New Business,2021-09-07T00:00:00
4029,896,13,Nexus Enterprises - Platform Deal,Closed Won,38722,2023-07-04,2023-06-10,Event,Closed,True,True,,,32,,New Business,2023-06-10T00:00:00
4030,175,7,Fusion Analytics - New Business,Qualification,127060,2024-01-11,2023-12-07,Partner Referral,Best Case,False,False,,,43,Technical review,New Business,2023-12-07T00:00:00
4031,297,8,Horizon Corp - Platform Deal,Proposal,34301,2025-06-11,2024-11-27,Partner Referral,Best Case,False,False,CompetitorB,,45,POC setup,New Business,2024-11-27T00:00:00
4032,115,14,Pinnacle Partners - Platform Deal,Prospecting,163156,2024-12-10,2024-09-09,Outbound - AE,Pipeline,False,False,CompetitorE,,63,Executive alignment,New Business,2024-09-09T00:00:00
4033,868,12,Zenith Group - New Business,Qualification,96166,2024-12-09,2024-06-09,Partner Referral,Best Case,False,False,CompetitorB,,26,Reference call,New Business,2024-06-09T00:00:00
4034,431,7,Elevate Labs - Initial License,Closed Won,194871,2024-11-01,2024-11-23,Webinar,Closed,True,True,,,29,,New Business,2024-11-23T00:00:00
4035,642,15,Optima Partners - New Business,Closed Won,160154,2024-12-31,2024-11-18,Inbound - Web,Closed,True,True,CompetitorB,,27,,New Business,2024-11-18T00:00:00
4036,721,9,Nova Corp - Renewal,Qualification,45656,2023-06-09,2023-05-01,Webinar,Best Case,False,False,CompetitorB,,35,Technical review,Renewal,2023-05-01T00:00:00
4037,510,7,Synergy Services - Platform Deal,Prospecting,20531,2021-10-13,2021-08-30,Event,Pipeline,False,False,CompetitorA,,38,Legal review,New Business,2021-08-30T00:00:00
4038,792,9,Nova Solutions - Additional Seats,Discovery,12506,2022-02-22,2021-08-20,Inbound - Content,Pipeline,False,False,CompetitorC,,24,POC setup,Expansion,2021-08-20T00:00:00
4039,796,2,Summit Dynamics - Initial License,Closed Won,42930,2024-06-28,2024-04-11,Partner Referral,Closed,True,True,CompetitorE,,31,,New Business,2024-04-11T00:00:00
4040,257,1,Zenith Technologies - Initial License,Closed Won,169428,2022-09-28,2022-08-10,Inbound - Web,Closed,True,True,,,15,,New Business,2022-08-10T00:00:00
4041,107,5,Nova Services - Initial License,Discovery,15052,2023-07-28,2023-06-17,,Pipeline,False,False,Open Source Alternative,,36,Legal review,New Business,2023-06-17T00:00:00
4042,649,3,Elevate Partners - Platform Deal,Discovery,104782,2023-12-18,2023-10-31,Event,Pipeline,False,False,Open Source Alternative,,6,POC setup,New Business,2023-10-31T00:00:00
4043,248,2,Fusion Corp - New Business,Discovery,,2024-01-04,2023-10-07,Inbound - Web,Pipeline,False,False,CompetitorC,,35,Technical review,New Business,2023-10-07T00:00:00
4044,144,7,Pinnacle Enterprises - Initial License,Proposal,23322,2024-10-07,2024-04-24,Inbound - Content,Best Case,False,False,CompetitorC,,48,POC setup,New Business,2024-04-24T00:00:00
4045,962,13,Vertex Digital - Platform Deal,Prospecting,39537,2025-03-11,2024-10-23,Outbound - SDR,Pipeline,False,False,,,63,Technical review,New Business,2024-10-23T00:00:00
4046,419,2,Nova Software - Initial License,Discovery,187108,2023-12-18,2023-06-29,Webinar,Pipeline,False,False,CompetitorA,,26,Legal review,New Business,2023-06-29T00:00:00
4047,34,6,Nova Networks - Contract Renewal,Proposal,33195,2024-04-09,2023-09-17,Partner Referral,Best Case,False,False,,,38,POC setup,Renewal,2023-09-17T00:00:00
4048,113,4,Global Networks - New Business,Proposal,32210,2024-10-25,2024-08-04,Outbound - AE,Best Case,False,False,CompetitorD,,4,Schedule demo,New Business,2024-08-04T00:00:00
4049,299,3,Horizon Enterprises - Platform Deal,Prospecting,85093,2023-07-24,2023-06-13,Inbound - Web,Pipeline,False,False,CompetitorB,,18,,New Business,2023-06-13T00:00:00
4050,308,12,Vanguard Solutions - Initial License,Qualification,79680,2024-08-13,2024-06-04,Product-Led,Best Case,False,False,CompetitorE,,60,Executive alignment,New Business,2024-06-04T00:00:00
4051,103,14,Quantum Technologies - Additional Seats,Proposal,58475,2024-04-12,2023-09-03,Product-Led,Best Case,False,False,,,77,Executive alignment,Expansion,2023-09-03T00:00:00
4052,801,1,Nexus Analytics - New Business,Discovery,11620,2024-12-24,2024-10-10,Inbound - Content,Pipeline,False,False,Open Source Alternative,,34,POC setup,New Business,2024-10-10T00:00:00
4053,215,2,Acme Holdings - New Business,Proposal,459302,2023-11-17,2023-12-04,Inbound - Content,Best Case,False,False,CompetitorA,,17,Technical review,New Business,2023-12-04T00:00:00
4054,57,11,Acme Technologies - Platform Deal,Qualification,366187,2022-09-03,2022-02-21,Outbound - SDR,Best Case,False,False,CompetitorC,,19,Executive alignment,New Business,2022-02-21T00:00:00
4055,999,16,Elevate Corp - New Business,Prospecting,699872,2025-08-13,2024-12-13,Partner Referral,Pipeline,False,False,CompetitorB,,39,Legal review,New Business,2024-12-13T00:00:00
4056,936,6,Summit Networks - New Business,Qualification,13913,2023-08-09,2023-05-27,Outbound - SDR,Best Case,False,False,CompetitorD,,32,Send proposal,New Business,2023-05-27T00:00:00
4057,645,3,Zenith Holdings - Platform Deal,Prospecting,21637,2021-03-27,2020-11-06,Webinar,Pipeline,False,False,Open Source Alternative,,16,Send proposal,New Business,2020-11-06T00:00:00
4058,500,9,Catalyst Holdings - Platform Deal,Qualification,26188,2024-09-23,2024-07-18,Inbound - Web,Best Case,False,False,CompetitorE,,13,Technical review,New Business,2024-07-18T00:00:00
4059,755,2,Atlas Holdings - Contract Renewal,Qualification,102713,2023-12-23,2023-07-17,Event,Best Case,False,False,Open Source Alternative,,28,Contract signing,Renewal,2023-07-17T00:00:00
4060,786,1,Catalyst Corp - Contract Renewal,Prospecting,132750,2024-04-06,2023-08-02,Partner Referral,Pipeline,False,False,CompetitorE,,22,Executive alignment,Renewal,2023-08-02T00:00:00
4061,353,7,Summit Technologies - Initial License,Closed Won,312472,2024-09-25,2024-03-28,Inbound - Content,Closed,True,True,,,20,,New Business,2024-03-28T00:00:00
4062,159,10,Horizon Analytics - Platform Deal,Proposal,36634,2022-06-22,2022-02-20,Product-Led,Best Case,False,False,,,66,Schedule demo,New Business,2022-02-20T00:00:00
4063,389,14,Acme Networks - Initial License,Closed Lost,,2024-12-31,2024-10-15,,Omitted,False,True,CompetitorA,Feature Gap,29,,New Business,2024-10-15T00:00:00
4064,567,1,Acme Dynamics - New Business,Qualification,886227,2025-09-04,2024-12-11,Inbound - Web,Best Case,False,False,CompetitorD,,44,Legal review,New Business,2024-12-11T00:00:00
4065,680,4,Zenith Enterprises - New Business,Closed Won,167278,2024-12-25,2024-06-26,Webinar,Closed,True,True,CompetitorD,,19,,New Business,2024-06-26T00:00:00
4066,477,3,Pinnacle Digital - New Business,Closed Won,502462,2022-08-11,2022-07-28,Inbound - Web,Closed,True,True,CompetitorB,,36,,New Business,2022-07-28T00:00:00
3461,72,1,Pacific Corp - New Business,Prospecting,151533,2022-08-13,2022-05-26,Event,Pipeline,False,False,CompetitorE,,42,Schedule demo,New Business,2022-05-26T00:00:00
4068,755,2,Atlas Holdings - Additional Seats,Prospecting,44325,2023-12-19,2023-11-10,Outbound - AE,Pipeline,False,False,CompetitorC,,27,Technical review,Expansion,2023-11-10T00:00:00
4069,379,14,Zenith Labs - Platform Deal,Prospecting,11975,2024-02-12,2023-11-01,Outbound - AE,Pipeline,False,False,,,31,Reference call,New Business,2023-11-01T00:00:00
4070,199,3,Quantum Group - New Business,Qualification,738292,2023-12-11,2023-04-02,Product-Led,Best Case,False,False,CompetitorC,,4,Send proposal,New Business,2023-04-02T00:00:00
4071,534,5,Catalyst Technologies - Initial License,Discovery,12708,2024-11-19,2024-06-02,Partner Referral,Pipeline,False,False,,,26,Contract signing,New Business,2024-06-02T00:00:00
4072,877,14,Nova Inc - New Business,Discovery,5896,2025-05-14,2024-12-10,Partner Referral,Pipeline,False,False,CompetitorA,,36,Executive alignment,New Business,2024-12-10T00:00:00
4073,508,5,Pinnacle Inc - Platform Deal,Qualification,37857,2025-06-22,2024-10-15,Product-Led,Best Case,False,False,Open Source Alternative,,54,Reference call,New Business,2024-10-15T00:00:00
4074,421,5,Pinnacle Digital - Platform Deal,Closed Won,39703,2024-09-04,2024-07-16,Partner Referral,Closed,True,True,,,3,,New Business,2024-07-16T00:00:00
4075,141,11,Catalyst Software - New Business,Discovery,18522,2023-06-16,2023-01-15,Product-Led,Pipeline,False,False,,,53,POC setup,New Business,2023-01-15T00:00:00
4076,87,13,Atlas Solutions - Platform Deal,Discovery,17812,2022-03-05,2021-09-08,,Pipeline,False,False,CompetitorB,,65,,New Business,2021-09-08T00:00:00
4077,163,11,Optima Inc - Initial License,Discovery,201161,2023-03-02,2022-07-21,Partner Referral,Pipeline,False,False,CompetitorE,,48,Legal review,New Business,2022-07-21T00:00:00
4078,189,13,Synergy Networks - Initial License,Closed Lost,1148764,2024-12-31,2024-12-09,Partner Referral,Omitted,False,True,Open Source Alternative,Price,3,,New Business,2024-12-09T00:00:00
4079,701,4,Vanguard Enterprises - Initial License,Prospecting,49918,2024-08-01,2024-06-10,Outbound - AE,Pipeline,False,False,,,53,Schedule demo,New Business,2024-06-10T00:00:00
4080,545,10,Nova Analytics - New Business,Closed Won,31697,2024-05-07,2023-10-26,Partner Referral,Closed,True,True,,,17,,New Business,2023-10-26T00:00:00
4081,167,7,Vanguard Software - Initial License,Prospecting,32911,2023-01-09,2022-07-07,Event,Pipeline,False,False,,,25,Executive alignment,New Business,2022-07-07T00:00:00
4082,428,16,Fusion Services - Initial License,Discovery,19076,2024-11-14,2024-03-17,Webinar,Pipeline,False,False,CompetitorB,,32,Send proposal,New Business,2024-03-17T00:00:00
4083,922,7,Acme Corp - New Business,Qualification,119998,2024-06-09,2023-11-20,Event,Best Case,False,False,CompetitorE,,12,Reference call,New Business,2023-11-20T00:00:00
4084,446,16,Synergy Labs - Initial License,Prospecting,43704,2024-06-24,2024-05-05,Event,Pipeline,False,False,CompetitorC,,20,,New Business,2024-05-05T00:00:00
4085,25,7,Zenith Partners - Platform Deal,Qualification,78429,2025-02-27,2024-10-19,,Best Case,False,False,CompetitorE,,2,Schedule demo,New Business,2024-10-19T00:00:00
4086,859,5,Pacific Analytics - Initial License,Closed Won,15017,2024-05-19,2024-03-02,Outbound - SDR,Closed,True,True,Open Source Alternative,,26,,New Business,2024-03-02T00:00:00
4087,479,4,Summit Enterprises - Platform Deal,Closed Lost,10521,2023-09-27,2023-04-15,Inbound - Web,Omitted,False,True,CompetitorD,Budget Cut,50,,New Business,2023-04-15T00:00:00
4088,206,13,Nexus Platforms - Platform Deal,Prospecting,,2024-01-25,2023-12-24,Inbound - Web,Pipeline,False,False,CompetitorA,,38,Send proposal,New Business,2023-12-24T00:00:00
4089,553,16,Optima Systems - Initial License,Qualification,44368,2025-03-22,2024-11-14,Outbound - SDR,Best Case,False,False,CompetitorD,,37,Executive alignment,New Business,2024-11-14T00:00:00
4090,97,1,Catalyst Analytics - Initial License,Discovery,93570,2025-02-16,2024-12-12,Outbound - AE,Pipeline,False,False,CompetitorC,,37,POC setup,New Business,2024-12-12T00:00:00
4091,954,12,Nova Enterprises - Initial License,Qualification,46922,2024-02-26,2023-08-19,Outbound - SDR,Best Case,False,False,,,61,Legal review,New Business,2023-08-19T00:00:00
265,519,10,Quantum Platforms - Initial License,Qualification,43210,2024-10-16,2024-06-20,Event,Best Case,False,False,,,37,,New Business,2024-06-20T00:00:00
4093,861,4,Nexus Platforms - Upsell,Proposal,20516,2023-05-09,2022-09-13,Partner Referral,Best Case,False,False,CompetitorE,,3,POC setup,Expansion,2022-09-13T00:00:00
4094,478,13,Vertex Digital - Platform Deal,Negotiation,103692,2023-07-29,2023-06-16,Product-Led,Commit,False,False,Open Source Alternative,,48,,New Business,2023-06-16T00:00:00
4095,781,1,Vanguard Dynamics - Platform Deal,Qualification,194915,2023-11-15,2023-07-30,Inbound - Content,Best Case,False,False,CompetitorD,,31,Technical review,New Business,2023-07-30T00:00:00
4096,685,16,Synergy Systems - New Business,Negotiation,175644,2025-08-14,2024-12-29,Webinar,Commit,False,False,CompetitorB,,62,Technical review,New Business,2024-12-29T00:00:00
4097,188,1,Summit Partners - Initial License,Prospecting,23624,2025-01-26,2024-10-03,Partner Referral,Pipeline,False,False,,,34,Technical review,New Business,2024-10-03T00:00:00
3339,937,6,Elevate Technologies - Initial License,Negotiation,49497,2021-03-12,2020-11-23,Outbound - AE,Commit,False,False,CompetitorD,,57,Contract signing,New Business,2020-11-23T00:00:00
4099,622,7,Nova Enterprises - Platform Deal,Closed Lost,17059,2024-12-31,2024-12-27,Event,Omitted,False,True,,Lost to Status Quo,16,,New Business,2024-12-27T00:00:00
4100,673,3,Optima Networks - Platform Deal,Qualification,65998,2023-10-09,2023-06-17,Outbound - AE,Best Case,False,False,,,21,Schedule demo,New Business,2023-06-17T00:00:00
4101,917,15,Fusion Networks - Initial License,Closed Lost,86109,2024-07-21,2024-07-03,Inbound - Content,Omitted,False,True,CompetitorB,Lost to Status Quo,55,,New Business,2024-07-03T00:00:00
4102,715,10,Global Enterprises - Platform Deal,Prospecting,157542,2025-04-08,2024-12-16,Product-Led,Pipeline,False,False,Open Source Alternative,,7,Contract signing,New Business,2024-12-16T00:00:00
4103,786,1,Catalyst Corp - Renewal,Discovery,188348,2025-05-29,2024-11-01,Outbound - AE,Pipeline,False,False,CompetitorA,,37,Legal review,Renewal,2024-11-01T00:00:00
4104,302,5,Catalyst Partners - Initial License,Discovery,53163,2022-10-12,2022-08-30,Partner Referral,Pipeline,False,False,CompetitorE,,28,Executive alignment,New Business,2022-08-30T00:00:00
4105,233,14,Synergy Technologies - Platform Deal,Prospecting,22145,2025-02-03,2024-12-22,Inbound - Content,Pipeline,False,False,CompetitorA,,36,Send proposal,New Business,2024-12-22T00:00:00
4106,598,1,Velocity Group - Platform Deal,Negotiation,638998,2025-01-04,2024-05-15,Outbound - SDR,Commit,False,False,Open Source Alternative,,12,Contract signing,New Business,2024-05-15T00:00:00
4107,171,4,Elevate Enterprises - Platform Deal,Qualification,116759,2025-06-20,2024-12-28,Inbound - Web,Best Case,False,False,Open Source Alternative,,31,Send proposal,New Business,2024-12-28T00:00:00
4108,936,16,Summit Networks - Platform Deal,Closed Lost,23400,2023-04-14,2023-04-26,Product-Led,Omitted,False,True,CompetitorA,No Decision,4,,New Business,2023-04-26T00:00:00
4109,749,12,Global Labs - Contract Renewal,Closed Lost,137066,2021-09-19,2021-08-08,Outbound - AE,Omitted,False,True,,Budget Cut,60,,Renewal,2021-08-08T00:00:00
4110,358,3,Summit Technologies - Initial License,Qualification,290166,2023-09-02,2023-04-10,,Best Case,False,False,,,28,,New Business,2023-04-10T00:00:00
4111,152,14,Catalyst Labs - Initial License,Closed Lost,156908,2024-06-16,2024-04-06,Inbound - Web,Omitted,False,True,CompetitorD,Champion Left,60,,New Business,2024-04-06T00:00:00
4112,42,9,Elevate Dynamics - Initial License,Negotiation,39463,2024-05-26,2023-11-24,Product-Led,Commit,False,False,,,51,POC setup,New Business,2023-11-24T00:00:00
4113,752,6,Nexus Partners - Initial License,Discovery,37370,2025-01-11,2024-11-14,Webinar,Pipeline,False,False,CompetitorB,,49,Reference call,New Business,2024-11-14T00:00:00
4114,803,16,Synergy Analytics - Initial License,Closed Won,207838,2024-12-31,2024-09-07,Inbound - Content,Closed,True,True,CompetitorC,,38,,New Business,2024-09-07T00:00:00
4115,492,9,Atlas Enterprises - Platform Deal,Discovery,12308,2024-08-20,2023-12-27,Inbound - Web,Pipeline,False,False,CompetitorD,,61,,New Business,2023-12-27T00:00:00
4116,670,9,Quantum Dynamics - Platform Deal,Negotiation,47598,2025-02-11,2024-06-25,Partner Referral,Commit,False,False,CompetitorC,,16,Contract signing,New Business,2024-06-25T00:00:00
4117,449,5,Summit Group - New Business,Discovery,47005,2024-04-19,2023-10-21,Inbound - Web,Pipeline,False,False,CompetitorD,,38,Send proposal,New Business,2023-10-21T00:00:00
4118,476,1,Horizon Services - Initial License,Closed Lost,198913,2022-01-09,2021-10-14,Outbound - SDR,Omitted,False,True,,No Decision,2,,New Business,2021-10-14T00:00:00
4119,639,6,Vertex Systems - Upsell,Prospecting,203863,2025-01-28,2024-10-13,Webinar,Pipeline,False,False,,,31,Technical review,Expansion,2024-10-13T00:00:00
4120,514,10,Fusion Dynamics - Platform Deal,Closed Lost,,2023-03-17,2022-10-20,Outbound - SDR,Omitted,False,True,CompetitorC,No Decision,18,,New Business,2022-10-20T00:00:00
4121,146,12,Horizon Labs - Initial License,Closed Lost,10279,2024-10-22,2024-08-09,Inbound - Web,Omitted,False,True,,Lost to Status Quo,57,,New Business,2024-08-09T00:00:00
4122,997,3,Apex Systems - New Business,Closed Lost,43897,2023-09-23,2023-06-06,Inbound - Content,Omitted,False,True,CompetitorD,Champion Left,22,,New Business,2023-06-06T00:00:00
4123,454,9,Acme Labs - Platform Deal,Qualification,5771,2024-12-09,2024-04-01,Outbound - SDR,Best Case,False,False,,,68,,New Business,2024-04-01T00:00:00
4124,535,15,Quantum Partners - Initial License,Discovery,28698,2024-11-18,2024-08-12,Inbound - Content,Pipeline,False,False,CompetitorA,,14,Contract signing,New Business,2024-08-12T00:00:00
4125,110,5,Synergy Holdings - Platform Deal,Closed Lost,31285,2024-12-31,2024-10-15,Inbound - Web,Omitted,False,True,CompetitorC,Champion Left,3,,New Business,2024-10-15T00:00:00
4126,538,13,Fusion Solutions - Initial License,Qualification,296166,2024-09-16,2024-02-09,Inbound - Web,Best Case,False,False,CompetitorA,,61,,New Business,2024-02-09T00:00:00
4127,730,3,Elevate Enterprises - Initial License,Closed Lost,21255,2023-11-06,2023-07-15,Inbound - Web,Omitted,False,True,CompetitorB,Timing,28,,New Business,2023-07-15T00:00:00
4128,51,6,Nexus Dynamics - Initial License,Discovery,44336,2025-01-26,2024-07-19,Inbound - Web,Pipeline,False,False,,,27,Send proposal,New Business,2024-07-19T00:00:00
4129,945,13,Global Systems - Platform Deal,Prospecting,91660,2024-10-31,2024-08-11,Product-Led,Pipeline,False,False,CompetitorC,,11,,New Business,2024-08-11T00:00:00
4130,636,3,Apex Technologies - Platform Deal,Qualification,773431,2024-01-12,2023-12-03,Outbound - AE,Best Case,False,False,,,10,Schedule demo,New Business,2023-12-03T00:00:00
4131,844,2,Nova Systems - New Business,Prospecting,375488,2025-01-05,2024-11-24,Inbound - Web,Pipeline,False,False,,,9,,New Business,2024-11-24T00:00:00
4132,35,11,Acme Solutions - Initial License,Qualification,18372,2024-05-30,2024-01-05,Webinar,Best Case,False,False,CompetitorE,,48,Contract signing,New Business,2024-01-05T00:00:00
4133,623,12,Velocity Services - Platform Deal,Qualification,63573,2021-05-23,2021-03-12,Product-Led,Best Case,False,False,Open Source Alternative,,22,Technical review,New Business,2021-03-12T00:00:00
3444,471,7,Elevate Analytics - Platform Deal,Closed Won,12684,2024-12-31,2024-10-28,Inbound - Content,Closed,True,True,,,5,,New Business,2024-10-28T00:00:00
4135,75,14,Optima Solutions - Initial License,Closed Lost,6637,2024-12-31,2024-08-05,Webinar,Omitted,False,True,CompetitorA,Feature Gap,60,,New Business,2024-08-05T00:00:00
4136,907,3,Vanguard Holdings - Initial License,Prospecting,130173,2025-01-31,2024-07-04,Event,Pipeline,False,False,CompetitorD,,40,Reference call,New Business,2024-07-04T00:00:00
4137,986,7,Nexus Partners - New Business,Prospecting,140240,2024-06-21,2024-05-11,Inbound - Content,Pipeline,False,False,,,1,Technical review,New Business,2024-05-11T00:00:00
1078,103,14,Quantum Technologies - Initial License,Qualification,37634,2024-04-08,2024-01-28,Partner Referral,Best Case,False,False,Open Source Alternative,,50,Legal review,New Business,2024-01-28T00:00:00
4139,810,8,Velocity Analytics - Platform Deal,Qualification,118650,2023-12-07,2023-04-28,Inbound - Web,Best Case,False,False,,,19,Executive alignment,New Business,2023-04-28T00:00:00
4140,5,13,Pinnacle Inc - Platform Deal,Prospecting,44658,2024-11-18,2024-07-06,Event,Pipeline,False,False,CompetitorA,,58,Send proposal,New Business,2024-07-06T00:00:00
4141,270,3,Nexus Solutions - New Business,Proposal,40555,2023-09-19,2023-07-08,Event,Best Case,False,False,CompetitorA,,14,Executive alignment,New Business,2023-07-08T00:00:00
4142,763,12,Pinnacle Dynamics - Initial License,Proposal,39343,2023-08-25,2023-02-09,Inbound - Web,Best Case,False,False,CompetitorA,,26,Contract signing,New Business,2023-02-09T00:00:00
4143,137,6,Elevate Digital - Platform Deal,Discovery,8783,2022-10-20,2022-07-16,Outbound - SDR,Pipeline,False,False,CompetitorB,,45,,New Business,2022-07-16T00:00:00
4144,970,16,Catalyst Partners - New Business,Closed Lost,59170,2024-12-31,2024-12-29,Event,Omitted,False,True,CompetitorE,Feature Gap,48,,New Business,2024-12-29T00:00:00
4145,319,15,Apex Platforms - Initial License,Prospecting,67524,2025-05-22,2024-09-18,Outbound - SDR,Pipeline,False,False,CompetitorC,,54,Contract signing,New Business,2024-09-18T00:00:00
4146,3,1,Pacific Platforms - New Business,Discovery,542503,2025-02-15,2024-07-22,Outbound - SDR,Pipeline,False,False,,,4,Reference call,New Business,2024-07-22T00:00:00
4147,722,5,Horizon Networks - New Business,Discovery,108485,2024-11-22,2024-03-02,Webinar,Pipeline,False,False,CompetitorD,,12,Legal review,New Business,2024-03-02T00:00:00
214,782,10,Pacific Platforms - Platform Deal,Closed Won,27143,2024-09-07,2024-08-06,Inbound - Web,Closed,True,True,CompetitorD,,30,,New Business,2024-08-06T00:00:00
4149,882,16,Pinnacle Analytics - New Business,Closed Lost,44157,2024-12-31,2024-09-06,Webinar,Omitted,False,True,Open Source Alternative,No Decision,52,,New Business,2024-09-06T00:00:00
4150,451,3,Synergy Labs - Platform Deal,Closed Won,664349,2024-12-31,2024-12-30,Partner Referral,Closed,True,True,,,36,,New Business,2024-12-30T00:00:00
4151,421,1,Pinnacle Digital - New Business,Closed Won,5654,2024-12-24,2024-09-17,Outbound - AE,Closed,True,True,CompetitorD,,30,,New Business,2024-09-17T00:00:00
4152,216,1,Optima Labs - Initial License,Proposal,32575,2024-12-02,2024-08-14,Inbound - Content,Best Case,False,False,CompetitorE,,28,,New Business,2024-08-14T00:00:00
4153,204,16,Atlas Group - Platform Deal,Prospecting,164340,2025-01-01,2024-11-07,Inbound - Content,Pipeline,False,False,Open Source Alternative,,40,POC setup,New Business,2024-11-07T00:00:00
4154,743,12,Atlas Digital - Renewal,Prospecting,50200,2023-08-21,2023-02-21,Event,Pipeline,False,False,CompetitorD,,47,Reference call,Renewal,2023-02-21T00:00:00
4155,878,13,Horizon Labs - New Business,Closed Lost,49034,2024-08-02,2024-04-09,Event,Omitted,False,True,CompetitorA,Budget Cut,69,,New Business,2024-04-09T00:00:00
4156,898,6,Velocity Digital - Platform Deal,Proposal,12025,2024-07-15,2024-06-04,Event,Best Case,False,False,,,8,POC setup,New Business,2024-06-04T00:00:00
4157,459,11,Vanguard Dynamics - Initial License,Proposal,695382,2025-06-13,2024-11-15,Outbound - SDR,Best Case,False,False,CompetitorB,,30,,New Business,2024-11-15T00:00:00
4158,253,1,Zenith Dynamics - Initial License,Prospecting,886252,2023-06-21,2023-01-08,Event,Pipeline,False,False,,,33,Executive alignment,New Business,2023-01-08T00:00:00
4159,283,14,Elevate Inc - New Business,Closed Won,38126,2024-12-31,2024-12-20,Partner Referral,Closed,True,True,,,45,,New Business,2024-12-20T00:00:00
4160,735,3,Nova Labs - New Business,Discovery,201507,2022-10-18,2022-04-07,Outbound - SDR,Pipeline,False,False,Open Source Alternative,,15,Contract signing,New Business,2022-04-07T00:00:00
4161,68,15,Pinnacle Analytics - New Business,Qualification,124179,2025-07-23,2024-11-04,Webinar,Best Case,False,False,CompetitorB,,2,Reference call,New Business,2024-11-04T00:00:00
4162,434,2,Summit Solutions - Platform Deal,Negotiation,90566,2025-04-15,2024-09-22,Inbound - Web,Commit,False,False,CompetitorC,,13,Reference call,New Business,2024-09-22T00:00:00
4163,906,10,Vertex Enterprises - Platform Deal,Discovery,27159,2021-12-25,2021-07-21,Inbound - Web,Pipeline,False,False,CompetitorC,,65,POC setup,New Business,2021-07-21T00:00:00
4164,512,1,Synergy Software - New Business,Proposal,40036,2024-08-07,2024-02-26,,Best Case,False,False,,,42,POC setup,New Business,2024-02-26T00:00:00
4165,205,1,Nexus Solutions - Initial License,Discovery,108467,2024-12-16,2024-04-27,,Pipeline,False,False,,,13,Reference call,New Business,2024-04-27T00:00:00
4166,537,2,Pacific Labs - Platform Deal,Qualification,,2024-05-17,2024-04-08,Webinar,Best Case,False,False,CompetitorE,,29,Schedule demo,New Business,2024-04-08T00:00:00
4167,777,5,Atlas Platforms - New Business,Closed Lost,8271,2024-07-30,2024-05-09,Outbound - SDR,Omitted,False,True,CompetitorA,Price,5,,New Business,2024-05-09T00:00:00
4168,323,13,Elevate Software - Platform Deal,Closed Lost,320840,2022-06-18,2022-02-26,Outbound - AE,Omitted,False,True,CompetitorD,Budget Cut,3,,New Business,2022-02-26T00:00:00
4169,735,4,Nova Labs - Initial License,Closed Lost,29713,2022-06-14,2022-03-04,Outbound - AE,Omitted,False,True,CompetitorB,Lost to Status Quo,10,,New Business,2022-03-04T00:00:00
4170,319,15,Apex Platforms - Expansion,Proposal,284655,2025-07-13,2024-12-28,Webinar,Best Case,False,False,CompetitorD,,39,Contract signing,Expansion,2024-12-28T00:00:00
4171,827,12,Atlas Networks - Initial License,Closed Lost,154164,2024-12-31,2024-11-20,Webinar,Omitted,False,True,CompetitorE,Price,68,,New Business,2024-11-20T00:00:00
4172,19,16,Zenith Platforms - Platform Deal,Closed Lost,90203,2023-12-02,2023-07-21,Webinar,Omitted,False,True,Open Source Alternative,Timing,62,,New Business,2023-07-21T00:00:00
4173,176,13,Zenith Platforms - Platform Deal,Proposal,65727,2024-08-23,2024-03-05,Outbound - SDR,Best Case,False,False,CompetitorB,,58,Send proposal,New Business,2024-03-05T00:00:00
4174,605,14,Catalyst Software - Platform Deal,Negotiation,35409,2024-05-11,2024-02-03,Product-Led,Commit,False,False,,,62,,New Business,2024-02-03T00:00:00
4175,416,4,Velocity Enterprises - Platform Deal,Qualification,117836,2022-08-28,2022-07-04,Product-Led,Best Case,False,False,CompetitorC,,49,Contract signing,New Business,2022-07-04T00:00:00
4176,656,6,Global Platforms - Initial License,Closed Lost,54716,2021-03-24,2021-01-03,Webinar,Omitted,False,True,CompetitorC,Budget Cut,29,,New Business,2021-01-03T00:00:00
4177,422,12,Atlas Systems - Initial License,Prospecting,48565,2023-04-13,2023-01-07,Product-Led,Pipeline,False,False,CompetitorB,,56,Executive alignment,New Business,2023-01-07T00:00:00
4178,251,6,Quantum Dynamics - Initial License,Proposal,34089,2024-07-23,2024-05-16,Webinar,Best Case,False,False,CompetitorD,,50,Contract signing,New Business,2024-05-16T00:00:00
4179,81,2,Velocity Dynamics - New Business,Closed Won,9109,2023-10-26,2023-08-12,Partner Referral,Closed,True,True,,,28,,New Business,2023-08-12T00:00:00
4180,562,16,Zenith Partners - Contract Renewal,Closed Lost,466342,2024-12-19,2024-11-05,Inbound - Web,Omitted,False,True,CompetitorA,Competitor,14,,Renewal,2024-11-05T00:00:00
4181,690,9,Apex Platforms - Expansion,Discovery,102268,2023-03-13,2023-02-02,Webinar,Pipeline,False,False,CompetitorE,,29,Executive alignment,Expansion,2023-02-02T00:00:00
4182,841,9,Pacific Inc - New Business,Discovery,45864,2022-09-24,2022-08-22,Inbound - Web,Pipeline,False,False,,,18,Contract signing,New Business,2022-08-22T00:00:00
4183,661,9,Velocity Systems - Renewal,Proposal,164741,2021-07-11,2021-04-22,Event,Best Case,False,False,CompetitorB,,4,Schedule demo,Renewal,2021-04-22T00:00:00
4184,127,2,Nexus Corp - Platform Deal,Negotiation,506518,2023-01-30,2022-11-01,Webinar,Commit,False,False,,,37,Contract signing,New Business,2022-11-01T00:00:00
4185,210,10,Apex Platforms - New Business,Negotiation,66323,2025-07-25,2024-11-19,Product-Led,Commit,False,False,CompetitorD,,1,Contract signing,New Business,2024-11-19T00:00:00
4186,637,16,Nova Solutions - Initial License,Proposal,179256,2024-07-25,2024-02-04,Inbound - Web,Best Case,False,False,,,15,Schedule demo,New Business,2024-02-04T00:00:00
4187,643,13,Quantum Partners - New Business,Discovery,48867,2025-04-26,2024-11-09,Outbound - AE,Pipeline,False,False,CompetitorE,,12,POC setup,New Business,2024-11-09T00:00:00
4188,418,15,Zenith Networks - Renewal,Prospecting,107408,2025-06-15,2024-10-13,Product-Led,Pipeline,False,False,CompetitorC,,19,Legal review,Renewal,2024-10-13T00:00:00
4189,280,2,Elevate Dynamics - New Business,Qualification,747986,2023-12-10,2023-03-17,Inbound - Web,Best Case,False,False,Open Source Alternative,,34,Legal review,New Business,2023-03-17T00:00:00
4190,895,6,Synergy Services - Platform Deal,Qualification,548740,2023-09-20,2023-02-01,Outbound - AE,Best Case,False,False,,,55,Reference call,New Business,2023-02-01T00:00:00
4191,362,11,Optima Corp - Initial License,Proposal,83409,2022-06-23,2021-10-06,Partner Referral,Best Case,False,False,,,47,Send proposal,New Business,2021-10-06T00:00:00
4192,762,7,Pinnacle Enterprises - New Business,Closed Lost,18129,2021-09-17,2021-02-26,Outbound - SDR,Omitted,False,True,CompetitorA,Lost to Status Quo,43,,New Business,2021-02-26T00:00:00
4193,408,1,Vertex Systems - Initial License,Negotiation,38856,2024-06-05,2023-10-05,Outbound - AE,Commit,False,False,CompetitorA,,1,,New Business,2023-10-05T00:00:00
4194,718,10,Optima Inc - Initial License,Closed Won,8396,2024-12-31,2024-11-16,Event,Closed,True,True,CompetitorD,,52,,New Business,2024-11-16T00:00:00
4195,984,1,Pacific Dynamics - Renewal,Closed Lost,6874,2023-12-21,2023-10-02,Inbound - Content,Omitted,False,True,CompetitorA,Price,45,,Renewal,2023-10-02T00:00:00
4196,433,5,Pacific Holdings - Platform Deal,Qualification,192846,2025-06-08,2024-10-22,Inbound - Content,Best Case,False,False,CompetitorC,,45,POC setup,New Business,2024-10-22T00:00:00
4197,890,13,Zenith Software - Initial License,Qualification,10151,2025-06-12,2024-12-19,Inbound - Content,Best Case,False,False,CompetitorE,,14,Legal review,New Business,2024-12-19T00:00:00
4198,615,14,Pacific Inc - Upsell,Proposal,4250,2023-10-25,2023-06-14,Partner Referral,Best Case,False,False,CompetitorC,,42,,Expansion,2023-06-14T00:00:00
4199,91,5,Apex Enterprises - Initial License,Discovery,763842,2023-12-12,2023-11-10,Outbound - AE,Pipeline,False,False,CompetitorB,,55,Executive alignment,New Business,2023-11-10T00:00:00
4200,970,8,Catalyst Partners - New Business,Discovery,,2025-03-17,2024-12-29,Product-Led,Pipeline,False,False,,,42,Executive alignment,New Business,2024-12-29T00:00:00
4201,900,7,Horizon Networks - Platform Deal,Discovery,44758,2023-10-17,2023-05-01,Partner Referral,Pipeline,False,False,,,15,Schedule demo,New Business,2023-05-01T00:00:00
4202,842,14,Quantum Software - Platform Deal,Closed Lost,48649,2024-11-14,2024-06-22,Inbound - Web,Omitted,False,True,CompetitorE,Budget Cut,17,,New Business,2024-06-22T00:00:00
4203,94,4,Horizon Solutions - Renewal,Discovery,107215,2024-03-14,2024-02-10,Event,Pipeline,False,False,CompetitorC,,29,POC setup,Renewal,2024-02-10T00:00:00
4204,262,14,Velocity Networks - Initial License,Proposal,15992,2022-05-23,2022-03-06,Webinar,Best Case,False,False,,,56,Contract signing,New Business,2022-03-06T00:00:00
4205,561,9,Velocity Dynamics - Platform Deal,Closed Lost,16753,2024-12-31,2024-12-13,Inbound - Content,Omitted,False,True,,Price,45,,New Business,2024-12-13T00:00:00
4206,887,16,Summit Corp - Initial License,Negotiation,17896,2025-04-06,2024-12-05,Inbound - Web,Commit,False,False,Open Source Alternative,,21,Technical review,New Business,2024-12-05T00:00:00
4207,181,13,Atlas Labs - Upsell,Discovery,63191,2025-03-27,2024-10-15,Outbound - AE,Pipeline,False,False,CompetitorB,,75,,Expansion,2024-10-15T00:00:00
4208,649,3,Elevate Partners - Initial License,Qualification,151989,2025-01-28,2024-12-06,Inbound - Web,Best Case,False,False,,,8,Technical review,New Business,2024-12-06T00:00:00
4209,28,8,Zenith Solutions - Initial License,Discovery,82522,2025-03-30,2024-11-17,Partner Referral,Pipeline,False,False,Open Source Alternative,,21,Schedule demo,New Business,2024-11-17T00:00:00
4210,714,7,Zenith Technologies - New Business,Prospecting,,2025-04-08,2024-11-10,Event,Pipeline,False,False,CompetitorA,,42,POC setup,New Business,2024-11-10T00:00:00
4211,192,12,Summit Inc - Platform Deal,Qualification,43843,2024-07-13,2024-06-12,Webinar,Best Case,False,False,,,62,Schedule demo,New Business,2024-06-12T00:00:00
571,91,5,Apex Enterprises - New Business,Qualification,479131,2023-10-23,2023-03-22,Partner Referral,Best Case,False,False,,,21,Send proposal,New Business,2023-03-22T00:00:00
4213,881,14,Synergy Inc - Initial License,Proposal,199056,2023-05-22,2023-04-15,,Best Case,False,False,CompetitorA,,4,Technical review,New Business,2023-04-15T00:00:00
4214,89,15,Acme Enterprises - Initial License,Closed Lost,95242,2024-08-10,2024-02-06,Product-Led,Omitted,False,True,CompetitorC,Feature Gap,9,,New Business,2024-02-06T00:00:00
4215,848,2,Horizon Networks - Initial License,Closed Lost,121075,2024-11-28,2024-12-14,Outbound - SDR,Omitted,False,True,CompetitorA,Price,35,,New Business,2024-12-14T00:00:00
4216,179,1,Vanguard Networks - Platform Deal,Closed Lost,34399,2023-11-14,2023-12-14,Inbound - Web,Omitted,False,True,CompetitorB,Lost to Status Quo,26,,New Business,2023-12-14T00:00:00
4217,725,4,Vanguard Enterprises - Platform Deal,Proposal,7832,2024-07-08,2024-04-05,Outbound - SDR,Best Case,False,False,CompetitorE,,48,Contract signing,New Business,2024-04-05T00:00:00
4218,824,11,Synergy Inc - Initial License,Closed Won,70304,2024-10-19,2024-11-09,Partner Referral,Closed,True,True,Open Source Alternative,,49,,New Business,2024-11-09T00:00:00
4219,169,1,Nova Analytics - New Business,Prospecting,118360,2022-12-17,2022-07-09,Outbound - SDR,Pipeline,False,False,CompetitorA,,4,Technical review,New Business,2022-07-09T00:00:00
4220,170,2,Nova Analytics - Platform Deal,Prospecting,1138969,2024-07-22,2024-02-08,Outbound - AE,Pipeline,False,False,,,19,Legal review,New Business,2024-02-08T00:00:00
4221,769,2,Summit Labs - New Business,Closed Won,109405,2024-06-28,2024-02-14,Partner Referral,Closed,True,True,,,26,,New Business,2024-02-14T00:00:00
4222,774,3,Catalyst Technologies - Platform Deal,Proposal,16785,2025-03-22,2024-10-06,Inbound - Content,Best Case,False,False,Open Source Alternative,,15,Send proposal,New Business,2024-10-06T00:00:00
4223,752,6,Nexus Partners - Platform Deal,Prospecting,30153,2024-09-12,2024-05-04,Inbound - Web,Pipeline,False,False,CompetitorC,,8,,New Business,2024-05-04T00:00:00
4224,874,6,Atlas Group - Initial License,Prospecting,,2024-04-12,2023-10-16,Webinar,Pipeline,False,False,CompetitorE,,47,Reference call,New Business,2023-10-16T00:00:00
4225,393,16,Global Services - New Business,Discovery,378171,2022-10-26,2022-07-05,Webinar,Pipeline,False,False,,,15,,New Business,2022-07-05T00:00:00
4226,768,9,Pacific Labs - Initial License,Closed Lost,,2021-09-13,2021-08-19,Partner Referral,Omitted,False,True,Open Source Alternative,Price,40,,New Business,2021-08-19T00:00:00
4227,325,9,Optima Services - Platform Deal,Qualification,46141,2024-10-16,2024-05-07,Inbound - Web,Best Case,False,False,,,44,Schedule demo,New Business,2024-05-07T00:00:00
4228,553,16,Optima Systems - New Business,Closed Won,18633,2024-12-31,2024-12-10,,Closed,True,True,,,15,,New Business,2024-12-10T00:00:00
4229,296,7,Zenith Dynamics - Platform Deal,Discovery,31807,2023-09-19,2023-04-12,Event,Pipeline,False,False,CompetitorD,,6,Legal review,New Business,2023-04-12T00:00:00
4230,497,4,Vanguard Technologies - New Business,Negotiation,46918,2024-10-13,2024-06-05,Webinar,Commit,False,False,,,16,Send proposal,New Business,2024-06-05T00:00:00
4231,247,10,Acme Enterprises - New Business,Closed Won,44297,2024-12-17,2024-05-26,Outbound - SDR,Closed,True,True,CompetitorE,,16,,New Business,2024-05-26T00:00:00
4232,578,11,Nova Networks - Initial License,Discovery,47660,2023-09-11,2023-05-15,Outbound - AE,Pipeline,False,False,CompetitorD,,28,Legal review,New Business,2023-05-15T00:00:00
4233,882,16,Pinnacle Analytics - New Business,Closed Lost,15385,2024-12-31,2024-10-10,Outbound - SDR,Omitted,False,True,CompetitorD,Champion Left,31,,New Business,2024-10-10T00:00:00
4234,984,5,Pacific Dynamics - Additional Seats,Closed Lost,31930,2023-12-02,2023-06-06,Outbound - SDR,Omitted,False,True,CompetitorB,Price,8,,Expansion,2023-06-06T00:00:00
4235,235,7,Apex Technologies - Initial License,Qualification,148008,2024-07-19,2024-03-04,Inbound - Content,Best Case,False,False,,,59,Schedule demo,New Business,2024-03-04T00:00:00
4236,29,2,Zenith Services - New Business,Qualification,59956,2022-06-10,2022-02-24,Inbound - Web,Best Case,False,False,Open Source Alternative,,35,Send proposal,New Business,2022-02-24T00:00:00
4237,51,6,Nexus Dynamics - Initial License,Proposal,26559,2024-11-03,2024-07-23,Inbound - Web,Best Case,False,False,CompetitorE,,22,Schedule demo,New Business,2024-07-23T00:00:00
4238,545,10,Nova Analytics - New Business,Closed Lost,33161,2023-05-23,2023-03-31,Inbound - Web,Omitted,False,True,CompetitorA,Lost to Status Quo,35,,New Business,2023-03-31T00:00:00
4239,699,7,Horizon Dynamics - New Business,Qualification,167138,2022-11-22,2022-09-06,Partner Referral,Best Case,False,False,CompetitorC,,34,Schedule demo,New Business,2022-09-06T00:00:00
4240,316,13,Pinnacle Inc - Initial License,Prospecting,48439,2025-07-23,2024-12-05,Outbound - SDR,Pipeline,False,False,Open Source Alternative,,75,Schedule demo,New Business,2024-12-05T00:00:00
4241,60,14,Pinnacle Inc - New Business,Qualification,50755,2024-10-25,2024-09-01,Inbound - Content,Best Case,False,False,CompetitorD,,7,,New Business,2024-09-01T00:00:00
4242,44,11,Synergy Holdings - New Business,Discovery,11579,2023-05-03,2022-08-18,Event,Pipeline,False,False,CompetitorE,,46,Contract signing,New Business,2022-08-18T00:00:00
4243,188,10,Summit Partners - Initial License,Qualification,28302,2024-11-04,2024-07-03,Product-Led,Best Case,False,False,CompetitorE,,42,Legal review,New Business,2024-07-03T00:00:00
4244,582,2,Summit Software - New Business,Qualification,915454,2024-07-15,2024-03-02,Inbound - Web,Best Case,False,False,,,18,Reference call,New Business,2024-03-02T00:00:00
4245,101,14,Global Dynamics - Platform Deal,Prospecting,37277,2024-04-03,2023-11-05,Event,Pipeline,False,False,CompetitorD,,3,,New Business,2023-11-05T00:00:00
4246,103,14,Quantum Technologies - Upsell,Discovery,20653,2024-04-01,2023-12-21,Outbound - AE,Pipeline,False,False,CompetitorC,,62,Contract signing,Expansion,2023-12-21T00:00:00
4247,748,16,Apex Group - Platform Deal,Negotiation,38838,2025-01-07,2024-07-09,Inbound - Content,Commit,False,False,CompetitorC,,7,Reference call,New Business,2024-07-09T00:00:00
4248,240,9,Acme Dynamics - Platform Deal,Qualification,127117,2024-09-01,2024-02-10,Inbound - Content,Best Case,False,False,CompetitorB,,4,Send proposal,New Business,2024-02-10T00:00:00
4249,326,9,Pinnacle Corp - New Business,Prospecting,191511,2023-03-07,2022-07-31,Product-Led,Pipeline,False,False,CompetitorB,,69,Executive alignment,New Business,2022-07-31T00:00:00
4250,986,9,Nexus Partners - New Business,Prospecting,27379,2024-01-06,2023-08-12,Event,Pipeline,False,False,Open Source Alternative,,69,POC setup,New Business,2023-08-12T00:00:00
4251,631,8,Vanguard Corp - Platform Deal,Proposal,197401,2024-05-13,2024-01-21,Inbound - Web,Best Case,False,False,,,19,Executive alignment,New Business,2024-01-21T00:00:00
4252,966,10,Fusion Platforms - Initial License,Closed Won,135160,2024-07-08,2024-03-28,Inbound - Web,Closed,True,True,,,37,,New Business,2024-03-28T00:00:00
4253,691,15,Global Systems - Platform Deal,Negotiation,526986,2023-01-07,2022-08-13,Outbound - AE,Commit,False,False,CompetitorD,,62,Executive alignment,New Business,2022-08-13T00:00:00
4254,929,2,Global Networks - Initial License,Discovery,162650,2024-04-08,2024-03-07,Webinar,Pipeline,False,False,CompetitorE,,33,Legal review,New Business,2024-03-07T00:00:00
4255,976,5,Summit Platforms - New Business,Closed Lost,29885,2024-12-31,2024-08-05,Webinar,Omitted,False,True,CompetitorA,Lost to Status Quo,5,,New Business,2024-08-05T00:00:00
4256,570,4,Nova Partners - Initial License,Discovery,594633,2025-03-18,2024-11-02,Inbound - Web,Pipeline,False,False,,,54,Technical review,New Business,2024-11-02T00:00:00
4257,672,10,Horizon Corp - New Business,Negotiation,120881,2024-12-30,2024-06-13,Inbound - Content,Commit,False,False,,,34,Schedule demo,New Business,2024-06-13T00:00:00
4258,197,9,Vertex Inc - Platform Deal,Proposal,125974,2025-02-17,2024-11-24,Outbound - SDR,Best Case,False,False,,,33,Technical review,New Business,2024-11-24T00:00:00
4259,609,3,Atlas Software - New Business,Negotiation,334821,2025-01-01,2024-04-08,,Commit,False,False,CompetitorD,,13,Schedule demo,New Business,2024-04-08T00:00:00
4260,525,6,Vertex Networks - Initial License,Discovery,94469,2024-09-27,2024-06-19,Webinar,Pipeline,False,False,CompetitorD,,9,,New Business,2024-06-19T00:00:00
4261,431,12,Elevate Labs - Initial License,Discovery,153636,2025-07-08,2024-10-11,Webinar,Pipeline,False,False,CompetitorC,,29,Executive alignment,New Business,2024-10-11T00:00:00
4262,712,9,Synergy Solutions - Initial License,Prospecting,24862,2025-09-09,2024-12-28,Inbound - Content,Pipeline,False,False,,,43,Legal review,New Business,2024-12-28T00:00:00
1971,795,11,Atlas Solutions - New Business,Closed Lost,832503,2024-12-31,2024-12-16,Product-Led,Omitted,False,True,CompetitorC,Competitor,34,,New Business,2024-12-16T00:00:00
4264,725,4,Vanguard Enterprises - New Business,Negotiation,43373,2024-09-20,2024-07-05,Outbound - AE,Commit,False,False,,,34,Schedule demo,New Business,2024-07-05T00:00:00
4265,299,6,Horizon Enterprises - Platform Deal,Qualification,71278,2024-04-22,2023-09-05,Event,Best Case,False,False,Open Source Alternative,,6,,New Business,2023-09-05T00:00:00
4266,243,16,Summit Holdings - New Business,Discovery,59923,2021-07-21,2020-12-07,Event,Pipeline,False,False,CompetitorB,,44,Send proposal,New Business,2020-12-07T00:00:00
4267,494,5,Zenith Labs - Platform Deal,Negotiation,44060,2024-06-16,2024-03-01,,Commit,False,False,CompetitorB,,59,POC setup,New Business,2024-03-01T00:00:00
4268,300,14,Nova Digital - Platform Deal,Closed Lost,151182,2024-09-21,2024-08-15,Inbound - Content,Omitted,False,True,,Lost to Status Quo,37,,New Business,2024-08-15T00:00:00
4269,136,14,Atlas Services - Initial License,Prospecting,27622,2024-03-22,2023-12-13,Partner Referral,Pipeline,False,False,CompetitorB,,59,Reference call,New Business,2023-12-13T00:00:00
4270,803,16,Synergy Analytics - Upsell,Proposal,22326,2025-02-01,2024-12-19,Inbound - Content,Best Case,False,False,CompetitorE,,54,Contract signing,Expansion,2024-12-19T00:00:00
4271,830,13,Pacific Enterprises - New Business,Proposal,236924,2024-03-21,2024-04-06,,Best Case,False,False,,,33,Executive alignment,New Business,2024-04-06T00:00:00
4272,219,6,Fusion Platforms - Initial License,Closed Lost,104305,2022-08-31,2022-06-12,Webinar,Omitted,False,True,,Timing,1,,New Business,2022-06-12T00:00:00
4273,661,9,Velocity Systems - New Business,Proposal,57908,2021-11-26,2021-06-06,Event,Best Case,False,False,CompetitorA,,57,Technical review,New Business,2021-06-06T00:00:00
4274,573,15,Quantum Networks - Initial License,Qualification,951257,2025-05-30,2024-12-20,Event,Best Case,False,False,Open Source Alternative,,4,Technical review,New Business,2024-12-20T00:00:00
4275,682,10,Acme Partners - New Business,Qualification,12681,2025-03-04,2024-11-13,Inbound - Web,Best Case,False,False,CompetitorD,,32,Contract signing,New Business,2024-11-13T00:00:00
4276,288,8,Horizon Software - Platform Deal,Qualification,9544,2025-05-17,2024-10-26,Event,Best Case,False,False,CompetitorB,,46,Send proposal,New Business,2024-10-26T00:00:00
4202,365,2,Velocity Networks - New Business,Closed Won,44287,2024-11-18,2024-11-07,Product-Led,Closed,True,True,,,13,,New Business,2024-11-07T00:00:00
4278,943,15,Atlas Group - New Business,Qualification,49441,2025-05-20,2024-12-29,Product-Led,Best Case,False,False,CompetitorD,,55,POC setup,New Business,2024-12-29T00:00:00
4279,82,7,Apex Networks - Platform Deal,Proposal,35790,2021-09-06,2021-04-12,Outbound - SDR,Best Case,False,False,CompetitorA,,4,Send proposal,New Business,2021-04-12T00:00:00
4280,771,9,Vanguard Dynamics - Platform Deal,Qualification,41862,2023-10-04,2023-08-14,Partner Referral,Best Case,False,False,,,16,Reference call,New Business,2023-08-14T00:00:00
4281,1000,16,Catalyst Inc - Platform Deal,Closed Won,15210,2024-04-04,2024-02-14,Webinar,Closed,True,True,CompetitorE,,36,,New Business,2024-02-14T00:00:00
4282,327,4,Vanguard Enterprises - Platform Deal,Closed Won,36604,2024-07-11,2024-04-02,Inbound - Content,Closed,True,True,,,43,,New Business,2024-04-02T00:00:00
4283,75,16,Optima Solutions - New Business,Qualification,30702,2025-01-16,2024-06-19,Outbound - SDR,Best Case,False,False,,,39,Reference call,New Business,2024-06-19T00:00:00
4284,52,3,Vertex Analytics - Platform Deal,Closed Won,29400,2023-08-31,2023-09-18,,Closed,True,True,,,37,,New Business,2023-09-18T00:00:00
4285,390,1,Quantum Group - Initial License,Proposal,86217,2023-12-16,2023-04-11,,Best Case,False,False,,,31,Reference call,New Business,2023-04-11T00:00:00
4286,209,10,Vertex Analytics - Initial License,Prospecting,26688,2025-03-09,2024-08-09,Event,Pipeline,False,False,CompetitorE,,22,Legal review,New Business,2024-08-09T00:00:00
4287,673,3,Optima Networks - Initial License,Closed Lost,123098,2024-03-18,2023-09-05,Event,Omitted,False,True,,No Decision,15,,New Business,2023-09-05T00:00:00
4288,423,10,Zenith Inc - New Business,Closed Lost,221659,2024-12-31,2024-07-04,Webinar,Omitted,False,True,CompetitorA,No Decision,28,,New Business,2024-07-04T00:00:00
4289,649,3,Elevate Partners - Platform Deal,Prospecting,227923,2024-12-12,2024-06-12,Inbound - Content,Pipeline,False,False,,,7,Reference call,New Business,2024-06-12T00:00:00
4290,441,12,Summit Corp - Platform Deal,Qualification,7218,2025-03-29,2024-10-29,Outbound - SDR,Best Case,False,False,CompetitorB,,68,Executive alignment,New Business,2024-10-29T00:00:00
4291,193,9,Summit Corp - Additional Seats,Discovery,142492,2024-08-15,2024-05-03,Product-Led,Pipeline,False,False,,,19,Legal review,Expansion,2024-05-03T00:00:00
4292,695,12,Velocity Dynamics - Platform Deal,Proposal,27026,2024-10-01,2024-05-13,Product-Led,Best Case,False,False,,,60,,New Business,2024-05-13T00:00:00
4293,158,7,Apex Corp - New Business,Qualification,72224,2024-10-20,2024-03-12,Partner Referral,Best Case,False,False,,,26,POC setup,New Business,2024-03-12T00:00:00
4294,2,12,Pacific Software - New Business,Closed Lost,33412,2024-04-12,2024-01-12,,Omitted,False,True,CompetitorA,Competitor,32,,New Business,2024-01-12T00:00:00
4295,862,5,Apex Systems - Initial License,Prospecting,32863,2023-01-23,2022-06-29,Outbound - AE,Pipeline,False,False,CompetitorD,,46,Reference call,New Business,2022-06-29T00:00:00
4296,602,13,Elevate Software - Additional Seats,Closed Won,1850,2024-01-24,2023-07-31,Webinar,Closed,True,True,CompetitorD,,17,,Expansion,2023-07-31T00:00:00
4297,692,2,Optima Platforms - Initial License,Closed Lost,7373,2023-02-06,2023-01-25,Event,Omitted,False,True,CompetitorE,Price,21,,New Business,2023-01-25T00:00:00
4298,724,13,Fusion Inc - Platform Deal,Closed Lost,35177,2024-12-31,2024-08-07,Webinar,Omitted,False,True,CompetitorB,No Decision,54,,New Business,2024-08-07T00:00:00
4299,1,4,Fusion Digital - Upsell,Prospecting,6798,2025-06-08,2024-12-01,Outbound - AE,Pipeline,False,False,CompetitorA,,40,Send proposal,Expansion,2024-12-01T00:00:00
4300,214,11,Summit Digital - New Business,Negotiation,20350,2025-03-21,2024-10-19,Event,Commit,False,False,CompetitorB,,43,Contract signing,New Business,2024-10-19T00:00:00
4301,530,14,Horizon Technologies - Platform Deal,Closed Lost,6269,2023-12-05,2023-11-07,Inbound - Web,Omitted,False,True,,Feature Gap,64,,New Business,2023-11-07T00:00:00
4302,373,5,Global Holdings - New Business,Discovery,20013,2025-02-15,2024-09-30,Outbound - SDR,Pipeline,False,False,CompetitorD,,59,Reference call,New Business,2024-09-30T00:00:00
4303,886,12,Atlas Inc - Initial License,Proposal,49884,2025-01-12,2024-10-19,Product-Led,Best Case,False,False,CompetitorB,,67,Schedule demo,New Business,2024-10-19T00:00:00
4304,234,8,Summit Labs - Platform Deal,Discovery,47866,2025-06-22,2024-10-04,Event,Pipeline,False,False,CompetitorC,,41,Legal review,New Business,2024-10-04T00:00:00
4305,476,10,Horizon Services - Initial License,Closed Lost,127494,2022-01-16,2021-08-03,Inbound - Web,Omitted,False,True,CompetitorD,Budget Cut,11,,New Business,2021-08-03T00:00:00
4306,550,8,Pacific Solutions - Platform Deal,Discovery,599748,2024-03-09,2023-10-15,Outbound - AE,Pipeline,False,False,,,19,Legal review,New Business,2023-10-15T00:00:00
4307,358,11,Summit Technologies - Platform Deal,Discovery,870219,2024-06-08,2024-03-09,Inbound - Content,Pipeline,False,False,CompetitorB,,11,Contract signing,New Business,2024-03-09T00:00:00
4308,482,12,Vanguard Corp - Additional Seats,Qualification,14720,2024-01-27,2023-08-10,Event,Best Case,False,False,CompetitorC,,5,Executive alignment,Expansion,2023-08-10T00:00:00
4309,753,6,Velocity Technologies - Expansion,Qualification,3697,2022-11-17,2022-09-28,Product-Led,Best Case,False,False,,,47,Executive alignment,Expansion,2022-09-28T00:00:00
4310,298,6,Apex Digital - Platform Deal,Qualification,,2025-02-21,2024-09-09,Outbound - AE,Best Case,False,False,CompetitorD,,25,Technical review,New Business,2024-09-09T00:00:00
4311,963,8,Quantum Systems - Initial License,Qualification,21128,2024-12-26,2024-06-11,Outbound - AE,Best Case,False,False,CompetitorA,,27,Schedule demo,New Business,2024-06-11T00:00:00
4312,41,5,Nova Technologies - New Business,Closed Lost,54525,2024-06-25,2024-03-11,Product-Led,Omitted,False,True,CompetitorD,Lost to Status Quo,45,,New Business,2024-03-11T00:00:00
4313,290,4,Catalyst Labs - Platform Deal,Negotiation,42915,2025-02-18,2024-11-09,Inbound - Web,Commit,False,False,,,29,Technical review,New Business,2024-11-09T00:00:00
4314,187,13,Velocity Networks - Platform Deal,Qualification,174968,2023-04-04,2022-11-07,Inbound - Content,Best Case,False,False,CompetitorE,,54,Executive alignment,New Business,2022-11-07T00:00:00
4315,602,13,Elevate Software - Additional Seats,Discovery,11856,2024-12-28,2024-09-06,Inbound - Web,Pipeline,False,False,CompetitorC,,19,Executive alignment,Expansion,2024-09-06T00:00:00
4316,834,15,Elevate Analytics - New Business,Qualification,229082,2022-02-01,2022-01-01,Webinar,Best Case,False,False,,,16,Schedule demo,New Business,2022-01-01T00:00:00
4317,830,14,Pacific Enterprises - Platform Deal,Discovery,903334,2024-07-14,2024-06-06,Inbound - Content,Pipeline,False,False,CompetitorC,,33,,New Business,2024-06-06T00:00:00
4318,327,4,Vanguard Enterprises - Platform Deal,Qualification,16399,2024-08-12,2024-05-22,,Best Case,False,False,CompetitorB,,38,Schedule demo,New Business,2024-05-22T00:00:00
4319,346,1,Apex Inc - Platform Deal,Prospecting,48853,2022-03-24,2021-08-04,Outbound - AE,Pipeline,False,False,,,4,Reference call,New Business,2021-08-04T00:00:00
4320,937,6,Elevate Technologies - Platform Deal,Proposal,49773,2022-04-13,2022-02-06,Inbound - Content,Best Case,False,False,CompetitorC,,19,Executive alignment,New Business,2022-02-06T00:00:00
4095,958,5,Horizon Partners - New Business,Negotiation,40717,2025-06-22,2024-11-18,Inbound - Content,Commit,False,False,,,9,Legal review,New Business,2024-11-18T00:00:00
4322,916,9,Synergy Inc - Initial License,Prospecting,,2024-06-08,2023-10-05,Outbound - AE,Pipeline,False,False,,,49,Executive alignment,New Business,2023-10-05T00:00:00
4323,996,5,Quantum Enterprises - New Business,Qualification,54773,2025-01-19,2024-10-26,Outbound - AE,Best Case,False,False,,,17,Send proposal,New Business,2024-10-26T00:00:00
4324,555,9,Atlas Software - Platform Deal,Closed Lost,85770,2024-09-18,2024-03-10,Outbound - AE,Omitted,False,True,Open Source Alternative,No Decision,30,,New Business,2024-03-10T00:00:00
4325,156,1,Pacific Platforms - Platform Deal,Discovery,50866,2025-04-20,2024-09-07,,Pipeline,False,False,CompetitorC,,17,Send proposal,New Business,2024-09-07T00:00:00
4326,682,5,Acme Partners - New Business,Qualification,48417,2025-01-09,2024-09-02,,Best Case,False,False,CompetitorD,,12,Executive alignment,New Business,2024-09-02T00:00:00
4327,732,14,Vanguard Holdings - Additional Seats,Proposal,9218,2023-10-09,2023-09-04,Product-Led,Best Case,False,False,CompetitorC,,19,Contract signing,Expansion,2023-09-04T00:00:00
4328,639,5,Vertex Systems - Initial License,Proposal,838554,2024-12-16,2024-08-27,Webinar,Best Case,False,False,,,19,Contract signing,New Business,2024-08-27T00:00:00
4329,341,11,Acme Technologies - New Business,Negotiation,48124,2024-12-26,2024-07-11,Outbound - AE,Commit,False,False,CompetitorB,,14,Reference call,New Business,2024-07-11T00:00:00
4330,256,5,Summit Inc - Platform Deal,Prospecting,,2022-09-18,2022-10-14,Partner Referral,Pipeline,False,False,CompetitorD,,19,Legal review,New Business,2022-10-14T00:00:00
2293,989,10,Horizon Networks - Initial License,Discovery,42384,2024-12-02,2024-10-15,Product-Led,Pipeline,False,False,CompetitorA,,48,Send proposal,New Business,2024-10-15T00:00:00
4332,656,15,Global Platforms - Platform Deal,Discovery,22824,2024-01-15,2023-11-26,Event,Pipeline,False,False,CompetitorC,,58,Send proposal,New Business,2023-11-26T00:00:00
4333,542,10,Catalyst Platforms - New Business,Negotiation,185127,2025-02-25,2024-12-01,Outbound - SDR,Commit,False,False,CompetitorC,,14,Send proposal,New Business,2024-12-01T00:00:00
4334,133,9,Summit Holdings - Initial License,Qualification,7148,2024-08-17,2024-08-29,Webinar,Best Case,False,False,Open Source Alternative,,46,POC setup,New Business,2024-08-29T00:00:00
4335,231,10,Nexus Enterprises - Platform Deal,Prospecting,32751,2025-01-23,2024-12-08,Webinar,Pipeline,False,False,CompetitorE,,68,Legal review,New Business,2024-12-08T00:00:00
4336,953,6,Zenith Holdings - New Business,Qualification,149362,2024-11-12,2024-09-20,Inbound - Web,Best Case,False,False,CompetitorB,,36,Reference call,New Business,2024-09-20T00:00:00
4337,548,15,Vanguard Technologies - New Business,Discovery,37478,2025-04-04,2024-12-20,Event,Pipeline,False,False,Open Source Alternative,,53,Legal review,New Business,2024-12-20T00:00:00
4338,463,7,Zenith Labs - New Business,Negotiation,,2024-05-25,2024-06-01,Event,Commit,False,False,CompetitorB,,47,Legal review,New Business,2024-06-01T00:00:00
4339,914,4,Quantum Networks - Renewal,Qualification,20216,2023-08-29,2023-01-13,,Best Case,False,False,CompetitorA,,19,Legal review,Renewal,2023-01-13T00:00:00
4340,676,4,Pinnacle Partners - Initial License,Prospecting,110683,2022-02-24,2021-06-23,Inbound - Content,Pipeline,False,False,,,18,Schedule demo,New Business,2021-06-23T00:00:00
4341,471,7,Elevate Analytics - New Business,Closed Lost,35730,2024-12-31,2024-07-18,Inbound - Web,Omitted,False,True,,Champion Left,34,,New Business,2024-07-18T00:00:00
4342,94,2,Horizon Solutions - Initial License,Closed Lost,141681,2024-06-21,2024-02-22,Outbound - SDR,Omitted,False,True,CompetitorD,Budget Cut,35,,New Business,2024-02-22T00:00:00
4343,166,13,Velocity Technologies - Platform Deal,Closed Lost,25145,2024-12-31,2024-12-12,Outbound - SDR,Omitted,False,True,CompetitorE,Timing,19,,New Business,2024-12-12T00:00:00
4344,558,9,Apex Dynamics - New Business,Prospecting,33486,2020-09-11,2020-08-07,Event,Pipeline,False,False,,,68,Executive alignment,New Business,2020-08-07T00:00:00
4345,431,11,Elevate Labs - Upsell,Prospecting,43996,2025-06-16,2024-09-23,Product-Led,Pipeline,False,False,CompetitorD,,60,,Expansion,2024-09-23T00:00:00
4346,179,13,Vanguard Networks - Initial License,Proposal,46972,2025-06-04,2024-10-06,,Best Case,False,False,,,24,Send proposal,New Business,2024-10-06T00:00:00
4347,356,12,Vanguard Corp - Initial License,Discovery,42047,2023-03-08,2022-11-06,Outbound - AE,Pipeline,False,False,,,40,Schedule demo,New Business,2022-11-06T00:00:00
4348,904,3,Optima Holdings - Expansion,Prospecting,96862,2021-01-11,2020-08-07,Outbound - AE,Pipeline,False,False,,,7,Legal review,Expansion,2020-08-07T00:00:00
4349,865,10,Apex Corp - Platform Deal,Prospecting,43034,2024-10-28,2024-08-11,Inbound - Web,Pipeline,False,False,CompetitorD,,20,Send proposal,New Business,2024-08-11T00:00:00
4350,882,16,Pinnacle Analytics - New Business,Negotiation,22457,2025-05-16,2024-10-28,Event,Commit,False,False,CompetitorD,,61,Send proposal,New Business,2024-10-28T00:00:00
4351,174,15,Pinnacle Software - Initial License,Prospecting,45357,2024-10-21,2024-08-05,Event,Pipeline,False,False,CompetitorD,,7,Schedule demo,New Business,2024-08-05T00:00:00
4352,602,13,Elevate Software - Renewal,Prospecting,16199,2023-10-11,2023-07-22,,Pipeline,False,False,Open Source Alternative,,54,Schedule demo,Renewal,2023-07-22T00:00:00
4353,58,1,Acme Partners - Platform Deal,Discovery,1062986,2023-08-18,2023-04-21,Partner Referral,Pipeline,False,False,,,41,Executive alignment,New Business,2023-04-21T00:00:00
4354,171,4,Elevate Enterprises - Initial License,Qualification,16305,2025-06-12,2024-12-19,Webinar,Best Case,False,False,CompetitorC,,15,,New Business,2024-12-19T00:00:00
4355,168,14,Global Labs - Additional Seats,Prospecting,13662,2023-11-11,2023-05-24,Event,Pipeline,False,False,,,65,Schedule demo,Expansion,2023-05-24T00:00:00
4356,437,7,Apex Inc - Platform Deal,Discovery,214012,2022-12-20,2022-09-05,Outbound - AE,Pipeline,False,False,CompetitorC,,39,Contract signing,New Business,2022-09-05T00:00:00
4357,433,9,Pacific Holdings - Platform Deal,Qualification,126818,2024-01-16,2023-06-20,Inbound - Content,Best Case,False,False,CompetitorA,,30,Technical review,New Business,2023-06-20T00:00:00
4358,919,15,Nexus Holdings - Initial License,Discovery,149612,2025-03-22,2024-11-17,Inbound - Web,Pipeline,False,False,,,6,Technical review,New Business,2024-11-17T00:00:00
4359,963,8,Quantum Systems - Platform Deal,Discovery,21258,2024-11-26,2024-07-13,Webinar,Pipeline,False,False,,,21,POC setup,New Business,2024-07-13T00:00:00
4360,827,10,Atlas Networks - New Business,Qualification,36776,2024-08-07,2024-06-01,,Best Case,False,False,,,60,Executive alignment,New Business,2024-06-01T00:00:00
4361,728,6,Global Digital - Platform Deal,Closed Lost,41506,2023-10-22,2023-07-30,Outbound - AE,Omitted,False,True,CompetitorD,No Decision,37,,New Business,2023-07-30T00:00:00
4362,520,7,Catalyst Software - Renewal,Prospecting,147508,2025-01-31,2024-12-04,Event,Pipeline,False,False,,,27,Executive alignment,Renewal,2024-12-04T00:00:00
4363,226,2,Pacific Dynamics - Initial License,Proposal,59835,2023-03-13,2022-08-20,Outbound - AE,Best Case,False,False,CompetitorC,,40,Send proposal,New Business,2022-08-20T00:00:00
4364,603,7,Velocity Corp - Upsell,Proposal,2681,2024-08-15,2024-01-12,Event,Best Case,False,False,Open Source Alternative,,56,Contract signing,Expansion,2024-01-12T00:00:00
4365,744,2,Synergy Systems - Initial License,Closed Lost,360534,2024-12-25,2024-07-16,Outbound - SDR,Omitted,False,True,CompetitorC,Competitor,35,,New Business,2024-07-16T00:00:00
4366,698,14,Summit Services - Initial License,Discovery,194188,2025-03-10,2024-12-13,Event,Pipeline,False,False,Open Source Alternative,,71,Reference call,New Business,2024-12-13T00:00:00
4367,313,8,Zenith Corp - Initial License,Discovery,82834,2025-04-15,2024-09-14,Webinar,Pipeline,False,False,Open Source Alternative,,40,Schedule demo,New Business,2024-09-14T00:00:00
4368,223,5,Apex Analytics - New Business,Qualification,23257,2024-09-30,2024-06-10,Inbound - Content,Best Case,False,False,,,15,Schedule demo,New Business,2024-06-10T00:00:00
4369,180,15,Zenith Corp - New Business,Closed Lost,160866,2024-11-24,2024-05-11,Outbound - SDR,Omitted,False,True,,Feature Gap,24,,New Business,2024-05-11T00:00:00
4370,228,3,Summit Partners - Initial License,Discovery,15043,2023-12-05,2023-04-30,Inbound - Web,Pipeline,False,False,,,23,Send proposal,New Business,2023-04-30T00:00:00
4371,605,11,Catalyst Software - Initial License,Prospecting,38234,2024-03-15,2023-12-29,Inbound - Content,Pipeline,False,False,CompetitorE,,49,Legal review,New Business,2023-12-29T00:00:00
4372,365,2,Velocity Networks - New Business,Closed Lost,34953,2024-12-31,2024-11-24,Outbound - AE,Omitted,False,True,Open Source Alternative,No Decision,24,,New Business,2024-11-24T00:00:00
4373,992,9,Nexus Solutions - Initial License,Qualification,40328,2024-07-26,2023-11-06,Outbound - AE,Best Case,False,False,,,39,Technical review,New Business,2023-11-06T00:00:00
4374,345,16,Zenith Partners - Upsell,Qualification,57370,2024-10-19,2024-07-19,Webinar,Best Case,False,False,CompetitorC,,56,,Expansion,2024-07-19T00:00:00
4375,673,3,Optima Networks - New Business,Qualification,37642,2022-06-28,2022-05-14,Product-Led,Best Case,False,False,CompetitorE,,43,Schedule demo,New Business,2022-05-14T00:00:00
4376,817,5,Nexus Analytics - New Business,Qualification,122682,2023-09-21,2023-06-26,Product-Led,Best Case,False,False,Open Source Alternative,,1,Reference call,New Business,2023-06-26T00:00:00
4377,709,16,Pinnacle Group - Initial License,Negotiation,31555,2022-01-14,2021-09-30,Webinar,Commit,False,False,CompetitorA,,24,,New Business,2021-09-30T00:00:00
4378,347,13,Fusion Inc - Platform Deal,Discovery,24051,2021-09-04,2021-03-20,Inbound - Web,Pipeline,False,False,CompetitorE,,41,Send proposal,New Business,2021-03-20T00:00:00
4379,407,1,Nova Holdings - Initial License,Prospecting,36735,2025-03-18,2024-12-13,,Pipeline,False,False,CompetitorB,,25,Reference call,New Business,2024-12-13T00:00:00
4380,179,13,Vanguard Networks - New Business,Closed Lost,25407,2023-08-23,2023-07-29,Event,Omitted,False,True,CompetitorA,Timing,7,,New Business,2023-07-29T00:00:00
4381,981,7,Nova Networks - New Business,Negotiation,37432,2024-03-15,2023-09-13,Outbound - SDR,Commit,False,False,CompetitorB,,53,Executive alignment,New Business,2023-09-13T00:00:00
4382,67,9,Nexus Platforms - Initial License,Discovery,129886,2023-03-18,2022-12-18,Event,Pipeline,False,False,,,4,POC setup,New Business,2022-12-18T00:00:00
4383,228,13,Summit Partners - Expansion,Qualification,17725,2025-01-07,2024-06-17,Inbound - Content,Best Case,False,False,,,26,Executive alignment,Expansion,2024-06-17T00:00:00
4384,637,14,Nova Solutions - New Business,Closed Lost,187798,2022-09-27,2022-03-30,Event,Omitted,False,True,CompetitorB,Budget Cut,20,,New Business,2022-03-30T00:00:00
4385,179,13,Vanguard Networks - Initial License,Qualification,31476,2023-03-16,2022-10-01,,Best Case,False,False,CompetitorC,,61,,New Business,2022-10-01T00:00:00
4386,500,13,Catalyst Holdings - New Business,Qualification,35392,2025-04-14,2024-10-05,Partner Referral,Best Case,False,False,CompetitorE,,29,,New Business,2024-10-05T00:00:00
4387,296,4,Zenith Dynamics - Contract Renewal,Closed Lost,45319,2024-09-30,2024-05-08,Partner Referral,Omitted,False,True,CompetitorE,Competitor,48,,Renewal,2024-05-08T00:00:00
4388,286,6,Nexus Systems - Platform Deal,Proposal,558276,2023-05-19,2023-01-20,Inbound - Content,Best Case,False,False,CompetitorE,,8,Legal review,New Business,2023-01-20T00:00:00
4389,965,7,Zenith Systems - New Business,Discovery,40408,2025-03-03,2024-10-24,Inbound - Content,Pipeline,False,False,CompetitorC,,35,Reference call,New Business,2024-10-24T00:00:00
4390,570,13,Nova Partners - Initial License,Discovery,214896,2025-08-03,2024-12-03,Inbound - Content,Pipeline,False,False,,,13,Legal review,New Business,2024-12-03T00:00:00
4391,201,15,Vertex Platforms - Initial License,Prospecting,49773,2025-05-24,2024-10-05,Webinar,Pipeline,False,False,,,4,POC setup,New Business,2024-10-05T00:00:00
4392,48,3,Catalyst Software - Platform Deal,Prospecting,18169,2024-12-23,2024-06-17,Webinar,Pipeline,False,False,CompetitorC,,26,Reference call,New Business,2024-06-17T00:00:00
4393,179,13,Vanguard Networks - Platform Deal,Discovery,45810,2023-01-04,2022-07-26,Event,Pipeline,False,False,CompetitorA,,12,Legal review,New Business,2022-07-26T00:00:00
4394,887,16,Summit Corp - New Business,Negotiation,31879,2025-04-11,2024-12-07,Event,Commit,False,False,CompetitorE,,12,Send proposal,New Business,2024-12-07T00:00:00
4395,458,12,Synergy Dynamics - Initial License,Prospecting,15868,2025-01-11,2024-08-20,Inbound - Web,Pipeline,False,False,,,24,Legal review,New Business,2024-08-20T00:00:00
4396,368,14,Horizon Corp - Initial License,Proposal,142870,2023-09-19,2023-05-21,Product-Led,Best Case,False,False,,,11,,New Business,2023-05-21T00:00:00
4397,640,6,Acme Holdings - New Business,Closed Won,28193,2024-08-30,2024-03-22,Inbound - Content,Closed,True,True,Open Source Alternative,,24,,New Business,2024-03-22T00:00:00
4398,84,2,Nexus Group - New Business,Closed Won,27489,2024-12-23,2024-11-06,Webinar,Closed,True,True,,,10,,New Business,2024-11-06T00:00:00
4399,734,13,Horizon Group - New Business,Prospecting,,2024-04-17,2024-01-17,Product-Led,Pipeline,False,False,CompetitorB,,10,Reference call,New Business,2024-01-17T00:00:00
4400,263,16,Pinnacle Partners - New Business,Closed Won,64218,2024-07-06,2024-03-31,Outbound - SDR,Closed,True,True,CompetitorC,,37,,New Business,2024-03-31T00:00:00
3685,507,13,Nova Services - Initial License,Prospecting,12021,2024-09-23,2024-08-14,Partner Referral,Pipeline,False,False,Open Source Alternative,,9,Send proposal,New Business,2024-08-14T00:00:00
4402,28,16,Zenith Solutions - Platform Deal,Qualification,134111,2025-05-02,2024-11-25,Outbound - AE,Best Case,False,False,CompetitorD,,41,Reference call,New Business,2024-11-25T00:00:00
4403,750,8,Vanguard Systems - New Business,Discovery,9244,2024-04-10,2023-10-13,Inbound - Web,Pipeline,False,False,CompetitorD,,24,Executive alignment,New Business,2023-10-13T00:00:00
4404,117,6,Fusion Networks - Platform Deal,Proposal,44999,2024-09-29,2024-07-14,Inbound - Web,Best Case,False,False,CompetitorC,,38,Send proposal,New Business,2024-07-14T00:00:00
4405,987,11,Vertex Corp - Platform Deal,Discovery,138780,2024-10-06,2024-02-01,Product-Led,Pipeline,False,False,CompetitorD,,23,Legal review,New Business,2024-02-01T00:00:00
4406,179,13,Vanguard Networks - Platform Deal,Closed Lost,22285,2023-02-11,2022-12-06,Partner Referral,Omitted,False,True,,Champion Left,8,,New Business,2022-12-06T00:00:00
4407,702,2,Pinnacle Group - Initial License,Prospecting,650620,2024-09-28,2024-01-24,Event,Pipeline,False,False,Open Source Alternative,,14,Contract signing,New Business,2024-01-24T00:00:00
4408,216,8,Optima Labs - New Business,Prospecting,14592,2023-12-01,2023-09-11,Webinar,Pipeline,False,False,,,10,,New Business,2023-09-11T00:00:00
4409,903,16,Apex Networks - New Business,Closed Won,91048,2022-09-28,2022-07-10,Partner Referral,Closed,True,True,,,39,,New Business,2022-07-10T00:00:00
4410,394,4,Quantum Solutions - Initial License,Prospecting,157205,2024-12-26,2024-08-01,Partner Referral,Pipeline,False,False,CompetitorD,,30,,New Business,2024-08-01T00:00:00
4411,679,7,Nova Systems - Platform Deal,Closed Lost,28339,2023-11-13,2023-08-04,Webinar,Omitted,False,True,Open Source Alternative,Budget Cut,50,,New Business,2023-08-04T00:00:00
4412,705,12,Atlas Services - New Business,Qualification,173543,2022-07-18,2022-04-24,Event,Best Case,False,False,,,35,Executive alignment,New Business,2022-04-24T00:00:00
4413,586,3,Catalyst Services - Initial License,Closed Lost,25292,2024-11-18,2024-08-19,Outbound - AE,Omitted,False,True,,No Decision,41,,New Business,2024-08-19T00:00:00
4414,793,12,Zenith Holdings - Upsell,Closed Won,16374,2024-04-11,2023-09-28,Inbound - Content,Closed,True,True,,,19,,Expansion,2023-09-28T00:00:00
4415,348,9,Quantum Inc - Initial License,Discovery,46548,2025-08-08,2024-12-12,Inbound - Content,Pipeline,False,False,CompetitorB,,62,Send proposal,New Business,2024-12-12T00:00:00
4416,949,10,Quantum Holdings - New Business,Qualification,190671,2023-03-04,2022-07-29,Event,Best Case,False,False,CompetitorA,,61,Executive alignment,New Business,2022-07-29T00:00:00
4417,376,1,Nexus Services - New Business,Closed Lost,52965,2024-12-31,2024-12-08,Product-Led,Omitted,False,True,,Feature Gap,13,,New Business,2024-12-08T00:00:00
4418,717,16,Nexus Inc - New Business,Prospecting,26674,2025-05-29,2024-11-16,Outbound - SDR,Pipeline,False,False,,,12,Executive alignment,New Business,2024-11-16T00:00:00
4419,364,4,Catalyst Digital - Platform Deal,Qualification,11792,2025-05-19,2024-09-08,Event,Best Case,False,False,CompetitorB,,57,POC setup,New Business,2024-09-08T00:00:00
4420,448,5,Acme Corp - Platform Deal,Prospecting,49618,2025-01-27,2024-12-19,Inbound - Content,Pipeline,False,False,CompetitorC,,5,Contract signing,New Business,2024-12-19T00:00:00
4421,400,4,Vanguard Inc - New Business,Proposal,41564,2025-01-01,2024-05-19,Inbound - Content,Best Case,False,False,CompetitorE,,13,Technical review,New Business,2024-05-19T00:00:00
4422,872,16,Summit Holdings - New Business,Prospecting,,2025-01-27,2024-12-16,Inbound - Web,Pipeline,False,False,Open Source Alternative,,63,,New Business,2024-12-16T00:00:00
4423,285,8,Pacific Holdings - Platform Deal,Closed Lost,,2024-06-26,2024-01-09,Inbound - Content,Omitted,False,True,CompetitorA,Price,44,,New Business,2024-01-09T00:00:00
4424,762,7,Pinnacle Enterprises - New Business,Prospecting,46700,2021-09-12,2021-07-03,Outbound - AE,Pipeline,False,False,CompetitorB,,37,Contract signing,New Business,2021-07-03T00:00:00
4425,564,16,Atlas Software - Platform Deal,Closed Lost,29053,2024-12-31,2024-12-09,Outbound - SDR,Omitted,False,True,CompetitorA,Competitor,57,,New Business,2024-12-09T00:00:00
4426,688,16,Vertex Technologies - Initial License,Prospecting,210758,2024-11-26,2024-07-12,Webinar,Pipeline,False,False,,,53,Technical review,New Business,2024-07-12T00:00:00
2252,675,9,Pacific Platforms - Initial License,Closed Lost,34888,2024-09-20,2024-06-13,Event,Omitted,False,True,CompetitorB,Lost to Status Quo,35,,New Business,2024-06-13T00:00:00
4428,456,12,Horizon Labs - Initial License,Proposal,33940,2023-07-16,2022-11-21,Event,Best Case,False,False,,,21,Reference call,New Business,2022-11-21T00:00:00
4429,521,15,Vertex Dynamics - Contract Renewal,Closed Lost,11966,2024-12-31,2024-11-10,Webinar,Omitted,False,True,,Price,43,,Renewal,2024-11-10T00:00:00
4430,322,11,Nexus Technologies - Initial License,Qualification,42783,2025-03-24,2024-07-02,Partner Referral,Best Case,False,False,CompetitorC,,43,Executive alignment,New Business,2024-07-02T00:00:00
4431,440,15,Fusion Systems - Initial License,Qualification,22047,2023-04-01,2023-02-17,Webinar,Best Case,False,False,CompetitorA,,38,Reference call,New Business,2023-02-17T00:00:00
4432,144,7,Pinnacle Enterprises - Platform Deal,Closed Lost,36939,2024-07-31,2024-06-09,Partner Referral,Omitted,False,True,CompetitorC,Budget Cut,4,,New Business,2024-06-09T00:00:00
4433,144,7,Pinnacle Enterprises - Initial License,Prospecting,7094,2025-03-16,2024-11-23,Outbound - SDR,Pipeline,False,False,,,37,Technical review,New Business,2024-11-23T00:00:00
4434,399,2,Apex Inc - New Business,Prospecting,9138,2022-01-12,2021-11-04,Outbound - AE,Pipeline,False,False,CompetitorD,,24,Reference call,New Business,2021-11-04T00:00:00
4435,617,12,Zenith Enterprises - New Business,Proposal,26213,2024-08-21,2024-07-14,Outbound - AE,Best Case,False,False,,,8,,New Business,2024-07-14T00:00:00
4436,798,7,Synergy Solutions - New Business,Closed Won,67721,2024-12-23,2024-10-19,Outbound - AE,Closed,True,True,CompetitorD,,3,,New Business,2024-10-19T00:00:00
4437,342,6,Optima Dynamics - Platform Deal,Closed Lost,25332,2024-08-09,2024-03-16,Outbound - AE,Omitted,False,True,CompetitorB,Competitor,40,,New Business,2024-03-16T00:00:00
4438,562,14,Zenith Partners - Renewal,Closed Won,499477,2024-12-31,2024-11-08,Event,Closed,True,True,Open Source Alternative,,19,,Renewal,2024-11-08T00:00:00
4439,808,13,Nexus Group - Initial License,Qualification,77888,2022-03-14,2021-11-22,Event,Best Case,False,False,CompetitorC,,54,Send proposal,New Business,2021-11-22T00:00:00
4440,28,16,Zenith Solutions - Initial License,Qualification,171586,2025-01-25,2024-12-20,Webinar,Best Case,False,False,CompetitorD,,34,,New Business,2024-12-20T00:00:00
4441,449,2,Summit Group - Initial License,Proposal,39636,2024-07-23,2024-07-29,Webinar,Best Case,False,False,,,11,Legal review,New Business,2024-07-29T00:00:00
4442,886,12,Atlas Inc - Initial License,Closed Lost,34445,2024-10-29,2024-10-13,Inbound - Web,Omitted,False,True,CompetitorA,Lost to Status Quo,3,,New Business,2024-10-13T00:00:00
4443,183,15,Nexus Inc - New Business,Discovery,39693,2025-03-09,2024-09-14,Partner Referral,Pipeline,False,False,CompetitorA,,32,Contract signing,New Business,2024-09-14T00:00:00
4444,421,5,Pinnacle Digital - New Business,Discovery,5680,2025-04-15,2024-11-16,Webinar,Pipeline,False,False,Open Source Alternative,,54,Executive alignment,New Business,2024-11-16T00:00:00
4445,271,12,Apex Holdings - New Business,Proposal,37990,2023-12-21,2023-10-17,Webinar,Best Case,False,False,CompetitorE,,19,Technical review,New Business,2023-10-17T00:00:00
4446,377,12,Global Inc - Platform Deal,Proposal,274851,2021-10-24,2021-03-31,Outbound - SDR,Best Case,False,False,CompetitorA,,12,POC setup,New Business,2021-03-31T00:00:00
4447,159,6,Horizon Analytics - Contract Renewal,Discovery,34226,2023-06-10,2023-01-12,Outbound - AE,Pipeline,False,False,CompetitorB,,43,POC setup,Renewal,2023-01-12T00:00:00
4448,34,16,Nova Networks - Additional Seats,Proposal,49704,2024-06-12,2024-01-23,Outbound - SDR,Best Case,False,False,CompetitorE,,26,Legal review,Expansion,2024-01-23T00:00:00
4449,128,2,Catalyst Digital - Initial License,Closed Lost,42330,2023-04-22,2023-02-06,Outbound - AE,Omitted,False,True,CompetitorA,Budget Cut,39,,New Business,2023-02-06T00:00:00
4450,705,5,Atlas Services - New Business,Qualification,161153,2025-03-06,2024-12-13,Partner Referral,Best Case,False,False,,,47,Send proposal,New Business,2024-12-13T00:00:00
4451,87,13,Atlas Solutions - Platform Deal,Proposal,27392,2022-12-25,2022-07-08,Outbound - AE,Best Case,False,False,CompetitorC,,56,,New Business,2022-07-08T00:00:00
4452,206,10,Nexus Platforms - New Business,Closed Lost,193930,2023-06-28,2023-05-24,Inbound - Content,Omitted,False,True,CompetitorB,Feature Gap,15,,New Business,2023-05-24T00:00:00
1946,999,16,Elevate Corp - Platform Deal,Qualification,773895,2025-01-18,2024-11-10,Product-Led,Best Case,False,False,CompetitorA,,49,Reference call,New Business,2024-11-10T00:00:00
4454,982,15,Vertex Group - Initial License,Closed Lost,12874,2024-12-31,2024-11-24,Event,Omitted,False,True,CompetitorA,Lost to Status Quo,29,,New Business,2024-11-24T00:00:00
4455,549,6,Quantum Holdings - Initial License,Negotiation,8615,2024-03-30,2023-11-01,Product-Led,Commit,False,False,Open Source Alternative,,20,Contract signing,New Business,2023-11-01T00:00:00
4456,505,15,Vertex Partners - New Business,Closed Lost,40071,2024-12-31,2024-11-15,Event,Omitted,False,True,CompetitorC,Budget Cut,35,,New Business,2024-11-15T00:00:00
4457,779,6,Catalyst Analytics - Platform Deal,Qualification,441118,2023-01-14,2022-10-26,Event,Best Case,False,False,Open Source Alternative,,58,Reference call,New Business,2022-10-26T00:00:00
4458,91,5,Apex Enterprises - New Business,Closed Lost,397078,2024-12-31,2024-12-22,,Omitted,False,True,,Timing,58,,New Business,2024-12-22T00:00:00
4459,481,5,Zenith Group - New Business,Prospecting,40298,2024-07-28,2024-03-13,Event,Pipeline,False,False,CompetitorA,,16,POC setup,New Business,2024-03-13T00:00:00
4460,410,14,Pacific Dynamics - New Business,Qualification,174537,2024-11-28,2024-10-06,Product-Led,Best Case,False,False,CompetitorB,,32,Schedule demo,New Business,2024-10-06T00:00:00
4461,409,9,Acme Platforms - Initial License,Prospecting,50346,2024-11-07,2024-07-30,Inbound - Web,Pipeline,False,False,CompetitorD,,41,Contract signing,New Business,2024-07-30T00:00:00
4462,258,7,Elevate Digital - New Business,Prospecting,179328,2024-02-13,2023-08-02,,Pipeline,False,False,Open Source Alternative,,54,Legal review,New Business,2023-08-02T00:00:00
4463,900,13,Horizon Networks - Initial License,Prospecting,10584,2025-01-20,2024-10-06,Event,Pipeline,False,False,CompetitorA,,14,Contract signing,New Business,2024-10-06T00:00:00
4464,477,12,Pinnacle Digital - New Business,Closed Lost,843707,2024-12-16,2024-07-15,Webinar,Omitted,False,True,CompetitorB,Timing,32,,New Business,2024-07-15T00:00:00
4465,673,3,Optima Networks - Platform Deal,Qualification,195483,2022-05-13,2022-03-16,Webinar,Best Case,False,False,,,7,Schedule demo,New Business,2022-03-16T00:00:00
4466,973,4,Zenith Labs - Initial License,Proposal,33288,2022-02-25,2021-08-04,,Best Case,False,False,CompetitorC,,25,Legal review,New Business,2021-08-04T00:00:00
4467,661,9,Velocity Systems - New Business,Qualification,124125,2021-11-18,2021-06-30,Webinar,Best Case,False,False,,,44,Legal review,New Business,2021-06-30T00:00:00
4468,747,10,Elevate Services - Initial License,Proposal,29382,2024-09-20,2024-05-04,Webinar,Best Case,False,False,CompetitorE,,41,Technical review,New Business,2024-05-04T00:00:00
4469,292,16,Summit Networks - Additional Seats,Proposal,18864,2024-02-10,2023-09-11,Webinar,Best Case,False,False,,,19,Send proposal,Expansion,2023-09-11T00:00:00
4470,28,16,Zenith Solutions - Initial License,Negotiation,30898,2025-02-22,2024-12-24,Inbound - Web,Commit,False,False,CompetitorA,,39,Contract signing,New Business,2024-12-24T00:00:00
4471,627,10,Pinnacle Software - Platform Deal,Qualification,21861,2025-04-26,2024-09-03,Webinar,Best Case,False,False,Open Source Alternative,,45,Legal review,New Business,2024-09-03T00:00:00
4472,948,5,Quantum Corp - Platform Deal,Qualification,5535,2025-08-18,2024-12-09,Outbound - AE,Best Case,False,False,CompetitorA,,23,Technical review,New Business,2024-12-09T00:00:00
1829,59,15,Atlas Labs - Initial License,Proposal,35464,2025-02-13,2024-10-02,Outbound - AE,Best Case,False,False,,,21,Contract signing,New Business,2024-10-02T00:00:00
4474,667,7,Vertex Analytics - New Business,Prospecting,8388,2025-05-30,2024-12-08,Outbound - SDR,Pipeline,False,False,CompetitorB,,37,,New Business,2024-12-08T00:00:00
4475,547,14,Optima Platforms - Initial License,Prospecting,45349,2022-03-15,2021-11-11,Inbound - Content,Pipeline,False,False,CompetitorB,,21,Contract signing,New Business,2021-11-11T00:00:00
4476,376,9,Nexus Services - New Business,Prospecting,137220,2025-07-15,2024-11-11,Inbound - Content,Pipeline,False,False,CompetitorA,,63,,New Business,2024-11-11T00:00:00
4477,647,16,Quantum Corp - Platform Deal,Closed Lost,178512,2024-09-10,2024-03-01,Partner Referral,Omitted,False,True,CompetitorD,Competitor,31,,New Business,2024-03-01T00:00:00
4478,977,8,Fusion Digital - Platform Deal,Closed Lost,465733,2024-09-13,2024-07-21,Product-Led,Omitted,False,True,CompetitorB,Budget Cut,44,,New Business,2024-07-21T00:00:00
4479,142,15,Velocity Enterprises - New Business,Qualification,36715,2025-08-02,2024-12-06,Webinar,Best Case,False,False,CompetitorB,,40,Send proposal,New Business,2024-12-06T00:00:00
4480,244,4,Horizon Software - Platform Deal,Proposal,121980,2023-05-19,2022-10-20,Product-Led,Best Case,False,False,CompetitorB,,12,Legal review,New Business,2022-10-20T00:00:00
4481,159,7,Horizon Analytics - New Business,Discovery,45406,2021-02-04,2020-11-21,Outbound - SDR,Pipeline,False,False,,,48,Schedule demo,New Business,2020-11-21T00:00:00
4482,813,15,Pinnacle Group - New Business,Discovery,52184,2024-12-07,2024-10-05,Inbound - Web,Pipeline,False,False,CompetitorD,,44,Contract signing,New Business,2024-10-05T00:00:00
4483,145,9,Nova Software - Upsell,Discovery,28177,2024-04-14,2024-01-23,Partner Referral,Pipeline,False,False,CompetitorB,,31,Send proposal,Expansion,2024-01-23T00:00:00
4484,859,10,Pacific Analytics - Platform Deal,Prospecting,38599,2023-02-26,2022-12-11,Event,Pipeline,False,False,CompetitorD,,43,Schedule demo,New Business,2022-12-11T00:00:00
4485,655,10,Zenith Analytics - Platform Deal,Negotiation,163882,2024-12-25,2024-11-19,Webinar,Commit,False,False,CompetitorA,,42,Schedule demo,New Business,2024-11-19T00:00:00
4486,988,5,Apex Enterprises - New Business,Qualification,34620,2025-08-17,2024-11-23,Partner Referral,Best Case,False,False,Open Source Alternative,,47,Technical review,New Business,2024-11-23T00:00:00
4487,175,7,Fusion Analytics - Platform Deal,Qualification,186670,2024-09-21,2024-07-03,Inbound - Web,Best Case,False,False,CompetitorE,,13,,New Business,2024-07-03T00:00:00
4488,980,13,Summit Technologies - Expansion,Proposal,7684,2022-08-22,2022-05-03,Inbound - Web,Best Case,False,False,CompetitorA,,44,POC setup,Expansion,2022-05-03T00:00:00
4489,769,4,Summit Labs - Initial License,Proposal,117581,2025-04-18,2024-11-25,Outbound - SDR,Best Case,False,False,,,36,Contract signing,New Business,2024-11-25T00:00:00
4490,710,16,Pinnacle Labs - Platform Deal,Closed Lost,35444,2024-12-31,2024-09-07,Partner Referral,Omitted,False,True,,Champion Left,15,,New Business,2024-09-07T00:00:00
4491,832,8,Optima Digital - Initial License,Prospecting,14098,2024-12-23,2024-09-11,Inbound - Web,Pipeline,False,False,CompetitorB,,48,Send proposal,New Business,2024-09-11T00:00:00
4492,207,16,Atlas Technologies - New Business,Closed Won,38686,2024-12-31,2024-09-07,Event,Closed,True,True,CompetitorE,,51,,New Business,2024-09-07T00:00:00
4493,147,7,Apex Software - New Business,Proposal,99883,2025-05-08,2024-11-03,Product-Led,Best Case,False,False,,,54,Reference call,New Business,2024-11-03T00:00:00
4494,675,9,Pacific Platforms - New Business,Discovery,30619,2021-08-24,2021-03-01,Outbound - AE,Pipeline,False,False,CompetitorD,,69,POC setup,New Business,2021-03-01T00:00:00
4495,786,1,Catalyst Corp - Initial License,Qualification,172691,2023-07-18,2022-12-04,Outbound - SDR,Best Case,False,False,,,29,Schedule demo,New Business,2022-12-04T00:00:00
4496,178,12,Quantum Group - Platform Deal,Proposal,119301,2024-11-15,2024-07-10,Outbound - SDR,Best Case,False,False,CompetitorC,,43,Technical review,New Business,2024-07-10T00:00:00
4497,522,8,Nexus Platforms - Platform Deal,Closed Won,157129,2024-09-29,2024-06-22,Inbound - Web,Closed,True,True,,,41,,New Business,2024-06-22T00:00:00
4498,773,5,Fusion Partners - Initial License,Proposal,,2025-01-23,2024-11-08,Inbound - Web,Best Case,False,False,CompetitorD,,3,Reference call,New Business,2024-11-08T00:00:00
4499,906,3,Vertex Enterprises - Initial License,Discovery,83251,2024-06-23,2023-10-10,Outbound - AE,Pipeline,False,False,CompetitorA,,35,,New Business,2023-10-10T00:00:00
4500,713,10,Quantum Group - Platform Deal,Closed Lost,106940,2023-03-18,2022-07-06,Event,Omitted,False,True,,Competitor,49,,New Business,2022-07-06T00:00:00
4501,581,14,Quantum Enterprises - New Business,Closed Won,54836,2024-12-31,2024-12-06,,Closed,True,True,CompetitorA,,54,,New Business,2024-12-06T00:00:00
4502,81,11,Velocity Dynamics - New Business,Prospecting,42342,2025-03-16,2024-09-28,Partner Referral,Pipeline,False,False,,,2,,New Business,2024-09-28T00:00:00
4503,698,14,Summit Services - Platform Deal,Prospecting,445509,2024-09-28,2024-08-03,Webinar,Pipeline,False,False,CompetitorA,,26,,New Business,2024-08-03T00:00:00
4504,330,15,Synergy Analytics - Initial License,Prospecting,21597,2025-09-11,2024-12-28,Product-Led,Pipeline,False,False,,,52,,New Business,2024-12-28T00:00:00
4505,302,5,Catalyst Partners - Initial License,Discovery,28849,2023-01-16,2022-11-14,Webinar,Pipeline,False,False,,,32,,New Business,2022-11-14T00:00:00
4506,167,7,Vanguard Software - New Business,Closed Lost,30781,2024-10-04,2024-06-14,Webinar,Omitted,False,True,CompetitorC,Budget Cut,14,,New Business,2024-06-14T00:00:00
4507,626,15,Synergy Inc - Platform Deal,Closed Lost,236014,2024-12-24,2024-11-24,,Omitted,False,True,CompetitorC,Competitor,30,,New Business,2024-11-24T00:00:00
4508,46,10,Fusion Partners - Expansion,Qualification,18383,2025-01-31,2024-08-17,Inbound - Content,Best Case,False,False,CompetitorA,,24,Schedule demo,Expansion,2024-08-17T00:00:00
4509,682,5,Acme Partners - New Business,Proposal,35122,2024-08-10,2024-06-21,Outbound - AE,Best Case,False,False,CompetitorD,,21,Reference call,New Business,2024-06-21T00:00:00
3717,731,7,Acme Enterprises - Initial License,Discovery,115223,2024-09-04,2024-01-31,Inbound - Web,Pipeline,False,False,CompetitorC,,18,Technical review,New Business,2024-01-31T00:00:00
4511,458,7,Synergy Dynamics - Initial License,Closed Lost,14575,2023-10-21,2023-06-25,,Omitted,False,True,CompetitorB,Lost to Status Quo,42,,New Business,2023-06-25T00:00:00
4512,460,7,Velocity Networks - Platform Deal,Qualification,145239,2025-05-28,2024-11-11,Product-Led,Best Case,False,False,CompetitorB,,55,Legal review,New Business,2024-11-11T00:00:00
4513,794,6,Vanguard Networks - Initial License,Prospecting,49505,2024-12-04,2024-09-05,Outbound - SDR,Pipeline,False,False,,,46,POC setup,New Business,2024-09-05T00:00:00
4514,866,13,Velocity Digital - Initial License,Closed Lost,184897,2024-12-19,2024-08-02,Partner Referral,Omitted,False,True,CompetitorE,Timing,32,,New Business,2024-08-02T00:00:00
4515,888,6,Zenith Digital - Platform Deal,Discovery,9774,2025-03-09,2024-11-25,,Pipeline,False,False,,,15,Schedule demo,New Business,2024-11-25T00:00:00
4516,601,13,Vanguard Dynamics - New Business,Prospecting,32114,2023-08-15,2023-05-30,Outbound - SDR,Pipeline,False,False,CompetitorC,,26,,New Business,2023-05-30T00:00:00
4517,347,8,Fusion Inc - Additional Seats,Prospecting,45984,2024-05-05,2023-11-14,Inbound - Web,Pipeline,False,False,CompetitorC,,52,Executive alignment,Expansion,2023-11-14T00:00:00
4518,927,14,Catalyst Systems - Initial License,Qualification,21968,2022-12-03,2022-09-13,Event,Best Case,False,False,CompetitorE,,6,Contract signing,New Business,2022-09-13T00:00:00
4519,57,11,Acme Technologies - Initial License,Proposal,881805,2023-06-26,2023-05-09,Event,Best Case,False,False,,,10,POC setup,New Business,2023-05-09T00:00:00
4520,583,12,Nexus Dynamics - New Business,Closed Won,71554,2023-06-22,2023-01-21,Partner Referral,Closed,True,True,,,12,,New Business,2023-01-21T00:00:00
4521,930,7,Optima Corp - Additional Seats,Closed Lost,3909,2023-06-23,2023-03-11,Outbound - AE,Omitted,False,True,,Competitor,52,,Expansion,2023-03-11T00:00:00
4522,41,15,Nova Technologies - New Business,Prospecting,133005,2023-09-25,2023-01-01,Inbound - Content,Pipeline,False,False,CompetitorA,,14,Executive alignment,New Business,2023-01-01T00:00:00
4523,530,14,Horizon Technologies - New Business,Closed Lost,15520,2024-12-31,2024-12-16,,Omitted,False,True,CompetitorB,Lost to Status Quo,7,,New Business,2024-12-16T00:00:00
4524,594,13,Pinnacle Services - Contract Renewal,Closed Lost,111483,2024-02-12,2023-11-03,Webinar,Omitted,False,True,CompetitorE,Price,45,,Renewal,2023-11-03T00:00:00
4525,221,6,Elevate Partners - Initial License,Proposal,54815,2022-02-10,2021-06-22,Outbound - SDR,Best Case,False,False,CompetitorC,,1,POC setup,New Business,2021-06-22T00:00:00
4526,804,14,Quantum Software - Platform Deal,Prospecting,101496,2024-05-29,2023-09-11,Partner Referral,Pipeline,False,False,CompetitorD,,23,Reference call,New Business,2023-09-11T00:00:00
4527,227,3,Vanguard Technologies - Platform Deal,Prospecting,199011,2023-05-08,2023-02-28,Webinar,Pipeline,False,False,CompetitorE,,1,Reference call,New Business,2023-02-28T00:00:00
4528,605,11,Catalyst Software - Initial License,Proposal,21419,2024-12-31,2024-07-14,Inbound - Web,Best Case,False,False,CompetitorB,,37,Contract signing,New Business,2024-07-14T00:00:00
4529,601,13,Vanguard Dynamics - New Business,Proposal,16845,2023-01-11,2022-09-13,Product-Led,Best Case,False,False,,,56,,New Business,2022-09-13T00:00:00
4530,671,7,Optima Holdings - New Business,Qualification,207031,2024-08-03,2024-03-01,Webinar,Best Case,False,False,CompetitorA,,31,Send proposal,New Business,2024-03-01T00:00:00
4531,542,10,Catalyst Platforms - Initial License,Proposal,183875,2024-12-29,2024-06-06,Event,Best Case,False,False,,,33,,New Business,2024-06-06T00:00:00
4532,268,14,Optima Platforms - New Business,Closed Lost,187658,2023-12-18,2023-08-13,,Omitted,False,True,CompetitorD,No Decision,70,,New Business,2023-08-13T00:00:00
4533,178,5,Quantum Group - Initial License,Qualification,37085,2024-06-10,2024-05-05,Webinar,Best Case,False,False,CompetitorB,,32,Executive alignment,New Business,2024-05-05T00:00:00
2803,168,14,Global Labs - Upsell,Discovery,8804,2023-07-06,2022-11-06,Outbound - SDR,Pipeline,False,False,,,71,Executive alignment,Expansion,2022-11-06T00:00:00
4535,914,5,Quantum Networks - Renewal,Discovery,36437,2023-11-10,2023-07-24,Partner Referral,Pipeline,False,False,CompetitorE,,35,Reference call,Renewal,2023-07-24T00:00:00
4536,244,3,Horizon Software - Platform Deal,Qualification,25871,2023-01-28,2022-09-01,Event,Best Case,False,False,CompetitorA,,7,Send proposal,New Business,2022-09-01T00:00:00
4537,558,9,Apex Dynamics - New Business,Closed Lost,142510,2023-03-23,2022-12-14,Outbound - SDR,Omitted,False,True,CompetitorC,Price,36,,New Business,2022-12-14T00:00:00
4538,74,10,Acme Holdings - Platform Deal,Qualification,175330,2024-08-20,2024-06-19,Outbound - SDR,Best Case,False,False,,,57,,New Business,2024-06-19T00:00:00
4539,815,2,Nova Systems - Platform Deal,Discovery,60098,2024-12-14,2024-11-04,Outbound - SDR,Pipeline,False,False,CompetitorC,,6,Legal review,New Business,2024-11-04T00:00:00
4540,377,12,Global Inc - New Business,Prospecting,242447,2021-11-04,2021-02-08,Inbound - Web,Pipeline,False,False,Open Source Alternative,,1,,New Business,2021-02-08T00:00:00
4541,244,11,Horizon Software - Platform Deal,Discovery,194320,2022-06-30,2022-05-02,Webinar,Pipeline,False,False,CompetitorE,,25,Schedule demo,New Business,2022-05-02T00:00:00
4542,266,15,Acme Enterprises - Platform Deal,Prospecting,146608,2025-03-17,2024-10-13,Product-Led,Pipeline,False,False,CompetitorC,,22,Legal review,New Business,2024-10-13T00:00:00
4543,774,11,Catalyst Technologies - New Business,Proposal,45762,2025-01-23,2024-12-06,Partner Referral,Best Case,False,False,CompetitorD,,30,Send proposal,New Business,2024-12-06T00:00:00
4544,792,9,Nova Solutions - New Business,Prospecting,35306,2022-09-18,2022-05-29,Outbound - AE,Pipeline,False,False,CompetitorA,,49,Legal review,New Business,2022-05-29T00:00:00
4545,727,15,Quantum Platforms - Platform Deal,Qualification,25988,2025-01-23,2024-12-17,Inbound - Web,Best Case,False,False,CompetitorC,,17,Legal review,New Business,2024-12-17T00:00:00
4546,238,14,Velocity Holdings - Initial License,Proposal,27873,2025-06-15,2024-09-20,Outbound - SDR,Best Case,False,False,,,13,,New Business,2024-09-20T00:00:00
4547,345,16,Zenith Partners - Initial License,Negotiation,194146,2025-01-01,2024-10-07,Outbound - AE,Commit,False,False,,,66,Legal review,New Business,2024-10-07T00:00:00
4548,852,9,Synergy Group - Initial License,Closed Lost,88838,2024-08-25,2024-04-04,Partner Referral,Omitted,False,True,,Champion Left,29,,New Business,2024-04-04T00:00:00
4549,100,8,Global Group - Platform Deal,Closed Lost,32301,2024-10-27,2024-09-17,Outbound - SDR,Omitted,False,True,CompetitorA,Price,18,,New Business,2024-09-17T00:00:00
4550,831,1,Elevate Holdings - Initial License,Negotiation,662178,2023-11-24,2023-08-05,Inbound - Content,Commit,False,False,CompetitorB,,22,Technical review,New Business,2023-08-05T00:00:00
1003,817,14,Nexus Analytics - Platform Deal,Closed Lost,156524,2023-04-22,2022-09-03,,Omitted,False,True,CompetitorB,Lost to Status Quo,50,,New Business,2022-09-03T00:00:00
4552,808,13,Nexus Group - Initial License,Closed Lost,159125,2023-06-21,2023-07-17,Inbound - Content,Omitted,False,True,,Champion Left,60,,New Business,2023-07-17T00:00:00
4553,973,4,Zenith Labs - New Business,Qualification,33379,2024-04-25,2023-10-27,Webinar,Best Case,False,False,CompetitorB,,19,Legal review,New Business,2023-10-27T00:00:00
4554,359,9,Quantum Digital - Platform Deal,Prospecting,861527,2025-02-01,2024-05-30,Outbound - AE,Pipeline,False,False,CompetitorC,,55,Technical review,New Business,2024-05-30T00:00:00
4555,247,15,Acme Enterprises - Platform Deal,Prospecting,19682,2025-02-02,2024-05-25,Partner Referral,Pipeline,False,False,,,25,Reference call,New Business,2024-05-25T00:00:00
4556,229,5,Fusion Platforms - New Business,Discovery,12436,2023-03-24,2022-10-28,Outbound - SDR,Pipeline,False,False,CompetitorB,,27,Schedule demo,New Business,2022-10-28T00:00:00
4557,891,4,Pacific Systems - Initial License,Qualification,45279,2024-10-25,2024-08-27,Outbound - SDR,Best Case,False,False,,,2,Legal review,New Business,2024-08-27T00:00:00
4558,493,2,Summit Analytics - Initial License,Prospecting,126670,2025-03-31,2024-09-05,Product-Led,Pipeline,False,False,CompetitorD,,13,Reference call,New Business,2024-09-05T00:00:00
4559,236,1,Velocity Holdings - Upsell,Proposal,31298,2025-04-27,2024-11-13,Partner Referral,Best Case,False,False,Open Source Alternative,,14,Schedule demo,Expansion,2024-11-13T00:00:00
4560,957,7,Quantum Platforms - Initial License,Discovery,218803,2025-02-03,2024-06-27,Outbound - AE,Pipeline,False,False,,,13,Contract signing,New Business,2024-06-27T00:00:00
4561,259,5,Global Partners - Platform Deal,Discovery,762353,2024-12-26,2024-12-31,Partner Referral,Pipeline,False,False,Open Source Alternative,,6,Contract signing,New Business,2024-12-31T00:00:00
4562,136,12,Atlas Services - Platform Deal,Discovery,56332,2022-04-18,2021-08-14,Outbound - SDR,Pipeline,False,False,CompetitorC,,2,Reference call,New Business,2021-08-14T00:00:00
4563,616,3,Catalyst Inc - Initial License,Discovery,157437,2025-06-17,2024-10-14,Webinar,Pipeline,False,False,Open Source Alternative,,21,POC setup,New Business,2024-10-14T00:00:00
4564,236,1,Velocity Holdings - Initial License,Discovery,35914,2025-02-27,2024-09-21,Inbound - Content,Pipeline,False,False,CompetitorC,,23,Reference call,New Business,2024-09-21T00:00:00
4565,747,10,Elevate Services - Initial License,Prospecting,84083,2025-03-09,2024-07-09,Inbound - Web,Pipeline,False,False,CompetitorC,,63,Send proposal,New Business,2024-07-09T00:00:00
4566,266,15,Acme Enterprises - New Business,Closed Lost,116772,2024-12-31,2024-10-05,Product-Led,Omitted,False,True,,Price,40,,New Business,2024-10-05T00:00:00
4567,802,9,Atlas Corp - New Business,Prospecting,40108,2024-10-12,2024-03-14,Outbound - SDR,Pipeline,False,False,,,64,Send proposal,New Business,2024-03-14T00:00:00
4568,125,3,Acme Corp - Platform Deal,Discovery,61798,2024-10-31,2024-08-06,Inbound - Web,Pipeline,False,False,CompetitorC,,22,,New Business,2024-08-06T00:00:00
4569,443,16,Elevate Technologies - Initial License,Negotiation,37036,2025-03-09,2024-12-26,Event,Commit,False,False,Open Source Alternative,,18,Legal review,New Business,2024-12-26T00:00:00
4570,33,15,Fusion Systems - Platform Deal,Qualification,23742,2025-06-17,2024-11-07,Product-Led,Best Case,False,False,CompetitorB,,41,Executive alignment,New Business,2024-11-07T00:00:00
4571,20,5,Optima Digital - Initial License,Proposal,96342,2023-07-02,2023-05-20,Inbound - Web,Best Case,False,False,CompetitorA,,26,POC setup,New Business,2023-05-20T00:00:00
4572,439,1,Pacific Platforms - Platform Deal,Negotiation,29024,2024-09-26,2024-05-14,Event,Commit,False,False,CompetitorC,,2,,New Business,2024-05-14T00:00:00
4573,470,14,Apex Technologies - Platform Deal,Closed Lost,144322,2024-12-31,2024-11-30,Outbound - SDR,Omitted,False,True,CompetitorB,Competitor,7,,New Business,2024-11-30T00:00:00
4574,916,9,Synergy Inc - Platform Deal,Closed Lost,49819,2024-01-21,2023-12-10,Outbound - AE,Omitted,False,True,,Budget Cut,68,,New Business,2023-12-10T00:00:00
4575,550,8,Pacific Solutions - New Business,Qualification,764118,2021-07-22,2020-12-02,Inbound - Content,Best Case,False,False,CompetitorD,,14,Legal review,New Business,2020-12-02T00:00:00
4576,727,9,Quantum Platforms - Platform Deal,Closed Lost,47583,2024-10-13,2024-09-25,,Omitted,False,True,CompetitorD,Budget Cut,32,,New Business,2024-09-25T00:00:00
4577,917,9,Fusion Networks - Renewal,Closed Won,150091,2024-12-31,2024-12-10,Partner Referral,Closed,True,True,CompetitorE,,65,,Renewal,2024-12-10T00:00:00
4313,935,4,Synergy Holdings - Initial License,Closed Lost,195881,2024-07-22,2024-02-12,Outbound - SDR,Omitted,False,True,,Champion Left,9,,New Business,2024-02-12T00:00:00
4579,372,11,Nova Enterprises - Platform Deal,Discovery,173258,2023-06-27,2022-11-09,Event,Pipeline,False,False,CompetitorA,,68,Schedule demo,New Business,2022-11-09T00:00:00
4580,964,9,Fusion Inc - New Business,Closed Lost,46757,2022-07-02,2022-01-10,Outbound - AE,Omitted,False,True,CompetitorD,Competitor,64,,New Business,2022-01-10T00:00:00
4581,376,1,Nexus Services - Initial License,Qualification,98626,2025-05-25,2024-10-25,Event,Best Case,False,False,,,10,Executive alignment,New Business,2024-10-25T00:00:00
2648,414,16,Quantum Systems - Initial License,Prospecting,41329,2023-07-16,2023-08-01,Event,Pipeline,False,False,,,42,Contract signing,New Business,2023-08-01T00:00:00
4583,133,2,Summit Holdings - Initial License,Qualification,9813,2022-11-17,2022-02-25,Product-Led,Best Case,False,False,,,26,Contract signing,New Business,2022-02-25T00:00:00
4584,90,16,Vertex Dynamics - Platform Deal,Proposal,24853,2025-08-10,2024-12-05,Product-Led,Best Case,False,False,,,35,Legal review,New Business,2024-12-05T00:00:00
4585,762,13,Pinnacle Enterprises - Platform Deal,Closed Lost,34464,2023-05-19,2022-10-01,Inbound - Web,Omitted,False,True,CompetitorB,Price,48,,New Business,2022-10-01T00:00:00
4586,46,10,Fusion Partners - Additional Seats,Prospecting,23995,2023-03-14,2023-02-02,Product-Led,Pipeline,False,False,CompetitorD,,69,Send proposal,Expansion,2023-02-02T00:00:00
4587,919,15,Nexus Holdings - Platform Deal,Prospecting,102782,2025-02-09,2024-09-15,Event,Pipeline,False,False,,,23,Reference call,New Business,2024-09-15T00:00:00
4588,750,2,Vanguard Systems - Initial License,Closed Won,34496,2024-12-31,2024-11-28,Inbound - Web,Closed,True,True,Open Source Alternative,,32,,New Business,2024-11-28T00:00:00
4589,689,16,Vanguard Holdings - New Business,Qualification,171107,2025-05-17,2024-08-24,,Best Case,False,False,,,51,Contract signing,New Business,2024-08-24T00:00:00
4590,31,11,Synergy Platforms - Initial License,Closed Lost,47642,2021-03-17,2020-12-22,Inbound - Web,Omitted,False,True,CompetitorE,Budget Cut,28,,New Business,2020-12-22T00:00:00
4591,443,16,Elevate Technologies - Initial License,Prospecting,,2025-06-20,2024-12-10,Product-Led,Pipeline,False,False,CompetitorB,,42,,New Business,2024-12-10T00:00:00
4592,208,9,Fusion Digital - Platform Deal,Closed Lost,18624,2022-06-22,2022-01-07,Outbound - AE,Omitted,False,True,CompetitorD,Competitor,12,,New Business,2022-01-07T00:00:00
4593,989,10,Horizon Networks - Platform Deal,Qualification,6196,2023-02-07,2023-01-03,,Best Case,False,False,CompetitorA,,29,Legal review,New Business,2023-01-03T00:00:00
4594,668,10,Summit Software - New Business,Discovery,192966,2024-10-08,2024-02-05,Outbound - SDR,Pipeline,False,False,CompetitorD,,51,POC setup,New Business,2024-02-05T00:00:00
4595,757,13,Acme Analytics - Initial License,Closed Lost,13455,2023-06-22,2023-05-18,Inbound - Content,Omitted,False,True,CompetitorB,Timing,76,,New Business,2023-05-18T00:00:00
4596,744,2,Synergy Systems - Platform Deal,Qualification,325688,2025-05-23,2024-12-10,Inbound - Web,Best Case,False,False,CompetitorA,,38,Executive alignment,New Business,2024-12-10T00:00:00
4597,129,5,Global Networks - New Business,Prospecting,51290,2021-05-28,2020-09-18,Product-Led,Pipeline,False,False,,,10,,New Business,2020-09-18T00:00:00
4598,547,11,Optima Platforms - Initial License,Closed Won,33599,2021-10-13,2021-07-28,Event,Closed,True,True,,,9,,New Business,2021-07-28T00:00:00
4599,769,16,Summit Labs - Platform Deal,Prospecting,84851,2022-01-23,2021-05-19,,Pipeline,False,False,,,40,Executive alignment,New Business,2021-05-19T00:00:00
4600,197,9,Vertex Inc - Platform Deal,Closed Lost,82482,2024-12-16,2024-11-03,Inbound - Web,Omitted,False,True,CompetitorD,Lost to Status Quo,40,,New Business,2024-11-03T00:00:00
4601,265,11,Horizon Group - Platform Deal,Qualification,42987,2024-08-31,2024-01-22,Outbound - AE,Best Case,False,False,Open Source Alternative,,44,Legal review,New Business,2024-01-22T00:00:00
4602,283,16,Elevate Inc - Additional Seats,Qualification,7655,2025-05-23,2024-12-22,Inbound - Content,Best Case,False,False,CompetitorD,,34,POC setup,Expansion,2024-12-22T00:00:00
4603,302,5,Catalyst Partners - Platform Deal,Qualification,68952,2024-10-19,2024-03-29,Event,Best Case,False,False,CompetitorE,,19,POC setup,New Business,2024-03-29T00:00:00
4604,713,3,Quantum Group - Initial License,Prospecting,17951,2023-06-09,2023-01-06,Inbound - Content,Pipeline,False,False,CompetitorD,,35,Contract signing,New Business,2023-01-06T00:00:00
4605,51,6,Nexus Dynamics - New Business,Qualification,44801,2025-04-15,2024-10-18,Outbound - AE,Best Case,False,False,CompetitorD,,15,Schedule demo,New Business,2024-10-18T00:00:00
4606,741,12,Apex Corp - Initial License,Prospecting,28889,2024-05-07,2023-09-27,Inbound - Web,Pipeline,False,False,CompetitorE,,3,Reference call,New Business,2023-09-27T00:00:00
4607,325,9,Optima Services - Initial License,Prospecting,15411,2025-04-28,2024-11-11,Outbound - AE,Pipeline,False,False,CompetitorB,,2,Schedule demo,New Business,2024-11-11T00:00:00
4608,83,8,Global Dynamics - Initial License,Closed Won,33800,2024-12-31,2024-12-06,Outbound - AE,Closed,True,True,CompetitorD,,30,,New Business,2024-12-06T00:00:00
4609,840,4,Vanguard Systems - New Business,Closed Lost,46049,2024-09-25,2024-04-26,Inbound - Content,Omitted,False,True,CompetitorB,Price,5,,New Business,2024-04-26T00:00:00
4610,623,12,Velocity Services - Platform Deal,Prospecting,66958,2023-05-29,2022-09-04,Inbound - Content,Pipeline,False,False,CompetitorE,,32,Send proposal,New Business,2022-09-04T00:00:00
4611,507,13,Nova Services - Initial License,Discovery,41309,2025-05-14,2024-09-03,Product-Led,Pipeline,False,False,Open Source Alternative,,9,,New Business,2024-09-03T00:00:00
4612,391,3,Atlas Inc - Initial License,Qualification,136798,2022-04-17,2021-08-16,Partner Referral,Best Case,False,False,CompetitorD,,18,Executive alignment,New Business,2021-08-16T00:00:00
4613,968,2,Horizon Inc - New Business,Discovery,23719,2022-12-25,2022-07-13,Inbound - Content,Pipeline,False,False,CompetitorC,,9,POC setup,New Business,2022-07-13T00:00:00
4614,940,8,Vertex Inc - Platform Deal,Negotiation,235061,2022-08-14,2022-01-08,Inbound - Web,Commit,False,False,CompetitorC,,28,Legal review,New Business,2022-01-08T00:00:00
4615,227,3,Vanguard Technologies - Initial License,Proposal,159792,2024-02-21,2023-06-18,Inbound - Content,Best Case,False,False,,,17,Technical review,New Business,2023-06-18T00:00:00
4616,92,14,Synergy Partners - Platform Deal,Discovery,16511,2023-03-22,2022-12-25,Outbound - SDR,Pipeline,False,False,,,29,Technical review,New Business,2022-12-25T00:00:00
4617,59,15,Atlas Labs - Platform Deal,Qualification,28359,2024-06-24,2024-05-08,Partner Referral,Best Case,False,False,,,22,,New Business,2024-05-08T00:00:00
4618,432,9,Nexus Enterprises - Platform Deal,Closed Lost,199493,2023-06-23,2023-02-04,Event,Omitted,False,True,CompetitorC,Feature Gap,39,,New Business,2023-02-04T00:00:00
4619,433,11,Pacific Holdings - New Business,Closed Lost,142266,2024-12-31,2024-10-09,Event,Omitted,False,True,CompetitorA,Budget Cut,54,,New Business,2024-10-09T00:00:00
4620,592,1,Elevate Partners - New Business,Prospecting,225802,2022-11-04,2022-09-08,Webinar,Pipeline,False,False,,,28,POC setup,New Business,2022-09-08T00:00:00
4621,731,7,Acme Enterprises - Additional Seats,Discovery,22136,2024-10-10,2024-03-18,Partner Referral,Pipeline,False,False,,,9,,Expansion,2024-03-18T00:00:00
4622,407,1,Nova Holdings - Initial License,Prospecting,24628,2025-05-17,2024-12-29,Outbound - AE,Pipeline,False,False,,,6,Executive alignment,New Business,2024-12-29T00:00:00
4623,683,15,Optima Technologies - Initial License,Qualification,50763,2025-02-07,2024-10-10,Inbound - Content,Best Case,False,False,CompetitorB,,49,,New Business,2024-10-10T00:00:00
4624,590,15,Nova Services - Initial License,Prospecting,39540,2025-06-27,2024-11-17,Outbound - SDR,Pipeline,False,False,,,37,Contract signing,New Business,2024-11-17T00:00:00
4625,693,13,Apex Corp - New Business,Prospecting,226073,2025-05-06,2024-12-17,Inbound - Web,Pipeline,False,False,,,68,POC setup,New Business,2024-12-17T00:00:00
4626,686,16,Horizon Technologies - Platform Deal,Prospecting,119949,2024-03-25,2023-10-03,Partner Referral,Pipeline,False,False,Open Source Alternative,,14,,New Business,2023-10-03T00:00:00
4627,73,8,Nova Group - Initial License,Closed Lost,8479,2020-11-28,2020-11-05,Partner Referral,Omitted,False,True,Open Source Alternative,Champion Left,40,,New Business,2020-11-05T00:00:00
4628,818,10,Pacific Digital - New Business,Discovery,157235,2024-08-28,2023-12-25,,Pipeline,False,False,,,48,Legal review,New Business,2023-12-25T00:00:00
4629,898,8,Velocity Digital - New Business,Prospecting,24985,2024-05-26,2023-09-15,Inbound - Content,Pipeline,False,False,,,1,POC setup,New Business,2023-09-15T00:00:00
4630,889,13,Horizon Solutions - Platform Deal,Prospecting,689184,2024-11-08,2024-10-07,Outbound - AE,Pipeline,False,False,Open Source Alternative,,46,Legal review,New Business,2024-10-07T00:00:00
4631,676,4,Pinnacle Partners - New Business,Closed Lost,,2021-09-03,2021-06-14,Partner Referral,Omitted,False,True,CompetitorA,Budget Cut,28,,New Business,2021-06-14T00:00:00
4632,882,4,Pinnacle Analytics - Platform Deal,Proposal,16762,2025-05-29,2024-11-20,Outbound - SDR,Best Case,False,False,,,22,Contract signing,New Business,2024-11-20T00:00:00
4633,596,16,Fusion Dynamics - Platform Deal,Discovery,22222,2025-03-20,2024-07-23,Inbound - Content,Pipeline,False,False,,,28,Contract signing,New Business,2024-07-23T00:00:00
4634,839,9,Elevate Enterprises - Platform Deal,Closed Lost,150229,2024-12-31,2024-12-07,Outbound - SDR,Omitted,False,True,CompetitorD,No Decision,54,,New Business,2024-12-07T00:00:00
4635,874,6,Atlas Group - Expansion,Qualification,6168,2024-01-28,2023-07-20,Inbound - Web,Best Case,False,False,,,34,Technical review,Expansion,2023-07-20T00:00:00
4636,810,1,Velocity Analytics - Initial License,Qualification,188542,2024-10-10,2024-04-10,Outbound - SDR,Best Case,False,False,CompetitorC,,18,Technical review,New Business,2024-04-10T00:00:00
4637,160,15,Summit Inc - Platform Deal,Qualification,146707,2024-07-20,2024-07-25,Inbound - Content,Best Case,False,False,CompetitorE,,42,Send proposal,New Business,2024-07-25T00:00:00
4638,873,3,Pinnacle Services - New Business,Closed Lost,1123561,2022-06-13,2022-05-06,Product-Led,Omitted,False,True,CompetitorB,Price,22,,New Business,2022-05-06T00:00:00
4639,301,3,Atlas Partners - New Business,Qualification,10895,2025-03-22,2024-10-30,Inbound - Web,Best Case,False,False,CompetitorD,,41,Schedule demo,New Business,2024-10-30T00:00:00
4640,7,1,Elevate Dynamics - Platform Deal,Discovery,39688,2022-01-22,2021-08-07,Webinar,Pipeline,False,False,,,43,,New Business,2021-08-07T00:00:00
4641,78,14,Apex Inc - Platform Deal,Prospecting,47304,2024-05-07,2024-03-23,Partner Referral,Pipeline,False,False,CompetitorC,,78,,New Business,2024-03-23T00:00:00
4642,365,2,Velocity Networks - Additional Seats,Closed Won,14978,2024-11-14,2024-10-07,Outbound - SDR,Closed,True,True,Open Source Alternative,,23,,Expansion,2024-10-07T00:00:00
4643,426,7,Velocity Holdings - Initial License,Discovery,18076,2024-04-20,2024-01-21,Inbound - Content,Pipeline,False,False,,,55,,New Business,2024-01-21T00:00:00
4644,381,14,Nova Enterprises - Initial License,Proposal,31093,2024-06-27,2024-05-22,Event,Best Case,False,False,CompetitorC,,33,Contract signing,New Business,2024-05-22T00:00:00
4645,396,5,Synergy Inc - Platform Deal,Prospecting,10865,2022-10-16,2022-07-03,Event,Pipeline,False,False,CompetitorD,,2,,New Business,2022-07-03T00:00:00
4040,74,10,Acme Holdings - New Business,Qualification,52306,2024-10-31,2024-05-08,Product-Led,Best Case,False,False,CompetitorC,,60,,New Business,2024-05-08T00:00:00
4647,64,4,Synergy Inc - Initial License,Prospecting,37243,2024-08-20,2024-05-13,Webinar,Pipeline,False,False,CompetitorD,,20,Reference call,New Business,2024-05-13T00:00:00
4648,362,6,Optima Corp - Platform Deal,Qualification,81817,2024-10-17,2024-06-07,Partner Referral,Best Case,False,False,CompetitorD,,48,Technical review,New Business,2024-06-07T00:00:00
4649,281,10,Elevate Enterprises - Initial License,Prospecting,516852,2023-01-12,2022-07-17,Partner Referral,Pipeline,False,False,CompetitorB,,12,Legal review,New Business,2022-07-17T00:00:00
4650,591,15,Zenith Systems - Platform Deal,Closed Won,32578,2024-12-31,2024-12-15,Outbound - SDR,Closed,True,True,CompetitorA,,22,,New Business,2024-12-15T00:00:00
4651,625,1,Elevate Services - New Business,Qualification,46270,2025-04-24,2024-12-24,Product-Led,Best Case,False,False,,,1,Technical review,New Business,2024-12-24T00:00:00
768,649,10,Elevate Partners - Platform Deal,Qualification,952603,2024-07-22,2024-01-27,Inbound - Content,Best Case,False,False,CompetitorB,,64,Technical review,New Business,2024-01-27T00:00:00
4653,279,6,Velocity Holdings - Initial License,Discovery,43278,2023-12-07,2023-08-16,,Pipeline,False,False,CompetitorC,,38,Contract signing,New Business,2023-08-16T00:00:00
4654,782,3,Pacific Platforms - Expansion,Closed Won,12030,2024-07-27,2024-05-02,Event,Closed,True,True,Open Source Alternative,,31,,Expansion,2024-05-02T00:00:00
4655,310,8,Velocity Corp - Initial License,Qualification,41778,2024-12-01,2024-07-17,Inbound - Content,Best Case,False,False,Open Source Alternative,,43,Technical review,New Business,2024-07-17T00:00:00
4656,416,14,Velocity Enterprises - Initial License,Qualification,281947,2025-01-29,2024-09-15,Webinar,Best Case,False,False,CompetitorD,,73,Contract signing,New Business,2024-09-15T00:00:00
4657,755,2,Atlas Holdings - New Business,Qualification,144533,2023-04-16,2022-12-22,,Best Case,False,False,,,16,Schedule demo,New Business,2022-12-22T00:00:00
4658,150,7,Nexus Services - Platform Deal,Closed Lost,860170,2021-08-07,2021-04-02,Partner Referral,Omitted,False,True,CompetitorA,Champion Left,15,,New Business,2021-04-02T00:00:00
4659,297,8,Horizon Corp - New Business,Closed Won,85035,2024-12-31,2024-11-10,Outbound - SDR,Closed,True,True,,,41,,New Business,2024-11-10T00:00:00
4660,496,7,Global Group - New Business,Qualification,208630,2023-09-01,2023-04-13,Outbound - AE,Best Case,False,False,CompetitorB,,38,,New Business,2023-04-13T00:00:00
4661,90,16,Vertex Dynamics - Platform Deal,Negotiation,49967,2025-07-06,2024-11-10,Webinar,Commit,False,False,CompetitorC,,26,Contract signing,New Business,2024-11-10T00:00:00
4662,441,5,Summit Corp - Initial License,Qualification,12591,2022-05-22,2022-03-05,Outbound - AE,Best Case,False,False,,,59,Executive alignment,New Business,2022-03-05T00:00:00
4663,891,16,Pacific Systems - Initial License,Prospecting,31064,2025-06-03,2024-11-28,Partner Referral,Pipeline,False,False,CompetitorD,,43,Executive alignment,New Business,2024-11-28T00:00:00
4664,803,16,Synergy Analytics - Additional Seats,Closed Won,96314,2024-10-12,2024-09-11,Product-Led,Closed,True,True,CompetitorE,,57,,Expansion,2024-09-11T00:00:00
4665,240,8,Acme Dynamics - New Business,Qualification,83097,2025-03-05,2024-08-19,Webinar,Best Case,False,False,CompetitorC,,29,Send proposal,New Business,2024-08-19T00:00:00
4666,188,10,Summit Partners - New Business,Negotiation,20057,2022-08-11,2022-03-17,Webinar,Commit,False,False,CompetitorB,,41,Legal review,New Business,2022-03-17T00:00:00
4667,394,5,Quantum Solutions - New Business,Qualification,37475,2024-03-31,2024-01-10,Inbound - Content,Best Case,False,False,,,24,Technical review,New Business,2024-01-10T00:00:00
1579,203,15,Quantum Dynamics - Initial License,Proposal,327970,2023-04-02,2023-02-05,Webinar,Best Case,False,False,CompetitorD,,25,Schedule demo,New Business,2023-02-05T00:00:00
4669,138,5,Catalyst Group - Platform Deal,Qualification,239560,2024-08-19,2024-05-07,Outbound - SDR,Best Case,False,False,Open Source Alternative,,47,Reference call,New Business,2024-05-07T00:00:00
4670,474,6,Elevate Partners - Platform Deal,Discovery,168283,2025-05-15,2024-11-10,Inbound - Content,Pipeline,False,False,,,14,Legal review,New Business,2024-11-10T00:00:00
4671,10,7,Elevate Analytics - Contract Renewal,Prospecting,155577,2021-08-13,2020-12-22,Partner Referral,Pipeline,False,False,,,41,Contract signing,Renewal,2020-12-22T00:00:00
4672,495,16,Summit Platforms - Platform Deal,Closed Lost,10578,2024-12-27,2024-06-27,Product-Led,Omitted,False,True,CompetitorC,Timing,57,,New Business,2024-06-27T00:00:00
4673,262,14,Velocity Networks - New Business,Qualification,15245,2024-09-25,2024-07-01,Partner Referral,Best Case,False,False,,,27,Executive alignment,New Business,2024-07-01T00:00:00
4674,632,4,Catalyst Digital - New Business,Proposal,34491,2020-11-29,2020-05-31,Inbound - Web,Best Case,False,False,CompetitorD,,5,POC setup,New Business,2020-05-31T00:00:00
4675,667,16,Vertex Analytics - Initial License,Closed Lost,21098,2024-12-31,2024-11-14,Inbound - Content,Omitted,False,True,CompetitorC,No Decision,22,,New Business,2024-11-14T00:00:00
4676,963,8,Quantum Systems - Initial License,Closed Won,21656,2024-12-18,2024-09-19,Inbound - Web,Closed,True,True,,,40,,New Business,2024-09-19T00:00:00
4677,696,4,Vanguard Group - New Business,Closed Won,927054,2023-08-09,2023-06-06,Product-Led,Closed,True,True,CompetitorD,,56,,New Business,2023-06-06T00:00:00
4678,175,7,Fusion Analytics - Initial License,Qualification,141634,2024-04-05,2023-10-23,Product-Led,Best Case,False,False,CompetitorD,,23,Send proposal,New Business,2023-10-23T00:00:00
4679,95,2,Optima Inc - Platform Deal,Qualification,244753,2025-07-07,2024-12-22,Webinar,Best Case,False,False,CompetitorA,,28,POC setup,New Business,2024-12-22T00:00:00
4680,922,7,Acme Corp - Platform Deal,Discovery,29407,2024-11-30,2024-08-30,Product-Led,Pipeline,False,False,,,16,Send proposal,New Business,2024-08-30T00:00:00
4681,658,10,Nexus Inc - Initial License,Closed Lost,83246,2023-05-26,2023-05-07,Product-Led,Omitted,False,True,CompetitorA,Feature Gap,23,,New Business,2023-05-07T00:00:00
4682,469,3,Optima Networks - Renewal,Discovery,211687,2024-08-10,2024-05-03,Event,Pipeline,False,False,Open Source Alternative,,43,POC setup,Renewal,2024-05-03T00:00:00
4683,941,13,Vertex Analytics - New Business,Proposal,432910,2022-11-01,2022-05-19,Event,Best Case,False,False,CompetitorE,,77,Contract signing,New Business,2022-05-19T00:00:00
4684,779,6,Catalyst Analytics - Platform Deal,Negotiation,149981,2023-06-13,2022-12-06,Event,Commit,False,False,CompetitorC,,55,,New Business,2022-12-06T00:00:00
4685,580,1,Catalyst Partners - Platform Deal,Qualification,178033,2021-12-09,2021-07-09,Webinar,Best Case,False,False,CompetitorA,,3,Legal review,New Business,2021-07-09T00:00:00
4686,937,6,Elevate Technologies - Additional Seats,Qualification,7624,2023-12-08,2023-05-31,Outbound - SDR,Best Case,False,False,CompetitorA,,17,Reference call,Expansion,2023-05-31T00:00:00
4687,650,13,Summit Analytics - New Business,Proposal,34656,2024-10-16,2024-03-05,Webinar,Best Case,False,False,CompetitorE,,39,Contract signing,New Business,2024-03-05T00:00:00
4688,697,16,Quantum Analytics - New Business,Closed Won,7755,2024-12-31,2024-12-26,Webinar,Closed,True,True,Open Source Alternative,,47,,New Business,2024-12-26T00:00:00
4689,731,7,Acme Enterprises - Contract Renewal,Proposal,183725,2024-09-06,2024-07-02,Webinar,Best Case,False,False,CompetitorC,,54,Schedule demo,Renewal,2024-07-02T00:00:00
4690,910,10,Pinnacle Digital - Platform Deal,Closed Lost,177147,2021-07-01,2021-03-06,Webinar,Omitted,False,True,,Champion Left,39,,New Business,2021-03-06T00:00:00
4691,539,10,Atlas Enterprises - New Business,Discovery,7847,2023-08-19,2023-01-08,Webinar,Pipeline,False,False,CompetitorB,,5,Legal review,New Business,2023-01-08T00:00:00
4212,301,3,Atlas Partners - Initial License,Proposal,21766,2024-11-07,2024-06-08,Event,Best Case,False,False,CompetitorE,,19,,New Business,2024-06-08T00:00:00
4693,574,4,Acme Solutions - Expansion,Qualification,15662,2024-10-03,2024-01-25,Inbound - Content,Best Case,False,False,,,23,POC setup,Expansion,2024-01-25T00:00:00
4694,106,6,Synergy Technologies - New Business,Closed Won,193404,2021-10-30,2021-11-29,Webinar,Closed,True,True,CompetitorB,,34,,New Business,2021-11-29T00:00:00
4695,484,11,Fusion Services - Initial License,Qualification,12360,2024-12-27,2024-06-27,Inbound - Content,Best Case,False,False,CompetitorB,,12,Technical review,New Business,2024-06-27T00:00:00
4696,675,9,Pacific Platforms - Platform Deal,Closed Lost,41019,2022-10-18,2022-05-17,Outbound - SDR,Omitted,False,True,,Budget Cut,4,,New Business,2022-05-17T00:00:00
4697,51,6,Nexus Dynamics - New Business,Discovery,39477,2025-02-16,2024-07-02,Inbound - Content,Pipeline,False,False,Open Source Alternative,,50,POC setup,New Business,2024-07-02T00:00:00
4698,709,2,Pinnacle Group - New Business,Discovery,6737,2022-01-23,2021-06-03,Inbound - Content,Pipeline,False,False,CompetitorD,,19,Schedule demo,New Business,2021-06-03T00:00:00
4699,472,7,Pacific Networks - Platform Deal,Closed Lost,19246,2023-09-29,2023-08-09,Outbound - SDR,Omitted,False,True,CompetitorC,Budget Cut,18,,New Business,2023-08-09T00:00:00
1630,421,5,Pinnacle Digital - Additional Seats,Prospecting,4203,2024-11-06,2024-07-20,Partner Referral,Pipeline,False,False,,,37,Legal review,Expansion,2024-07-20T00:00:00
4701,653,9,Apex Partners - Platform Deal,Qualification,119253,2024-04-12,2023-08-10,Partner Referral,Best Case,False,False,Open Source Alternative,,4,Reference call,New Business,2023-08-10T00:00:00
4702,208,9,Fusion Digital - New Business,Prospecting,33697,2022-05-08,2022-01-05,Event,Pipeline,False,False,CompetitorB,,6,Technical review,New Business,2022-01-05T00:00:00
4703,726,10,Apex Corp - Contract Renewal,Prospecting,11178,2024-10-09,2024-04-07,Event,Pipeline,False,False,CompetitorB,,42,POC setup,Renewal,2024-04-07T00:00:00
4704,621,2,Nexus Group - Expansion,Qualification,78369,2025-03-05,2024-07-14,Event,Best Case,False,False,CompetitorB,,32,Technical review,Expansion,2024-07-14T00:00:00
4705,614,16,Pinnacle Platforms - Initial License,Discovery,508559,2025-07-25,2024-12-18,Event,Pipeline,False,False,CompetitorA,,2,Reference call,New Business,2024-12-18T00:00:00
4706,216,8,Optima Labs - Platform Deal,Prospecting,44467,2024-10-26,2024-06-03,Outbound - SDR,Pipeline,False,False,,,20,Executive alignment,New Business,2024-06-03T00:00:00
4707,414,5,Quantum Systems - Initial License,Discovery,19414,2023-08-14,2023-02-11,Partner Referral,Pipeline,False,False,CompetitorD,,45,Legal review,New Business,2023-02-11T00:00:00
4708,386,1,Elevate Labs - New Business,Proposal,43716,2025-01-04,2024-07-22,Partner Referral,Best Case,False,False,CompetitorE,,9,Contract signing,New Business,2024-07-22T00:00:00
4709,628,8,Nova Analytics - Platform Deal,Proposal,95280,2022-10-09,2022-01-21,Outbound - SDR,Best Case,False,False,,,17,POC setup,New Business,2022-01-21T00:00:00
4710,169,1,Nova Analytics - New Business,Proposal,126275,2024-06-06,2024-02-20,Partner Referral,Best Case,False,False,CompetitorD,,4,Technical review,New Business,2024-02-20T00:00:00
4711,61,5,Optima Group - New Business,Closed Lost,35374,2024-06-19,2024-03-10,Webinar,Omitted,False,True,CompetitorD,No Decision,11,,New Business,2024-03-10T00:00:00
4712,5,13,Pinnacle Inc - Platform Deal,Closed Lost,21201,2024-06-26,2024-07-11,Inbound - Content,Omitted,False,True,,Feature Gap,64,,New Business,2024-07-11T00:00:00
4713,198,13,Optima Enterprises - Platform Deal,Proposal,35581,2021-01-30,2020-10-10,Webinar,Best Case,False,False,CompetitorA,,2,POC setup,New Business,2020-10-10T00:00:00
4714,294,16,Acme Platforms - Additional Seats,Closed Lost,23308,2024-08-22,2024-06-11,Inbound - Content,Omitted,False,True,,Timing,46,,Expansion,2024-06-11T00:00:00
4715,607,13,Catalyst Services - Initial License,Closed Won,112113,2024-12-31,2024-09-23,Event,Closed,True,True,CompetitorE,,19,,New Business,2024-09-23T00:00:00
4716,136,12,Atlas Services - New Business,Closed Lost,33796,2024-06-09,2024-04-18,Webinar,Omitted,False,True,CompetitorC,Lost to Status Quo,42,,New Business,2024-04-18T00:00:00
4717,542,10,Catalyst Platforms - Initial License,Qualification,58203,2025-01-19,2024-08-03,Event,Best Case,False,False,CompetitorC,,11,Reference call,New Business,2024-08-03T00:00:00
4718,936,6,Summit Networks - Initial License,Discovery,34053,2024-04-04,2023-12-06,Event,Pipeline,False,False,CompetitorB,,56,Send proposal,New Business,2023-12-06T00:00:00
4719,313,16,Zenith Corp - New Business,Proposal,38754,2025-01-04,2024-11-13,Partner Referral,Best Case,False,False,CompetitorA,,11,Legal review,New Business,2024-11-13T00:00:00
4720,479,16,Summit Enterprises - Initial License,Discovery,44543,2023-09-18,2023-05-05,Inbound - Web,Pipeline,False,False,CompetitorA,,30,Executive alignment,New Business,2023-05-05T00:00:00
4721,533,14,Atlas Labs - New Business,Closed Lost,17138,2023-02-15,2022-08-21,Inbound - Content,Omitted,False,True,CompetitorB,Budget Cut,74,,New Business,2022-08-21T00:00:00
4722,540,8,Elevate Platforms - Platform Deal,Negotiation,199019,2024-06-08,2023-10-06,Outbound - SDR,Commit,False,False,CompetitorB,,60,Legal review,New Business,2023-10-06T00:00:00
4723,260,14,Apex Digital - Platform Deal,Proposal,43320,2023-06-09,2023-04-06,Inbound - Content,Best Case,False,False,,,15,Send proposal,New Business,2023-04-06T00:00:00
4724,149,7,Quantum Solutions - New Business,Prospecting,30638,2025-02-23,2024-09-13,Webinar,Pipeline,False,False,CompetitorA,,19,Schedule demo,New Business,2024-09-13T00:00:00
4725,811,8,Summit Partners - Initial License,Qualification,12058,2025-02-27,2024-12-30,Outbound - SDR,Best Case,False,False,CompetitorD,,31,Executive alignment,New Business,2024-12-30T00:00:00
4726,433,2,Pacific Holdings - Platform Deal,Closed Lost,122742,2023-04-29,2023-01-13,Outbound - SDR,Omitted,False,True,Open Source Alternative,No Decision,19,,New Business,2023-01-13T00:00:00
4727,52,3,Vertex Analytics - New Business,Prospecting,86839,2023-11-21,2023-07-28,Product-Led,Pipeline,False,False,CompetitorE,,16,Legal review,New Business,2023-07-28T00:00:00
4728,190,12,Zenith Partners - Initial License,Prospecting,,2025-01-23,2024-07-14,Outbound - AE,Pipeline,False,False,Open Source Alternative,,1,Technical review,New Business,2024-07-14T00:00:00
4729,227,3,Vanguard Technologies - Platform Deal,Discovery,195101,2023-03-26,2023-02-14,Outbound - AE,Pipeline,False,False,CompetitorB,,32,Reference call,New Business,2023-02-14T00:00:00
4730,284,14,Global Dynamics - Platform Deal,Discovery,46191,2024-11-13,2024-10-05,Webinar,Pipeline,False,False,,,67,Legal review,New Business,2024-10-05T00:00:00
4731,523,1,Atlas Platforms - Initial License,Qualification,34532,2025-04-06,2024-09-17,Inbound - Content,Best Case,False,False,,,32,Contract signing,New Business,2024-09-17T00:00:00
4732,278,2,Optima Dynamics - Initial License,Qualification,41155,2024-12-07,2024-06-03,Outbound - AE,Best Case,False,False,Open Source Alternative,,32,Reference call,New Business,2024-06-03T00:00:00
4733,968,2,Horizon Inc - Platform Deal,Closed Lost,35309,2024-07-17,2024-06-02,Inbound - Web,Omitted,False,True,CompetitorE,Budget Cut,22,,New Business,2024-06-02T00:00:00
4734,14,16,Velocity Dynamics - Platform Deal,Closed Lost,18974,2024-12-19,2024-07-17,Outbound - AE,Omitted,False,True,CompetitorB,Competitor,5,,New Business,2024-07-17T00:00:00
4735,587,12,Nova Software - Expansion,Proposal,7608,2024-07-30,2024-02-16,Outbound - SDR,Best Case,False,False,,,40,Contract signing,Expansion,2024-02-16T00:00:00
4736,642,15,Optima Partners - Platform Deal,Qualification,122684,2025-01-13,2024-08-22,Inbound - Web,Best Case,False,False,,,41,POC setup,New Business,2024-08-22T00:00:00
4737,492,16,Atlas Enterprises - Initial License,Closed Lost,56690,2024-12-31,2024-11-12,Partner Referral,Omitted,False,True,,Price,38,,New Business,2024-11-12T00:00:00
4738,322,11,Nexus Technologies - New Business,Proposal,22617,2021-12-31,2021-07-31,Webinar,Best Case,False,False,CompetitorC,,37,Executive alignment,New Business,2021-07-31T00:00:00
4739,642,9,Optima Partners - Contract Renewal,Prospecting,55561,2025-01-27,2024-07-26,Product-Led,Pipeline,False,False,CompetitorE,,43,Legal review,Renewal,2024-07-26T00:00:00
4740,128,5,Catalyst Digital - New Business,Closed Lost,7461,2022-12-26,2022-11-04,Webinar,Omitted,False,True,,No Decision,36,,New Business,2022-11-04T00:00:00
4741,39,15,Optima Corp - Platform Deal,Negotiation,155394,2022-11-28,2022-07-20,Inbound - Web,Commit,False,False,,,56,Executive alignment,New Business,2022-07-20T00:00:00
4742,713,10,Quantum Group - Initial License,Qualification,57642,2024-09-18,2024-01-07,Product-Led,Best Case,False,False,,,7,Contract signing,New Business,2024-01-07T00:00:00
4743,231,10,Nexus Enterprises - Additional Seats,Proposal,4695,2025-03-25,2024-12-08,Product-Led,Best Case,False,False,CompetitorA,,20,Executive alignment,Expansion,2024-12-08T00:00:00
4744,39,16,Optima Corp - Platform Deal,Closed Won,180713,2023-12-27,2023-09-16,Inbound - Web,Closed,True,True,CompetitorC,,11,,New Business,2023-09-16T00:00:00
4745,826,2,Atlas Analytics - Expansion,Discovery,14644,2024-10-08,2024-01-18,Partner Referral,Pipeline,False,False,,,33,POC setup,Expansion,2024-01-18T00:00:00
4746,570,4,Nova Partners - Initial License,Qualification,442773,2025-07-28,2024-12-11,Event,Best Case,False,False,,,48,Legal review,New Business,2024-12-11T00:00:00
4747,375,2,Atlas Networks - Initial License,Prospecting,7540,2024-05-31,2024-04-09,Inbound - Web,Pipeline,False,False,Open Source Alternative,,30,Executive alignment,New Business,2024-04-09T00:00:00
4748,981,4,Nova Networks - Initial License,Discovery,54910,2022-09-13,2022-01-23,Outbound - SDR,Pipeline,False,False,Open Source Alternative,,56,Legal review,New Business,2022-01-23T00:00:00
4749,882,15,Pinnacle Analytics - New Business,Closed Won,17020,2024-12-16,2024-08-16,Webinar,Closed,True,True,CompetitorC,,55,,New Business,2024-08-16T00:00:00
4750,252,3,Velocity Platforms - Contract Renewal,Closed Won,49076,2024-12-19,2024-11-12,Inbound - Content,Closed,True,True,CompetitorE,,4,,Renewal,2024-11-12T00:00:00
4751,479,4,Summit Enterprises - Initial License,Discovery,24432,2023-11-02,2023-07-02,Webinar,Pipeline,False,False,Open Source Alternative,,33,Technical review,New Business,2023-07-02T00:00:00
4752,941,13,Vertex Analytics - Initial License,Qualification,939886,2024-05-28,2023-10-01,Inbound - Web,Best Case,False,False,CompetitorD,,21,Schedule demo,New Business,2023-10-01T00:00:00
4753,905,6,Nova Digital - New Business,Discovery,40421,2025-03-04,2024-12-15,Webinar,Pipeline,False,False,Open Source Alternative,,58,Reference call,New Business,2024-12-15T00:00:00
4754,448,15,Acme Corp - New Business,Discovery,6231,2025-04-27,2024-10-06,Outbound - SDR,Pipeline,False,False,CompetitorB,,52,Schedule demo,New Business,2024-10-06T00:00:00
4755,881,9,Synergy Inc - Platform Deal,Qualification,184605,2023-08-05,2023-05-03,,Best Case,False,False,,,46,Legal review,New Business,2023-05-03T00:00:00
4756,574,4,Acme Solutions - Upsell,Prospecting,9838,2023-10-13,2023-07-27,Outbound - AE,Pipeline,False,False,CompetitorE,,12,,Expansion,2023-07-27T00:00:00
4757,545,10,Nova Analytics - Platform Deal,Prospecting,,2023-09-05,2023-06-27,Outbound - SDR,Pipeline,False,False,CompetitorD,,43,Schedule demo,New Business,2023-06-27T00:00:00
4758,843,6,Vanguard Corp - Initial License,Negotiation,42176,2025-01-13,2024-09-22,Outbound - AE,Commit,False,False,,,47,Send proposal,New Business,2024-09-22T00:00:00
4759,184,8,Vanguard Dynamics - Platform Deal,Prospecting,27876,2025-05-29,2024-10-12,,Pipeline,False,False,CompetitorA,,27,Executive alignment,New Business,2024-10-12T00:00:00
4760,267,10,Catalyst Inc - Platform Deal,Closed Lost,120151,2021-06-20,2021-01-25,Product-Led,Omitted,False,True,,Feature Gap,68,,New Business,2021-01-25T00:00:00
4761,999,16,Elevate Corp - New Business,Proposal,,2025-05-08,2024-11-07,Webinar,Best Case,False,False,,,11,Send proposal,New Business,2024-11-07T00:00:00
4762,693,13,Apex Corp - New Business,Closed Lost,95879,2024-12-31,2024-12-30,Product-Led,Omitted,False,True,CompetitorA,Feature Gap,35,,New Business,2024-12-30T00:00:00
4763,928,13,Quantum Inc - New Business,Discovery,25988,2025-03-09,2024-08-02,Product-Led,Pipeline,False,False,,,56,,New Business,2024-08-02T00:00:00
4764,303,7,Pacific Software - Initial License,Prospecting,5181,2024-03-22,2023-08-30,Inbound - Web,Pipeline,False,False,CompetitorD,,6,Executive alignment,New Business,2023-08-30T00:00:00
4765,748,16,Apex Group - New Business,Prospecting,5058,2025-01-24,2024-05-27,Outbound - SDR,Pipeline,False,False,CompetitorC,,32,,New Business,2024-05-27T00:00:00
4766,51,7,Nexus Dynamics - Platform Deal,Qualification,10904,2025-04-12,2024-10-14,Inbound - Web,Best Case,False,False,CompetitorE,,5,Contract signing,New Business,2024-10-14T00:00:00
4767,944,4,Acme Networks - New Business,Qualification,132026,2024-10-31,2024-09-23,Event,Best Case,False,False,,,39,Legal review,New Business,2024-09-23T00:00:00
4768,512,2,Synergy Software - Initial License,Qualification,112055,2024-04-20,2024-01-01,Outbound - SDR,Best Case,False,False,CompetitorD,,40,,New Business,2024-01-01T00:00:00
4769,741,4,Apex Corp - Initial License,Prospecting,31352,2023-02-28,2022-09-07,Outbound - AE,Pipeline,False,False,Open Source Alternative,,5,Schedule demo,New Business,2022-09-07T00:00:00
4770,441,12,Summit Corp - Initial License,Closed Won,46692,2023-11-02,2023-05-05,Inbound - Web,Closed,True,True,,,20,,New Business,2023-05-05T00:00:00
4771,532,13,Elevate Partners - Platform Deal,Closed Lost,5094,2021-05-14,2021-02-21,Partner Referral,Omitted,False,True,Open Source Alternative,Budget Cut,61,,New Business,2021-02-21T00:00:00
4772,105,10,Acme Digital - Expansion,Prospecting,25304,2022-10-12,2022-03-30,Product-Led,Pipeline,False,False,CompetitorD,,29,Reference call,Expansion,2022-03-30T00:00:00
4773,233,5,Synergy Technologies - New Business,Closed Won,19127,2024-12-31,2024-12-14,Product-Led,Closed,True,True,,,27,,New Business,2024-12-14T00:00:00
4774,590,14,Nova Services - New Business,Qualification,47154,2024-11-11,2024-07-17,Webinar,Best Case,False,False,CompetitorE,,29,,New Business,2024-07-17T00:00:00
4775,189,2,Synergy Networks - Platform Deal,Discovery,1132759,2025-06-02,2024-12-08,Partner Referral,Pipeline,False,False,Open Source Alternative,,7,POC setup,New Business,2024-12-08T00:00:00
4776,944,16,Acme Networks - Platform Deal,Discovery,61827,2024-09-11,2024-08-12,Inbound - Content,Pipeline,False,False,Open Source Alternative,,38,POC setup,New Business,2024-08-12T00:00:00
4777,996,5,Quantum Enterprises - New Business,Negotiation,17908,2025-08-18,2024-12-21,Product-Led,Commit,False,False,CompetitorE,,48,Send proposal,New Business,2024-12-21T00:00:00
4778,576,5,Pinnacle Platforms - Platform Deal,Prospecting,22918,2024-02-29,2024-01-13,Partner Referral,Pipeline,False,False,,,56,Reference call,New Business,2024-01-13T00:00:00
4779,843,6,Vanguard Corp - New Business,Closed Won,36908,2024-12-02,2024-10-01,Partner Referral,Closed,True,True,,,51,,New Business,2024-10-01T00:00:00
4780,302,5,Catalyst Partners - Platform Deal,Discovery,,2020-11-15,2020-07-30,Inbound - Content,Pipeline,False,False,CompetitorB,,51,,New Business,2020-07-30T00:00:00
4781,820,6,Vanguard Enterprises - New Business,Qualification,54658,2025-06-15,2024-12-27,Webinar,Best Case,False,False,,,15,Contract signing,New Business,2024-12-27T00:00:00
4782,220,7,Apex Analytics - Initial License,Prospecting,369590,2024-01-15,2023-12-16,Inbound - Content,Pipeline,False,False,CompetitorD,,48,Technical review,New Business,2023-12-16T00:00:00
4783,636,6,Apex Technologies - Platform Deal,Prospecting,213619,2025-04-16,2024-10-21,Inbound - Content,Pipeline,False,False,CompetitorA,,47,Send proposal,New Business,2024-10-21T00:00:00
4784,900,7,Horizon Networks - Platform Deal,Negotiation,24747,2022-05-30,2022-04-10,Event,Commit,False,False,CompetitorD,,38,Executive alignment,New Business,2022-04-10T00:00:00
4785,31,11,Synergy Platforms - Initial License,Discovery,31309,2021-08-18,2021-07-09,Event,Pipeline,False,False,Open Source Alternative,,54,Legal review,New Business,2021-07-09T00:00:00
4786,732,3,Vanguard Holdings - New Business,Closed Won,38860,2023-06-05,2023-04-26,Event,Closed,True,True,,,4,,New Business,2023-04-26T00:00:00
4787,64,4,Synergy Inc - Initial License,Prospecting,27801,2025-06-12,2024-12-03,Partner Referral,Pipeline,False,False,,,44,Send proposal,New Business,2024-12-03T00:00:00
4788,174,10,Pinnacle Software - Platform Deal,Discovery,155063,2025-03-21,2024-10-19,Partner Referral,Pipeline,False,False,Open Source Alternative,,51,Technical review,New Business,2024-10-19T00:00:00
4789,592,1,Elevate Partners - Platform Deal,Proposal,238914,2021-09-17,2021-06-02,Partner Referral,Best Case,False,False,,,27,Schedule demo,New Business,2021-06-02T00:00:00
4790,983,1,Optima Holdings - New Business,Qualification,793834,2024-08-20,2024-06-27,Outbound - AE,Best Case,False,False,CompetitorE,,2,Contract signing,New Business,2024-06-27T00:00:00
4791,291,16,Vertex Technologies - Initial License,Proposal,11364,2025-04-02,2024-09-12,Outbound - AE,Best Case,False,False,CompetitorD,,22,Legal review,New Business,2024-09-12T00:00:00
4792,103,14,Quantum Technologies - Platform Deal,Qualification,53452,2023-08-27,2022-12-18,Partner Referral,Best Case,False,False,CompetitorB,,52,Send proposal,New Business,2022-12-18T00:00:00
4793,349,4,Elevate Holdings - Initial License,Discovery,55551,2025-03-16,2024-09-05,Outbound - SDR,Pipeline,False,False,CompetitorB,,47,Send proposal,New Business,2024-09-05T00:00:00
4794,275,6,Acme Partners - Platform Deal,Qualification,776198,2022-09-26,2022-03-06,Outbound - SDR,Best Case,False,False,,,55,Executive alignment,New Business,2022-03-06T00:00:00
4795,487,11,Quantum Enterprises - Initial License,Closed Lost,22599,2024-05-25,2024-01-07,Outbound - SDR,Omitted,False,True,,Timing,44,,New Business,2024-01-07T00:00:00
4796,87,12,Atlas Solutions - Platform Deal,Proposal,12472,2023-07-05,2023-03-12,Product-Led,Best Case,False,False,,,29,Schedule demo,New Business,2023-03-12T00:00:00
4797,934,14,Apex Technologies - New Business,Qualification,21950,2024-11-09,2024-07-16,Partner Referral,Best Case,False,False,CompetitorC,,40,Executive alignment,New Business,2024-07-16T00:00:00
4798,67,9,Nexus Platforms - Platform Deal,Prospecting,176130,2023-10-20,2023-03-16,Inbound - Web,Pipeline,False,False,CompetitorE,,33,Send proposal,New Business,2023-03-16T00:00:00
4799,37,2,Fusion Solutions - Platform Deal,Closed Won,193322,2020-12-21,2020-08-13,Inbound - Web,Closed,True,True,,,22,,New Business,2020-08-13T00:00:00
4800,529,7,Pacific Partners - Platform Deal,Closed Lost,6777,2021-06-20,2021-01-04,Outbound - SDR,Omitted,False,True,,Competitor,9,,New Business,2021-01-04T00:00:00
4801,305,4,Zenith Analytics - Upsell,Prospecting,23028,2023-07-27,2023-05-18,Inbound - Content,Pipeline,False,False,CompetitorE,,7,POC setup,Expansion,2023-05-18T00:00:00
4802,407,1,Nova Holdings - Platform Deal,Proposal,50586,2025-01-22,2024-12-04,Outbound - SDR,Best Case,False,False,CompetitorB,,18,Reference call,New Business,2024-12-04T00:00:00
4803,100,8,Global Group - Platform Deal,Proposal,41853,2024-01-21,2023-11-17,Product-Led,Best Case,False,False,,,25,Send proposal,New Business,2023-11-17T00:00:00
4804,886,14,Atlas Inc - New Business,Proposal,33323,2024-11-07,2024-05-04,Webinar,Best Case,False,False,CompetitorD,,71,Legal review,New Business,2024-05-04T00:00:00
4805,794,4,Vanguard Networks - Initial License,Prospecting,29707,2024-07-10,2023-11-29,Inbound - Content,Pipeline,False,False,CompetitorC,,53,Schedule demo,New Business,2023-11-29T00:00:00
4806,955,6,Catalyst Holdings - Platform Deal,Closed Lost,34036,2024-06-21,2024-02-18,Inbound - Content,Omitted,False,True,CompetitorD,No Decision,9,,New Business,2024-02-18T00:00:00
4807,641,8,Velocity Services - Platform Deal,Proposal,11744,2024-06-04,2023-10-13,Webinar,Best Case,False,False,,,17,Technical review,New Business,2023-10-13T00:00:00
4808,665,13,Zenith Technologies - Platform Deal,Discovery,190442,2022-02-12,2021-11-09,Product-Led,Pipeline,False,False,CompetitorA,,37,,New Business,2021-11-09T00:00:00
4809,424,3,Optima Technologies - Initial License,Discovery,52598,2025-07-03,2024-12-02,Product-Led,Pipeline,False,False,CompetitorA,,26,Schedule demo,New Business,2024-12-02T00:00:00
4810,659,6,Velocity Partners - Initial License,Negotiation,44906,2022-02-28,2021-06-28,Event,Commit,False,False,CompetitorE,,7,POC setup,New Business,2021-06-28T00:00:00
4811,725,9,Vanguard Enterprises - New Business,Prospecting,47839,2023-03-26,2022-12-29,Outbound - AE,Pipeline,False,False,Open Source Alternative,,8,Technical review,New Business,2022-12-29T00:00:00
4812,840,4,Vanguard Systems - Platform Deal,Closed Lost,38853,2024-12-23,2024-07-11,Product-Led,Omitted,False,True,CompetitorD,Feature Gap,18,,New Business,2024-07-11T00:00:00
4813,745,16,Vanguard Software - Initial License,Proposal,183163,2025-05-24,2024-12-15,Inbound - Web,Best Case,False,False,CompetitorE,,55,Executive alignment,New Business,2024-12-15T00:00:00
4814,632,13,Catalyst Digital - New Business,Qualification,171214,2021-03-30,2021-02-27,Product-Led,Best Case,False,False,Open Source Alternative,,77,Schedule demo,New Business,2021-02-27T00:00:00
4815,155,9,Acme Enterprises - Initial License,Prospecting,67806,2024-12-24,2024-05-30,Outbound - SDR,Pipeline,False,False,,,31,Technical review,New Business,2024-05-30T00:00:00
4816,853,16,Zenith Dynamics - Initial License,Closed Won,162836,2024-12-23,2024-11-20,Webinar,Closed,True,True,,,19,,New Business,2024-11-20T00:00:00
4817,584,1,Summit Technologies - Initial License,Prospecting,138693,2024-07-21,2023-11-06,Event,Pipeline,False,False,CompetitorD,,38,POC setup,New Business,2023-11-06T00:00:00
4818,623,4,Velocity Services - New Business,Discovery,145995,2023-03-25,2023-01-30,Outbound - SDR,Pipeline,False,False,Open Source Alternative,,42,Legal review,New Business,2023-01-30T00:00:00
4476,820,16,Vanguard Enterprises - Initial License,Qualification,42616,2025-03-21,2024-10-03,Outbound - SDR,Best Case,False,False,Open Source Alternative,,63,Contract signing,New Business,2024-10-03T00:00:00
4820,753,6,Velocity Technologies - Renewal,Prospecting,36845,2024-10-12,2024-02-06,Inbound - Web,Pipeline,False,False,,,33,Legal review,Renewal,2024-02-06T00:00:00
4821,883,7,Vanguard Corp - Platform Deal,Qualification,39471,2024-10-08,2024-03-13,Event,Best Case,False,False,Open Source Alternative,,56,,New Business,2024-03-13T00:00:00
4822,176,8,Zenith Platforms - Platform Deal,Discovery,48028,2025-04-24,2024-12-20,Inbound - Content,Pipeline,False,False,Open Source Alternative,,48,Legal review,New Business,2024-12-20T00:00:00
4823,838,16,Catalyst Digital - Initial License,Discovery,48489,2025-08-22,2024-12-16,Inbound - Content,Pipeline,False,False,,,62,Legal review,New Business,2024-12-16T00:00:00
4824,891,4,Pacific Systems - Initial License,Qualification,174450,2025-02-18,2024-12-08,Inbound - Web,Best Case,False,False,CompetitorB,,2,Legal review,New Business,2024-12-08T00:00:00
4825,870,10,Vanguard Systems - New Business,Discovery,193555,2025-07-15,2024-11-13,Partner Referral,Pipeline,False,False,CompetitorE,,23,,New Business,2024-11-13T00:00:00
4826,472,7,Pacific Networks - Initial License,Prospecting,8591,2022-12-11,2022-11-01,,Pipeline,False,False,Open Source Alternative,,10,Legal review,New Business,2022-11-01T00:00:00
4827,180,5,Zenith Corp - Initial License,Qualification,171013,2025-01-25,2024-10-07,Webinar,Best Case,False,False,Open Source Alternative,,7,Contract signing,New Business,2024-10-07T00:00:00
4828,581,16,Quantum Enterprises - New Business,Closed Lost,26432,2024-12-31,2024-11-02,Webinar,Omitted,False,True,,Feature Gap,46,,New Business,2024-11-02T00:00:00
4829,924,16,Nexus Group - Initial License,Discovery,53583,2025-07-17,2024-12-07,Outbound - AE,Pipeline,False,False,,,17,Technical review,New Business,2024-12-07T00:00:00
4830,814,8,Elevate Software - Platform Deal,Prospecting,66268,2023-10-18,2023-09-12,Event,Pipeline,False,False,,,29,Reference call,New Business,2023-09-12T00:00:00
4831,938,4,Global Dynamics - Initial License,Qualification,128488,2023-12-22,2023-06-08,Inbound - Web,Best Case,False,False,CompetitorC,,52,Send proposal,New Business,2023-06-08T00:00:00
4832,735,16,Nova Labs - Platform Deal,Discovery,55806,2023-04-05,2022-12-21,Webinar,Pipeline,False,False,,,50,Executive alignment,New Business,2022-12-21T00:00:00
4833,86,9,Velocity Inc - Platform Deal,Qualification,180337,2022-07-03,2022-05-09,,Best Case,False,False,Open Source Alternative,,23,Send proposal,New Business,2022-05-09T00:00:00
4834,28,16,Zenith Solutions - New Business,Proposal,155311,2025-04-13,2024-12-11,Inbound - Web,Best Case,False,False,Open Source Alternative,,51,Reference call,New Business,2024-12-11T00:00:00
2097,16,14,Elevate Group - Platform Deal,Closed Lost,70494,2024-06-23,2024-07-22,Product-Led,Omitted,False,True,CompetitorA,Competitor,8,,New Business,2024-07-22T00:00:00
4836,960,10,Catalyst Labs - Platform Deal,Qualification,387728,2025-05-14,2024-09-09,Event,Best Case,False,False,,,8,Technical review,New Business,2024-09-09T00:00:00
4837,934,13,Apex Technologies - Platform Deal,Qualification,34498,2024-10-02,2024-08-03,,Best Case,False,False,,,64,,New Business,2024-08-03T00:00:00
4838,811,15,Summit Partners - Upsell,Closed Lost,3375,2024-12-11,2024-08-18,Webinar,Omitted,False,True,CompetitorB,Competitor,46,,Expansion,2024-08-18T00:00:00
4839,270,7,Nexus Solutions - Initial License,Prospecting,7090,2024-04-26,2023-12-06,Inbound - Web,Pipeline,False,False,,,33,Contract signing,New Business,2023-12-06T00:00:00
4840,864,9,Acme Group - New Business,Prospecting,10976,2023-07-02,2022-11-02,Inbound - Web,Pipeline,False,False,CompetitorB,,26,Contract signing,New Business,2022-11-02T00:00:00
4841,577,6,Vertex Dynamics - New Business,Prospecting,42612,2024-02-12,2023-07-11,Outbound - SDR,Pipeline,False,False,CompetitorD,,40,Executive alignment,New Business,2023-07-11T00:00:00
4842,199,3,Quantum Group - Platform Deal,Discovery,480012,2024-06-11,2023-11-10,Event,Pipeline,False,False,,,15,Legal review,New Business,2023-11-10T00:00:00
4843,880,13,Horizon Inc - Initial License,Closed Won,37840,2024-11-28,2024-08-23,Outbound - AE,Closed,True,True,CompetitorB,,63,,New Business,2024-08-23T00:00:00
4844,228,3,Summit Partners - New Business,Negotiation,7603,2023-06-30,2023-01-03,Inbound - Content,Commit,False,False,CompetitorE,,19,Executive alignment,New Business,2023-01-03T00:00:00
4845,11,15,Pinnacle Corp - Initial License,Prospecting,42581,2023-01-24,2022-10-02,Inbound - Web,Pipeline,False,False,,,31,Send proposal,New Business,2022-10-02T00:00:00
4846,107,5,Nova Services - New Business,Discovery,34892,2023-12-18,2023-07-22,Outbound - SDR,Pipeline,False,False,,,29,Legal review,New Business,2023-07-22T00:00:00
2628,975,13,Optima Systems - Initial License,Qualification,16456,2022-09-29,2022-05-13,Event,Best Case,False,False,CompetitorE,,26,Schedule demo,New Business,2022-05-13T00:00:00
4848,242,9,Atlas Dynamics - Platform Deal,Discovery,19794,2024-12-03,2024-12-07,,Pipeline,False,False,,,12,Schedule demo,New Business,2024-12-07T00:00:00
4849,722,11,Horizon Networks - Platform Deal,Prospecting,,2024-09-03,2024-07-09,Event,Pipeline,False,False,,,37,Legal review,New Business,2024-07-09T00:00:00
4850,70,5,Zenith Enterprises - New Business,Discovery,171859,2024-07-13,2024-02-19,Outbound - AE,Pipeline,False,False,Open Source Alternative,,21,Schedule demo,New Business,2024-02-19T00:00:00
4851,870,10,Vanguard Systems - New Business,Discovery,113962,2023-08-16,2023-05-04,Inbound - Content,Pipeline,False,False,,,21,Reference call,New Business,2023-05-04T00:00:00
4852,890,13,Zenith Software - Initial License,Closed Won,20716,2024-09-22,2024-08-06,Event,Closed,True,True,,,75,,New Business,2024-08-06T00:00:00
4853,292,3,Summit Networks - New Business,Proposal,166585,2024-09-15,2024-07-15,Outbound - SDR,Best Case,False,False,Open Source Alternative,,11,Technical review,New Business,2024-07-15T00:00:00
4854,843,7,Vanguard Corp - Platform Deal,Negotiation,37484,2024-12-25,2024-11-12,Product-Led,Commit,False,False,,,23,,New Business,2024-11-12T00:00:00
4855,514,10,Fusion Dynamics - Platform Deal,Negotiation,24242,2024-03-21,2024-02-12,Product-Led,Commit,False,False,CompetitorB,,27,Contract signing,New Business,2024-02-12T00:00:00
4856,215,2,Acme Holdings - Platform Deal,Prospecting,336426,2024-05-25,2024-02-07,Inbound - Web,Pipeline,False,False,CompetitorC,,26,Contract signing,New Business,2024-02-07T00:00:00
4857,2,12,Pacific Software - Initial License,Prospecting,44548,2024-10-23,2024-07-31,Event,Pipeline,False,False,CompetitorB,,46,Technical review,New Business,2024-07-31T00:00:00
4858,103,14,Quantum Technologies - New Business,Discovery,,2022-11-13,2022-08-18,Partner Referral,Pipeline,False,False,,,68,Reference call,New Business,2022-08-18T00:00:00
4859,330,9,Synergy Analytics - Initial License,Qualification,41381,2025-05-14,2024-12-14,Outbound - AE,Best Case,False,False,Open Source Alternative,,4,Legal review,New Business,2024-12-14T00:00:00
4860,251,6,Quantum Dynamics - Initial License,Negotiation,32457,2023-05-06,2022-09-18,Webinar,Commit,False,False,CompetitorD,,41,,New Business,2022-09-18T00:00:00
4861,247,3,Acme Enterprises - Initial License,Closed Lost,9054,2023-09-16,2023-07-05,Outbound - SDR,Omitted,False,True,CompetitorA,Competitor,28,,New Business,2023-07-05T00:00:00
4862,719,3,Acme Digital - Upsell,Proposal,145672,2024-05-17,2023-11-18,Outbound - AE,Best Case,False,False,CompetitorB,,38,Legal review,Expansion,2023-11-18T00:00:00
4863,521,15,Vertex Dynamics - Platform Deal,Closed Lost,50954,2024-08-01,2024-05-24,Partner Referral,Omitted,False,True,CompetitorD,Price,46,,New Business,2024-05-24T00:00:00
4864,250,3,Global Analytics - Upsell,Discovery,16238,2023-12-31,2023-11-12,Outbound - SDR,Pipeline,False,False,Open Source Alternative,,33,Reference call,Expansion,2023-11-12T00:00:00
4865,33,15,Fusion Systems - Platform Deal,Proposal,29220,2025-05-16,2024-08-22,Product-Led,Best Case,False,False,Open Source Alternative,,61,Contract signing,New Business,2024-08-22T00:00:00
4866,626,9,Synergy Inc - New Business,Qualification,220537,2023-01-02,2022-12-02,Product-Led,Best Case,False,False,CompetitorD,,60,Technical review,New Business,2022-12-02T00:00:00
4867,989,4,Horizon Networks - Platform Deal,Closed Won,26232,2022-08-10,2022-07-17,Inbound - Web,Closed,True,True,,,18,,New Business,2022-07-17T00:00:00
4868,605,11,Catalyst Software - Platform Deal,Closed Won,18199,2024-06-27,2024-02-02,Partner Referral,Closed,True,True,,,2,,New Business,2024-02-02T00:00:00
4869,500,9,Catalyst Holdings - New Business,Negotiation,15441,2025-05-27,2024-09-16,Event,Commit,False,False,CompetitorA,,46,Reference call,New Business,2024-09-16T00:00:00
4870,877,16,Nova Inc - New Business,Qualification,19936,2025-01-16,2024-12-17,Webinar,Best Case,False,False,,,54,POC setup,New Business,2024-12-17T00:00:00
4871,172,15,Nexus Solutions - Platform Deal,Qualification,109803,2025-02-28,2024-08-08,Inbound - Content,Best Case,False,False,Open Source Alternative,,21,Contract signing,New Business,2024-08-08T00:00:00
4872,878,13,Horizon Labs - Initial License,Qualification,49286,2024-11-18,2024-07-07,Outbound - SDR,Best Case,False,False,CompetitorA,,8,Contract signing,New Business,2024-07-07T00:00:00
4873,729,10,Elevate Corp - Initial License,Negotiation,39568,2023-08-16,2023-04-30,Outbound - SDR,Commit,False,False,CompetitorE,,60,Contract signing,New Business,2023-04-30T00:00:00
4874,373,5,Global Holdings - Initial License,Proposal,42428,2023-10-29,2023-07-02,Outbound - AE,Best Case,False,False,CompetitorC,,48,Technical review,New Business,2023-07-02T00:00:00
4875,746,11,Zenith Inc - Platform Deal,Proposal,591728,2025-02-20,2024-11-19,Webinar,Best Case,False,False,CompetitorC,,41,,New Business,2024-11-19T00:00:00
4876,454,9,Acme Labs - New Business,Prospecting,5901,2023-07-24,2022-12-15,Event,Pipeline,False,False,CompetitorC,,5,Contract signing,New Business,2022-12-15T00:00:00
4877,706,5,Vertex Software - Initial License,Closed Lost,25556,2023-09-25,2023-08-16,Product-Led,Omitted,False,True,,Feature Gap,46,,New Business,2023-08-16T00:00:00
4878,512,2,Synergy Software - Platform Deal,Discovery,158218,2025-03-07,2024-11-22,Partner Referral,Pipeline,False,False,CompetitorE,,31,Reference call,New Business,2024-11-22T00:00:00
4879,489,16,Nova Platforms - New Business,Proposal,39670,2025-03-20,2024-10-13,Outbound - AE,Best Case,False,False,,,43,POC setup,New Business,2024-10-13T00:00:00
4880,239,2,Synergy Networks - Platform Deal,Discovery,94107,2024-09-27,2024-05-05,Partner Referral,Pipeline,False,False,CompetitorD,,24,Executive alignment,New Business,2024-05-05T00:00:00
2286,104,8,Velocity Dynamics - Initial License,Closed Lost,14008,2024-09-20,2024-05-24,Outbound - SDR,Omitted,False,True,CompetitorB,Competitor,33,,New Business,2024-05-24T00:00:00
4882,1,13,Fusion Digital - Contract Renewal,Closed Lost,27733,2024-09-14,2024-03-24,Inbound - Content,Omitted,False,True,CompetitorE,Timing,77,,Renewal,2024-03-24T00:00:00
4883,165,1,Optima Technologies - Initial License,Qualification,,2022-04-20,2021-10-09,Inbound - Web,Best Case,False,False,Open Source Alternative,,39,Legal review,New Business,2021-10-09T00:00:00
4884,451,3,Synergy Labs - Upsell,Discovery,412638,2024-05-09,2024-01-07,Partner Referral,Pipeline,False,False,Open Source Alternative,,45,Technical review,Expansion,2024-01-07T00:00:00
4885,684,1,Global Systems - Platform Deal,Closed Lost,899910,2024-12-31,2024-12-28,Outbound - AE,Omitted,False,True,CompetitorB,No Decision,1,,New Business,2024-12-28T00:00:00
4886,264,3,Apex Digital - Initial License,Discovery,152776,2024-12-20,2024-07-03,,Pipeline,False,False,CompetitorE,,45,POC setup,New Business,2024-07-03T00:00:00
4887,981,7,Nova Networks - Initial License,Negotiation,57465,2021-12-16,2021-05-02,Webinar,Commit,False,False,CompetitorA,,57,Technical review,New Business,2021-05-02T00:00:00
4888,620,13,Summit Dynamics - New Business,Closed Lost,178582,2024-02-10,2023-12-07,Product-Led,Omitted,False,True,CompetitorE,Lost to Status Quo,22,,New Business,2023-12-07T00:00:00
4889,940,8,Vertex Inc - Initial License,Discovery,758413,2025-06-03,2024-12-25,Partner Referral,Pipeline,False,False,,,16,Legal review,New Business,2024-12-25T00:00:00
4890,27,5,Optima Solutions - New Business,Discovery,26518,2024-03-11,2023-09-30,Outbound - AE,Pipeline,False,False,CompetitorB,,10,Schedule demo,New Business,2023-09-30T00:00:00
4891,860,16,Pacific Partners - Platform Deal,Closed Lost,150165,2024-12-31,2024-11-17,Outbound - AE,Omitted,False,True,CompetitorA,Lost to Status Quo,3,,New Business,2024-11-17T00:00:00
4892,241,8,Zenith Partners - Platform Deal,Proposal,176948,2025-04-19,2024-10-31,Inbound - Web,Best Case,False,False,Open Source Alternative,,60,POC setup,New Business,2024-10-31T00:00:00
4893,334,15,Quantum Group - Platform Deal,Closed Lost,46063,2024-12-31,2024-12-17,Inbound - Web,Omitted,False,True,CompetitorE,Timing,39,,New Business,2024-12-17T00:00:00
4894,7,1,Elevate Dynamics - New Business,Prospecting,132530,2021-03-25,2021-02-16,Event,Pipeline,False,False,,,21,Schedule demo,New Business,2021-02-16T00:00:00
4895,157,15,Horizon Software - New Business,Qualification,34346,2025-05-21,2024-11-01,Partner Referral,Best Case,False,False,CompetitorB,,24,POC setup,New Business,2024-11-01T00:00:00
4896,514,10,Fusion Dynamics - Platform Deal,Prospecting,127412,2024-06-30,2024-05-11,Outbound - AE,Pipeline,False,False,CompetitorB,,63,Legal review,New Business,2024-05-11T00:00:00
4897,224,16,Velocity Inc - New Business,Qualification,23375,2025-05-02,2024-10-22,Partner Referral,Best Case,False,False,CompetitorD,,24,Executive alignment,New Business,2024-10-22T00:00:00
4898,153,3,Nexus Technologies - Initial License,Qualification,40815,2021-12-18,2021-09-24,Partner Referral,Best Case,False,False,,,1,Executive alignment,New Business,2021-09-24T00:00:00
4899,491,11,Horizon Partners - Platform Deal,Prospecting,39775,2023-06-10,2023-04-20,Outbound - AE,Pipeline,False,False,,,38,Schedule demo,New Business,2023-04-20T00:00:00
4900,902,14,Fusion Systems - New Business,Closed Lost,30642,2024-12-25,2024-08-21,Inbound - Content,Omitted,False,True,Open Source Alternative,Feature Gap,66,,New Business,2024-08-21T00:00:00
4901,777,4,Atlas Platforms - Platform Deal,Prospecting,28979,2021-06-06,2020-11-16,Product-Led,Pipeline,False,False,CompetitorB,,12,Executive alignment,New Business,2020-11-16T00:00:00
4902,713,10,Quantum Group - Platform Deal,Prospecting,44821,2024-05-09,2023-08-16,Inbound - Web,Pipeline,False,False,CompetitorD,,59,Schedule demo,New Business,2023-08-16T00:00:00
4903,324,2,Quantum Group - Initial License,Proposal,82168,2023-02-24,2022-09-27,Outbound - SDR,Best Case,False,False,CompetitorC,,41,Reference call,New Business,2022-09-27T00:00:00
4904,532,4,Elevate Partners - Initial License,Qualification,39302,2024-05-30,2024-04-06,Inbound - Web,Best Case,False,False,Open Source Alternative,,27,Send proposal,New Business,2024-04-06T00:00:00
4905,590,15,Nova Services - New Business,Qualification,10495,2024-11-19,2024-10-14,Partner Referral,Best Case,False,False,,,58,,New Business,2024-10-14T00:00:00
4906,994,5,Fusion Analytics - Platform Deal,Discovery,48923,2025-07-30,2024-12-30,Partner Referral,Pipeline,False,False,,,36,Reference call,New Business,2024-12-30T00:00:00
4907,996,5,Quantum Enterprises - Initial License,Proposal,11196,2025-01-21,2024-11-20,Event,Best Case,False,False,CompetitorD,,34,POC setup,New Business,2024-11-20T00:00:00
4908,249,6,Apex Solutions - Initial License,Closed Won,71954,2021-03-23,2020-11-20,Product-Led,Closed,True,True,,,20,,New Business,2020-11-20T00:00:00
2988,915,2,Pacific Holdings - Initial License,Prospecting,194049,2024-07-27,2024-08-16,Outbound - SDR,Pipeline,False,False,CompetitorB,,36,Contract signing,New Business,2024-08-16T00:00:00
4910,763,12,Pinnacle Dynamics - Initial License,Discovery,17418,2023-08-01,2023-01-08,Product-Led,Pipeline,False,False,CompetitorA,,64,Technical review,New Business,2023-01-08T00:00:00
4911,247,13,Acme Enterprises - Upsell,Prospecting,3804,2024-06-08,2023-12-11,Outbound - SDR,Pipeline,False,False,CompetitorD,,21,Send proposal,Expansion,2023-12-11T00:00:00
4912,872,9,Summit Holdings - New Business,Closed Lost,198103,2024-12-31,2024-10-27,Outbound - AE,Omitted,False,True,CompetitorA,Price,38,,New Business,2024-10-27T00:00:00
4913,301,3,Atlas Partners - Platform Deal,Prospecting,31457,2025-03-08,2024-10-26,Webinar,Pipeline,False,False,CompetitorC,,11,Send proposal,New Business,2024-10-26T00:00:00
4914,346,5,Apex Inc - Platform Deal,Discovery,15288,2024-07-02,2024-04-24,Partner Referral,Pipeline,False,False,Open Source Alternative,,41,Reference call,New Business,2024-04-24T00:00:00
4915,453,1,Fusion Corp - Platform Deal,Prospecting,18392,2025-07-01,2024-11-20,Outbound - AE,Pipeline,False,False,CompetitorC,,16,Reference call,New Business,2024-11-20T00:00:00
4916,734,13,Horizon Group - Platform Deal,Qualification,39934,2024-08-20,2024-03-05,Event,Best Case,False,False,CompetitorD,,72,Technical review,New Business,2024-03-05T00:00:00
4917,852,9,Synergy Group - Initial License,Discovery,71208,2024-03-24,2024-01-05,Event,Pipeline,False,False,,,57,Contract signing,New Business,2024-01-05T00:00:00
4918,851,7,Velocity Networks - Platform Deal,Closed Won,14038,2024-06-16,2024-01-11,Inbound - Web,Closed,True,True,,,29,,New Business,2024-01-11T00:00:00
4919,509,12,Horizon Group - New Business,Qualification,40581,2023-03-27,2022-09-09,Outbound - AE,Best Case,False,False,CompetitorC,,15,,New Business,2022-09-09T00:00:00
4920,574,4,Acme Solutions - New Business,Discovery,26394,2024-03-30,2023-08-19,Outbound - SDR,Pipeline,False,False,CompetitorA,,36,,New Business,2023-08-19T00:00:00
4921,945,13,Global Systems - Initial License,Negotiation,18644,2025-01-13,2024-07-06,,Commit,False,False,,,1,Send proposal,New Business,2024-07-06T00:00:00
4922,583,16,Nexus Dynamics - Initial License,Qualification,186800,2024-06-14,2024-03-31,Product-Led,Best Case,False,False,CompetitorC,,2,Contract signing,New Business,2024-03-31T00:00:00
4923,575,9,Zenith Solutions - Platform Deal,Qualification,40920,2022-09-25,2022-08-10,Partner Referral,Best Case,False,False,CompetitorA,,7,Reference call,New Business,2022-08-10T00:00:00
4924,503,6,Fusion Platforms - Contract Renewal,Prospecting,128249,2024-10-08,2024-05-09,Inbound - Web,Pipeline,False,False,Open Source Alternative,,43,Executive alignment,Renewal,2024-05-09T00:00:00
4925,686,2,Horizon Technologies - New Business,Discovery,131111,2024-07-07,2024-05-20,Webinar,Pipeline,False,False,CompetitorC,,40,Technical review,New Business,2024-05-20T00:00:00
4926,391,7,Atlas Inc - Expansion,Qualification,103506,2024-12-01,2024-09-21,Partner Referral,Best Case,False,False,,,28,POC setup,Expansion,2024-09-21T00:00:00
4927,206,10,Nexus Platforms - Initial License,Discovery,60686,2023-10-24,2023-04-30,Event,Pipeline,False,False,CompetitorB,,49,Send proposal,New Business,2023-04-30T00:00:00
4928,909,5,Pinnacle Solutions - Initial License,Closed Lost,11461,2024-12-07,2024-10-06,Outbound - AE,Omitted,False,True,,Budget Cut,58,,New Business,2024-10-06T00:00:00
4929,324,2,Quantum Group - Upsell,Closed Won,24371,2024-08-15,2024-06-15,Inbound - Content,Closed,True,True,Open Source Alternative,,21,,Expansion,2024-06-15T00:00:00
4930,881,9,Synergy Inc - Platform Deal,Negotiation,170904,2024-09-20,2024-01-24,Outbound - AE,Commit,False,False,,,65,Reference call,New Business,2024-01-24T00:00:00
4931,443,16,Elevate Technologies - New Business,Qualification,10755,2025-03-06,2024-12-24,Inbound - Content,Best Case,False,False,CompetitorB,,15,,New Business,2024-12-24T00:00:00
4932,94,15,Horizon Solutions - Renewal,Qualification,177599,2024-10-15,2024-01-22,Inbound - Web,Best Case,False,False,CompetitorA,,66,Reference call,Renewal,2024-01-22T00:00:00
4933,380,1,Synergy Digital - Initial License,Closed Lost,189396,2023-09-26,2023-05-02,Product-Led,Omitted,False,True,CompetitorA,Budget Cut,2,,New Business,2023-05-02T00:00:00
2903,669,15,Elevate Systems - New Business,Proposal,43132,2025-05-10,2024-10-13,Inbound - Web,Best Case,False,False,,,36,Schedule demo,New Business,2024-10-13T00:00:00
4935,155,14,Acme Enterprises - New Business,Closed Won,108082,2024-09-27,2024-05-13,Partner Referral,Closed,True,True,CompetitorA,,21,,New Business,2024-05-13T00:00:00
4936,808,13,Nexus Group - New Business,Prospecting,78922,2022-08-31,2022-06-03,Inbound - Content,Pipeline,False,False,CompetitorE,,41,POC setup,New Business,2022-06-03T00:00:00
4937,248,2,Fusion Corp - Initial License,Closed Lost,169107,2023-04-16,2023-03-15,Inbound - Web,Omitted,False,True,CompetitorB,Lost to Status Quo,1,,New Business,2023-03-15T00:00:00
4938,604,3,Nova Enterprises - New Business,Closed Lost,161732,2024-12-31,2024-09-13,Outbound - AE,Omitted,False,True,CompetitorA,Lost to Status Quo,1,,New Business,2024-09-13T00:00:00
4939,62,5,Velocity Networks - New Business,Discovery,112837,2023-08-13,2022-12-25,Inbound - Web,Pipeline,False,False,CompetitorB,,47,Reference call,New Business,2022-12-25T00:00:00
4940,372,14,Nova Enterprises - Platform Deal,Proposal,697323,2024-06-07,2023-10-19,Partner Referral,Best Case,False,False,CompetitorD,,53,Contract signing,New Business,2023-10-19T00:00:00
4941,466,6,Summit Analytics - New Business,Proposal,50292,2023-04-10,2023-02-09,Inbound - Content,Best Case,False,False,,,4,Technical review,New Business,2023-02-09T00:00:00
4942,390,1,Quantum Group - Platform Deal,Closed Lost,186645,2023-03-23,2022-10-20,Partner Referral,Omitted,False,True,CompetitorD,Price,41,,New Business,2022-10-20T00:00:00
4943,751,6,Apex Partners - Platform Deal,Closed Lost,95153,2024-12-20,2024-08-31,Outbound - AE,Omitted,False,True,,Budget Cut,25,,New Business,2024-08-31T00:00:00
4944,233,7,Synergy Technologies - Initial License,Proposal,48472,2024-12-10,2024-12-12,Event,Best Case,False,False,CompetitorD,,30,Executive alignment,New Business,2024-12-12T00:00:00
4945,381,14,Nova Enterprises - Platform Deal,Negotiation,46376,2024-02-07,2023-06-16,Inbound - Content,Commit,False,False,CompetitorD,,29,Schedule demo,New Business,2023-06-16T00:00:00
4946,507,13,Nova Services - Platform Deal,Discovery,30968,2025-07-05,2024-10-10,Inbound - Web,Pipeline,False,False,Open Source Alternative,,15,,New Business,2024-10-10T00:00:00
4947,517,1,Nexus Solutions - Initial License,Closed Lost,81329,2024-07-05,2024-05-29,Inbound - Web,Omitted,False,True,CompetitorC,Champion Left,16,,New Business,2024-05-29T00:00:00
4948,717,16,Nexus Inc - Platform Deal,Qualification,35264,2025-08-16,2024-12-01,Outbound - SDR,Best Case,False,False,CompetitorC,,27,Reference call,New Business,2024-12-01T00:00:00
4949,654,1,Elevate Analytics - Initial License,Qualification,51690,2024-08-21,2024-03-08,Outbound - AE,Best Case,False,False,,,6,POC setup,New Business,2024-03-08T00:00:00
4950,512,2,Synergy Software - Initial License,Prospecting,77378,2025-05-27,2024-12-07,Outbound - AE,Pipeline,False,False,Open Source Alternative,,27,Legal review,New Business,2024-12-07T00:00:00
4951,471,11,Elevate Analytics - Initial License,Qualification,37829,2024-09-05,2024-01-17,Outbound - AE,Best Case,False,False,CompetitorC,,35,Executive alignment,New Business,2024-01-17T00:00:00
4952,534,4,Catalyst Technologies - New Business,Discovery,39271,2025-02-15,2024-07-28,Webinar,Pipeline,False,False,CompetitorA,,8,Executive alignment,New Business,2024-07-28T00:00:00
4953,670,15,Quantum Dynamics - Platform Deal,Proposal,29473,2024-11-25,2024-09-25,Inbound - Web,Best Case,False,False,,,55,Technical review,New Business,2024-09-25T00:00:00
4954,145,8,Nova Software - Platform Deal,Discovery,18168,2024-10-12,2024-01-22,Outbound - AE,Pipeline,False,False,CompetitorB,,13,Schedule demo,New Business,2024-01-22T00:00:00
4955,493,5,Summit Analytics - Initial License,Qualification,130649,2024-05-02,2024-01-20,Partner Referral,Best Case,False,False,CompetitorE,,49,Send proposal,New Business,2024-01-20T00:00:00
4956,863,6,Apex Platforms - New Business,Closed Lost,612755,2024-12-31,2024-09-30,Webinar,Omitted,False,True,CompetitorE,Timing,23,,New Business,2024-09-30T00:00:00
4957,309,9,Vertex Enterprises - Initial License,Qualification,108241,2025-02-19,2024-06-06,Outbound - SDR,Best Case,False,False,CompetitorC,,45,Technical review,New Business,2024-06-06T00:00:00
4958,53,12,Pacific Software - Initial License,Discovery,41255,2023-08-01,2023-04-04,Inbound - Content,Pipeline,False,False,,,7,Executive alignment,New Business,2023-04-04T00:00:00
4959,727,15,Quantum Platforms - Platform Deal,Closed Lost,21369,2024-12-31,2024-11-06,Outbound - AE,Omitted,False,True,CompetitorB,Lost to Status Quo,39,,New Business,2024-11-06T00:00:00
4960,359,2,Quantum Digital - Platform Deal,Prospecting,477641,2023-12-01,2023-07-20,Inbound - Web,Pipeline,False,False,,,18,Executive alignment,New Business,2023-07-20T00:00:00
4961,321,1,Fusion Networks - New Business,Qualification,8522,2024-03-03,2024-01-06,Inbound - Web,Best Case,False,False,,,13,Contract signing,New Business,2024-01-06T00:00:00
4962,110,3,Synergy Holdings - New Business,Closed Lost,8430,2024-08-02,2024-03-25,Partner Referral,Omitted,False,True,CompetitorE,Competitor,45,,New Business,2024-03-25T00:00:00
4963,749,12,Global Labs - Platform Deal,Qualification,134544,2021-04-13,2020-10-24,Product-Led,Best Case,False,False,,,30,Executive alignment,New Business,2020-10-24T00:00:00
4964,870,10,Vanguard Systems - New Business,Discovery,145574,2024-04-29,2023-09-07,Outbound - SDR,Pipeline,False,False,CompetitorC,,13,Contract signing,New Business,2023-09-07T00:00:00
4965,609,3,Atlas Software - Platform Deal,Discovery,370701,2023-12-18,2023-08-09,Partner Referral,Pipeline,False,False,CompetitorB,,8,Technical review,New Business,2023-08-09T00:00:00
4966,457,16,Velocity Networks - New Business,Discovery,162578,2024-12-15,2024-05-18,Product-Led,Pipeline,False,False,Open Source Alternative,,10,Schedule demo,New Business,2024-05-18T00:00:00
4967,295,2,Synergy Enterprises - Platform Deal,Closed Won,,2024-12-31,2024-11-22,Inbound - Web,Closed,True,True,,,44,,New Business,2024-11-22T00:00:00
4968,127,2,Nexus Corp - New Business,Closed Won,196030,2023-03-23,2022-10-09,Product-Led,Closed,True,True,CompetitorA,,4,,New Business,2022-10-09T00:00:00
4969,629,8,Elevate Analytics - New Business,Qualification,154913,2024-07-08,2024-03-30,Inbound - Web,Best Case,False,False,CompetitorA,,46,,New Business,2024-03-30T00:00:00
4970,400,4,Vanguard Inc - Platform Deal,Discovery,8654,2023-11-13,2023-03-15,Inbound - Content,Pipeline,False,False,CompetitorC,,50,Contract signing,New Business,2023-03-15T00:00:00
4971,158,7,Apex Corp - Platform Deal,Qualification,69418,2024-12-20,2024-07-09,Event,Best Case,False,False,CompetitorA,,44,POC setup,New Business,2024-07-09T00:00:00
4972,102,14,Summit Services - Initial License,Prospecting,41739,2022-06-17,2022-05-06,Webinar,Pipeline,False,False,CompetitorD,,27,Contract signing,New Business,2022-05-06T00:00:00
4973,901,14,Summit Analytics - Additional Seats,Prospecting,40469,2025-06-11,2024-10-16,Product-Led,Pipeline,False,False,,,39,Technical review,Expansion,2024-10-16T00:00:00
4974,780,13,Fusion Dynamics - New Business,Qualification,459865,2022-07-27,2022-05-05,Inbound - Web,Best Case,False,False,CompetitorD,,19,Schedule demo,New Business,2022-05-05T00:00:00
4975,161,14,Velocity Services - New Business,Proposal,62282,2022-03-26,2021-12-30,Outbound - SDR,Best Case,False,False,CompetitorD,,7,Reference call,New Business,2021-12-30T00:00:00
4976,613,3,Vanguard Dynamics - Platform Deal,Prospecting,23569,2025-01-29,2024-07-31,Webinar,Pipeline,False,False,,,6,POC setup,New Business,2024-07-31T00:00:00
4977,806,14,Atlas Services - New Business,Qualification,6214,2024-09-08,2024-06-28,Inbound - Content,Best Case,False,False,,,19,Reference call,New Business,2024-06-28T00:00:00
4978,488,15,Pinnacle Inc - Platform Deal,Proposal,19243,2024-11-14,2024-05-19,Outbound - SDR,Best Case,False,False,Open Source Alternative,,38,Schedule demo,New Business,2024-05-19T00:00:00
4979,129,11,Global Networks - Initial License,Prospecting,23672,2022-12-25,2022-08-22,Partner Referral,Pipeline,False,False,,,27,Executive alignment,New Business,2022-08-22T00:00:00
4980,678,14,Nova Systems - Platform Deal,Discovery,645305,2023-07-01,2023-04-03,Outbound - AE,Pipeline,False,False,,,57,POC setup,New Business,2023-04-03T00:00:00
4981,447,15,Atlas Analytics - Upsell,Prospecting,186274,2023-12-27,2023-07-16,Outbound - SDR,Pipeline,False,False,CompetitorE,,14,Technical review,Expansion,2023-07-16T00:00:00
4982,893,5,Summit Networks - Platform Deal,Proposal,13794,2024-06-27,2024-01-24,Outbound - AE,Best Case,False,False,Open Source Alternative,,52,Send proposal,New Business,2024-01-24T00:00:00
4983,958,4,Horizon Partners - New Business,Proposal,54021,2024-09-09,2024-07-22,Partner Referral,Best Case,False,False,,,2,Reference call,New Business,2024-07-22T00:00:00
4984,246,16,Atlas Inc - Platform Deal,Discovery,174788,2025-02-06,2024-12-19,Inbound - Content,Pipeline,False,False,,,62,Contract signing,New Business,2024-12-19T00:00:00
4985,570,4,Nova Partners - New Business,Closed Won,859827,2024-12-31,2024-11-14,Event,Closed,True,True,CompetitorB,,55,,New Business,2024-11-14T00:00:00
4986,453,14,Fusion Corp - Contract Renewal,Proposal,28977,2025-01-19,2024-11-19,Inbound - Content,Best Case,False,False,,,78,Technical review,Renewal,2024-11-19T00:00:00
4987,449,5,Summit Group - New Business,Closed Won,33202,2024-12-31,2024-10-18,Inbound - Content,Closed,True,True,Open Source Alternative,,42,,New Business,2024-10-18T00:00:00
4988,915,9,Pacific Holdings - New Business,Prospecting,125950,2024-07-28,2024-04-05,Outbound - SDR,Pipeline,False,False,CompetitorC,,25,Legal review,New Business,2024-04-05T00:00:00
4989,694,9,Velocity Networks - Platform Deal,Proposal,254539,2025-01-16,2024-10-02,Outbound - AE,Best Case,False,False,,,14,Schedule demo,New Business,2024-10-02T00:00:00
4990,438,8,Nova Corp - Initial License,Proposal,222904,2024-04-13,2023-07-29,Partner Referral,Best Case,False,False,CompetitorB,,39,Send proposal,New Business,2023-07-29T00:00:00
4991,781,3,Vanguard Dynamics - Platform Deal,Closed Won,193083,2023-03-19,2022-12-22,Outbound - AE,Closed,True,True,CompetitorB,,25,,New Business,2022-12-22T00:00:00
4992,41,12,Nova Technologies - Platform Deal,Prospecting,39693,2022-12-06,2022-05-31,Inbound - Web,Pipeline,False,False,CompetitorA,,42,Contract signing,New Business,2022-05-31T00:00:00
4993,528,9,Nova Systems - Platform Deal,Closed Lost,236849,2022-10-21,2022-06-03,Partner Referral,Omitted,False,True,CompetitorB,Feature Gap,30,,New Business,2022-06-03T00:00:00
4994,937,7,Elevate Technologies - Renewal,Closed Won,9962,2022-02-15,2021-10-10,,Closed,True,True,,,38,,Renewal,2021-10-10T00:00:00
4995,259,5,Global Partners - New Business,Closed Lost,973177,2024-08-16,2024-05-16,,Omitted,False,True,CompetitorD,Timing,45,,New Business,2024-05-16T00:00:00
4996,818,16,Pacific Digital - Platform Deal,Prospecting,134498,2024-12-28,2024-07-23,Partner Referral,Pipeline,False,False,CompetitorA,,19,,New Business,2024-07-23T00:00:00
4997,805,7,Elevate Partners - Upsell,Discovery,15025,2025-02-03,2024-12-12,Outbound - SDR,Pipeline,False,False,Open Source Alternative,,17,Reference call,Expansion,2024-12-12T00:00:00
4998,51,6,Nexus Dynamics - Platform Deal,Qualification,27182,2024-11-03,2024-07-04,Event,Best Case,False,False,,,47,Technical review,New Business,2024-07-04T00:00:00
4999,878,13,Horizon Labs - New Business,Closed Lost,28927,2024-12-28,2024-06-21,Webinar,Omitted,False,True,CompetitorD,Champion Left,69,,New Business,2024-06-21T00:00:00
5000,900,7,Horizon Networks - New Business,Closed Won,24524,2024-11-05,2024-05-17,Event,Closed,True,True,,,26,,New Business,2024-05-17T00:00:00
