product_user_id,account_id,email,role,plan_tier,signup_date,last_active_date,is_active
1,129,xander.kim@globalnetworks.com,editor,free,2023-07-30,2025-02-16,True
2,850,ivy.smith@nexusdynamics.com,viewer,professional,2024-09-08,2025-02-25,True
3,248,frank.ingram@fusioncorp.com,admin,starter,2022-01-25,2025-02-24,True
4,972,nate.taylor@nexussystems.com,editor,starter,2023-12-10,2025-02-26,True
5,812,mia.lopez@pinnacleplatforms.com,editor,starter,2021-06-08,2025-02-08,True
6,502,vince.quinn@velocityinc.com,viewer,professional,2023-03-13,2025-02-11,True
7,605,ivy.quinn@catalystsoftware.com,editor,starter,2023-10-31,2024-10-26,False
8,353,jack.taylor@summittechnologies.com,admin,professional,2025-02-13,2025-01-31,True
9,237,alice.park@catalystanalytics.com,editor,starter,2025-01-22,2025-02-28,False
10,816,jack.quinn@nexuspartners.com,viewer,starter,2025-01-07,2025-02-10,True
11,254,rosa.hall@globalholdings.com,editor,enterprise,2023-03-24,2025-02-02,True
12,377,bob.evans@globalinc.com,admin,enterprise,2023-10-11,2025-02-03,True
13,394,ivy.smith@quantumsolutions.com,editor,professional,2024-06-21,2025-02-13,True
14,510,carol.davis@synergyservices.com,editor,free,2020-07-03,2020-10-21,False
15,803,nate.davis@synergyanalytics.com,viewer,starter,2025-01-08,2025-02-20,True
16,461,carol.adams@globalnetworks.com,editor,professional,2023-07-08,2025-01-30,True
17,895,nate.owens@synergyservices.com,viewer,enterprise,2025-01-17,2025-02-12,True
18,646,,admin,professional,2023-08-14,2025-02-27,True
19,997,vince.evans@apexsystems.com,editor,free,2024-08-15,2025-02-03,True
20,497,jack.jones@vanguardtechnologies.com,viewer,starter,2023-02-15,2025-01-31,True
21,715,grace.evans@globalenterprises.com,editor,starter,2025-01-20,2025-02-10,True
22,609,steve.ingram@atlassoftware.com,admin,enterprise,2024-07-09,2024-08-23,False
23,124,frank.hall@optimatechnologies.com,admin,free,2022-08-18,2025-02-27,True
24,622,alice.owens@novaenterprises.com,viewer,starter,2024-11-29,2025-02-17,True
25,885,frank.hall@pinnacleinc.com,admin,enterprise,2023-05-11,2025-02-05,True
26,282,mia.adams@pinnaclesoftware.com,editor,starter,2022-06-14,2025-02-19,True
27,498,rosa.clark@optimaplatforms.com,admin,starter,2024-04-02,2024-09-16,False
28,375,jack.park@atlasnetworks.com,viewer,professional,2025-02-12,2025-02-03,True
29,197,tina.ingram@vertexinc.com,admin,enterprise,2024-11-13,2025-02-13,True
30,243,bob.kim@summitholdings.com,viewer,professional,2023-11-13,2025-02-07,True
31,864,steve.foster@acmegroup.com,viewer,starter,2023-07-11,2025-02-15,True
32,593,frank.baker@synergytechnologies.com,editor,enterprise,2025-01-26,2025-02-05,True
33,923,,viewer,professional,2024-07-11,2025-02-28,False
34,593,grace.adams@synergytechnologies.com,viewer,enterprise,2025-02-17,2025-02-03,True
35,667,quinn.taylor@vertexanalytics.com,viewer,starter,2025-01-08,2025-02-03,True
36,836,xander.baker@summitanalytics.com,viewer,starter,2024-08-24,2025-02-01,True
37,525,uma.jones@vertexnetworks.com,viewer,professional,2024-10-19,2025-02-24,True
38,647,hank.adams@quantumcorp.com,viewer,enterprise,2025-01-08,2025-02-16,True
39,102,frank.taylor@summitservices.com,viewer,professional,2022-01-12,2022-03-04,False
40,749,bob.lopez@globallabs.com,viewer,starter,2022-08-07,2025-02-27,True
41,973,vince.miller@zenithlabs.com,editor,free,2022-09-15,2025-02-27,True
42,879,paul.davis@summitdigital.com,editor,professional,2024-09-17,2025-02-20,True
43,224,uma.jones@velocityinc.com,viewer,professional,2024-08-20,2025-02-27,True
44,683,carol.garcia@optimatechnologies.com,admin,starter,2025-01-29,2025-02-22,True
45,572,vince.quinn@horizonanalytics.com,viewer,starter,2024-01-06,2025-01-30,True
46,894,paul.garcia@quantumsoftware.com,viewer,starter,2022-01-04,2022-03-03,False
47,7,leo.ingram@elevatedynamics.com,admin,professional,2024-06-29,2025-02-23,True
48,377,frank.foster@globalinc.com,editor,enterprise,2021-08-28,2025-02-23,True
49,391,frank.taylor@atlasinc.com,admin,professional,2022-11-06,2025-01-29,True
50,615,jack.jones@pacificinc.com,editor,professional,2025-01-26,2025-02-25,True
51,795,mia.quinn@atlassolutions.com,viewer,starter,2024-12-01,2025-02-11,True
52,561,frank.nguyen@velocitydynamics.com,viewer,free,2024-11-10,2025-02-19,True
53,883,uma.clark@vanguardcorp.com,viewer,free,2024-05-15,2024-06-10,False
54,170,tina.evans@novaanalytics.com,editor,enterprise,2024-12-23,2025-02-12,True
55,595,hank.evans@apextechnologies.com,editor,free,2024-12-10,2025-02-10,True
56,219,ivy.miller@fusionplatforms.com,editor,free,2023-09-24,2025-02-27,True
57,984,rosa.davis@pacificdynamics.com,viewer,starter,2024-07-31,2025-02-22,True
58,80,mia.evans@optimaenterprises.com,editor,professional,2023-04-28,2024-03-19,False
59,413,olivia.kim@synergyholdings.com,admin,professional,2024-07-13,2025-02-14,True
60,927,xander.owens@catalystsystems.com,viewer,professional,2022-04-11,2023-02-14,False
61,821,hank.baker@catalystenterprises.com,admin,starter,2024-10-11,2025-02-28,False
62,38,hank.miller@catalystlabs.com,viewer,starter,2024-10-01,2025-02-02,True
63,79,leo.garcia@apexsoftware.com,editor,professional,2024-07-03,2025-02-14,True
64,245,bob.lopez@acmeservices.com,editor,professional,2025-01-05,2025-02-24,True
65,525,leo.adams@vertexnetworks.com,viewer,professional,2024-02-13,2025-02-14,True
66,691,tina.owens@globalsystems.com,editor,enterprise,2023-10-23,2025-02-09,True
67,724,uma.adams@fusioninc.com,editor,free,2024-06-11,2025-02-21,True
68,48,tina.quinn@catalystsoftware.com,admin,free,2024-04-27,2024-07-30,False
69,620,alice.nguyen@summitdynamics.com,admin,professional,2024-11-13,2025-02-02,True
70,300,nate.rivera@novadigital.com,editor,professional,2024-01-10,2025-02-04,True
71,477,nate.taylor@pinnacledigital.com,editor,professional,2022-03-16,2025-02-25,True
72,288,mia.jones@horizonsoftware.com,admin,free,2024-06-21,2025-02-06,True
73,714,quinn.miller@zenithtechnologies.com,viewer,enterprise,2024-09-24,2025-02-21,True
74,748,uma.kim@apexgroup.com,admin,free,2024-12-15,2025-02-11,True
75,729,eve.adams@elevatecorp.com,viewer,starter,2021-04-23,2025-02-19,True
76,324,wendy.park@quantumgroup.com,editor,professional,2022-02-11,2023-01-31,False
77,828,eve.owens@apexlabs.com,viewer,starter,2024-08-21,2025-02-21,True
78,130,dan.davis@vertexenterprises.com,viewer,starter,2023-09-25,2025-01-31,True
79,860,frank.taylor@pacificpartners.com,editor,enterprise,2024-12-01,2025-02-09,True
80,3,eve.taylor@pacificplatforms.com,editor,professional,2024-12-17,2025-02-20,True
81,654,nate.owens@elevateanalytics.com,viewer,starter,2023-12-30,2025-02-04,True
82,561,frank.clark@velocitydynamics.com,viewer,free,2024-11-03,2025-02-28,False
83,511,grace.lopez@pacificdigital.com,editor,enterprise,2024-12-23,2025-02-16,True
84,561,xander.lopez@velocitydynamics.com,admin,free,2024-11-12,2024-12-13,False
85,401,olivia.garcia@novatechnologies.com,admin,starter,2024-08-28,2025-02-18,True
86,883,carol.lopez@vanguardcorp.com,viewer,free,2024-01-05,2025-02-11,True
87,414,rosa.park@quantumsystems.com,editor,free,2023-03-06,2023-09-25,False
88,406,rosa.baker@vertexcorp.com,admin,professional,2024-09-13,2025-02-11,True
89,250,leo.lopez@globalanalytics.com,viewer,professional,2024-10-06,2025-02-03,True
90,330,tina.adams@synergyanalytics.com,admin,professional,2024-06-26,2024-10-21,False
91,41,xander.owens@novatechnologies.com,viewer,enterprise,2023-10-09,2025-02-02,True
92,521,nate.quinn@vertexdynamics.com,admin,starter,2024-10-12,2025-02-17,True
93,678,karen.evans@novasystems.com,viewer,enterprise,2022-10-19,2025-02-05,True
94,973,leo.ingram@zenithlabs.com,admin,free,2022-04-07,2022-10-31,False
95,966,uma.foster@fusionplatforms.com,admin,enterprise,2025-01-11,2025-02-04,True
96,222,leo.jones@vanguardholdings.com,viewer,professional,2024-07-23,2025-02-02,True
97,37,mia.kim@fusionsolutions.com,viewer,professional,2020-12-29,2025-01-29,True
98,522,xander.park@nexusplatforms.com,viewer,professional,2023-08-15,2025-02-09,True
99,538,eve.foster@fusionsolutions.com,editor,enterprise,2024-02-28,2025-02-22,True
100,88,leo.evans@fusionholdings.com,admin,free,2025-01-28,2025-02-26,True
101,191,steve.kim@globalenterprises.com,viewer,starter,2024-06-28,2025-01-29,True
102,74,steve.nguyen@acmeholdings.com,editor,professional,2023-12-27,2025-02-04,True
103,40,olivia.quinn@apexnetworks.com,viewer,starter,2025-02-28,2025-02-28,False
104,229,ivy.ingram@fusionplatforms.com,editor,professional,2023-10-11,2025-02-05,True
105,239,ivy.nguyen@synergynetworks.com,admin,free,2022-06-11,2025-02-12,True
106,228,tina.rivera@summitpartners.com,viewer,professional,2024-04-24,2025-02-22,True
107,631,olivia.rivera@vanguardcorp.com,admin,starter,2024-09-28,2025-02-24,True
108,875,uma.ingram@synergyanalytics.com,viewer,professional,2024-08-04,2025-02-11,True
109,949,carol.quinn@quantumholdings.com,editor,starter,2023-05-17,2025-02-21,True
110,432,,editor,enterprise,2023-01-19,2025-02-09,True
111,724,ivy.lopez@fusioninc.com,admin,free,2023-08-23,2025-02-18,True
112,280,wendy.kim@elevatedynamics.com,editor,professional,2023-03-16,2025-01-30,True
113,712,quinn.adams@synergysolutions.com,editor,professional,2025-02-21,2025-02-28,False
114,995,hank.adams@acmecorp.com,admin,free,2025-02-18,2025-02-25,True
115,984,karen.miller@pacificdynamics.com,editor,starter,2024-09-20,2025-02-24,True
116,294,jack.baker@acmeplatforms.com,editor,professional,2024-04-20,2025-02-09,True
117,149,dan.kim@quantumsolutions.com,editor,starter,2025-02-04,2025-02-28,False
118,676,uma.ingram@pinnaclepartners.com,viewer,enterprise,2024-09-23,2024-10-13,False
119,345,uma.nguyen@zenithpartners.com,editor,professional,2025-01-02,2025-01-31,True
120,413,eve.nguyen@synergyholdings.com,viewer,professional,2024-10-07,2025-02-14,True
121,164,leo.lopez@pinnaclesolutions.com,viewer,professional,2024-10-01,2025-02-08,True
122,177,leo.lopez@pinnacletechnologies.com,viewer,starter,2024-11-16,2025-02-21,True
123,534,alice.nguyen@catalysttechnologies.com,viewer,free,2024-02-23,2025-01-31,True
124,12,quinn.miller@elevateinc.com,admin,professional,2024-12-25,2025-02-07,True
125,434,grace.garcia@summitsolutions.com,editor,professional,2024-12-08,2025-02-17,True
126,348,wendy.davis@quantuminc.com,viewer,starter,2024-03-30,2025-02-18,True
127,95,steve.adams@optimainc.com,viewer,enterprise,2024-11-07,2025-02-28,True
128,828,mia.baker@apexlabs.com,admin,starter,2024-08-27,2025-02-28,False
129,891,eve.baker@pacificsystems.com,viewer,professional,2024-10-05,2025-02-26,True
130,322,dan.park@nexustechnologies.com,viewer,free,2024-03-31,2024-05-24,False
131,276,xander.quinn@atlassolutions.com,editor,professional,2023-01-13,2025-01-29,True
132,929,vince.nguyen@globalnetworks.com,viewer,professional,2023-01-08,2025-02-10,True
133,991,,viewer,starter,2024-08-07,2025-02-24,True
134,81,leo.baker@velocitydynamics.com,viewer,free,2023-06-17,2024-05-02,False
135,544,eve.quinn@pinnacleservices.com,viewer,starter,2023-04-03,2025-02-20,True
136,730,frank.clark@elevateenterprises.com,editor,free,2024-07-11,2025-02-13,True
137,416,nate.kim@velocityenterprises.com,admin,enterprise,2022-05-21,2022-09-24,False
138,299,karen.baker@horizonenterprises.com,viewer,professional,2024-04-30,2025-02-25,True
139,326,grace.ingram@pinnaclecorp.com,admin,professional,2021-06-15,2025-02-05,True
140,927,eve.lopez@catalystsystems.com,viewer,professional,2024-12-12,2025-01-31,True
141,746,frank.park@zenithinc.com,admin,professional,2024-11-03,2025-02-20,True
142,980,bob.jones@summittechnologies.com,viewer,professional,2022-10-18,2023-05-02,False
143,690,bob.lopez@apexplatforms.com,editor,enterprise,2023-08-17,2025-02-14,True
144,277,nate.davis@atlasenterprises.com,editor,enterprise,2022-10-03,2025-02-17,True
145,710,nate.owens@pinnaclelabs.com,editor,starter,2024-11-28,2025-02-21,True
146,564,vince.garcia@atlassoftware.com,editor,enterprise,2024-11-23,2025-02-23,True
147,783,xander.owens@acmesoftware.com,editor,starter,2022-08-02,2022-12-18,False
148,895,paul.adams@synergyservices.com,editor,enterprise,2024-02-13,2025-02-28,True
149,176,tina.adams@zenithplatforms.com,admin,professional,2024-05-20,2025-01-29,True
150,194,dan.ingram@atlasdynamics.com,viewer,enterprise,2022-06-21,2023-04-10,False
151,206,wendy.baker@nexusplatforms.com,viewer,professional,2024-02-12,2025-02-20,True
152,843,frank.nguyen@vanguardcorp.com,viewer,free,2024-09-30,2025-02-21,True
153,619,vince.park@pacificnetworks.com,editor,starter,2020-06-05,2025-02-16,True
154,915,quinn.clark@pacificholdings.com,admin,professional,2024-09-15,2025-02-28,False
155,938,paul.adams@globaldynamics.com,editor,professional,2023-12-10,2025-02-07,True
156,287,mia.rivera@horizonlabs.com,viewer,starter,2025-01-03,2025-02-28,False
157,774,uma.rivera@catalysttechnologies.com,admin,free,2024-10-25,2025-02-13,False
158,520,ivy.rivera@catalystsoftware.com,editor,professional,2024-08-18,2025-02-09,True
159,845,olivia.lopez@pacificdynamics.com,viewer,enterprise,2021-07-14,2021-12-01,False
160,432,paul.quinn@nexusenterprises.com,admin,enterprise,2022-11-24,2025-02-14,True
161,875,vince.nguyen@synergyanalytics.com,editor,professional,2021-09-30,2025-02-09,True
162,698,ivy.lopez@summitservices.com,editor,enterprise,2024-09-08,2025-02-28,True
163,524,carol.garcia@vertexinc.com,viewer,professional,2024-10-02,2025-02-28,False
164,203,karen.clark@quantumdynamics.com,viewer,enterprise,2025-02-22,2025-02-28,True
165,205,quinn.davis@nexussolutions.com,editor,professional,2022-06-11,2022-06-20,False
166,901,,editor,professional,2024-09-15,2025-02-04,True
167,724,,viewer,free,2023-01-16,2025-02-27,True
168,852,olivia.davis@synergygroup.com,editor,starter,2024-12-24,2025-02-28,False
169,498,dan.foster@optimaplatforms.com,admin,starter,2023-07-27,2025-02-24,True
170,925,hank.park@zenithtechnologies.com,admin,starter,2023-11-13,2025-02-14,True
171,318,bob.ingram@pacificgroup.com,editor,enterprise,2024-11-05,2025-02-10,True
172,102,bob.ingram@summitservices.com,viewer,professional,2021-05-16,2025-02-07,True
173,596,bob.smith@fusiondynamics.com,editor,starter,2024-11-05,2025-01-09,False
174,212,steve.adams@novacorp.com,editor,professional,2024-05-05,2025-02-13,True
175,639,ivy.kim@vertexsystems.com,viewer,enterprise,2024-05-09,2025-02-05,True
176,219,grace.ingram@fusionplatforms.com,editor,free,2023-11-28,2025-02-25,True
177,405,eve.garcia@vanguarddynamics.com,viewer,enterprise,2023-03-29,2025-02-02,True
178,835,olivia.miller@atlasholdings.com,viewer,professional,2023-06-14,2024-01-21,False
179,176,paul.miller@zenithplatforms.com,viewer,professional,2025-01-11,2025-02-19,True
180,442,grace.nguyen@acmeservices.com,viewer,starter,2024-10-13,2025-02-16,True
181,805,wendy.rivera@elevatepartners.com,viewer,enterprise,2024-11-11,2025-02-19,True
182,68,wendy.foster@pinnacleanalytics.com,viewer,professional,2024-09-06,2025-01-29,True
183,621,paul.foster@nexusgroup.com,editor,professional,2024-04-09,2025-02-23,True
184,96,karen.kim@optimaholdings.com,viewer,free,2025-01-03,2025-01-29,True
185,320,nate.evans@acmenetworks.com,admin,free,2022-09-01,2025-02-28,True
186,952,steve.hall@optimaplatforms.com,editor,professional,2024-11-03,2025-02-06,True
187,276,jack.evans@atlassolutions.com,viewer,professional,2022-09-17,2023-01-11,False
188,220,leo.miller@apexanalytics.com,editor,professional,2023-09-02,2025-02-13,True
189,491,wendy.clark@horizonpartners.com,admin,starter,2023-07-27,2025-02-04,True
190,252,uma.park@velocityplatforms.com,editor,starter,2023-02-01,2023-11-13,False
191,223,ivy.evans@apexanalytics.com,viewer,starter,2024-10-09,2025-02-28,False
192,295,ivy.quinn@synergyenterprises.com,editor,starter,2024-11-16,2025-01-31,True
193,385,nate.ingram@quantumdigital.com,viewer,free,2022-04-13,2023-02-13,False
194,585,grace.clark@pacificgroup.com,viewer,starter,2024-10-05,2025-02-28,False
195,95,grace.taylor@optimainc.com,viewer,enterprise,2025-01-27,2025-02-03,True
196,123,paul.miller@quantumtechnologies.com,editor,professional,2023-11-01,2025-01-31,True
197,722,wendy.ingram@horizonnetworks.com,editor,enterprise,2023-12-20,2025-01-29,True
198,227,ivy.lopez@vanguardtechnologies.com,viewer,professional,2023-07-01,2025-02-03,True
199,319,tina.jones@apexplatforms.com,editor,enterprise,2024-12-04,2025-02-28,False
200,175,quinn.evans@fusionanalytics.com,viewer,professional,2024-06-10,2025-02-09,True
201,961,grace.ingram@globaldynamics.com,viewer,professional,2023-05-17,2025-02-09,True
202,899,tina.evans@globalsolutions.com,viewer,starter,2024-03-16,2025-02-16,True
203,337,dan.nguyen@apexlabs.com,admin,free,2024-12-03,2025-02-02,True
204,700,bob.owens@zenithenterprises.com,editor,enterprise,2025-01-08,2025-02-12,True
205,406,nate.smith@vertexcorp.com,viewer,professional,2024-11-19,2025-02-22,True
206,117,paul.taylor@fusionnetworks.com,admin,starter,2023-12-27,2025-02-16,True
207,547,rosa.foster@optimaplatforms.com,viewer,free,2024-06-21,2025-02-28,False
208,323,olivia.garcia@elevatesoftware.com,viewer,enterprise,2022-03-10,2022-07-20,False
209,925,alice.garcia@zenithtechnologies.com,editor,starter,2022-10-05,2023-09-08,False
210,861,bob.taylor@nexusplatforms.com,editor,free,2025-02-10,2025-02-17,True
211,580,tina.adams@catalystpartners.com,editor,professional,2023-08-08,2025-02-05,True
212,26,rosa.clark@apextechnologies.com,viewer,enterprise,2022-12-18,2023-09-05,False
213,579,xander.clark@summitpartners.com,editor,starter,2023-01-15,2025-01-31,True
214,134,grace.owens@quantumdigital.com,viewer,free,2021-12-25,2025-02-18,True
215,209,dan.clark@vertexanalytics.com,editor,free,2024-08-18,2025-02-27,True
216,654,xander.taylor@elevateanalytics.com,editor,starter,2023-10-13,2025-02-17,True
217,732,quinn.quinn@vanguardholdings.com,editor,free,2023-09-17,2025-02-11,True
218,708,tina.rivera@atlasholdings.com,viewer,starter,2025-01-10,2025-02-10,True
219,268,leo.smith@optimaplatforms.com,editor,professional,2022-03-14,2025-02-26,True
220,224,jack.adams@velocityinc.com,viewer,professional,2024-09-10,2025-02-14,True
221,579,steve.smith@summitpartners.com,admin,starter,2024-04-25,2024-12-02,False
222,466,,admin,starter,2024-02-13,2025-02-15,True
223,272,uma.nguyen@summitdynamics.com,editor,starter,2024-08-09,2025-01-29,True
224,31,nate.ingram@synergyplatforms.com,viewer,free,2021-11-11,2025-02-26,True
225,858,uma.adams@atlasenterprises.com,viewer,free,2024-01-23,2025-02-06,True
226,440,olivia.quinn@fusionsystems.com,viewer,professional,2020-11-05,2025-02-05,True
227,447,leo.adams@atlasanalytics.com,admin,professional,2021-07-31,2025-01-31,True
228,163,grace.clark@optimainc.com,editor,enterprise,2022-02-20,2025-02-25,True
229,16,karen.jones@elevategroup.com,viewer,professional,2024-01-20,2024-08-11,False
230,486,frank.baker@summitnetworks.com,viewer,professional,2024-04-01,2025-02-24,True
231,30,mia.ingram@catalystcorp.com,editor,free,2024-12-21,2025-02-16,True
232,740,karen.lopez@optimalabs.com,editor,starter,2024-02-24,2024-03-21,False
233,152,alice.clark@catalystlabs.com,editor,enterprise,2023-02-13,2025-02-09,True
234,626,xander.quinn@synergyinc.com,viewer,professional,2023-12-21,2025-02-16,True
235,447,nate.owens@atlasanalytics.com,editor,professional,2020-10-20,2021-07-17,False
236,466,paul.clark@summitanalytics.com,viewer,starter,2024-05-21,2025-02-18,True
237,781,tina.hall@vanguarddynamics.com,admin,enterprise,2022-04-05,2025-02-15,True
238,121,hank.quinn@fusiontechnologies.com,viewer,starter,2021-04-14,2025-02-26,True
239,610,rosa.rivera@velocitysystems.com,viewer,professional,2020-10-12,2025-02-11,True
240,593,rosa.evans@synergytechnologies.com,viewer,enterprise,2025-01-19,2025-02-08,True
241,861,dan.jones@nexusplatforms.com,viewer,free,2021-11-30,2025-02-14,True
242,206,mia.nguyen@nexusplatforms.com,editor,professional,2024-10-08,2025-01-30,True
243,737,carol.smith@atlassolutions.com,editor,free,2024-06-14,2025-02-16,True
244,394,steve.davis@quantumsolutions.com,viewer,professional,2024-10-08,2025-02-13,True
245,512,leo.foster@synergysoftware.com,admin,starter,2024-10-29,2025-02-04,True
246,863,leo.smith@apexplatforms.com,editor,professional,2024-06-12,2025-02-11,True
247,666,mia.kim@fusionnetworks.com,viewer,enterprise,2024-03-08,2025-02-16,True
248,798,steve.baker@synergysolutions.com,editor,enterprise,2024-12-25,2025-01-30,True
249,144,hank.smith@pinnacleenterprises.com,admin,professional,2024-06-16,2025-01-06,False
250,720,wendy.baker@pinnaclenetworks.com,admin,enterprise,2024-05-24,2025-02-18,True
251,492,ivy.rivera@atlasenterprises.com,admin,starter,2024-08-20,2025-02-02,True
252,790,paul.adams@summitsolutions.com,viewer,enterprise,2023-03-10,2024-02-18,False
253,840,,viewer,starter,2023-11-25,2025-02-05,True
254,594,steve.adams@pinnacleservices.com,viewer,starter,2022-03-15,2025-02-08,True
255,588,,editor,enterprise,2024-10-10,2025-01-31,True
256,872,vince.park@summitholdings.com,viewer,professional,2025-02-23,2025-02-17,True
257,457,olivia.adams@velocitynetworks.com,viewer,free,2024-04-15,2025-01-30,True
258,189,alice.clark@synergynetworks.com,viewer,professional,2025-02-13,2025-02-17,True
259,262,steve.foster@velocitynetworks.com,editor,free,2024-07-05,2025-02-11,True
260,219,carol.ingram@fusionplatforms.com,editor,free,2022-01-08,2025-02-21,True
261,98,quinn.davis@atlassoftware.com,editor,enterprise,2022-11-05,2025-02-04,True
262,178,,admin,starter,2021-04-21,2025-02-19,True
263,179,hank.owens@vanguardnetworks.com,editor,professional,2022-07-11,2025-02-17,True
264,830,wendy.baker@pacificenterprises.com,admin,professional,2024-03-13,2025-02-22,True
265,100,uma.clark@globalgroup.com,viewer,professional,2024-03-22,2025-02-18,True
266,232,karen.taylor@pinnacletechnologies.com,editor,enterprise,2024-05-21,2025-02-25,True
267,383,steve.foster@novatechnologies.com,viewer,starter,2022-12-14,2023-06-02,False
268,32,jack.smith@globalservices.com,viewer,professional,2022-06-13,2025-02-09,True
269,873,rosa.garcia@pinnacleservices.com,viewer,professional,2024-09-07,2025-02-28,False
270,632,grace.rivera@catalystdigital.com,viewer,professional,2022-09-26,2023-06-05,False
271,397,alice.hall@elevateinc.com,editor,enterprise,2024-06-05,2025-02-13,True
272,937,wendy.garcia@elevatetechnologies.com,viewer,professional,2023-08-18,2023-12-15,False
273,460,paul.rivera@velocitynetworks.com,viewer,enterprise,2025-01-29,2025-02-18,True
274,35,dan.owens@acmesolutions.com,editor,starter,2025-01-28,2025-02-13,True
275,635,quinn.garcia@horizonsolutions.com,viewer,starter,2024-09-09,2025-02-26,True
276,694,steve.garcia@velocitynetworks.com,editor,professional,2023-01-20,2025-02-15,True
277,875,leo.garcia@synergyanalytics.com,editor,professional,2024-06-28,2025-01-31,True
278,824,dan.foster@synergyinc.com,editor,enterprise,2024-11-07,2025-02-01,True
279,223,jack.garcia@apexanalytics.com,admin,starter,2024-05-02,2025-02-06,True
280,553,xander.quinn@optimasystems.com,viewer,professional,2024-11-30,2025-02-22,True
281,19,olivia.clark@zenithplatforms.com,admin,free,2025-02-27,2025-02-28,True
282,550,mia.quinn@pacificsolutions.com,editor,professional,2021-01-16,2021-09-19,False
283,482,vince.jones@vanguardcorp.com,editor,starter,2023-06-05,2025-02-08,True
284,170,bob.park@novaanalytics.com,viewer,enterprise,2024-03-31,2025-02-18,True
285,900,grace.baker@horizonnetworks.com,viewer,starter,2024-06-25,2025-02-28,False
286,136,uma.taylor@atlasservices.com,editor,starter,2024-12-30,2025-02-20,True
287,378,rosa.park@synergyanalytics.com,editor,professional,2023-12-23,2024-02-07,False
288,382,leo.taylor@elevateholdings.com,editor,enterprise,2023-01-27,2025-02-12,True
289,655,jack.lopez@zenithanalytics.com,admin,professional,2025-01-03,2025-02-28,False
290,357,tina.smith@summitdigital.com,viewer,enterprise,2023-02-27,2025-02-01,True
291,970,wendy.jones@catalystpartners.com,admin,professional,2025-01-28,2025-02-19,True
292,729,dan.kim@elevatecorp.com,editor,starter,2023-05-16,2024-04-13,False
293,612,leo.quinn@globalcorp.com,viewer,starter,2025-02-19,2025-02-28,False
294,436,olivia.owens@catalystcorp.com,editor,enterprise,2024-02-05,2025-02-18,True
295,168,tina.lopez@globallabs.com,editor,professional,2023-08-03,2025-02-24,True
296,666,hank.clark@fusionnetworks.com,viewer,enterprise,2025-01-03,2025-02-26,True
297,576,vince.kim@pinnacleplatforms.com,editor,professional,2024-11-12,2025-02-15,True
298,354,steve.rivera@synergysoftware.com,admin,free,2022-07-01,2023-03-12,False
299,958,quinn.quinn@horizonpartners.com,viewer,starter,2024-06-28,2024-09-30,False
300,327,karen.garcia@vanguardenterprises.com,admin,starter,2023-03-16,2025-02-23,True
301,176,alice.garcia@zenithplatforms.com,editor,professional,2024-12-01,2025-02-25,True
302,542,,viewer,enterprise,2024-07-07,2025-02-09,True
303,622,dan.smith@novaenterprises.com,viewer,starter,2025-01-04,2025-02-13,True
304,318,grace.jones@pacificgroup.com,editor,enterprise,2023-02-14,2025-02-27,True
305,270,,admin,free,2023-10-31,2025-02-20,True
306,490,karen.smith@nexussolutions.com,editor,enterprise,2023-09-15,2023-11-03,False
307,277,eve.nguyen@atlasenterprises.com,admin,enterprise,2023-09-28,2025-01-29,True
308,961,olivia.baker@globaldynamics.com,viewer,professional,2023-03-20,2025-02-25,True
309,539,jack.adams@atlasenterprises.com,admin,enterprise,2023-05-18,2023-09-18,False
310,540,nate.baker@elevateplatforms.com,editor,starter,2023-12-10,2025-02-09,True
311,393,,viewer,enterprise,2021-08-11,2025-02-18,True
312,860,hank.lopez@pacificpartners.com,viewer,enterprise,2025-02-10,2025-02-28,False
313,224,jack.baker@velocityinc.com,editor,professional,2025-01-17,2025-01-29,True
314,77,frank.park@apexgroup.com,editor,starter,2024-07-02,2024-12-21,False
315,957,hank.clark@quantumplatforms.com,admin,professional,2025-02-08,2025-02-27,True
316,224,bob.foster@velocityinc.com,editor,professional,2024-11-23,2025-02-10,True
317,901,nate.adams@summitanalytics.com,editor,professional,2024-07-26,2025-02-25,True
318,454,nate.kim@acmelabs.com,editor,starter,2023-04-13,2025-02-07,True
319,918,vince.foster@nexusholdings.com,admin,enterprise,2024-12-21,2025-02-20,True
320,663,frank.jones@pinnacleinc.com,viewer,starter,2025-01-22,2025-02-25,True
321,960,wendy.park@catalystlabs.com,viewer,enterprise,2024-02-08,2025-02-15,True
322,427,karen.evans@nexuscorp.com,editor,starter,2024-11-03,2025-02-25,True
323,962,ivy.jones@vertexdigital.com,admin,starter,2024-07-05,2025-02-11,True
324,616,uma.evans@catalystinc.com,editor,starter,2023-05-12,2025-01-29,True
325,823,nate.davis@velocitylabs.com,viewer,enterprise,2025-01-01,2025-02-28,False
326,555,ivy.nguyen@atlassoftware.com,admin,starter,2024-04-29,2025-02-25,True
327,346,eve.lopez@apexinc.com,viewer,starter,2024-10-02,2025-02-22,True
328,944,nate.jones@acmenetworks.com,editor,starter,2024-12-18,2025-01-31,True
329,294,uma.quinn@acmeplatforms.com,viewer,professional,2024-10-29,2024-12-05,False
330,347,dan.rivera@fusioninc.com,viewer,professional,2023-10-14,2025-02-11,True
331,766,quinn.lopez@fusionsystems.com,admin,professional,2022-03-12,2025-02-23,True
332,335,paul.kim@vanguardanalytics.com,editor,free,2024-08-22,2025-02-28,False
333,82,xander.jones@apexnetworks.com,admin,professional,2023-11-27,2025-02-15,True
334,793,olivia.taylor@zenithholdings.com,viewer,professional,2024-05-07,2025-02-19,True
335,381,hank.clark@novaenterprises.com,viewer,free,2024-07-27,2025-02-28,False
336,315,rosa.foster@novaservices.com,admin,free,2024-07-07,2025-02-03,True
337,236,bob.hall@velocityholdings.com,viewer,professional,2023-11-26,2025-02-08,True
338,174,jack.jones@pinnaclesoftware.com,editor,starter,2023-11-10,2025-02-24,True
339,185,vince.hall@zenithsystems.com,editor,free,2024-04-09,2024-11-07,False
340,243,jack.nguyen@summitholdings.com,editor,professional,2023-04-15,2025-02-23,True
341,228,quinn.park@summitpartners.com,viewer,professional,2023-06-20,2025-02-02,True
342,325,bob.nguyen@optimaservices.com,editor,free,2024-07-15,2025-01-05,False
343,666,karen.foster@fusionnetworks.com,editor,enterprise,2024-01-14,2025-02-23,True
344,983,quinn.smith@optimaholdings.com,editor,professional,2023-09-21,2024-04-03,False
345,803,bob.miller@synergyanalytics.com,viewer,starter,2024-08-05,2025-02-03,True
346,761,tina.evans@zenithenterprises.com,viewer,professional,2025-02-25,2025-02-14,True
347,986,quinn.evans@nexuspartners.com,editor,professional,2023-10-05,2025-02-18,True
348,196,uma.foster@globalnetworks.com,viewer,free,2023-09-04,2025-02-16,True
349,429,steve.kim@catalystsoftware.com,admin,starter,2025-01-30,2025-02-28,False
350,801,mia.kim@nexusanalytics.com,editor,starter,2025-02-15,2025-02-28,False
351,616,quinn.smith@catalystinc.com,editor,starter,2023-02-16,2025-02-04,True
352,188,jack.hall@summitpartners.com,editor,professional,2024-10-08,2025-02-28,False
353,60,olivia.garcia@pinnacleinc.com,editor,professional,2024-08-06,2025-02-10,True
354,61,vince.smith@optimagroup.com,viewer,starter,2024-08-22,2025-02-10,True
355,702,leo.park@pinnaclegroup.com,editor,professional,2024-09-18,2025-02-15,True
356,522,olivia.nguyen@nexusplatforms.com,editor,professional,2023-11-16,2024-11-10,False
357,19,dan.jones@zenithplatforms.com,editor,free,2024-10-05,2025-02-23,True
358,34,tina.lopez@novanetworks.com,admin,starter,2024-10-08,2025-02-08,True
359,839,olivia.lopez@elevateenterprises.com,viewer,starter,2025-01-30,2025-02-17,True
360,969,wendy.kim@apexlabs.com,editor,professional,2024-07-16,2025-02-28,False
361,228,quinn.ingram@summitpartners.com,admin,professional,2024-09-19,2025-02-12,True
362,996,carol.smith@quantumenterprises.com,admin,starter,2025-02-17,2025-02-17,True
363,284,wendy.jones@globaldynamics.com,viewer,starter,2023-12-31,2025-02-18,True
364,725,jack.ingram@vanguardenterprises.com,viewer,starter,2024-09-14,2025-01-14,False
365,839,frank.adams@elevateenterprises.com,viewer,starter,2024-11-23,2025-02-26,True
366,987,quinn.baker@vertexcorp.com,viewer,professional,2023-09-03,2025-02-25,True
367,371,karen.adams@quantuminc.com,viewer,starter,2025-02-06,2025-02-26,True
368,719,grace.davis@acmedigital.com,admin,professional,2024-05-10,2025-02-14,True
369,665,carol.nguyen@zenithtechnologies.com,viewer,professional,2023-12-19,2025-01-29,True
370,110,mia.evans@synergyholdings.com,viewer,free,2023-03-28,2025-02-01,True
371,388,quinn.davis@summitservices.com,viewer,free,2025-02-03,2025-02-28,False
372,827,bob.evans@atlasnetworks.com,admin,starter,2024-07-14,2025-02-08,True
373,241,karen.smith@zenithpartners.com,admin,starter,2024-07-30,2025-02-08,True
374,808,ivy.hall@nexusgroup.com,viewer,enterprise,2020-04-25,2025-02-17,True
375,798,grace.foster@synergysolutions.com,viewer,enterprise,2024-12-06,2025-02-08,True
376,218,hank.lopez@nexustechnologies.com,editor,starter,2025-02-21,2025-02-28,False
377,301,steve.smith@atlaspartners.com,viewer,starter,2024-08-05,2025-02-28,False
378,242,quinn.clark@atlasdynamics.com,editor,professional,2024-11-17,2025-02-15,True
379,928,karen.hall@quantuminc.com,editor,starter,2024-02-11,2025-02-11,True
380,52,xander.garcia@vertexanalytics.com,viewer,starter,2025-01-07,2025-02-28,False
381,123,tina.miller@quantumtechnologies.com,admin,professional,2023-08-04,2025-01-31,True
382,610,eve.davis@velocitysystems.com,viewer,professional,2024-09-19,2025-02-11,True
383,723,paul.quinn@apexsoftware.com,viewer,professional,2022-05-09,2025-02-19,True
384,886,alice.rivera@atlasinc.com,viewer,professional,2024-05-02,2025-02-10,True
385,557,olivia.park@summitsoftware.com,viewer,professional,2024-02-08,2025-01-29,True
386,324,steve.garcia@quantumgroup.com,viewer,professional,2024-03-22,2025-02-12,True
387,87,carol.taylor@atlassolutions.com,admin,free,2021-05-14,2025-02-04,True
388,268,leo.miller@optimaplatforms.com,viewer,professional,2023-09-25,2025-02-24,True
389,493,karen.davis@summitanalytics.com,viewer,professional,2024-01-23,2025-02-02,True
390,951,vince.park@catalystanalytics.com,viewer,enterprise,2024-08-31,2024-11-17,False
391,344,bob.rivera@synergysystems.com,admin,professional,2025-01-26,2025-01-31,True
392,466,eve.smith@summitanalytics.com,editor,starter,2022-11-20,2023-09-12,False
393,920,bob.davis@fusionenterprises.com,admin,free,2024-10-08,2025-01-29,False
394,26,carol.davis@apextechnologies.com,admin,enterprise,2024-11-29,2025-02-12,True
395,965,carol.rivera@zenithsystems.com,admin,free,2024-04-17,2025-02-28,True
396,107,hank.evans@novaservices.com,viewer,starter,2025-01-22,2025-02-28,False
397,859,alice.miller@pacificanalytics.com,editor,enterprise,2025-02-06,2025-02-19,True
398,564,wendy.ingram@atlassoftware.com,editor,enterprise,2025-01-12,2025-02-18,True
399,966,karen.foster@fusionplatforms.com,admin,enterprise,2022-10-28,2025-01-31,True
400,326,grace.kim@pinnaclecorp.com,editor,professional,2024-12-15,2025-02-01,True
401,245,,viewer,professional,2025-02-28,2025-02-17,True
402,921,uma.adams@globallabs.com,editor,professional,2025-02-13,2025-02-28,False
403,493,leo.clark@summitanalytics.com,viewer,professional,2025-01-19,2025-02-25,True
404,821,dan.evans@catalystenterprises.com,viewer,starter,2024-05-15,2025-02-22,True
405,809,dan.kim@synergysystems.com,admin,professional,2024-05-20,2024-12-09,False
406,577,olivia.kim@vertexdynamics.com,editor,enterprise,2024-04-20,2024-09-10,False
407,627,nate.lopez@pinnaclesoftware.com,admin,enterprise,2025-01-12,2025-02-03,True
408,71,dan.smith@apexsolutions.com,editor,professional,2024-12-31,2025-02-13,True
409,559,nate.park@acmelabs.com,editor,enterprise,2024-04-01,2025-02-08,True
410,240,alice.foster@acmedynamics.com,viewer,enterprise,2021-12-27,2025-02-27,True
411,801,vince.jones@nexusanalytics.com,editor,starter,2024-10-11,2025-02-28,False
412,3,leo.taylor@pacificplatforms.com,viewer,professional,2024-12-01,2025-02-01,True
413,451,dan.hall@synergylabs.com,editor,enterprise,2024-05-04,2025-02-13,True
414,835,mia.foster@atlasholdings.com,editor,professional,2024-07-16,2025-02-13,True
415,884,dan.nguyen@globalpartners.com,viewer,professional,2024-01-14,2025-02-14,True
416,190,ivy.davis@zenithpartners.com,admin,enterprise,2024-01-17,2025-02-26,True
417,904,ivy.evans@optimaholdings.com,editor,enterprise,2024-09-13,2025-02-14,True
418,950,hank.quinn@fusionenterprises.com,viewer,enterprise,2023-03-29,2025-02-22,True
419,133,xander.taylor@summitholdings.com,editor,starter,2023-11-19,2025-02-21,True
420,684,olivia.taylor@globalsystems.com,viewer,enterprise,2025-02-08,2025-02-19,True
421,388,alice.davis@summitservices.com,viewer,free,2024-12-30,2025-02-14,True
422,944,hank.miller@acmenetworks.com,viewer,starter,2024-11-30,2025-01-31,True
423,764,jack.davis@globalinc.com,editor,enterprise,2024-09-09,2025-02-14,True
424,416,,viewer,enterprise,2022-09-30,2025-02-22,True
425,620,vince.davis@summitdynamics.com,editor,professional,2024-03-22,2025-02-14,True
426,877,grace.park@novainc.com,editor,starter,2025-01-27,2025-02-17,True
427,294,vince.hall@acmeplatforms.com,admin,professional,2024-06-17,2025-02-10,True
428,907,xander.taylor@vanguardholdings.com,viewer,professional,2024-08-22,2025-02-20,True
429,764,jack.park@globalinc.com,viewer,enterprise,2024-09-21,2025-02-23,True
430,444,uma.baker@catalystanalytics.com,viewer,free,2022-01-10,2025-01-29,True
431,935,uma.quinn@synergyholdings.com,viewer,starter,2025-01-01,2025-02-27,True
432,286,rosa.garcia@nexussystems.com,viewer,enterprise,2023-02-03,2023-08-02,False
433,38,xander.miller@catalystlabs.com,editor,starter,2025-01-23,2025-02-18,True
434,218,tina.taylor@nexustechnologies.com,viewer,starter,2024-03-01,2025-02-03,True
435,291,mia.baker@vertextechnologies.com,admin,professional,2024-11-14,2025-01-29,True
436,11,tina.miller@pinnaclecorp.com,viewer,professional,2022-01-12,2025-02-22,True
437,307,ivy.miller@summitsoftware.com,viewer,starter,2024-11-14,2025-02-22,True
438,776,eve.lopez@quantumdynamics.com,editor,professional,2024-12-25,2025-01-29,True
439,429,paul.clark@catalystsoftware.com,viewer,starter,2024-09-20,2025-02-12,True
440,177,jack.kim@pinnacletechnologies.com,viewer,starter,2025-02-05,2025-02-02,True
441,130,bob.clark@vertexenterprises.com,viewer,starter,2023-04-16,2025-02-02,True
442,175,quinn.taylor@fusionanalytics.com,editor,professional,2025-02-18,2025-02-09,True
443,151,carol.smith@vertexinc.com,editor,professional,2024-01-24,2025-02-14,True
444,783,paul.foster@acmesoftware.com,viewer,starter,2024-07-23,2025-02-20,True
445,227,paul.jones@vanguardtechnologies.com,editor,professional,2023-07-18,2025-02-11,True
446,275,olivia.davis@acmepartners.com,editor,professional,2025-01-10,2025-02-28,True
447,380,bob.clark@synergydigital.com,admin,professional,2022-07-26,2023-02-25,False
448,493,rosa.garcia@summitanalytics.com,viewer,professional,2024-09-18,2025-02-28,False
449,751,bob.hall@apexpartners.com,editor,enterprise,2022-09-07,2025-01-31,True
450,638,hank.clark@vanguardsolutions.com,viewer,enterprise,2023-12-09,2025-02-28,True
451,924,jack.adams@nexusgroup.com,admin,starter,2024-08-19,2025-02-17,True
452,824,uma.smith@synergyinc.com,viewer,enterprise,2024-09-22,2025-02-26,True
453,300,vince.ingram@novadigital.com,viewer,professional,2024-01-24,2024-03-11,False
454,387,leo.jones@pacificsolutions.com,admin,starter,2025-02-22,2025-01-31,True
455,453,eve.taylor@fusioncorp.com,editor,free,2024-11-12,2025-02-08,True
456,242,bob.rivera@atlasdynamics.com,viewer,professional,2024-12-24,2025-02-11,True
457,426,frank.kim@velocityholdings.com,viewer,professional,2024-12-31,2025-02-28,False
458,631,paul.quinn@vanguardcorp.com,editor,starter,2024-03-19,2024-06-16,False
459,546,jack.evans@zenithpartners.com,editor,professional,2024-09-10,2025-02-23,False
460,476,bob.rivera@horizonservices.com,editor,professional,2024-01-07,2025-02-16,True
461,894,karen.quinn@quantumsoftware.com,viewer,starter,2021-11-08,2025-02-23,True
462,623,hank.owens@velocityservices.com,viewer,starter,2023-12-16,2025-02-20,True
463,956,wendy.davis@velocitysolutions.com,admin,professional,2023-09-16,2025-02-02,True
464,357,leo.lopez@summitdigital.com,editor,enterprise,2022-01-24,2022-04-01,False
465,536,mia.rivera@pinnaclesolutions.com,admin,professional,2023-02-07,2025-02-17,True
466,292,grace.hall@summitnetworks.com,editor,professional,2023-08-17,2025-02-14,True
467,867,xander.park@velocitygroup.com,editor,professional,2024-03-01,2025-02-02,True
468,220,steve.foster@apexanalytics.com,viewer,professional,2023-04-24,2025-02-17,True
469,746,uma.hall@zenithinc.com,editor,professional,2025-01-20,2025-02-28,False
470,667,alice.garcia@vertexanalytics.com,viewer,starter,2024-11-29,2025-02-02,True
471,280,bob.clark@elevatedynamics.com,admin,professional,2022-10-27,2025-02-11,True
472,800,paul.foster@globalsystems.com,admin,starter,2024-10-24,2024-12-30,False
473,77,frank.rivera@apexgroup.com,viewer,starter,2024-12-26,2025-02-28,False
474,465,steve.owens@horizontechnologies.com,admin,professional,2024-11-05,2025-02-05,True
475,133,tina.smith@summitholdings.com,editor,starter,2022-02-05,2025-02-09,True
476,484,leo.park@fusionservices.com,editor,starter,2022-07-19,2025-02-26,True
477,264,rosa.clark@apexdigital.com,viewer,starter,2025-01-18,2025-02-05,True
478,713,rosa.davis@quantumgroup.com,viewer,enterprise,2024-08-19,2025-02-02,True
479,474,leo.hall@elevatepartners.com,editor,enterprise,2023-08-26,2025-02-16,True
480,547,olivia.garcia@optimaplatforms.com,viewer,free,2024-10-10,2025-02-12,True
481,184,olivia.evans@vanguarddynamics.com,editor,enterprise,2024-02-11,2025-02-10,True
482,203,leo.jones@quantumdynamics.com,admin,enterprise,2023-09-01,2025-02-24,True
483,438,frank.evans@novacorp.com,viewer,professional,2020-03-12,2025-02-07,True
484,777,uma.evans@atlasplatforms.com,viewer,starter,2022-07-17,2025-02-16,True
485,97,xander.jones@catalystanalytics.com,viewer,enterprise,2024-01-23,2024-03-22,False
486,702,eve.garcia@pinnaclegroup.com,viewer,professional,2023-08-13,2024-04-01,False
487,772,frank.clark@globalinc.com,admin,professional,2023-05-01,2025-02-09,True
488,298,dan.park@apexdigital.com,admin,professional,2023-12-27,2024-07-21,False
489,570,dan.rivera@novapartners.com,editor,enterprise,2025-02-02,2025-02-21,True
490,560,uma.park@summitcorp.com,editor,starter,2024-09-21,2025-02-24,True
491,739,xander.smith@velocitycorp.com,admin,professional,2024-11-26,2025-02-06,True
492,562,jack.clark@zenithpartners.com,editor,enterprise,2024-11-10,2025-02-20,True
493,780,nate.nguyen@fusiondynamics.com,viewer,enterprise,2023-03-25,2025-02-11,True
494,154,tina.evans@nexusanalytics.com,editor,professional,2023-09-14,2025-02-09,True
495,35,uma.davis@acmesolutions.com,editor,starter,2023-02-19,2025-02-25,True
496,735,grace.davis@novalabs.com,viewer,free,2023-11-14,2025-02-18,True
497,606,,editor,professional,2024-09-13,2025-02-15,True
498,309,vince.nguyen@vertexenterprises.com,editor,professional,2024-04-21,2025-02-28,False
499,188,,viewer,professional,2022-02-26,2022-06-04,False
500,156,leo.ingram@pacificplatforms.com,viewer,starter,2025-02-09,2025-02-18,True
501,853,grace.miller@zenithdynamics.com,editor,professional,2024-09-15,2025-02-02,True
502,317,xander.adams@globallabs.com,editor,enterprise,2021-12-04,2025-02-23,True
503,522,rosa.hall@nexusplatforms.com,viewer,professional,2024-02-10,2025-02-22,True
504,832,carol.quinn@optimadigital.com,viewer,starter,2025-02-23,2025-02-20,True
505,317,steve.jones@globallabs.com,admin,enterprise,2022-05-09,2025-02-16,True
506,122,tina.taylor@elevatedynamics.com,admin,professional,2023-08-23,2024-08-03,False
507,34,,viewer,starter,2024-01-15,2025-01-30,True
508,735,mia.davis@novalabs.com,viewer,free,2024-01-30,2025-02-17,True
509,390,uma.quinn@quantumgroup.com,editor,professional,2024-01-15,2025-02-20,True
510,96,steve.quinn@optimaholdings.com,viewer,free,2024-07-17,2024-10-01,False
511,395,quinn.adams@horizondynamics.com,viewer,enterprise,2024-07-17,2025-02-28,False
512,170,jack.nguyen@novaanalytics.com,editor,enterprise,2024-09-30,2025-02-07,True
513,335,rosa.quinn@vanguardanalytics.com,viewer,free,2024-12-11,2025-02-01,True
514,575,vince.adams@zenithsolutions.com,viewer,professional,2024-04-10,2024-05-09,False
515,170,nate.davis@novaanalytics.com,editor,enterprise,2024-08-12,2025-02-05,True
516,744,carol.jones@synergysystems.com,editor,professional,2024-12-18,2025-02-06,True
517,154,uma.rivera@nexusanalytics.com,editor,professional,2023-06-10,2024-03-15,False
518,671,wendy.miller@optimaholdings.com,viewer,enterprise,2024-04-05,2025-02-27,True
519,110,jack.ingram@synergyholdings.com,editor,free,2024-01-21,2025-02-05,True
520,572,tina.hall@horizonanalytics.com,editor,starter,2023-10-17,2025-02-10,True
521,576,xander.park@pinnacleplatforms.com,viewer,professional,2024-10-21,2025-02-07,True
522,143,rosa.evans@velocitydynamics.com,editor,free,2024-07-30,2025-02-05,True
523,568,paul.adams@pacificgroup.com,editor,free,2024-01-28,2025-02-15,True
524,723,vince.ingram@apexsoftware.com,admin,professional,2022-11-12,2025-02-13,True
525,451,leo.taylor@synergylabs.com,viewer,enterprise,2023-12-09,2025-02-03,True
526,349,leo.miller@elevateholdings.com,editor,free,2024-12-15,2025-02-04,True
527,168,eve.adams@globallabs.com,editor,professional,2022-10-02,2025-02-01,True
528,430,uma.clark@apexcorp.com,viewer,enterprise,2024-12-14,2025-02-20,True
529,724,vince.davis@fusioninc.com,admin,free,2024-12-30,2025-02-20,True
530,216,bob.rivera@optimalabs.com,editor,starter,2024-11-13,2025-02-25,True
531,949,eve.clark@quantumholdings.com,viewer,starter,2021-04-27,2025-02-19,True
532,886,tina.jones@atlasinc.com,viewer,professional,2025-02-19,2025-02-06,True
533,265,tina.rivera@horizongroup.com,viewer,professional,2021-08-24,2025-02-19,True
534,698,eve.foster@summitservices.com,viewer,enterprise,2024-05-24,2025-02-18,True
535,411,karen.kim@elevateenterprises.com,admin,enterprise,2025-01-20,2025-02-25,True
536,448,jack.kim@acmecorp.com,viewer,free,2024-11-18,2025-02-28,False
537,414,tina.miller@quantumsystems.com,editor,free,2023-06-08,2025-02-08,True
538,42,xander.taylor@elevatedynamics.com,viewer,professional,2023-02-16,2025-02-03,True
539,88,grace.kim@fusionholdings.com,viewer,free,2024-11-11,2025-02-28,False
540,684,,viewer,enterprise,2024-11-28,2025-02-04,True
541,189,carol.evans@synergynetworks.com,admin,professional,2025-01-18,2025-02-22,True
542,344,alice.ingram@synergysystems.com,editor,professional,2024-12-20,2025-02-03,True
543,208,bob.jones@fusiondigital.com,viewer,free,2022-08-26,2023-01-03,False
544,729,olivia.taylor@elevatecorp.com,viewer,starter,2022-04-05,2022-06-10,False
545,550,xander.kim@pacificsolutions.com,viewer,professional,2022-02-01,2025-02-03,True
546,119,quinn.garcia@zenithnetworks.com,editor,starter,2024-12-27,2025-02-28,False
547,671,rosa.jones@optimaholdings.com,admin,enterprise,2023-09-29,2025-02-17,True
548,477,nate.kim@pinnacledigital.com,admin,professional,2024-12-31,2025-02-27,True
549,873,alice.lopez@pinnacleservices.com,viewer,professional,2020-09-11,2025-02-28,True
550,715,olivia.garcia@globalenterprises.com,editor,starter,2025-01-02,2025-02-07,True
551,928,leo.garcia@quantuminc.com,viewer,starter,2024-12-24,2025-02-03,True
552,577,steve.smith@vertexdynamics.com,viewer,enterprise,2024-05-20,2025-01-29,False
553,601,jack.baker@vanguarddynamics.com,viewer,professional,2021-08-27,2021-11-26,False
554,196,bob.garcia@globalnetworks.com,viewer,free,2024-11-16,2025-02-28,False
555,663,paul.foster@pinnacleinc.com,viewer,starter,2024-05-30,2024-11-30,False
556,70,olivia.lopez@zenithenterprises.com,admin,starter,2023-08-16,2025-02-13,True
557,420,eve.park@synergygroup.com,editor,professional,2025-02-03,2025-02-28,False
558,177,wendy.ingram@pinnacletechnologies.com,viewer,starter,2024-09-16,2025-02-13,True
559,569,frank.quinn@novacorp.com,editor,starter,2024-04-30,2024-09-25,False
560,28,grace.foster@zenithsolutions.com,viewer,starter,2025-01-10,2025-02-06,True
561,957,xander.davis@quantumplatforms.com,viewer,professional,2024-03-18,2025-02-19,False
562,939,ivy.miller@globalholdings.com,viewer,professional,2024-12-27,2025-02-05,True
563,509,nate.smith@horizongroup.com,editor,free,2022-11-19,2025-01-29,True
564,401,uma.quinn@novatechnologies.com,viewer,starter,2024-09-12,2025-02-02,True
565,323,rosa.taylor@elevatesoftware.com,admin,enterprise,2022-03-10,2025-02-18,True
566,33,xander.baker@fusionsystems.com,viewer,starter,2025-02-23,2025-02-28,False
567,567,dan.park@acmedynamics.com,editor,professional,2024-02-29,2024-04-19,False
568,744,paul.davis@synergysystems.com,admin,professional,2024-11-21,2025-01-29,True
569,609,eve.jones@atlassoftware.com,viewer,enterprise,2025-01-17,2025-02-28,True
570,929,carol.ingram@globalnetworks.com,editor,professional,2023-03-20,2023-08-26,False
571,914,xander.miller@quantumnetworks.com,viewer,professional,2023-04-22,2025-02-20,True
572,613,xander.evans@vanguarddynamics.com,viewer,professional,2024-10-09,2025-02-08,True
573,945,paul.baker@globalsystems.com,admin,enterprise,2024-07-10,2025-02-18,True
574,749,tina.kim@globallabs.com,editor,starter,2024-11-24,2025-02-23,True
575,158,tina.nguyen@apexcorp.com,viewer,professional,2025-01-13,2025-01-29,True
576,954,vince.rivera@novaenterprises.com,editor,starter,2022-04-04,2022-07-06,False
577,189,eve.smith@synergynetworks.com,viewer,professional,2024-12-23,2025-02-28,False
578,830,steve.park@pacificenterprises.com,editor,professional,2024-07-27,2025-02-22,True
579,713,wendy.taylor@quantumgroup.com,viewer,enterprise,2023-01-25,2025-02-09,True
580,465,uma.lopez@horizontechnologies.com,viewer,professional,2023-06-05,2025-02-16,True
581,830,hank.taylor@pacificenterprises.com,viewer,professional,2025-02-10,2025-02-22,True
582,401,jack.adams@novatechnologies.com,admin,starter,2024-11-08,2025-02-28,True
583,697,frank.jones@quantumanalytics.com,editor,starter,2024-10-07,2025-01-31,True
584,939,steve.lopez@globalholdings.com,admin,professional,2024-10-07,2025-02-20,True
585,217,olivia.garcia@vanguardgroup.com,viewer,professional,2024-04-26,2025-02-23,True
586,541,karen.rivera@synergylabs.com,viewer,professional,2025-02-22,2025-02-19,True
587,293,rosa.adams@velocitysystems.com,viewer,professional,2024-10-26,2025-02-13,True
588,223,mia.adams@apexanalytics.com,editor,starter,2024-04-05,2025-02-06,True
589,825,vince.clark@summitcorp.com,editor,free,2024-03-05,2025-02-07,True
590,203,leo.park@quantumdynamics.com,admin,enterprise,2023-08-23,2025-02-02,True
591,150,,editor,enterprise,2023-08-29,2025-02-02,True
592,615,alice.park@pacificinc.com,viewer,professional,2024-06-24,2025-02-21,False
593,994,quinn.garcia@fusionanalytics.com,editor,professional,2025-02-16,2025-02-25,True
594,936,quinn.hall@summitnetworks.com,editor,starter,2024-12-09,2025-02-05,True
595,13,wendy.smith@atlascorp.com,viewer,starter,2024-10-12,2025-02-28,False
596,187,steve.rivera@velocitynetworks.com,viewer,enterprise,2023-06-27,2025-02-16,True
597,899,,viewer,starter,2023-12-16,2025-02-10,True
598,190,vince.baker@zenithpartners.com,viewer,enterprise,2023-11-24,2025-02-23,True
599,826,eve.ingram@atlasanalytics.com,editor,professional,2024-11-19,2025-02-28,False
600,98,mia.hall@atlassoftware.com,admin,enterprise,2023-06-05,2024-04-13,False
601,709,jack.ingram@pinnaclegroup.com,admin,enterprise,2024-06-03,2025-02-02,True
602,481,hank.ingram@zenithgroup.com,viewer,starter,2025-01-04,2025-02-20,True
603,596,rosa.garcia@fusiondynamics.com,viewer,starter,2024-08-17,2025-02-28,False
604,886,jack.hall@atlasinc.com,viewer,professional,2024-12-02,2025-02-28,False
605,911,nate.ingram@globalsolutions.com,editor,starter,2024-07-11,2025-02-22,True
606,282,tina.lopez@pinnaclesoftware.com,editor,starter,2023-01-12,2023-09-18,False
607,786,leo.jones@catalystcorp.com,viewer,professional,2025-02-18,2025-02-19,True
608,220,bob.smith@apexanalytics.com,editor,professional,2022-10-24,2023-08-07,False
609,143,ivy.jones@velocitydynamics.com,viewer,free,2024-03-17,2025-02-19,True
610,701,bob.quinn@vanguardenterprises.com,editor,professional,2024-07-08,2025-02-14,True
611,651,bob.davis@apexcorp.com,editor,professional,2025-02-11,2025-02-06,True
612,223,,viewer,starter,2024-10-02,2025-02-28,False
613,842,nate.park@quantumsoftware.com,viewer,professional,2023-09-26,2025-02-23,True
614,905,hank.davis@novadigital.com,viewer,starter,2025-02-03,2025-02-13,True
615,976,grace.garcia@summitplatforms.com,viewer,starter,2024-12-30,2025-02-28,False
616,66,quinn.hall@optimasolutions.com,viewer,enterprise,2024-05-29,2025-02-25,True
617,834,nate.ingram@elevateanalytics.com,admin,starter,2024-11-18,2025-02-28,False
618,53,frank.hall@pacificsoftware.com,viewer,professional,2025-02-08,2025-02-25,True
619,364,karen.lopez@catalystdigital.com,admin,starter,2024-04-27,2025-02-18,True
620,930,ivy.jones@optimacorp.com,admin,free,2022-01-30,2025-02-27,True
621,583,uma.adams@nexusdynamics.com,viewer,enterprise,2022-08-22,2025-02-08,True
622,97,wendy.evans@catalystanalytics.com,editor,enterprise,2022-03-19,2025-02-18,True
623,921,mia.park@globallabs.com,viewer,professional,2025-01-03,2025-01-29,True
624,179,ivy.baker@vanguardnetworks.com,editor,professional,2024-09-09,2025-02-26,True
625,867,carol.adams@velocitygroup.com,admin,professional,2024-04-16,2025-02-08,True
626,339,paul.taylor@zenithgroup.com,editor,free,2024-11-28,2025-02-28,False
627,593,eve.taylor@synergytechnologies.com,viewer,enterprise,2025-01-01,2025-02-13,True
628,881,mia.rivera@synergyinc.com,editor,professional,2023-12-04,2024-04-08,False
629,873,hank.smith@pinnacleservices.com,viewer,professional,2021-06-29,2022-02-06,False
630,696,rosa.owens@vanguardgroup.com,viewer,enterprise,2022-12-22,2025-01-30,True
631,961,alice.garcia@globaldynamics.com,editor,professional,2025-01-27,2025-02-20,True
632,257,quinn.owens@zenithtechnologies.com,editor,enterprise,2023-10-04,2024-07-11,False
633,834,rosa.park@elevateanalytics.com,viewer,starter,2022-07-21,2025-02-15,True
634,546,eve.clark@zenithpartners.com,admin,professional,2024-09-07,2025-02-07,True
635,16,hank.ingram@elevategroup.com,editor,professional,2024-03-07,2025-01-22,False
636,110,mia.lopez@synergyholdings.com,viewer,free,2023-12-06,2025-02-12,True
637,60,bob.owens@pinnacleinc.com,editor,professional,2024-07-27,2025-02-28,False
638,163,paul.jones@optimainc.com,editor,enterprise,2021-05-23,2025-02-26,True
639,579,jack.miller@summitpartners.com,viewer,starter,2024-01-31,2024-10-18,False
640,250,mia.davis@globalanalytics.com,viewer,professional,2023-08-25,2025-02-15,True
641,822,mia.foster@pacifictechnologies.com,admin,starter,2025-01-30,2025-02-14,False
642,827,bob.kim@atlasnetworks.com,editor,starter,2025-02-26,2025-02-21,True
643,630,jack.adams@quantumholdings.com,editor,starter,2023-01-22,2025-01-31,True
644,322,tina.davis@nexustechnologies.com,editor,free,2021-12-27,2025-02-07,True
645,146,xander.park@horizonlabs.com,editor,free,2024-08-19,2025-02-27,True
646,136,hank.foster@atlasservices.com,editor,starter,2022-03-27,2025-02-28,True
647,517,wendy.park@nexussolutions.com,viewer,professional,2022-08-01,2023-03-15,False
648,513,vince.smith@acmeinc.com,viewer,free,2024-09-06,2025-02-28,False
649,458,uma.clark@synergydynamics.com,editor,free,2022-04-17,2025-02-13,True
650,995,karen.foster@acmecorp.com,admin,free,2023-08-09,2025-02-27,True
651,179,grace.kim@vanguardnetworks.com,editor,professional,2023-03-10,2023-08-12,False
652,460,tina.davis@velocitynetworks.com,viewer,enterprise,2025-02-03,2025-01-31,True
653,159,bob.adams@horizonanalytics.com,editor,free,2020-09-09,2025-02-19,True
654,107,karen.garcia@novaservices.com,editor,starter,2023-01-05,2023-12-25,False
655,450,carol.ingram@elevateservices.com,viewer,professional,2022-03-31,2025-02-15,True
656,618,carol.clark@vanguardsoftware.com,admin,professional,2025-02-17,2025-02-28,False
657,229,dan.foster@fusionplatforms.com,editor,professional,2021-10-09,2025-02-27,True
658,669,hank.hall@elevatesystems.com,viewer,starter,2025-02-10,2025-02-23,True
659,612,uma.baker@globalcorp.com,editor,starter,2023-08-27,2025-02-19,True
660,215,mia.clark@acmeholdings.com,editor,enterprise,2022-04-30,2025-01-31,True
661,197,eve.baker@vertexinc.com,viewer,enterprise,2024-09-16,2025-02-07,True
662,296,alice.evans@zenithdynamics.com,editor,free,2021-09-06,2022-04-23,False
663,432,alice.garcia@nexusenterprises.com,editor,enterprise,2024-11-21,2025-02-05,True
664,195,dan.foster@zenithcorp.com,editor,professional,2023-12-30,2025-02-09,True
665,962,xander.baker@vertexdigital.com,viewer,starter,2025-02-10,2025-02-01,True
666,18,olivia.garcia@elevategroup.com,editor,starter,2024-09-19,2024-12-12,False
667,982,ivy.evans@vertexgroup.com,editor,free,2024-11-27,2025-02-20,False
668,223,olivia.adams@apexanalytics.com,editor,starter,2024-11-30,2025-02-15,True
669,835,vince.quinn@atlasholdings.com,editor,professional,2024-05-20,2024-06-18,False
670,617,quinn.clark@zenithenterprises.com,viewer,starter,2022-10-21,2025-02-25,True
671,133,paul.rivera@summitholdings.com,editor,starter,2021-11-09,2025-02-17,True
672,661,nate.smith@velocitysystems.com,editor,professional,2022-05-13,2025-01-30,True
673,161,leo.garcia@velocityservices.com,editor,starter,2021-12-11,2025-02-02,True
674,374,vince.lopez@optimanetworks.com,editor,enterprise,2023-04-15,2025-02-21,True
675,132,eve.davis@vanguardlabs.com,viewer,professional,2022-05-25,2023-02-14,False
676,921,hank.baker@globallabs.com,editor,professional,2025-01-27,2025-02-17,True
677,342,steve.baker@optimadynamics.com,viewer,professional,2024-09-02,2025-01-30,True
678,401,steve.nguyen@novatechnologies.com,admin,starter,2024-08-07,2025-02-18,True
679,454,carol.hall@acmelabs.com,viewer,starter,2023-11-14,2025-02-15,True
680,999,tina.lopez@elevatecorp.com,editor,enterprise,2025-02-19,2025-02-21,True
681,471,uma.quinn@elevateanalytics.com,viewer,professional,2024-02-01,2024-06-13,False
682,618,eve.lopez@vanguardsoftware.com,viewer,professional,2025-01-10,2025-02-28,False
683,923,mia.miller@apexplatforms.com,admin,professional,2024-09-25,2024-12-11,False
684,757,tina.rivera@acmeanalytics.com,admin,professional,2023-11-30,2025-02-02,True
685,434,jack.adams@summitsolutions.com,viewer,professional,2024-06-26,2024-11-28,False
686,633,xander.miller@optimaservices.com,admin,professional,2021-02-05,2025-02-08,True
687,391,leo.park@atlasinc.com,editor,professional,2020-05-21,2025-01-30,True
688,787,ivy.rivera@velocitycorp.com,admin,enterprise,2024-08-26,2025-02-15,True
689,393,uma.adams@globalservices.com,editor,enterprise,2023-07-01,2025-02-17,True
690,203,olivia.miller@quantumdynamics.com,admin,enterprise,2023-03-07,2023-05-30,False
691,751,,editor,enterprise,2020-05-11,2025-02-14,True
692,38,nate.park@catalystlabs.com,viewer,starter,2025-01-08,2025-02-28,False
693,543,paul.kim@globallabs.com,viewer,starter,2023-08-27,2024-01-01,False
694,292,eve.owens@summitnetworks.com,viewer,professional,2023-09-06,2024-03-24,False
695,405,bob.taylor@vanguarddynamics.com,viewer,enterprise,2021-04-14,2025-02-11,True
696,393,jack.park@globalservices.com,editor,enterprise,2022-08-14,2025-02-26,True
697,875,rosa.davis@synergyanalytics.com,viewer,professional,2022-10-22,2025-02-09,True
698,103,leo.taylor@quantumtechnologies.com,viewer,starter,2024-04-23,2025-02-16,True
699,384,eve.evans@horizondigital.com,editor,starter,2024-07-14,2024-11-03,False
700,163,olivia.rivera@optimainc.com,viewer,enterprise,2021-09-27,2025-02-09,True
701,257,frank.hall@zenithtechnologies.com,editor,enterprise,2022-08-31,2023-03-01,False
702,292,nate.ingram@summitnetworks.com,admin,professional,2022-10-07,2025-02-17,True
703,715,dan.taylor@globalenterprises.com,editor,starter,2025-02-22,2025-02-10,True
704,520,leo.miller@catalystsoftware.com,viewer,professional,2024-07-03,2025-02-14,True
705,824,uma.park@synergyinc.com,viewer,enterprise,2025-02-17,2025-02-28,False
706,224,ivy.evans@velocityinc.com,editor,professional,2024-10-03,2025-02-18,True
707,865,jack.owens@apexcorp.com,viewer,professional,2024-06-23,2025-02-27,True
708,85,uma.davis@velocityplatforms.com,viewer,starter,2024-02-29,2024-04-13,False
709,995,karen.rivera@acmecorp.com,viewer,free,2023-06-29,2025-01-29,True
710,129,bob.kim@globalnetworks.com,viewer,free,2024-11-10,2025-02-18,True
711,929,xander.jones@globalnetworks.com,viewer,professional,2024-03-07,2025-02-09,True
712,20,tina.garcia@optimadigital.com,admin,starter,2024-11-29,2025-02-18,True
713,98,karen.park@atlassoftware.com,viewer,enterprise,2022-06-13,2025-01-30,True
714,248,hank.foster@fusioncorp.com,viewer,starter,2021-04-04,2025-02-05,True
715,823,uma.jones@velocitylabs.com,editor,enterprise,2024-11-28,2025-02-21,True
716,679,leo.park@novasystems.com,viewer,starter,2022-09-30,2025-02-05,True
717,440,quinn.miller@fusionsystems.com,viewer,professional,2021-05-31,2025-02-10,True
718,938,frank.evans@globaldynamics.com,viewer,professional,2023-05-31,2025-02-09,True
719,524,olivia.adams@vertexinc.com,admin,professional,2024-09-13,2025-01-31,True
720,114,quinn.miller@synergysolutions.com,editor,professional,2023-12-12,2025-02-07,True
721,841,tina.foster@pacificinc.com,editor,professional,2022-01-31,2025-01-31,True
722,778,bob.taylor@pacificanalytics.com,editor,free,2020-08-26,2025-02-22,True
723,658,carol.rivera@nexusinc.com,editor,starter,2023-01-14,2024-01-08,False
724,460,nate.hall@velocitynetworks.com,viewer,enterprise,2025-02-27,2025-02-28,False
725,17,alice.jones@vanguardinc.com,editor,starter,2022-12-16,2025-02-10,True
726,158,tina.baker@apexcorp.com,viewer,professional,2024-05-10,2025-02-28,False
727,296,nate.foster@zenithdynamics.com,viewer,free,2024-01-05,2025-02-16,True
728,152,olivia.clark@catalystlabs.com,editor,enterprise,2024-05-13,2025-02-27,True
729,792,bob.clark@novasolutions.com,viewer,professional,2020-05-07,2021-02-04,False
730,961,wendy.davis@globaldynamics.com,editor,professional,2023-04-17,2025-02-08,True
731,302,eve.foster@catalystpartners.com,viewer,enterprise,2021-04-04,2025-02-03,True
732,252,wendy.smith@velocityplatforms.com,viewer,starter,2020-03-27,2025-02-12,True
733,192,vince.rivera@summitinc.com,viewer,free,2024-06-12,2025-02-21,True
734,624,xander.miller@apexholdings.com,editor,professional,2024-11-01,2025-02-22,True
735,291,quinn.nguyen@vertextechnologies.com,viewer,professional,2025-02-21,2025-01-30,True
736,127,dan.kim@nexuscorp.com,viewer,enterprise,2022-01-03,2025-02-01,True
737,759,ivy.quinn@atlasdynamics.com,viewer,starter,2025-02-04,2025-02-22,True
738,143,mia.davis@velocitydynamics.com,editor,free,2024-12-11,2025-02-24,True
739,202,quinn.baker@globaldigital.com,editor,professional,2023-03-29,2025-02-22,True
740,163,leo.baker@optimainc.com,editor,enterprise,2024-09-09,2025-02-07,True
741,689,dan.miller@vanguardholdings.com,viewer,professional,2024-10-27,2025-02-28,False
742,411,nate.clark@elevateenterprises.com,editor,enterprise,2025-01-19,2025-02-15,True
743,297,dan.davis@horizoncorp.com,viewer,professional,2024-12-23,2025-02-28,True
744,901,quinn.miller@summitanalytics.com,admin,professional,2024-09-27,2025-02-05,True
745,20,quinn.miller@optimadigital.com,viewer,starter,2024-04-08,2025-02-18,True
746,346,,viewer,starter,2024-05-20,2025-02-12,True
747,443,tina.owens@elevatetechnologies.com,editor,free,2025-02-10,2025-02-20,True
748,933,carol.clark@novatechnologies.com,viewer,professional,2024-06-10,2025-02-28,True
749,165,tina.rivera@optimatechnologies.com,editor,professional,2023-01-29,2023-10-15,False
750,67,dan.rivera@nexusplatforms.com,viewer,free,2020-09-05,2025-02-06,True
751,725,vince.park@vanguardenterprises.com,viewer,starter,2020-12-01,2025-02-20,True
752,887,uma.adams@summitcorp.com,viewer,free,2025-01-02,2025-02-14,True
753,898,mia.clark@velocitydigital.com,viewer,free,2023-07-12,2025-02-16,True
754,157,mia.kim@horizonsoftware.com,editor,starter,2024-08-29,2024-10-01,False
755,287,grace.adams@horizonlabs.com,admin,starter,2024-01-13,2025-02-27,True
756,279,rosa.taylor@velocityholdings.com,viewer,professional,2025-02-22,2025-02-03,True
757,957,hank.park@quantumplatforms.com,editor,professional,2025-02-02,2025-02-28,False
758,87,wendy.miller@atlassolutions.com,viewer,free,2024-07-30,2025-02-09,True
759,314,olivia.davis@pinnacleinc.com,admin,enterprise,2024-12-19,2025-02-26,True
760,80,nate.foster@optimaenterprises.com,editor,professional,2025-02-26,2025-02-03,True
761,436,wendy.owens@catalystcorp.com,editor,enterprise,2024-07-03,2025-02-24,True
762,275,olivia.miller@acmepartners.com,viewer,professional,2023-02-14,2023-09-27,False
763,715,carol.park@globalenterprises.com,admin,starter,2024-12-31,2025-02-09,True
764,500,grace.evans@catalystholdings.com,admin,starter,2024-10-07,2025-02-12,True
765,124,grace.baker@optimatechnologies.com,editor,free,2024-11-03,2025-02-07,True
766,396,rosa.baker@synergyinc.com,viewer,free,2023-12-15,2024-09-04,False
767,10,eve.kim@elevateanalytics.com,editor,enterprise,2023-08-30,2024-08-21,False
768,881,leo.adams@synergyinc.com,editor,professional,2022-04-20,2025-02-25,True
769,946,wendy.hall@vanguardgroup.com,editor,professional,2024-05-26,2025-02-20,True
770,566,jack.lopez@acmetechnologies.com,viewer,professional,2023-12-14,2024-07-23,False
771,981,paul.rivera@novanetworks.com,editor,professional,2022-08-01,2025-01-30,True
772,710,wendy.hall@pinnaclelabs.com,viewer,starter,2024-06-23,2025-02-05,True
773,569,tina.ingram@novacorp.com,admin,starter,2024-02-14,2025-02-07,True
774,117,rosa.park@fusionnetworks.com,editor,starter,2024-05-06,2025-02-10,True
775,347,olivia.adams@fusioninc.com,viewer,professional,2024-01-19,2025-02-09,True
776,266,rosa.hall@acmeenterprises.com,viewer,starter,2025-01-04,2025-02-28,False
777,493,carol.jones@summitanalytics.com,viewer,professional,2024-06-10,2025-02-25,False
778,759,,viewer,starter,2024-07-16,2025-02-19,True
779,634,vince.davis@novapartners.com,editor,professional,2023-04-02,2023-04-15,False
780,253,,viewer,enterprise,2023-09-26,2025-02-10,True
781,694,dan.quinn@velocitynetworks.com,admin,professional,2022-11-28,2025-02-07,True
782,105,eve.davis@acmedigital.com,viewer,professional,2023-06-17,2025-02-19,True
783,221,rosa.ingram@elevatepartners.com,viewer,professional,2022-04-01,2025-02-22,True
784,982,grace.lopez@vertexgroup.com,viewer,free,2025-01-08,2025-02-08,True
785,417,,editor,professional,2023-05-24,2023-08-27,False
786,6,mia.baker@zenithplatforms.com,viewer,professional,2024-05-13,2025-02-22,True
787,278,uma.taylor@optimadynamics.com,editor,starter,2025-01-01,2025-02-16,True
788,693,alice.park@apexcorp.com,editor,enterprise,2025-02-09,2025-02-18,True
789,581,jack.owens@quantumenterprises.com,admin,enterprise,2024-12-25,2025-02-13,True
790,387,hank.jones@pacificsolutions.com,admin,starter,2024-12-29,2025-02-01,True
791,989,steve.garcia@horizonnetworks.com,admin,professional,2023-02-03,2025-02-19,True
792,968,eve.davis@horizoninc.com,viewer,professional,2023-12-04,2025-02-23,True
793,504,ivy.quinn@catalystinc.com,viewer,free,2024-01-23,2025-02-15,True
794,716,uma.ingram@nexusnetworks.com,viewer,professional,2024-12-13,2025-02-10,True
795,518,olivia.evans@zenithtechnologies.com,admin,starter,2022-12-14,2025-01-30,True
796,947,leo.davis@fusioninc.com,editor,starter,2024-09-16,2025-01-31,False
797,534,quinn.lopez@catalysttechnologies.com,viewer,free,2024-02-02,2025-02-07,True
798,937,carol.smith@elevatetechnologies.com,admin,professional,2020-09-10,2025-02-09,True
799,654,wendy.foster@elevateanalytics.com,editor,starter,2024-07-09,2025-01-31,True
800,62,alice.kim@velocitynetworks.com,editor,enterprise,2024-01-16,2025-02-12,True
801,391,steve.evans@atlasinc.com,viewer,professional,2022-12-16,2025-02-03,True
802,943,rosa.smith@atlasgroup.com,editor,starter,2025-02-07,2025-01-30,True
803,621,tina.hall@nexusgroup.com,editor,professional,2024-09-27,2024-10-06,False
804,551,frank.kim@elevatesystems.com,viewer,free,2024-08-12,2024-11-29,False
805,682,alice.quinn@acmepartners.com,viewer,professional,2024-01-26,2024-08-22,False
806,626,grace.foster@synergyinc.com,editor,professional,2023-01-04,2025-02-24,True
807,228,karen.jones@summitpartners.com,viewer,professional,2024-05-05,2025-02-28,False
808,463,vince.lopez@zenithlabs.com,admin,free,2024-06-19,2025-02-08,True
809,919,alice.kim@nexusholdings.com,viewer,professional,2025-01-02,2025-02-15,True
810,9,frank.quinn@optimasolutions.com,editor,starter,2022-10-09,2025-02-08,True
811,749,wendy.kim@globallabs.com,editor,starter,2021-09-09,2025-01-29,True
812,942,wendy.evans@vanguardcorp.com,admin,starter,2024-05-10,2025-02-05,True
813,804,grace.davis@quantumsoftware.com,admin,starter,2023-09-19,2025-02-02,True
814,742,wendy.lopez@elevatetechnologies.com,viewer,free,2021-06-23,2021-07-16,False
815,679,jack.clark@novasystems.com,editor,starter,2023-07-13,2025-02-20,True
816,631,tina.clark@vanguardcorp.com,viewer,starter,2024-10-31,2025-02-23,True
817,126,carol.hall@zenithinc.com,admin,starter,2024-04-03,2025-02-09,True
818,460,,admin,enterprise,2025-01-30,2025-02-16,True
819,769,alice.taylor@summitlabs.com,admin,enterprise,2024-03-06,2025-01-31,True
820,58,xander.miller@acmepartners.com,editor,enterprise,2023-11-16,2025-02-03,True
821,686,mia.davis@horizontechnologies.com,editor,professional,2024-05-01,2025-02-17,True
822,979,leo.garcia@synergycorp.com,editor,starter,2024-04-18,2025-02-21,True
823,817,hank.hall@nexusanalytics.com,admin,enterprise,2024-08-13,2025-02-21,True
824,942,paul.adams@vanguardcorp.com,admin,starter,2022-09-10,2025-02-02,True
825,432,nate.owens@nexusenterprises.com,viewer,enterprise,2023-02-11,2025-02-02,True
826,825,dan.lopez@summitcorp.com,viewer,free,2024-09-10,2025-02-07,True
827,791,tina.smith@acmesolutions.com,editor,professional,2024-05-21,2025-02-21,True
828,769,rosa.park@summitlabs.com,editor,enterprise,2022-04-11,2025-02-25,True
829,723,steve.baker@apexsoftware.com,viewer,professional,2022-08-08,2022-09-14,False
830,933,mia.lopez@novatechnologies.com,admin,professional,2024-05-24,2025-02-28,False
831,527,xander.taylor@synergydynamics.com,viewer,enterprise,2024-05-25,2024-11-25,False
832,335,alice.taylor@vanguardanalytics.com,admin,free,2024-12-12,2025-02-21,True
833,468,jack.garcia@optimanetworks.com,editor,free,2024-05-13,2025-02-21,True
834,180,grace.foster@zenithcorp.com,admin,free,2023-05-18,2025-02-18,True
835,967,dan.adams@zenithanalytics.com,editor,starter,2025-01-27,2025-02-11,True
836,41,vince.hall@novatechnologies.com,admin,enterprise,2023-01-01,2025-02-03,True
837,900,olivia.rivera@horizonnetworks.com,editor,starter,2023-08-30,2023-09-27,False
838,127,carol.kim@nexuscorp.com,editor,enterprise,2023-12-17,2025-02-01,True
839,151,carol.jones@vertexinc.com,editor,professional,2023-02-18,2025-02-13,True
840,396,jack.smith@synergyinc.com,viewer,free,2022-06-29,2025-01-30,True
841,544,mia.park@pinnacleservices.com,editor,starter,2022-12-25,2025-02-01,True
842,905,eve.evans@novadigital.com,viewer,starter,2024-10-22,2025-02-23,True
843,67,nate.rivera@nexusplatforms.com,admin,free,2021-10-08,2025-02-05,True
844,646,alice.owens@nexuslabs.com,editor,professional,2024-06-18,2025-02-01,True
845,147,karen.evans@apexsoftware.com,editor,starter,2025-01-26,2025-01-31,True
846,91,ivy.nguyen@apexenterprises.com,admin,free,2023-03-01,2025-02-03,True
847,298,xander.rivera@apexdigital.com,viewer,professional,2024-05-06,2025-02-06,True
848,379,steve.rivera@zenithlabs.com,editor,free,2023-03-31,2025-02-25,True
849,419,rosa.smith@novasoftware.com,viewer,professional,2023-11-18,2025-02-07,True
850,358,grace.miller@summittechnologies.com,editor,starter,2022-04-10,2025-02-06,True
851,74,xander.park@acmeholdings.com,viewer,professional,2024-01-15,2025-02-12,True
852,365,grace.owens@velocitynetworks.com,editor,free,2024-11-22,2025-02-28,False
853,132,hank.smith@vanguardlabs.com,viewer,professional,2022-06-12,2025-02-15,True
854,125,nate.ingram@acmecorp.com,viewer,professional,2025-02-04,2025-02-23,True
855,103,grace.owens@quantumtechnologies.com,viewer,starter,2024-02-21,2025-02-09,True
856,727,vince.owens@quantumplatforms.com,admin,free,2025-02-05,2025-02-03,True
857,227,quinn.baker@vanguardtechnologies.com,viewer,professional,2023-02-17,2025-01-29,True
858,288,xander.jones@horizonsoftware.com,viewer,free,2025-01-20,2025-02-22,True
859,327,steve.miller@vanguardenterprises.com,editor,starter,2023-03-25,2025-02-05,True
860,227,xander.jones@vanguardtechnologies.com,viewer,professional,2024-11-25,2025-02-18,True
861,706,leo.kim@vertexsoftware.com,admin,professional,2022-08-29,2025-02-04,True
862,373,uma.evans@globalholdings.com,viewer,free,2023-03-21,2025-02-17,True
863,121,grace.kim@fusiontechnologies.com,admin,starter,2021-03-09,2025-02-24,True
864,386,tina.quinn@elevatelabs.com,editor,free,2024-03-18,2025-02-23,True
865,655,frank.davis@zenithanalytics.com,editor,professional,2024-12-10,2025-02-01,True
866,51,xander.ingram@nexusdynamics.com,viewer,starter,2025-02-24,2025-02-28,False
867,847,olivia.garcia@nexusgroup.com,editor,professional,2020-09-01,2025-02-01,True
868,36,dan.kim@fusionnetworks.com,viewer,professional,2025-02-28,2025-02-12,True
869,519,karen.miller@quantumplatforms.com,viewer,free,2024-05-30,2025-02-02,True
870,425,hank.ingram@zenithsoftware.com,viewer,starter,2024-09-16,2025-02-07,True
871,631,uma.miller@vanguardcorp.com,viewer,starter,2024-03-13,2025-02-06,True
872,174,paul.evans@pinnaclesoftware.com,viewer,starter,2023-11-25,2025-02-04,True
873,247,tina.clark@acmeenterprises.com,viewer,professional,2025-01-31,2025-02-26,True
874,193,nate.miller@summitcorp.com,editor,professional,2023-07-20,2025-02-24,True
875,375,frank.ingram@atlasnetworks.com,editor,professional,2024-05-14,2025-01-27,False
876,864,olivia.lopez@acmegroup.com,admin,starter,2023-08-07,2025-02-10,True
877,668,dan.owens@summitsoftware.com,viewer,professional,2024-08-24,2025-02-09,True
878,872,uma.smith@summitholdings.com,viewer,professional,2025-01-17,2025-02-28,False
879,616,wendy.foster@catalystinc.com,editor,starter,2023-01-10,2025-02-19,True
880,248,karen.miller@fusioncorp.com,admin,starter,2021-08-06,2025-02-12,True
881,74,carol.clark@acmeholdings.com,admin,professional,2025-01-24,2025-02-13,True
882,492,alice.jones@atlasenterprises.com,editor,starter,2025-01-31,2025-02-28,False
883,976,bob.baker@summitplatforms.com,viewer,starter,2024-09-15,2025-02-18,True
884,509,frank.foster@horizongroup.com,editor,free,2021-02-04,2025-02-20,True
885,963,steve.clark@quantumsystems.com,viewer,starter,2024-03-24,2025-02-06,True
886,136,paul.lopez@atlasservices.com,viewer,starter,2023-07-07,2025-02-08,True
887,960,grace.adams@catalystlabs.com,admin,enterprise,2024-03-15,2025-02-06,True
888,216,xander.garcia@optimalabs.com,viewer,starter,2023-06-29,2025-02-22,True
889,97,xander.adams@catalystanalytics.com,editor,enterprise,2025-01-12,2025-02-09,True
890,677,ivy.adams@vanguardholdings.com,viewer,free,2022-04-14,2025-02-03,True
891,153,dan.miller@nexustechnologies.com,viewer,free,2024-05-27,2025-02-28,False
892,511,mia.clark@pacificdigital.com,viewer,enterprise,2024-11-30,2025-01-24,False
893,268,xander.hall@optimaplatforms.com,viewer,professional,2024-04-09,2025-02-25,True
894,171,hank.evans@elevateenterprises.com,viewer,starter,2025-01-27,2025-02-11,True
895,184,hank.smith@vanguarddynamics.com,editor,enterprise,2024-02-15,2025-02-19,True
896,669,uma.taylor@elevatesystems.com,viewer,starter,2024-10-19,2025-02-09,True
897,835,vince.ingram@atlasholdings.com,admin,professional,2023-06-15,2025-02-28,True
898,308,paul.clark@vanguardsolutions.com,editor,enterprise,2024-11-18,2025-02-18,True
899,369,quinn.taylor@acmesoftware.com,editor,enterprise,2021-07-22,2025-02-17,True
900,694,mia.miller@velocitynetworks.com,editor,professional,2024-01-18,2025-02-08,True
901,493,olivia.taylor@summitanalytics.com,viewer,professional,2024-09-09,2025-02-27,True
902,798,grace.foster@synergysolutions.com,admin,enterprise,2024-11-18,2025-01-31,True
903,827,tina.baker@atlasnetworks.com,viewer,starter,2024-06-17,2025-02-22,True
904,245,uma.davis@acmeservices.com,admin,professional,2025-01-15,2025-02-24,True
905,750,vince.jones@vanguardsystems.com,viewer,starter,2024-04-22,2025-02-23,True
906,802,dan.quinn@atlascorp.com,editor,free,2025-01-07,2025-02-01,True
907,536,frank.lopez@pinnaclesolutions.com,editor,professional,2022-01-04,2025-02-08,True
908,775,paul.adams@zenithservices.com,viewer,professional,2023-06-19,2025-01-31,True
909,76,jack.kim@elevateholdings.com,viewer,professional,2024-03-02,2025-02-13,True
910,347,jack.adams@fusioninc.com,editor,professional,2021-09-02,2022-06-04,False
911,497,xander.miller@vanguardtechnologies.com,viewer,starter,2024-03-12,2025-02-01,True
912,94,eve.evans@horizonsolutions.com,editor,starter,2024-07-31,2025-02-26,True
913,408,ivy.clark@vertexsystems.com,viewer,starter,2023-10-29,2025-02-06,True
914,383,nate.quinn@novatechnologies.com,viewer,starter,2022-12-03,2025-02-27,True
915,984,ivy.nguyen@pacificdynamics.com,editor,starter,2023-06-03,2025-02-22,True
916,745,bob.taylor@vanguardsoftware.com,editor,professional,2025-02-03,2025-02-01,True
917,485,karen.evans@globalsystems.com,viewer,enterprise,2021-09-07,2025-02-17,True
918,38,tina.baker@catalystlabs.com,editor,starter,2024-10-22,2025-02-28,False
919,761,jack.smith@zenithenterprises.com,editor,professional,2025-01-10,2025-02-28,False
920,459,rosa.owens@vanguarddynamics.com,admin,enterprise,2024-09-28,2025-02-03,True
921,749,dan.kim@globallabs.com,editor,starter,2023-05-04,2025-02-07,True
922,655,eve.quinn@zenithanalytics.com,viewer,professional,2025-01-07,2025-02-01,True
923,138,hank.adams@catalystgroup.com,admin,professional,2024-06-17,2025-02-16,True
924,129,eve.foster@globalnetworks.com,editor,free,2024-01-07,2025-02-07,True
925,376,quinn.foster@nexusservices.com,editor,enterprise,2024-11-05,2025-02-13,True
926,59,xander.garcia@atlaslabs.com,viewer,free,2024-02-23,2025-02-21,True
927,224,mia.hall@velocityinc.com,editor,professional,2025-02-03,2025-02-27,True
928,701,olivia.hall@vanguardenterprises.com,viewer,professional,2024-03-24,2025-02-18,False
929,320,xander.foster@acmenetworks.com,editor,free,2022-11-06,2025-02-08,True
930,155,nate.miller@acmeenterprises.com,viewer,professional,2024-03-13,2025-01-21,False
931,183,leo.garcia@nexusinc.com,viewer,starter,2025-02-17,2025-02-28,False
932,525,uma.garcia@vertexnetworks.com,admin,professional,2024-10-12,2025-01-29,True
933,283,rosa.park@elevateinc.com,editor,professional,2025-01-07,2025-02-16,True
934,295,frank.evans@synergyenterprises.com,viewer,starter,2024-03-13,2025-02-09,True
935,481,dan.park@zenithgroup.com,viewer,starter,2023-12-19,2025-02-17,True
936,8,hank.adams@velocityholdings.com,editor,starter,2024-09-13,2025-02-28,False
937,494,frank.ingram@zenithlabs.com,editor,starter,2023-06-30,2025-02-06,True
938,205,paul.clark@nexussolutions.com,viewer,professional,2024-03-24,2024-07-04,False
939,117,dan.garcia@fusionnetworks.com,viewer,starter,2024-12-31,2025-02-27,True
940,664,vince.adams@elevateholdings.com,viewer,professional,2023-04-26,2025-02-18,True
941,626,rosa.taylor@synergyinc.com,admin,professional,2024-01-25,2025-02-17,True
942,244,olivia.miller@horizonsoftware.com,editor,professional,2023-06-27,2025-02-26,True
943,711,xander.adams@vanguardnetworks.com,viewer,starter,2023-09-18,2025-02-15,True
944,91,rosa.foster@apexenterprises.com,admin,free,2024-10-15,2025-02-22,True
945,772,dan.rivera@globalinc.com,editor,professional,2021-12-01,2025-02-11,True
946,298,tina.smith@apexdigital.com,editor,professional,2024-04-06,2025-02-20,True
947,677,wendy.owens@vanguardholdings.com,admin,free,2021-11-21,2025-02-23,True
948,433,jack.park@pacificholdings.com,viewer,starter,2024-06-08,2025-02-28,False
949,103,xander.clark@quantumtechnologies.com,admin,starter,2023-11-14,2025-02-23,True
950,359,olivia.taylor@quantumdigital.com,viewer,professional,2024-02-02,2025-02-17,True
951,408,uma.jones@vertexsystems.com,viewer,starter,2024-03-30,2025-02-20,False
952,387,hank.jones@pacificsolutions.com,editor,starter,2024-11-11,2025-02-10,True
953,595,,admin,free,2023-12-19,2025-02-27,True
954,234,alice.hall@summitlabs.com,editor,starter,2024-12-25,2025-02-28,False
955,250,dan.miller@globalanalytics.com,editor,professional,2024-02-13,2025-02-25,True
956,711,tina.baker@vanguardnetworks.com,viewer,starter,2023-04-15,2025-02-04,True
957,43,jack.baker@summitinc.com,editor,professional,2021-03-08,2025-02-09,True
958,729,grace.smith@elevatecorp.com,viewer,starter,2021-12-09,2022-04-07,False
959,173,tina.park@synergyenterprises.com,viewer,starter,2023-07-15,2025-02-01,True
960,211,frank.clark@synergyservices.com,editor,professional,2023-06-23,2025-02-07,True
961,316,wendy.smith@pinnacleinc.com,viewer,starter,2023-01-24,2025-02-22,True
962,922,mia.quinn@acmecorp.com,viewer,professional,2024-09-13,2024-12-12,False
963,664,nate.taylor@elevateholdings.com,editor,professional,2024-11-30,2025-02-08,True
964,936,,editor,starter,2023-06-12,2025-02-11,True
965,581,nate.davis@quantumenterprises.com,admin,enterprise,2025-01-25,2025-01-31,True
966,303,olivia.foster@pacificsoftware.com,viewer,free,2022-07-07,2022-10-11,False
967,619,grace.evans@pacificnetworks.com,editor,starter,2021-02-06,2025-02-17,True
968,206,paul.kim@nexusplatforms.com,viewer,professional,2024-01-24,2025-02-24,True
969,466,dan.ingram@summitanalytics.com,viewer,starter,2021-08-10,2025-01-31,True
970,986,frank.smith@nexuspartners.com,admin,professional,2022-07-18,2025-02-13,True
971,321,nate.foster@fusionnetworks.com,editor,free,2024-01-26,2025-02-18,True
972,374,uma.baker@optimanetworks.com,admin,enterprise,2024-03-28,2025-02-21,True
973,244,frank.garcia@horizonsoftware.com,viewer,professional,2023-02-15,2023-09-27,False
974,168,wendy.smith@globallabs.com,editor,professional,2022-04-05,2025-02-24,True
975,699,alice.quinn@horizondynamics.com,editor,starter,2025-01-21,2025-02-28,False
976,534,dan.taylor@catalysttechnologies.com,viewer,free,2023-08-29,2025-02-19,True
977,219,nate.garcia@fusionplatforms.com,viewer,free,2024-07-09,2024-12-10,False
978,939,rosa.ingram@globalholdings.com,viewer,professional,2024-11-19,2025-01-31,True
979,318,paul.rivera@pacificgroup.com,editor,enterprise,2022-08-17,2025-01-31,True
980,47,carol.clark@atlasnetworks.com,editor,enterprise,2021-08-04,2025-02-11,True
981,788,wendy.nguyen@acmesolutions.com,editor,starter,2024-12-16,2025-02-10,True
982,264,steve.lopez@apexdigital.com,viewer,starter,2024-05-23,2025-02-19,True
983,982,bob.adams@vertexgroup.com,admin,free,2025-01-04,2025-02-23,True
984,915,leo.hall@pacificholdings.com,editor,professional,2024-03-11,2024-08-16,False
985,169,nate.baker@novaanalytics.com,viewer,professional,2024-12-03,2025-02-08,True
986,353,uma.miller@summittechnologies.com,viewer,professional,2024-05-22,2025-02-28,True
987,897,grace.hall@catalystpartners.com,editor,enterprise,2024-04-29,2025-02-13,True
988,356,alice.miller@vanguardcorp.com,viewer,free,2023-08-06,2025-01-30,True
989,139,quinn.quinn@optimapartners.com,admin,free,2024-09-07,2025-02-19,True
990,846,uma.garcia@zenithsoftware.com,editor,professional,2024-05-26,2024-07-29,False
991,193,rosa.davis@summitcorp.com,editor,professional,2024-06-15,2025-02-12,True
992,55,alice.evans@elevateenterprises.com,viewer,enterprise,2023-11-25,2025-02-23,True
993,491,hank.miller@horizonpartners.com,viewer,starter,2023-12-21,2025-02-15,True
994,576,uma.foster@pinnacleplatforms.com,editor,professional,2024-05-22,2025-02-18,True
995,389,karen.rivera@acmenetworks.com,editor,starter,2025-01-10,2025-02-28,False
996,525,hank.nguyen@vertexnetworks.com,viewer,professional,2024-09-05,2025-02-08,True
997,744,hank.lopez@synergysystems.com,admin,professional,2024-07-17,2025-02-25,True
998,830,wendy.ingram@pacificenterprises.com,viewer,professional,2024-06-08,2025-02-11,True
999,630,rosa.nguyen@quantumholdings.com,viewer,starter,2022-11-24,2025-02-16,True
1000,638,mia.clark@vanguardsolutions.com,editor,enterprise,2024-09-04,2025-02-06,True
1001,167,uma.owens@vanguardsoftware.com,viewer,professional,2022-04-10,2025-02-24,True
1002,352,wendy.evans@globaldynamics.com,viewer,enterprise,2024-05-22,2025-01-29,True
1003,711,steve.quinn@vanguardnetworks.com,viewer,starter,2023-11-22,2025-01-29,True
1004,176,quinn.park@zenithplatforms.com,editor,professional,2024-09-22,2025-02-04,True
1005,257,steve.nguyen@zenithtechnologies.com,viewer,enterprise,2024-12-31,2025-02-28,False
1006,905,ivy.hall@novadigital.com,admin,starter,2024-06-30,2025-02-15,True
1007,520,vince.jones@catalystsoftware.com,viewer,professional,2024-10-23,2025-01-29,True
1008,907,eve.clark@vanguardholdings.com,viewer,professional,2025-02-19,2025-02-28,True
1009,942,steve.garcia@vanguardcorp.com,viewer,starter,2022-12-21,2025-02-06,True
1010,204,vince.miller@atlasgroup.com,admin,professional,2024-11-12,2025-02-22,True
1011,59,jack.lopez@atlaslabs.com,viewer,free,2025-01-05,2025-02-24,True
1012,683,xander.owens@optimatechnologies.com,editor,starter,2024-05-29,2025-02-13,True
1013,80,ivy.park@optimaenterprises.com,editor,professional,2022-12-19,2025-02-27,True
1014,987,xander.kim@vertexcorp.com,editor,professional,2023-06-25,2024-01-24,False
1015,545,eve.davis@novaanalytics.com,admin,starter,2023-12-18,2025-02-02,True
1016,844,hank.kim@novasystems.com,editor,enterprise,2024-01-30,2025-02-15,True
1017,74,xander.taylor@acmeholdings.com,viewer,professional,2024-10-27,2025-02-01,True
1018,354,eve.foster@synergysoftware.com,viewer,free,2022-11-04,2023-05-20,False
1019,136,eve.kim@atlasservices.com,editor,starter,2023-06-24,2025-02-19,True
1020,566,karen.quinn@acmetechnologies.com,admin,professional,2023-06-28,2025-02-19,True
1021,298,tina.lopez@apexdigital.com,editor,professional,2023-02-23,2025-02-10,True
1022,318,ivy.smith@pacificgroup.com,admin,enterprise,2022-07-01,2025-02-22,True
1023,153,alice.ingram@nexustechnologies.com,viewer,free,2022-03-06,2025-02-23,True
1024,814,steve.lopez@elevatesoftware.com,editor,professional,2023-08-31,2023-12-25,False
1025,774,leo.evans@catalysttechnologies.com,viewer,free,2024-11-03,2025-02-22,True
1026,472,hank.baker@pacificnetworks.com,admin,starter,2022-10-11,2025-02-25,True
1027,175,karen.ingram@fusionanalytics.com,admin,professional,2023-11-11,2024-03-07,False
1028,684,jack.taylor@globalsystems.com,editor,enterprise,2024-11-20,2025-02-14,True
1029,178,jack.lopez@quantumgroup.com,admin,starter,2024-10-22,2025-02-11,True
1030,547,jack.ingram@optimaplatforms.com,editor,free,2021-05-22,2025-02-13,True
1031,262,karen.taylor@velocitynetworks.com,viewer,free,2021-02-11,2025-02-17,True
1032,262,paul.clark@velocitynetworks.com,admin,free,2022-08-05,2025-02-24,True
1033,806,frank.davis@atlasservices.com,admin,free,2024-08-17,2025-01-29,True
1034,869,nate.lopez@apexgroup.com,editor,professional,2024-05-16,2025-02-12,True
1035,504,mia.quinn@catalystinc.com,admin,free,2023-08-23,2025-02-28,True
1036,138,carol.miller@catalystgroup.com,editor,professional,2025-02-09,2025-02-11,True
1037,975,xander.clark@optimasystems.com,editor,starter,2022-09-13,2025-02-09,True
1038,275,dan.park@acmepartners.com,viewer,professional,2023-04-11,2025-02-16,True
1039,982,eve.taylor@vertexgroup.com,editor,free,2025-02-19,2025-02-20,True
1040,269,xander.rivera@nexussystems.com,viewer,starter,2024-05-24,2024-05-31,False
1041,341,karen.evans@acmetechnologies.com,editor,starter,2024-12-03,2025-02-20,True
1042,16,paul.davis@elevategroup.com,viewer,professional,2024-06-09,2025-02-15,True
1043,681,nate.foster@elevatesolutions.com,editor,professional,2024-06-05,2025-02-21,True
1044,802,nate.baker@atlascorp.com,admin,free,2024-10-17,2025-01-09,False
1045,831,jack.lopez@elevateholdings.com,editor,enterprise,2022-09-26,2025-02-01,True
1046,822,frank.ingram@pacifictechnologies.com,viewer,starter,2025-01-21,2025-02-28,False
1047,56,ivy.taylor@pinnacledigital.com,viewer,starter,2022-01-19,2022-12-20,False
1048,482,karen.hall@vanguardcorp.com,editor,starter,2024-04-19,2025-01-29,True
1049,967,carol.foster@zenithanalytics.com,viewer,starter,2024-12-29,2025-02-20,True
1050,425,carol.baker@zenithsoftware.com,editor,starter,2024-11-08,2025-01-31,True
1051,781,rosa.park@vanguarddynamics.com,viewer,enterprise,2023-01-08,2025-02-22,True
1052,861,hank.baker@nexusplatforms.com,admin,free,2022-11-17,2023-02-06,False
1053,969,uma.garcia@apexlabs.com,viewer,professional,2024-11-01,2025-02-17,True
1054,879,alice.foster@summitdigital.com,editor,professional,2024-11-01,2025-02-01,True
1055,169,dan.lopez@novaanalytics.com,admin,professional,2022-05-31,2022-12-28,False
1056,44,karen.foster@synergyholdings.com,editor,free,2024-04-24,2025-02-15,True
1057,810,steve.park@velocityanalytics.com,viewer,professional,2023-09-30,2024-03-29,False
1058,363,dan.rivera@nexusdynamics.com,viewer,enterprise,2023-03-28,2025-02-04,True
1059,850,,viewer,professional,2024-11-06,2025-02-28,False
1060,801,carol.rivera@nexusanalytics.com,viewer,starter,2024-10-31,2025-02-17,True
1061,687,quinn.lopez@novasystems.com,viewer,professional,2023-12-12,2025-02-20,True
1062,171,steve.miller@elevateenterprises.com,viewer,starter,2025-01-20,2025-02-17,True
1063,75,,admin,starter,2024-08-02,2025-02-28,False
1064,176,dan.park@zenithplatforms.com,viewer,professional,2024-05-16,2025-01-30,True
1065,47,carol.kim@atlasnetworks.com,viewer,enterprise,2022-07-19,2025-02-22,True
1066,467,steve.evans@pacificinc.com,editor,professional,2024-12-07,2025-02-05,True
1067,145,xander.smith@novasoftware.com,editor,enterprise,2024-06-22,2025-02-16,True
1068,753,ivy.lopez@velocitytechnologies.com,viewer,starter,2024-05-04,2025-02-16,True
1069,10,wendy.clark@elevateanalytics.com,editor,enterprise,2023-02-22,2023-07-22,False
1070,792,leo.davis@novasolutions.com,editor,professional,2021-08-12,2025-02-01,True
1071,630,,viewer,starter,2021-08-22,2022-06-27,False
1072,836,steve.owens@summitanalytics.com,viewer,starter,2025-02-18,2025-02-08,True
1073,246,bob.smith@atlasinc.com,editor,starter,2024-07-13,2025-02-13,True
1074,62,karen.owens@velocitynetworks.com,viewer,enterprise,2023-01-10,2023-12-13,False
1075,520,mia.taylor@catalystsoftware.com,viewer,professional,2024-01-05,2025-02-12,True
1076,176,frank.foster@zenithplatforms.com,editor,professional,2024-11-21,2025-02-13,True
1077,616,alice.kim@catalystinc.com,editor,starter,2024-06-07,2025-02-21,True
1078,535,paul.ingram@quantumpartners.com,editor,starter,2024-10-24,2025-02-24,True
1079,570,jack.davis@novapartners.com,viewer,enterprise,2025-01-08,2025-02-15,True
1080,494,rosa.lopez@zenithlabs.com,viewer,starter,2023-10-22,2025-02-20,True
1081,622,jack.jones@novaenterprises.com,editor,starter,2024-11-14,2025-02-14,True
1082,258,carol.park@elevatedigital.com,viewer,starter,2023-08-14,2023-09-16,False
1083,275,tina.evans@acmepartners.com,viewer,professional,2024-08-31,2025-02-26,True
1084,988,vince.baker@apexenterprises.com,editor,starter,2024-03-06,2025-02-14,True
1085,389,hank.smith@acmenetworks.com,editor,starter,2024-08-31,2025-02-08,True
1086,79,eve.evans@apexsoftware.com,viewer,professional,2024-02-02,2025-02-24,True
1087,957,nate.quinn@quantumplatforms.com,viewer,professional,2024-12-23,2025-02-04,True
1088,564,bob.park@atlassoftware.com,editor,enterprise,2025-01-16,2025-02-04,True
1089,263,olivia.taylor@pinnaclepartners.com,editor,professional,2025-01-28,2025-01-29,True
1090,931,carol.taylor@atlasanalytics.com,editor,free,2024-12-01,2025-02-02,True
1091,34,alice.kim@novanetworks.com,editor,starter,2024-12-09,2025-02-03,True
1092,530,dan.baker@horizontechnologies.com,viewer,free,2023-05-18,2023-05-28,False
1093,418,tina.quinn@zenithnetworks.com,admin,starter,2024-11-16,2025-02-13,True
1094,538,bob.garcia@fusionsolutions.com,editor,enterprise,2024-02-29,2025-02-23,True
1095,938,dan.taylor@globaldynamics.com,editor,professional,2023-08-04,2025-02-18,True
1096,238,steve.smith@velocityholdings.com,viewer,professional,2024-12-02,2025-01-29,True
1097,403,grace.jones@elevatenetworks.com,viewer,starter,2024-04-28,2025-02-12,True
1098,562,eve.nguyen@zenithpartners.com,viewer,enterprise,2024-11-29,2025-02-28,False
1099,544,bob.lopez@pinnacleservices.com,viewer,starter,2023-06-07,2025-02-22,True
1100,837,hank.kim@pinnaclesystems.com,admin,professional,2024-11-12,2025-02-19,True
1101,311,xander.quinn@quantumplatforms.com,viewer,free,2023-07-02,2024-06-21,False
1102,548,steve.taylor@vanguardtechnologies.com,viewer,professional,2025-01-20,2025-02-28,False
1103,349,eve.smith@elevateholdings.com,viewer,free,2024-03-29,2025-02-21,True
1104,800,nate.quinn@globalsystems.com,admin,starter,2024-12-11,2025-02-06,True
1105,264,nate.jones@apexdigital.com,viewer,starter,2024-01-12,2025-02-14,True
1106,717,vince.lopez@nexusinc.com,editor,enterprise,2025-01-22,2025-02-28,True
1107,832,grace.adams@optimadigital.com,editor,starter,2023-02-07,2025-02-13,True
1108,408,paul.taylor@vertexsystems.com,editor,starter,2023-08-22,2025-02-23,True
1109,385,quinn.miller@quantumdigital.com,viewer,free,2023-04-15,2025-02-17,True
1110,872,alice.davis@summitholdings.com,viewer,professional,2025-01-07,2025-02-09,True
1111,994,leo.foster@fusionanalytics.com,admin,professional,2024-11-09,2025-02-24,True
1112,569,wendy.baker@novacorp.com,admin,starter,2022-05-31,2023-04-08,False
1113,582,leo.ingram@summitsoftware.com,viewer,professional,2022-01-06,2022-10-19,False
1114,858,leo.baker@atlasenterprises.com,editor,free,2025-02-25,2025-02-15,True
1115,371,xander.jones@quantuminc.com,admin,starter,2025-02-16,2025-02-05,True
1116,581,jack.owens@quantumenterprises.com,viewer,enterprise,2024-11-21,2025-02-09,True
1117,814,carol.davis@elevatesoftware.com,viewer,professional,2023-07-03,2025-02-05,True
1118,809,quinn.jones@synergysystems.com,viewer,professional,2022-02-06,2022-02-23,False
1119,830,wendy.jones@pacificenterprises.com,admin,professional,2024-09-17,2025-02-28,True
1120,666,eve.quinn@fusionnetworks.com,viewer,enterprise,2024-06-29,2025-02-16,True
1121,427,,viewer,starter,2021-01-15,2021-09-27,False
1122,11,eve.nguyen@pinnaclecorp.com,viewer,professional,2023-06-04,2025-02-28,True
1123,692,uma.adams@optimaplatforms.com,admin,free,2024-09-28,2025-02-18,False
1124,189,uma.quinn@synergynetworks.com,editor,professional,2025-01-21,2025-02-02,True
1125,996,mia.davis@quantumenterprises.com,admin,starter,2025-01-04,2025-02-07,True
1126,208,leo.miller@fusiondigital.com,viewer,free,2022-09-14,2022-11-19,False
1127,585,steve.foster@pacificgroup.com,editor,starter,2023-01-05,2023-11-19,False
1128,523,carol.owens@atlasplatforms.com,editor,starter,2025-02-16,2025-02-10,True
1129,619,dan.foster@pacificnetworks.com,viewer,starter,2021-06-07,2025-02-26,True
1130,150,eve.taylor@nexusservices.com,editor,enterprise,2024-10-17,2025-02-20,True
1131,867,rosa.hall@velocitygroup.com,viewer,professional,2023-08-23,2025-02-13,True
1132,617,steve.garcia@zenithenterprises.com,editor,starter,2022-12-16,2025-02-18,True
1133,822,mia.garcia@pacifictechnologies.com,viewer,starter,2025-02-19,2025-02-13,True
1134,443,leo.ingram@elevatetechnologies.com,viewer,free,2024-12-17,2025-02-06,True
1135,592,nate.owens@elevatepartners.com,viewer,enterprise,2023-10-13,2025-02-13,True
1136,434,jack.baker@summitsolutions.com,viewer,professional,2024-07-10,2025-02-26,True
1137,199,olivia.foster@quantumgroup.com,editor,enterprise,2023-12-31,2025-02-02,True
1138,67,vince.jones@nexusplatforms.com,viewer,free,2024-10-14,2025-02-01,True
1139,345,vince.garcia@zenithpartners.com,admin,professional,2024-09-07,2024-10-05,False
1140,421,karen.clark@pinnacledigital.com,editor,professional,2025-02-02,2025-01-30,True
1141,353,hank.jones@summittechnologies.com,viewer,professional,2025-01-22,2025-02-19,True
1142,906,olivia.jones@vertexenterprises.com,viewer,enterprise,2023-03-13,2025-02-13,True
1143,486,alice.baker@summitnetworks.com,editor,professional,2025-01-01,2025-02-28,False
1144,798,dan.clark@synergysolutions.com,editor,enterprise,2024-12-16,2025-02-24,True
1145,623,,viewer,starter,2024-11-18,2025-02-19,True
1146,722,hank.clark@horizonnetworks.com,viewer,enterprise,2024-05-31,2025-02-23,True
1147,636,uma.clark@apextechnologies.com,viewer,enterprise,2024-12-22,2025-02-19,True
1148,614,,admin,enterprise,2024-12-05,2025-02-28,False
1149,214,rosa.miller@summitdigital.com,editor,starter,2024-08-22,2025-02-19,True
1150,988,leo.adams@apexenterprises.com,editor,starter,2025-02-22,2025-02-28,False
1151,676,paul.rivera@pinnaclepartners.com,editor,enterprise,2022-07-28,2022-10-11,False
1152,790,vince.owens@summitsolutions.com,editor,enterprise,2023-05-12,2025-01-30,True
1153,686,quinn.jones@horizontechnologies.com,viewer,professional,2023-06-27,2025-01-31,True
1154,307,paul.lopez@summitsoftware.com,viewer,starter,2024-10-27,2025-01-31,True
1155,191,grace.davis@globalenterprises.com,editor,starter,2024-09-08,2025-02-22,True
1156,589,tina.owens@vertexsystems.com,admin,starter,2024-12-10,2025-02-28,False
1157,242,uma.taylor@atlasdynamics.com,viewer,professional,2025-02-18,2025-02-22,True
1158,190,tina.garcia@zenithpartners.com,editor,enterprise,2025-02-08,2025-02-14,True
1159,682,frank.foster@acmepartners.com,admin,professional,2023-12-14,2025-02-19,True
1160,622,grace.evans@novaenterprises.com,viewer,starter,2025-02-18,2025-02-25,True
1161,590,frank.davis@novaservices.com,viewer,starter,2024-07-21,2025-02-01,True
1162,583,uma.taylor@nexusdynamics.com,admin,enterprise,2023-02-22,2025-02-27,True
1163,592,steve.davis@elevatepartners.com,admin,enterprise,2022-03-05,2025-02-12,True
1164,44,dan.quinn@synergyholdings.com,editor,free,2023-02-11,2025-02-11,True
1165,267,frank.clark@catalystinc.com,admin,professional,2021-05-15,2025-02-26,True
1166,223,xander.park@apexanalytics.com,admin,starter,2025-02-12,2025-02-04,True
1167,52,mia.taylor@vertexanalytics.com,editor,starter,2023-08-23,2025-02-03,True
1168,372,dan.park@novaenterprises.com,viewer,professional,2020-11-22,2025-01-31,True
1169,724,jack.kim@fusioninc.com,admin,free,2023-12-05,2025-02-16,True
1170,779,alice.park@catalystanalytics.com,admin,enterprise,2022-11-18,2025-02-21,True
1171,286,olivia.hall@nexussystems.com,editor,enterprise,2023-10-08,2025-01-29,True
1172,71,tina.evans@apexsolutions.com,editor,professional,2024-02-01,2025-02-02,True
1173,884,carol.lopez@globalpartners.com,viewer,professional,2024-08-12,2025-02-16,True
1174,294,dan.evans@acmeplatforms.com,viewer,professional,2024-08-23,2025-02-07,False
1175,887,karen.kim@summitcorp.com,viewer,free,2025-02-20,2025-02-27,True
1176,410,vince.baker@pacificdynamics.com,viewer,professional,2020-12-18,2025-02-19,True
1177,31,karen.smith@synergyplatforms.com,viewer,free,2024-02-08,2025-02-28,True
1178,174,hank.owens@pinnaclesoftware.com,editor,starter,2024-09-29,2025-02-07,True
1179,718,mia.quinn@optimainc.com,admin,free,2025-01-23,2025-01-31,True
1180,676,ivy.jones@pinnaclepartners.com,editor,enterprise,2024-07-05,2025-02-09,True
1181,876,carol.adams@nexusanalytics.com,viewer,free,2023-12-21,2024-09-07,False
1182,312,uma.nguyen@globalanalytics.com,admin,enterprise,2024-09-18,2025-02-27,True
1183,853,uma.quinn@zenithdynamics.com,editor,professional,2024-09-03,2025-02-03,True
1184,957,uma.baker@quantumplatforms.com,editor,professional,2023-12-11,2025-02-13,True
1185,425,dan.clark@zenithsoftware.com,viewer,starter,2024-05-21,2025-02-17,True
1186,747,ivy.park@elevateservices.com,viewer,enterprise,2024-12-02,2025-02-20,True
1187,685,bob.adams@synergysystems.com,viewer,enterprise,2025-01-18,2025-02-28,False
1188,198,paul.taylor@optimaenterprises.com,editor,starter,2020-11-16,2021-01-23,False
1189,479,rosa.clark@summitenterprises.com,viewer,free,2023-08-16,2023-10-18,False
1190,711,ivy.park@vanguardnetworks.com,editor,starter,2023-11-07,2024-01-24,False
1191,242,dan.jones@atlasdynamics.com,viewer,professional,2025-02-06,2025-02-07,True
1192,129,xander.taylor@globalnetworks.com,editor,free,2021-12-12,2025-02-09,True
1193,246,quinn.lopez@atlasinc.com,viewer,starter,2024-06-13,2025-02-08,True
1194,947,paul.nguyen@fusioninc.com,editor,starter,2024-11-29,2025-02-06,True
1195,819,eve.garcia@apexplatforms.com,editor,free,2025-02-03,2025-02-05,True
1196,871,jack.evans@quantumgroup.com,editor,free,2020-09-12,2021-03-14,False
1197,338,alice.adams@horizonsoftware.com,admin,enterprise,2023-08-15,2025-02-14,True
1198,451,leo.kim@synergylabs.com,admin,enterprise,2024-09-08,2025-02-05,True
1199,800,alice.park@globalsystems.com,editor,starter,2024-06-09,2024-12-19,False
1200,993,ivy.hall@horizonholdings.com,viewer,professional,2024-11-07,2025-02-19,True
1201,834,karen.hall@elevateanalytics.com,viewer,starter,2024-02-07,2025-02-24,True
1202,169,eve.quinn@novaanalytics.com,viewer,professional,2023-03-20,2024-01-15,False
1203,384,karen.baker@horizondigital.com,admin,starter,2024-06-14,2025-02-28,False
1204,388,steve.jones@summitservices.com,viewer,free,2025-01-05,2025-02-21,True
1205,536,grace.park@pinnaclesolutions.com,editor,professional,2023-04-23,2025-02-22,True
1206,293,nate.baker@velocitysystems.com,editor,professional,2024-10-24,2025-02-28,False
1207,753,vince.evans@velocitytechnologies.com,viewer,starter,2024-01-27,2024-05-21,False
1208,552,frank.davis@fusiontechnologies.com,viewer,starter,2022-08-31,2025-02-15,True
1209,213,paul.taylor@atlasdigital.com,viewer,starter,2023-03-04,2025-02-08,True
1210,800,,viewer,starter,2024-08-23,2025-02-11,True
1211,444,frank.jones@catalystanalytics.com,editor,free,2020-09-24,2025-02-03,True
1212,443,grace.miller@elevatetechnologies.com,viewer,free,2025-01-21,2025-02-28,False
1213,363,jack.clark@nexusdynamics.com,editor,enterprise,2022-05-23,2025-02-26,True
1214,813,carol.lopez@pinnaclegroup.com,viewer,starter,2024-04-16,2025-02-05,True
1215,226,hank.lopez@pacificdynamics.com,editor,enterprise,2024-06-29,2025-02-09,True
1216,384,uma.jones@horizondigital.com,editor,starter,2024-07-21,2025-01-18,False
1217,538,uma.smith@fusionsolutions.com,admin,enterprise,2024-08-12,2025-02-03,True
1218,283,leo.rivera@elevateinc.com,viewer,professional,2024-12-11,2025-02-16,True
1219,337,uma.kim@apexlabs.com,viewer,free,2024-05-13,2025-02-05,True
1220,685,dan.clark@synergysystems.com,viewer,enterprise,2024-12-29,2025-02-28,False
1221,97,frank.hall@catalystanalytics.com,viewer,enterprise,2022-05-23,2025-02-06,True
1222,44,olivia.foster@synergyholdings.com,viewer,free,2022-01-11,2025-02-16,True
1223,258,eve.jones@elevatedigital.com,editor,starter,2023-08-20,2025-02-27,True
1224,560,leo.miller@summitcorp.com,admin,starter,2024-10-11,2025-02-28,True
1225,558,frank.evans@apexdynamics.com,admin,free,2021-09-28,2025-02-08,True
1226,287,vince.ingram@horizonlabs.com,editor,starter,2021-02-28,2025-02-18,True
1227,831,wendy.smith@elevateholdings.com,editor,enterprise,2024-07-18,2025-02-04,True
1228,853,jack.smith@zenithdynamics.com,editor,professional,2024-11-23,2025-02-26,True
1229,136,mia.smith@atlasservices.com,editor,starter,2024-05-13,2025-02-11,True
1230,309,bob.ingram@vertexenterprises.com,editor,professional,2024-11-06,2025-02-26,True
1231,599,wendy.rivera@nexussolutions.com,viewer,enterprise,2024-07-30,2024-12-05,False
1232,28,xander.davis@zenithsolutions.com,viewer,starter,2024-11-17,2025-02-07,True
1233,732,carol.smith@vanguardholdings.com,admin,free,2024-06-02,2024-07-20,False
1234,586,grace.park@catalystservices.com,viewer,enterprise,2025-01-06,2025-02-07,True
1235,258,nate.taylor@elevatedigital.com,viewer,starter,2024-09-22,2025-02-26,True
1236,798,eve.quinn@synergysolutions.com,editor,enterprise,2024-07-25,2025-02-26,False
1237,732,karen.park@vanguardholdings.com,viewer,free,2024-06-09,2025-02-10,True
1238,303,leo.foster@pacificsoftware.com,editor,free,2022-04-25,2025-02-12,True
1239,922,olivia.nguyen@acmecorp.com,viewer,professional,2023-07-21,2025-02-17,True
1240,97,uma.owens@catalystanalytics.com,editor,enterprise,2022-04-19,2025-02-04,True
1241,365,leo.taylor@velocitynetworks.com,editor,free,2024-12-31,2025-02-28,False
1242,869,jack.nguyen@apexgroup.com,viewer,professional,2024-04-18,2025-02-06,True
1243,150,dan.davis@nexusservices.com,viewer,enterprise,2023-10-16,2025-02-16,True
1244,994,rosa.adams@fusionanalytics.com,editor,professional,2025-02-16,2025-02-28,False
1245,40,grace.nguyen@apexnetworks.com,viewer,starter,2025-02-25,2025-02-15,True
1246,661,wendy.evans@velocitysystems.com,admin,professional,2022-09-10,2025-02-22,True
1247,481,quinn.smith@zenithgroup.com,admin,starter,2024-05-01,2024-09-18,False
1248,210,wendy.owens@apexplatforms.com,admin,professional,2022-11-28,2025-02-13,True
1249,962,tina.jones@vertexdigital.com,viewer,starter,2024-07-09,2025-02-28,True
1250,503,ivy.miller@fusionplatforms.com,viewer,starter,2024-03-13,2024-07-18,False
1251,583,rosa.owens@nexusdynamics.com,viewer,enterprise,2022-09-24,2022-10-30,False
1252,683,frank.smith@optimatechnologies.com,editor,starter,2024-07-04,2025-02-21,True
1253,593,karen.ingram@synergytechnologies.com,editor,enterprise,2024-12-10,2025-02-02,True
1254,995,uma.garcia@acmecorp.com,editor,free,2023-11-26,2025-02-07,True
1255,960,nate.kim@catalystlabs.com,editor,enterprise,2024-06-10,2025-02-02,True
1256,634,dan.jones@novapartners.com,viewer,professional,2022-02-09,2025-02-12,True
1257,641,hank.foster@velocityservices.com,viewer,free,2024-09-02,2024-12-28,False
1258,220,mia.jones@apexanalytics.com,viewer,professional,2023-05-18,2025-02-21,True
1259,115,steve.owens@pinnaclepartners.com,viewer,professional,2024-09-17,2025-02-02,True
1260,323,quinn.hall@elevatesoftware.com,viewer,enterprise,2025-01-19,2025-02-21,True
1261,762,alice.garcia@pinnacleenterprises.com,viewer,enterprise,2024-10-17,2024-12-06,False
1262,609,rosa.adams@atlassoftware.com,editor,enterprise,2023-11-10,2025-02-10,True
1263,57,eve.clark@acmetechnologies.com,viewer,enterprise,2022-11-14,2025-02-14,True
1264,782,vince.evans@pacificplatforms.com,viewer,starter,2024-12-04,2025-02-16,True
1265,735,eve.smith@novalabs.com,editor,free,2025-01-17,2025-02-09,True
1266,684,olivia.foster@globalsystems.com,editor,enterprise,2024-11-29,2025-02-17,True
1267,259,steve.miller@globalpartners.com,viewer,professional,2024-06-24,2025-02-28,False
1268,450,wendy.taylor@elevateservices.com,viewer,professional,2021-11-01,2025-02-20,True
1269,649,steve.hall@elevatepartners.com,admin,professional,2023-12-20,2024-04-26,False
1270,807,vince.nguyen@pinnaclesoftware.com,admin,starter,2024-08-24,2025-02-10,True
1271,582,eve.park@summitsoftware.com,admin,professional,2024-07-24,2025-02-06,True
1272,677,paul.park@vanguardholdings.com,viewer,free,2022-03-09,2025-02-08,True
1273,764,olivia.nguyen@globalinc.com,admin,enterprise,2025-01-26,2025-02-26,True
1274,81,vince.miller@velocitydynamics.com,viewer,free,2023-11-04,2024-09-09,False
1275,11,quinn.kim@pinnaclecorp.com,editor,professional,2020-08-09,2025-02-02,True
1276,183,tina.jones@nexusinc.com,viewer,starter,2024-09-25,2025-02-18,True
1277,895,jack.lopez@synergyservices.com,admin,enterprise,2023-04-01,2023-05-16,False
1278,708,jack.nguyen@atlasholdings.com,viewer,starter,2024-12-28,2025-02-28,False
1279,40,karen.evans@apexnetworks.com,admin,starter,2024-10-01,2025-02-21,True
1280,54,dan.quinn@acmeholdings.com,admin,starter,2022-11-30,2025-02-14,True
1281,311,eve.jones@quantumplatforms.com,editor,free,2023-08-29,2025-02-14,True
1282,328,tina.foster@catalystholdings.com,viewer,starter,2024-10-05,2025-02-10,True
1283,569,rosa.davis@novacorp.com,admin,starter,2024-02-19,2025-02-17,True
1284,930,grace.baker@optimacorp.com,editor,free,2022-11-22,2023-03-05,False
1285,837,jack.taylor@pinnaclesystems.com,editor,professional,2025-02-23,2025-02-06,True
1286,916,olivia.park@synergyinc.com,admin,enterprise,2023-01-12,2025-02-17,True
1287,189,rosa.miller@synergynetworks.com,admin,professional,2025-02-10,2025-02-28,False
1288,370,wendy.quinn@zenithnetworks.com,editor,starter,2023-01-03,2025-02-23,True
1289,262,steve.owens@velocitynetworks.com,viewer,free,2022-02-09,2025-02-04,True
1290,650,olivia.clark@summitanalytics.com,viewer,enterprise,2023-12-18,2025-02-12,True
1291,95,xander.clark@optimainc.com,viewer,enterprise,2024-09-02,2025-02-12,True
1292,346,olivia.smith@apexinc.com,viewer,starter,2021-08-10,2025-02-01,True
1293,238,bob.ingram@velocityholdings.com,admin,professional,2024-11-07,2025-02-04,True
1294,124,nate.baker@optimatechnologies.com,editor,free,2022-09-15,2025-02-15,True
1295,26,olivia.davis@apextechnologies.com,viewer,enterprise,2025-01-01,2025-02-02,True
1296,457,olivia.owens@velocitynetworks.com,editor,free,2024-12-16,2025-02-27,True
1297,41,alice.davis@novatechnologies.com,editor,enterprise,2024-10-29,2025-02-01,True
1298,612,vince.ingram@globalcorp.com,viewer,starter,2022-11-19,2023-05-22,False
1299,404,karen.park@horizoncorp.com,editor,starter,2024-09-08,2025-02-22,True
1300,543,rosa.lopez@globallabs.com,viewer,starter,2022-03-12,2022-07-24,False
1301,694,paul.owens@velocitynetworks.com,admin,professional,2023-02-08,2025-02-01,True
1302,768,karen.clark@pacificlabs.com,editor,enterprise,2022-04-08,2023-03-16,False
1303,810,frank.taylor@velocityanalytics.com,viewer,professional,2023-08-01,2025-02-04,True
1304,642,olivia.quinn@optimapartners.com,editor,professional,2025-02-02,2025-02-28,False
1305,180,quinn.taylor@zenithcorp.com,editor,free,2023-03-20,2025-01-29,True
1306,735,vince.park@novalabs.com,viewer,free,2024-11-20,2025-02-12,True
1307,565,karen.quinn@horizonholdings.com,editor,starter,2024-03-26,2025-02-10,True
1308,561,mia.smith@velocitydynamics.com,admin,free,2024-11-29,2025-02-01,True
1309,669,eve.clark@elevatesystems.com,editor,starter,2024-12-07,2025-02-06,True
1310,504,mia.nguyen@catalystinc.com,admin,free,2023-08-04,2025-02-09,True
1311,495,quinn.garcia@summitplatforms.com,viewer,professional,2024-08-08,2025-02-17,True
1312,821,carol.miller@catalystenterprises.com,viewer,starter,2024-06-29,2024-07-09,False
1313,162,jack.foster@atlasenterprises.com,editor,enterprise,2024-01-03,2025-01-30,True
1314,569,grace.miller@novacorp.com,viewer,starter,2021-06-03,2025-02-25,True
1315,205,alice.garcia@nexussolutions.com,editor,professional,2022-06-14,2025-02-07,True
1316,690,carol.nguyen@apexplatforms.com,viewer,enterprise,2023-09-28,2025-02-04,True
1317,384,frank.jones@horizondigital.com,editor,starter,2024-06-10,2025-02-26,False
1318,533,bob.ingram@atlaslabs.com,editor,starter,2023-05-30,2025-01-30,True
1319,644,leo.quinn@elevategroup.com,viewer,free,2022-07-10,2025-02-20,True
1320,802,leo.nguyen@atlascorp.com,viewer,free,2024-06-22,2025-02-07,False
1321,899,uma.clark@globalsolutions.com,editor,starter,2025-02-19,2025-02-12,True
1322,134,alice.clark@quantumdigital.com,editor,free,2022-05-14,2023-03-17,False
1323,468,olivia.lopez@optimanetworks.com,viewer,free,2022-11-09,2023-10-09,False
1324,810,xander.baker@velocityanalytics.com,editor,professional,2024-07-18,2025-02-12,True
1325,924,bob.hall@nexusgroup.com,viewer,starter,2025-01-27,2025-02-23,True
1326,106,bob.owens@synergytechnologies.com,editor,professional,2021-08-25,2025-02-12,True
1327,462,nate.miller@optimagroup.com,viewer,professional,2022-12-19,2025-02-01,True
1328,518,bob.lopez@zenithtechnologies.com,admin,starter,2024-09-20,2025-02-08,True
1329,318,hank.miller@pacificgroup.com,editor,enterprise,2024-04-10,2025-02-11,True
1330,691,dan.rivera@globalsystems.com,viewer,enterprise,2024-04-28,2025-02-07,True
1331,594,olivia.clark@pinnacleservices.com,editor,starter,2024-02-24,2025-02-08,True
1332,305,,admin,starter,2022-09-19,2025-01-31,True
1333,617,frank.jones@zenithenterprises.com,editor,starter,2023-07-18,2024-07-01,False
1334,331,xander.adams@summittechnologies.com,editor,professional,2025-02-09,2025-02-28,False
1335,309,olivia.clark@vertexenterprises.com,admin,professional,2025-01-18,2025-02-08,True
1336,753,leo.garcia@velocitytechnologies.com,admin,starter,2022-02-05,2022-11-10,False
1337,743,olivia.rivera@atlasdigital.com,viewer,free,2023-10-03,2023-10-27,False
1338,789,karen.clark@acmeinc.com,viewer,free,2024-08-26,2025-02-14,True
1339,860,quinn.quinn@pacificpartners.com,editor,enterprise,2024-12-16,2025-02-09,True
1340,667,uma.foster@vertexanalytics.com,editor,starter,2024-08-29,2025-02-08,True
1341,721,steve.miller@novacorp.com,editor,starter,2024-03-07,2025-02-13,True
1342,323,vince.garcia@elevatesoftware.com,viewer,enterprise,2024-08-12,2025-02-25,True
1343,238,vince.owens@velocityholdings.com,viewer,professional,2025-02-08,2025-01-29,True
1344,434,rosa.clark@summitsolutions.com,admin,professional,2024-06-10,2025-02-11,True
1345,993,bob.lopez@horizonholdings.com,admin,professional,2024-11-10,2025-01-03,False
1346,138,steve.davis@catalystgroup.com,admin,professional,2024-04-09,2024-06-10,False
1347,512,hank.nguyen@synergysoftware.com,viewer,starter,2023-10-28,2025-02-06,True
1348,845,frank.jones@pacificdynamics.com,admin,enterprise,2020-11-10,2025-02-17,True
1349,130,olivia.evans@vertexenterprises.com,viewer,starter,2023-09-03,2025-02-20,True
1350,497,mia.hall@vanguardtechnologies.com,viewer,starter,2023-05-09,2023-05-20,False
1351,305,karen.baker@zenithanalytics.com,admin,starter,2023-05-19,2023-06-03,False
1352,337,vince.smith@apexlabs.com,viewer,free,2025-02-03,2025-02-18,True
1353,156,quinn.foster@pacificplatforms.com,admin,starter,2024-06-20,2025-02-25,True
1354,897,paul.lopez@catalystpartners.com,editor,enterprise,2025-01-04,2025-02-05,True
1355,164,mia.baker@pinnaclesolutions.com,admin,professional,2024-10-04,2025-02-10,True
1356,729,uma.jones@elevatecorp.com,viewer,starter,2024-07-11,2025-02-17,True
1357,587,uma.kim@novasoftware.com,viewer,free,2023-12-16,2025-02-18,True
1358,406,leo.nguyen@vertexcorp.com,admin,professional,2025-02-10,2025-02-10,True
1359,977,dan.evans@fusiondigital.com,viewer,enterprise,2024-11-11,2025-02-18,True
1360,502,steve.lopez@velocityinc.com,viewer,professional,2022-09-25,2025-02-04,True
1361,134,wendy.smith@quantumdigital.com,editor,free,2022-01-28,2022-06-03,False
1362,283,alice.nguyen@elevateinc.com,admin,professional,2025-01-29,2025-02-02,True
1363,802,dan.clark@atlascorp.com,admin,free,2024-06-24,2024-08-19,False
1364,491,carol.garcia@horizonpartners.com,admin,starter,2023-08-17,2025-02-28,True
1365,981,rosa.lopez@novanetworks.com,viewer,professional,2023-05-26,2025-02-08,True
1366,712,alice.baker@synergysolutions.com,viewer,professional,2025-01-20,2025-02-14,True
1367,739,ivy.garcia@velocitycorp.com,viewer,professional,2024-12-20,2025-02-02,True
1368,41,quinn.foster@novatechnologies.com,admin,enterprise,2023-03-04,2025-02-21,True
1369,252,carol.hall@velocityplatforms.com,editor,starter,2024-08-31,2025-02-28,False
1370,19,tina.adams@zenithplatforms.com,editor,free,2023-08-18,2025-02-08,True
1371,994,tina.owens@fusionanalytics.com,viewer,professional,2025-01-06,2025-02-12,True
1372,157,bob.miller@horizonsoftware.com,viewer,starter,2024-08-27,2025-02-28,True
1373,111,grace.nguyen@novaholdings.com,admin,professional,2024-12-14,2025-01-31,True
1374,569,quinn.jones@novacorp.com,admin,starter,2022-12-31,2025-02-19,True
1375,848,tina.evans@horizonnetworks.com,editor,starter,2024-12-18,2025-02-28,True
1376,547,mia.adams@optimaplatforms.com,viewer,free,2024-04-25,2025-02-11,True
1377,859,rosa.quinn@pacificanalytics.com,viewer,enterprise,2021-01-15,2025-02-22,True
1378,12,dan.miller@elevateinc.com,viewer,professional,2024-12-22,2025-02-09,True
1379,796,alice.owens@summitdynamics.com,editor,free,2024-06-28,2025-02-10,True
1380,414,hank.clark@quantumsystems.com,viewer,free,2024-07-19,2025-02-12,True
1381,680,hank.evans@zenithenterprises.com,viewer,starter,2024-06-28,2025-02-05,True
1382,780,paul.rivera@fusiondynamics.com,viewer,enterprise,2024-01-11,2025-02-13,True
1383,281,paul.kim@elevateenterprises.com,viewer,enterprise,2022-10-14,2023-01-08,False
1384,915,paul.nguyen@pacificholdings.com,viewer,professional,2025-02-06,2025-02-16,True
1385,252,tina.smith@velocityplatforms.com,editor,starter,2024-04-23,2025-02-11,True
1386,482,dan.nguyen@vanguardcorp.com,viewer,starter,2024-06-13,2025-02-10,True
1387,585,xander.hall@pacificgroup.com,viewer,starter,2023-12-12,2025-01-30,True
1388,827,nate.owens@atlasnetworks.com,viewer,starter,2024-11-13,2025-02-03,True
1389,409,grace.hall@acmeplatforms.com,viewer,starter,2024-03-07,2025-02-10,True
1390,260,karen.park@apexdigital.com,editor,free,2021-04-21,2025-01-31,True
1391,317,hank.adams@globallabs.com,admin,enterprise,2022-03-30,2025-02-24,True
1392,341,olivia.clark@acmetechnologies.com,viewer,starter,2024-09-19,2024-11-19,False
1393,436,quinn.adams@catalystcorp.com,admin,enterprise,2023-11-20,2025-02-05,True
1394,737,hank.hall@atlassolutions.com,admin,free,2025-02-01,2025-02-10,False
1395,199,uma.nguyen@quantumgroup.com,admin,enterprise,2024-11-25,2025-02-28,False
1396,493,jack.smith@summitanalytics.com,admin,professional,2023-12-09,2025-01-29,True
1397,491,karen.taylor@horizonpartners.com,viewer,starter,2024-04-12,2025-02-21,True
1398,319,rosa.park@apexplatforms.com,viewer,enterprise,2024-09-19,2025-02-26,True
1399,434,olivia.miller@summitsolutions.com,viewer,professional,2024-09-30,2025-02-23,True
1400,750,rosa.baker@vanguardsystems.com,editor,starter,2024-08-04,2025-02-21,True
1401,704,uma.garcia@vanguardtechnologies.com,viewer,professional,2021-05-10,2025-02-17,True
1402,268,xander.hall@optimaplatforms.com,viewer,professional,2024-05-22,2025-02-04,True
1403,514,tina.quinn@fusiondynamics.com,editor,professional,2024-11-21,2025-02-08,True
1404,248,mia.miller@fusioncorp.com,viewer,starter,2024-05-16,2025-02-17,True
1405,856,wendy.adams@vertexdigital.com,editor,enterprise,2023-06-11,2025-02-16,True
1406,687,leo.garcia@novasystems.com,editor,professional,2024-11-16,2025-02-28,False
1407,552,dan.taylor@fusiontechnologies.com,editor,starter,2024-07-08,2025-02-11,True
1408,765,rosa.ingram@velocitypartners.com,viewer,starter,2024-07-31,2025-01-30,True
1409,994,quinn.park@fusionanalytics.com,editor,professional,2025-02-18,2025-02-24,True
1410,829,dan.garcia@nexusholdings.com,viewer,professional,2024-10-30,2025-02-11,True
1411,782,,admin,starter,2025-02-04,2025-02-27,True
1412,74,xander.jones@acmeholdings.com,viewer,professional,2024-11-06,2025-02-13,True
1413,22,dan.ingram@fusionholdings.com,viewer,starter,2025-02-01,2025-02-28,False
1414,642,olivia.evans@optimapartners.com,viewer,professional,2024-11-19,2025-02-28,False
1415,708,vince.lopez@atlasholdings.com,editor,starter,2024-12-28,2025-02-18,True
1416,967,steve.taylor@zenithanalytics.com,editor,starter,2025-02-24,2025-02-07,True
1417,750,dan.ingram@vanguardsystems.com,viewer,starter,2024-01-27,2025-02-02,True
1418,347,frank.foster@fusioninc.com,viewer,professional,2022-06-27,2025-02-14,True
1419,415,hank.jones@pinnacleservices.com,viewer,starter,2024-04-25,2024-11-25,False
1420,724,vince.miller@fusioninc.com,editor,free,2024-01-16,2025-02-22,True
1421,102,nate.foster@summitservices.com,editor,professional,2024-06-04,2025-02-26,True
1422,611,alice.miller@horizonservices.com,editor,professional,2023-01-26,2023-10-14,False
1423,844,quinn.davis@novasystems.com,admin,enterprise,2023-06-23,2025-02-08,True
1424,833,frank.garcia@pinnaclesoftware.com,viewer,professional,2025-01-08,2025-02-02,True
1425,646,ivy.park@nexuslabs.com,editor,professional,2024-04-03,2025-02-17,True
1426,403,ivy.taylor@elevatenetworks.com,viewer,starter,2020-11-26,2021-03-03,False
1427,783,wendy.owens@acmesoftware.com,editor,starter,2023-05-01,2023-07-16,False
1428,468,karen.smith@optimanetworks.com,editor,free,2024-11-30,2025-02-15,True
1429,629,carol.smith@elevateanalytics.com,editor,starter,2025-02-14,2025-02-28,False
1430,931,olivia.park@atlasanalytics.com,editor,free,2025-02-27,2025-02-28,False
1431,593,nate.miller@synergytechnologies.com,editor,enterprise,2025-02-01,2025-02-27,True
1432,501,rosa.nguyen@acmedigital.com,editor,free,2022-05-15,2025-02-15,True
1433,429,rosa.lopez@catalystsoftware.com,viewer,starter,2024-08-28,2025-02-16,True
1434,144,paul.taylor@pinnacleenterprises.com,viewer,professional,2024-12-28,2025-02-28,False
1435,904,leo.foster@optimaholdings.com,viewer,enterprise,2022-01-25,2025-01-31,True
1436,879,dan.garcia@summitdigital.com,viewer,professional,2024-12-09,2025-01-31,True
1437,229,steve.park@fusionplatforms.com,editor,professional,2024-09-21,2025-02-05,True
1438,573,dan.foster@quantumnetworks.com,viewer,professional,2024-11-27,2025-02-17,True
1439,890,dan.foster@zenithsoftware.com,editor,starter,2025-01-24,2025-02-26,True
1440,917,olivia.evans@fusionnetworks.com,viewer,professional,2024-09-23,2025-02-10,True
1441,285,nate.hall@pacificholdings.com,viewer,professional,2023-10-03,2025-02-05,True
1442,355,wendy.baker@pacificdigital.com,viewer,enterprise,2023-03-05,2023-05-12,False
1443,112,mia.hall@nexusservices.com,viewer,starter,2022-07-10,2025-02-24,True
1444,877,alice.garcia@novainc.com,admin,starter,2024-12-21,2025-02-28,False
1445,93,uma.taylor@novanetworks.com,viewer,free,2023-07-18,2024-01-16,False
1446,424,olivia.baker@optimatechnologies.com,editor,free,2024-09-11,2025-02-13,True
1447,18,olivia.taylor@elevategroup.com,editor,starter,2024-07-23,2025-02-28,True
1448,888,eve.davis@zenithdigital.com,viewer,starter,2023-05-28,2023-11-13,False
1449,710,grace.ingram@pinnaclelabs.com,editor,starter,2024-12-07,2025-02-28,False
1450,765,uma.evans@velocitypartners.com,editor,starter,2025-01-18,2025-02-28,False
1451,864,uma.lopez@acmegroup.com,viewer,starter,2022-07-25,2025-02-23,True
1452,887,ivy.baker@summitcorp.com,editor,free,2024-12-31,2025-02-26,True
1453,454,grace.davis@acmelabs.com,admin,starter,2021-04-22,2021-08-19,False
1454,283,nate.ingram@elevateinc.com,viewer,professional,2025-02-11,2025-02-17,True
1455,336,rosa.kim@globalcorp.com,editor,professional,2023-10-06,2025-02-22,True
1456,182,quinn.miller@zenithplatforms.com,viewer,professional,2024-07-19,2025-01-29,True
1457,403,carol.evans@elevatenetworks.com,editor,starter,2021-10-11,2025-02-07,True
1458,99,hank.rivera@horizondynamics.com,editor,professional,2021-12-22,2025-02-06,True
1459,246,steve.taylor@atlasinc.com,viewer,starter,2024-06-09,2025-02-13,True
1460,461,uma.ingram@globalnetworks.com,admin,professional,2024-04-15,2025-02-16,True
1461,589,grace.quinn@vertexsystems.com,viewer,starter,2024-07-20,2025-02-16,True
1462,176,dan.miller@zenithplatforms.com,viewer,professional,2024-11-29,2025-02-17,True
1463,703,quinn.smith@optimaplatforms.com,viewer,enterprise,2021-02-13,2025-02-20,True
1464,408,ivy.park@vertexsystems.com,viewer,starter,2023-12-22,2025-02-13,True
1465,550,alice.garcia@pacificsolutions.com,editor,professional,2022-03-01,2025-02-08,True
1466,666,frank.baker@fusionnetworks.com,editor,enterprise,2024-12-05,2025-02-28,True
1467,666,olivia.quinn@fusionnetworks.com,editor,enterprise,2023-12-22,2025-02-24,True
1468,506,uma.clark@catalystholdings.com,viewer,free,2024-12-28,2025-02-28,True
1469,906,ivy.kim@vertexenterprises.com,admin,enterprise,2022-04-28,2025-02-12,True
1470,208,steve.park@fusiondigital.com,admin,free,2023-02-16,2025-02-12,True
1471,125,vince.ingram@acmecorp.com,viewer,professional,2024-11-29,2025-02-03,True
1472,68,bob.ingram@pinnacleanalytics.com,viewer,professional,2024-09-07,2025-02-28,False
1473,400,carol.hall@vanguardinc.com,viewer,professional,2024-03-07,2025-02-09,True
1474,884,wendy.nguyen@globalpartners.com,viewer,professional,2024-01-22,2025-02-13,True
1475,978,leo.kim@horizoncorp.com,viewer,enterprise,2023-07-23,2025-02-06,True
1476,900,paul.baker@horizonnetworks.com,viewer,starter,2023-01-13,2025-02-18,True
1477,340,eve.jones@synergypartners.com,editor,starter,2023-04-05,2025-01-30,True
1478,423,vince.quinn@zenithinc.com,admin,professional,2025-01-16,2025-02-15,True
1479,828,quinn.clark@apexlabs.com,editor,starter,2025-02-17,2025-01-29,True
1480,967,nate.ingram@zenithanalytics.com,admin,starter,2024-12-29,2025-02-27,True
1481,43,frank.nguyen@summitinc.com,viewer,professional,2024-02-01,2025-02-16,True
1482,73,uma.adams@novagroup.com,viewer,free,2024-10-05,2025-02-28,False
1483,177,jack.davis@pinnacletechnologies.com,viewer,starter,2024-08-19,2025-02-09,True
1484,603,grace.kim@velocitycorp.com,editor,professional,2024-12-03,2025-02-05,True
1485,308,jack.garcia@vanguardsolutions.com,editor,enterprise,2024-12-31,2025-02-09,True
1486,469,grace.ingram@optimanetworks.com,editor,enterprise,2024-05-30,2025-02-27,True
1487,630,nate.quinn@quantumholdings.com,viewer,starter,2023-12-27,2024-01-25,False
1488,926,steve.davis@summitdigital.com,viewer,free,2021-10-02,2025-02-24,True
1489,522,rosa.quinn@nexusplatforms.com,editor,professional,2024-01-13,2025-02-20,True
1490,587,tina.rivera@novasoftware.com,viewer,free,2024-02-07,2025-02-25,True
1491,322,dan.foster@nexustechnologies.com,editor,free,2021-06-08,2025-01-31,True
1492,469,paul.miller@optimanetworks.com,editor,enterprise,2024-08-23,2025-02-23,True
1493,535,leo.taylor@quantumpartners.com,admin,starter,2024-10-08,2024-12-22,False
1494,660,alice.owens@vertexlabs.com,viewer,starter,2023-04-11,2025-02-28,True
1495,90,steve.ingram@vertexdynamics.com,admin,professional,2025-01-10,2025-02-28,False
1496,406,bob.taylor@vertexcorp.com,editor,professional,2025-01-16,2025-02-25,True
1497,693,vince.park@apexcorp.com,viewer,enterprise,2025-01-20,2025-02-28,False
1498,720,carol.taylor@pinnaclenetworks.com,admin,enterprise,2024-10-01,2025-02-28,True
1499,221,ivy.park@elevatepartners.com,viewer,professional,2022-03-25,2025-02-11,True
1500,665,quinn.lopez@zenithtechnologies.com,editor,professional,2022-05-09,2022-08-11,False
1501,16,rosa.miller@elevategroup.com,viewer,professional,2024-08-15,2025-02-19,True
1502,295,karen.adams@synergyenterprises.com,viewer,starter,2022-12-09,2025-02-11,True
1503,564,karen.quinn@atlassoftware.com,viewer,enterprise,2024-12-11,2025-02-25,True
1504,785,olivia.clark@velocityholdings.com,viewer,professional,2024-01-08,2025-02-10,True
1505,334,bob.baker@quantumgroup.com,viewer,free,2025-02-21,2025-02-20,True
1506,411,ivy.jones@elevateenterprises.com,viewer,enterprise,2025-01-08,2025-02-08,True
1507,948,steve.hall@quantumcorp.com,editor,starter,2025-01-03,2025-02-28,False
1508,928,hank.owens@quantuminc.com,viewer,starter,2024-03-20,2024-04-02,False
1509,99,alice.park@horizondynamics.com,admin,professional,2024-02-03,2025-01-30,True
1510,951,alice.smith@catalystanalytics.com,viewer,enterprise,2024-11-19,2025-02-28,False
1511,598,grace.taylor@velocitygroup.com,admin,enterprise,2025-02-24,2025-01-30,True
1512,956,rosa.smith@velocitysolutions.com,viewer,professional,2023-05-24,2025-02-08,True
1513,726,olivia.miller@apexcorp.com,editor,starter,2023-06-23,2025-02-11,True
1514,897,eve.park@catalystpartners.com,editor,enterprise,2024-03-02,2025-02-22,True
1515,62,vince.jones@velocitynetworks.com,editor,enterprise,2020-09-28,2025-02-18,True
1516,534,olivia.owens@catalysttechnologies.com,viewer,free,2024-02-26,2025-01-29,True
1517,908,uma.lopez@atlasanalytics.com,editor,enterprise,2022-07-05,2025-02-28,True
1518,903,paul.evans@apexnetworks.com,viewer,enterprise,2024-01-05,2024-02-05,False
1519,99,mia.lopez@horizondynamics.com,editor,professional,2023-09-05,2025-02-11,True
1520,384,hank.ingram@horizondigital.com,viewer,starter,2024-07-16,2025-02-19,True
1521,223,xander.evans@apexanalytics.com,viewer,starter,2024-08-21,2025-02-17,True
1522,778,karen.davis@pacificanalytics.com,editor,free,2023-11-02,2024-10-13,False
1523,170,carol.adams@novaanalytics.com,viewer,enterprise,2024-04-30,2024-11-02,False
1524,511,tina.nguyen@pacificdigital.com,editor,enterprise,2025-01-02,2025-02-27,True
1525,122,eve.nguyen@elevatedynamics.com,editor,professional,2022-05-16,2025-02-14,True
1526,192,olivia.nguyen@summitinc.com,editor,free,2024-12-15,2025-02-02,True
1527,894,quinn.kim@quantumsoftware.com,viewer,starter,2023-01-21,2023-04-18,False
1528,242,frank.garcia@atlasdynamics.com,editor,professional,2025-01-15,2025-02-12,True
1529,576,uma.kim@pinnacleplatforms.com,viewer,professional,2024-03-11,2025-02-17,True
1530,103,olivia.kim@quantumtechnologies.com,admin,starter,2024-09-26,2025-02-16,True
1531,162,karen.ingram@atlasenterprises.com,admin,enterprise,2024-06-14,2025-02-16,True
1532,580,rosa.kim@catalystpartners.com,viewer,professional,2022-11-23,2025-02-24,True
1533,69,jack.park@nexusdynamics.com,viewer,professional,2023-05-04,2025-02-09,True
1534,546,rosa.nguyen@zenithpartners.com,editor,professional,2025-02-25,2025-02-11,True
1535,100,leo.davis@globalgroup.com,editor,professional,2024-10-29,2025-02-05,True
1536,637,xander.kim@novasolutions.com,admin,starter,2024-03-07,2024-10-04,False
1537,2,jack.miller@pacificsoftware.com,admin,enterprise,2023-03-27,2025-02-01,True
1538,216,dan.smith@optimalabs.com,viewer,starter,2024-02-21,2025-02-23,True
1539,279,wendy.garcia@velocityholdings.com,admin,professional,2025-02-05,2025-02-14,True
1540,864,nate.owens@acmegroup.com,viewer,starter,2023-05-03,2023-08-09,False
1541,130,mia.clark@vertexenterprises.com,editor,starter,2023-11-08,2025-02-10,True
1542,726,frank.davis@apexcorp.com,admin,starter,2023-08-27,2024-06-06,False
1543,145,grace.lopez@novasoftware.com,editor,enterprise,2025-01-08,2025-02-28,True
1544,393,,viewer,enterprise,2023-06-16,2023-09-08,False
1545,400,quinn.lopez@vanguardinc.com,viewer,professional,2022-10-02,2025-02-24,True
1546,153,hank.kim@nexustechnologies.com,admin,free,2023-01-03,2025-01-29,True
1547,77,olivia.quinn@apexgroup.com,editor,starter,2024-05-06,2025-02-26,True
1548,647,carol.lopez@quantumcorp.com,admin,enterprise,2024-05-30,2025-01-29,True
1549,472,steve.clark@pacificnetworks.com,viewer,starter,2024-07-03,2025-02-09,True
1550,406,,editor,professional,2024-09-20,2025-02-04,True
1551,900,olivia.taylor@horizonnetworks.com,viewer,starter,2024-01-24,2024-08-21,False
1552,709,jack.kim@pinnaclegroup.com,viewer,enterprise,2024-02-11,2025-02-16,True
1553,123,carol.lopez@quantumtechnologies.com,editor,professional,2023-06-08,2025-02-14,True
1554,340,alice.park@synergypartners.com,viewer,starter,2023-09-20,2025-02-25,True
1555,28,carol.rivera@zenithsolutions.com,viewer,starter,2025-02-14,2025-02-05,True
1556,55,rosa.park@elevateenterprises.com,viewer,enterprise,2023-10-29,2025-02-05,True
1557,503,karen.ingram@fusionplatforms.com,admin,starter,2024-03-01,2025-02-22,True
1558,295,rosa.kim@synergyenterprises.com,viewer,starter,2024-08-20,2025-02-28,False
1559,320,tina.smith@acmenetworks.com,editor,free,2023-06-04,2025-02-19,True
1560,991,xander.baker@horizoninc.com,editor,starter,2025-02-16,2025-02-28,False
1561,913,eve.smith@velocitynetworks.com,editor,professional,2023-12-01,2024-04-29,False
1562,467,quinn.rivera@pacificinc.com,editor,professional,2024-11-22,2025-02-28,False
1563,251,eve.jones@quantumdynamics.com,viewer,professional,2024-01-28,2024-11-25,False
1564,979,ivy.adams@synergycorp.com,admin,starter,2023-10-11,2023-10-30,False
1565,610,mia.garcia@velocitysystems.com,viewer,professional,2021-12-29,2025-02-01,True
1566,942,mia.smith@vanguardcorp.com,editor,starter,2024-01-07,2025-02-12,True
1567,38,leo.rivera@catalystlabs.com,viewer,starter,2024-08-13,2025-02-28,True
1568,82,eve.garcia@apexnetworks.com,editor,professional,2023-10-08,2025-02-08,True
1569,875,paul.hall@synergyanalytics.com,viewer,professional,2020-12-21,2025-02-17,True
1570,29,tina.baker@zenithservices.com,editor,professional,2024-02-08,2025-02-27,True
1571,715,wendy.clark@globalenterprises.com,admin,starter,2025-01-15,2025-02-06,True
1572,158,mia.davis@apexcorp.com,admin,professional,2024-03-17,2024-10-09,False
1573,479,,admin,free,2024-06-20,2025-02-15,True
1574,291,karen.hall@vertextechnologies.com,editor,professional,2024-08-28,2025-02-07,True
1575,128,wendy.miller@catalystdigital.com,viewer,professional,2023-08-05,2025-02-04,True
1576,928,carol.jones@quantuminc.com,viewer,starter,2024-05-19,2025-02-23,True
1577,656,paul.owens@globalplatforms.com,admin,starter,2021-01-24,2025-02-18,True
1578,531,bob.park@vertexholdings.com,viewer,free,2025-02-07,2025-02-09,True
1579,208,nate.davis@fusiondigital.com,editor,free,2022-05-18,2025-02-08,True
1580,154,tina.garcia@nexusanalytics.com,viewer,professional,2024-06-14,2025-02-12,True
1581,780,carol.garcia@fusiondynamics.com,viewer,enterprise,2024-11-30,2025-02-08,True
1582,488,leo.hall@pinnacleinc.com,editor,free,2024-10-17,2025-02-27,True
1583,88,paul.owens@fusionholdings.com,viewer,free,2023-10-08,2025-02-25,True
1584,601,wendy.lopez@vanguarddynamics.com,viewer,professional,2024-11-05,2024-12-12,False
1585,88,bob.kim@fusionholdings.com,editor,free,2024-05-25,2025-02-15,True
1586,482,olivia.quinn@vanguardcorp.com,viewer,starter,2024-10-05,2025-02-04,True
1587,692,,admin,free,2023-09-29,2025-02-20,True
1588,491,frank.smith@horizonpartners.com,editor,starter,2025-01-30,2025-02-27,True
1589,60,,viewer,professional,2024-08-25,2025-02-02,True
1590,23,rosa.quinn@fusionsolutions.com,admin,enterprise,2023-12-16,2025-02-07,True
1591,388,rosa.quinn@summitservices.com,editor,free,2025-02-20,2025-02-19,True
1592,247,jack.kim@acmeenterprises.com,viewer,professional,2025-01-31,2025-01-29,True
1593,799,bob.evans@globalnetworks.com,viewer,free,2024-01-09,2024-06-24,False
1594,55,vince.hall@elevateenterprises.com,viewer,enterprise,2025-02-06,2025-01-30,True
1595,356,nate.rivera@vanguardcorp.com,editor,free,2022-06-29,2025-02-15,True
1596,650,jack.lopez@summitanalytics.com,viewer,enterprise,2023-07-19,2025-01-31,True
1597,973,wendy.park@zenithlabs.com,admin,free,2022-08-05,2025-02-28,True
1598,156,alice.lopez@pacificplatforms.com,viewer,starter,2025-02-01,2025-02-23,True
1599,329,wendy.foster@optimanetworks.com,viewer,professional,2024-04-10,2024-12-04,False
1600,227,karen.smith@vanguardtechnologies.com,editor,professional,2023-06-13,2025-02-17,True
1601,776,dan.lopez@quantumdynamics.com,viewer,professional,2025-02-10,2025-02-28,False
1602,374,bob.taylor@optimanetworks.com,viewer,enterprise,2024-04-26,2025-02-23,True
1603,265,xander.evans@horizongroup.com,viewer,professional,2024-11-06,2025-02-21,True
1604,57,jack.baker@acmetechnologies.com,editor,enterprise,2021-10-30,2025-02-06,True
1605,279,grace.smith@velocityholdings.com,editor,professional,2022-08-28,2025-02-26,True
1606,69,bob.clark@nexusdynamics.com,viewer,professional,2024-02-23,2025-02-19,True
1607,138,karen.park@catalystgroup.com,viewer,professional,2025-02-06,2025-02-09,True
1608,383,bob.quinn@novatechnologies.com,editor,starter,2024-12-09,2025-02-09,True
1609,524,leo.owens@vertexinc.com,viewer,professional,2024-04-21,2025-01-31,True
1610,544,rosa.lopez@pinnacleservices.com,admin,starter,2024-06-30,2025-01-30,True
1611,164,paul.kim@pinnaclesolutions.com,admin,professional,2024-09-01,2025-02-04,True
1612,219,alice.nguyen@fusionplatforms.com,editor,free,2023-12-15,2025-02-01,True
1613,208,dan.taylor@fusiondigital.com,viewer,free,2024-03-21,2024-07-22,False
1614,75,ivy.ingram@optimasolutions.com,editor,starter,2024-10-04,2025-02-07,True
1615,184,frank.adams@vanguarddynamics.com,editor,enterprise,2024-05-27,2024-11-23,False
1616,425,karen.hall@zenithsoftware.com,viewer,starter,2024-04-23,2025-01-29,True
1617,461,tina.davis@globalnetworks.com,admin,professional,2023-08-04,2024-05-01,False
1618,429,carol.nguyen@catalystsoftware.com,editor,starter,2024-09-16,2025-02-09,True
1619,728,paul.evans@globaldigital.com,editor,professional,2024-01-06,2024-12-13,False
1620,217,,editor,professional,2023-04-12,2025-02-16,True
1621,63,olivia.foster@vertexcorp.com,admin,professional,2024-08-10,2025-02-26,True
1622,447,ivy.nguyen@atlasanalytics.com,viewer,professional,2022-09-23,2025-02-09,True
1623,775,eve.smith@zenithservices.com,admin,professional,2024-11-26,2025-02-26,True
1624,490,wendy.smith@nexussolutions.com,admin,enterprise,2020-12-16,2021-03-07,False
1625,335,mia.ingram@vanguardanalytics.com,viewer,free,2024-12-20,2025-02-09,True
1626,670,jack.adams@quantumdynamics.com,viewer,professional,2024-12-22,2025-02-28,False
1627,320,,admin,free,2021-06-03,2025-02-27,True
1628,606,alice.kim@zenithholdings.com,viewer,professional,2024-04-09,2025-02-02,True
1629,962,karen.evans@vertexdigital.com,viewer,starter,2024-08-03,2025-02-27,True
1630,641,,admin,free,2023-02-20,2025-02-21,True
1631,726,eve.taylor@apexcorp.com,admin,starter,2025-01-05,2025-02-21,True
1632,626,frank.evans@synergyinc.com,viewer,professional,2023-09-08,2025-02-08,True
1633,170,bob.park@novaanalytics.com,admin,enterprise,2024-05-02,2025-02-10,True
1634,162,alice.davis@atlasenterprises.com,admin,enterprise,2024-09-15,2025-02-22,True
1635,159,leo.lopez@horizonanalytics.com,admin,free,2024-09-05,2025-02-28,False
1636,692,jack.miller@optimaplatforms.com,viewer,free,2024-03-14,2025-02-26,True
1637,874,eve.miller@atlasgroup.com,admin,free,2024-10-10,2025-02-28,False
1638,93,xander.kim@novanetworks.com,admin,free,2023-07-02,2023-09-01,False
1639,761,jack.miller@zenithenterprises.com,viewer,professional,2025-02-12,2025-02-04,True
1640,257,steve.miller@zenithtechnologies.com,admin,enterprise,2021-08-18,2025-02-08,True
1641,703,quinn.rivera@optimaplatforms.com,editor,enterprise,2022-05-04,2025-02-25,True
1642,663,uma.lopez@pinnacleinc.com,admin,starter,2024-07-09,2025-01-29,True
1643,781,,admin,enterprise,2022-12-11,2025-02-25,True
1644,225,xander.evans@synergynetworks.com,viewer,enterprise,2022-10-28,2025-02-10,True
1645,313,xander.taylor@zenithcorp.com,editor,enterprise,2025-02-16,2025-02-28,False
1646,647,alice.lopez@quantumcorp.com,admin,enterprise,2024-03-30,2025-02-28,True
1647,284,eve.kim@globaldynamics.com,viewer,starter,2024-01-25,2025-02-24,True
1648,314,leo.baker@pinnacleinc.com,editor,enterprise,2024-08-19,2025-02-20,True
1649,541,carol.foster@synergylabs.com,editor,professional,2024-11-16,2025-02-05,True
1650,264,alice.kim@apexdigital.com,editor,starter,2024-09-21,2025-02-04,True
1651,662,quinn.rivera@optimaservices.com,viewer,professional,2024-05-13,2024-10-17,False
1652,264,quinn.nguyen@apexdigital.com,viewer,starter,2024-11-10,2025-02-07,True
1653,665,hank.ingram@zenithtechnologies.com,viewer,professional,2023-09-17,2025-02-17,True
1654,748,dan.owens@apexgroup.com,viewer,free,2024-10-02,2025-02-12,True
1655,459,tina.kim@vanguarddynamics.com,viewer,enterprise,2022-06-10,2025-02-10,True
1656,972,eve.evans@nexussystems.com,viewer,starter,2023-08-19,2024-07-12,False
1657,403,nate.adams@elevatenetworks.com,viewer,starter,2020-05-15,2025-02-17,True
1658,720,rosa.quinn@pinnaclenetworks.com,viewer,enterprise,2023-10-18,2025-02-22,True
1659,965,alice.jones@zenithsystems.com,viewer,free,2024-03-24,2025-02-16,True
1660,20,karen.baker@optimadigital.com,editor,starter,2024-09-15,2024-10-17,False
1661,935,leo.garcia@synergyholdings.com,editor,starter,2024-07-24,2024-11-07,False
1662,168,tina.jones@globallabs.com,viewer,professional,2022-12-31,2025-01-29,True
1663,79,rosa.owens@apexsoftware.com,viewer,professional,2021-09-05,2025-02-28,True
1664,753,leo.taylor@velocitytechnologies.com,viewer,starter,2024-05-26,2025-02-10,True
1665,208,steve.rivera@fusiondigital.com,viewer,free,2021-12-22,2025-02-11,True
1666,318,karen.rivera@pacificgroup.com,admin,enterprise,2024-02-21,2025-01-20,False
1667,473,quinn.kim@pinnacleenterprises.com,editor,starter,2025-02-27,2025-02-03,True
1668,566,ivy.rivera@acmetechnologies.com,viewer,professional,2024-11-19,2025-02-03,True
1669,277,hank.lopez@atlasenterprises.com,editor,enterprise,2024-03-09,2025-02-08,True
1670,783,leo.ingram@acmesoftware.com,viewer,starter,2023-12-18,2025-02-22,True
1671,54,leo.rivera@acmeholdings.com,viewer,starter,2022-04-06,2025-01-31,True
1672,362,jack.adams@optimacorp.com,viewer,professional,2024-10-16,2025-02-28,False
1673,333,uma.nguyen@vertexpartners.com,editor,professional,2025-01-11,2025-02-16,True
1674,940,mia.owens@vertexinc.com,viewer,enterprise,2023-04-13,2023-12-04,False
1675,928,dan.lopez@quantuminc.com,editor,starter,2024-07-10,2025-02-23,True
1676,884,vince.taylor@globalpartners.com,editor,professional,2022-07-31,2025-02-26,True
1677,139,quinn.rivera@optimapartners.com,viewer,free,2025-02-19,2025-02-28,True
1678,224,nate.clark@velocityinc.com,editor,professional,2024-08-12,2025-02-17,True
1679,872,xander.evans@summitholdings.com,viewer,professional,2025-01-12,2025-02-28,True
1680,950,dan.hall@fusionenterprises.com,viewer,enterprise,2023-04-02,2024-01-21,False
1681,339,vince.quinn@zenithgroup.com,editor,free,2023-05-04,2025-02-28,True
1682,562,mia.foster@zenithpartners.com,viewer,enterprise,2025-02-19,2025-02-24,True
1683,722,karen.foster@horizonnetworks.com,admin,enterprise,2024-05-11,2025-02-14,True
1684,629,uma.rivera@elevateanalytics.com,editor,starter,2023-08-08,2025-02-08,True
1685,789,xander.jones@acmeinc.com,viewer,free,2024-03-26,2024-07-26,False
1686,679,frank.smith@novasystems.com,editor,starter,2023-06-30,2025-02-25,True
1687,535,vince.clark@quantumpartners.com,editor,starter,2025-02-05,2025-02-14,True
1688,326,frank.foster@pinnaclecorp.com,editor,professional,2024-02-07,2025-02-01,True
1689,362,hank.garcia@optimacorp.com,viewer,professional,2023-12-04,2025-02-10,True
1690,164,leo.kim@pinnaclesolutions.com,editor,professional,2024-11-11,2025-02-15,True
1691,83,carol.nguyen@globaldynamics.com,viewer,professional,2024-12-22,2025-02-04,True
1692,449,hank.miller@summitgroup.com,editor,starter,2024-07-17,2025-02-28,False
1693,554,nate.park@atlassolutions.com,editor,professional,2024-07-28,2025-02-07,True
1694,848,vince.miller@horizonnetworks.com,viewer,starter,2024-12-10,2025-02-03,True
1695,314,xander.hall@pinnacleinc.com,editor,enterprise,2024-11-16,2025-02-28,False
1696,799,jack.jones@globalnetworks.com,viewer,free,2024-04-05,2025-02-28,False
1697,603,rosa.foster@velocitycorp.com,viewer,professional,2024-10-31,2025-02-28,False
1698,723,eve.baker@apexsoftware.com,viewer,professional,2022-03-25,2025-02-22,True
1699,629,vince.davis@elevateanalytics.com,editor,starter,2023-02-20,2025-02-04,True
1700,578,nate.hall@novanetworks.com,admin,free,2024-07-01,2025-02-08,True
1701,768,vince.owens@pacificlabs.com,viewer,enterprise,2020-11-06,2021-04-20,False
1702,265,nate.miller@horizongroup.com,admin,professional,2021-09-18,2025-02-17,True
1703,604,grace.evans@novaenterprises.com,viewer,professional,2024-09-01,2025-02-04,False
1704,666,olivia.foster@fusionnetworks.com,viewer,enterprise,2024-10-26,2025-02-06,True
1705,17,mia.clark@vanguardinc.com,viewer,starter,2024-06-28,2025-02-12,True
1706,397,mia.kim@elevateinc.com,viewer,enterprise,2024-08-26,2025-01-31,True
1707,849,leo.hall@synergynetworks.com,editor,professional,2024-06-02,2025-02-08,True
1708,743,steve.lopez@atlasdigital.com,editor,free,2023-10-26,2025-02-19,True
1709,667,xander.park@vertexanalytics.com,editor,starter,2024-11-20,2025-02-19,True
1710,858,nate.quinn@atlasenterprises.com,admin,free,2024-12-09,2025-02-13,True
1711,619,hank.evans@pacificnetworks.com,viewer,starter,2020-09-24,2021-06-06,False
1712,590,rosa.quinn@novaservices.com,viewer,starter,2024-04-29,2025-02-28,True
1713,786,dan.davis@catalystcorp.com,admin,professional,2023-12-06,2023-12-23,False
1714,350,rosa.garcia@summitdynamics.com,viewer,free,2024-11-23,2025-02-07,True
1715,341,quinn.taylor@acmetechnologies.com,editor,starter,2025-02-19,2025-02-28,False
1716,70,alice.adams@zenithenterprises.com,viewer,starter,2023-06-11,2025-02-28,True
1717,249,ivy.adams@apexsolutions.com,viewer,starter,2020-11-30,2025-02-11,True
1718,522,frank.davis@nexusplatforms.com,editor,professional,2024-09-09,2025-02-13,True
1719,387,karen.park@pacificsolutions.com,viewer,starter,2025-02-17,2025-02-15,True
1720,176,dan.nguyen@zenithplatforms.com,viewer,professional,2024-03-01,2025-02-24,True
1721,781,,admin,enterprise,2024-08-15,2025-02-10,True
1722,428,grace.park@fusionservices.com,editor,starter,2024-11-21,2025-02-11,True
1723,744,mia.taylor@synergysystems.com,admin,professional,2024-09-29,2025-02-17,True
1724,785,mia.smith@velocityholdings.com,viewer,professional,2024-05-06,2025-02-10,True
1725,333,xander.hall@vertexpartners.com,editor,professional,2024-10-21,2025-02-23,True
1726,326,steve.davis@pinnaclecorp.com,editor,professional,2023-12-20,2025-02-16,True
1727,433,eve.davis@pacificholdings.com,editor,starter,2023-09-12,2025-02-20,True
1728,791,rosa.evans@acmesolutions.com,editor,professional,2021-07-08,2021-11-02,False
1729,382,steve.taylor@elevateholdings.com,viewer,enterprise,2021-10-09,2025-02-21,True
1730,53,carol.smith@pacificsoftware.com,editor,professional,2025-02-17,2025-02-13,True
1731,682,xander.quinn@acmepartners.com,editor,professional,2024-05-08,2025-01-31,True
1732,671,dan.ingram@optimaholdings.com,editor,enterprise,2023-05-27,2025-02-03,True
1733,368,nate.rivera@horizoncorp.com,viewer,starter,2024-03-31,2025-02-15,True
1734,649,quinn.smith@elevatepartners.com,viewer,professional,2024-05-29,2025-01-31,True
1735,504,leo.foster@catalystinc.com,viewer,free,2023-03-14,2025-02-19,True
1736,147,eve.owens@apexsoftware.com,admin,starter,2024-08-29,2025-02-13,True
1737,365,vince.clark@velocitynetworks.com,viewer,free,2024-11-26,2025-02-01,False
1738,621,rosa.baker@nexusgroup.com,editor,professional,2025-02-07,2025-01-31,True
1739,62,quinn.hall@velocitynetworks.com,admin,enterprise,2024-04-06,2025-02-08,True
1740,414,uma.park@quantumsystems.com,viewer,free,2022-07-03,2025-02-02,True
1741,94,xander.miller@horizonsolutions.com,viewer,starter,2024-10-18,2025-02-28,False
1742,862,eve.nguyen@apexsystems.com,viewer,starter,2023-11-08,2025-02-02,True
1743,317,dan.taylor@globallabs.com,editor,enterprise,2024-08-26,2025-02-28,False
1744,190,rosa.hall@zenithpartners.com,editor,enterprise,2023-03-08,2023-12-18,False
1745,919,alice.adams@nexusholdings.com,viewer,professional,2024-12-04,2025-02-26,True
1746,620,hank.lopez@summitdynamics.com,viewer,professional,2024-06-30,2024-08-22,False
1747,957,uma.garcia@quantumplatforms.com,editor,professional,2024-11-24,2025-02-14,True
1748,217,olivia.owens@vanguardgroup.com,editor,professional,2023-08-03,2025-02-22,True
1749,843,karen.ingram@vanguardcorp.com,viewer,free,2024-08-08,2025-02-24,True
1750,290,wendy.evans@catalystlabs.com,editor,free,2024-10-06,2025-02-24,True
1751,631,rosa.smith@vanguardcorp.com,admin,starter,2024-04-02,2025-02-15,True
1752,23,rosa.smith@fusionsolutions.com,editor,enterprise,2024-06-04,2024-11-09,False
1753,301,alice.baker@atlaspartners.com,editor,starter,2024-11-14,2025-02-13,True
1754,349,olivia.jones@elevateholdings.com,admin,free,2023-09-19,2025-02-17,True
1755,967,dan.miller@zenithanalytics.com,viewer,starter,2025-01-14,2025-02-28,False
1756,975,quinn.smith@optimasystems.com,viewer,starter,2024-05-13,2025-02-27,True
1757,402,mia.adams@globaldynamics.com,viewer,professional,2025-02-16,2025-02-05,True
1758,874,carol.nguyen@atlasgroup.com,admin,free,2025-02-19,2025-02-05,True
1759,63,leo.kim@vertexcorp.com,viewer,professional,2024-11-24,2025-01-31,True
1760,152,carol.quinn@catalystlabs.com,viewer,enterprise,2024-04-03,2025-02-27,True
1761,752,carol.jones@nexuspartners.com,viewer,free,2024-04-23,2024-06-12,False
1762,386,rosa.foster@elevatelabs.com,viewer,free,2024-12-25,2025-01-29,True
1763,434,grace.miller@summitsolutions.com,viewer,professional,2025-02-22,2025-02-09,True
1764,599,karen.baker@nexussolutions.com,admin,enterprise,2023-04-04,2023-05-16,False
1765,421,wendy.baker@pinnacledigital.com,editor,professional,2024-12-25,2025-02-08,True
1766,86,nate.owens@velocityinc.com,viewer,starter,2025-02-24,2025-02-26,True
1767,793,olivia.quinn@zenithholdings.com,viewer,professional,2023-03-31,2025-02-12,True
1768,475,wendy.miller@novaplatforms.com,admin,starter,2024-04-06,2025-02-14,True
1769,106,nate.rivera@synergytechnologies.com,admin,professional,2024-08-10,2025-02-15,True
1770,638,alice.garcia@vanguardsolutions.com,viewer,enterprise,2023-12-09,2025-02-10,True
1771,686,olivia.garcia@horizontechnologies.com,editor,professional,2024-11-29,2025-02-28,True
1772,63,alice.nguyen@vertexcorp.com,viewer,professional,2024-06-05,2025-02-08,True
1773,759,frank.garcia@atlasdynamics.com,viewer,starter,2024-12-12,2025-02-02,True
1774,470,carol.smith@apextechnologies.com,viewer,free,2025-02-02,2025-02-26,True
1775,956,bob.rivera@velocitysolutions.com,viewer,professional,2024-11-05,2025-01-31,True
1776,43,leo.hall@summitinc.com,viewer,professional,2022-12-06,2025-01-29,True
1777,649,mia.clark@elevatepartners.com,viewer,professional,2025-01-26,2025-02-02,True
1778,828,xander.miller@apexlabs.com,admin,starter,2024-02-11,2025-02-06,True
1779,707,frank.garcia@vanguardtechnologies.com,editor,free,2023-03-07,2025-02-17,True
1780,743,wendy.owens@atlasdigital.com,viewer,free,2022-08-29,2022-10-03,False
1781,161,leo.miller@velocityservices.com,viewer,starter,2022-05-20,2025-02-03,True
1782,880,alice.kim@horizoninc.com,viewer,free,2023-05-20,2025-01-31,True
1783,96,vince.nguyen@optimaholdings.com,editor,free,2024-12-27,2025-02-09,True
1784,281,jack.evans@elevateenterprises.com,editor,enterprise,2024-07-20,2025-01-15,False
1785,763,mia.garcia@pinnacledynamics.com,admin,enterprise,2024-03-06,2025-02-16,True
1786,766,ivy.taylor@fusionsystems.com,viewer,professional,2024-06-11,2025-02-10,True
1787,572,,admin,starter,2022-11-25,2025-02-14,True
1788,276,tina.taylor@atlassolutions.com,viewer,professional,2023-01-31,2025-02-08,True
1789,937,karen.miller@elevatetechnologies.com,editor,professional,2024-07-10,2025-02-04,True
1790,305,ivy.foster@zenithanalytics.com,editor,starter,2022-05-14,2025-02-26,True
1791,353,carol.clark@summittechnologies.com,editor,professional,2024-07-02,2025-02-27,True
1792,323,nate.taylor@elevatesoftware.com,editor,enterprise,2020-07-21,2025-02-05,True
1793,282,mia.lopez@pinnaclesoftware.com,admin,starter,2021-03-07,2025-02-17,True
1794,545,,editor,starter,2024-02-22,2024-09-27,False
1795,70,wendy.foster@zenithenterprises.com,viewer,starter,2022-07-28,2022-12-30,False
1796,627,leo.ingram@pinnaclesoftware.com,editor,enterprise,2024-09-16,2025-02-14,True
1797,97,nate.evans@catalystanalytics.com,editor,enterprise,2022-03-23,2025-02-14,True
1798,341,dan.taylor@acmetechnologies.com,viewer,starter,2024-12-20,2025-02-27,True
1799,216,tina.owens@optimalabs.com,viewer,starter,2024-07-13,2025-02-28,False
1800,69,vince.evans@nexusdynamics.com,viewer,professional,2025-01-18,2025-02-23,True
1801,23,ivy.lopez@fusionsolutions.com,admin,enterprise,2024-08-18,2025-02-25,True
1802,34,rosa.smith@novanetworks.com,viewer,starter,2024-07-21,2025-02-21,True
1803,321,vince.jones@fusionnetworks.com,admin,free,2025-02-02,2025-02-04,True
1804,713,bob.nguyen@quantumgroup.com,admin,enterprise,2024-10-17,2025-02-26,True
1805,347,olivia.quinn@fusioninc.com,admin,professional,2024-03-15,2024-12-01,False
1806,538,steve.quinn@fusionsolutions.com,viewer,enterprise,2024-11-05,2025-02-03,True
1807,148,steve.hall@synergytechnologies.com,viewer,professional,2020-04-11,2025-02-14,True
1808,19,steve.lopez@zenithplatforms.com,viewer,free,2024-06-13,2025-02-12,True
1809,943,paul.hall@atlasgroup.com,admin,starter,2025-02-21,2025-02-03,True
1810,346,uma.clark@apexinc.com,editor,starter,2024-06-24,2025-02-06,True
1811,484,tina.park@fusionservices.com,editor,starter,2023-10-22,2025-02-02,True
1812,93,hank.garcia@novanetworks.com,viewer,free,2025-02-04,2025-02-28,False
1813,338,olivia.garcia@horizonsoftware.com,admin,enterprise,2024-11-04,2025-02-06,True
1814,236,leo.smith@velocityholdings.com,admin,professional,2022-05-14,2025-02-22,True
1815,984,wendy.foster@pacificdynamics.com,viewer,starter,2024-12-25,2025-02-18,True
1816,876,wendy.jones@nexusanalytics.com,viewer,free,2023-02-20,2025-02-26,True
1817,203,wendy.nguyen@quantumdynamics.com,admin,enterprise,2023-10-09,2025-02-01,True
1818,790,jack.baker@summitsolutions.com,editor,enterprise,2024-06-24,2025-02-14,True
1819,136,tina.park@atlasservices.com,admin,starter,2023-07-08,2025-02-18,True
1820,746,nate.davis@zenithinc.com,viewer,professional,2025-02-07,2025-01-29,True
1821,563,vince.rivera@novapartners.com,viewer,free,2024-09-26,2025-02-05,True
1822,715,dan.adams@globalenterprises.com,viewer,starter,2025-02-14,2025-02-21,True
1823,586,alice.owens@catalystservices.com,editor,enterprise,2024-12-14,2025-01-31,True
1824,969,leo.evans@apexlabs.com,viewer,professional,2024-03-29,2024-12-18,False
1825,424,leo.ingram@optimatechnologies.com,viewer,free,2024-09-15,2025-02-10,True
1826,136,wendy.foster@atlasservices.com,admin,starter,2023-10-22,2024-04-28,False
1827,608,karen.foster@horizoncorp.com,editor,professional,2021-09-27,2025-02-11,True
1828,647,paul.davis@quantumcorp.com,editor,enterprise,2024-04-27,2025-02-21,True
1829,278,uma.lopez@optimadynamics.com,viewer,starter,2023-08-29,2025-02-08,True
1830,587,ivy.jones@novasoftware.com,editor,free,2023-05-06,2025-02-26,True
1831,941,nate.garcia@vertexanalytics.com,admin,enterprise,2022-10-28,2023-06-22,False
1832,124,alice.rivera@optimatechnologies.com,admin,free,2024-09-25,2025-02-14,True
1833,616,paul.taylor@catalystinc.com,editor,starter,2024-05-25,2025-02-17,True
1834,643,rosa.lopez@quantumpartners.com,viewer,starter,2024-02-11,2024-03-07,False
1835,678,carol.garcia@novasystems.com,editor,enterprise,2022-05-05,2025-02-23,True
1836,764,frank.evans@globalinc.com,editor,enterprise,2025-01-30,2025-02-06,True
1837,678,hank.rivera@novasystems.com,admin,enterprise,2023-04-22,2025-02-27,True
1838,731,hank.park@acmeenterprises.com,viewer,starter,2023-07-16,2023-09-12,False
1839,992,leo.clark@nexussolutions.com,viewer,starter,2024-07-12,2025-02-27,True
1840,824,wendy.hall@synergyinc.com,editor,enterprise,2024-11-18,2025-02-28,False
1841,32,grace.adams@globalservices.com,viewer,professional,2022-03-02,2022-07-28,False
1842,282,nate.owens@pinnaclesoftware.com,admin,starter,2023-04-06,2025-02-03,True
1843,963,quinn.owens@quantumsystems.com,admin,starter,2024-03-03,2025-02-07,True
1844,459,xander.taylor@vanguarddynamics.com,admin,enterprise,2022-12-06,2025-02-26,True
1845,542,frank.foster@catalystplatforms.com,editor,enterprise,2024-10-26,2025-02-24,True
1846,294,eve.baker@acmeplatforms.com,editor,professional,2025-02-19,2025-02-23,True
1847,380,hank.kim@synergydigital.com,viewer,professional,2022-06-10,2025-01-29,True
1848,69,hank.hall@nexusdynamics.com,editor,professional,2024-11-12,2025-01-29,True
1849,519,quinn.taylor@quantumplatforms.com,editor,free,2024-08-22,2024-11-02,False
1850,59,hank.baker@atlaslabs.com,editor,free,2024-09-09,2025-02-28,False
1851,923,rosa.nguyen@apexplatforms.com,editor,professional,2024-10-28,2025-02-23,False
1852,708,karen.davis@atlasholdings.com,admin,starter,2025-01-17,2025-02-26,True
1853,802,paul.garcia@atlascorp.com,editor,free,2023-11-23,2024-03-16,False
1854,360,hank.hall@quantumcorp.com,admin,professional,2022-07-10,2025-02-21,True
1855,476,uma.jones@horizonservices.com,admin,professional,2021-10-15,2025-02-11,True
1856,141,karen.evans@catalystsoftware.com,editor,starter,2023-11-27,2025-02-15,True
1857,599,leo.owens@nexussolutions.com,editor,enterprise,2021-04-15,2025-02-08,True
1858,792,dan.park@novasolutions.com,editor,professional,2022-09-15,2023-02-06,False
1859,940,quinn.park@vertexinc.com,editor,enterprise,2021-12-17,2022-03-02,False
1860,517,quinn.park@nexussolutions.com,editor,professional,2024-09-08,2025-02-21,True
1861,490,karen.taylor@nexussolutions.com,viewer,enterprise,2021-10-16,2025-02-27,True
1862,440,tina.lopez@fusionsystems.com,admin,professional,2024-08-19,2025-02-06,True
1863,681,olivia.lopez@elevatesolutions.com,viewer,professional,2023-06-28,2025-02-07,True
1864,749,tina.lopez@globallabs.com,admin,starter,2021-07-04,2025-02-25,True
1865,804,xander.davis@quantumsoftware.com,admin,starter,2024-02-22,2025-02-15,True
1866,805,tina.hall@elevatepartners.com,viewer,enterprise,2024-08-03,2025-02-11,False
1867,297,quinn.miller@horizoncorp.com,viewer,professional,2024-11-10,2025-02-28,False
1868,380,olivia.rivera@synergydigital.com,editor,professional,2021-12-08,2022-10-27,False
1869,297,xander.smith@horizoncorp.com,viewer,professional,2024-12-17,2025-02-08,True
1870,143,rosa.ingram@velocitydynamics.com,editor,free,2023-06-03,2024-01-02,False
1871,503,wendy.smith@fusionplatforms.com,viewer,starter,2024-07-31,2025-02-11,True
1872,957,carol.davis@quantumplatforms.com,viewer,professional,2024-07-20,2025-02-23,True
1873,713,paul.ingram@quantumgroup.com,admin,enterprise,2022-04-15,2022-04-23,False
1874,796,nate.garcia@summitdynamics.com,viewer,free,2025-02-01,2025-02-28,False
1875,161,tina.quinn@velocityservices.com,admin,starter,2022-11-19,2025-01-30,True
1876,734,alice.miller@horizongroup.com,editor,free,2024-07-01,2025-02-13,True
1877,850,jack.jones@nexusdynamics.com,editor,professional,2024-08-10,2025-02-08,True
1878,997,mia.smith@apexsystems.com,viewer,free,2023-11-20,2025-02-20,True
1879,869,leo.owens@apexgroup.com,editor,professional,2024-04-27,2025-02-21,True
1880,47,uma.jones@atlasnetworks.com,editor,enterprise,2021-09-22,2025-02-03,True
1881,308,hank.jones@vanguardsolutions.com,admin,enterprise,2022-07-12,2022-10-09,False
1882,716,carol.davis@nexusnetworks.com,editor,professional,2025-02-09,2025-02-18,True
1883,646,eve.baker@nexuslabs.com,editor,professional,2022-01-28,2025-02-03,True
1884,750,,editor,starter,2024-01-18,2025-02-09,True
1885,73,uma.owens@novagroup.com,viewer,free,2023-03-23,2025-02-17,True
1886,686,paul.rivera@horizontechnologies.com,editor,professional,2024-02-25,2025-01-07,False
1887,593,eve.adams@synergytechnologies.com,viewer,enterprise,2024-12-28,2025-02-21,True
1888,462,steve.adams@optimagroup.com,editor,professional,2023-12-26,2025-02-01,True
1889,704,quinn.clark@vanguardtechnologies.com,editor,professional,2022-04-04,2022-10-31,False
1890,967,eve.owens@zenithanalytics.com,editor,starter,2025-01-20,2025-02-18,True
1891,520,olivia.park@catalystsoftware.com,editor,professional,2024-01-20,2025-01-30,True
1892,574,uma.baker@acmesolutions.com,admin,professional,2023-12-13,2025-02-04,True
1893,759,grace.rivera@atlasdynamics.com,viewer,starter,2025-01-14,2025-01-31,True
1894,153,xander.rivera@nexustechnologies.com,editor,free,2020-08-22,2025-01-31,True
1895,599,leo.garcia@nexussolutions.com,viewer,enterprise,2021-10-24,2025-02-27,True
1896,282,quinn.foster@pinnaclesoftware.com,admin,starter,2022-01-23,2025-02-19,True
1897,363,quinn.kim@nexusdynamics.com,viewer,enterprise,2022-11-05,2025-02-07,True
1898,495,alice.garcia@summitplatforms.com,viewer,professional,2025-01-05,2025-02-03,True
1899,62,tina.kim@velocitynetworks.com,viewer,enterprise,2023-10-29,2023-12-27,False
1900,841,ivy.lopez@pacificinc.com,viewer,professional,2023-08-11,2025-02-15,True
1901,959,leo.rivera@catalystinc.com,editor,starter,2022-08-10,2025-02-25,True
1902,389,alice.lopez@acmenetworks.com,viewer,starter,2024-12-28,2025-02-22,True
1903,757,carol.rivera@acmeanalytics.com,viewer,professional,2024-02-14,2024-05-07,False
1904,508,olivia.taylor@pinnacleinc.com,editor,starter,2022-01-29,2022-07-19,False
1905,145,rosa.evans@novasoftware.com,admin,enterprise,2024-10-13,2025-01-30,False
1906,413,bob.taylor@synergyholdings.com,viewer,professional,2024-03-18,2025-02-15,True
1907,458,xander.taylor@synergydynamics.com,admin,free,2024-10-14,2024-12-10,False
1908,188,mia.evans@summitpartners.com,admin,professional,2023-09-05,2024-05-13,False
1909,461,eve.smith@globalnetworks.com,editor,professional,2023-08-18,2025-02-05,True
1910,207,quinn.lopez@atlastechnologies.com,admin,starter,2024-05-11,2025-01-29,True
1911,67,grace.smith@nexusplatforms.com,admin,free,2024-01-31,2024-05-15,False
1912,312,nate.smith@globalanalytics.com,admin,enterprise,2024-09-22,2025-02-10,True
1913,352,grace.kim@globaldynamics.com,editor,enterprise,2024-08-28,2025-01-30,True
1914,923,paul.baker@apexplatforms.com,editor,professional,2023-11-08,2024-05-31,False
1915,25,dan.hall@zenithpartners.com,viewer,enterprise,2022-10-30,2022-11-24,False
1916,165,alice.evans@optimatechnologies.com,admin,professional,2021-01-04,2025-02-13,True
1917,948,wendy.foster@quantumcorp.com,viewer,starter,2025-01-09,2025-01-31,True
1918,577,rosa.lopez@vertexdynamics.com,editor,enterprise,2023-02-02,2023-10-26,False
1919,945,vince.nguyen@globalsystems.com,editor,enterprise,2023-10-24,2025-02-14,True
1920,65,frank.clark@optimasystems.com,editor,starter,2024-01-30,2025-02-25,True
1921,38,quinn.jones@catalystlabs.com,editor,starter,2024-12-04,2025-02-05,True
1922,48,rosa.quinn@catalystsoftware.com,viewer,free,2024-08-30,2024-09-19,False
1923,297,wendy.davis@horizoncorp.com,editor,professional,2024-12-09,2025-02-02,True
1924,362,,editor,professional,2024-03-18,2024-05-20,False
1925,857,frank.owens@quantumcorp.com,viewer,professional,2025-02-09,2025-02-28,True
1926,888,ivy.park@zenithdigital.com,viewer,starter,2024-04-08,2025-01-29,True
1927,128,dan.kim@catalystdigital.com,viewer,professional,2024-10-03,2025-02-26,True
1928,614,olivia.garcia@pinnacleplatforms.com,viewer,enterprise,2024-12-17,2025-02-28,False
1929,770,quinn.smith@synergytechnologies.com,viewer,professional,2022-06-10,2025-02-11,True
1930,326,eve.rivera@pinnaclecorp.com,editor,professional,2023-12-19,2025-02-22,True
1931,168,,editor,professional,2024-01-15,2024-07-11,False
1932,30,mia.ingram@catalystcorp.com,viewer,free,2023-03-02,2025-02-25,True
1933,154,tina.rivera@nexusanalytics.com,editor,professional,2024-05-07,2025-02-21,True
1934,233,frank.park@synergytechnologies.com,editor,free,2024-12-31,2025-02-20,True
1935,633,olivia.foster@optimaservices.com,editor,professional,2023-11-02,2025-02-21,True
1936,972,alice.jones@nexussystems.com,viewer,starter,2024-04-24,2025-02-15,True
1937,866,vince.nguyen@velocitydigital.com,admin,starter,2024-10-06,2025-02-21,False
1938,297,olivia.miller@horizoncorp.com,viewer,professional,2025-02-26,2025-02-11,True
1939,725,wendy.baker@vanguardenterprises.com,viewer,starter,2024-03-24,2025-02-21,True
1940,483,tina.evans@elevategroup.com,admin,professional,2024-04-14,2024-08-07,False
1941,714,wendy.kim@zenithtechnologies.com,viewer,enterprise,2024-12-01,2025-02-07,True
1942,774,grace.lopez@catalysttechnologies.com,admin,free,2025-01-29,2025-02-14,True
1943,471,quinn.jones@elevateanalytics.com,editor,professional,2024-11-26,2025-02-21,True
1944,325,paul.quinn@optimaservices.com,editor,free,2024-08-03,2025-02-21,True
1945,774,grace.park@catalysttechnologies.com,viewer,free,2024-10-29,2025-02-16,True
1946,971,hank.baker@elevateholdings.com,viewer,starter,2023-03-02,2025-02-01,True
1947,655,steve.kim@zenithanalytics.com,editor,professional,2024-12-12,2025-02-11,True
1948,848,karen.hall@horizonnetworks.com,admin,starter,2025-02-09,2025-02-26,True
1949,461,grace.jones@globalnetworks.com,admin,professional,2023-11-21,2025-02-15,True
1950,905,olivia.owens@novadigital.com,admin,starter,2024-05-26,2025-01-27,False
1951,283,karen.hall@elevateinc.com,viewer,professional,2025-02-15,2025-02-20,True
1952,599,wendy.clark@nexussolutions.com,editor,enterprise,2023-06-07,2025-02-24,True
1953,886,hank.clark@atlasinc.com,editor,professional,2025-01-29,2025-01-30,True
1954,178,ivy.park@quantumgroup.com,viewer,starter,2024-09-16,2025-02-01,True
1955,284,quinn.baker@globaldynamics.com,viewer,starter,2024-11-06,2025-02-20,True
1956,29,karen.smith@zenithservices.com,editor,professional,2023-07-08,2025-02-07,True
1957,816,wendy.davis@nexuspartners.com,admin,starter,2023-09-17,2025-02-15,True
1958,922,ivy.lopez@acmecorp.com,viewer,professional,2023-08-16,2025-01-30,True
1959,778,vince.taylor@pacificanalytics.com,editor,free,2023-03-23,2025-02-14,True
1960,102,steve.smith@summitservices.com,viewer,professional,2021-12-17,2025-02-01,True
1961,388,olivia.adams@summitservices.com,editor,free,2025-02-05,2025-02-05,True
1962,721,ivy.owens@novacorp.com,admin,starter,2024-05-07,2025-02-28,False
1963,235,wendy.hall@apextechnologies.com,viewer,starter,2023-07-31,2025-02-10,True
1964,987,uma.nguyen@vertexcorp.com,viewer,professional,2024-12-05,2025-02-24,True
1965,881,vince.nguyen@synergyinc.com,admin,professional,2024-12-12,2025-02-28,False
1966,710,tina.rivera@pinnaclelabs.com,viewer,starter,2024-08-06,2024-12-16,False
1967,385,paul.foster@quantumdigital.com,admin,free,2022-10-10,2025-02-18,True
1968,227,frank.quinn@vanguardtechnologies.com,admin,professional,2024-11-03,2025-02-03,True
1969,646,bob.ingram@nexuslabs.com,viewer,professional,2023-10-07,2025-02-09,True
1970,24,alice.miller@synergysoftware.com,admin,starter,2024-11-22,2025-01-30,True
1971,357,tina.jones@summitdigital.com,admin,enterprise,2023-03-18,2025-02-10,True
1972,189,wendy.nguyen@synergynetworks.com,admin,professional,2024-12-08,2025-02-28,True
1973,75,frank.kim@optimasolutions.com,viewer,starter,2024-09-17,2025-02-19,True
1974,46,frank.nguyen@fusionpartners.com,editor,starter,2024-09-22,2025-02-08,True
1975,958,olivia.garcia@horizonpartners.com,admin,starter,2024-07-30,2025-02-25,True
1976,777,olivia.rivera@atlasplatforms.com,editor,starter,2024-11-07,2025-02-09,True
1977,115,karen.kim@pinnaclepartners.com,viewer,professional,2025-01-10,2025-01-29,True
1978,617,,editor,starter,2024-06-19,2025-02-06,True
1979,565,xander.ingram@horizonholdings.com,viewer,starter,2024-03-09,2025-02-13,True
1980,662,uma.miller@optimaservices.com,admin,professional,2021-10-05,2022-09-19,False
1981,20,xander.owens@optimadigital.com,editor,starter,2023-10-03,2025-02-16,True
1982,475,jack.evans@novaplatforms.com,viewer,starter,2024-10-27,2025-02-26,True
1983,382,steve.owens@elevateholdings.com,admin,enterprise,2020-03-18,2025-02-24,True
1984,124,vince.quinn@optimatechnologies.com,viewer,free,2023-01-13,2023-10-17,False
1985,114,grace.park@synergysolutions.com,viewer,professional,2024-11-13,2025-02-02,True
1986,711,ivy.ingram@vanguardnetworks.com,viewer,starter,2024-02-24,2024-12-14,False
1987,27,karen.kim@optimasolutions.com,editor,professional,2021-05-06,2022-03-26,False
1988,464,karen.ingram@summitenterprises.com,viewer,professional,2024-06-03,2024-08-16,False
1989,696,tina.evans@vanguardgroup.com,editor,enterprise,2024-08-28,2025-02-18,True
1990,236,xander.evans@velocityholdings.com,editor,professional,2022-08-02,2025-02-10,True
1991,945,ivy.owens@globalsystems.com,viewer,enterprise,2025-02-02,2025-02-15,True
1992,949,uma.smith@quantumholdings.com,viewer,starter,2022-03-10,2025-02-27,True
1993,639,steve.smith@vertexsystems.com,editor,enterprise,2024-05-09,2025-02-08,True
1994,759,bob.nguyen@atlasdynamics.com,viewer,starter,2024-06-10,2025-02-28,True
1995,154,uma.miller@nexusanalytics.com,viewer,professional,2023-12-31,2025-02-25,True
1996,7,eve.jones@elevatedynamics.com,viewer,professional,2024-09-11,2025-02-28,False
1997,735,steve.foster@novalabs.com,editor,free,2024-03-07,2025-02-08,True
1998,769,rosa.foster@summitlabs.com,editor,enterprise,2021-10-23,2025-02-16,True
1999,506,wendy.garcia@catalystholdings.com,editor,free,2023-03-18,2025-02-20,True
2000,195,wendy.garcia@zenithcorp.com,editor,professional,2023-04-24,2023-12-03,False
